5.237518996000289917e-02,1.127900648862123489e-02,4.322367720305919647e-03
5.237518996000289917e-02,1.127900648862123489e-02,4.322367720305919647e-03
5.232529342174530029e-02,1.126885414123535156e-02,4.465345293283462524e-03
5.232529342174530029e-02,1.126885414123535156e-02,4.465345293283462524e-03
5.227557942271232605e-02,1.125922799110412598e-02,4.608204122632741928e-03
5.227557942271232605e-02,1.125922799110412598e-02,4.608204122632741928e-03
5.222605913877487183e-02,1.125012338161468506e-02,4.750949796289205551e-03
5.222605913877487183e-02,1.125012338161468506e-02,4.750949796289205551e-03
5.217673629522323608e-02,1.124154217541217804e-02,4.893578123301267624e-03
5.217673629522323608e-02,1.124154217541217804e-02,4.893578123301267624e-03
5.212760344147682190e-02,1.123347971588373184e-02,5.036093760281801224e-03
5.212760344147682190e-02,1.123347971588373184e-02,5.036093760281801224e-03
5.207865312695503235e-02,1.122593879699707031e-02,5.178496241569519043e-03
5.207865312695503235e-02,1.122593879699707031e-02,5.178496241569519043e-03
5.202990770339965820e-02,1.121891383081674576e-02,5.320787895470857620e-03
5.202990770339965820e-02,1.121891383081674576e-02,5.320787895470857620e-03
5.198134109377861023e-02,1.121240481734275818e-02,5.462968721985816956e-03
5.198134109377861023e-02,1.121240481734275818e-02,5.462968721985816956e-03
5.193296819925308228e-02,1.120640896260738373e-02,5.605040583759546280e-03
5.193296819925308228e-02,1.120640896260738373e-02,5.605040583759546280e-03
5.188478901982307434e-02,1.120092812925577164e-02,5.747003015130758286e-03
5.188478901982307434e-02,1.120092812925577164e-02,5.747003015130758286e-03
5.183679610490798950e-02,1.119595672935247421e-02,5.888858810067176819e-03
5.183679610490798950e-02,1.119595672935247421e-02,5.888858810067176819e-03
5.178898572921752930e-02,1.119149476289749146e-02,6.030607968568801880e-03
5.178898572921752930e-02,1.119149476289749146e-02,6.030607968568801880e-03
5.174137651920318604e-02,1.118754222989082336e-02,6.172250956296920776e-03
5.174137651920318604e-02,1.118754222989082336e-02,6.172250956296920776e-03
5.169395357370376587e-02,1.118409447371959686e-02,6.313791498541831970e-03
5.169395357370376587e-02,1.118409447371959686e-02,6.313791498541831970e-03
5.164671689271926880e-02,1.118115335702896118e-02,6.455226801335811615e-03
5.164671689271926880e-02,1.118115335702896118e-02,6.455226801335811615e-03
5.159965902566909790e-02,1.117871701717376709e-02,6.596561055630445480e-03
5.159965902566909790e-02,1.117871701717376709e-02,6.596561055630445480e-03
5.155279859900474548e-02,1.117678172886371613e-02,6.737794261425733566e-03
5.155279859900474548e-02,1.117678172886371613e-02,6.737794261425733566e-03
5.150612816214561462e-02,1.117534656077623367e-02,6.878927350044250488e-03
5.150612816214561462e-02,1.117534656077623367e-02,6.878927350044250488e-03
5.145964398980140686e-02,1.117441151291131973e-02,7.019961252808570862e-03
5.145964398980140686e-02,1.117441151291131973e-02,7.019961252808570862e-03
5.141334235668182373e-02,1.117397379130125046e-02,7.160897832363843918e-03
5.141334235668182373e-02,1.117397379130125046e-02,7.160897832363843918e-03
5.136723071336746216e-02,1.117403246462345123e-02,7.301737088710069656e-03
5.136723071336746216e-02,1.117403246462345123e-02,7.301737088710069656e-03
5.132130905985832214e-02,1.117458567023277283e-02,7.442480884492397308e-03
5.132130905985832214e-02,1.117458567023277283e-02,7.442480884492397308e-03
5.127556994557380676e-02,1.117563061416149139e-02,7.583129219710826874e-03
5.127556994557380676e-02,1.117563061416149139e-02,7.583129219710826874e-03
5.123001709580421448e-02,1.117716822773218155e-02,7.723685353994369507e-03
5.123001709580421448e-02,1.117716822773218155e-02,7.723685353994369507e-03
5.118465051054954529e-02,1.117919664829969406e-02,7.864147424697875977e-03
5.118465051054954529e-02,1.117919664829969406e-02,7.864147424697875977e-03
5.113946646451950073e-02,1.118171215057373047e-02,8.004518225789070129e-03
5.113946646451950073e-02,1.118171215057373047e-02,8.004518225789070129e-03
5.109446495771408081e-02,1.118471566587686539e-02,8.144798688590526581e-03
5.109446495771408081e-02,1.118471566587686539e-02,8.144798688590526581e-03
5.104965716600418091e-02,1.118820346891880035e-02,8.284990675747394562e-03
5.104965716600418091e-02,1.118820346891880035e-02,8.284990675747394562e-03
5.100502818822860718e-02,1.119217649102210999e-02,8.425093255937099457e-03
5.100502818822860718e-02,1.119217649102210999e-02,8.425093255937099457e-03
5.096058920025825500e-02,1.119663100689649582e-02,8.565106429159641266e-03
5.096058920025825500e-02,1.119663100689649582e-02,8.565106429159641266e-03
5.091632902622222900e-02,1.120156701654195786e-02,8.705037645995616913e-03
5.091632902622222900e-02,1.120156701654195786e-02,8.705037645995616913e-03
5.087225139141082764e-02,1.120698265731334686e-02,8.844880387187004089e-03
5.087225139141082764e-02,1.120698265731334686e-02,8.844880387187004089e-03
5.082835629582405090e-02,1.121287606656551361e-02,8.984640240669250488e-03
5.082835629582405090e-02,1.121287606656551361e-02,8.984640240669250488e-03
5.078465119004249573e-02,1.121924538165330887e-02,9.124316275119781494e-03
5.078465119004249573e-02,1.121924538165330887e-02,9.124316275119781494e-03
5.074112862348556519e-02,1.122608873993158340e-02,9.263911284506320953e-03
5.074112862348556519e-02,1.122608873993158340e-02,9.263911284506320953e-03
5.069778487086296082e-02,1.123340707272291183e-02,9.403423406183719635e-03
5.069778487086296082e-02,1.123340707272291183e-02,9.403423406183719635e-03
5.065462365746498108e-02,1.124119665473699570e-02,9.542857296764850616e-03
5.065462365746498108e-02,1.124119665473699570e-02,9.542857296764850616e-03
5.061164870858192444e-02,1.124945655465126038e-02,9.682211093604564667e-03
5.061164870858192444e-02,1.124945655465126038e-02,9.682211093604564667e-03
5.056884884834289551e-02,1.125818490982055664e-02,9.821488521993160248e-03
5.056884884834289551e-02,1.125818490982055664e-02,9.821488521993160248e-03
5.052623525261878967e-02,1.126738172024488449e-02,9.960687719285488129e-03
5.052623525261878967e-02,1.126738172024488449e-02,9.960687719285488129e-03
5.048380419611930847e-02,1.127704326063394547e-02,1.009981241077184677e-02
5.048380419611930847e-02,1.127704326063394547e-02,1.009981241077184677e-02
5.044154822826385498e-02,1.128716953098773956e-02,1.023886259645223618e-02
5.044154822826385498e-02,1.128716953098773956e-02,1.023886259645223618e-02
5.039947479963302612e-02,1.129775866866111755e-02,1.037783734500408173e-02
5.039947479963302612e-02,1.129775866866111755e-02,1.037783734500408173e-02
5.035758391022682190e-02,1.130880694836378098e-02,1.051674131304025650e-02
5.035758391022682190e-02,1.130880694836378098e-02,1.051674131304025650e-02
5.031587556004524231e-02,1.132031809538602829e-02,1.065557263791561127e-02
5.031587556004524231e-02,1.132031809538602829e-02,1.065557263791561127e-02
5.027434229850769043e-02,1.133228652179241180e-02,1.079433318227529526e-02
5.027434229850769043e-02,1.133228652179241180e-02,1.079433318227529526e-02
5.023299157619476318e-02,1.134471036493778229e-02,1.093302387744188309e-02
5.023299157619476318e-02,1.134471036493778229e-02,1.093302387744188309e-02
5.019181966781616211e-02,1.135758962482213974e-02,1.107164844870567322e-02
5.019181966781616211e-02,1.135758962482213974e-02,1.107164844870567322e-02
5.015082657337188721e-02,1.137092337012290955e-02,1.121020503342151642e-02
5.015082657337188721e-02,1.137092337012290955e-02,1.121020503342151642e-02
5.011001601815223694e-02,1.138470973819494247e-02,1.134869456291198730e-02
5.011001601815223694e-02,1.138470973819494247e-02,1.134869456291198730e-02
5.006937310099601746e-02,1.139894314110279083e-02,1.148711889982223511e-02
5.006937310099601746e-02,1.139894314110279083e-02,1.148711889982223511e-02
5.002892017364501953e-02,1.141363009810447693e-02,1.162547990679740906e-02
5.002892017364501953e-02,1.141363009810447693e-02,1.162547990679740906e-02
4.998864606022834778e-02,1.142876315861940384e-02,1.176377665251493454e-02
4.998864606022834778e-02,1.142876315861940384e-02,1.176377665251493454e-02
4.994853585958480835e-02,1.144434139132499695e-02,1.190201193094253540e-02
4.994853585958480835e-02,1.144434139132499695e-02,1.190201193094253540e-02
4.990860819816589355e-02,1.146036386489868164e-02,1.204018760472536087e-02
4.990860819816589355e-02,1.146036386489868164e-02,1.204018760472536087e-02
4.986885935068130493e-02,1.147682964801788330e-02,1.217830087989568710e-02
4.986885935068130493e-02,1.147682964801788330e-02,1.217830087989568710e-02
4.982929304242134094e-02,1.149373780936002731e-02,1.231635734438896179e-02
4.982929304242134094e-02,1.149373780936002731e-02,1.231635734438896179e-02
4.978990182280540466e-02,1.151108555495738983e-02,1.245435606688261032e-02
4.978990182280540466e-02,1.151108555495738983e-02,1.245435606688261032e-02
4.975067824125289917e-02,1.152887102216482162e-02,1.259229704737663269e-02
4.975067824125289917e-02,1.152887102216482162e-02,1.259229704737663269e-02
4.971164092421531677e-02,1.154709514230489731e-02,1.273018214851617813e-02
4.971164092421531677e-02,1.154709514230489731e-02,1.273018214851617813e-02
4.967277497053146362e-02,1.156575325876474380e-02,1.286801323294639587e-02
4.967277497053146362e-02,1.156575325876474380e-02,1.286801323294639587e-02
4.963408783078193665e-02,1.158484630286693573e-02,1.300578936934471130e-02
4.963408783078193665e-02,1.158484630286693573e-02,1.300578936934471130e-02
4.959557205438613892e-02,1.160437054932117462e-02,1.314351428300142288e-02
4.959557205438613892e-02,1.160437054932117462e-02,1.314351428300142288e-02
4.955722764134407043e-02,1.162432599812746048e-02,1.328118890523910522e-02
4.955722764134407043e-02,1.162432599812746048e-02,1.328118890523910522e-02
4.951906576752662659e-02,1.164471078664064407e-02,1.341881230473518372e-02
4.951906576752662659e-02,1.164471078664064407e-02,1.341881230473518372e-02
4.948107153177261353e-02,1.166552491486072540e-02,1.355638448148965836e-02
4.948107153177261353e-02,1.166552491486072540e-02,1.355638448148965836e-02
4.944325238466262817e-02,1.168676372617483139e-02,1.369390916079282761e-02
4.944325238466262817e-02,1.168676372617483139e-02,1.369390916079282761e-02
4.940560832619667053e-02,1.170842722058296204e-02,1.383138727396726608e-02
4.940560832619667053e-02,1.170842722058296204e-02,1.383138727396726608e-02
4.936813935637474060e-02,1.173051539808511734e-02,1.396881975233554840e-02
4.936813935637474060e-02,1.173051539808511734e-02,1.396881975233554840e-02
4.933084174990653992e-02,1.175302360206842422e-02,1.410620659589767456e-02
4.933084174990653992e-02,1.175302360206842422e-02,1.410620659589767456e-02
4.929372295737266541e-02,1.177595276385545731e-02,1.424354873597621918e-02
4.929372295737266541e-02,1.177595276385545731e-02,1.424354873597621918e-02
4.925676807761192322e-02,1.179930195212364197e-02,1.438084989786148071e-02
4.925676807761192322e-02,1.179930195212364197e-02,1.438084989786148071e-02
4.921999201178550720e-02,1.182306744158267975e-02,1.451810635626316071e-02
4.921999201178550720e-02,1.182306744158267975e-02,1.451810635626316071e-02
4.918338730931282043e-02,1.184724736958742142e-02,1.465532276779413223e-02
4.918338730931282043e-02,1.184724736958742142e-02,1.465532276779413223e-02
4.914695024490356445e-02,1.187184266746044159e-02,1.479250006377696991e-02
4.914695024490356445e-02,1.187184266746044159e-02,1.479250006377696991e-02
4.911068826913833618e-02,1.189685147255659103e-02,1.492963824421167374e-02
4.911068826913833618e-02,1.189685147255659103e-02,1.492963824421167374e-02
4.907459393143653870e-02,1.192226912826299667e-02,1.506673824042081833e-02
4.907459393143653870e-02,1.192226912826299667e-02,1.506673824042081833e-02
4.903867468237876892e-02,1.194809935986995697e-02,1.520380191504955292e-02
4.903867468237876892e-02,1.194809935986995697e-02,1.520380191504955292e-02
4.900293052196502686e-02,1.197433657944202423e-02,1.534083019942045212e-02
4.900293052196502686e-02,1.197433657944202423e-02,1.534083019942045212e-02
4.896734654903411865e-02,1.200097985565662384e-02,1.547782216221094131e-02
4.896734654903411865e-02,1.200097985565662384e-02,1.547782216221094131e-02
4.893193393945693970e-02,1.202802732586860657e-02,1.561478432267904282e-02
4.893193393945693970e-02,1.202802732586860657e-02,1.561478432267904282e-02
4.889670014381408691e-02,1.205548085272312164e-02,1.575171016156673431e-02
4.889670014381408691e-02,1.205548085272312164e-02,1.575171016156673431e-02
4.886163026094436646e-02,1.208333391696214676e-02,1.588860712945461273e-02
4.886163026094436646e-02,1.208333391696214676e-02,1.588860712945461273e-02
4.882673174142837524e-02,1.211158838123083115e-02,1.602547243237495422e-02
4.882673174142837524e-02,1.211158838123083115e-02,1.602547243237495422e-02
4.879199713468551636e-02,1.214024238288402557e-02,1.616230793297290802e-02
4.879199713468551636e-02,1.214024238288402557e-02,1.616230793297290802e-02
4.875743761658668518e-02,1.216929405927658081e-02,1.629911549389362335e-02
4.875743761658668518e-02,1.216929405927658081e-02,1.629911549389362335e-02
4.872304201126098633e-02,1.219874154776334763e-02,1.643589511513710022e-02
4.872304201126098633e-02,1.219874154776334763e-02,1.643589511513710022e-02
4.868881776928901672e-02,1.222858298569917679e-02,1.657265238463878632e-02
4.868881776928901672e-02,1.222858298569917679e-02,1.657265238463878632e-02
4.865476116538047791e-02,1.225881651043891907e-02,1.670938357710838318e-02
4.865476116538047791e-02,1.225881651043891907e-02,1.670938357710838318e-02
4.862086847424507141e-02,1.228944305330514908e-02,1.684608682990074158e-02
4.862086847424507141e-02,1.228944305330514908e-02,1.684608682990074158e-02
4.858714714646339417e-02,1.232046075165271759e-02,1.698277145624160767e-02
4.858714714646339417e-02,1.232046075165271759e-02,1.698277145624160767e-02
4.855359345674514771e-02,1.235186308622360229e-02,1.711943186819553375e-02
4.855359345674514771e-02,1.235186308622360229e-02,1.711943186819553375e-02
4.852020740509033203e-02,1.238365471363067627e-02,1.725607179105281830e-02
4.852020740509033203e-02,1.238365471363067627e-02,1.725607179105281830e-02
4.848698526620864868e-02,1.241583190858364105e-02,1.739269122481346130e-02
4.848698526620864868e-02,1.241583190858364105e-02,1.739269122481346130e-02
4.845392704010009766e-02,1.244839187711477280e-02,1.752929203212261200e-02
4.845392704010009766e-02,1.244839187711477280e-02,1.752929203212261200e-02
4.842104017734527588e-02,1.248133555054664612e-02,1.766587607562541962e-02
4.842104017734527588e-02,1.248133555054664612e-02,1.766587607562541962e-02
4.838832095265388489e-02,1.251466013491153717e-02,1.780244521796703339e-02
4.838832095265388489e-02,1.251466013491153717e-02,1.780244521796703339e-02
4.835575819015502930e-02,1.254836283624172211e-02,1.793899573385715485e-02
4.835575819015502930e-02,1.254836283624172211e-02,1.793899573385715485e-02
4.832335934042930603e-02,1.258244272321462631e-02,1.807553321123123169e-02
4.832335934042930603e-02,1.258244272321462631e-02,1.807553321123123169e-02
4.829113557934761047e-02,1.261689979583024979e-02,1.821205392479896545e-02
4.829113557934761047e-02,1.261689979583024979e-02,1.821205392479896545e-02
4.825907573103904724e-02,1.265173126012086868e-02,1.834856718778610229e-02
4.825907573103904724e-02,1.265173126012086868e-02,1.834856718778610229e-02
4.822717234492301941e-02,1.268693618476390839e-02,1.848506554961204529e-02
4.822717234492301941e-02,1.268693618476390839e-02,1.848506554961204529e-02
4.819544032216072083e-02,1.272251456975936890e-02,1.862155459821224213e-02
4.819544032216072083e-02,1.272251456975936890e-02,1.862155459821224213e-02
4.816386848688125610e-02,1.275846082717180252e-02,1.875803619623184204e-02
4.816386848688125610e-02,1.275846082717180252e-02,1.875803619623184204e-02
4.813246428966522217e-02,1.279477588832378387e-02,1.889450848102569580e-02
4.813246428966522217e-02,1.279477588832378387e-02,1.889450848102569580e-02
4.810121655464172363e-02,1.283145882189273834e-02,1.903097145259380341e-02
4.810121655464172363e-02,1.283145882189273834e-02,1.903097145259380341e-02
4.807013273239135742e-02,1.286850776523351669e-02,1.916742883622646332e-02
4.807013273239135742e-02,1.286850776523351669e-02,1.916742883622646332e-02
4.803921654820442200e-02,1.290592085570096970e-02,1.930388435721397400e-02
4.803921654820442200e-02,1.290592085570096970e-02,1.930388435721397400e-02
4.800846055150032043e-02,1.294369623064994812e-02,1.944033615291118622e-02
4.800846055150032043e-02,1.294369623064994812e-02,1.944033615291118622e-02
4.797786846756935120e-02,1.298183202743530273e-02,1.957678049802780151e-02
4.797786846756935120e-02,1.298183202743530273e-02,1.957678049802780151e-02
4.794743657112121582e-02,1.302032731473445892e-02,1.971322484314441681e-02
4.794743657112121582e-02,1.302032731473445892e-02,1.971322484314441681e-02
4.791716858744621277e-02,1.305918302386999130e-02,1.984967105090618134e-02
4.791716858744621277e-02,1.305918302386999130e-02,1.984967105090618134e-02
4.788705706596374512e-02,1.309839263558387756e-02,1.998611353337764740e-02
4.788705706596374512e-02,1.309839263558387756e-02,1.998611353337764740e-02
4.785711318254470825e-02,1.313795801252126694e-02,2.012255974113941193e-02
4.785711318254470825e-02,1.313795801252126694e-02,2.012255974113941193e-02
4.782731831073760986e-02,1.317787729203701019e-02,2.025900594890117645e-02
4.782731831073760986e-02,1.317787729203701019e-02,2.025900594890117645e-02
4.779770225286483765e-02,1.321814768016338348e-02,2.039545960724353790e-02
4.779770225286483765e-02,1.321814768016338348e-02,2.039545960724353790e-02
4.776822775602340698e-02,1.325877103954553604e-02,2.053191699087619781e-02
4.776822775602340698e-02,1.325877103954553604e-02,2.053191699087619781e-02
4.773892462253570557e-02,1.329974085092544556e-02,2.066837623715400696e-02
4.773892462253570557e-02,1.329974085092544556e-02,2.066837623715400696e-02
4.770977795124053955e-02,1.334105804562568665e-02,2.080484665930271149e-02
4.770977795124053955e-02,1.334105804562568665e-02,2.080484665930271149e-02
4.768079146742820740e-02,1.338272355496883392e-02,2.094132080674171448e-02
4.768079146742820740e-02,1.338272355496883392e-02,2.094132080674171448e-02
4.765196144580841064e-02,1.342473085969686508e-02,2.107780426740646362e-02
4.765196144580841064e-02,1.342473085969686508e-02,2.107780426740646362e-02
4.762329161167144775e-02,1.346708275377750397e-02,2.121429890394210815e-02
4.762329161167144775e-02,1.346708275377750397e-02,2.121429890394210815e-02
4.759478196501731873e-02,1.350977551192045212e-02,2.135080471634864807e-02
4.759478196501731873e-02,1.350977551192045212e-02,2.135080471634864807e-02
4.756642878055572510e-02,1.355280820280313492e-02,2.148732356727123260e-02
4.756642878055572510e-02,1.355280820280313492e-02,2.148732356727123260e-02
4.753823578357696533e-02,1.359617896378040314e-02,2.162385173141956329e-02
4.753823578357696533e-02,1.359617896378040314e-02,2.162385173141956329e-02
4.751020297408103943e-02,1.363988593220710754e-02,2.176039479672908783e-02
4.751020297408103943e-02,1.363988593220710754e-02,2.176039479672908783e-02
4.748232290148735046e-02,1.368393003940582275e-02,2.189695462584495544e-02
4.748232290148735046e-02,1.368393003940582275e-02,2.189695462584495544e-02
4.745459556579589844e-02,1.372830662876367569e-02,2.203352935612201691e-02
4.745459556579589844e-02,1.372830662876367569e-02,2.203352935612201691e-02
4.742703214287757874e-02,1.377301570028066635e-02,2.217012085020542145e-02
4.742703214287757874e-02,1.377301570028066635e-02,2.217012085020542145e-02
4.739962145686149597e-02,1.381805539131164551e-02,2.230673097074031830e-02
4.739962145686149597e-02,1.381805539131164551e-02,2.230673097074031830e-02
4.737237468361854553e-02,1.386342477053403854e-02,2.244336158037185669e-02
4.737237468361854553e-02,1.386342477053403854e-02,2.244336158037185669e-02
4.734527319669723511e-02,1.390912197530269623e-02,2.258000709116458893e-02
4.734527319669723511e-02,1.390912197530269623e-02,2.258000709116458893e-02
4.731833934783935547e-02,1.395514514297246933e-02,2.271668054163455963e-02
4.731833934783935547e-02,1.395514514297246933e-02,2.271668054163455963e-02
4.729155078530311584e-02,1.400149334222078323e-02,2.285337448120117188e-02
4.729155078530311584e-02,1.400149334222078323e-02,2.285337448120117188e-02
4.726492241024971008e-02,1.404816377907991409e-02,2.299009263515472412e-02
4.726492241024971008e-02,1.404816377907991409e-02,2.299009263515472412e-02
4.723845049738883972e-02,1.409515552222728729e-02,2.312683314085006714e-02
4.723845049738883972e-02,1.409515552222728729e-02,2.312683314085006714e-02
4.721212387084960938e-02,1.414246857166290283e-02,2.326359972357749939e-02
4.721212387084960938e-02,1.414246857166290283e-02,2.326359972357749939e-02
4.718595743179321289e-02,1.419010013341903687e-02,2.340039424598217010e-02
4.718595743179321289e-02,1.419010013341903687e-02,2.340039424598217010e-02
4.715994745492935181e-02,1.423804741352796555e-02,2.353721484541893005e-02
4.715994745492935181e-02,1.423804741352796555e-02,2.353721484541893005e-02
4.713409394025802612e-02,1.428631134331226349e-02,2.367406338453292847e-02
4.713409394025802612e-02,1.428631134331226349e-02,2.367406338453292847e-02
4.710838571190834045e-02,1.433489099144935608e-02,2.381094545125961304e-02
4.710838571190834045e-02,1.433489099144935608e-02,2.381094545125961304e-02
4.708283394575119019e-02,1.438378077000379562e-02,2.394785545766353607e-02
4.708283394575119019e-02,1.438378077000379562e-02,2.394785545766353607e-02
4.705743864178657532e-02,1.443298254162073135e-02,2.408479526638984680e-02
4.705743864178657532e-02,1.443298254162073135e-02,2.408479526638984680e-02
4.703219607472419739e-02,1.448249537497758865e-02,2.422177419066429138e-02
4.703219607472419739e-02,1.448249537497758865e-02,2.422177419066429138e-02
4.700710251927375793e-02,1.453231461346149445e-02,2.435878291726112366e-02
4.700710251927375793e-02,1.453231461346149445e-02,2.435878291726112366e-02
4.698216542601585388e-02,1.458244118839502335e-02,2.449583075940608978e-02
4.698216542601585388e-02,1.458244118839502335e-02,2.449583075940608978e-02
4.695737734436988831e-02,1.463287137448787689e-02,2.463290840387344360e-02
4.695737734436988831e-02,1.463287137448787689e-02,2.463290840387344360e-02
4.693273827433586121e-02,1.468360610306262970e-02,2.477002888917922974e-02
4.693273827433586121e-02,1.468360610306262970e-02,2.477002888917922974e-02
4.690825194120407104e-02,1.473464071750640869e-02,2.490718476474285126e-02
4.690825194120407104e-02,1.473464071750640869e-02,2.490718476474285126e-02
4.688392207026481628e-02,1.478597801178693771e-02,2.504438161849975586e-02
4.688392207026481628e-02,1.478597801178693771e-02,2.504438161849975586e-02
4.685973748564720154e-02,1.483761332929134369e-02,2.518161386251449585e-02
4.685973748564720154e-02,1.483761332929134369e-02,2.518161386251449585e-02
4.683570563793182373e-02,1.488954667001962662e-02,2.531889453530311584e-02
4.683570563793182373e-02,1.488954667001962662e-02,2.531889453530311584e-02
4.681182280182838440e-02,1.494177617132663727e-02,2.545621432363986969e-02
4.681182280182838440e-02,1.494177617132663727e-02,2.545621432363986969e-02
4.678809270262718201e-02,1.499429903924465179e-02,2.559357695281505585e-02
4.678809270262718201e-02,1.499429903924465179e-02,2.559357695281505585e-02
4.676450416445732117e-02,1.504711527377367020e-02,2.573098242282867432e-02
4.676450416445732117e-02,1.504711527377367020e-02,2.573098242282867432e-02
4.674107208847999573e-02,1.510022301226854324e-02,2.586843818426132202e-02
4.674107208847999573e-02,1.510022301226854324e-02,2.586843818426132202e-02
4.671778902411460876e-02,1.515361946076154709e-02,2.600593678653240204e-02
4.671778902411460876e-02,1.515361946076154709e-02,2.600593678653240204e-02
4.669465497136116028e-02,1.520730461925268173e-02,2.614348568022251129e-02
4.669465497136116028e-02,1.520730461925268173e-02,2.614348568022251129e-02
4.667166247963905334e-02,1.526127941906452179e-02,2.628108486533164978e-02
4.667166247963905334e-02,1.526127941906452179e-02,2.628108486533164978e-02
4.664882645010948181e-02,1.531553454697132111e-02,2.641872875392436981e-02
4.664882645010948181e-02,1.531553454697132111e-02,2.641872875392436981e-02
4.662613570690155029e-02,1.537007652223110199e-02,2.655642852187156677e-02
4.662613570690155029e-02,1.537007652223110199e-02,2.655642852187156677e-02
4.660359770059585571e-02,1.542490068823099136e-02,2.669417858123779297e-02
4.660359770059585571e-02,1.542490068823099136e-02,2.669417858123779297e-02
4.658119380474090576e-02,1.548000331968069077e-02,2.683198265731334686e-02
4.658119380474090576e-02,1.548000331968069077e-02,2.683198265731334686e-02
4.655894637107849121e-02,1.553538814187049866e-02,2.696983516216278076e-02
4.655894637107849121e-02,1.553538814187049866e-02,2.696983516216278076e-02
4.653684794902801514e-02,1.559104956686496735e-02,2.710774913430213928e-02
4.653684794902801514e-02,1.559104956686496735e-02,2.710774913430213928e-02
4.651489481329917908e-02,1.564698666334152222e-02,2.724571898579597473e-02
4.651489481329917908e-02,1.564698666334152222e-02,2.724571898579597473e-02
4.649308696389198303e-02,1.570319943130016327e-02,2.738374099135398865e-02
4.649308696389198303e-02,1.570319943130016327e-02,2.738374099135398865e-02
4.647142440080642700e-02,1.575968414545059204e-02,2.752182446420192719e-02
4.647142440080642700e-02,1.575968414545059204e-02,2.752182446420192719e-02
4.644991084933280945e-02,1.581644080579280853e-02,2.765996940433979034e-02
4.644991084933280945e-02,1.581644080579280853e-02,2.765996940433979034e-02
4.642853885889053345e-02,1.587346568703651428e-02,2.779817394912242889e-02
4.642853885889053345e-02,1.587346568703651428e-02,2.779817394912242889e-02
4.640730842947959900e-02,1.593076251447200775e-02,2.793643809854984283e-02
4.640730842947959900e-02,1.593076251447200775e-02,2.793643809854984283e-02
4.638623073697090149e-02,1.598832570016384125e-02,2.807476371526718140e-02
4.638623073697090149e-02,1.598832570016384125e-02,2.807476371526718140e-02
4.636529460549354553e-02,1.604615338146686554e-02,2.821315638720989227e-02
4.636529460549354553e-02,1.604615338146686554e-02,2.821315638720989227e-02
4.634450003504753113e-02,1.610424369573593140e-02,2.835160680115222931e-02
4.634450003504753113e-02,1.610424369573593140e-02,2.835160680115222931e-02
4.632385447621345520e-02,1.616259850561618805e-02,2.849012985825538635e-02
4.632385447621345520e-02,1.616259850561618805e-02,2.849012985825538635e-02
4.630335420370101929e-02,1.622121594846248627e-02,2.862871810793876648e-02
4.630335420370101929e-02,1.622121594846248627e-02,2.862871810793876648e-02
4.628299176692962646e-02,1.628009229898452759e-02,2.876737527549266815e-02
4.628299176692962646e-02,1.628009229898452759e-02,2.876737527549266815e-02
4.626277834177017212e-02,1.633922196924686432e-02,2.890609949827194214e-02
4.626277834177017212e-02,1.633922196924686432e-02,2.890609949827194214e-02
4.624270275235176086e-02,1.639861054718494415e-02,2.904489450156688690e-02
4.624270275235176086e-02,1.639861054718494415e-02,2.904489450156688690e-02
4.622276872396469116e-02,1.645825430750846863e-02,2.918376028537750244e-02
4.622276872396469116e-02,1.645825430750846863e-02,2.918376028537750244e-02
4.620298370718955994e-02,1.651815511286258698e-02,2.932269871234893799e-02
4.620298370718955994e-02,1.651815511286258698e-02,2.932269871234893799e-02
4.618334025144577026e-02,1.657830551266670227e-02,2.946170605719089508e-02
4.618334025144577026e-02,1.657830551266670227e-02,2.946170605719089508e-02
4.616383835673332214e-02,1.663870364427566528e-02,2.960079349577426910e-02
4.616383835673332214e-02,1.663870364427566528e-02,2.960079349577426910e-02
4.614447057247161865e-02,1.669935137033462524e-02,2.973995357751846313e-02
4.614447057247161865e-02,1.669935137033462524e-02,2.973995357751846313e-02
4.612525552511215210e-02,1.676024869084358215e-02,2.987918816506862640e-02
4.612525552511215210e-02,1.676024869084358215e-02,2.987918816506862640e-02
4.610617086291313171e-02,1.682139001786708832e-02,3.001850098371505737e-02
4.610617086291313171e-02,1.682139001786708832e-02,3.001850098371505737e-02
4.608723893761634827e-02,1.688277721405029297e-02,3.015789389610290527e-02
4.608723893761634827e-02,1.688277721405029297e-02,3.015789389610290527e-02
4.606843739748001099e-02,1.694440655410289764e-02,3.029736690223217010e-02
4.606843739748001099e-02,1.694440655410289764e-02,3.029736690223217010e-02
4.604977741837501526e-02,1.700627617537975311e-02,3.043691627681255341e-02
4.604977741837501526e-02,1.700627617537975311e-02,3.043691627681255341e-02
4.603126272559165955e-02,1.706838607788085938e-02,3.057655133306980133e-02
4.603126272559165955e-02,1.706838607788085938e-02,3.057655133306980133e-02
4.601288214325904846e-02,1.713073439896106720e-02,3.071626462042331696e-02
4.601288214325904846e-02,1.713073439896106720e-02,3.071626462042331696e-02
4.599464312195777893e-02,1.719332113862037659e-02,3.085606545209884644e-02
4.599464312195777893e-02,1.719332113862037659e-02,3.085606545209884644e-02
4.597654193639755249e-02,1.725614070892333984e-02,3.099594824016094208e-02
4.597654193639755249e-02,1.725614070892333984e-02,3.099594824016094208e-02
4.595858231186866760e-02,1.731919497251510620e-02,3.113591857254505157e-02
4.595858231186866760e-02,1.731919497251510620e-02,3.113591857254505157e-02
4.594075679779052734e-02,1.738248020410537720e-02,3.127597644925117493e-02
4.594075679779052734e-02,1.738248020410537720e-02,3.127597644925117493e-02
4.592307657003402710e-02,1.744599826633930206e-02,3.141612187027931213e-02
4.592307657003402710e-02,1.744599826633930206e-02,3.141612187027931213e-02
4.590553045272827148e-02,1.750974170863628387e-02,3.155635297298431396e-02
4.590553045272827148e-02,1.750974170863628387e-02,3.155635297298431396e-02
4.588812217116355896e-02,1.757371798157691956e-02,3.169667720794677734e-02
4.588812217116355896e-02,1.757371798157691956e-02,3.169667720794677734e-02
4.587084800004959106e-02,1.763791777193546295e-02,3.183709084987640381e-02
4.587084800004959106e-02,1.763791777193546295e-02,3.183709084987640381e-02
4.585371911525726318e-02,1.770233921706676483e-02,3.197760134935379028e-02
4.585371911525726318e-02,1.770233921706676483e-02,3.197760134935379028e-02
4.583672061562538147e-02,1.776698790490627289e-02,3.211819753050804138e-02
4.583672061562538147e-02,1.776698790490627289e-02,3.211819753050804138e-02
4.581985995173454285e-02,1.783185824751853943e-02,3.225889056921005249e-02
4.581985995173454285e-02,1.783185824751853943e-02,3.225889056921005249e-02
4.580313712358474731e-02,1.789694465696811676e-02,3.239968046545982361e-02
4.580313712358474731e-02,1.789694465696811676e-02,3.239968046545982361e-02
4.578654840588569641e-02,1.796225272119045258e-02,3.254056721925735474e-02
4.578654840588569641e-02,1.796225272119045258e-02,3.254056721925735474e-02
4.577010124921798706e-02,1.802777685225009918e-02,3.268155083060264587e-02
4.577010124921798706e-02,1.802777685225009918e-02,3.268155083060264587e-02
4.575378447771072388e-02,1.809351705014705658e-02,3.282263129949569702e-02
4.575378447771072388e-02,1.809351705014705658e-02,3.282263129949569702e-02
4.573760181665420532e-02,1.815947145223617554e-02,3.296381235122680664e-02
4.573760181665420532e-02,1.815947145223617554e-02,3.296381235122680664e-02
4.572156071662902832e-02,1.822563633322715759e-02,3.310508653521537781e-02
4.572156071662902832e-02,1.822563633322715759e-02,3.310508653521537781e-02
4.570564627647399902e-02,1.829201541841030121e-02,3.324647247791290283e-02
4.570564627647399902e-02,1.829201541841030121e-02,3.324647247791290283e-02
4.568986967206001282e-02,1.835860311985015869e-02,3.338796272873878479e-02
4.568986967206001282e-02,1.835860311985015869e-02,3.338796272873878479e-02
4.567422717809677124e-02,1.842539757490158081e-02,3.352954983711242676e-02
4.567422717809677124e-02,1.842539757490158081e-02,3.352954983711242676e-02
4.565871879458427429e-02,1.849239692091941833e-02,3.367124125361442566e-02
4.565871879458427429e-02,1.849239692091941833e-02,3.367124125361442566e-02
4.564334452152252197e-02,1.855960488319396973e-02,3.381304442882537842e-02
4.564334452152252197e-02,1.855960488319396973e-02,3.381304442882537842e-02
4.562810435891151428e-02,1.862701214849948883e-02,3.395494818687438965e-02
4.562810435891151428e-02,1.862701214849948883e-02,3.395494818687438965e-02
4.561299830675125122e-02,1.869462430477142334e-02,3.409695997834205627e-02
4.561299830675125122e-02,1.869462430477142334e-02,3.409695997834205627e-02
4.559801891446113586e-02,1.876243576407432556e-02,3.423908352851867676e-02
4.559801891446113586e-02,1.876243576407432556e-02,3.423908352851867676e-02
4.558318108320236206e-02,1.883044652640819550e-02,3.438131883740425110e-02
4.558318108320236206e-02,1.883044652640819550e-02,3.438131883740425110e-02
4.556846618652343750e-02,1.889865286648273468e-02,3.452366590499877930e-02
4.556846618652343750e-02,1.889865286648273468e-02,3.452366590499877930e-02
4.555388912558555603e-02,1.896705664694309235e-02,3.466611728072166443e-02
4.555388912558555603e-02,1.896705664694309235e-02,3.466611728072166443e-02
4.553943872451782227e-02,1.903565414249897003e-02,3.480868786573410034e-02
4.553943872451782227e-02,1.903565414249897003e-02,3.480868786573410034e-02
4.552512615919113159e-02,1.910444349050521851e-02,3.495137393474578857e-02
4.552512615919113159e-02,1.910444349050521851e-02,3.495137393474578857e-02
4.551094397902488708e-02,1.917342655360698700e-02,3.509417176246643066e-02
4.551094397902488708e-02,1.917342655360698700e-02,3.509417176246643066e-02
4.549688473343849182e-02,1.924259774386882782e-02,3.523708507418632507e-02
4.549688473343849182e-02,1.924259774386882782e-02,3.523708507418632507e-02
4.548296332359313965e-02,1.931195706129074097e-02,3.538012132048606873e-02
4.548296332359313965e-02,1.931195706129074097e-02,3.538012132048606873e-02
4.546917229890823364e-02,1.938150264322757721e-02,3.552326932549476624e-02
4.546917229890823364e-02,1.938150264322757721e-02,3.552326932549476624e-02
4.545550420880317688e-02,1.945123262703418732e-02,3.566654026508331299e-02
4.545550420880317688e-02,1.945123262703418732e-02,3.566654026508331299e-02
4.544197395443916321e-02,1.952114887535572052e-02,3.580993413925170898e-02
4.544197395443916321e-02,1.952114887535572052e-02,3.580993413925170898e-02
4.542857035994529724e-02,1.959124766290187836e-02,3.595344722270965576e-02
4.542857035994529724e-02,1.959124766290187836e-02,3.595344722270965576e-02
4.541529342532157898e-02,1.966152526438236237e-02,3.609708324074745178e-02
4.541529342532157898e-02,1.966152526438236237e-02,3.609708324074745178e-02
4.540215432643890381e-02,1.973197981715202332e-02,3.624084591865539551e-02
4.540215432643890381e-02,1.973197981715202332e-02,3.624084591865539551e-02
4.538913443684577942e-02,1.980261504650115967e-02,3.638472408056259155e-02
4.538913443684577942e-02,1.980261504650115967e-02,3.638472408056259155e-02
4.537624493241310120e-02,1.987342350184917450e-02,3.652873635292053223e-02
4.537624493241310120e-02,1.987342350184917450e-02,3.652873635292053223e-02
4.536348581314086914e-02,1.994440890848636627e-02,3.667287155985832214e-02
4.536348581314086914e-02,1.994440890848636627e-02,3.667287155985832214e-02
4.535084962844848633e-02,2.001556754112243652e-02,3.681713715195655823e-02
4.535084962844848633e-02,2.001556754112243652e-02,3.681713715195655823e-02
4.533834755420684814e-02,2.008689753711223602e-02,3.696152940392494202e-02
4.533834755420684814e-02,2.008689753711223602e-02,3.696152940392494202e-02
4.532596468925476074e-02,2.015839517116546631e-02,3.710605576634407043e-02
4.532596468925476074e-02,2.015839517116546631e-02,3.710605576634407043e-02
4.531371966004371643e-02,2.023006416857242584e-02,3.725070878863334656e-02
4.531371966004371643e-02,2.023006416857242584e-02,3.725070878863334656e-02
4.530159384012222290e-02,2.030189707875251770e-02,3.739549592137336731e-02
4.530159384012222290e-02,2.030189707875251770e-02,3.739549592137336731e-02
4.528959840536117554e-02,2.037389762699604034e-02,3.754041716456413269e-02
4.528959840536117554e-02,2.037389762699604034e-02,3.754041716456413269e-02
4.527771845459938049e-02,2.044606208801269531e-02,3.768547624349594116e-02
4.527771845459938049e-02,2.044606208801269531e-02,3.768547624349594116e-02
4.526598006486892700e-02,2.051839046180248260e-02,3.783066198229789734e-02
4.526598006486892700e-02,2.051839046180248260e-02,3.783066198229789734e-02
4.525435715913772583e-02,2.059087902307510376e-02,3.797598555684089661e-02
4.525435715913772583e-02,2.059087902307510376e-02,3.797598555684089661e-02
4.524286091327667236e-02,2.066352404654026031e-02,3.812145814299583435e-02
4.524286091327667236e-02,2.066352404654026031e-02,3.812145814299583435e-02
4.523149132728576660e-02,2.073632925748825073e-02,3.826705738902091980e-02
4.523149132728576660e-02,2.073632925748825073e-02,3.826705738902091980e-02
4.522024467587471008e-02,2.080929093062877655e-02,3.841280192136764526e-02
4.522024467587471008e-02,2.080929093062877655e-02,3.841280192136764526e-02
4.520913213491439819e-02,2.088240534067153931e-02,3.855868056416511536e-02
4.520913213491439819e-02,2.088240534067153931e-02,3.855868056416511536e-02
4.519813135266304016e-02,2.095567435026168823e-02,3.870470821857452393e-02
4.519813135266304016e-02,2.095567435026168823e-02,3.870470821857452393e-02
4.518725723028182983e-02,2.102909423410892487e-02,3.885087370872497559e-02
4.518725723028182983e-02,2.102909423410892487e-02,3.885087370872497559e-02
4.517650976777076721e-02,2.110266499221324921e-02,3.899718821048736572e-02
4.517650976777076721e-02,2.110266499221324921e-02,3.899718821048736572e-02
4.516588523983955383e-02,2.117638476192951202e-02,3.914364054799079895e-02
4.516588523983955383e-02,2.117638476192951202e-02,3.914364054799079895e-02
4.515538364648818970e-02,2.125025168061256409e-02,3.929024189710617065e-02
4.515538364648818970e-02,2.125025168061256409e-02,3.929024189710617065e-02
4.514500126242637634e-02,2.132426388561725616e-02,3.943699225783348083e-02
4.514500126242637634e-02,2.132426388561725616e-02,3.943699225783348083e-02
4.513474181294441223e-02,2.139842323958873749e-02,3.958388417959213257e-02
4.513474181294441223e-02,2.139842323958873749e-02,3.958388417959213257e-02
4.512460902333259583e-02,2.147272229194641113e-02,3.973093628883361816e-02
4.512460902333259583e-02,2.147272229194641113e-02,3.973093628883361816e-02
4.511459544301033020e-02,2.154716290533542633e-02,3.987812995910644531e-02
4.511459544301033020e-02,2.154716290533542633e-02,3.987812995910644531e-02
4.510470479726791382e-02,2.162174321711063385e-02,4.002547636628150940e-02
4.510470479726791382e-02,2.162174321711063385e-02,4.002547636628150940e-02
4.509493336081504822e-02,2.169646136462688446e-02,4.017297551035881042e-02
4.509493336081504822e-02,2.169646136462688446e-02,4.017297551035881042e-02
4.508528858423233032e-02,2.177131548523902893e-02,4.032062739133834839e-02
4.508528858423233032e-02,2.177131548523902893e-02,4.032062739133834839e-02
4.507576301693916321e-02,2.184630557894706726e-02,4.046843573451042175e-02
4.507576301693916321e-02,2.184630557894706726e-02,4.046843573451042175e-02
4.506635293364524841e-02,2.192142978310585022e-02,4.061640053987503052e-02
4.506635293364524841e-02,2.192142978310585022e-02,4.061640053987503052e-02
4.505706205964088440e-02,2.199668623507022858e-02,4.076451808214187622e-02
4.505706205964088440e-02,2.199668623507022858e-02,4.076451808214187622e-02
4.504790157079696655e-02,2.207207120954990387e-02,4.091279581189155579e-02
4.504790157079696655e-02,2.207207120954990387e-02,4.091279581189155579e-02
4.503885284066200256e-02,2.214758656919002533e-02,4.106122627854347229e-02
4.503885284066200256e-02,2.214758656919002533e-02,4.106122627854347229e-02
4.502992331981658936e-02,2.222323045134544373e-02,4.120982438325881958e-02
4.502992331981658936e-02,2.222323045134544373e-02,4.120982438325881958e-02
4.502111673355102539e-02,2.229900099337100983e-02,4.135857522487640381e-02
4.502111673355102539e-02,2.229900099337100983e-02,4.135857522487640381e-02
4.501242563128471375e-02,2.237489260733127594e-02,4.150749370455741882e-02
4.501242563128471375e-02,2.237489260733127594e-02,4.150749370455741882e-02
4.500385373830795288e-02,2.245091088116168976e-02,4.165657609701156616e-02
4.500385373830795288e-02,2.245091088116168976e-02,4.165657609701156616e-02
4.499540477991104126e-02,2.252704836428165436e-02,4.180581495165824890e-02
4.499540477991104126e-02,2.252704836428165436e-02,4.180581495165824890e-02
4.498706758022308350e-02,2.260330505669116974e-02,4.195522889494895935e-02
4.498706758022308350e-02,2.260330505669116974e-02,4.195522889494895935e-02
4.497885331511497498e-02,2.267968095839023590e-02,4.210479930043220520e-02
4.497885331511497498e-02,2.267968095839023590e-02,4.210479930043220520e-02
4.497075080871582031e-02,2.275617420673370361e-02,4.225454106926918030e-02
4.497075080871582031e-02,2.275617420673370361e-02,4.225454106926918030e-02
4.496277496218681335e-02,2.283278480172157288e-02,4.240445420145988464e-02
4.496277496218681335e-02,2.283278480172157288e-02,4.240445420145988464e-02
4.495490714907646179e-02,2.290950529277324677e-02,4.255453497171401978e-02
4.495490714907646179e-02,2.290950529277324677e-02,4.255453497171401978e-02
4.494716227054595947e-02,2.298633940517902374e-02,4.270477965474128723e-02
4.494716227054595947e-02,2.298633940517902374e-02,4.270477965474128723e-02
4.493952915072441101e-02,2.306328713893890381e-02,4.285519942641258240e-02
4.493952915072441101e-02,2.306328713893890381e-02,4.285519942641258240e-02
4.493201151490211487e-02,2.314034104347229004e-02,4.300579056143760681e-02
4.493201151490211487e-02,2.314034104347229004e-02,4.300579056143760681e-02
4.492461308836936951e-02,2.321750298142433167e-02,4.315655305981636047e-02
4.492461308836936951e-02,2.321750298142433167e-02,4.315655305981636047e-02
4.491733387112617493e-02,2.329477109014987946e-02,4.330749437212944031e-02
4.491733387112617493e-02,2.329477109014987946e-02,4.330749437212944031e-02
4.491016268730163574e-02,2.337214536964893341e-02,4.345861449837684631e-02
4.491016268730163574e-02,2.337214536964893341e-02,4.345861449837684631e-02
4.490310698747634888e-02,2.344962209463119507e-02,4.360990226268768311e-02
4.490310698747634888e-02,2.344962209463119507e-02,4.360990226268768311e-02
4.489617049694061279e-02,2.352720312774181366e-02,4.376137629151344299e-02
4.489617049694061279e-02,2.352720312774181366e-02,4.376137629151344299e-02
4.488934949040412903e-02,2.360488101840019226e-02,4.391302540898323059e-02
4.488934949040412903e-02,2.360488101840019226e-02,4.391302540898323059e-02
4.488263651728630066e-02,2.368265949189662933e-02,4.406485334038734436e-02
4.488263651728630066e-02,2.368265949189662933e-02,4.406485334038734436e-02
4.487603902816772461e-02,2.376053296029567719e-02,4.421685636043548584e-02
4.487603902816772461e-02,2.376053296029567719e-02,4.421685636043548584e-02
4.486955702304840088e-02,2.383850328624248505e-02,4.436904564499855042e-02
4.486955702304840088e-02,2.383850328624248505e-02,4.436904564499855042e-02
4.486318677663803101e-02,2.391656860709190369e-02,4.452142491936683655e-02
4.486318677663803101e-02,2.391656860709190369e-02,4.452142491936683655e-02
4.485693201422691345e-02,2.399472519755363464e-02,4.467397928237915039e-02
4.485693201422691345e-02,2.399472519755363464e-02,4.467397928237915039e-02
4.485078901052474976e-02,2.407297305762767792e-02,4.482671990990638733e-02
4.485078901052474976e-02,2.407297305762767792e-02,4.482671990990638733e-02
4.484475776553153992e-02,2.415131218731403351e-02,4.497965052723884583e-02
4.484475776553153992e-02,2.415131218731403351e-02,4.497965052723884583e-02
4.483883827924728394e-02,2.422973699867725372e-02,4.513276740908622742e-02
4.483883827924728394e-02,2.422973699867725372e-02,4.513276740908622742e-02
4.483303427696228027e-02,2.430825121700763702e-02,4.528606683015823364e-02
4.483303427696228027e-02,2.430825121700763702e-02,4.528606683015823364e-02
4.482734203338623047e-02,2.438684552907943726e-02,4.543956369161605835e-02
4.482734203338623047e-02,2.438684552907943726e-02,4.543956369161605835e-02
4.482175782322883606e-02,2.446552924811840057e-02,4.559324309229850769e-02
4.482175782322883606e-02,2.446552924811840057e-02,4.559324309229850769e-02
4.481628164649009705e-02,2.454429306089878082e-02,4.574711620807647705e-02
4.481628164649009705e-02,2.454429306089878082e-02,4.574711620807647705e-02
4.481092467904090881e-02,2.462313510477542877e-02,4.590118676424026489e-02
4.481092467904090881e-02,2.462313510477542877e-02,4.590118676424026489e-02
4.480567574501037598e-02,2.470205724239349365e-02,4.605544731020927429e-02
4.480567574501037598e-02,2.470205724239349365e-02,4.605544731020927429e-02
4.480053111910820007e-02,2.478105947375297546e-02,4.620990157127380371e-02
4.480053111910820007e-02,2.478105947375297546e-02,4.620990157127380371e-02
4.479550197720527649e-02,2.486013434827327728e-02,4.636454954743385315e-02
4.479550197720527649e-02,2.486013434827327728e-02,4.636454954743385315e-02
4.479058459401130676e-02,2.493928372859954834e-02,4.651939496397972107e-02
4.479058459401130676e-02,2.493928372859954834e-02,4.651939496397972107e-02
4.478577524423599243e-02,2.501850761473178864e-02,4.667443782091140747e-02
4.478577524423599243e-02,2.501850761473178864e-02,4.667443782091140747e-02
4.478107020258903503e-02,2.509780414402484894e-02,4.682967811822891235e-02
4.478107020258903503e-02,2.509780414402484894e-02,4.682967811822891235e-02
4.477648064494132996e-02,2.517716959118843079e-02,4.698512330651283264e-02
4.477648064494132996e-02,2.517716959118843079e-02,4.698512330651283264e-02
4.477199912071228027e-02,2.525660023093223572e-02,4.714076593518257141e-02
4.477199912071228027e-02,2.525660023093223572e-02,4.714076593518257141e-02
4.476762190461158752e-02,2.533609978854656219e-02,4.729660972952842712e-02
4.476762190461158752e-02,2.533609978854656219e-02,4.729660972952842712e-02
4.476335644721984863e-02,2.541566267609596252e-02,4.745265841484069824e-02
4.476335644721984863e-02,2.541566267609596252e-02,4.745265841484069824e-02
4.475919902324676514e-02,2.549529261887073517e-02,4.760890826582908630e-02
4.475919902324676514e-02,2.549529261887073517e-02,4.760890826582908630e-02
4.475514218211174011e-02,2.557498589158058167e-02,4.776536673307418823e-02
4.475514218211174011e-02,2.557498589158058167e-02,4.776536673307418823e-02
4.475119709968566895e-02,2.565473690629005432e-02,4.792203009128570557e-02
4.475119709968566895e-02,2.565473690629005432e-02,4.792203009128570557e-02
4.474736377596855164e-02,2.573454566299915314e-02,4.807889461517333984e-02
4.474736377596855164e-02,2.573454566299915314e-02,4.807889461517333984e-02
4.474363476037979126e-02,2.581441774964332581e-02,4.823597520589828491e-02
4.474363476037979126e-02,2.581441774964332581e-02,4.823597520589828491e-02
4.474001005291938782e-02,2.589434199035167694e-02,4.839326813817024231e-02
4.474001005291938782e-02,2.589434199035167694e-02,4.839326813817024231e-02
4.473648592829704285e-02,2.597432211041450500e-02,4.855076223611831665e-02
4.473648592829704285e-02,2.597432211041450500e-02,4.855076223611831665e-02
4.473307356238365173e-02,2.605435252189636230e-02,4.870846867561340332e-02
4.473307356238365173e-02,2.605435252189636230e-02,4.870846867561340332e-02
4.472976922988891602e-02,2.613443881273269653e-02,4.886639490723609924e-02
4.472976922988891602e-02,2.613443881273269653e-02,4.886639490723609924e-02
4.472656548023223877e-02,2.621457353234291077e-02,4.902452975511550903e-02
4.472656548023223877e-02,2.621457353234291077e-02,4.902452975511550903e-02
4.472346976399421692e-02,2.629475668072700500e-02,4.918287694454193115e-02
4.472346976399421692e-02,2.629475668072700500e-02,4.918287694454193115e-02
4.472048208117485046e-02,2.637498825788497925e-02,4.934144020080566406e-02
4.472048208117485046e-02,2.637498825788497925e-02,4.934144020080566406e-02
4.471759498119354248e-02,2.645526453852653503e-02,4.950021952390670776e-02
4.471759498119354248e-02,2.645526453852653503e-02,4.950021952390670776e-02
4.471480846405029297e-02,2.653558366000652313e-02,4.965922236442565918e-02
4.471480846405029297e-02,2.653558366000652313e-02,4.965922236442565918e-02
4.471213370561599731e-02,2.661594934761524200e-02,4.981844127178192139e-02
4.471213370561599731e-02,2.661594934761524200e-02,4.981844127178192139e-02
4.470955580472946167e-02,2.669635228812694550e-02,4.997787624597549438e-02
4.470955580472946167e-02,2.669635228812694550e-02,4.997787624597549438e-02
4.470708966255187988e-02,2.677679434418678284e-02,5.013753473758697510e-02
4.470708966255187988e-02,2.677679434418678284e-02,5.013753473758697510e-02
4.470471292734146118e-02,2.685727737843990326e-02,5.029741674661636353e-02
4.470471292734146118e-02,2.685727737843990326e-02,5.029741674661636353e-02
4.470245167613029480e-02,2.693779394030570984e-02,5.045751854777336121e-02
4.470245167613029480e-02,2.693779394030570984e-02,5.045751854777336121e-02
4.470029100775718689e-02,2.701834775507450104e-02,5.061784759163856506e-02
4.470029100775718689e-02,2.701834775507450104e-02,5.061784759163856506e-02
4.469823092222213745e-02,2.709893509745597839e-02,5.077839270234107971e-02
4.469823092222213745e-02,2.709893509745597839e-02,5.077839270234107971e-02
4.469627141952514648e-02,2.717955224215984344e-02,5.093917995691299438e-02
4.469627141952514648e-02,2.717955224215984344e-02,5.093917995691299438e-02
4.469441249966621399e-02,2.726020105183124542e-02,5.110018327832221985e-02
4.469441249966621399e-02,2.726020105183124542e-02,5.110018327832221985e-02
4.469265788793563843e-02,2.734087966382503510e-02,5.126141384243965149e-02
4.469265788793563843e-02,2.734087966382503510e-02,5.126141384243965149e-02
4.469100385904312134e-02,2.742158435285091400e-02,5.142287909984588623e-02
4.469100385904312134e-02,2.742158435285091400e-02,5.142287909984588623e-02
4.468945041298866272e-02,2.750231698155403137e-02,5.158457159996032715e-02
4.468945041298866272e-02,2.750231698155403137e-02,5.158457159996032715e-02
4.468799382448196411e-02,2.758307196199893951e-02,5.174649879336357117e-02
4.468799382448196411e-02,2.758307196199893951e-02,5.174649879336357117e-02
4.468664899468421936e-02,2.766384929418563843e-02,5.190865695476531982e-02
4.468664899468421936e-02,2.766384929418563843e-02,5.190865695476531982e-02
4.468539357185363770e-02,2.774464711546897888e-02,5.207104608416557312e-02
4.468539357185363770e-02,2.774464711546897888e-02,5.207104608416557312e-02
4.468424245715141296e-02,2.782546728849411011e-02,5.223366990685462952e-02
4.468424245715141296e-02,2.782546728849411011e-02,5.223366990685462952e-02
4.468318819999694824e-02,2.790630608797073364e-02,5.239653214812278748e-02
4.468318819999694824e-02,2.790630608797073364e-02,5.239653214812278748e-02
4.468223825097084045e-02,2.798716165125370026e-02,5.255962908267974854e-02
4.468223825097084045e-02,2.798716165125370026e-02,5.255962908267974854e-02
4.468138143420219421e-02,2.806803025305271149e-02,5.272297188639640808e-02
4.468138143420219421e-02,2.806803025305271149e-02,5.272297188639640808e-02
4.468062520027160645e-02,2.814891375601291656e-02,5.288654565811157227e-02
4.468062520027160645e-02,2.814891375601291656e-02,5.288654565811157227e-02
4.467996582388877869e-02,2.822981029748916626e-02,5.305035039782524109e-02
4.467996582388877869e-02,2.822981029748916626e-02,5.305035039782524109e-02
4.467940703034400940e-02,2.831071615219116211e-02,5.321440473198890686e-02
4.467940703034400940e-02,2.831071615219116211e-02,5.321440473198890686e-02
4.467894509434700012e-02,2.839163132011890411e-02,5.337870493531227112e-02
4.467894509434700012e-02,2.839163132011890411e-02,5.337870493531227112e-02
4.467858001589775085e-02,2.847255580127239227e-02,5.354324728250503540e-02
4.467858001589775085e-02,2.847255580127239227e-02,5.354324728250503540e-02
4.467831552028656006e-02,2.855348400771617889e-02,5.370802804827690125e-02
4.467831552028656006e-02,2.855348400771617889e-02,5.370802804827690125e-02
4.467814788222312927e-02,2.863441780209541321e-02,5.387305840849876404e-02
4.467814788222312927e-02,2.863441780209541321e-02,5.387305840849876404e-02
4.467807337641716003e-02,2.871535532176494598e-02,5.403833463788032532e-02
4.467807337641716003e-02,2.871535532176494598e-02,5.403833463788032532e-02
4.467809945344924927e-02,2.879629656672477722e-02,5.420385301113128662e-02
4.467809945344924927e-02,2.879629656672477722e-02,5.420385301113128662e-02
4.467821866273880005e-02,2.887723408639431000e-02,5.436962470412254333e-02
4.467821866273880005e-02,2.887723408639431000e-02,5.436962470412254333e-02
4.467843472957611084e-02,2.895817346870899200e-02,5.453564599156379700e-02
4.467843472957611084e-02,2.895817346870899200e-02,5.453564599156379700e-02
4.467874392867088318e-02,2.903910912573337555e-02,5.470192059874534607e-02
4.467874392867088318e-02,2.903910912573337555e-02,5.470192059874534607e-02
4.467914998531341553e-02,2.912003919482231140e-02,5.486843734979629517e-02
4.467914998531341553e-02,2.912003919482231140e-02,5.486843734979629517e-02
4.467965662479400635e-02,2.920096181333065033e-02,5.503521114587783813e-02
4.467965662479400635e-02,2.920096181333065033e-02,5.503521114587783813e-02
4.468025267124176025e-02,2.928187698125839233e-02,5.520223826169967651e-02
4.468025267124176025e-02,2.928187698125839233e-02,5.520223826169967651e-02
4.468094184994697571e-02,2.936278656125068665e-02,5.536951869726181030e-02
4.468094184994697571e-02,2.936278656125068665e-02,5.536951869726181030e-02
4.468172788619995117e-02,2.944368496537208557e-02,5.553706362843513489e-02
4.468172788619995117e-02,2.944368496537208557e-02,5.553706362843513489e-02
4.468261078000068665e-02,2.952456846833229065e-02,5.570485815405845642e-02
4.468261078000068665e-02,2.952456846833229065e-02,5.570485815405845642e-02
4.468357935547828674e-02,2.960543893277645111e-02,5.587290972471237183e-02
4.468357935547828674e-02,2.960543893277645111e-02,5.587290972471237183e-02
4.468464851379394531e-02,2.968629635870456696e-02,5.604122206568717957e-02
4.468464851379394531e-02,2.968629635870456696e-02,5.604122206568717957e-02
4.468580335378646851e-02,2.976713702082633972e-02,5.620979145169258118e-02
4.468580335378646851e-02,2.976713702082633972e-02,5.620979145169258118e-02
4.468706250190734863e-02,2.984795905649662018e-02,5.637862533330917358e-02
4.468706250190734863e-02,2.984795905649662018e-02,5.637862533330917358e-02
4.468840733170509338e-02,2.992876246571540833e-02,5.654771998524665833e-02
4.468840733170509338e-02,2.992876246571540833e-02,5.654771998524665833e-02
4.468983784317970276e-02,3.000954352319240570e-02,5.671707913279533386e-02
4.468983784317970276e-02,3.000954352319240570e-02,5.671707913279533386e-02
4.469136893749237061e-02,3.009030036628246307e-02,5.688669905066490173e-02
4.469136893749237061e-02,3.009030036628246307e-02,5.688669905066490173e-02
4.469299688935279846e-02,3.017103485763072968e-02,5.705658346414566040e-02
4.469299688935279846e-02,3.017103485763072968e-02,5.705658346414566040e-02
4.469470679759979248e-02,3.025174140930175781e-02,5.722673609852790833e-02
4.469470679759979248e-02,3.025174140930175781e-02,5.722673609852790833e-02
4.469650983810424805e-02,3.033242747187614441e-02,5.739715695381164551e-02
4.469650983810424805e-02,3.033242747187614441e-02,5.739715695381164551e-02
4.469840973615646362e-02,3.041308000683784485e-02,5.756784230470657349e-02
4.469840973615646362e-02,3.041308000683784485e-02,5.756784230470657349e-02
4.470039159059524536e-02,3.049370273947715759e-02,5.773880705237388611e-02
4.470039159059524536e-02,3.049370273947715759e-02,5.773880705237388611e-02
4.470246657729148865e-02,3.057429194450378418e-02,5.791003257036209106e-02
4.470246657729148865e-02,3.057429194450378418e-02,5.791003257036209106e-02
4.470463469624519348e-02,3.065484762191772461e-02,5.808153375983238220e-02
4.470463469624519348e-02,3.065484762191772461e-02,5.808153375983238220e-02
4.470689222216606140e-02,3.073537163436412811e-02,5.825330689549446106e-02
4.470689222216606140e-02,3.073537163436412811e-02,5.825330689549446106e-02
4.470923915505409241e-02,3.081585839390754700e-02,5.842535197734832764e-02
4.470923915505409241e-02,3.081585839390754700e-02,5.842535197734832764e-02
4.471167176961898804e-02,3.089630790054798126e-02,5.859767273068428040e-02
4.471167176961898804e-02,3.089630790054798126e-02,5.859767273068428040e-02
4.471419379115104675e-02,3.097671456634998322e-02,5.877026915550231934e-02
4.471419379115104675e-02,3.097671456634998322e-02,5.877026915550231934e-02
4.471680894494056702e-02,3.105708584189414978e-02,5.894314125180244446e-02
4.471680894494056702e-02,3.105708584189414978e-02,5.894314125180244446e-02
4.471950978040695190e-02,3.113740868866443634e-02,5.911628901958465576e-02
4.471950978040695190e-02,3.113740868866443634e-02,5.911628901958465576e-02
4.472229629755020142e-02,3.121769241988658905e-02,5.928972736001014709e-02
4.472229629755020142e-02,3.121769241988658905e-02,5.928972736001014709e-02
4.472517594695091248e-02,3.129792585968971252e-02,5.946343392133712769e-02
4.472517594695091248e-02,3.129792585968971252e-02,5.946343392133712769e-02
4.472814127802848816e-02,3.137812018394470215e-02,5.963742360472679138e-02
4.472814127802848816e-02,3.137812018394470215e-02,5.963742360472679138e-02
4.473119229078292847e-02,3.145826235413551331e-02,5.981169641017913818e-02
4.473119229078292847e-02,3.145826235413551331e-02,5.981169641017913818e-02
4.473433271050453186e-02,3.153835237026214600e-02,5.998625233769416809e-02
4.473433271050453186e-02,3.153835237026214600e-02,5.998625233769416809e-02
4.473755881190299988e-02,3.161839395761489868e-02,6.016109511256217957e-02
4.473755881190299988e-02,3.161839395761489868e-02,6.016109511256217957e-02
4.474087059497833252e-02,3.169837594032287598e-02,6.033621728420257568e-02
4.474087059497833252e-02,3.169837594032287598e-02,6.033621728420257568e-02
4.474426805973052979e-02,3.177830949425697327e-02,6.051163002848625183e-02
4.474426805973052979e-02,3.177830949425697327e-02,6.051163002848625183e-02
4.474775120615959167e-02,3.185818716883659363e-02,6.068732962012290955e-02
4.474775120615959167e-02,3.185818716883659363e-02,6.068732962012290955e-02
4.475132375955581665e-02,3.193800523877143860e-02,6.086331233382225037e-02
4.475132375955581665e-02,3.193800523877143860e-02,6.086331233382225037e-02
4.475498199462890625e-02,3.201776742935180664e-02,6.103959307074546814e-02
4.475498199462890625e-02,3.201776742935180664e-02,6.103959307074546814e-02
4.475872218608856201e-02,3.209746256470680237e-02,6.121615692973136902e-02
4.475872218608856201e-02,3.209746256470680237e-02,6.121615692973136902e-02
4.476254805922508240e-02,3.217710554599761963e-02,6.139301881194114685e-02
4.476254805922508240e-02,3.217710554599761963e-02,6.139301881194114685e-02
4.476645961403846741e-02,3.225667402148246765e-02,6.157016754150390625e-02
4.476645961403846741e-02,3.225667402148246765e-02,6.157016754150390625e-02
4.477044939994812012e-02,3.233618661761283875e-02,6.174761429429054260e-02
4.477044939994812012e-02,3.233618661761283875e-02,6.174761429429054260e-02
4.477452859282493591e-02,3.241562470793724060e-02,6.192535161972045898e-02
4.477452859282493591e-02,3.241562470793724060e-02,6.192535161972045898e-02
4.477869719266891479e-02,3.249499946832656860e-02,6.210338696837425232e-02
4.477869719266891479e-02,3.249499946832656860e-02,6.210338696837425232e-02
4.478293657302856445e-02,3.257430717349052429e-02,6.228172406554222107e-02
4.478293657302856445e-02,3.257430717349052429e-02,6.228172406554222107e-02
4.478726908564567566e-02,3.265353664755821228e-02,6.246035173535346985e-02
4.478726908564567566e-02,3.265353664755821228e-02,6.246035173535346985e-02
4.479167982935905457e-02,3.273269534111022949e-02,6.263928115367889404e-02
4.479167982935905457e-02,3.273269534111022949e-02,6.263928115367889404e-02
4.479616880416870117e-02,3.281178325414657593e-02,6.281851232051849365e-02
4.479616880416870117e-02,3.281178325414657593e-02,6.281851232051849365e-02
4.480075091123580933e-02,3.289079293608665466e-02,6.299804896116256714e-02
4.480075091123580933e-02,3.289079293608665466e-02,6.299804896116256714e-02
4.480541124939918518e-02,3.296972438693046570e-02,6.317787617444992065e-02
4.480541124939918518e-02,3.296972438693046570e-02,6.317787617444992065e-02
4.481014981865882874e-02,3.304858133196830750e-02,6.335800886154174805e-02
4.481014981865882874e-02,3.304858133196830750e-02,6.335800886154174805e-02
4.481497034430503845e-02,3.312735632061958313e-02,6.353844702243804932e-02
4.481497034430503845e-02,3.312735632061958313e-02,6.353844702243804932e-02
4.481987655162811279e-02,3.320604562759399414e-02,6.371919810771942139e-02
4.481987655162811279e-02,3.320604562759399414e-02,6.371919810771942139e-02
4.482486099004745483e-02,3.328465297818183899e-02,6.390024721622467041e-02
4.482486099004745483e-02,3.328465297818183899e-02,6.390024721622467041e-02
4.482992738485336304e-02,3.336317837238311768e-02,6.408160179853439331e-02
4.482992738485336304e-02,3.336317837238311768e-02,6.408160179853439331e-02
4.483507201075553894e-02,3.344161435961723328e-02,6.426327675580978394e-02
4.483507201075553894e-02,3.344161435961723328e-02,6.426327675580978394e-02
4.484029486775398254e-02,3.351996466517448425e-02,6.444524973630905151e-02
4.484029486775398254e-02,3.351996466517448425e-02,6.444524973630905151e-02
4.484560340642929077e-02,3.359822556376457214e-02,6.462754309177398682e-02
4.484560340642929077e-02,3.359822556376457214e-02,6.462754309177398682e-02
4.485098645091056824e-02,3.367639333009719849e-02,6.481013447046279907e-02
4.485098645091056824e-02,3.367639333009719849e-02,6.481013447046279907e-02
4.485644772648811340e-02,3.375447168946266174e-02,6.499305367469787598e-02
4.485644772648811340e-02,3.375447168946266174e-02,6.499305367469787598e-02
4.486199095845222473e-02,3.383245319128036499e-02,6.517627090215682983e-02
4.486199095845222473e-02,3.383245319128036499e-02,6.517627090215682983e-02
4.486761614680290222e-02,3.391034156084060669e-02,6.535980850458145142e-02
4.486761614680290222e-02,3.391034156084060669e-02,6.535980850458145142e-02
4.487331956624984741e-02,3.398812934756278992e-02,6.554366648197174072e-02
4.487331956624984741e-02,3.398812934756278992e-02,6.554366648197174072e-02
4.487909749150276184e-02,3.406582027673721313e-02,6.572783738374710083e-02
4.487909749150276184e-02,3.406582027673721313e-02,6.572783738374710083e-02
4.488495364785194397e-02,3.414342179894447327e-02,6.591232866048812866e-02
4.488495364785194397e-02,3.414342179894447327e-02,6.591232866048812866e-02
4.489089176058769226e-02,3.422090411186218262e-02,6.609714776277542114e-02
4.489089176058769226e-02,3.422090411186218262e-02,6.609714776277542114e-02
4.489690065383911133e-02,3.429829329252243042e-02,6.628226488828659058e-02
4.489690065383911133e-02,3.429829329252243042e-02,6.628226488828659058e-02
4.490298777818679810e-02,3.437557816505432129e-02,6.646771728992462158e-02
4.490298777818679810e-02,3.437557816505432129e-02,6.646771728992462158e-02
4.490915313363075256e-02,3.445275127887725830e-02,6.665349751710891724e-02
4.490915313363075256e-02,3.445275127887725830e-02,6.665349751710891724e-02
4.491539672017097473e-02,3.452982380986213684e-02,6.683959066867828369e-02
4.491539672017097473e-02,3.452982380986213684e-02,6.683959066867828369e-02
4.492171481251716614e-02,3.460678085684776306e-02,6.702601164579391479e-02
4.492171481251716614e-02,3.460678085684776306e-02,6.702601164579391479e-02
4.492811113595962524e-02,3.468362987041473389e-02,6.721276044845581055e-02
4.492811113595962524e-02,3.468362987041473389e-02,6.721276044845581055e-02
4.493457823991775513e-02,3.476037085056304932e-02,6.739983707666397095e-02
4.493457823991775513e-02,3.476037085056304932e-02,6.739983707666397095e-02
4.494112730026245117e-02,3.483699262142181396e-02,6.758722662925720215e-02
4.494112730026245117e-02,3.483699262142181396e-02,6.758722662925720215e-02
4.494774714112281799e-02,3.491350263357162476e-02,6.777496635913848877e-02
4.494774714112281799e-02,3.491350263357162476e-02,6.777496635913848877e-02
4.495444148778915405e-02,3.498989343643188477e-02,6.796301901340484619e-02
4.495444148778915405e-02,3.498989343643188477e-02,6.796301901340484619e-02
4.496120661497116089e-02,3.506616875529289246e-02,6.815140694379806519e-02
4.496120661497116089e-02,3.506616875529289246e-02,6.815140694379806519e-02
4.496805742383003235e-02,3.514231741428375244e-02,6.834012269973754883e-02
4.496805742383003235e-02,3.514231741428375244e-02,6.834012269973754883e-02
4.497497528791427612e-02,3.521835058927536011e-02,6.852917373180389404e-02
4.497497528791427612e-02,3.521835058927536011e-02,6.852917373180389404e-02
4.498196393251419067e-02,3.529425710439682007e-02,6.871856003999710083e-02
4.498196393251419067e-02,3.529425710439682007e-02,6.871856003999710083e-02
4.498903080821037292e-02,3.537004813551902771e-02,6.890828162431716919e-02
4.498903080821037292e-02,3.537004813551902771e-02,6.890828162431716919e-02
4.499617218971252441e-02,3.544570505619049072e-02,6.909834593534469604e-02
4.499617218971252441e-02,3.544570505619049072e-02,6.909834593534469604e-02
4.500338062644004822e-02,3.552123904228210449e-02,6.928873062133789062e-02
4.500338062644004822e-02,3.552123904228210449e-02,6.928873062133789062e-02
4.501066356897354126e-02,3.559664264321327209e-02,6.947946548461914062e-02
4.501066356897354126e-02,3.559664264321327209e-02,6.947946548461914062e-02
4.501802101731300354e-02,3.567191585898399353e-02,6.967053562402725220e-02
4.501802101731300354e-02,3.567191585898399353e-02,6.967053562402725220e-02
4.502545297145843506e-02,3.574705868959426880e-02,6.986194849014282227e-02
4.502545297145843506e-02,3.574705868959426880e-02,6.986194849014282227e-02
4.503295198082923889e-02,3.582206368446350098e-02,7.005369663238525391e-02
4.503295198082923889e-02,3.582206368446350098e-02,7.005369663238525391e-02
4.504052549600601196e-02,3.589693829417228699e-02,7.024579495191574097e-02
4.504052549600601196e-02,3.589693829417228699e-02,7.024579495191574097e-02
4.504816606640815735e-02,3.597167134284973145e-02,7.043823599815368652e-02
4.504816606640815735e-02,3.597167134284973145e-02,7.043823599815368652e-02
4.505588114261627197e-02,3.604627400636672974e-02,7.063101977109909058e-02
4.505588114261627197e-02,3.604627400636672974e-02,7.063101977109909058e-02
4.506366327404975891e-02,3.612073510885238647e-02,7.082413882017135620e-02
4.506366327404975891e-02,3.612073510885238647e-02,7.082413882017135620e-02
4.507152363657951355e-02,3.619505092501640320e-02,7.101762294769287109e-02
4.507152363657951355e-02,3.619505092501640320e-02,7.101762294769287109e-02
4.507945105433464050e-02,3.626922518014907837e-02,7.121144235134124756e-02
4.507945105433464050e-02,3.626922518014907837e-02,7.121144235134124756e-02
4.508744552731513977e-02,3.634325787425041199e-02,7.140561193227767944e-02
4.508744552731513977e-02,3.634325787425041199e-02,7.140561193227767944e-02
4.509551078081130981e-02,3.641714528203010559e-02,7.160013169050216675e-02
4.509551078081130981e-02,3.641714528203010559e-02,7.160013169050216675e-02
4.510364308953285217e-02,3.649088367819786072e-02,7.179499417543411255e-02
4.510364308953285217e-02,3.649088367819786072e-02,7.179499417543411255e-02
4.511184617877006531e-02,3.656447306275367737e-02,7.199022173881530762e-02
4.511184617877006531e-02,3.656447306275367737e-02,7.199022173881530762e-02
4.512012004852294922e-02,3.663791716098785400e-02,7.218579947948455811e-02
4.512012004852294922e-02,3.663791716098785400e-02,7.218579947948455811e-02
4.512845724821090698e-02,3.671120479702949524e-02,7.238171994686126709e-02
4.512845724821090698e-02,3.671120479702949524e-02,7.238171994686126709e-02
4.513686522841453552e-02,3.678433969616889954e-02,7.257800549268722534e-02
4.513686522841453552e-02,3.678433969616889954e-02,7.257800549268722534e-02
4.514534771442413330e-02,3.685732558369636536e-02,7.277465611696243286e-02
4.514534771442413330e-02,3.685732558369636536e-02,7.277465611696243286e-02
4.515388607978820801e-02,3.693014755845069885e-02,7.297164201736450195e-02
4.515388607978820801e-02,3.693014755845069885e-02,7.297164201736450195e-02
4.516249895095825195e-02,3.700281679630279541e-02,7.316900044679641724e-02
4.516249895095825195e-02,3.700281679630279541e-02,7.316900044679641724e-02
4.517118260264396667e-02,3.707532584667205811e-02,7.336671650409698486e-02
4.517118260264396667e-02,3.707532584667205811e-02,7.336671650409698486e-02
4.517992585897445679e-02,3.714766725897789001e-02,7.356479018926620483e-02
4.517992585897445679e-02,3.714766725897789001e-02,7.356479018926620483e-02
4.518873989582061768e-02,3.721985965967178345e-02,7.376322150230407715e-02
4.518873989582061768e-02,3.721985965967178345e-02,7.376322150230407715e-02
4.519761726260185242e-02,3.729187697172164917e-02,7.396201044321060181e-02
4.519761726260185242e-02,3.729187697172164917e-02,7.396201044321060181e-02
4.520656540989875793e-02,3.736373782157897949e-02,7.416117936372756958e-02
4.520656540989875793e-02,3.736373782157897949e-02,7.416117936372756958e-02
4.521557316184043884e-02,3.743542358279228210e-02,7.436070591211318970e-02
4.521557316184043884e-02,3.743542358279228210e-02,7.436070591211318970e-02
4.522464796900749207e-02,3.750694915652275085e-02,7.456059008836746216e-02
4.522464796900749207e-02,3.750694915652275085e-02,7.456059008836746216e-02
4.523378983139991760e-02,3.757829591631889343e-02,7.476084679365158081e-02
4.523378983139991760e-02,3.757829591631889343e-02,7.476084679365158081e-02
4.524299502372741699e-02,3.764947876334190369e-02,7.496147602796554565e-02
4.524299502372741699e-02,3.764947876334190369e-02,7.496147602796554565e-02
4.525227099657058716e-02,3.772048652172088623e-02,7.516246289014816284e-02
4.525227099657058716e-02,3.772048652172088623e-02,7.516246289014816284e-02
4.526160284876823425e-02,3.779131919145584106e-02,7.536382973194122314e-02
4.526160284876823425e-02,3.779131919145584106e-02,7.536382973194122314e-02
4.527100175619125366e-02,3.786198049783706665e-02,7.556556910276412964e-02
4.527100175619125366e-02,3.786198049783706665e-02,7.556556910276412964e-02
4.528046399354934692e-02,3.793246299028396606e-02,7.576766610145568848e-02
4.528046399354934692e-02,3.793246299028396606e-02,7.576766610145568848e-02
4.528998956084251404e-02,3.800275549292564392e-02,7.597014307975769043e-02
4.528998956084251404e-02,3.800275549292564392e-02,7.597014307975769043e-02
4.529957473278045654e-02,3.807287663221359253e-02,7.617300003767013550e-02
4.529957473278045654e-02,3.807287663221359253e-02,7.617300003767013550e-02
4.530923441052436829e-02,3.814281895756721497e-02,7.637622952461242676e-02
4.530923441052436829e-02,3.814281895756721497e-02,7.637622952461242676e-02
4.531894996762275696e-02,3.821257501840591431e-02,7.657983154058456421e-02
4.531894996762275696e-02,3.821257501840591431e-02,7.657983154058456421e-02
4.532872512936592102e-02,3.828214481472969055e-02,7.678380608558654785e-02
4.532872512936592102e-02,3.828214481472969055e-02,7.678380608558654785e-02
4.533856362104415894e-02,3.835152834653854370e-02,7.698816806077957153e-02
4.533856362104415894e-02,3.835152834653854370e-02,7.698816806077957153e-02
4.534846544265747070e-02,3.842072561383247375e-02,7.719290256500244141e-02
4.534846544265747070e-02,3.842072561383247375e-02,7.719290256500244141e-02
4.535842686891555786e-02,3.848973289132118225e-02,7.739802449941635132e-02
4.535842686891555786e-02,3.848973289132118225e-02,7.739802449941635132e-02
4.536845162510871887e-02,3.855855017900466919e-02,7.760351896286010742e-02
4.536845162510871887e-02,3.855855017900466919e-02,7.760351896286010742e-02
4.537854343652725220e-02,3.862717002630233765e-02,7.780940085649490356e-02
4.537854343652725220e-02,3.862717002630233765e-02,7.780940085649490356e-02
4.538868740200996399e-02,3.869560360908508301e-02,7.801566272974014282e-02
4.538868740200996399e-02,3.869560360908508301e-02,7.801566272974014282e-02
4.539889097213745117e-02,3.876383230090141296e-02,7.822231203317642212e-02
4.539889097213745117e-02,3.876383230090141296e-02,7.822231203317642212e-02
4.540916159749031067e-02,3.883187100291252136e-02,7.842934876680374146e-02
4.540916159749031067e-02,3.883187100291252136e-02,7.842934876680374146e-02
4.541948437690734863e-02,3.889970853924751282e-02,7.863676548004150391e-02
4.541948437690734863e-02,3.889970853924751282e-02,7.863676548004150391e-02
4.542987421154975891e-02,3.896734118461608887e-02,7.884457707405090332e-02
4.542987421154975891e-02,3.896734118461608887e-02,7.884457707405090332e-02
4.544031247496604919e-02,3.903478011488914490e-02,7.905277609825134277e-02
4.544031247496604919e-02,3.903478011488914490e-02,7.905277609825134277e-02
4.545081779360771179e-02,3.910201415419578552e-02,7.926136255264282227e-02
4.545081779360771179e-02,3.910201415419578552e-02,7.926136255264282227e-02
4.546138644218444824e-02,3.916903585195541382e-02,7.947033643722534180e-02
4.546138644218444824e-02,3.916903585195541382e-02,7.947033643722534180e-02
4.547200351953506470e-02,3.923586010932922363e-02,7.967970520257949829e-02
4.547200351953506470e-02,3.923586010932922363e-02,7.967970520257949829e-02
4.548268765211105347e-02,3.930247575044631958e-02,7.988946884870529175e-02
4.548268765211105347e-02,3.930247575044631958e-02,7.988946884870529175e-02
4.549342393875122070e-02,3.936888277530670166e-02,8.009962737560272217e-02
4.549342393875122070e-02,3.936888277530670166e-02,8.009962737560272217e-02
4.550422355532646179e-02,3.943507373332977295e-02,8.031017333269119263e-02
4.550422355532646179e-02,3.943507373332977295e-02,8.031017333269119263e-02
4.551507160067558289e-02,3.950105607509613037e-02,8.052112162113189697e-02
4.551507160067558289e-02,3.950105607509613037e-02,8.052112162113189697e-02
4.552599042654037476e-02,3.956682980060577393e-02,8.073246479034423828e-02
4.552599042654037476e-02,3.956682980060577393e-02,8.073246479034423828e-02
4.553694650530815125e-02,3.963238000869750977e-02,8.094420284032821655e-02
4.553694650530815125e-02,3.963238000869750977e-02,8.094420284032821655e-02
4.554797336459159851e-02,3.969771414995193481e-02,8.115634322166442871e-02
4.554797336459159851e-02,3.969771414995193481e-02,8.115634322166442871e-02
4.555905237793922424e-02,3.976283222436904907e-02,8.136889338493347168e-02
4.555905237793922424e-02,3.976283222436904907e-02,8.136889338493347168e-02
4.557019099593162537e-02,3.982773423194885254e-02,8.158183097839355469e-02
4.557019099593162537e-02,3.982773423194885254e-02,8.158183097839355469e-02
4.558137804269790649e-02,3.989240527153015137e-02,8.179517835378646851e-02
4.558137804269790649e-02,3.989240527153015137e-02,8.179517835378646851e-02
4.559262469410896301e-02,3.995685651898384094e-02,8.200892806053161621e-02
4.559262469410896301e-02,3.995685651898384094e-02,8.200892806053161621e-02
4.560393095016479492e-02,4.002109169960021973e-02,8.222307264804840088e-02
4.560393095016479492e-02,4.002109169960021973e-02,8.222307264804840088e-02
4.561528563499450684e-02,4.008509591221809387e-02,8.243763446807861328e-02
4.561528563499450684e-02,4.008509591221809387e-02,8.243763446807861328e-02
4.562670364975929260e-02,4.014887288212776184e-02,8.265260607004165649e-02
4.562670364975929260e-02,4.014887288212776184e-02,8.265260607004165649e-02
4.563816636800765991e-02,4.021241515874862671e-02,8.286798000335693359e-02
4.563816636800765991e-02,4.021241515874862671e-02,8.286798000335693359e-02
4.564968496561050415e-02,4.027573391795158386e-02,8.308376371860504150e-02
4.564968496561050415e-02,4.027573391795158386e-02,8.308376371860504150e-02
4.566125944256782532e-02,4.033881798386573792e-02,8.329994976520538330e-02
4.566125944256782532e-02,4.033881798386573792e-02,8.329994976520538330e-02
4.567288979887962341e-02,4.040166735649108887e-02,8.351655304431915283e-02
4.567288979887962341e-02,4.040166735649108887e-02,8.351655304431915283e-02
4.568456858396530151e-02,4.046428948640823364e-02,8.373356610536575317e-02
4.568456858396530151e-02,4.046428948640823364e-02,8.373356610536575317e-02
4.569630324840545654e-02,4.052666574716567993e-02,8.395098894834518433e-02
4.569630324840545654e-02,4.052666574716567993e-02,8.395098894834518433e-02
4.570809006690979004e-02,4.058880731463432312e-02,8.416882902383804321e-02
4.570809006690979004e-02,4.058880731463432312e-02,8.416882902383804321e-02
4.571992531418800354e-02,4.065071046352386475e-02,8.438709378242492676e-02
4.571992531418800354e-02,4.065071046352386475e-02,8.438709378242492676e-02
4.573182016611099243e-02,4.071236774325370789e-02,8.460576087236404419e-02
4.573182016611099243e-02,4.071236774325370789e-02,8.460576087236404419e-02
4.574376717209815979e-02,4.077379032969474792e-02,8.482486009597778320e-02
4.574376717209815979e-02,4.077379032969474792e-02,8.482486009597778320e-02
4.575575515627861023e-02,4.083496332168579102e-02,8.504436165094375610e-02
4.575575515627861023e-02,4.083496332168579102e-02,8.504436165094375610e-02
4.576780274510383606e-02,4.089589044451713562e-02,8.526428043842315674e-02
4.576780274510383606e-02,4.089589044451713562e-02,8.526428043842315674e-02
4.577989876270294189e-02,4.095657542347908020e-02,8.548463881015777588e-02
4.577989876270294189e-02,4.095657542347908020e-02,8.548463881015777588e-02
4.579204693436622620e-02,4.101700708270072937e-02,8.570539951324462891e-02
4.579204693436622620e-02,4.101700708270072937e-02,8.570539951324462891e-02
4.580424726009368896e-02,4.107718914747238159e-02,8.592659235000610352e-02
4.580424726009368896e-02,4.107718914747238159e-02,8.592659235000610352e-02
4.581649228930473328e-02,4.113711789250373840e-02,8.614820986986160278e-02
4.581649228930473328e-02,4.113711789250373840e-02,8.614820986986160278e-02
4.582879319787025452e-02,4.119680076837539673e-02,8.637024462223052979e-02
4.582879319787025452e-02,4.119680076837539673e-02,8.637024462223052979e-02
4.584114253520965576e-02,4.125621914863586426e-02,8.659271150827407837e-02
4.584114253520965576e-02,4.125621914863586426e-02,8.659271150827407837e-02
4.585353657603263855e-02,4.131538793444633484e-02,8.681560307741165161e-02
4.585353657603263855e-02,4.131538793444633484e-02,8.681560307741165161e-02
4.586598649621009827e-02,4.137429222464561462e-02,8.703892678022384644e-02
4.586598649621009827e-02,4.137429222464561462e-02,8.703892678022384644e-02
4.587847739458084106e-02,4.143294319510459900e-02,8.726267516613006592e-02
4.587847739458084106e-02,4.143294319510459900e-02,8.726267516613006592e-02
4.589102417230606079e-02,4.149133712053298950e-02,8.748685568571090698e-02
4.589102417230606079e-02,4.149133712053298950e-02,8.748685568571090698e-02
4.590361937880516052e-02,4.154946655035018921e-02,8.771145343780517578e-02
4.590361937880516052e-02,4.154946655035018921e-02,8.771145343780517578e-02
4.591625556349754333e-02,4.160732403397560120e-02,8.793650567531585693e-02
4.591625556349754333e-02,4.160732403397560120e-02,8.793650567531585693e-02
4.592894390225410461e-02,4.166492447257041931e-02,8.816197514533996582e-02
4.592894390225410461e-02,4.166492447257041931e-02,8.816197514533996582e-02
4.594168066978454590e-02,4.172224923968315125e-02,8.838787674903869629e-02
4.594168066978454590e-02,4.172224923968315125e-02,8.838787674903869629e-02
4.595446214079856873e-02,4.177931323647499084e-02,8.861422538757324219e-02
4.595446214079856873e-02,4.177931323647499084e-02,8.861422538757324219e-02
4.596729204058647156e-02,4.183610901236534119e-02,8.884099125862121582e-02
4.596729204058647156e-02,4.183610901236534119e-02,8.884099125862121582e-02
4.598016291856765747e-02,4.189262539148330688e-02,8.906821161508560181e-02
4.598016291856765747e-02,4.189262539148330688e-02,8.906821161508560181e-02
4.599308967590332031e-02,4.194887727499008179e-02,8.929586410522460938e-02
4.599308967590332031e-02,4.194887727499008179e-02,8.929586410522460938e-02
4.600605368614196777e-02,4.200484976172447205e-02,8.952396363019943237e-02
4.600605368614196777e-02,4.200484976172447205e-02,8.952396363019943237e-02
4.601906985044479370e-02,4.206054657697677612e-02,8.975248783826828003e-02
4.601906985044479370e-02,4.206054657697677612e-02,8.975248783826828003e-02
4.603213071823120117e-02,4.211597144603729248e-02,8.998147398233413696e-02
4.603213071823120117e-02,4.211597144603729248e-02,8.998147398233413696e-02
4.604522883892059326e-02,4.217110574245452881e-02,9.021089226007461548e-02
4.604522883892059326e-02,4.217110574245452881e-02,9.021089226007461548e-02
4.605838283896446228e-02,4.222596436738967896e-02,9.044074267148971558e-02
4.605838283896446228e-02,4.222596436738967896e-02,9.044074267148971558e-02
4.607157036662101746e-02,4.228054359555244446e-02,9.067105501890182495e-02
4.607157036662101746e-02,4.228054359555244446e-02,9.067105501890182495e-02
4.608481749892234802e-02,4.233484342694282532e-02,9.090180695056915283e-02
4.608481749892234802e-02,4.233484342694282532e-02,9.090180695056915283e-02
4.609809443354606628e-02,4.238885268568992615e-02,9.113299846649169922e-02
4.609809443354606628e-02,4.238885268568992615e-02,9.113299846649169922e-02
4.611142352223396301e-02,4.244257882237434387e-02,9.136465191841125488e-02
4.611142352223396301e-02,4.244257882237434387e-02,9.136465191841125488e-02
4.612479358911514282e-02,4.249601066112518311e-02,9.159674495458602905e-02
4.612479358911514282e-02,4.249601066112518311e-02,9.159674495458602905e-02
4.613820463418960571e-02,4.254915192723274231e-02,9.182928502559661865e-02
4.613820463418960571e-02,4.254915192723274231e-02,9.182928502559661865e-02
4.615166038274765015e-02,4.260201007127761841e-02,9.206227958202362061e-02
4.615166038274765015e-02,4.260201007127761841e-02,9.206227958202362061e-02
4.616516083478927612e-02,4.265457391738891602e-02,9.229572862386703491e-02
4.616516083478927612e-02,4.265457391738891602e-02,9.229572862386703491e-02
4.617870971560478210e-02,4.270684346556663513e-02,9.252962470054626465e-02
4.617870971560478210e-02,4.270684346556663513e-02,9.252962470054626465e-02
4.619228467345237732e-02,4.275881126523017883e-02,9.276399016380310059e-02
4.619228467345237732e-02,4.275881126523017883e-02,9.276399016380310059e-02
4.620590806007385254e-02,4.281048849225044250e-02,9.299879521131515503e-02
4.620590806007385254e-02,4.281048849225044250e-02,9.299879521131515503e-02
4.621957987546920776e-02,4.286187142133712769e-02,9.323406219482421875e-02
4.621957987546920776e-02,4.286187142133712769e-02,9.323406219482421875e-02
4.623328521847724915e-02,4.291294142603874207e-02,9.346979111433029175e-02
4.623328521847724915e-02,4.291294142603874207e-02,9.346979111433029175e-02
4.624703526496887207e-02,4.296371340751647949e-02,9.370595961809158325e-02
4.624703526496887207e-02,4.296371340751647949e-02,9.370595961809158325e-02
4.626082628965377808e-02,4.301418736577033997e-02,9.394261240959167480e-02
4.626082628965377808e-02,4.301418736577033997e-02,9.394261240959167480e-02
4.627465829253196716e-02,4.306435212492942810e-02,9.417970478534698486e-02
4.627465829253196716e-02,4.306435212492942810e-02,9.417970478534698486e-02
4.628852754831314087e-02,4.311421513557434082e-02,9.441727399826049805e-02
4.628852754831314087e-02,4.311421513557434082e-02,9.441727399826049805e-02
4.630243778228759766e-02,4.316376149654388428e-02,9.465529769659042358e-02
4.630243778228759766e-02,4.316376149654388428e-02,9.465529769659042358e-02
4.631638899445533752e-02,4.321300238370895386e-02,9.489378333091735840e-02
4.631638899445533752e-02,4.321300238370895386e-02,9.489378333091735840e-02
4.633038118481636047e-02,4.326193779706954956e-02,9.513274580240249634e-02
4.633038118481636047e-02,4.326193779706954956e-02,9.513274580240249634e-02
4.634440317749977112e-02,4.331056028604507446e-02,9.537215530872344971e-02
4.634440317749977112e-02,4.331056028604507446e-02,9.537215530872344971e-02
4.635847359895706177e-02,4.335886240005493164e-02,9.561204910278320312e-02
4.635847359895706177e-02,4.335886240005493164e-02,9.561204910278320312e-02
4.637258127331733704e-02,4.340685158967971802e-02,9.585238993167877197e-02
4.637258127331733704e-02,4.340685158967971802e-02,9.585238993167877197e-02
4.638672620058059692e-02,4.345452412962913513e-02,9.609321504831314087e-02
4.638672620058059692e-02,4.345452412962913513e-02,9.609321504831314087e-02
4.640091210603713989e-02,4.350188001990318298e-02,9.633452445268630981e-02
4.640091210603713989e-02,4.350188001990318298e-02,9.633452445268630981e-02
4.641513153910636902e-02,4.354891553521156311e-02,9.657627344131469727e-02
4.641513153910636902e-02,4.354891553521156311e-02,9.657627344131469727e-02
4.642938822507858276e-02,4.359562695026397705e-02,9.681850671768188477e-02
4.642938822507858276e-02,4.359562695026397705e-02,9.681850671768188477e-02
4.644368216395378113e-02,4.364202171564102173e-02,9.706122428178787231e-02
4.644368216395378113e-02,4.364202171564102173e-02,9.706122428178787231e-02
4.645801335573196411e-02,4.368808120489120483e-02,9.730439633131027222e-02
4.645801335573196411e-02,4.368808120489120483e-02,9.730439633131027222e-02
4.647238552570343018e-02,4.373382404446601868e-02,9.754806011915206909e-02
4.647238552570343018e-02,4.373382404446601868e-02,9.754806011915206909e-02
4.648678749799728394e-02,4.377923533320426941e-02,9.779220074415206909e-02
4.648678749799728394e-02,4.377923533320426941e-02,9.779220074415206909e-02
4.650123044848442078e-02,4.382432252168655396e-02,9.803680330514907837e-02
4.650123044848442078e-02,4.382432252168655396e-02,9.803680330514907837e-02
4.651570692658424377e-02,4.386907815933227539e-02,9.828190505504608154e-02
4.651570692658424377e-02,4.386907815933227539e-02,9.828190505504608154e-02
4.653022065758705139e-02,4.391349852085113525e-02,9.852746874094009399e-02
4.653022065758705139e-02,4.391349852085113525e-02,9.852746874094009399e-02
4.654476419091224670e-02,4.395758360624313354e-02,9.877350926399230957e-02
4.654476419091224670e-02,4.395758360624313354e-02,9.877350926399230957e-02
4.655934870243072510e-02,4.400133341550827026e-02,9.902005642652511597e-02
4.655934870243072510e-02,4.400133341550827026e-02,9.902005642652511597e-02
4.657396674156188965e-02,4.404475167393684387e-02,9.926705807447433472e-02
4.657396674156188965e-02,4.404475167393684387e-02,9.926705807447433472e-02
4.658861458301544189e-02,4.408782720565795898e-02,9.951455891132354736e-02
4.658861458301544189e-02,4.408782720565795898e-02,9.951455891132354736e-02
4.660330340266227722e-02,4.413056746125221252e-02,9.976254403591156006e-02
4.660330340266227722e-02,4.413056746125221252e-02,9.976254403591156006e-02
4.661802202463150024e-02,4.417296126484870911e-02,1.000110059976577759e-01
4.661802202463150024e-02,4.417296126484870911e-02,1.000110059976577759e-01
4.663277417421340942e-02,4.421501979231834412e-02,1.002599671483039856e-01
4.663277417421340942e-02,4.421501979231834412e-02,1.002599671483039856e-01
4.664756357669830322e-02,4.425672441720962524e-02,1.005094125866889954e-01
4.664756357669830322e-02,4.425672441720962524e-02,1.005094125866889954e-01
4.666237905621528625e-02,4.429808631539344788e-02,1.007593348622322083e-01
4.666237905621528625e-02,4.429808631539344788e-02,1.007593348622322083e-01
4.667723178863525391e-02,4.433910548686981201e-02,1.010097637772560120e-01
4.667723178863525391e-02,4.433910548686981201e-02,1.010097637772560120e-01
4.669211432337760925e-02,4.437977075576782227e-02,1.012606769800186157e-01
4.669211432337760925e-02,4.437977075576782227e-02,1.012606769800186157e-01
4.670703038573265076e-02,4.442008584737777710e-02,1.015120744705200195e-01
4.670703038573265076e-02,4.442008584737777710e-02,1.015120744705200195e-01
4.672197997570037842e-02,4.446005448698997498e-02,1.017639860510826111e-01
4.672197997570037842e-02,4.446005448698997498e-02,1.017639860510826111e-01
4.673696309328079224e-02,4.449966549873352051e-02,1.020163670182228088e-01
4.673696309328079224e-02,4.449966549873352051e-02,1.020163670182228088e-01
4.675197228789329529e-02,4.453892633318901062e-02,1.022692546248435974e-01
4.675197228789329529e-02,4.453892633318901062e-02,1.022692546248435974e-01
4.676701501011848450e-02,4.457782581448554993e-02,1.025226414203643799e-01
4.676701501011848450e-02,4.457782581448554993e-02,1.025226414203643799e-01
4.678208753466606140e-02,4.461637139320373535e-02,1.027765274047851562e-01
4.678208753466606140e-02,4.461637139320373535e-02,1.027765274047851562e-01
4.679719731211662292e-02,4.465454816818237305e-02,1.030309051275253296e-01
4.679719731211662292e-02,4.465454816818237305e-02,1.030309051275253296e-01
4.681232571601867676e-02,4.469237104058265686e-02,1.032857820391654968e-01
4.681232571601867676e-02,4.469237104058265686e-02,1.032857820391654968e-01
4.682749137282371521e-02,4.472983255982398987e-02,1.035411581397056580e-01
4.682749137282371521e-02,4.472983255982398987e-02,1.035411581397056580e-01
4.684267938137054443e-02,4.476692900061607361e-02,1.037970408797264099e-01
4.684267938137054443e-02,4.476692900061607361e-02,1.037970408797264099e-01
4.685790836811065674e-02,4.480366036295890808e-02,1.040534228086471558e-01
4.685790836811065674e-02,4.480366036295890808e-02,1.040534228086471558e-01
4.687315970659255981e-02,4.484002292156219482e-02,1.043103113770484924e-01
4.687315970659255981e-02,4.484002292156219482e-02,1.043103113770484924e-01
4.688844084739685059e-02,4.487602412700653076e-02,1.045676991343498230e-01
4.688844084739685059e-02,4.487602412700653076e-02,1.045676991343498230e-01
4.690375179052352905e-02,4.491164162755012512e-02,1.048256009817123413e-01
4.690375179052352905e-02,4.491164162755012512e-02,1.048256009817123413e-01
4.691909253597259521e-02,4.494690150022506714e-02,1.050840094685554504e-01
4.691909253597259521e-02,4.494690150022506714e-02,1.050840094685554504e-01
4.693445563316345215e-02,4.498178511857986450e-02,1.053429171442985535e-01
4.693445563316345215e-02,4.498178511857986450e-02,1.053429171442985535e-01
4.694984853267669678e-02,4.501628875732421875e-02,1.056023314595222473e-01
4.694984853267669678e-02,4.501628875732421875e-02,1.056023314595222473e-01
4.696527123451232910e-02,4.505041614174842834e-02,1.058622673153877258e-01
4.696527123451232910e-02,4.505041614174842834e-02,1.058622673153877258e-01
4.698072001338005066e-02,4.508417099714279175e-02,1.061227172613143921e-01
4.698072001338005066e-02,4.508417099714279175e-02,1.061227172613143921e-01
4.699619486927986145e-02,4.511754587292671204e-02,1.063836663961410522e-01
4.699619486927986145e-02,4.511754587292671204e-02,1.063836663961410522e-01
4.701169952750205994e-02,4.515054076910018921e-02,1.066451296210289001e-01
4.701169952750205994e-02,4.515054076910018921e-02,1.066451296210289001e-01
4.702722281217575073e-02,4.518314823508262634e-02,1.069071218371391296e-01
4.702722281217575073e-02,4.518314823508262634e-02,1.069071218371391296e-01
4.704277962446212769e-02,4.521537944674491882e-02,1.071696206927299500e-01
4.704277962446212769e-02,4.521537944674491882e-02,1.071696206927299500e-01
4.705835878849029541e-02,4.524721950292587280e-02,1.074326336383819580e-01
4.705835878849029541e-02,4.524721950292587280e-02,1.074326336383819580e-01
4.707396775484085083e-02,4.527867585420608521e-02,1.076961606740951538e-01
4.707396775484085083e-02,4.527867585420608521e-02,1.076961606740951538e-01
4.708959907293319702e-02,4.530974105000495911e-02,1.079602092504501343e-01
4.708959907293319702e-02,4.530974105000495911e-02,1.079602092504501343e-01
4.710525646805763245e-02,4.534041881561279297e-02,1.082247868180274963e-01
4.710525646805763245e-02,4.534041881561279297e-02,1.082247868180274963e-01
4.712093621492385864e-02,4.537070542573928833e-02,1.084898784756660461e-01
4.712093621492385864e-02,4.537070542573928833e-02,1.084898784756660461e-01
4.713663831353187561e-02,4.540060088038444519e-02,1.087554916739463806e-01
4.713663831353187561e-02,4.540060088038444519e-02,1.087554916739463806e-01
4.715236648917198181e-02,4.543009772896766663e-02,1.090216189622879028e-01
4.715236648917198181e-02,4.543009772896766663e-02,1.090216189622879028e-01
4.716812074184417725e-02,4.545920342206954956e-02,1.092882826924324036e-01
4.716812074184417725e-02,4.545920342206954956e-02,1.092882826924324036e-01
4.718390107154846191e-02,4.548790678381919861e-02,1.095554605126380920e-01
4.718390107154846191e-02,4.548790678381919861e-02,1.095554605126380920e-01
4.719969630241394043e-02,4.551621899008750916e-02,1.098231747746467590e-01
4.719969630241394043e-02,4.551621899008750916e-02,1.098231747746467590e-01
4.721552133560180664e-02,4.554412141442298889e-02,1.100914105772972107e-01
4.721552133560180664e-02,4.554412141442298889e-02,1.100914105772972107e-01
4.723136872053146362e-02,4.557163268327713013e-02,1.103601679205894470e-01
4.723136872053146362e-02,4.557163268327713013e-02,1.103601679205894470e-01
4.724723473191261292e-02,4.559873044490814209e-02,1.106294542551040649e-01
4.724723473191261292e-02,4.559873044490814209e-02,1.106294542551040649e-01
4.726312682032585144e-02,4.562542587518692017e-02,1.108992770314216614e-01
4.726312682032585144e-02,4.562542587518692017e-02,1.108992770314216614e-01
4.727904126048088074e-02,4.565171524882316589e-02,1.111696287989616394e-01
4.727904126048088074e-02,4.565171524882316589e-02,1.111696287989616394e-01
4.729497432708740234e-02,4.567760229110717773e-02,1.114405319094657898e-01
4.729497432708740234e-02,4.567760229110717773e-02,1.114405319094657898e-01
4.731092974543571472e-02,4.570307210087776184e-02,1.117119416594505310e-01
4.731092974543571472e-02,4.570307210087776184e-02,1.117119416594505310e-01
4.732690751552581787e-02,4.572813212871551514e-02,1.119839027523994446e-01
4.732690751552581787e-02,4.572813212871551514e-02,1.119839027523994446e-01
4.734290391206741333e-02,4.575278609991073608e-02,1.122563853859901428e-01
4.734290391206741333e-02,4.575278609991073608e-02,1.122563853859901428e-01
4.735892266035079956e-02,4.577702283859252930e-02,1.125294119119644165e-01
4.735892266035079956e-02,4.577702283859252930e-02,1.125294119119644165e-01
4.737495630979537964e-02,4.580084234476089478e-02,1.128029748797416687e-01
4.737495630979537964e-02,4.580084234476089478e-02,1.128029748797416687e-01
4.739101603627204895e-02,4.582424089312553406e-02,1.130770742893218994e-01
4.739101603627204895e-02,4.582424089312553406e-02,1.130770742893218994e-01
4.740709811449050903e-02,4.584722593426704407e-02,1.133517250418663025e-01
4.740709811449050903e-02,4.584722593426704407e-02,1.133517250418663025e-01
4.742319881916046143e-02,4.586979374289512634e-02,1.136268973350524902e-01
4.742319881916046143e-02,4.586979374289512634e-02,1.136268973350524902e-01
4.743930697441101074e-02,4.589192941784858704e-02,1.139026209712028503e-01
4.743930697441101074e-02,4.589192941784858704e-02,1.139026209712028503e-01
4.745544493198394775e-02,4.591365903615951538e-02,1.141788810491561890e-01
4.745544493198394775e-02,4.591365903615951538e-02,1.141788810491561890e-01
4.747159779071807861e-02,4.593495279550552368e-02,1.144556999206542969e-01
4.747159779071807861e-02,4.593495279550552368e-02,1.144556999206542969e-01
4.748777300119400024e-02,4.595582559704780579e-02,1.147330477833747864e-01
4.748777300119400024e-02,4.595582559704780579e-02,1.147330477833747864e-01
4.750396683812141418e-02,4.597626253962516785e-02,1.150109469890594482e-01
4.750396683812141418e-02,4.597626253962516785e-02,1.150109469890594482e-01
4.752016812562942505e-02,4.599627107381820679e-02,1.152894049882888794e-01
4.752016812562942505e-02,4.599627107381820679e-02,1.152894049882888794e-01
4.753639549016952515e-02,4.601585865020751953e-02,1.155683994293212891e-01
4.753639549016952515e-02,4.601585865020751953e-02,1.155683994293212891e-01
4.755264148116111755e-02,4.603500291705131531e-02,1.158479452133178711e-01
4.755264148116111755e-02,4.603500291705131531e-02,1.158479452133178711e-01
4.756889864802360535e-02,4.605372250080108643e-02,1.161280348896980286e-01
4.756889864802360535e-02,4.605372250080108643e-02,1.161280348896980286e-01
4.758517444133758545e-02,4.607200250029563904e-02,1.164086759090423584e-01
4.758517444133758545e-02,4.607200250029563904e-02,1.164086759090423584e-01
4.760146886110305786e-02,4.608984291553497314e-02,1.166898831725120544e-01
4.760146886110305786e-02,4.608984291553497314e-02,1.166898831725120544e-01
4.761777818202972412e-02,4.610724747180938721e-02,1.169716268777847290e-01
4.761777818202972412e-02,4.610724747180938721e-02,1.169716268777847290e-01
4.763409867882728577e-02,4.612421616911888123e-02,1.172539293766021729e-01
4.763409867882728577e-02,4.612421616911888123e-02,1.172539293766021729e-01
4.765044525265693665e-02,4.614074155688285828e-02,1.175368055701255798e-01
4.765044525265693665e-02,4.614074155688285828e-02,1.175368055701255798e-01
4.766679555177688599e-02,4.615681990981101990e-02,1.178202107548713684e-01
4.766679555177688599e-02,4.615681990981101990e-02,1.178202107548713684e-01
4.768316820263862610e-02,4.617245867848396301e-02,1.181041896343231201e-01
4.768316820263862610e-02,4.617245867848396301e-02,1.181041896343231201e-01
4.769955575466156006e-02,4.618765413761138916e-02,1.183887198567390442e-01
4.769955575466156006e-02,4.618765413761138916e-02,1.183887198567390442e-01
4.771595820784568787e-02,4.620239138603210449e-02,1.186738237738609314e-01
4.771595820784568787e-02,4.620239138603210449e-02,1.186738237738609314e-01
4.773236811161041260e-02,4.621669277548789978e-02,1.189594790339469910e-01
4.773236811161041260e-02,4.621669277548789978e-02,1.189594790339469910e-01
4.774879291653633118e-02,4.623053222894668579e-02,1.192456930875778198e-01
4.774879291653633118e-02,4.623053222894668579e-02,1.192456930875778198e-01
4.776524007320404053e-02,4.624392837285995483e-02,1.195324733853340149e-01
4.776524007320404053e-02,4.624392837285995483e-02,1.195324733853340149e-01
4.778169468045234680e-02,4.625686630606651306e-02,1.198198124766349792e-01
4.778169468045234680e-02,4.625686630606651306e-02,1.198198124766349792e-01
4.779816046357154846e-02,4.626934975385665894e-02,1.201077178120613098e-01
4.779816046357154846e-02,4.626934975385665894e-02,1.201077178120613098e-01
4.781464114785194397e-02,4.628138244152069092e-02,1.203961893916130066e-01
4.781464114785194397e-02,4.628138244152069092e-02,1.203961893916130066e-01
4.783113673329353333e-02,4.629294946789741516e-02,1.206852197647094727e-01
4.783113673329353333e-02,4.629294946789741516e-02,1.206852197647094727e-01
4.784763604402542114e-02,4.630406200885772705e-02,1.209748387336730957e-01
4.784763604402542114e-02,4.630406200885772705e-02,1.209748387336730957e-01
4.786415398120880127e-02,4.631470888853073120e-02,1.212650164961814880e-01
4.786415398120880127e-02,4.631470888853073120e-02,1.212650164961814880e-01
4.788068681955337524e-02,4.632489755749702454e-02,1.215557605028152466e-01
4.788068681955337524e-02,4.632489755749702454e-02,1.215557605028152466e-01
4.789722710847854614e-02,4.633462429046630859e-02,1.218470856547355652e-01
4.789722710847854614e-02,4.633462429046630859e-02,1.218470856547355652e-01
4.791377857327461243e-02,4.634387418627738953e-02,1.221389696002006531e-01
4.791377857327461243e-02,4.634387418627738953e-02,1.221389696002006531e-01
4.793033748865127563e-02,4.635266587138175964e-02,1.224314495921134949e-01
4.793033748865127563e-02,4.635266587138175964e-02,1.224314495921134949e-01
4.794691503047943115e-02,4.636098816990852356e-02,1.227244734764099121e-01
4.794691503047943115e-02,4.636098816990852356e-02,1.227244734764099121e-01
4.796349629759788513e-02,4.636884480714797974e-02,1.230180859565734863e-01
4.796349629759788513e-02,4.636884480714797974e-02,1.230180859565734863e-01
4.798008874058723450e-02,4.637622088193893433e-02,1.233122795820236206e-01
4.798008874058723450e-02,4.637622088193893433e-02,1.233122795820236206e-01
4.799669608473777771e-02,4.638312757015228271e-02,1.236070543527603149e-01
4.799669608473777771e-02,4.638312757015228271e-02,1.236070543527603149e-01
4.801330715417861938e-02,4.638956114649772644e-02,1.239023953676223755e-01
4.801330715417861938e-02,4.638956114649772644e-02,1.239023953676223755e-01
4.802992939949035645e-02,4.639551416039466858e-02,1.241983324289321899e-01
4.802992939949035645e-02,4.639551416039466858e-02,1.241983324289321899e-01
4.804655909538269043e-02,4.640099033713340759e-02,1.244948357343673706e-01
4.804655909538269043e-02,4.640099033713340759e-02,1.244948357343673706e-01
4.806319624185562134e-02,4.640599712729454041e-02,1.247919276356697083e-01
4.806319624185562134e-02,4.640599712729454041e-02,1.247919276356697083e-01
4.807984083890914917e-02,4.641051217913627625e-02,1.250896006822586060e-01
4.807984083890914917e-02,4.641051217913627625e-02,1.250896006822586060e-01
4.809650406241416931e-02,4.641454666852951050e-02,1.253878474235534668e-01
4.809650406241416931e-02,4.641454666852951050e-02,1.253878474235534668e-01
4.811316356062889099e-02,4.641809687018394470e-02,1.256866902112960815e-01
4.811316356062889099e-02,4.641809687018394470e-02,1.256866902112960815e-01
4.812983050942420959e-02,4.642116650938987732e-02,1.259861290454864502e-01
4.812983050942420959e-02,4.642116650938987732e-02,1.259861290454864502e-01
4.814651235938072205e-02,4.642375186085700989e-02,1.262861490249633789e-01
4.814651235938072205e-02,4.642375186085700989e-02,1.262861490249633789e-01
4.816319793462753296e-02,4.642583802342414856e-02,1.265867501497268677e-01
4.816319793462753296e-02,4.642583802342414856e-02,1.265867501497268677e-01
4.817988723516464233e-02,4.642744362354278564e-02,1.268879324197769165e-01
4.817988723516464233e-02,4.642744362354278564e-02,1.268879324197769165e-01
4.819658398628234863e-02,4.642855003476142883e-02,1.271897107362747192e-01
4.819658398628234863e-02,4.642855003476142883e-02,1.271897107362747192e-01
4.821329191327095032e-02,4.642916843295097351e-02,1.274920850992202759e-01
4.821329191327095032e-02,4.642916843295097351e-02,1.274920850992202759e-01
4.822999984025955200e-02,4.642929509282112122e-02,1.277950555086135864e-01
4.822999984025955200e-02,4.642929509282112122e-02,1.277950555086135864e-01
4.824671894311904907e-02,4.642892256379127502e-02,1.280986219644546509e-01
4.824671894311904907e-02,4.642892256379127502e-02,1.280986219644546509e-01
4.826343432068824768e-02,4.642805084586143494e-02,1.284027546644210815e-01
4.826343432068824768e-02,4.642805084586143494e-02,1.284027546644210815e-01
4.828016459941864014e-02,4.642668366432189941e-02,1.287075132131576538e-01
4.828016459941864014e-02,4.642668366432189941e-02,1.287075132131576538e-01
4.829689115285873413e-02,4.642480984330177307e-02,1.290128678083419800e-01
4.829689115285873413e-02,4.642480984330177307e-02,1.290128678083419800e-01
4.831362515687942505e-02,4.642244055867195129e-02,1.293188035488128662e-01
4.831362515687942505e-02,4.642244055867195129e-02,1.293188035488128662e-01
4.833037033677101135e-02,4.641957208514213562e-02,1.296253502368927002e-01
4.833037033677101135e-02,4.641957208514213562e-02,1.296253502368927002e-01
4.834711179137229919e-02,4.641618579626083374e-02,1.299324780702590942e-01
4.834711179137229919e-02,4.641618579626083374e-02,1.299324780702590942e-01
4.836386069655418396e-02,4.641230404376983643e-02,1.302402317523956299e-01
4.836386069655418396e-02,4.641230404376983643e-02,1.302402317523956299e-01
4.838060960173606873e-02,4.640790820121765137e-02,1.305485665798187256e-01
4.838060960173606873e-02,4.640790820121765137e-02,1.305485665798187256e-01
4.839736223220825195e-02,4.640300571918487549e-02,1.308575272560119629e-01
4.839736223220825195e-02,4.640300571918487549e-02,1.308575272560119629e-01
4.841411858797073364e-02,4.639759287238121033e-02,1.311670690774917603e-01
4.841411858797073364e-02,4.639759287238121033e-02,1.311670690774917603e-01
4.843087866902351379e-02,4.639166221022605896e-02,1.314772367477416992e-01
4.843087866902351379e-02,4.639166221022605896e-02,1.314772367477416992e-01
4.844763875007629395e-02,4.638522118330001831e-02,1.317879855632781982e-01
4.844763875007629395e-02,4.638522118330001831e-02,1.317879855632781982e-01
4.846439883112907410e-02,4.637826234102249146e-02,1.320993602275848389e-01
4.846439883112907410e-02,4.637826234102249146e-02,1.320993602275848389e-01
4.848116636276245117e-02,4.637078940868377686e-02,1.324113309383392334e-01
4.848116636276245117e-02,4.637078940868377686e-02,1.324113309383392334e-01
4.849793016910552979e-02,4.636280238628387451e-02,1.327239274978637695e-01
4.849793016910552979e-02,4.636280238628387451e-02,1.327239274978637695e-01
4.851469770073890686e-02,4.635428637266159058e-02,1.330371201038360596e-01
4.851469770073890686e-02,4.635428637266159058e-02,1.330371201038360596e-01
4.853146895766258240e-02,4.634524509310722351e-02,1.333509385585784912e-01
4.853146895766258240e-02,4.634524509310722351e-02,1.333509385585784912e-01
4.854823648929595947e-02,4.633568972349166870e-02,1.336653530597686768e-01
4.854823648929595947e-02,4.633568972349166870e-02,1.336653530597686768e-01
4.856500029563903809e-02,4.632560908794403076e-02,1.339803934097290039e-01
4.856500029563903809e-02,4.632560908794403076e-02,1.339803934097290039e-01
4.858177527785301208e-02,4.631499573588371277e-02,1.342960447072982788e-01
4.858177527785301208e-02,4.631499573588371277e-02,1.342960447072982788e-01
4.859853908419609070e-02,4.630386084318161011e-02,1.346122920513153076e-01
4.859853908419609070e-02,4.630386084318161011e-02,1.346122920513153076e-01
4.861531034111976624e-02,4.629219323396682739e-02,1.349291801452636719e-01
4.861531034111976624e-02,4.629219323396682739e-02,1.349291801452636719e-01
4.863207787275314331e-02,4.628000035881996155e-02,1.352466791868209839e-01
4.863207787275314331e-02,4.628000035881996155e-02,1.352466791868209839e-01
4.864884540438652039e-02,4.626727476716041565e-02,1.355647891759872437e-01
4.864884540438652039e-02,4.626727476716041565e-02,1.355647891759872437e-01
4.866560921072959900e-02,4.625400528311729431e-02,1.358835399150848389e-01
4.866560921072959900e-02,4.625400528311729431e-02,1.358835399150848389e-01
4.868236929178237915e-02,4.624021053314208984e-02,1.362028867006301880e-01
4.868236929178237915e-02,4.624021053314208984e-02,1.362028867006301880e-01
4.869913309812545776e-02,4.622587561607360840e-02,1.365228742361068726e-01
4.869913309812545776e-02,4.622587561607360840e-02,1.365228742361068726e-01
4.871589317917823792e-02,4.621100053191184998e-02,1.368434727191925049e-01
4.871589317917823792e-02,4.621100053191184998e-02,1.368434727191925049e-01
4.873264953494071960e-02,4.619558528065681458e-02,1.371647119522094727e-01
4.873264953494071960e-02,4.619558528065681458e-02,1.371647119522094727e-01
4.874940216541290283e-02,4.617963358759880066e-02,1.374865621328353882e-01
4.874940216541290283e-02,4.617963358759880066e-02,1.374865621328353882e-01
4.876615479588508606e-02,4.616313427686691284e-02,1.378090381622314453e-01
4.876615479588508606e-02,4.616313427686691284e-02,1.378090381622314453e-01
4.878289997577667236e-02,4.614609107375144958e-02,1.381321400403976440e-01
4.878289997577667236e-02,4.614609107375144958e-02,1.381321400403976440e-01
4.879964888095855713e-02,4.612850025296211243e-02,1.384558826684951782e-01
4.879964888095855713e-02,4.612850025296211243e-02,1.384558826684951782e-01
4.881638661026954651e-02,4.611036926507949829e-02,1.387802213430404663e-01
4.881638661026954651e-02,4.611036926507949829e-02,1.387802213430404663e-01
4.883312433958053589e-02,4.609168320894241333e-02,1.391052305698394775e-01
4.883312433958053589e-02,4.609168320894241333e-02,1.391052305698394775e-01
4.884985461831092834e-02,4.607244953513145447e-02,1.394308507442474365e-01
4.884985461831092834e-02,4.607244953513145447e-02,1.394308507442474365e-01
4.886658117175102234e-02,4.605265706777572632e-02,1.397571116685867310e-01
4.886658117175102234e-02,4.605265706777572632e-02,1.397571116685867310e-01
4.888330027461051941e-02,4.603232070803642273e-02,1.400839984416961670e-01
4.888330027461051941e-02,4.603232070803642273e-02,1.400839984416961670e-01
4.890001937747001648e-02,4.601142555475234985e-02,1.404115110635757446e-01
4.890001937747001648e-02,4.601142555475234985e-02,1.404115110635757446e-01
4.891673102974891663e-02,4.598997160792350769e-02,1.407396793365478516e-01
4.891673102974891663e-02,4.598997160792350769e-02,1.407396793365478516e-01
4.893344268202781677e-02,4.596796631813049316e-02,1.410684883594512939e-01
4.893344268202781677e-02,4.596796631813049316e-02,1.410684883594512939e-01
4.895013943314552307e-02,4.594539478421211243e-02,1.413979083299636841e-01
4.895013943314552307e-02,4.594539478421211243e-02,1.413979083299636841e-01
4.896682873368263245e-02,4.592226073145866394e-02,1.417279839515686035e-01
4.896682873368263245e-02,4.592226073145866394e-02,1.417279839515686035e-01
4.898351430892944336e-02,4.589856788516044617e-02,1.420587152242660522e-01
4.898351430892944336e-02,4.589856788516044617e-02,1.420587152242660522e-01
4.900019615888595581e-02,4.587431252002716064e-02,1.423900574445724487e-01
4.900019615888595581e-02,4.587431252002716064e-02,1.423900574445724487e-01
4.901686683297157288e-02,4.584948718547821045e-02,1.427220553159713745e-01
4.901686683297157288e-02,4.584948718547821045e-02,1.427220553159713745e-01
4.903353750705718994e-02,4.582409560680389404e-02,1.430547088384628296e-01
4.903353750705718994e-02,4.582409560680389404e-02,1.430547088384628296e-01
4.905019327998161316e-02,4.579813405871391296e-02,1.433879733085632324e-01
4.905019327998161316e-02,4.579813405871391296e-02,1.433879733085632324e-01
4.906683787703514099e-02,4.577160626649856567e-02,1.437219083309173584e-01
4.906683787703514099e-02,4.577160626649856567e-02,1.437219083309173584e-01
4.908347874879837036e-02,4.574450850486755371e-02,1.440564841032028198e-01
4.908347874879837036e-02,4.574450850486755371e-02,1.440564841032028198e-01
4.910011589527130127e-02,4.571683332324028015e-02,1.443917006254196167e-01
4.910011589527130127e-02,4.571683332324028015e-02,1.443917006254196167e-01
4.911674186587333679e-02,4.568858444690704346e-02,1.447275727987289429e-01
4.911674186587333679e-02,4.568858444690704346e-02,1.447275727987289429e-01
4.913334921002388000e-02,4.565976187586784363e-02,1.450641006231307983e-01
4.913334921002388000e-02,4.565976187586784363e-02,1.450641006231307983e-01
4.914995655417442322e-02,4.563035070896148682e-02,1.454012691974639893e-01
4.914995655417442322e-02,4.563035070896148682e-02,1.454012691974639893e-01
4.916654899716377258e-02,4.560037329792976379e-02,1.457390934228897095e-01
4.916654899716377258e-02,4.560037329792976379e-02,1.457390934228897095e-01
4.918313771486282349e-02,4.556980729103088379e-02,1.460775583982467651e-01
4.918313771486282349e-02,4.556980729103088379e-02,1.460775583982467651e-01
4.919971525669097900e-02,4.553866013884544373e-02,1.464166939258575439e-01
4.919971525669097900e-02,4.553866013884544373e-02,1.464166939258575439e-01
4.921628162264823914e-02,4.550692811608314514e-02,1.467564702033996582e-01
4.921628162264823914e-02,4.550692811608314514e-02,1.467564702033996582e-01
4.923283308744430542e-02,4.547461494803428650e-02,1.470969170331954956e-01
4.923283308744430542e-02,4.547461494803428650e-02,1.470969170331954956e-01
4.924937710165977478e-02,4.544171318411827087e-02,1.474380046129226685e-01
4.924937710165977478e-02,4.544171318411827087e-02,1.474380046129226685e-01
4.926590621471405029e-02,4.540822282433509827e-02,1.477797627449035645e-01
4.926590621471405029e-02,4.540822282433509827e-02,1.477797627449035645e-01
4.928242787718772888e-02,4.537414014339447021e-02,1.481221765279769897e-01
4.928242787718772888e-02,4.537414014339447021e-02,1.481221765279769897e-01
4.929893836379051208e-02,4.533946886658668518e-02,1.484652459621429443e-01
4.929893836379051208e-02,4.533946886658668518e-02,1.484652459621429443e-01
4.931543394923210144e-02,4.530420526862144470e-02,1.488089710474014282e-01
4.931543394923210144e-02,4.530420526862144470e-02,1.488089710474014282e-01
4.933191090822219849e-02,4.526834562420845032e-02,1.491533666849136353e-01
4.933191090822219849e-02,4.526834562420845032e-02,1.491533666849136353e-01
4.934838786721229553e-02,4.523189365863800049e-02,1.494984328746795654e-01
4.934838786721229553e-02,4.523189365863800049e-02,1.494984328746795654e-01
4.936484247446060181e-02,4.519483819603919983e-02,1.498441547155380249e-01
4.936484247446060181e-02,4.519483819603919983e-02,1.498441547155380249e-01
4.938128590583801270e-02,4.515718296170234680e-02,1.501905471086502075e-01
4.938128590583801270e-02,4.515718296170234680e-02,1.501905471086502075e-01
4.939771816134452820e-02,4.511893168091773987e-02,1.505375802516937256e-01
4.939771816134452820e-02,4.511893168091773987e-02,1.505375802516937256e-01
4.941413551568984985e-02,4.508007690310478210e-02,1.508853286504745483e-01
4.941413551568984985e-02,4.508007690310478210e-02,1.508853286504745483e-01
4.943054169416427612e-02,4.504061862826347351e-02,1.512337028980255127e-01
4.943054169416427612e-02,4.504061862826347351e-02,1.512337028980255127e-01
4.944693297147750854e-02,4.500055313110351562e-02,1.515827476978302002e-01
4.944693297147750854e-02,4.500055313110351562e-02,1.515827476978302002e-01
4.946330189704895020e-02,4.495988786220550537e-02,1.519324928522109985e-01
4.946330189704895020e-02,4.495988786220550537e-02,1.519324928522109985e-01
4.947966337203979492e-02,4.491860792040824890e-02,1.522828787565231323e-01
4.947966337203979492e-02,4.491860792040824890e-02,1.522828787565231323e-01
4.949600249528884888e-02,4.487672075629234314e-02,1.526339650154113770e-01
4.949600249528884888e-02,4.487672075629234314e-02,1.526339650154113770e-01
4.951233416795730591e-02,4.483422264456748962e-02,1.529857069253921509e-01
4.951233416795730591e-02,4.483422264456748962e-02,1.529857069253921509e-01
4.952864348888397217e-02,4.479110613465309143e-02,1.533381193876266479e-01
4.952864348888397217e-02,4.479110613465309143e-02,1.533381193876266479e-01
4.954494535923004150e-02,4.474737867712974548e-02,1.536912173032760620e-01
4.954494535923004150e-02,4.474737867712974548e-02,1.536912173032760620e-01
4.956122115254402161e-02,4.470304027199745178e-02,1.540450006723403931e-01
4.956122115254402161e-02,4.470304027199745178e-02,1.540450006723403931e-01
4.957748576998710632e-02,4.465808346867561340e-02,1.543994545936584473e-01
4.957748576998710632e-02,4.465808346867561340e-02,1.543994545936584473e-01
4.959373176097869873e-02,4.461250454187393188e-02,1.547545790672302246e-01
4.959373176097869873e-02,4.461250454187393188e-02,1.547545790672302246e-01
4.960996285080909729e-02,4.456630349159240723e-02,1.551103889942169189e-01
4.960996285080909729e-02,4.456630349159240723e-02,1.551103889942169189e-01
4.962617903947830200e-02,4.451948776841163635e-02,1.554668843746185303e-01
4.962617903947830200e-02,4.451948776841163635e-02,1.554668843746185303e-01
4.964236915111541748e-02,4.447204247117042542e-02,1.558240652084350586e-01
4.964236915111541748e-02,4.447204247117042542e-02,1.558240652084350586e-01
4.965854808688163757e-02,4.442397505044937134e-02,1.561819016933441162e-01
4.965854808688163757e-02,4.442397505044937134e-02,1.561819016933441162e-01
4.967470839619636536e-02,4.437528178095817566e-02,1.565404385328292847e-01
4.967470839619636536e-02,4.437528178095817566e-02,1.565404385328292847e-01
4.969084635376930237e-02,4.432595893740653992e-02,1.568996757268905640e-01
4.969084635376930237e-02,4.432595893740653992e-02,1.568996757268905640e-01
4.970696568489074707e-02,4.427600651979446411e-02,1.572595834732055664e-01
4.970696568489074707e-02,4.427600651979446411e-02,1.572595834732055664e-01
4.972306638956069946e-02,4.422542452812194824e-02,1.576201915740966797e-01
4.972306638956069946e-02,4.422542452812194824e-02,1.576201915740966797e-01
4.973914846777915955e-02,4.417421296238899231e-02,1.579814851284027100e-01
4.973914846777915955e-02,4.417421296238899231e-02,1.579814851284027100e-01
4.975521191954612732e-02,4.412236064672470093e-02,1.583434641361236572e-01
4.975521191954612732e-02,4.412236064672470093e-02,1.583434641361236572e-01
4.977125674486160278e-02,4.406987503170967102e-02,1.587061136960983276e-01
4.977125674486160278e-02,4.406987503170967102e-02,1.587061136960983276e-01
4.978727921843528748e-02,4.401675611734390259e-02,1.590694785118103027e-01
4.978727921843528748e-02,4.401675611734390259e-02,1.590694785118103027e-01
4.980328306555747986e-02,4.396300017833709717e-02,1.594335436820983887e-01
4.980328306555747986e-02,4.396300017833709717e-02,1.594335436820983887e-01
4.981926456093788147e-02,4.390859976410865784e-02,1.597982794046401978e-01
4.981926456093788147e-02,4.390859976410865784e-02,1.597982794046401978e-01
4.983521997928619385e-02,4.385355487465858459e-02,1.601637154817581177e-01
4.983521997928619385e-02,4.385355487465858459e-02,1.601637154817581177e-01
4.985116049647331238e-02,4.379786923527717590e-02,1.605298519134521484e-01
4.985116049647331238e-02,4.379786923527717590e-02,1.605298519134521484e-01
4.986707866191864014e-02,4.374153912067413330e-02,1.608966737985610962e-01
4.986707866191864014e-02,4.374153912067413330e-02,1.608966737985610962e-01
4.988297447562217712e-02,4.368456453084945679e-02,1.612642258405685425e-01
4.988297447562217712e-02,4.368456453084945679e-02,1.612642258405685425e-01
4.989885166287422180e-02,4.362694546580314636e-02,1.616324633359909058e-01
4.989885166287422180e-02,4.362694546580314636e-02,1.616324633359909058e-01
4.991469904780387878e-02,4.356867074966430664e-02,1.620013862848281860e-01
4.991469904780387878e-02,4.356867074966430664e-02,1.620013862848281860e-01
4.993053153157234192e-02,4.350975155830383301e-02,1.623709946870803833e-01
4.993053153157234192e-02,4.350975155830383301e-02,1.623709946870803833e-01
4.994633421301841736e-02,4.345017671585083008e-02,1.627413481473922729e-01
4.994633421301841736e-02,4.345017671585083008e-02,1.627413481473922729e-01
4.996211826801300049e-02,4.338994622230529785e-02,1.631123721599578857e-01
4.996211826801300049e-02,4.338994622230529785e-02,1.631123721599578857e-01
4.997787624597549438e-02,4.332906752824783325e-02,1.634841114282608032e-01
4.997787624597549438e-02,4.332906752824783325e-02,1.634841114282608032e-01
4.999360814690589905e-02,4.326752945780754089e-02,1.638565659523010254e-01
4.999360814690589905e-02,4.326752945780754089e-02,1.638565659523010254e-01
5.000931769609451294e-02,4.320532828569412231e-02,1.642297208309173584e-01
5.000931769609451294e-02,4.320532828569412231e-02,1.642297208309173584e-01
5.002500489354133606e-02,4.314246773719787598e-02,1.646035760641098022e-01
5.002500489354133606e-02,4.314246773719787598e-02,1.646035760641098022e-01
5.004066973924636841e-02,4.307895153760910034e-02,1.649781465530395508e-01
5.004066973924636841e-02,4.307895153760910034e-02,1.649781465530395508e-01
5.005630478262901306e-02,4.301476851105690002e-02,1.653534322977066040e-01
5.005630478262901306e-02,4.301476851105690002e-02,1.653534322977066040e-01
5.007191374897956848e-02,4.294992238283157349e-02,1.657294183969497681e-01
5.007191374897956848e-02,4.294992238283157349e-02,1.657294183969497681e-01
5.008750408887863159e-02,4.288440942764282227e-02,1.661061197519302368e-01
5.008750408887863159e-02,4.288440942764282227e-02,1.661061197519302368e-01
5.010306462645530701e-02,4.281823337078094482e-02,1.664835214614868164e-01
5.010306462645530701e-02,4.281823337078094482e-02,1.664835214614868164e-01
5.011859163641929626e-02,4.275138676166534424e-02,1.668616384267807007e-01
5.011859163641929626e-02,4.275138676166534424e-02,1.668616384267807007e-01
5.013410374522209167e-02,4.268386214971542358e-02,1.672404855489730835e-01
5.013410374522209167e-02,4.268386214971542358e-02,1.672404855489730835e-01
5.014958232641220093e-02,4.261567816138267517e-02,1.676200628280639648e-01
5.014958232641220093e-02,4.261567816138267517e-02,1.676200628280639648e-01
5.016503855586051941e-02,4.254681244492530823e-02,1.680003106594085693e-01
5.016503855586051941e-02,4.254681244492530823e-02,1.680003106594085693e-01
5.018046870827674866e-02,4.247727617621421814e-02,1.683813184499740601e-01
5.018046870827674866e-02,4.247727617621421814e-02,1.683813184499740601e-01
5.019587278366088867e-02,4.240706562995910645e-02,1.687630265951156616e-01
5.019587278366088867e-02,4.240706562995910645e-02,1.687630265951156616e-01
5.021124705672264099e-02,4.233616963028907776e-02,1.691454499959945679e-01
5.021124705672264099e-02,4.233616963028907776e-02,1.691454499959945679e-01
5.022658407688140869e-02,4.226459190249443054e-02,1.695286035537719727e-01
5.022658407688140869e-02,4.226459190249443054e-02,1.695286035537719727e-01
5.024190247058868408e-02,4.219234734773635864e-02,1.699124872684478760e-01
5.024190247058868408e-02,4.219234734773635864e-02,1.699124872684478760e-01
5.025718733668327332e-02,4.211940616369247437e-02,1.702970713376998901e-01
5.025718733668327332e-02,4.211940616369247437e-02,1.702970713376998901e-01
5.027244985103607178e-02,4.204579070210456848e-02,1.706824004650115967e-01
5.027244985103607178e-02,4.204579070210456848e-02,1.706824004650115967e-01
5.028768256306648254e-02,4.197148233652114868e-02,1.710684448480606079e-01
5.028768256306648254e-02,4.197148233652114868e-02,1.710684448480606079e-01
5.030288174748420715e-02,4.189649224281311035e-02,1.714552193880081177e-01
5.030288174748420715e-02,4.189649224281311035e-02,1.714552193880081177e-01
5.031805112957954407e-02,4.182080924510955811e-02,1.718427091836929321e-01
5.031805112957954407e-02,4.182080924510955811e-02,1.718427091836929321e-01
5.033319070935249329e-02,4.174444079399108887e-02,1.722309440374374390e-01
5.033319070935249329e-02,4.174444079399108887e-02,1.722309440374374390e-01
5.034830421209335327e-02,4.166737943887710571e-02,1.726199090480804443e-01
5.034830421209335327e-02,4.166737943887710571e-02,1.726199090480804443e-01
5.036338418722152710e-02,4.158962517976760864e-02,1.730095893144607544e-01
5.036338418722152710e-02,4.158962517976760864e-02,1.730095893144607544e-01
5.037843063473701477e-02,4.151117056608200073e-02,1.733999997377395630e-01
5.037843063473701477e-02,4.151117056608200073e-02,1.733999997377395630e-01
5.039345100522041321e-02,4.143203049898147583e-02,1.737911552190780640e-01
5.039345100522041321e-02,4.143203049898147583e-02,1.737911552190780640e-01
5.040843412280082703e-02,4.135218262672424316e-02,1.741830408573150635e-01
5.040843412280082703e-02,4.135218262672424316e-02,1.741830408573150635e-01
5.042339488863945007e-02,4.127164185047149658e-02,1.745756715536117554e-01
5.042339488863945007e-02,4.127164185047149658e-02,1.745756715536117554e-01
5.043831840157508850e-02,4.119040071964263916e-02,1.749690324068069458e-01
5.043831840157508850e-02,4.119040071964263916e-02,1.749690324068069458e-01
5.045321211218833923e-02,4.110845550894737244e-02,1.753631234169006348e-01
5.045321211218833923e-02,4.110845550894737244e-02,1.753631234169006348e-01
5.046806856989860535e-02,4.102580249309539795e-02,1.757579594850540161e-01
5.046806856989860535e-02,4.102580249309539795e-02,1.757579594850540161e-01
5.048289522528648376e-02,4.094244539737701416e-02,1.761535257101058960e-01
5.048289522528648376e-02,4.094244539737701416e-02,1.761535257101058960e-01
5.049768835306167603e-02,4.085838794708251953e-02,1.765498518943786621e-01
5.049768835306167603e-02,4.085838794708251953e-02,1.765498518943786621e-01
5.051245167851448059e-02,4.077361524105072021e-02,1.769469082355499268e-01
5.051245167851448059e-02,4.077361524105072021e-02,1.769469082355499268e-01
5.052717402577400208e-02,4.068813845515251160e-02,1.773446947336196899e-01
5.052717402577400208e-02,4.068813845515251160e-02,1.773446947336196899e-01
5.054187029600143433e-02,4.060195013880729675e-02,1.777432262897491455e-01
5.054187029600143433e-02,4.060195013880729675e-02,1.777432262897491455e-01
5.055652931332588196e-02,4.051504284143447876e-02,1.781425327062606812e-01
5.055652931332588196e-02,4.051504284143447876e-02,1.781425327062606812e-01
5.057115480303764343e-02,4.042742401361465454e-02,1.785425394773483276e-01
5.057115480303764343e-02,4.042742401361465454e-02,1.785425394773483276e-01
5.058574303984642029e-02,4.033909365534782410e-02,1.789433211088180542e-01
5.058574303984642029e-02,4.033909365534782410e-02,1.789433211088180542e-01
5.060030147433280945e-02,4.025003686547279358e-02,1.793448477983474731e-01
5.060030147433280945e-02,4.025003686547279358e-02,1.793448477983474731e-01
5.061482265591621399e-02,4.016026854515075684e-02,1.797471046447753906e-01
5.061482265591621399e-02,4.016026854515075684e-02,1.797471046447753906e-01
5.062931030988693237e-02,4.006978124380111694e-02,1.801501214504241943e-01
5.062931030988693237e-02,4.006978124380111694e-02,1.801501214504241943e-01
5.064374953508377075e-02,3.997857123613357544e-02,1.805538982152938843e-01
5.064374953508377075e-02,3.997857123613357544e-02,1.805538982152938843e-01
5.065817013382911682e-02,3.988663107156753540e-02,1.809584349393844604e-01
5.065817013382911682e-02,3.988663107156753540e-02,1.809584349393844604e-01
5.067254230380058289e-02,3.979397565126419067e-02,1.813637018203735352e-01
5.067254230380058289e-02,3.979397565126419067e-02,1.813637018203735352e-01
5.068688839673995972e-02,3.970058634877204895e-02,1.817697286605834961e-01
5.068688839673995972e-02,3.970058634877204895e-02,1.817697286605834961e-01
5.070118978619575500e-02,3.960647433996200562e-02,1.821765154600143433e-01
5.070118978619575500e-02,3.960647433996200562e-02,1.821765154600143433e-01
5.071545392274856567e-02,3.951162844896316528e-02,1.825840473175048828e-01
5.071545392274856567e-02,3.951162844896316528e-02,1.825840473175048828e-01
5.072968453168869019e-02,3.941605612635612488e-02,1.829923540353775024e-01
5.072968453168869019e-02,3.941605612635612488e-02,1.829923540353775024e-01
5.074387788772583008e-02,3.931974619626998901e-02,1.834014058113098145e-01
5.074387788772583008e-02,3.931974619626998901e-02,1.834014058113098145e-01
5.075802654027938843e-02,3.922269865870475769e-02,1.838112324476242065e-01
5.075802654027938843e-02,3.922269865870475769e-02,1.838112324476242065e-01
5.077214539051055908e-02,3.912492841482162476e-02,1.842218190431594849e-01
5.077214539051055908e-02,3.912492841482162476e-02,1.842218190431594849e-01
5.078621953725814819e-02,3.902640566229820251e-02,1.846331208944320679e-01
5.078621953725814819e-02,3.902640566229820251e-02,1.846331208944320679e-01
5.080025643110275269e-02,3.892715647816658020e-02,1.850452274084091187e-01
5.080025643110275269e-02,3.892715647816658020e-02,1.850452274084091187e-01
5.081425607204437256e-02,3.882716223597526550e-02,1.854580938816070557e-01
5.081425607204437256e-02,3.882716223597526550e-02,1.854580938816070557e-01
5.082821846008300781e-02,3.872643038630485535e-02,1.858717203140258789e-01
5.082821846008300781e-02,3.872643038630485535e-02,1.858717203140258789e-01
5.084213986992835999e-02,3.862494975328445435e-02,1.862861216068267822e-01
5.084213986992835999e-02,3.862494975328445435e-02,1.862861216068267822e-01
5.085601657629013062e-02,3.852272778749465942e-02,1.867012679576873779e-01
5.085601657629013062e-02,3.852272778749465942e-02,1.867012679576873779e-01
5.086985602974891663e-02,3.841975703835487366e-02,1.871171891689300537e-01
5.086985602974891663e-02,3.841975703835487366e-02,1.871171891689300537e-01
5.088365450501441956e-02,3.831604495644569397e-02,1.875338852405548096e-01
5.088365450501441956e-02,3.831604495644569397e-02,1.875338852405548096e-01
5.089741200208663940e-02,3.821157664060592651e-02,1.879513561725616455e-01
5.089741200208663940e-02,3.821157664060592651e-02,1.879513561725616455e-01
5.091113224625587463e-02,3.810635954141616821e-02,1.883696019649505615e-01
5.091113224625587463e-02,3.810635954141616821e-02,1.883696019649505615e-01
5.092481151223182678e-02,3.800039365887641907e-02,1.887885928153991699e-01
5.092481151223182678e-02,3.800039365887641907e-02,1.887885928153991699e-01
5.093844234943389893e-02,3.789367154240608215e-02,1.892083734273910522e-01
5.093844234943389893e-02,3.789367154240608215e-02,1.892083734273910522e-01
5.095203965902328491e-02,3.778619319200515747e-02,1.896289288997650146e-01
5.095203965902328491e-02,3.778619319200515747e-02,1.896289288997650146e-01
5.096558853983879089e-02,3.767795488238334656e-02,1.900502592325210571e-01
5.096558853983879089e-02,3.767795488238334656e-02,1.900502592325210571e-01
5.097909644246101379e-02,3.756896406412124634e-02,1.904723793268203735e-01
5.097909644246101379e-02,3.756896406412124634e-02,1.904723793268203735e-01
5.099256336688995361e-02,3.745920956134796143e-02,1.908952295780181885e-01
5.099256336688995361e-02,3.745920956134796143e-02,1.908952295780181885e-01
5.100598558783531189e-02,3.734869509935379028e-02,1.913188993930816650e-01
5.100598558783531189e-02,3.734869509935379028e-02,1.913188993930816650e-01
5.101936310529708862e-02,3.723741695284843445e-02,1.917433440685272217e-01
5.101936310529708862e-02,3.723741695284843445e-02,1.917433440685272217e-01
5.103269964456558228e-02,3.712537884712219238e-02,1.921685487031936646e-01
5.103269964456558228e-02,3.712537884712219238e-02,1.921685487031936646e-01
5.104599148035049438e-02,3.701256960630416870e-02,1.925945580005645752e-01
5.104599148035049438e-02,3.701256960630416870e-02,1.925945580005645752e-01
5.105924233794212341e-02,3.689899668097496033e-02,1.930213421583175659e-01
5.105924233794212341e-02,3.689899668097496033e-02,1.930213421583175659e-01
5.107244476675987244e-02,3.678465262055397034e-02,1.934488862752914429e-01
5.107244476675987244e-02,3.678465262055397034e-02,1.934488862752914429e-01
5.108560621738433838e-02,3.666953742504119873e-02,1.938772499561309814e-01
5.108560621738433838e-02,3.666953742504119873e-02,1.938772499561309814e-01
5.109871923923492432e-02,3.655365109443664551e-02,1.943064033985137939e-01
5.109871923923492432e-02,3.655365109443664551e-02,1.943064033985137939e-01
5.111179128289222717e-02,3.643699735403060913e-02,1.947363018989562988e-01
5.111179128289222717e-02,3.643699735403060913e-02,1.947363018989562988e-01
5.112481489777565002e-02,3.631955757737159729e-02,1.951670199632644653e-01
5.112481489777565002e-02,3.631955757737159729e-02,1.951670199632644653e-01
5.113779380917549133e-02,3.620134666562080383e-02,1.955985277891159058e-01
5.113779380917549133e-02,3.620134666562080383e-02,1.955985277891159058e-01
5.115072429180145264e-02,3.608236089348793030e-02,1.960308104753494263e-01
5.115072429180145264e-02,3.608236089348793030e-02,1.960308104753494263e-01
5.116361379623413086e-02,3.596259281039237976e-02,1.964638978242874146e-01
5.116361379623413086e-02,3.596259281039237976e-02,1.964638978242874146e-01
5.117645487189292908e-02,3.584204241633415222e-02,1.968977600336074829e-01
5.117645487189292908e-02,3.584204241633415222e-02,1.968977600336074829e-01
5.118924379348754883e-02,3.572070971131324768e-02,1.973324269056320190e-01
5.118924379348754883e-02,3.572070971131324768e-02,1.973324269056320190e-01
5.120198801159858704e-02,3.559859097003936768e-02,1.977678984403610229e-01
5.120198801159858704e-02,3.559859097003936768e-02,1.977678984403610229e-01
5.121468752622604370e-02,3.547569364309310913e-02,1.982041597366333008e-01
5.121468752622604370e-02,3.547569364309310913e-02,1.982041597366333008e-01
5.122733861207962036e-02,3.535199910402297974e-02,1.986411958932876587e-01
5.122733861207962036e-02,3.535199910402297974e-02,1.986411958932876587e-01
5.123994499444961548e-02,3.522752597928047180e-02,1.990790367126464844e-01
5.123994499444961548e-02,3.522752597928047180e-02,1.990790367126464844e-01
5.125249549746513367e-02,3.510225564241409302e-02,1.995176821947097778e-01
5.125249549746513367e-02,3.510225564241409302e-02,1.995176821947097778e-01
5.126500129699707031e-02,3.497619554400444031e-02,1.999571174383163452e-01
5.126500129699707031e-02,3.497619554400444031e-02,1.999571174383163452e-01
5.127746239304542542e-02,3.484934568405151367e-02,2.003973573446273804e-01
5.127746239304542542e-02,3.484934568405151367e-02,2.003973573446273804e-01
5.128986760973930359e-02,3.472169861197471619e-02,2.008383870124816895e-01
5.128986760973930359e-02,3.472169861197471619e-02,2.008383870124816895e-01
5.130223184823989868e-02,3.459325060248374939e-02,2.012802660465240479e-01
5.130223184823989868e-02,3.459325060248374939e-02,2.012802660465240479e-01
5.131454020738601685e-02,3.446401283144950867e-02,2.017229050397872925e-01
5.131454020738601685e-02,3.446401283144950867e-02,2.017229050397872925e-01
5.132680013775825500e-02,3.433397039771080017e-02,2.021663486957550049e-01
5.132680013775825500e-02,3.433397039771080017e-02,2.021663486957550049e-01
5.133900418877601624e-02,3.420313075184822083e-02,2.026106119155883789e-01
5.133900418877601624e-02,3.420313075184822083e-02,2.026106119155883789e-01
5.135116726160049438e-02,3.407148644328117371e-02,2.030556946992874146e-01
5.135116726160049438e-02,3.407148644328117371e-02,2.030556946992874146e-01
5.136327445507049561e-02,3.393903747200965881e-02,2.035015523433685303e-01
5.136327445507049561e-02,3.393903747200965881e-02,2.035015523433685303e-01
5.137533321976661682e-02,3.380578383803367615e-02,2.039482444524765015e-01
5.137533321976661682e-02,3.380578383803367615e-02,2.039482444524765015e-01
5.138733983039855957e-02,3.367172554135322571e-02,2.043957412242889404e-01
5.138733983039855957e-02,3.367172554135322571e-02,2.043957412242889404e-01
5.139929428696632385e-02,3.353685513138771057e-02,2.048440426588058472e-01
5.139929428696632385e-02,3.353685513138771057e-02,2.048440426588058472e-01
5.141119658946990967e-02,3.340118005871772766e-02,2.052931487560272217e-01
5.141119658946990967e-02,3.340118005871772766e-02,2.052931487560272217e-01
5.142305418848991394e-02,3.326468914747238159e-02,2.057430893182754517e-01
5.142305418848991394e-02,3.326468914747238159e-02,2.057430893182754517e-01
5.143484845757484436e-02,3.312738984823226929e-02,2.061938345432281494e-01
5.143484845757484436e-02,3.312738984823226929e-02,2.061938345432281494e-01
5.144659429788589478e-02,3.298927098512649536e-02,2.066453844308853149e-01
5.144659429788589478e-02,3.298927098512649536e-02,2.066453844308853149e-01
5.145828798413276672e-02,3.285033628344535828e-02,2.070977687835693359e-01
5.145828798413276672e-02,3.285033628344535828e-02,2.070977687835693359e-01
5.146992951631546021e-02,3.271058946847915649e-02,2.075509577989578247e-01
5.146992951631546021e-02,3.271058946847915649e-02,2.075509577989578247e-01
5.148151516914367676e-02,3.257001936435699463e-02,2.080049663782119751e-01
5.148151516914367676e-02,3.257001936435699463e-02,2.080049663782119751e-01
5.149304866790771484e-02,3.242862969636917114e-02,2.084597796201705933e-01
5.149304866790771484e-02,3.242862969636917114e-02,2.084597796201705933e-01
5.150452628731727600e-02,3.228642046451568604e-02,2.089154422283172607e-01
5.150452628731727600e-02,3.228642046451568604e-02,2.089154422283172607e-01
5.151594802737236023e-02,3.214338421821594238e-02,2.093719244003295898e-01
5.151594802737236023e-02,3.214338421821594238e-02,2.093719244003295898e-01
5.152731761336326599e-02,3.199952095746994019e-02,2.098292112350463867e-01
5.152731761336326599e-02,3.199952095746994019e-02,2.098292112350463867e-01
5.153863504528999329e-02,3.185483440756797791e-02,2.102873176336288452e-01
5.153863504528999329e-02,3.185483440756797791e-02,2.102873176336288452e-01
5.154989287257194519e-02,3.170932084321975708e-02,2.107462584972381592e-01
5.154989287257194519e-02,3.170932084321975708e-02,2.107462584972381592e-01
5.156110227108001709e-02,3.156297653913497925e-02,2.112060338258743286e-01
5.156110227108001709e-02,3.156297653913497925e-02,2.112060338258743286e-01
5.157224461436271667e-02,3.141580149531364441e-02,2.116666436195373535e-01
5.157224461436271667e-02,3.141580149531364441e-02,2.116666436195373535e-01
5.158333852887153625e-02,3.126779198646545410e-02,2.121280431747436523e-01
5.158333852887153625e-02,3.126779198646545410e-02,2.121280431747436523e-01
5.159437283873558044e-02,3.111894987523555756e-02,2.125902771949768066e-01
5.159437283873558044e-02,3.111894987523555756e-02,2.125902771949768066e-01
5.160535499453544617e-02,3.096927329897880554e-02,2.130533754825592041e-01
5.160535499453544617e-02,3.096927329897880554e-02,2.130533754825592041e-01
5.161627754569053650e-02,3.081875666975975037e-02,2.135172635316848755e-01
5.161627754569053650e-02,3.081875666975975037e-02,2.135172635316848755e-01
5.162714049220085144e-02,3.066740371286869049e-02,2.139820307493209839e-01
5.162714049220085144e-02,3.066740371286869049e-02,2.139820307493209839e-01
5.163795500993728638e-02,3.051520697772502899e-02,2.144476026296615601e-01
5.163795500993728638e-02,3.051520697772502899e-02,2.144476026296615601e-01
5.164870619773864746e-02,3.036217391490936279e-02,2.149140089750289917e-01
5.164870619773864746e-02,3.036217391490936279e-02,2.149140089750289917e-01
5.165939778089523315e-02,3.020829148590564728e-02,2.153812348842620850e-01
5.165939778089523315e-02,3.020829148590564728e-02,2.153812348842620850e-01
5.167003348469734192e-02,3.005357086658477783e-02,2.158493250608444214e-01
5.167003348469734192e-02,3.005357086658477783e-02,2.158493250608444214e-01
5.168060958385467529e-02,2.989799901843070984e-02,2.163182497024536133e-01
5.168060958385467529e-02,2.989799901843070984e-02,2.163182497024536133e-01
5.169112607836723328e-02,2.974157966673374176e-02,2.167879939079284668e-01
5.169112607836723328e-02,2.974157966673374176e-02,2.167879939079284668e-01
5.170158669352531433e-02,2.958431467413902283e-02,2.172586023807525635e-01
5.170158669352531433e-02,2.958431467413902283e-02,2.172586023807525635e-01
5.171198770403862000e-02,2.942619659006595612e-02,2.177300453186035156e-01
5.171198770403862000e-02,2.942619659006595612e-02,2.177300453186035156e-01
5.172232538461685181e-02,2.926722541451454163e-02,2.182023078203201294e-01
5.172232538461685181e-02,2.926722541451454163e-02,2.182023078203201294e-01
5.173260718584060669e-02,2.910740114748477936e-02,2.186754345893859863e-01
5.173260718584060669e-02,2.910740114748477936e-02,2.186754345893859863e-01
5.174282565712928772e-02,2.894672006368637085e-02,2.191493958234786987e-01
5.174282565712928772e-02,2.894672006368637085e-02,2.191493958234786987e-01
5.175298824906349182e-02,2.878518588840961456e-02,2.196242064237594604e-01
5.175298824906349182e-02,2.878518588840961456e-02,2.196242064237594604e-01
5.176308751106262207e-02,2.862278930842876434e-02,2.200998514890670776e-01
5.176308751106262207e-02,2.862278930842876434e-02,2.200998514890670776e-01
5.177312716841697693e-02,2.845953404903411865e-02,2.205763608217239380e-01
5.177312716841697693e-02,2.845953404903411865e-02,2.205763608217239380e-01
5.178310722112655640e-02,2.829541824758052826e-02,2.210537195205688477e-01
5.178310722112655640e-02,2.829541824758052826e-02,2.210537195205688477e-01
5.179301649332046509e-02,2.813043817877769470e-02,2.215319126844406128e-01
5.179301649332046509e-02,2.813043817877769470e-02,2.215319126844406128e-01
5.180286988615989685e-02,2.796459570527076721e-02,2.220109552145004272e-01
5.180286988615989685e-02,2.796459570527076721e-02,2.220109552145004272e-01
5.181265994906425476e-02,2.779788523912429810e-02,2.224908471107482910e-01
5.181265994906425476e-02,2.779788523912429810e-02,2.224908471107482910e-01
5.182239413261413574e-02,2.763030864298343658e-02,2.229716032743453979e-01
5.182239413261413574e-02,2.763030864298343658e-02,2.229716032743453979e-01
5.183205753564834595e-02,2.746186032891273499e-02,2.234532088041305542e-01
5.183205753564834595e-02,2.746186032891273499e-02,2.234532088041305542e-01
5.184166133403778076e-02,2.729254215955734253e-02,2.239356637001037598e-01
5.184166133403778076e-02,2.729254215955734253e-02,2.239356637001037598e-01
5.185120180249214172e-02,2.712235413491725922e-02,2.244189679622650146e-01
5.185120180249214172e-02,2.712235413491725922e-02,2.244189679622650146e-01
5.186068266630172729e-02,2.695129252970218658e-02,2.249031364917755127e-01
5.186068266630172729e-02,2.695129252970218658e-02,2.249031364917755127e-01
5.187009647488594055e-02,2.677935361862182617e-02,2.253881543874740601e-01
5.187009647488594055e-02,2.677935361862182617e-02,2.253881543874740601e-01
5.187944695353507996e-02,2.660653740167617798e-02,2.258740365505218506e-01
5.187944695353507996e-02,2.660653740167617798e-02,2.258740365505218506e-01
5.188872665166854858e-02,2.643284574151039124e-02,2.263607829809188843e-01
5.188872665166854858e-02,2.643284574151039124e-02,2.263607829809188843e-01
5.189794674515724182e-02,2.625827491283416748e-02,2.268484085798263550e-01
5.189794674515724182e-02,2.625827491283416748e-02,2.268484085798263550e-01
5.190710350871086121e-02,2.608281932771205902e-02,2.273368686437606812e-01
5.190710350871086121e-02,2.608281932771205902e-02,2.273368686437606812e-01
5.191619694232940674e-02,2.590648457407951355e-02,2.278261780738830566e-01
5.191619694232940674e-02,2.590648457407951355e-02,2.278261780738830566e-01
5.192522332072257996e-02,2.572926506400108337e-02,2.283163815736770630e-01
5.192522332072257996e-02,2.572926506400108337e-02,2.283163815736770630e-01
5.193417891860008240e-02,2.555115893483161926e-02,2.288074344396591187e-01
5.193417891860008240e-02,2.555115893483161926e-02,2.288074344396591187e-01
5.194307118654251099e-02,2.537216432392597198e-02,2.292993366718292236e-01
5.194307118654251099e-02,2.537216432392597198e-02,2.292993366718292236e-01
5.195190012454986572e-02,2.519228309392929077e-02,2.297921627759933472e-01
5.195190012454986572e-02,2.519228309392929077e-02,2.297921627759933472e-01
5.196066200733184814e-02,2.501150965690612793e-02,2.302857935428619385e-01
5.196066200733184814e-02,2.501150965690612793e-02,2.302857935428619385e-01
5.196936056017875671e-02,2.482984587550163269e-02,2.307803332805633545e-01
5.196936056017875671e-02,2.482984587550163269e-02,2.307803332805633545e-01
5.197798833250999451e-02,2.464728802442550659e-02,2.312757074832916260e-01
5.197798833250999451e-02,2.464728802442550659e-02,2.312757074832916260e-01
5.198654532432556152e-02,2.446383796632289886e-02,2.317719906568527222e-01
5.198654532432556152e-02,2.446383796632289886e-02,2.317719906568527222e-01
5.199503898620605469e-02,2.427948638796806335e-02,2.322691082954406738e-01
5.199503898620605469e-02,2.427948638796806335e-02,2.322691082954406738e-01
5.200346559286117554e-02,2.409424073994159698e-02,2.327671349048614502e-01
5.200346559286117554e-02,2.409424073994159698e-02,2.327671349048614502e-01
5.201182141900062561e-02,2.390809543430805206e-02,2.332660257816314697e-01
5.201182141900062561e-02,2.390809543430805206e-02,2.332660257816314697e-01
5.202011018991470337e-02,2.372104860842227936e-02,2.337657958269119263e-01
5.202011018991470337e-02,2.372104860842227936e-02,2.337657958269119263e-01
5.202832445502281189e-02,2.353310026228427887e-02,2.342664301395416260e-01
5.202832445502281189e-02,2.353310026228427887e-02,2.342664301395416260e-01
5.203647539019584656e-02,2.334424667060375214e-02,2.347679138183593750e-01
5.203647539019584656e-02,2.334424667060375214e-02,2.347679138183593750e-01
5.204455181956291199e-02,2.315448783338069916e-02,2.352703213691711426e-01
5.204455181956291199e-02,2.315448783338069916e-02,2.352703213691711426e-01
5.205256864428520203e-02,2.296382188796997070e-02,2.357735931873321533e-01
5.205256864428520203e-02,2.296382188796997070e-02,2.357735931873321533e-01
5.206051468849182129e-02,2.277224883437156677e-02,2.362777590751647949e-01
5.206051468849182129e-02,2.277224883437156677e-02,2.362777590751647949e-01
5.206838622689247131e-02,2.257976680994033813e-02,2.367827743291854858e-01
5.206838622689247131e-02,2.257976680994033813e-02,2.367827743291854858e-01
5.207618325948715210e-02,2.238636836409568787e-02,2.372886836528778076e-01
5.207618325948715210e-02,2.238636836409568787e-02,2.372886836528778076e-01
5.208391323685646057e-02,2.219206094741821289e-02,2.377955019474029541e-01
5.208391323685646057e-02,2.219206094741821289e-02,2.377955019474029541e-01
5.209157615900039673e-02,2.199683897197246552e-02,2.383031994104385376e-01
5.209157615900039673e-02,2.199683897197246552e-02,2.383031994104385376e-01
5.209916457533836365e-02,2.180070057511329651e-02,2.388117611408233643e-01
5.209916457533836365e-02,2.180070057511329651e-02,2.388117611408233643e-01
5.210667848587036133e-02,2.160364203155040741e-02,2.393212020397186279e-01
5.210667848587036133e-02,2.160364203155040741e-02,2.393212020397186279e-01
5.211412534117698669e-02,2.140566706657409668e-02,2.398315519094467163e-01
5.211412534117698669e-02,2.140566706657409668e-02,2.398315519094467163e-01
5.212149769067764282e-02,2.120677009224891663e-02,2.403427958488464355e-01
5.212149769067764282e-02,2.120677009224891663e-02,2.403427958488464355e-01
5.212879925966262817e-02,2.100695110857486725e-02,2.408549040555953979e-01
5.212879925966262817e-02,2.100695110857486725e-02,2.408549040555953979e-01
5.213603004813194275e-02,2.080620825290679932e-02,2.413679212331771851e-01
5.213603004813194275e-02,2.080620825290679932e-02,2.413679212331771851e-01
5.214318633079528809e-02,2.060454152524471283e-02,2.418818473815917969e-01
5.214318633079528809e-02,2.060454152524471283e-02,2.418818473815917969e-01
5.215026810765266418e-02,2.040195092558860779e-02,2.423966377973556519e-01
5.215026810765266418e-02,2.040195092558860779e-02,2.423966377973556519e-01
5.215727537870407104e-02,2.019842714071273804e-02,2.429123371839523315e-01
5.215727537870407104e-02,2.019842714071273804e-02,2.429123371839523315e-01
5.216420441865921021e-02,1.999397389590740204e-02,2.434289306402206421e-01
5.216420441865921021e-02,1.999397389590740204e-02,2.434289306402206421e-01
5.217107012867927551e-02,1.978859119117259979e-02,2.439464181661605835e-01
5.217107012867927551e-02,1.978859119117259979e-02,2.439464181661605835e-01
5.217785760760307312e-02,1.958227530121803284e-02,2.444647997617721558e-01
5.217785760760307312e-02,1.958227530121803284e-02,2.444647997617721558e-01
5.218457058072090149e-02,1.937502622604370117e-02,2.449840903282165527e-01
5.218457058072090149e-02,1.937502622604370117e-02,2.449840903282165527e-01
5.219120532274246216e-02,1.916683837771415710e-02,2.455042451620101929e-01
5.219120532274246216e-02,1.916683837771415710e-02,2.455042451620101929e-01
5.219777300953865051e-02,1.895771548151969910e-02,2.460253387689590454e-01
5.219777300953865051e-02,1.895771548151969910e-02,2.460253387689590454e-01
5.220425873994827271e-02,1.874765194952487946e-02,2.465473264455795288e-01
5.220425873994827271e-02,1.874765194952487946e-02,2.465473264455795288e-01
5.221066996455192566e-02,1.853665336966514587e-02,2.470702081918716431e-01
5.221066996455192566e-02,1.853665336966514587e-02,2.470702081918716431e-01
5.221700668334960938e-02,1.832470856606960297e-02,2.475939989089965820e-01
5.221700668334960938e-02,1.832470856606960297e-02,2.475939989089965820e-01
5.222326517105102539e-02,1.811182126402854919e-02,2.481186985969543457e-01
5.222326517105102539e-02,1.811182126402854919e-02,2.481186985969543457e-01
5.222944915294647217e-02,1.789798773825168610e-02,2.486442923545837402e-01
5.222944915294647217e-02,1.789798773825168610e-02,2.486442923545837402e-01
5.223555117845535278e-02,1.768320798873901367e-02,2.491708099842071533e-01
5.223555117845535278e-02,1.768320798873901367e-02,2.491708099842071533e-01
5.224157869815826416e-02,1.746748201549053192e-02,2.496982067823410034e-01
5.224157869815826416e-02,1.746748201549053192e-02,2.496982067823410034e-01
5.224753543734550476e-02,1.725080609321594238e-02,2.502265274524688721e-01
5.224753543734550476e-02,1.725080609321594238e-02,2.502265274524688721e-01
5.225341022014617920e-02,1.703318022191524506e-02,2.507557868957519531e-01
5.225341022014617920e-02,1.703318022191524506e-02,2.507557868957519531e-01
5.225921049714088440e-02,1.681459881365299225e-02,2.512859404087066650e-01
5.225921049714088440e-02,1.681459881365299225e-02,2.512859404087066650e-01
5.226492509245872498e-02,1.659506373107433319e-02,2.518169879913330078e-01
5.226492509245872498e-02,1.659506373107433319e-02,2.518169879913330078e-01
5.227056890726089478e-02,1.637457683682441711e-02,2.523489594459533691e-01
5.227056890726089478e-02,1.637457683682441711e-02,2.523489594459533691e-01
5.227612704038619995e-02,1.615312881767749786e-02,2.528818249702453613e-01
5.227612704038619995e-02,1.615312881767749786e-02,2.528818249702453613e-01
5.228160694241523743e-02,1.593072526156902313e-02,2.534156143665313721e-01
5.228160694241523743e-02,1.593072526156902313e-02,2.534156143665313721e-01
5.228701233863830566e-02,1.570736058056354523e-02,2.539503574371337891e-01
5.228701233863830566e-02,1.570736058056354523e-02,2.539503574371337891e-01
5.229233577847480774e-02,1.548303384333848953e-02,2.544859945774078369e-01
5.229233577847480774e-02,1.548303384333848953e-02,2.544859945774078369e-01
5.229758098721504211e-02,1.525774598121643066e-02,2.550225555896759033e-01
5.229758098721504211e-02,1.525774598121643066e-02,2.550225555896759033e-01
5.230274796485900879e-02,1.503149233758449554e-02,2.555600106716156006e-01
5.230274796485900879e-02,1.503149233758449554e-02,2.555600106716156006e-01
5.230782553553581238e-02,1.480427104979753494e-02,2.560984194278717041e-01
5.230782553553581238e-02,1.480427104979753494e-02,2.560984194278717041e-01
5.231282860040664673e-02,1.457608398050069809e-02,2.566377222537994385e-01
5.231282860040664673e-02,1.457608398050069809e-02,2.566377222537994385e-01
5.231774970889091492e-02,1.434692740440368652e-02,2.571779489517211914e-01
5.231774970889091492e-02,1.434692740440368652e-02,2.571779489517211914e-01
5.232259258627891541e-02,1.411680039018392563e-02,2.577191293239593506e-01
5.232259258627891541e-02,1.411680039018392563e-02,2.577191293239593506e-01
5.232735350728034973e-02,1.388570107519626617e-02,2.582612037658691406e-01
5.232735350728034973e-02,1.388570107519626617e-02,2.582612037658691406e-01
5.233202874660491943e-02,1.365362759679555893e-02,2.588042318820953369e-01
5.233202874660491943e-02,1.365362759679555893e-02,2.588042318820953369e-01
5.233662575483322144e-02,1.342057809233665466e-02,2.593481540679931641e-01
5.233662575483322144e-02,1.342057809233665466e-02,2.593481540679931641e-01
5.234113708138465881e-02,1.318655349314212799e-02,2.598930299282073975e-01
5.234113708138465881e-02,1.318655349314212799e-02,2.598930299282073975e-01
5.234557017683982849e-02,1.295155007392168045e-02,2.604388296604156494e-01
5.234557017683982849e-02,1.295155007392168045e-02,2.604388296604156494e-01
5.234991759061813354e-02,1.271556504070758820e-02,2.609855532646179199e-01
5.234991759061813354e-02,1.271556504070758820e-02,2.609855532646179199e-01
5.235418304800987244e-02,1.247860211879014969e-02,2.615332007408142090e-01
5.235418304800987244e-02,1.247860211879014969e-02,2.615332007408142090e-01
5.235836282372474670e-02,1.224065385758876801e-02,2.620818018913269043e-01
5.235836282372474670e-02,1.224065385758876801e-02,2.620818018913269043e-01
5.236246064305305481e-02,1.200172305107116699e-02,2.626312971115112305e-01
5.236246064305305481e-02,1.200172305107116699e-02,2.626312971115112305e-01
5.236647278070449829e-02,1.176180504262447357e-02,2.631817758083343506e-01
5.236647278070449829e-02,1.176180504262447357e-02,2.631817758083343506e-01
-7.162326574325561523e-02,-1.687273755669593811e-02,3.868813626468181610e-03
-7.162326574325561523e-02,-1.687273755669593811e-02,3.868813626468181610e-03
-7.159888744354248047e-02,-1.718343049287796021e-02,3.440424567088484764e-03
-7.159888744354248047e-02,-1.718343049287796021e-02,3.440424567088484764e-03
-7.157450914382934570e-02,-1.749281398952007294e-02,3.013304201886057854e-03
-7.157450914382934570e-02,-1.749281398952007294e-02,3.013304201886057854e-03
-7.155012339353561401e-02,-1.780088804662227631e-02,2.587449271231889725e-03
-7.155012339353561401e-02,-1.780088804662227631e-02,2.587449271231889725e-03
-7.152573764324188232e-02,-1.810765825212001801e-02,2.162857446819543839e-03
-7.152573764324188232e-02,-1.810765825212001801e-02,2.162857446819543839e-03
-7.150135189294815063e-02,-1.841311901807785034e-02,1.739525585435330868e-03
-7.150135189294815063e-02,-1.841311901807785034e-02,1.739525585435330868e-03
-7.147695869207382202e-02,-1.871727593243122101e-02,1.317450543865561485e-03
-7.147695869207382202e-02,-1.871727593243122101e-02,1.317450543865561485e-03
-7.145256549119949341e-02,-1.902013458311557770e-02,8.966298191808164120e-04
-7.145256549119949341e-02,-1.902013458311557770e-02,8.966298191808164120e-04
-7.142817229032516479e-02,-1.932168938219547272e-02,4.770607338286936283e-04
-7.142817229032516479e-02,-1.932168938219547272e-02,4.770607338286936283e-04
-7.140378654003143311e-02,-1.962195523083209991e-02,5.874025009688921273e-05
-7.140378654003143311e-02,-1.962195523083209991e-02,5.874025009688921273e-05
-7.137938588857650757e-02,-1.992092281579971313e-02,-3.583343932405114174e-04
-7.137938588857650757e-02,-1.992092281579971313e-02,-3.583343932405114174e-04
-7.135500013828277588e-02,-2.021859958767890930e-02,-7.741668960079550743e-04
-7.135500013828277588e-02,-2.021859958767890930e-02,-7.741668960079550743e-04
-7.133059948682785034e-02,-2.051498182117938995e-02,-1.188759226351976395e-03
-7.133059948682785034e-02,-2.051498182117938995e-02,-1.188759226351976395e-03
-7.130619883537292480e-02,-2.081007696688175201e-02,-1.602113596163690090e-03
-7.130619883537292480e-02,-2.081007696688175201e-02,-1.602113596163690090e-03
-7.128179818391799927e-02,-2.110388688743114471e-02,-2.014235127717256546e-03
-7.128179818391799927e-02,-2.110388688743114471e-02,-2.014235127717256546e-03
-7.125740498304367065e-02,-2.139641158282756805e-02,-2.425124635919928551e-03
-7.125740498304367065e-02,-2.139641158282756805e-02,-2.425124635919928551e-03
-7.123300433158874512e-02,-2.168765477836132050e-02,-2.834785496816039085e-03
-7.123300433158874512e-02,-2.168765477836132050e-02,-2.834785496816039085e-03
-7.120859622955322266e-02,-2.197761833667755127e-02,-3.243220737203955650e-03
-7.120859622955322266e-02,-2.197761833667755127e-02,-3.243220737203955650e-03
-7.118420302867889404e-02,-2.226630039513111115e-02,-3.650433151051402092e-03
-7.118420302867889404e-02,-2.226630039513111115e-02,-3.650433151051402092e-03
-7.115980982780456543e-02,-2.255370840430259705e-02,-4.056425765156745911e-03
-7.115980982780456543e-02,-2.255370840430259705e-02,-4.056425765156745911e-03
-7.113540172576904297e-02,-2.283984422683715820e-02,-4.461201839148998260e-03
-7.113540172576904297e-02,-2.283984422683715820e-02,-4.461201839148998260e-03
-7.111101597547531128e-02,-2.312470600008964539e-02,-4.864762537181377411e-03
-7.111101597547531128e-02,-2.312470600008964539e-02,-4.864762537181377411e-03
-7.108661532402038574e-02,-2.340829931199550629e-02,-5.267112515866756439e-03
-7.108661532402038574e-02,-2.340829931199550629e-02,-5.267112515866756439e-03
-7.106221467256546021e-02,-2.369062229990959167e-02,-5.668254103511571884e-03
-7.106221467256546021e-02,-2.369062229990959167e-02,-5.668254103511571884e-03
-7.103782147169113159e-02,-2.397168241441249847e-02,-6.068190094083547592e-03
-7.103782147169113159e-02,-2.397168241441249847e-02,-6.068190094083547592e-03
-7.101342827081680298e-02,-2.425147779285907745e-02,-6.466924212872982025e-03
-7.101342827081680298e-02,-2.425147779285907745e-02,-6.466924212872982025e-03
-7.098902761936187744e-02,-2.453000843524932861e-02,-6.864458322525024414e-03
-7.098902761936187744e-02,-2.453000843524932861e-02,-6.864458322525024414e-03
-7.096463441848754883e-02,-2.480728179216384888e-02,-7.260794285684823990e-03
-7.096463441848754883e-02,-2.480728179216384888e-02,-7.260794285684823990e-03
-7.094025611877441406e-02,-2.508329972624778748e-02,-7.655936293303966522e-03
-7.094025611877441406e-02,-2.508329972624778748e-02,-7.655936293303966522e-03
-7.091586291790008545e-02,-2.535806037485599518e-02,-8.049887605011463165e-03
-7.091586291790008545e-02,-2.535806037485599518e-02,-8.049887605011463165e-03
-7.089147716760635376e-02,-2.563156932592391968e-02,-8.442649617791175842e-03
-7.089147716760635376e-02,-2.563156932592391968e-02,-8.442649617791175842e-03
-7.086708396673202515e-02,-2.590383030474185944e-02,-8.834227919578552246e-03
-7.086708396673202515e-02,-2.590383030474185944e-02,-8.834227919578552246e-03
-7.084270566701889038e-02,-2.617483399808406830e-02,-9.224620647728443146e-03
-7.084270566701889038e-02,-2.617483399808406830e-02,-9.224620647728443146e-03
-7.081832736730575562e-02,-2.644459716975688934e-02,-9.613837115466594696e-03
-7.081832736730575562e-02,-2.644459716975688934e-02,-9.613837115466594696e-03
-7.079394161701202393e-02,-2.671311050653457642e-02,-1.000187266618013382e-02
-7.079394161701202393e-02,-2.671311050653457642e-02,-1.000187266618013382e-02
-7.076957076787948608e-02,-2.698038332164287567e-02,-1.038873661309480667e-02
-7.076957076787948608e-02,-2.698038332164287567e-02,-1.038873661309480667e-02
-7.074519991874694824e-02,-2.724641561508178711e-02,-1.077442988753318787e-02
-7.074519991874694824e-02,-2.724641561508178711e-02,-1.077442988753318787e-02
-7.072082906961441040e-02,-2.751120738685131073e-02,-1.115895342081785202e-02
-7.072082906961441040e-02,-2.751120738685131073e-02,-1.115895342081785202e-02
-7.069647312164306641e-02,-2.777476608753204346e-02,-1.154231093823909760e-02
-7.069647312164306641e-02,-2.777476608753204346e-02,-1.154231093823909760e-02
-7.067209482192993164e-02,-2.803708612918853760e-02,-1.192450709640979767e-02
-7.067209482192993164e-02,-2.803708612918853760e-02,-1.192450709640979767e-02
-7.064774632453918457e-02,-2.829817682504653931e-02,-1.230554375797510147e-02
-7.064774632453918457e-02,-2.829817682504653931e-02,-1.230554375797510147e-02
-7.062339782714843750e-02,-2.855803258717060089e-02,-1.268542371690273285e-02
-7.062339782714843750e-02,-2.855803258717060089e-02,-1.268542371690273285e-02
-7.059903442859649658e-02,-2.881666459143161774e-02,-1.306414790451526642e-02
-7.059903442859649658e-02,-2.881666459143161774e-02,-1.306414790451526642e-02
-7.057468593120574951e-02,-2.907406911253929138e-02,-1.344172097742557526e-02
-7.057468593120574951e-02,-2.907406911253929138e-02,-1.344172097742557526e-02
-7.055034488439559937e-02,-2.933024615049362183e-02,-1.381814666092395782e-02
-7.055034488439559937e-02,-2.933024615049362183e-02,-1.381814666092395782e-02
-7.052600383758544922e-02,-2.958520688116550446e-02,-1.419342681765556335e-02
-7.052600383758544922e-02,-2.958520688116550446e-02,-1.419342681765556335e-02
-7.050167024135589600e-02,-2.983894385397434235e-02,-1.456756331026554108e-02
-7.050167024135589600e-02,-2.983894385397434235e-02,-1.456756331026554108e-02
-7.047732919454574585e-02,-3.009146079421043396e-02,-1.494056172668933868e-02
-7.047732919454574585e-02,-3.009146079421043396e-02,-1.494056172668933868e-02
-7.045300304889678955e-02,-3.034276515245437622e-02,-1.531242206692695618e-02
-7.045300304889678955e-02,-3.034276515245437622e-02,-1.531242206692695618e-02
-7.042868435382843018e-02,-3.059285692870616913e-02,-1.568314991891384125e-02
-7.042868435382843018e-02,-3.059285692870616913e-02,-1.568314991891384125e-02
-7.040437310934066772e-02,-3.084173239767551422e-02,-1.605274342000484467e-02
-7.040437310934066772e-02,-3.084173239767551422e-02,-1.605274342000484467e-02
-7.038005441427230835e-02,-3.108940087258815765e-02,-1.642121188342571259e-02
-7.038005441427230835e-02,-3.108940087258815765e-02,-1.642121188342571259e-02
-7.035575062036514282e-02,-3.133586049079895020e-02,-1.678855717182159424e-02
-7.035575062036514282e-02,-3.133586049079895020e-02,-1.678855717182159424e-02
-7.033144682645797729e-02,-3.158111497759819031e-02,-1.715477369725704193e-02
-7.033144682645797729e-02,-3.158111497759819031e-02,-1.715477369725704193e-02
-7.030715048313140869e-02,-3.182516619563102722e-02,-1.751987449824810028e-02
-7.030715048313140869e-02,-3.182516619563102722e-02,-1.751987449824810028e-02
-7.028286159038543701e-02,-3.206801414489746094e-02,-1.788385584950447083e-02
-7.028286159038543701e-02,-3.206801414489746094e-02,-1.788385584950447083e-02
-7.025858014822006226e-02,-3.230966627597808838e-02,-1.824672333896160126e-02
-7.025858014822006226e-02,-3.230966627597808838e-02,-1.824672333896160126e-02
-7.023429870605468750e-02,-3.255011886358261108e-02,-1.860848255455493927e-02
-7.023429870605468750e-02,-3.255011886358261108e-02,-1.860848255455493927e-02
-7.021002471446990967e-02,-3.278937190771102905e-02,-1.896912977099418640e-02
-7.021002471446990967e-02,-3.278937190771102905e-02,-1.896912977099418640e-02
-7.018576562404632568e-02,-3.302744030952453613e-02,-1.932867430150508881e-02
-7.018576562404632568e-02,-3.302744030952453613e-02,-1.932867430150508881e-02
-7.016149908304214478e-02,-3.326431289315223694e-02,-1.968711800873279572e-02
-7.016149908304214478e-02,-3.326431289315223694e-02,-1.968711800873279572e-02
-7.013724744319915771e-02,-3.349999710917472839e-02,-2.004445903003215790e-02
-7.013724744319915771e-02,-3.349999710917472839e-02,-2.004445903003215790e-02
-7.011299580335617065e-02,-3.373449295759201050e-02,-2.040070667862892151e-02
-7.011299580335617065e-02,-3.373449295759201050e-02,-2.040070667862892151e-02
-7.008876651525497437e-02,-3.396780416369438171e-02,-2.075585536658763885e-02
-7.008876651525497437e-02,-3.396780416369438171e-02,-2.075585536658763885e-02
-7.006452977657318115e-02,-3.419993072748184204e-02,-2.110991626977920532e-02
-7.006452977657318115e-02,-3.419993072748184204e-02,-2.110991626977920532e-02
-7.004030793905258179e-02,-3.443088009953498840e-02,-2.146288752555847168e-02
-7.004030793905258179e-02,-3.443088009953498840e-02,-2.146288752555847168e-02
-7.001610100269317627e-02,-3.466065227985382080e-02,-2.181477285921573639e-02
-7.001610100269317627e-02,-3.466065227985382080e-02,-2.181477285921573639e-02
-6.999187916517257690e-02,-3.488924354314804077e-02,-2.216557785868644714e-02
-6.999187916517257690e-02,-3.488924354314804077e-02,-2.216557785868644714e-02
-6.996767967939376831e-02,-3.511666506528854370e-02,-2.251530066132545471e-02
-6.996767967939376831e-02,-3.511666506528854370e-02,-2.251530066132545471e-02
-6.994348764419555664e-02,-3.534291312098503113e-02,-2.286395244300365448e-02
-6.994348764419555664e-02,-3.534291312098503113e-02,-2.286395244300365448e-02
-6.991929560899734497e-02,-3.556798398494720459e-02,-2.321152389049530029e-02
-6.991929560899734497e-02,-3.556798398494720459e-02,-2.321152389049530029e-02
-6.989512592554092407e-02,-3.579189255833625793e-02,-2.355802804231643677e-02
-6.989512592554092407e-02,-3.579189255833625793e-02,-2.355802804231643677e-02
-6.987094879150390625e-02,-3.601463511586189270e-02,-2.390346117317676544e-02
-6.987094879150390625e-02,-3.601463511586189270e-02,-2.390346117317676544e-02
-6.984677910804748535e-02,-3.623620793223381042e-02,-2.424783073365688324e-02
-6.984677910804748535e-02,-3.623620793223381042e-02,-2.424783073365688324e-02
-6.982263922691345215e-02,-3.645662218332290649e-02,-2.459113672375679016e-02
-6.982263922691345215e-02,-3.645662218332290649e-02,-2.459113672375679016e-02
-6.979848444461822510e-02,-3.667587786912918091e-02,-2.493338659405708313e-02
-6.979848444461822510e-02,-3.667587786912918091e-02,-2.493338659405708313e-02
-6.977435946464538574e-02,-3.689397498965263367e-02,-2.527457848191261292e-02
-6.977435946464538574e-02,-3.689397498965263367e-02,-2.527457848191261292e-02
-6.975023448467254639e-02,-3.711092099547386169e-02,-2.561471238732337952e-02
-6.975023448467254639e-02,-3.711092099547386169e-02,-2.561471238732337952e-02
-6.972611695528030396e-02,-3.732670471072196960e-02,-2.595379762351512909e-02
-6.972611695528030396e-02,-3.732670471072196960e-02,-2.595379762351512909e-02
-6.970200687646865845e-02,-3.754134103655815125e-02,-2.629183791577816010e-02
-6.970200687646865845e-02,-3.754134103655815125e-02,-2.629183791577816010e-02
-6.967791169881820679e-02,-3.775482624769210815e-02,-2.662882953882217407e-02
-6.967791169881820679e-02,-3.775482624769210815e-02,-2.662882953882217407e-02
-6.965382397174835205e-02,-3.796716779470443726e-02,-2.696477994322776794e-02
-6.965382397174835205e-02,-3.796716779470443726e-02,-2.696477994322776794e-02
-6.962973624467849731e-02,-3.817835450172424316e-02,-2.729968912899494171e-02
-6.962973624467849731e-02,-3.817835450172424316e-02,-2.729968912899494171e-02
-6.960567831993103027e-02,-3.838840499520301819e-02,-2.763356454670429230e-02
-6.960567831993103027e-02,-3.838840499520301819e-02,-2.763356454670429230e-02
-6.958162039518356323e-02,-3.859731554985046387e-02,-2.796640247106552124e-02
-6.958162039518356323e-02,-3.859731554985046387e-02,-2.796640247106552124e-02
-6.955756992101669312e-02,-3.880508244037628174e-02,-2.829821221530437469e-02
-6.955756992101669312e-02,-3.880508244037628174e-02,-2.829821221530437469e-02
-6.953353434801101685e-02,-3.901171311736106873e-02,-2.862899377942085266e-02
-6.953353434801101685e-02,-3.901171311736106873e-02,-2.862899377942085266e-02
-6.950951367616653442e-02,-3.921720758080482483e-02,-2.895875088870525360e-02
-6.950951367616653442e-02,-3.921720758080482483e-02,-2.895875088870525360e-02
-6.948549300432205200e-02,-3.942156583070755005e-02,-2.928748168051242828e-02
-6.948549300432205200e-02,-3.942156583070755005e-02,-2.928748168051242828e-02
-6.946149468421936035e-02,-3.962479904294013977e-02,-2.961519733071327209e-02
-6.946149468421936035e-02,-3.962479904294013977e-02,-2.961519733071327209e-02
-6.943749636411666870e-02,-3.982689976692199707e-02,-2.994189597666263580e-02
-6.943749636411666870e-02,-3.982689976692199707e-02,-2.994189597666263580e-02
-6.941352039575576782e-02,-4.002787917852401733e-02,-3.026757575571537018e-02
-6.941352039575576782e-02,-4.002787917852401733e-02,-3.026757575571537018e-02
-6.938954442739486694e-02,-4.022773355245590210e-02,-3.059225156903266907e-02
-6.938954442739486694e-02,-4.022773355245590210e-02,-3.059225156903266907e-02
-6.936559081077575684e-02,-4.042645543813705444e-02,-3.091591224074363708e-02
-6.936559081077575684e-02,-4.042645543813705444e-02,-3.091591224074363708e-02
-6.934164464473724365e-02,-4.062406346201896667e-02,-3.123857453465461731e-02
-6.934164464473724365e-02,-4.062406346201896667e-02,-3.123857453465461731e-02
-6.931769847869873047e-02,-4.082055389881134033e-02,-3.156023100018501282e-02
-6.931769847869873047e-02,-4.082055389881134033e-02,-3.156023100018501282e-02
-6.929378211498260498e-02,-4.101593047380447388e-02,-3.188088908791542053e-02
-6.929378211498260498e-02,-4.101593047380447388e-02,-3.188088908791542053e-02
-6.926986575126647949e-02,-4.121018201112747192e-02,-3.220054879784584045e-02
-6.926986575126647949e-02,-4.121018201112747192e-02,-3.220054879784584045e-02
-6.924597173929214478e-02,-4.140333086252212524e-02,-3.251921758055686951e-02
-6.924597173929214478e-02,-4.140333086252212524e-02,-3.251921758055686951e-02
-6.922207772731781006e-02,-4.159536585211753845e-02,-3.283689543604850769e-02
-6.922207772731781006e-02,-4.159536585211753845e-02,-3.283689543604850769e-02
-6.919821351766586304e-02,-4.178629443049430847e-02,-3.315358236432075500e-02
-6.919821351766586304e-02,-4.178629443049430847e-02,-3.315358236432075500e-02
-6.917434930801391602e-02,-4.197611659765243530e-02,-3.346928581595420837e-02
-6.917434930801391602e-02,-4.197611659765243530e-02,-3.346928581595420837e-02
-6.915049999952316284e-02,-4.216483235359191895e-02,-3.378400951623916626e-02
-6.915049999952316284e-02,-4.216483235359191895e-02,-3.378400951623916626e-02
-6.912666559219360352e-02,-4.235244542360305786e-02,-3.409774601459503174e-02
-6.912666559219360352e-02,-4.235244542360305786e-02,-3.409774601459503174e-02
-6.910283863544464111e-02,-4.253896325826644897e-02,-3.441051021218299866e-02
-6.910283863544464111e-02,-4.253896325826644897e-02,-3.441051021218299866e-02
-6.907904148101806641e-02,-4.272437468171119690e-02,-3.472230583429336548e-02
-6.907904148101806641e-02,-4.272437468171119690e-02,-3.472230583429336548e-02
-6.905523687601089478e-02,-4.290869832038879395e-02,-3.503312170505523682e-02
-6.905523687601089478e-02,-4.290869832038879395e-02,-3.503312170505523682e-02
-6.903146207332611084e-02,-4.309192299842834473e-02,-3.534297645092010498e-02
-6.903146207332611084e-02,-4.309192299842834473e-02,-3.534297645092010498e-02
-6.900770217180252075e-02,-4.327405616641044617e-02,-3.565186262130737305e-02
-6.900770217180252075e-02,-4.327405616641044617e-02,-3.565186262130737305e-02
-6.898393481969833374e-02,-4.345510900020599365e-02,-3.595979139208793640e-02
-6.898393481969833374e-02,-4.345510900020599365e-02,-3.595979139208793640e-02
-6.896019726991653442e-02,-4.363506287336349487e-02,-3.626675903797149658e-02
-6.896019726991653442e-02,-4.363506287336349487e-02,-3.626675903797149658e-02
-6.893646717071533203e-02,-4.381393641233444214e-02,-3.657276555895805359e-02
-6.893646717071533203e-02,-4.381393641233444214e-02,-3.657276555895805359e-02
-6.891276687383651733e-02,-4.399172589182853699e-02,-3.687782213091850281e-02
-6.891276687383651733e-02,-4.399172589182853699e-02,-3.687782213091850281e-02
-6.888906657695770264e-02,-4.416843503713607788e-02,-3.718192875385284424e-02
-6.888906657695770264e-02,-4.416843503713607788e-02,-3.718192875385284424e-02
-6.886538863182067871e-02,-4.434406012296676636e-02,-3.748508542776107788e-02
-6.886538863182067871e-02,-4.434406012296676636e-02,-3.748508542776107788e-02
-6.884172558784484863e-02,-4.451861605048179626e-02,-3.778729960322380066e-02
-6.884172558784484863e-02,-4.451861605048179626e-02,-3.778729960322380066e-02
-6.881806999444961548e-02,-4.469209536910057068e-02,-3.808857128024101257e-02
-6.881806999444961548e-02,-4.469209536910057068e-02,-3.808857128024101257e-02
-6.879445165395736694e-02,-4.486449807882308960e-02,-3.838890045881271362e-02
-6.879445165395736694e-02,-4.486449807882308960e-02,-3.838890045881271362e-02
-6.877082586288452148e-02,-4.503582790493965149e-02,-3.868829458951950073e-02
-6.877082586288452148e-02,-4.503582790493965149e-02,-3.868829458951950073e-02
-6.874722242355346680e-02,-4.520609602332115173e-02,-3.898675367236137390e-02
-6.874722242355346680e-02,-4.520609602332115173e-02,-3.898675367236137390e-02
-6.872362643480300903e-02,-4.537529125809669495e-02,-3.928428515791893005e-02
-6.872362643480300903e-02,-4.537529125809669495e-02,-3.928428515791893005e-02
-6.870005279779434204e-02,-4.554342478513717651e-02,-3.958088159561157227e-02
-6.870005279779434204e-02,-4.554342478513717651e-02,-3.958088159561157227e-02
-6.867650151252746582e-02,-4.571049287915229797e-02,-3.987656161189079285e-02
-6.867650151252746582e-02,-4.571049287915229797e-02,-3.987656161189079285e-02
-6.865295767784118652e-02,-4.587650299072265625e-02,-4.017131775617599487e-02
-6.865295767784118652e-02,-4.587650299072265625e-02,-4.017131775617599487e-02
-6.862942874431610107e-02,-4.604145884513854980e-02,-4.046515375375747681e-02
-6.862942874431610107e-02,-4.604145884513854980e-02,-4.046515375375747681e-02
-6.860592216253280640e-02,-4.620534926652908325e-02,-4.075806960463523865e-02
-6.860592216253280640e-02,-4.620534926652908325e-02,-4.075806960463523865e-02
-6.858243793249130249e-02,-4.636818915605545044e-02,-4.105008020997047424e-02
-6.858243793249130249e-02,-4.636818915605545044e-02,-4.105008020997047424e-02
-6.855896115303039551e-02,-4.652997478842735291e-02,-4.134117439389228821e-02
-6.855896115303039551e-02,-4.652997478842735291e-02,-4.134117439389228821e-02
-6.853550672531127930e-02,-4.669071361422538757e-02,-4.163135960698127747e-02
-6.853550672531127930e-02,-4.669071361422538757e-02,-4.163135960698127747e-02
-6.851206719875335693e-02,-4.685039818286895752e-02,-4.192063584923744202e-02
-6.851206719875335693e-02,-4.685039818286895752e-02,-4.192063584923744202e-02
-6.848864257335662842e-02,-4.700903967022895813e-02,-4.220902174711227417e-02
-6.848864257335662842e-02,-4.700903967022895813e-02,-4.220902174711227417e-02
-6.846523284912109375e-02,-4.716664180159568787e-02,-4.249650239944458008e-02
-6.846523284912109375e-02,-4.716664180159568787e-02,-4.249650239944458008e-02
-6.844185292720794678e-02,-4.732320085167884827e-02,-4.278308898210525513e-02
-6.844185292720794678e-02,-4.732320085167884827e-02,-4.278308898210525513e-02
-6.841848045587539673e-02,-4.747871682047843933e-02,-4.306877031922340393e-02
-6.841848045587539673e-02,-4.747871682047843933e-02,-4.306877031922340393e-02
-6.839513778686523438e-02,-4.763320088386535645e-02,-4.335357993841171265e-02
-6.839513778686523438e-02,-4.763320088386535645e-02,-4.335357993841171265e-02
-6.837179511785507202e-02,-4.778664559125900269e-02,-4.363748803734779358e-02
-6.837179511785507202e-02,-4.778664559125900269e-02,-4.363748803734779358e-02
-6.834848225116729736e-02,-4.793905094265937805e-02,-4.392052069306373596e-02
-6.834848225116729736e-02,-4.793905094265937805e-02,-4.392052069306373596e-02
-6.832518428564071655e-02,-4.809043183922767639e-02,-4.420266300439834595e-02
-6.832518428564071655e-02,-4.809043183922767639e-02,-4.420266300439834595e-02
-6.830190867185592651e-02,-4.824078083038330078e-02,-4.448393359780311584e-02
-6.830190867185592651e-02,-4.824078083038330078e-02,-4.448393359780311584e-02
-6.827863305807113647e-02,-4.839009791612625122e-02,-4.476431757211685181e-02
-6.827863305807113647e-02,-4.839009791612625122e-02,-4.476431757211685181e-02
-6.825540214776992798e-02,-4.853839799761772156e-02,-4.504383727908134460e-02
-6.825540214776992798e-02,-4.853839799761772156e-02,-4.504383727908134460e-02
-6.823217123746871948e-02,-4.868566989898681641e-02,-4.532248154282569885e-02
-6.823217123746871948e-02,-4.868566989898681641e-02,-4.532248154282569885e-02
-6.820897012948989868e-02,-4.883191734552383423e-02,-4.560026153922080994e-02
-6.820897012948989868e-02,-4.883191734552383423e-02,-4.560026153922080994e-02
-6.818579137325286865e-02,-4.897715523838996887e-02,-4.587717726826667786e-02
-6.818579137325286865e-02,-4.897715523838996887e-02,-4.587717726826667786e-02
-6.816262006759643555e-02,-4.912136495113372803e-02,-4.615322127938270569e-02
-6.816262006759643555e-02,-4.912136495113372803e-02,-4.615322127938270569e-02
-6.813947856426239014e-02,-4.926456511020660400e-02,-4.642841964960098267e-02
-6.813947856426239014e-02,-4.926456511020660400e-02,-4.642841964960098267e-02
-6.811635941267013550e-02,-4.940675199031829834e-02,-4.670275002717971802e-02
-6.811635941267013550e-02,-4.940675199031829834e-02,-4.670275002717971802e-02
-6.809324771165847778e-02,-4.954792931675910950e-02,-4.697623103857040405e-02
-6.809324771165847778e-02,-4.954792931675910950e-02,-4.697623103857040405e-02
-6.807016581296920776e-02,-4.968810454010963440e-02,-4.724886640906333923e-02
-6.807016581296920776e-02,-4.968810454010963440e-02,-4.724886640906333923e-02
-6.804709136486053467e-02,-4.982725903391838074e-02,-4.752064496278762817e-02
-6.804709136486053467e-02,-4.982725903391838074e-02,-4.752064496278762817e-02
-6.802405416965484619e-02,-4.996542260050773621e-02,-4.779159277677536011e-02
-6.802405416965484619e-02,-4.996542260050773621e-02,-4.779159277677536011e-02
-6.800102442502975464e-02,-5.010257661342620850e-02,-4.806168749928474426e-02
-6.800102442502975464e-02,-5.010257661342620850e-02,-4.806168749928474426e-02
-6.797803193330764771e-02,-5.023872479796409607e-02,-4.833094030618667603e-02
-6.797803193330764771e-02,-5.023872479796409607e-02,-4.833094030618667603e-02
-6.795504689216613770e-02,-5.037388205528259277e-02,-4.859936237335205078e-02
-6.795504689216613770e-02,-5.037388205528259277e-02,-4.859936237335205078e-02
-6.793208420276641846e-02,-5.050804466009140015e-02,-4.886695742607116699e-02
-6.793208420276641846e-02,-5.050804466009140015e-02,-4.886695742607116699e-02
-6.790914386510848999e-02,-5.064120888710021973e-02,-4.913371056318283081e-02
-6.790914386510848999e-02,-5.064120888710021973e-02,-4.913371056318283081e-02
-6.788621842861175537e-02,-5.077338218688964844e-02,-4.939964413642883301e-02
-6.788621842861175537e-02,-5.077338218688964844e-02,-4.939964413642883301e-02
-6.786331534385681152e-02,-5.090455338358879089e-02,-4.966475069522857666e-02
-6.786331534385681152e-02,-5.090455338358879089e-02,-4.966475069522857666e-02
-6.784044206142425537e-02,-5.103475227952003479e-02,-4.992903023958206177e-02
-6.784044206142425537e-02,-5.103475227952003479e-02,-4.992903023958206177e-02
-6.781759113073348999e-02,-5.116396024823188782e-02,-5.019250139594078064e-02
-6.781759113073348999e-02,-5.116396024823188782e-02,-5.019250139594078064e-02
-6.779475510120391846e-02,-5.129218101501464844e-02,-5.045514926314353943e-02
-6.779475510120391846e-02,-5.129218101501464844e-02,-5.045514926314353943e-02
-6.777194142341613770e-02,-5.141942203044891357e-02,-5.071698129177093506e-02
-6.777194142341613770e-02,-5.141942203044891357e-02,-5.071698129177093506e-02
-6.774916499853134155e-02,-5.154569074511528015e-02,-5.097800865769386292e-02
-6.774916499853134155e-02,-5.154569074511528015e-02,-5.097800865769386292e-02
-6.772638857364654541e-02,-5.167097225785255432e-02,-5.123821645975112915e-02
-6.772638857364654541e-02,-5.167097225785255432e-02,-5.123821645975112915e-02
-6.770364940166473389e-02,-5.179528519511222839e-02,-5.149763822555541992e-02
-6.770364940166473389e-02,-5.179528519511222839e-02,-5.149763822555541992e-02
-6.768092513084411621e-02,-5.191861838102340698e-02,-5.175624042749404907e-02
-6.768092513084411621e-02,-5.191861838102340698e-02,-5.175624042749404907e-02
-6.765822321176528931e-02,-5.204098299145698547e-02,-5.201405659317970276e-02
-6.765822321176528931e-02,-5.204098299145698547e-02,-5.201405659317970276e-02
-6.763554364442825317e-02,-5.216237902641296387e-02,-5.227107182145118713e-02
-6.763554364442825317e-02,-5.216237902641296387e-02,-5.227107182145118713e-02
-6.761289387941360474e-02,-5.228280648589134216e-02,-5.252728983759880066e-02
-6.761289387941360474e-02,-5.228280648589134216e-02,-5.252728983759880066e-02
-6.759027391672134399e-02,-5.240226909518241882e-02,-5.278272554278373718e-02
-6.759027391672134399e-02,-5.240226909518241882e-02,-5.278272554278373718e-02
-6.756766885519027710e-02,-5.252076685428619385e-02,-5.303736776113510132e-02
-6.756766885519027710e-02,-5.252076685428619385e-02,-5.303736776113510132e-02
-6.754508614540100098e-02,-5.263829976320266724e-02,-5.329122766852378845e-02
-6.754508614540100098e-02,-5.263829976320266724e-02,-5.329122766852378845e-02
-6.752252578735351562e-02,-5.275488272309303284e-02,-5.354430526494979858e-02
-6.752252578735351562e-02,-5.275488272309303284e-02,-5.354430526494979858e-02
-6.749998778104782104e-02,-5.287050455808639526e-02,-5.379660055041313171e-02
-6.749998778104782104e-02,-5.287050455808639526e-02,-5.379660055041313171e-02
-6.747747957706451416e-02,-5.298516899347305298e-02,-5.404812470078468323e-02
-6.747747957706451416e-02,-5.298516899347305298e-02,-5.404812470078468323e-02
-6.745499372482299805e-02,-5.309888720512390137e-02,-5.429887026548385620e-02
-6.745499372482299805e-02,-5.309888720512390137e-02,-5.429887026548385620e-02
-6.743253022432327271e-02,-5.321164429187774658e-02,-5.454885214567184448e-02
-6.743253022432327271e-02,-5.321164429187774658e-02,-5.454885214567184448e-02
-6.741010397672653198e-02,-5.332345888018608093e-02,-5.479806661605834961e-02
-6.741010397672653198e-02,-5.332345888018608093e-02,-5.479806661605834961e-02
-6.738767772912979126e-02,-5.343433097004890442e-02,-5.504650995135307312e-02
-6.738767772912979126e-02,-5.343433097004890442e-02,-5.504650995135307312e-02
-6.736528873443603516e-02,-5.354425311088562012e-02,-5.529419332742691040e-02
-6.736528873443603516e-02,-5.354425311088562012e-02,-5.529419332742691040e-02
-6.734292954206466675e-02,-5.365322902798652649e-02,-5.554111674427986145e-02
-6.734292954206466675e-02,-5.365322902798652649e-02,-5.554111674427986145e-02
-6.732058525085449219e-02,-5.376127362251281738e-02,-5.578728765249252319e-02
-6.732058525085449219e-02,-5.376127362251281738e-02,-5.578728765249252319e-02
-6.729828566312789917e-02,-5.386837199330329895e-02,-5.603270232677459717e-02
-6.729828566312789917e-02,-5.386837199330329895e-02,-5.603270232677459717e-02
-6.727600097656250000e-02,-5.397454276680946350e-02,-5.627737566828727722e-02
-6.727600097656250000e-02,-5.397454276680946350e-02,-5.627737566828727722e-02
-6.725373119115829468e-02,-5.407977104187011719e-02,-5.652129277586936951e-02
-6.725373119115829468e-02,-5.407977104187011719e-02,-5.652129277586936951e-02
-6.723150610923767090e-02,-5.418406799435615540e-02,-5.676446110010147095e-02
-6.723150610923767090e-02,-5.418406799435615540e-02,-5.676446110010147095e-02
-6.720928847789764404e-02,-5.428744107484817505e-02,-5.700689181685447693e-02
-6.720928847789764404e-02,-5.428744107484817505e-02,-5.700689181685447693e-02
-6.718711555004119873e-02,-5.438988283276557922e-02,-5.724858492612838745e-02
-6.718711555004119873e-02,-5.438988283276557922e-02,-5.724858492612838745e-02
-6.716495007276535034e-02,-5.449139699339866638e-02,-5.748954787850379944e-02
-6.716495007276535034e-02,-5.449139699339866638e-02,-5.748954787850379944e-02
-6.714281439781188965e-02,-5.459198728203773499e-02,-5.772976949810981750e-02
-6.714281439781188965e-02,-5.459198728203773499e-02,-5.772976949810981750e-02
-6.712070852518081665e-02,-5.469165369868278503e-02,-5.796926468610763550e-02
-6.712070852518081665e-02,-5.469165369868278503e-02,-5.796926468610763550e-02
-6.709863990545272827e-02,-5.479041114449501038e-02,-5.820802971720695496e-02
-6.709863990545272827e-02,-5.479041114449501038e-02,-5.820802971720695496e-02
-6.707658618688583374e-02,-5.488824471831321716e-02,-5.844606831669807434e-02
-6.707658618688583374e-02,-5.488824471831321716e-02,-5.844606831669807434e-02
-6.705455482006072998e-02,-5.498515814542770386e-02,-5.868339166045188904e-02
-6.705455482006072998e-02,-5.498515814542770386e-02,-5.868339166045188904e-02
-6.703256070613861084e-02,-5.508116260170936584e-02,-5.891999229788780212e-02
-6.703256070613861084e-02,-5.508116260170936584e-02,-5.891999229788780212e-02
-6.701059639453887939e-02,-5.517625808715820312e-02,-5.915587395429611206e-02
-6.701059639453887939e-02,-5.517625808715820312e-02,-5.915587395429611206e-02
-6.698865443468093872e-02,-5.527044087648391724e-02,-5.939104780554771423e-02
-6.698865443468093872e-02,-5.527044087648391724e-02,-5.939104780554771423e-02
-6.696673482656478882e-02,-5.536371096968650818e-02,-5.962551012635231018e-02
-6.696673482656478882e-02,-5.536371096968650818e-02,-5.962551012635231018e-02
-6.694485247135162354e-02,-5.545608326792716980e-02,-5.985926464200019836e-02
-6.694485247135162354e-02,-5.545608326792716980e-02,-5.985926464200019836e-02
-6.692299246788024902e-02,-5.554755404591560364e-02,-6.009231507778167725e-02
-6.692299246788024902e-02,-5.554755404591560364e-02,-6.009231507778167725e-02
-6.690116971731185913e-02,-5.563811585307121277e-02,-6.032466143369674683e-02
-6.690116971731185913e-02,-5.563811585307121277e-02,-6.032466143369674683e-02
-6.687935441732406616e-02,-5.572778359055519104e-02,-6.055631116032600403e-02
-6.687935441732406616e-02,-5.572778359055519104e-02,-6.055631116032600403e-02
-6.685759127140045166e-02,-5.581655353307723999e-02,-6.078726053237915039e-02
-6.685759127140045166e-02,-5.581655353307723999e-02,-6.078726053237915039e-02
-6.683584302663803101e-02,-5.590442940592765808e-02,-6.101752445101737976e-02
-6.683584302663803101e-02,-5.590442940592765808e-02,-6.101752445101737976e-02
-6.681411713361740112e-02,-5.599141120910644531e-02,-6.124709546566009521e-02
-6.681411713361740112e-02,-5.599141120910644531e-02,-6.124709546566009521e-02
-6.679243594408035278e-02,-5.607750639319419861e-02,-6.147598102688789368e-02
-6.679243594408035278e-02,-5.607750639319419861e-02,-6.147598102688789368e-02
-6.677076220512390137e-02,-5.616270378232002258e-02,-6.170417368412017822e-02
-6.677076220512390137e-02,-5.616270378232002258e-02,-6.170417368412017822e-02
-6.674914062023162842e-02,-5.624702945351600647e-02,-6.193169578909873962e-02
-6.674914062023162842e-02,-5.624702945351600647e-02,-6.193169578909873962e-02
-6.672754138708114624e-02,-5.633045360445976257e-02,-6.215852126479148865e-02
-6.672754138708114624e-02,-5.633045360445976257e-02,-6.215852126479148865e-02
-6.670597195625305176e-02,-5.641299858689308167e-02,-6.238468363881111145e-02
-6.670597195625305176e-02,-5.641299858689308167e-02,-6.238468363881111145e-02
-6.668443232774734497e-02,-5.649467930197715759e-02,-6.261017173528671265e-02
-6.668443232774734497e-02,-5.649467930197715759e-02,-6.261017173528671265e-02
-6.666291505098342896e-02,-5.657546967267990112e-02,-6.283499300479888916e-02
-6.666291505098342896e-02,-5.657546967267990112e-02,-6.283499300479888916e-02
-6.664143502712249756e-02,-5.665538087487220764e-02,-6.305914372205734253e-02
-6.664143502712249756e-02,-5.665538087487220764e-02,-6.305914372205734253e-02
-6.661997735500335693e-02,-5.673442035913467407e-02,-6.328263133764266968e-02
-6.661997735500335693e-02,-5.673442035913467407e-02,-6.328263133764266968e-02
-6.659855693578720093e-02,-5.681259185075759888e-02,-6.350545585155487061e-02
-6.659855693578720093e-02,-5.681259185075759888e-02,-6.350545585155487061e-02
-6.657716631889343262e-02,-5.688989162445068359e-02,-6.372762471437454224e-02
-6.657716631889343262e-02,-5.688989162445068359e-02,-6.372762471437454224e-02
-6.655580550432205200e-02,-5.696632713079452515e-02,-6.394913792610168457e-02
-6.655580550432205200e-02,-5.696632713079452515e-02,-6.394913792610168457e-02
-6.653447449207305908e-02,-5.704188346862792969e-02,-6.416998803615570068e-02
-6.653447449207305908e-02,-5.704188346862792969e-02,-6.416998803615570068e-02
-6.651317328214645386e-02,-5.711659416556358337e-02,-6.439020484685897827e-02
-6.651317328214645386e-02,-5.711659416556358337e-02,-6.439020484685897827e-02
-6.649191677570343018e-02,-5.719042569398880005e-02,-6.460975855588912964e-02
-6.649191677570343018e-02,-5.719042569398880005e-02,-6.460975855588912964e-02
-6.647066771984100342e-02,-5.726341158151626587e-02,-6.482867151498794556e-02
-6.647066771984100342e-02,-5.726341158151626587e-02,-6.482867151498794556e-02
-6.644946336746215820e-02,-5.733553320169448853e-02,-6.504695117473602295e-02
-6.644946336746215820e-02,-5.733553320169448853e-02,-6.504695117473602295e-02
-6.642828881740570068e-02,-5.740680173039436340e-02,-6.526458263397216797e-02
-6.642828881740570068e-02,-5.740680173039436340e-02,-6.526458263397216797e-02
-6.640715152025222778e-02,-5.747721344232559204e-02,-6.548158824443817139e-02
-6.640715152025222778e-02,-5.747721344232559204e-02,-6.548158824443817139e-02
-6.638602912425994873e-02,-5.754677951335906982e-02,-6.569795310497283936e-02
-6.638602912425994873e-02,-5.754677951335906982e-02,-6.569795310497283936e-02
-6.636495888233184814e-02,-5.761548876762390137e-02,-6.591368466615676880e-02
-6.636495888233184814e-02,-5.761548876762390137e-02,-6.591368466615676880e-02
-6.634391099214553833e-02,-5.768335610628128052e-02,-6.612879782915115356e-02
-6.634391099214553833e-02,-5.768335610628128052e-02,-6.612879782915115356e-02
-6.632288545370101929e-02,-5.775037780404090881e-02,-6.634327769279479980e-02
-6.632288545370101929e-02,-5.775037780404090881e-02,-6.634327769279479980e-02
-6.630190461874008179e-02,-5.781655758619308472e-02,-6.655713915824890137e-02
-6.630190461874008179e-02,-5.781655758619308472e-02,-6.655713915824890137e-02
-6.628096103668212891e-02,-5.788189545273780823e-02,-6.677038222551345825e-02
-6.628096103668212891e-02,-5.788189545273780823e-02,-6.677038222551345825e-02
-6.626004725694656372e-02,-5.794639512896537781e-02,-6.698301434516906738e-02
-6.626004725694656372e-02,-5.794639512896537781e-02,-6.698301434516906738e-02
-6.623915582895278931e-02,-5.801005288958549500e-02,-6.719502806663513184e-02
-6.623915582895278931e-02,-5.801005288958549500e-02,-6.719502806663513184e-02
-6.621830910444259644e-02,-5.807288736104965210e-02,-6.740643829107284546e-02
-6.621830910444259644e-02,-5.807288736104965210e-02,-6.740643829107284546e-02
-6.619748473167419434e-02,-5.813487619161605835e-02,-6.761723756790161133e-02
-6.619748473167419434e-02,-5.813487619161605835e-02,-6.761723756790161133e-02
-6.617669761180877686e-02,-5.819604173302650452e-02,-6.782744079828262329e-02
-6.617669761180877686e-02,-5.819604173302650452e-02,-6.782744079828262329e-02
-6.615595519542694092e-02,-5.825637280941009521e-02,-6.803702563047409058e-02
-6.615595519542694092e-02,-5.825637280941009521e-02,-6.803702563047409058e-02
-6.613522768020629883e-02,-5.831588432192802429e-02,-6.824602186679840088e-02
-6.613522768020629883e-02,-5.831588432192802429e-02,-6.824602186679840088e-02
-6.611454486846923828e-02,-5.837456881999969482e-02,-6.845441460609436035e-02
-6.611454486846923828e-02,-5.837456881999969482e-02,-6.845441460609436035e-02
-6.609389185905456543e-02,-5.843243002891540527e-02,-6.866222620010375977e-02
-6.609389185905456543e-02,-5.843243002891540527e-02,-6.866222620010375977e-02
-6.607327610254287720e-02,-5.848947167396545410e-02,-6.886943429708480835e-02
-6.607327610254287720e-02,-5.848947167396545410e-02,-6.886943429708480835e-02
-6.605269014835357666e-02,-5.854569375514984131e-02,-6.907606124877929688e-02
-6.605269014835357666e-02,-5.854569375514984131e-02,-6.907606124877929688e-02
-6.603214889764785767e-02,-5.860109627246856689e-02,-6.928210705518722534e-02
-6.603214889764785767e-02,-5.860109627246856689e-02,-6.928210705518722534e-02
-6.601163744926452637e-02,-5.865569040179252625e-02,-6.948756426572799683e-02
-6.601163744926452637e-02,-5.865569040179252625e-02,-6.948756426572799683e-02
-6.599115580320358276e-02,-5.870947614312171936e-02,-6.969244778156280518e-02
-6.599115580320358276e-02,-5.870947614312171936e-02,-6.969244778156280518e-02
-6.597071141004562378e-02,-5.876244604587554932e-02,-6.989676505327224731e-02
-6.597071141004562378e-02,-5.876244604587554932e-02,-6.989676505327224731e-02
-6.595030426979064941e-02,-5.881461128592491150e-02,-7.010050117969512939e-02
-6.595030426979064941e-02,-5.881461128592491150e-02,-7.010050117969512939e-02
-6.592993438243865967e-02,-5.886596813797950745e-02,-7.030366361141204834e-02
-6.592993438243865967e-02,-5.886596813797950745e-02,-7.030366361141204834e-02
-6.590959429740905762e-02,-5.891652405261993408e-02,-7.050625979900360107e-02
-6.590959429740905762e-02,-5.891652405261993408e-02,-7.050625979900360107e-02
-6.588929146528244019e-02,-5.896627157926559448e-02,-7.070829719305038452e-02
-6.588929146528244019e-02,-5.896627157926559448e-02,-7.070829719305038452e-02
-6.586902588605880737e-02,-5.901523306965827942e-02,-7.090977579355239868e-02
-6.586902588605880737e-02,-5.901523306965827942e-02,-7.090977579355239868e-02
-6.584879755973815918e-02,-5.906338244676589966e-02,-7.111068814992904663e-02
-6.584879755973815918e-02,-5.906338244676589966e-02,-7.111068814992904663e-02
-6.582859903573989868e-02,-5.911074206233024597e-02,-7.131104171276092529e-02
-6.582859903573989868e-02,-5.911074206233024597e-02,-7.131104171276092529e-02
-6.580843776464462280e-02,-5.915731191635131836e-02,-7.151085138320922852e-02
-6.580843776464462280e-02,-5.915731191635131836e-02,-7.151085138320922852e-02
-6.578830629587173462e-02,-5.920308455824851990e-02,-7.171010971069335938e-02
-6.578830629587173462e-02,-5.920308455824851990e-02,-7.171010971069335938e-02
-6.576822698116302490e-02,-5.924807488918304443e-02,-7.190880924463272095e-02
-6.576822698116302490e-02,-5.924807488918304443e-02,-7.190880924463272095e-02
-6.574817746877670288e-02,-5.929227918386459351e-02,-7.210697978734970093e-02
-6.574817746877670288e-02,-5.929227918386459351e-02,-7.210697978734970093e-02
-6.572815775871276855e-02,-5.933568999171257019e-02,-7.230460643768310547e-02
-6.572815775871276855e-02,-5.933568999171257019e-02,-7.230460643768310547e-02
-6.570818275213241577e-02,-5.937831476330757141e-02,-7.250168174505233765e-02
-6.570818275213241577e-02,-5.937831476330757141e-02,-7.250168174505233765e-02
-6.568824499845504761e-02,-5.942016467452049255e-02,-7.269822806119918823e-02
-6.568824499845504761e-02,-5.942016467452049255e-02,-7.269822806119918823e-02
-6.566833704710006714e-02,-5.946124345064163208e-02,-7.289425283670425415e-02
-6.566833704710006714e-02,-5.946124345064163208e-02,-7.289425283670425415e-02
-6.564847379922866821e-02,-5.950153991580009460e-02,-7.308973371982574463e-02
-6.564847379922866821e-02,-5.950153991580009460e-02,-7.308973371982574463e-02
-6.562864780426025391e-02,-5.954106152057647705e-02,-7.328469306230545044e-02
-6.562864780426025391e-02,-5.954106152057647705e-02,-7.328469306230545044e-02
-6.560885161161422729e-02,-5.957980453968048096e-02,-7.347913086414337158e-02
-6.560885161161422729e-02,-5.957980453968048096e-02,-7.347913086414337158e-02
-6.558910757303237915e-02,-5.961778759956359863e-02,-7.367304712533950806e-02
-6.558910757303237915e-02,-5.961778759956359863e-02,-7.367304712533950806e-02
-6.556938588619232178e-02,-5.965499207377433777e-02,-7.386644929647445679e-02
-6.556938588619232178e-02,-5.965499207377433777e-02,-7.386644929647445679e-02
-6.554971635341644287e-02,-5.969144031405448914e-02,-7.405932992696762085e-02
-6.554971635341644287e-02,-5.969144031405448914e-02,-7.405932992696762085e-02
-6.553007662296295166e-02,-5.972711369395256042e-02,-7.425168901681900024e-02
-6.553007662296295166e-02,-5.972711369395256042e-02,-7.425168901681900024e-02
-6.551046669483184814e-02,-5.976203456521034241e-02,-7.444354146718978882e-02
-6.551046669483184814e-02,-5.976203456521034241e-02,-7.444354146718978882e-02
-6.549091637134552002e-02,-5.979618802666664124e-02,-7.463490217924118042e-02
-6.549091637134552002e-02,-5.979618802666664124e-02,-7.463490217924118042e-02
-6.547138094902038574e-02,-5.982958152890205383e-02,-7.482574135065078735e-02
-6.547138094902038574e-02,-5.982958152890205383e-02,-7.482574135065078735e-02
-6.545190513134002686e-02,-5.986222252249717712e-02,-7.501608878374099731e-02
-6.545190513134002686e-02,-5.986222252249717712e-02,-7.501608878374099731e-02
-6.543245911598205566e-02,-5.989411100745201111e-02,-7.520593702793121338e-02
-6.543245911598205566e-02,-5.989411100745201111e-02,-7.520593702793121338e-02
-6.541305035352706909e-02,-5.992525443434715271e-02,-7.539529353380203247e-02
-6.541305035352706909e-02,-5.992525443434715271e-02,-7.539529353380203247e-02
-6.539369374513626099e-02,-5.995564162731170654e-02,-7.558414340019226074e-02
-6.539369374513626099e-02,-5.995564162731170654e-02,-7.558414340019226074e-02
-6.537435203790664673e-02,-5.998527631163597107e-02,-7.577250897884368896e-02
-6.537435203790664673e-02,-5.998527631163597107e-02,-7.577250897884368896e-02
-6.535507738590240479e-02,-6.001416966319084167e-02,-7.596039772033691406e-02
-6.535507738590240479e-02,-6.001416966319084167e-02,-7.596039772033691406e-02
-6.533582508563995361e-02,-6.004231795668601990e-02,-7.614779472351074219e-02
-6.533582508563995361e-02,-6.004231795668601990e-02,-7.614779472351074219e-02
-6.531661748886108398e-02,-6.006972864270210266e-02,-7.633471488952636719e-02
-6.531661748886108398e-02,-6.006972864270210266e-02,-7.633471488952636719e-02
-6.529744714498519897e-02,-6.009639427065849304e-02,-7.652115076780319214e-02
-6.529744714498519897e-02,-6.009639427065849304e-02,-7.652115076780319214e-02
-6.527832150459289551e-02,-6.012232974171638489e-02,-7.670711725950241089e-02
-6.527832150459289551e-02,-6.012232974171638489e-02,-7.670711725950241089e-02
-6.525924056768417358e-02,-6.014752388000488281e-02,-7.689260691404342651e-02
-6.525924056768417358e-02,-6.014752388000488281e-02,-7.689260691404342651e-02
-6.524018943309783936e-02,-6.017198413610458374e-02,-7.707761973142623901e-02
-6.524018943309783936e-02,-6.017198413610458374e-02,-7.707761973142623901e-02
-6.522118300199508667e-02,-6.019571796059608459e-02,-7.726217061281204224e-02
-6.522118300199508667e-02,-6.019571796059608459e-02,-7.726217061281204224e-02
-6.520222127437591553e-02,-6.021872162818908691e-02,-7.744625955820083618e-02
-6.520222127437591553e-02,-6.021872162818908691e-02,-7.744625955820083618e-02
-6.518328934907913208e-02,-6.024100258946418762e-02,-7.762988656759262085e-02
-6.518328934907913208e-02,-6.024100258946418762e-02,-7.762988656759262085e-02
-6.516440212726593018e-02,-6.026254966855049133e-02,-7.781306654214859009e-02
-6.516440212726593018e-02,-6.026254966855049133e-02,-7.781306654214859009e-02
-6.514555960893630981e-02,-6.028337404131889343e-02,-7.799577713012695312e-02
-6.514555960893630981e-02,-6.028337404131889343e-02,-7.799577713012695312e-02
-6.512676179409027100e-02,-6.030347943305969238e-02,-7.817803323268890381e-02
-6.512676179409027100e-02,-6.030347943305969238e-02,-7.817803323268890381e-02
-6.510800868272781372e-02,-6.032286956906318665e-02,-7.835984230041503906e-02
-6.510800868272781372e-02,-6.032286956906318665e-02,-7.835984230041503906e-02
-6.508929282426834106e-02,-6.034154444932937622e-02,-7.854121923446655273e-02
-6.508929282426834106e-02,-6.034154444932937622e-02,-7.854121923446655273e-02
-6.507062166929244995e-02,-6.035950034856796265e-02,-7.872213423252105713e-02
-6.507062166929244995e-02,-6.035950034856796265e-02,-7.872213423252105713e-02
-6.505198776721954346e-02,-6.037674844264984131e-02,-7.890260964632034302e-02
-6.505198776721954346e-02,-6.037674844264984131e-02,-7.890260964632034302e-02
-6.503339111804962158e-02,-6.039327755570411682e-02,-7.908266037702560425e-02
-6.503339111804962158e-02,-6.039327755570411682e-02,-7.908266037702560425e-02
-6.501484662294387817e-02,-6.040910258889198303e-02,-7.926225662231445312e-02
-6.501484662294387817e-02,-6.040910258889198303e-02,-7.926225662231445312e-02
-6.499633938074111938e-02,-6.042422726750373840e-02,-7.944143563508987427e-02
-6.499633938074111938e-02,-6.042422726750373840e-02,-7.944143563508987427e-02
-6.497787684202194214e-02,-6.043864041566848755e-02,-7.962018251419067383e-02
-6.497787684202194214e-02,-6.043864041566848755e-02,-7.962018251419067383e-02
-6.495945155620574951e-02,-6.045235320925712585e-02,-7.979850471019744873e-02
-6.495945155620574951e-02,-6.045235320925712585e-02,-7.979850471019744873e-02
-6.494107842445373535e-02,-6.046536564826965332e-02,-7.997639477252960205e-02
-6.494107842445373535e-02,-6.046536564826965332e-02,-7.997639477252960205e-02
-6.492274999618530273e-02,-6.047767773270606995e-02,-8.015387505292892456e-02
-6.492274999618530273e-02,-6.047767773270606995e-02,-8.015387505292892456e-02
-6.490445137023925781e-02,-6.048930436372756958e-02,-8.033091574907302856e-02
-6.490445137023925781e-02,-6.048930436372756958e-02,-8.033091574907302856e-02
-6.488621234893798828e-02,-6.050022691488265991e-02,-8.050755411386489868e-02
-6.488621234893798828e-02,-6.050022691488265991e-02,-8.050755411386489868e-02
-6.486800312995910645e-02,-6.051046028733253479e-02,-8.068377524614334106e-02
-6.486800312995910645e-02,-6.051046028733253479e-02,-8.068377524614334106e-02
-6.484984606504440308e-02,-6.052000075578689575e-02,-8.085959404706954956e-02
-6.484984606504440308e-02,-6.052000075578689575e-02,-8.085959404706954956e-02
-6.483172625303268433e-02,-6.052886322140693665e-02,-8.103500306606292725e-02
-6.483172625303268433e-02,-6.052886322140693665e-02,-8.103500306606292725e-02
-6.481365859508514404e-02,-6.053703650832176208e-02,-8.121000975370407104e-02
-6.481365859508514404e-02,-6.053703650832176208e-02,-8.121000975370407104e-02
-6.479562819004058838e-02,-6.054451689124107361e-02,-8.138461410999298096e-02
-6.479562819004058838e-02,-6.054451689124107361e-02,-8.138461410999298096e-02
-6.477764993906021118e-02,-6.055132672190666199e-02,-8.155883103609085083e-02
-6.477764993906021118e-02,-6.055132672190666199e-02,-8.155883103609085083e-02
-6.475970149040222168e-02,-6.055744737386703491e-02,-8.173263818025588989e-02
-6.475970149040222168e-02,-6.055744737386703491e-02,-8.173263818025588989e-02
-6.474181264638900757e-02,-6.056290492415428162e-02,-8.190605789422988892e-02
-6.474181264638900757e-02,-6.056290492415428162e-02,-8.190605789422988892e-02
-6.472396850585937500e-02,-6.056767702102661133e-02,-8.207908272743225098e-02
-6.472396850585937500e-02,-6.056767702102661133e-02,-8.207908272743225098e-02
-6.470616161823272705e-02,-6.057177484035491943e-02,-8.225173503160476685e-02
-6.470616161823272705e-02,-6.057177484035491943e-02,-8.225173503160476685e-02
-6.468840688467025757e-02,-6.057520583271980286e-02,-8.242398500442504883e-02
-6.468840688467025757e-02,-6.057520583271980286e-02,-8.242398500442504883e-02
-6.467068940401077271e-02,-6.057796999812126160e-02,-8.259586244821548462e-02
-6.467068940401077271e-02,-6.057796999812126160e-02,-8.259586244821548462e-02
-6.465302407741546631e-02,-6.058005988597869873e-02,-8.276735991239547729e-02
-6.465302407741546631e-02,-6.058005988597869873e-02,-8.276735991239547729e-02
-6.463539600372314453e-02,-6.058149039745330811e-02,-8.293848484754562378e-02
-6.463539600372314453e-02,-6.058149039745330811e-02,-8.293848484754562378e-02
-6.461782008409500122e-02,-6.058226153254508972e-02,-8.310924470424652100e-02
-6.461782008409500122e-02,-6.058226153254508972e-02,-8.310924470424652100e-02
-6.460028886795043945e-02,-6.058236584067344666e-02,-8.327962458133697510e-02
-6.460028886795043945e-02,-6.058236584067344666e-02,-8.327962458133697510e-02
-6.458280235528945923e-02,-6.058181077241897583e-02,-8.344963192939758301e-02
-6.458280235528945923e-02,-6.058181077241897583e-02,-8.344963192939758301e-02
-6.456536799669265747e-02,-6.058060377836227417e-02,-8.361928164958953857e-02
-6.456536799669265747e-02,-6.058060377836227417e-02,-8.361928164958953857e-02
-6.454797089099884033e-02,-6.057873740792274475e-02,-8.378857374191284180e-02
-6.454797089099884033e-02,-6.057873740792274475e-02,-8.378857374191284180e-02
-6.453063338994979858e-02,-6.057622283697128296e-02,-8.395750820636749268e-02
-6.453063338994979858e-02,-6.057622283697128296e-02,-8.395750820636749268e-02
-6.451334059238433838e-02,-6.057305261492729187e-02,-8.412608504295349121e-02
-6.451334059238433838e-02,-6.057305261492729187e-02,-8.412608504295349121e-02
-6.449607759714126587e-02,-6.056923791766166687e-02,-8.429431170225143433e-02
-6.449607759714126587e-02,-6.056923791766166687e-02,-8.429431170225143433e-02
-6.447887420654296875e-02,-6.056477501988410950e-02,-8.446218073368072510e-02
-6.447887420654296875e-02,-6.056477501988410950e-02,-8.446218073368072510e-02
-6.446171551942825317e-02,-6.055967509746551514e-02,-8.462971448898315430e-02
-6.446171551942825317e-02,-6.055967509746551514e-02,-8.462971448898315430e-02
-6.444460898637771606e-02,-6.055392324924468994e-02,-8.479689806699752808e-02
-6.444460898637771606e-02,-6.055392324924468994e-02,-8.479689806699752808e-02
-6.442754715681076050e-02,-6.054754555225372314e-02,-8.496373891830444336e-02
-6.442754715681076050e-02,-6.054754555225372314e-02,-8.496373891830444336e-02
-6.441053003072738647e-02,-6.054051592946052551e-02,-8.513025194406509399e-02
-6.441053003072738647e-02,-6.054051592946052551e-02,-8.513025194406509399e-02
-6.439355760812759399e-02,-6.053285300731658936e-02,-8.529641479253768921e-02
-6.439355760812759399e-02,-6.053285300731658936e-02,-8.529641479253768921e-02
-6.437663733959197998e-02,-6.052456051111221313e-02,-8.546224981546401978e-02
-6.437663733959197998e-02,-6.052456051111221313e-02,-8.546224981546401978e-02
-6.435976922512054443e-02,-6.051563471555709839e-02,-8.562777191400527954e-02
-6.435976922512054443e-02,-6.051563471555709839e-02,-8.562777191400527954e-02
-6.434294581413269043e-02,-6.050607562065124512e-02,-8.579295128583908081e-02
-6.434294581413269043e-02,-6.050607562065124512e-02,-8.579295128583908081e-02
-6.432617455720901489e-02,-6.049589067697525024e-02,-8.595781028270721436e-02
-6.432617455720901489e-02,-6.049589067697525024e-02,-8.595781028270721436e-02
-6.430944800376892090e-02,-6.048508360981941223e-02,-8.612234890460968018e-02
-6.430944800376892090e-02,-6.048508360981941223e-02,-8.612234890460968018e-02
-6.429276615381240845e-02,-6.047365441918373108e-02,-8.628656715154647827e-02
-6.429276615381240845e-02,-6.047365441918373108e-02,-8.628656715154647827e-02
-6.427613645792007446e-02,-6.046159937977790833e-02,-8.645047247409820557e-02
-6.427613645792007446e-02,-6.046159937977790833e-02,-8.645047247409820557e-02
-6.425955891609191895e-02,-6.044892594218254089e-02,-8.661406487226486206e-02
-6.425955891609191895e-02,-6.044892594218254089e-02,-8.661406487226486206e-02
-6.424302607774734497e-02,-6.043563410639762878e-02,-8.677733689546585083e-02
-6.424302607774734497e-02,-6.043563410639762878e-02,-8.677733689546585083e-02
-6.422654539346694946e-02,-6.042173132300376892e-02,-8.694031834602355957e-02
-6.422654539346694946e-02,-6.042173132300376892e-02,-8.694031834602355957e-02
-6.421010941267013550e-02,-6.040721759200096130e-02,-8.710299432277679443e-02
-6.421010941267013550e-02,-6.040721759200096130e-02,-8.710299432277679443e-02
-6.419373303651809692e-02,-6.039208546280860901e-02,-8.726537227630615234e-02
-6.419373303651809692e-02,-6.039208546280860901e-02,-8.726537227630615234e-02
-6.417740136384963989e-02,-6.037634238600730896e-02,-8.742742985486984253e-02
-6.417740136384963989e-02,-6.037634238600730896e-02,-8.742742985486984253e-02
-6.416112184524536133e-02,-6.035999953746795654e-02,-8.758921921253204346e-02
-6.416112184524536133e-02,-6.035999953746795654e-02,-8.758921921253204346e-02
-6.414487957954406738e-02,-6.034304946660995483e-02,-8.775070309638977051e-02
-6.414487957954406738e-02,-6.034304946660995483e-02,-8.775070309638977051e-02
-6.412870436906814575e-02,-6.032549962401390076e-02,-8.791189640760421753e-02
-6.412870436906814575e-02,-6.032549962401390076e-02,-8.791189640760421753e-02
-6.411257386207580566e-02,-6.030734628438949585e-02,-8.807280659675598145e-02
-6.411257386207580566e-02,-6.030734628438949585e-02,-8.807280659675598145e-02
-6.409648805856704712e-02,-6.028860062360763550e-02,-8.823344111442565918e-02
-6.409648805856704712e-02,-6.028860062360763550e-02,-8.823344111442565918e-02
-6.408045440912246704e-02,-6.026925146579742432e-02,-8.839378505945205688e-02
-6.408045440912246704e-02,-6.026925146579742432e-02,-8.839378505945205688e-02
-6.406448036432266235e-02,-6.024930998682975769e-02,-8.855385333299636841e-02
-6.406448036432266235e-02,-6.024930998682975769e-02,-8.855385333299636841e-02
-6.404855102300643921e-02,-6.022877246141433716e-02,-8.871364593505859375e-02
-6.404855102300643921e-02,-6.022877246141433716e-02,-8.871364593505859375e-02
-6.403268128633499146e-02,-6.020764634013175964e-02,-8.887317031621932983e-02
-6.403268128633499146e-02,-6.020764634013175964e-02,-8.887317031621932983e-02
-6.401684880256652832e-02,-6.018593907356262207e-02,-8.903241902589797974e-02
-6.401684880256652832e-02,-6.018593907356262207e-02,-8.903241902589797974e-02
-6.400107592344284058e-02,-6.016363576054573059e-02,-8.919140696525573730e-02
-6.400107592344284058e-02,-6.016363576054573059e-02,-8.919140696525573730e-02
-6.398535519838333130e-02,-6.014075130224227905e-02,-8.935011923313140869e-02
-6.398535519838333130e-02,-6.014075130224227905e-02,-8.935011923313140869e-02
-6.396967917680740356e-02,-6.011728569865226746e-02,-8.950857818126678467e-02
-6.396967917680740356e-02,-6.011728569865226746e-02,-8.950857818126678467e-02
-6.395406275987625122e-02,-6.009324267506599426e-02,-8.966678380966186523e-02
-6.395406275987625122e-02,-6.009324267506599426e-02,-8.966678380966186523e-02
-6.393849849700927734e-02,-6.006862223148345947e-02,-8.982474356889724731e-02
-6.393849849700927734e-02,-6.006862223148345947e-02,-8.982474356889724731e-02
-6.392297893762588501e-02,-6.004342436790466309e-02,-8.998243510723114014e-02
-6.392297893762588501e-02,-6.004342436790466309e-02,-8.998243510723114014e-02
-6.390751898288726807e-02,-6.001764535903930664e-02,-9.013987332582473755e-02
-6.390751898288726807e-02,-6.001764535903930664e-02,-9.013987332582473755e-02
-6.389210373163223267e-02,-5.999130383133888245e-02,-9.029707312583923340e-02
-6.389210373163223267e-02,-5.999130383133888245e-02,-9.029707312583923340e-02
-6.387674808502197266e-02,-5.996438860893249512e-02,-9.045403450727462769e-02
-6.387674808502197266e-02,-5.996438860893249512e-02,-9.045403450727462769e-02
-6.386144459247589111e-02,-5.993691459298133850e-02,-9.061075001955032349e-02
-6.386144459247589111e-02,-5.993691459298133850e-02,-9.061075001955032349e-02
-6.384619325399398804e-02,-5.990886315703392029e-02,-9.076722711324691772e-02
-6.384619325399398804e-02,-5.990886315703392029e-02,-9.076722711324691772e-02
-6.383099406957626343e-02,-5.988025665283203125e-02,-9.092347323894500732e-02
-6.383099406957626343e-02,-5.988025665283203125e-02,-9.092347323894500732e-02
-6.381585448980331421e-02,-5.985108762979507446e-02,-9.107948094606399536e-02
-6.381585448980331421e-02,-5.985108762979507446e-02,-9.107948094606399536e-02
-6.380075961351394653e-02,-5.982135608792304993e-02,-9.123525768518447876e-02
-6.380075961351394653e-02,-5.982135608792304993e-02,-9.123525768518447876e-02
-6.378571689128875732e-02,-5.979106947779655457e-02,-9.139081835746765137e-02
-6.378571689128875732e-02,-5.979106947779655457e-02,-9.139081835746765137e-02
-6.377073377370834351e-02,-5.976022779941558838e-02,-9.154614806175231934e-02
-6.377073377370834351e-02,-5.976022779941558838e-02,-9.154614806175231934e-02
-6.375581026077270508e-02,-5.972883477807044983e-02,-9.170124679803848267e-02
-6.375581026077270508e-02,-5.972883477807044983e-02,-9.170124679803848267e-02
-6.374093145132064819e-02,-5.969688668847084045e-02,-9.185615181922912598e-02
-6.374093145132064819e-02,-5.969688668847084045e-02,-9.185615181922912598e-02
-6.372610479593276978e-02,-5.966439470648765564e-02,-9.201082587242126465e-02
-6.372610479593276978e-02,-5.966439470648765564e-02,-9.201082587242126465e-02
-6.371133774518966675e-02,-5.963135510683059692e-02,-9.216528385877609253e-02
-6.371133774518966675e-02,-5.963135510683059692e-02,-9.216528385877609253e-02
-6.369663774967193604e-02,-5.959776788949966431e-02,-9.231954813003540039e-02
-6.369663774967193604e-02,-5.959776788949966431e-02,-9.231954813003540039e-02
-6.368196755647659302e-02,-5.956363677978515625e-02,-9.247358888387680054e-02
-6.368196755647659302e-02,-5.956363677978515625e-02,-9.247358888387680054e-02
-6.366736441850662231e-02,-5.952896550297737122e-02,-9.262744337320327759e-02
-6.366736441850662231e-02,-5.952896550297737122e-02,-9.262744337320327759e-02
-6.365282088518142700e-02,-5.949376523494720459e-02,-9.278109669685363770e-02
-6.365282088518142700e-02,-5.949376523494720459e-02,-9.278109669685363770e-02
-6.363832950592041016e-02,-5.945801734924316406e-02,-9.293453395366668701e-02
-6.363832950592041016e-02,-5.945801734924316406e-02,-9.293453395366668701e-02
-6.362389028072357178e-02,-5.942173674702644348e-02,-9.308779239654541016e-02
-6.362389028072357178e-02,-5.942173674702644348e-02,-9.308779239654541016e-02
-6.360950320959091187e-02,-5.938492715358734131e-02,-9.324084967374801636e-02
-6.360950320959091187e-02,-5.938492715358734131e-02,-9.324084967374801636e-02
-6.359518319368362427e-02,-5.934758856892585754e-02,-9.339372068643569946e-02
-6.359518319368362427e-02,-5.934758856892585754e-02,-9.339372068643569946e-02
-6.358091533184051514e-02,-5.930972099304199219e-02,-9.354641288518905640e-02
-6.358091533184051514e-02,-5.930972099304199219e-02,-9.354641288518905640e-02
-6.356669962406158447e-02,-5.927132442593574524e-02,-9.369891136884689331e-02
-6.356669962406158447e-02,-5.927132442593574524e-02,-9.369891136884689331e-02
-6.355253607034683228e-02,-5.923240259289741516e-02,-9.385123103857040405e-02
-6.355253607034683228e-02,-5.923240259289741516e-02,-9.385123103857040405e-02
-6.353843212127685547e-02,-5.919296666979789734e-02,-9.400337189435958862e-02
-6.353843212127685547e-02,-5.919296666979789734e-02,-9.400337189435958862e-02
-6.352439522743225098e-02,-5.915300920605659485e-02,-9.415534883737564087e-02
-6.352439522743225098e-02,-5.915300920605659485e-02,-9.415534883737564087e-02
-6.351040303707122803e-02,-5.911253020167350769e-02,-9.430713951587677002e-02
-6.351040303707122803e-02,-5.911253020167350769e-02,-9.430713951587677002e-02
-6.349647045135498047e-02,-5.907153710722923279e-02,-9.445877373218536377e-02
-6.349647045135498047e-02,-5.907153710722923279e-02,-9.445877373218536377e-02
-6.348259001970291138e-02,-5.903002992272377014e-02,-9.461023658514022827e-02
-6.348259001970291138e-02,-5.903002992272377014e-02,-9.461023658514022827e-02
-6.346876919269561768e-02,-5.898801237344741821e-02,-9.476152062416076660e-02
-6.346876919269561768e-02,-5.898801237344741821e-02,-9.476152062416076660e-02
-6.345500797033309937e-02,-5.894548445940017700e-02,-9.491267055273056030e-02
-6.345500797033309937e-02,-5.894548445940017700e-02,-9.491267055273056030e-02
-6.344130635261535645e-02,-5.890244245529174805e-02,-9.506364911794662476e-02
-6.344130635261535645e-02,-5.890244245529174805e-02,-9.506364911794662476e-02
-6.342766433954238892e-02,-5.885890871286392212e-02,-9.521447867155075073e-02
-6.342766433954238892e-02,-5.885890871286392212e-02,-9.521447867155075073e-02
-6.341406702995300293e-02,-5.881486088037490845e-02,-9.536514431238174438e-02
-6.341406702995300293e-02,-5.881486088037490845e-02,-9.536514431238174438e-02
-6.340053677558898926e-02,-5.877031758427619934e-02,-9.551566839218139648e-02
-6.340053677558898926e-02,-5.877031758427619934e-02,-9.551566839218139648e-02
-6.338706612586975098e-02,-5.872527509927749634e-02,-9.566604346036911011e-02
-6.338706612586975098e-02,-5.872527509927749634e-02,-9.566604346036911011e-02
-6.337364763021469116e-02,-5.867973342537879944e-02,-9.581628441810607910e-02
-6.337364763021469116e-02,-5.867973342537879944e-02,-9.581628441810607910e-02
-6.336029618978500366e-02,-5.863369256258010864e-02,-9.596637636423110962e-02
-6.336029618978500366e-02,-5.863369256258010864e-02,-9.596637636423110962e-02
-6.334698945283889771e-02,-5.858717113733291626e-02,-9.611633419990539551e-02
-6.334698945283889771e-02,-5.858717113733291626e-02,-9.611633419990539551e-02
-6.333375722169876099e-02,-5.854014307260513306e-02,-9.626615792512893677e-02
-6.333375722169876099e-02,-5.854014307260513306e-02,-9.626615792512893677e-02
-6.332056969404220581e-02,-5.849264189600944519e-02,-9.641584753990173340e-02
-6.332056969404220581e-02,-5.849264189600944519e-02,-9.641584753990173340e-02
-6.330744922161102295e-02,-5.844464525580406189e-02,-9.656540304422378540e-02
-6.330744922161102295e-02,-5.844464525580406189e-02,-9.656540304422378540e-02
-6.329438090324401855e-02,-5.839617177844047546e-02,-9.671483933925628662e-02
-6.329438090324401855e-02,-5.839617177844047546e-02,-9.671483933925628662e-02
-6.328138709068298340e-02,-5.834720283746719360e-02,-9.686414897441864014e-02
-6.328138709068298340e-02,-5.834720283746719360e-02,-9.686414897441864014e-02
-6.326843798160552979e-02,-5.829776078462600708e-02,-9.701334685087203979e-02
-6.326843798160552979e-02,-5.829776078462600708e-02,-9.701334685087203979e-02
-6.325554847717285156e-02,-5.824784561991691589e-02,-9.716241806745529175e-02
-6.325554847717285156e-02,-5.824784561991691589e-02,-9.716241806745529175e-02
-6.324272602796554565e-02,-5.819744244217872620e-02,-9.731137007474899292e-02
-6.324272602796554565e-02,-5.819744244217872620e-02,-9.731137007474899292e-02
-6.322995573282241821e-02,-5.814657732844352722e-02,-9.746021777391433716e-02
-6.322995573282241821e-02,-5.814657732844352722e-02,-9.746021777391433716e-02
-6.321725249290466309e-02,-5.809523165225982666e-02,-9.760895371437072754e-02
-6.321725249290466309e-02,-5.809523165225982666e-02,-9.760895371437072754e-02
-6.320460885763168335e-02,-5.804341658949851990e-02,-9.775758534669876099e-02
-6.320460885763168335e-02,-5.804341658949851990e-02,-9.775758534669876099e-02
-6.319202482700347900e-02,-5.799113959074020386e-02,-9.790612012147903442e-02
-6.319202482700347900e-02,-5.799113959074020386e-02,-9.790612012147903442e-02
-6.317950040102005005e-02,-5.793838202953338623e-02,-9.805454313755035400e-02
-6.317950040102005005e-02,-5.793838202953338623e-02,-9.805454313755035400e-02
-6.316703557968139648e-02,-5.788518115878105164e-02,-9.820287674665451050e-02
-6.316703557968139648e-02,-5.788518115878105164e-02,-9.820287674665451050e-02
-6.315462291240692139e-02,-5.783150345087051392e-02,-9.835110604763031006e-02
-6.315462291240692139e-02,-5.783150345087051392e-02,-9.835110604763031006e-02
-6.314228475093841553e-02,-5.777737125754356384e-02,-9.849925339221954346e-02
-6.314228475093841553e-02,-5.777737125754356384e-02,-9.849925339221954346e-02
-6.313000619411468506e-02,-5.772278085350990295e-02,-9.864730387926101685e-02
-6.313000619411468506e-02,-5.772278085350990295e-02,-9.864730387926101685e-02
-6.311777979135513306e-02,-5.766773223876953125e-02,-9.879527986049652100e-02
-6.311777979135513306e-02,-5.766773223876953125e-02,-9.879527986049652100e-02
-6.310562789440155029e-02,-5.761223658919334412e-02,-9.894315898418426514e-02
-6.310562789440155029e-02,-5.761223658919334412e-02,-9.894315898418426514e-02
-6.309352070093154907e-02,-5.755628272891044617e-02,-9.909096360206604004e-02
-6.309352070093154907e-02,-5.755628272891044617e-02,-9.909096360206604004e-02
-6.308149546384811401e-02,-5.749988555908203125e-02,-9.923868626356124878e-02
-6.308149546384811401e-02,-5.749988555908203125e-02,-9.923868626356124878e-02
-6.306951493024826050e-02,-5.744303390383720398e-02,-9.938634186983108521e-02
-6.306951493024826050e-02,-5.744303390383720398e-02,-9.938634186983108521e-02
-6.305760145187377930e-02,-5.738574638962745667e-02,-9.953393042087554932e-02
-6.305760145187377930e-02,-5.738574638962745667e-02,-9.953393042087554932e-02
-6.304574757814407349e-02,-5.732800439000129700e-02,-9.968143701553344727e-02
-6.304574757814407349e-02,-5.732800439000129700e-02,-9.968143701553344727e-02
-6.303396075963973999e-02,-5.726983398199081421e-02,-9.982889145612716675e-02
-6.303396075963973999e-02,-5.726983398199081421e-02,-9.982889145612716675e-02
-6.302224099636077881e-02,-5.721121281385421753e-02,-9.997626394033432007e-02
-6.302224099636077881e-02,-5.721121281385421753e-02,-9.997626394033432007e-02
-6.301057338714599609e-02,-5.715216323733329773e-02,-1.001235917210578918e-01
-6.301057338714599609e-02,-5.715216323733329773e-02,-1.001235917210578918e-01
-6.299897283315658569e-02,-5.709267780184745789e-02,-1.002708598971366882e-01
-6.299897283315658569e-02,-5.709267780184745789e-02,-1.002708598971366882e-01
-6.298743188381195068e-02,-5.703275278210639954e-02,-1.004180610179901123e-01
-6.298743188381195068e-02,-5.703275278210639954e-02,-1.004180610179901123e-01
-6.297595798969268799e-02,-5.697240307927131653e-02,-1.005652174353599548e-01
-6.297595798969268799e-02,-5.697240307927131653e-02,-1.005652174353599548e-01
-6.296455115079879761e-02,-5.691162496805191040e-02,-1.007123440504074097e-01
-6.296455115079879761e-02,-5.691162496805191040e-02,-1.007123440504074097e-01
-6.295320391654968262e-02,-5.685041844844818115e-02,-1.008593887090682983e-01
-6.295320391654968262e-02,-5.685041844844818115e-02,-1.008593887090682983e-01
-6.294191628694534302e-02,-5.678878724575042725e-02,-1.010064110159873962e-01
-6.294191628694534302e-02,-5.678878724575042725e-02,-1.010064110159873962e-01
-6.293070316314697266e-02,-5.672673508524894714e-02,-1.011533960700035095e-01
-6.293070316314697266e-02,-5.672673508524894714e-02,-1.011533960700035095e-01
-6.291954219341278076e-02,-5.666426569223403931e-02,-1.013003364205360413e-01
-6.291954219341278076e-02,-5.666426569223403931e-02,-1.013003364205360413e-01
-6.290844827890396118e-02,-5.660137161612510681e-02,-1.014472469687461853e-01
-6.290844827890396118e-02,-5.660137161612510681e-02,-1.014472469687461853e-01
-6.289741396903991699e-02,-5.653806030750274658e-02,-1.015941202640533447e-01
-6.289741396903991699e-02,-5.653806030750274658e-02,-1.015941202640533447e-01
-6.288645416498184204e-02,-5.647433921694755554e-02,-1.017409712076187134e-01
-6.288645416498184204e-02,-5.647433921694755554e-02,-1.017409712076187134e-01
-6.287554651498794556e-02,-5.641020834445953369e-02,-1.018877923488616943e-01
-6.287554651498794556e-02,-5.641020834445953369e-02,-1.018877923488616943e-01
-6.286471337080001831e-02,-5.634565651416778564e-02,-1.020345911383628845e-01
-6.286471337080001831e-02,-5.634565651416778564e-02,-1.020345911383628845e-01
-6.285393983125686646e-02,-5.628070980310440063e-02,-1.021813675761222839e-01
-6.285393983125686646e-02,-5.628070980310440063e-02,-1.021813675761222839e-01
-6.284324079751968384e-02,-5.621535331010818481e-02,-1.023281365633010864e-01
-6.284324079751968384e-02,-5.621535331010818481e-02,-1.023281365633010864e-01
-6.283259391784667969e-02,-5.614959076046943665e-02,-1.024748757481575012e-01
-6.283259391784667969e-02,-5.614959076046943665e-02,-1.024748757481575012e-01
-6.282202154397964478e-02,-5.608343333005905151e-02,-1.026216149330139160e-01
-6.282202154397964478e-02,-5.608343333005905151e-02,-1.026216149330139160e-01
-6.281151622533798218e-02,-5.601686984300613403e-02,-1.027683317661285400e-01
-6.281151622533798218e-02,-5.601686984300613403e-02,-1.027683317661285400e-01
-6.280107051134109497e-02,-5.594990029931068420e-02,-1.029150560498237610e-01
-6.280107051134109497e-02,-5.594990029931068420e-02,-1.029150560498237610e-01
-6.279068440198898315e-02,-5.588255077600479126e-02,-1.030617728829383850e-01
-6.279068440198898315e-02,-5.588255077600479126e-02,-1.030617728829383850e-01
-6.278037279844284058e-02,-5.581479892134666443e-02,-1.032084897160530090e-01
-6.278037279844284058e-02,-5.581479892134666443e-02,-1.032084897160530090e-01
-6.277012825012207031e-02,-5.574666336178779602e-02,-1.033552139997482300e-01
-6.277012825012207031e-02,-5.574666336178779602e-02,-1.033552139997482300e-01
-6.275995075702667236e-02,-5.567813292145729065e-02,-1.035019308328628540e-01
-6.275995075702667236e-02,-5.567813292145729065e-02,-1.035019308328628540e-01
-6.274982541799545288e-02,-5.560921505093574524e-02,-1.036486700177192688e-01
-6.274982541799545288e-02,-5.560921505093574524e-02,-1.036486700177192688e-01
-6.273978203535079956e-02,-5.553990975022315979e-02,-1.037954092025756836e-01
-6.273978203535079956e-02,-5.553990975022315979e-02,-1.037954092025756836e-01
-6.272979825735092163e-02,-5.547022074460983276e-02,-1.039421707391738892e-01
-6.272979825735092163e-02,-5.547022074460983276e-02,-1.039421707391738892e-01
-6.271988153457641602e-02,-5.540015920996665955e-02,-1.040889471769332886e-01
-6.271988153457641602e-02,-5.540015920996665955e-02,-1.040889471769332886e-01
-6.271003186702728271e-02,-5.532971769571304321e-02,-1.042357385158538818e-01
-6.271003186702728271e-02,-5.532971769571304321e-02,-1.042357385158538818e-01
-6.270025670528411865e-02,-5.525889247655868530e-02,-1.043825596570968628e-01
-6.270025670528411865e-02,-5.525889247655868530e-02,-1.043825596570968628e-01
-6.269054114818572998e-02,-5.518770217895507812e-02,-1.045293956995010376e-01
-6.269054114818572998e-02,-5.518770217895507812e-02,-1.045293956995010376e-01
-6.268089264631271362e-02,-5.511613190174102783e-02,-1.046762764453887939e-01
-6.268089264631271362e-02,-5.511613190174102783e-02,-1.046762764453887939e-01
-6.267131119966506958e-02,-5.504418909549713135e-02,-1.048231720924377441e-01
-6.267131119966506958e-02,-5.504418909549713135e-02,-1.048231720924377441e-01
-6.266180425882339478e-02,-5.497188121080398560e-02,-1.049701124429702759e-01
-6.266180425882339478e-02,-5.497188121080398560e-02,-1.049701124429702759e-01
-6.265234947204589844e-02,-5.489920824766159058e-02,-1.051170825958251953e-01
-6.265234947204589844e-02,-5.489920824766159058e-02,-1.051170825958251953e-01
-6.264297664165496826e-02,-5.482616648077964783e-02,-1.052641049027442932e-01
-6.264297664165496826e-02,-5.482616648077964783e-02,-1.052641049027442932e-01
-6.263367086648941040e-02,-5.475276336073875427e-02,-1.054111570119857788e-01
-6.263367086648941040e-02,-5.475276336073875427e-02,-1.054111570119857788e-01
-6.262443214654922485e-02,-5.467900261282920837e-02,-1.055582612752914429e-01
-6.262443214654922485e-02,-5.467900261282920837e-02,-1.055582612752914429e-01
-6.261526048183441162e-02,-5.460488423705101013e-02,-1.057054251432418823e-01
-6.261526048183441162e-02,-5.460488423705101013e-02,-1.057054251432418823e-01
-6.260615587234497070e-02,-5.453040823340415955e-02,-1.058526113629341125e-01
-6.260615587234497070e-02,-5.453040823340415955e-02,-1.058526113629341125e-01
-6.259712576866149902e-02,-5.445557087659835815e-02,-1.059998646378517151e-01
-6.259712576866149902e-02,-5.445557087659835815e-02,-1.059998646378517151e-01
-6.258816272020339966e-02,-5.438039451837539673e-02,-1.061471924185752869e-01
-6.258816272020339966e-02,-5.438039451837539673e-02,-1.061471924185752869e-01
-6.257925927639007568e-02,-5.430486053228378296e-02,-1.062945574522018433e-01
-6.257925927639007568e-02,-5.430486053228378296e-02,-1.062945574522018433e-01
-6.257043033838272095e-02,-5.422898009419441223e-02,-1.064419895410537720e-01
-6.257043033838272095e-02,-5.422898009419441223e-02,-1.064419895410537720e-01
-6.256167590618133545e-02,-5.415275692939758301e-02,-1.065894961357116699e-01
-6.256167590618133545e-02,-5.415275692939758301e-02,-1.065894961357116699e-01
-6.255298852920532227e-02,-5.407619103789329529e-02,-1.067370697855949402e-01
-6.255298852920532227e-02,-5.407619103789329529e-02,-1.067370697855949402e-01
-6.254437565803527832e-02,-5.399927496910095215e-02,-1.068847030401229858e-01
-6.254437565803527832e-02,-5.399927496910095215e-02,-1.068847030401229858e-01
-6.253582239151000977e-02,-5.392203480005264282e-02,-1.070324257016181946e-01
-6.253582239151000977e-02,-5.392203480005264282e-02,-1.070324257016181946e-01
-6.252734363079071045e-02,-5.384444072842597961e-02,-1.071802154183387756e-01
-6.252734363079071045e-02,-5.384444072842597961e-02,-1.071802154183387756e-01
-6.251893937587738037e-02,-5.376651883125305176e-02,-1.073280870914459229e-01
-6.251893937587738037e-02,-5.376651883125305176e-02,-1.073280870914459229e-01
-6.251060217618942261e-02,-5.368826538324356079e-02,-1.074760556221008301e-01
-6.251060217618942261e-02,-5.368826538324356079e-02,-1.074760556221008301e-01
-6.250233203172683716e-02,-5.360966920852661133e-02,-1.076240912079811096e-01
-6.250233203172683716e-02,-5.360966920852661133e-02,-1.076240912079811096e-01
-6.249413266777992249e-02,-5.353075265884399414e-02,-1.077722236514091492e-01
-6.249413266777992249e-02,-5.353075265884399414e-02,-1.077722236514091492e-01
-6.248600780963897705e-02,-5.345151200890541077e-02,-1.079204380512237549e-01
-6.248600780963897705e-02,-5.345151200890541077e-02,-1.079204380512237549e-01
-6.247795000672340393e-02,-5.337194353342056274e-02,-1.080687493085861206e-01
-6.247795000672340393e-02,-5.337194353342056274e-02,-1.080687493085861206e-01
-6.246997043490409851e-02,-5.329205095767974854e-02,-1.082171723246574402e-01
-6.246997043490409851e-02,-5.329205095767974854e-02,-1.082171723246574402e-01
-6.246205419301986694e-02,-5.321184173226356506e-02,-1.083656847476959229e-01
-6.246205419301986694e-02,-5.321184173226356506e-02,-1.083656847476959229e-01
-6.245421245694160461e-02,-5.313130468130111694e-02,-1.085142940282821655e-01
-6.245421245694160461e-02,-5.313130468130111694e-02,-1.085142940282821655e-01
-6.244644522666931152e-02,-5.305045843124389648e-02,-1.086630150675773621e-01
-6.244644522666931152e-02,-5.305045843124389648e-02,-1.086630150675773621e-01
-6.243874505162239075e-02,-5.296929553151130676e-02,-1.088118478655815125e-01
-6.243874505162239075e-02,-5.296929553151130676e-02,-1.088118478655815125e-01
-6.243112310767173767e-02,-5.288782343268394470e-02,-1.089607924222946167e-01
-6.243112310767173767e-02,-5.288782343268394470e-02,-1.089607924222946167e-01
-6.242356449365615845e-02,-5.280603468418121338e-02,-1.091098487377166748e-01
-6.242356449365615845e-02,-5.280603468418121338e-02,-1.091098487377166748e-01
-6.241607666015625000e-02,-5.272394046187400818e-02,-1.092590168118476868e-01
-6.241607666015625000e-02,-5.272394046187400818e-02,-1.092590168118476868e-01
-6.240867078304290771e-02,-5.264154449105262756e-02,-1.094083115458488464e-01
-6.240867078304290771e-02,-5.264154449105262756e-02,-1.094083115458488464e-01
-6.240133196115493774e-02,-5.255883187055587769e-02,-1.095577254891395569e-01
-6.240133196115493774e-02,-5.255883187055587769e-02,-1.095577254891395569e-01
-6.239406391978263855e-02,-5.247583240270614624e-02,-1.097072735428810120e-01
-6.239406391978263855e-02,-5.247583240270614624e-02,-1.097072735428810120e-01
-6.238686665892601013e-02,-5.239251628518104553e-02,-1.098569408059120178e-01
-6.238686665892601013e-02,-5.239251628518104553e-02,-1.098569408059120178e-01
-6.237975135445594788e-02,-5.230891332030296326e-02,-1.100067421793937683e-01
-6.237975135445594788e-02,-5.230891332030296326e-02,-1.100067421793937683e-01
-6.237271055579185486e-02,-5.222501233220100403e-02,-1.101566851139068604e-01
-6.237271055579185486e-02,-5.222501233220100403e-02,-1.101566851139068604e-01
-6.236573308706283569e-02,-5.214081704616546631e-02,-1.103067472577095032e-01
-6.236573308706283569e-02,-5.214081704616546631e-02,-1.103067472577095032e-01
-6.235883012413978577e-02,-5.205633118748664856e-02,-1.104569658637046814e-01
-6.235883012413978577e-02,-5.205633118748664856e-02,-1.104569658637046814e-01
-6.235200539231300354e-02,-5.197155103087425232e-02,-1.106073185801506042e-01
-6.235200539231300354e-02,-5.197155103087425232e-02,-1.106073185801506042e-01
-6.234525144100189209e-02,-5.188648775219917297e-02,-1.107578203082084656e-01
-6.234525144100189209e-02,-5.188648775219917297e-02,-1.107578203082084656e-01
-6.233857572078704834e-02,-5.180113390088081360e-02,-1.109084784984588623e-01
-6.233857572078704834e-02,-5.180113390088081360e-02,-1.109084784984588623e-01
-6.233197078108787537e-02,-5.171550810337066650e-02,-1.110592782497406006e-01
-6.233197078108787537e-02,-5.171550810337066650e-02,-1.110592782497406006e-01
-6.232543662190437317e-02,-5.162958428263664246e-02,-1.112102270126342773e-01
-6.232543662190437317e-02,-5.162958428263664246e-02,-1.112102270126342773e-01
-6.231898069381713867e-02,-5.154339224100112915e-02,-1.113613471388816833e-01
-6.231898069381713867e-02,-5.154339224100112915e-02,-1.113613471388816833e-01
-6.231259182095527649e-02,-5.145692080259323120e-02,-1.115126088261604309e-01
-6.231259182095527649e-02,-5.145692080259323120e-02,-1.115126088261604309e-01
-6.230628862977027893e-02,-5.137017369270324707e-02,-1.116640567779541016e-01
-6.230628862977027893e-02,-5.137017369270324707e-02,-1.116640567779541016e-01
-6.230005621910095215e-02,-5.128315091133117676e-02,-1.118156611919403076e-01
-6.230005621910095215e-02,-5.128315091133117676e-02,-1.118156611919403076e-01
-6.229390203952789307e-02,-5.119585618376731873e-02,-1.119674369692802429e-01
-6.229390203952789307e-02,-5.119585618376731873e-02,-1.119674369692802429e-01
-6.228781491518020630e-02,-5.110829323530197144e-02,-1.121193766593933105e-01
-6.228781491518020630e-02,-5.110829323530197144e-02,-1.121193766593933105e-01
-6.228180974721908569e-02,-5.102046951651573181e-02,-1.122714951634407043e-01
-6.228180974721908569e-02,-5.102046951651573181e-02,-1.122714951634407043e-01
-6.227587908506393433e-02,-5.093238130211830139e-02,-1.124237850308418274e-01
-6.227587908506393433e-02,-5.093238130211830139e-02,-1.124237850308418274e-01
-6.227001920342445374e-02,-5.084402114152908325e-02,-1.125762686133384705e-01
-6.227001920342445374e-02,-5.084402114152908325e-02,-1.125762686133384705e-01
-6.226424127817153931e-02,-5.075540021061897278e-02,-1.127289235591888428e-01
-6.226424127817153931e-02,-5.075540021061897278e-02,-1.127289235591888428e-01
-6.225853040814399719e-02,-5.066652595996856689e-02,-1.128817647695541382e-01
-6.225853040814399719e-02,-5.066652595996856689e-02,-1.128817647695541382e-01
-6.225290149450302124e-02,-5.057739466428756714e-02,-1.130347922444343567e-01
-6.225290149450302124e-02,-5.057739466428756714e-02,-1.130347922444343567e-01
-6.224735081195831299e-02,-5.048801004886627197e-02,-1.131880208849906921e-01
-6.224735081195831299e-02,-5.048801004886627197e-02,-1.131880208849906921e-01
-6.224187463521957397e-02,-5.039836466312408447e-02,-1.133414432406425476e-01
-6.224187463521957397e-02,-5.039836466312408447e-02,-1.133414432406425476e-01
-6.223646923899650574e-02,-5.030847713351249695e-02,-1.134950593113899231e-01
-6.223646923899650574e-02,-5.030847713351249695e-02,-1.134950593113899231e-01
-6.223114579916000366e-02,-5.021834373474121094e-02,-1.136488765478134155e-01
-6.223114579916000366e-02,-5.021834373474121094e-02,-1.136488765478134155e-01
-6.222589686512947083e-02,-5.012795701622962952e-02,-1.138028949499130249e-01
-6.222589686512947083e-02,-5.012795701622962952e-02,-1.138028949499130249e-01
-6.222072988748550415e-02,-5.003732815384864807e-02,-1.139571219682693481e-01
-6.222072988748550415e-02,-5.003732815384864807e-02,-1.139571219682693481e-01
-6.221563741564750671e-02,-4.994646087288856506e-02,-1.141115576028823853e-01
-6.221563741564750671e-02,-4.994646087288856506e-02,-1.141115576028823853e-01
-6.221061572432518005e-02,-4.985534772276878357e-02,-1.142662018537521362e-01
-6.221061572432518005e-02,-4.985534772276878357e-02,-1.142662018537521362e-01
-6.220567971467971802e-02,-4.976399615406990051e-02,-1.144210621714591980e-01
-6.220567971467971802e-02,-4.976399615406990051e-02,-1.144210621714591980e-01
-6.220082193613052368e-02,-4.967240989208221436e-02,-1.145761460065841675e-01
-6.220082193613052368e-02,-4.967240989208221436e-02,-1.145761460065841675e-01
-6.219603121280670166e-02,-4.958060011267662048e-02,-1.147314384579658508e-01
-6.219603121280670166e-02,-4.958060011267662048e-02,-1.147314384579658508e-01
-6.219132989645004272e-02,-4.948854446411132812e-02,-1.148869618773460388e-01
-6.219132989645004272e-02,-4.948854446411132812e-02,-1.148869618773460388e-01
-6.218670308589935303e-02,-4.939626157283782959e-02,-1.150427013635635376e-01
-6.218670308589935303e-02,-4.939626157283782959e-02,-1.150427013635635376e-01
-6.218214705586433411e-02,-4.930375888943672180e-02,-1.151986867189407349e-01
-6.218214705586433411e-02,-4.930375888943672180e-02,-1.151986867189407349e-01
-6.217768415808677673e-02,-4.921102523803710938e-02,-1.153548955917358398e-01
-6.217768415808677673e-02,-4.921102523803710938e-02,-1.153548955917358398e-01
-6.217328459024429321e-02,-4.911806434392929077e-02,-1.155113279819488525e-01
-6.217328459024429321e-02,-4.911806434392929077e-02,-1.155113279819488525e-01
-6.216897442936897278e-02,-4.902488738298416138e-02,-1.156680136919021606e-01
-6.216897442936897278e-02,-4.902488738298416138e-02,-1.156680136919021606e-01
-6.216473877429962158e-02,-4.893149062991142273e-02,-1.158249378204345703e-01
-6.216473877429962158e-02,-4.893149062991142273e-02,-1.158249378204345703e-01
-6.216058135032653809e-02,-4.883787408471107483e-02,-1.159820929169654846e-01
-6.216058135032653809e-02,-4.883787408471107483e-02,-1.159820929169654846e-01
-6.215650588274002075e-02,-4.874404519796371460e-02,-1.161395013332366943e-01
-6.215650588274002075e-02,-4.874404519796371460e-02,-1.161395013332366943e-01
-6.215250492095947266e-02,-4.865000396966934204e-02,-1.162971630692481995e-01
-6.215250492095947266e-02,-4.865000396966934204e-02,-1.162971630692481995e-01
-6.214858964085578918e-02,-4.855575039982795715e-02,-1.164550632238388062e-01
-6.214858964085578918e-02,-4.855575039982795715e-02,-1.164550632238388062e-01
-6.214474141597747803e-02,-4.846128448843955994e-02,-1.166132241487503052e-01
-6.214474141597747803e-02,-4.846128448843955994e-02,-1.166132241487503052e-01
-6.214099377393722534e-02,-4.836661741137504578e-02,-1.167716607451438904e-01
-6.214099377393722534e-02,-4.836661741137504578e-02,-1.167716607451438904e-01
-6.213730573654174805e-02,-4.827173799276351929e-02,-1.169303432106971741e-01
-6.213730573654174805e-02,-4.827173799276351929e-02,-1.169303432106971741e-01
-6.213370710611343384e-02,-4.817665740847587585e-02,-1.170892789959907532e-01
-6.213370710611343384e-02,-4.817665740847587585e-02,-1.170892789959907532e-01
-6.213019043207168579e-02,-4.808137938380241394e-02,-1.172484979033470154e-01
-6.213019043207168579e-02,-4.808137938380241394e-02,-1.172484979033470154e-01
-6.212675198912620544e-02,-4.798590764403343201e-02,-1.174079850316047668e-01
-6.212675198912620544e-02,-4.798590764403343201e-02,-1.174079850316047668e-01
-6.212339177727699280e-02,-4.789023101329803467e-02,-1.175677329301834106e-01
-6.212339177727699280e-02,-4.789023101329803467e-02,-1.175677329301834106e-01
-6.212010979652404785e-02,-4.779436439275741577e-02,-1.177277565002441406e-01
-6.212010979652404785e-02,-4.779436439275741577e-02,-1.177277565002441406e-01
-6.211691349744796753e-02,-4.769830405712127686e-02,-1.178880631923675537e-01
-6.211691349744796753e-02,-4.769830405712127686e-02,-1.178880631923675537e-01
-6.211379915475845337e-02,-4.760205373167991638e-02,-1.180486530065536499e-01
-6.211379915475845337e-02,-4.760205373167991638e-02,-1.180486530065536499e-01
-6.211076304316520691e-02,-4.750561341643333435e-02,-1.182095184922218323e-01
-6.211076304316520691e-02,-4.750561341643333435e-02,-1.182095184922218323e-01
-6.210780516266822815e-02,-4.740898311138153076e-02,-1.183706745505332947e-01
-6.210780516266822815e-02,-4.740898311138153076e-02,-1.183706745505332947e-01
-6.210493296384811401e-02,-4.731218516826629639e-02,-1.185321062803268433e-01
-6.210493296384811401e-02,-4.731218516826629639e-02,-1.185321062803268433e-01
-6.210213899612426758e-02,-4.721518605947494507e-02,-1.186938509345054626e-01
-6.210213899612426758e-02,-4.721518605947494507e-02,-1.186938509345054626e-01
-6.209943071007728577e-02,-4.711801931262016296e-02,-1.188558712601661682e-01
-6.209943071007728577e-02,-4.711801931262016296e-02,-1.188558712601661682e-01
-6.209680438041687012e-02,-4.702067002654075623e-02,-1.190182045102119446e-01
-6.209680438041687012e-02,-4.702067002654075623e-02,-1.190182045102119446e-01
-6.209426000714302063e-02,-4.692314192652702332e-02,-1.191808283329010010e-01
-6.209426000714302063e-02,-4.692314192652702332e-02,-1.191808283329010010e-01
-6.209179386496543884e-02,-4.682544246315956116e-02,-1.193437576293945312e-01
-6.209179386496543884e-02,-4.682544246315956116e-02,-1.193437576293945312e-01
-6.208940967917442322e-02,-4.672757163643836975e-02,-1.195069998502731323e-01
-6.208940967917442322e-02,-4.672757163643836975e-02,-1.195069998502731323e-01
-6.208711490035057068e-02,-4.662953317165374756e-02,-1.196705475449562073e-01
-6.208711490035057068e-02,-4.662953317165374756e-02,-1.196705475449562073e-01
-6.208489835262298584e-02,-4.653132334351539612e-02,-1.198344081640243530e-01
-6.208489835262298584e-02,-4.653132334351539612e-02,-1.198344081640243530e-01
-6.208276003599166870e-02,-4.643294587731361389e-02,-1.199985668063163757e-01
-6.208276003599166870e-02,-4.643294587731361389e-02,-1.199985668063163757e-01
-6.208071485161781311e-02,-4.633441939949989319e-02,-1.201630607247352600e-01
-6.208071485161781311e-02,-4.633441939949989319e-02,-1.201630607247352600e-01
-6.207874044775962830e-02,-4.623571410775184631e-02,-1.203278750181198120e-01
-6.207874044775962830e-02,-4.623571410775184631e-02,-1.203278750181198120e-01
-6.207685917615890503e-02,-4.613685607910156250e-02,-1.204930096864700317e-01
-6.207685917615890503e-02,-4.613685607910156250e-02,-1.204930096864700317e-01
-6.207505613565444946e-02,-4.603784531354904175e-02,-1.206584647297859192e-01
-6.207505613565444946e-02,-4.603784531354904175e-02,-1.206584647297859192e-01
-6.207333877682685852e-02,-4.593867808580398560e-02,-1.208242624998092651e-01
-6.207333877682685852e-02,-4.593867808580398560e-02,-1.208242624998092651e-01
-6.207170709967613220e-02,-4.583935067057609558e-02,-1.209903806447982788e-01
-6.207170709967613220e-02,-4.583935067057609558e-02,-1.209903806447982788e-01
-6.207015365362167358e-02,-4.573988169431686401e-02,-1.211568266153335571e-01
-6.207015365362167358e-02,-4.573988169431686401e-02,-1.211568266153335571e-01
-6.206868588924407959e-02,-4.564025998115539551e-02,-1.213236302137374878e-01
-6.206868588924407959e-02,-4.564025998115539551e-02,-1.213236302137374878e-01
-6.206730753183364868e-02,-4.554048925638198853e-02,-1.214907616376876831e-01
-6.206730753183364868e-02,-4.554048925638198853e-02,-1.214907616376876831e-01
-6.206600368022918701e-02,-4.544057697057723999e-02,-1.216582432389259338e-01
-6.206600368022918701e-02,-4.544057697057723999e-02,-1.216582432389259338e-01
-6.206479668617248535e-02,-4.534051567316055298e-02,-1.218260750174522400e-01
-6.206479668617248535e-02,-4.534051567316055298e-02,-1.218260750174522400e-01
-6.206367164850234985e-02,-4.524032026529312134e-02,-1.219942420721054077e-01
-6.206367164850234985e-02,-4.524032026529312134e-02,-1.219942420721054077e-01
-6.206262484192848206e-02,-4.513998329639434814e-02,-1.221627593040466309e-01
-6.206262484192848206e-02,-4.513998329639434814e-02,-1.221627593040466309e-01
-6.206166371703147888e-02,-4.503951221704483032e-02,-1.223316416144371033e-01
-6.206166371703147888e-02,-4.503951221704483032e-02,-1.223316416144371033e-01
-6.206078827381134033e-02,-4.493890702724456787e-02,-1.225008741021156311e-01
-6.206078827381134033e-02,-4.493890702724456787e-02,-1.225008741021156311e-01
-6.206000596284866333e-02,-4.483816400170326233e-02,-1.226704716682434082e-01
-6.206000596284866333e-02,-4.483816400170326233e-02,-1.226704716682434082e-01
-6.205930188298225403e-02,-4.473729431629180908e-02,-1.228404417634010315e-01
-6.205930188298225403e-02,-4.473729431629180908e-02,-1.228404417634010315e-01
-6.205867975950241089e-02,-4.463629797101020813e-02,-1.230107620358467102e-01
-6.205867975950241089e-02,-4.463629797101020813e-02,-1.230107620358467102e-01
-6.205815076828002930e-02,-4.453517496585845947e-02,-1.231814697384834290e-01
-6.205815076828002930e-02,-4.453517496585845947e-02,-1.231814697384834290e-01
-6.205770373344421387e-02,-4.443393275141716003e-02,-1.233525350689888000e-01
-6.205770373344421387e-02,-4.443393275141716003e-02,-1.233525350689888000e-01
-6.205734610557556152e-02,-4.433256387710571289e-02,-1.235239729285240173e-01
-6.205734610557556152e-02,-4.433256387710571289e-02,-1.235239729285240173e-01
-6.205706298351287842e-02,-4.423106461763381958e-02,-1.236957982182502747e-01
-6.205706298351287842e-02,-4.423106461763381958e-02,-1.236957982182502747e-01
-6.205688416957855225e-02,-4.412945732474327087e-02,-1.238679960370063782e-01
-6.205688416957855225e-02,-4.412945732474327087e-02,-1.238679960370063782e-01
-6.205677613615989685e-02,-4.402773454785346985e-02,-1.240405812859535217e-01
-6.205677613615989685e-02,-4.402773454785346985e-02,-1.240405812859535217e-01
-6.205676123499870300e-02,-4.392590373754501343e-02,-1.242135539650917053e-01
-6.205676123499870300e-02,-4.392590373754501343e-02,-1.242135539650917053e-01
-6.205683574080467224e-02,-4.382394999265670776e-02,-1.243869140744209290e-01
-6.205683574080467224e-02,-4.382394999265670776e-02,-1.243869140744209290e-01
-6.205699592828750610e-02,-4.372189193964004517e-02,-1.245606616139411926e-01
-6.205699592828750610e-02,-4.372189193964004517e-02,-1.245606616139411926e-01
-6.205723807215690613e-02,-4.361972957849502563e-02,-1.247348114848136902e-01
-6.205723807215690613e-02,-4.361972957849502563e-02,-1.247348114848136902e-01
-6.205757334828376770e-02,-4.351745545864105225e-02,-1.249093562364578247e-01
-6.205757334828376770e-02,-4.351745545864105225e-02,-1.249093562364578247e-01
-6.205799058079719543e-02,-4.341508448123931885e-02,-1.250843107700347900e-01
-6.205799058079719543e-02,-4.341508448123931885e-02,-1.250843107700347900e-01
-6.205849722027778625e-02,-4.331261292099952698e-02,-1.252596527338027954e-01
-6.205849722027778625e-02,-4.331261292099952698e-02,-1.252596527338027954e-01
-6.205909699201583862e-02,-4.321003332734107971e-02,-1.254353970289230347e-01
-6.205909699201583862e-02,-4.321003332734107971e-02,-1.254353970289230347e-01
-6.205977499485015869e-02,-4.310736060142517090e-02,-1.256115734577178955e-01
-6.205977499485015869e-02,-4.310736060142517090e-02,-1.256115734577178955e-01
-6.206055358052253723e-02,-4.300459474325180054e-02,-1.257881522178649902e-01
-6.206055358052253723e-02,-4.300459474325180054e-02,-1.257881522178649902e-01
-6.206141039729118347e-02,-4.290173947811126709e-02,-1.259651482105255127e-01
-6.206141039729118347e-02,-4.290173947811126709e-02,-1.259651482105255127e-01
-6.206236407160758972e-02,-4.279878735542297363e-02,-1.261425465345382690e-01
-6.206236407160758972e-02,-4.279878735542297363e-02,-1.261425465345382690e-01
-6.206339597702026367e-02,-4.269574210047721863e-02,-1.263203918933868408e-01
-6.206339597702026367e-02,-4.269574210047721863e-02,-1.263203918933868408e-01
-6.206452101469039917e-02,-4.259262233972549438e-02,-1.264986395835876465e-01
-6.206452101469039917e-02,-4.259262233972549438e-02,-1.264986395835876465e-01
-6.206573545932769775e-02,-4.248940572142601013e-02,-1.266773194074630737e-01
-6.206573545932769775e-02,-4.248940572142601013e-02,-1.266773194074630737e-01
-6.206703931093215942e-02,-4.238611832261085510e-02,-1.268564313650131226e-01
-6.206703931093215942e-02,-4.238611832261085510e-02,-1.268564313650131226e-01
-6.206842884421348572e-02,-4.228274524211883545e-02,-1.270359754562377930e-01
-6.206842884421348572e-02,-4.228274524211883545e-02,-1.270359754562377930e-01
-6.206991150975227356e-02,-4.217929020524024963e-02,-1.272159367799758911e-01
-6.206991150975227356e-02,-4.217929020524024963e-02,-1.272159367799758911e-01
-6.207148358225822449e-02,-4.207576438784599304e-02,-1.273963600397109985e-01
-6.207148358225822449e-02,-4.207576438784599304e-02,-1.273963600397109985e-01
-6.207314133644104004e-02,-4.197215661406517029e-02,-1.275772154331207275e-01
-6.207314133644104004e-02,-4.197215661406517029e-02,-1.275772154331207275e-01
-6.207488849759101868e-02,-4.186848551034927368e-02,-1.277585178613662720e-01
-6.207488849759101868e-02,-4.186848551034927368e-02,-1.277585178613662720e-01
-6.207673251628875732e-02,-4.176473617553710938e-02,-1.279402524232864380e-01
-6.207673251628875732e-02,-4.176473617553710938e-02,-1.279402524232864380e-01
-6.207866221666336060e-02,-4.166091978549957275e-02,-1.281224489212036133e-01
-6.207866221666336060e-02,-4.166091978549957275e-02,-1.281224489212036133e-01
-6.208067759871482849e-02,-4.155704379081726074e-02,-1.283050924539566040e-01
-6.208067759871482849e-02,-4.155704379081726074e-02,-1.283050924539566040e-01
-6.208279356360435486e-02,-4.145310446619987488e-02,-1.284881979227066040e-01
-6.208279356360435486e-02,-4.145310446619987488e-02,-1.284881979227066040e-01
-6.208499521017074585e-02,-4.134909808635711670e-02,-1.286717653274536133e-01
-6.208499521017074585e-02,-4.134909808635711670e-02,-1.286717653274536133e-01
-6.208727881312370300e-02,-4.124503210186958313e-02,-1.288557797670364380e-01
-6.208727881312370300e-02,-4.124503210186958313e-02,-1.288557797670364380e-01
-6.208966672420501709e-02,-4.114091396331787109e-02,-1.290402710437774658e-01
-6.208966672420501709e-02,-4.114091396331787109e-02,-1.290402710437774658e-01
-6.209213286638259888e-02,-4.103672876954078674e-02,-1.292252242565155029e-01
-6.209213286638259888e-02,-4.103672876954078674e-02,-1.292252242565155029e-01
-6.209470331668853760e-02,-4.093250259757041931e-02,-1.294106394052505493e-01
-6.209470331668853760e-02,-4.093250259757041931e-02,-1.294106394052505493e-01
-6.209735944867134094e-02,-4.082821682095527649e-02,-1.295965313911437988e-01
-6.209735944867134094e-02,-4.082821682095527649e-02,-1.295965313911437988e-01
-6.210010126233100891e-02,-4.072388634085655212e-02,-1.297829002141952515e-01
-6.210010126233100891e-02,-4.072388634085655212e-02,-1.297829002141952515e-01
-6.210293993353843689e-02,-4.061949998140335083e-02,-1.299697309732437134e-01
-6.210293993353843689e-02,-4.061949998140335083e-02,-1.299697309732437134e-01
-6.210587546229362488e-02,-4.051508009433746338e-02,-1.301570534706115723e-01
-6.210587546229362488e-02,-4.051508009433746338e-02,-1.301570534706115723e-01
-6.210889667272567749e-02,-4.041061177849769592e-02,-1.303448677062988281e-01
-6.210889667272567749e-02,-4.041061177849769592e-02,-1.303448677062988281e-01
-6.211200729012489319e-02,-4.030609875917434692e-02,-1.305331736803054810e-01
-6.211200729012489319e-02,-4.030609875917434692e-02,-1.305331736803054810e-01
-6.211521103978157043e-02,-4.020155221223831177e-02,-1.307219564914703369e-01
-6.211521103978157043e-02,-4.020155221223831177e-02,-1.307219564914703369e-01
-6.211851164698600769e-02,-4.009696468710899353e-02,-1.309112310409545898e-01
-6.211851164698600769e-02,-4.009696468710899353e-02,-1.309112310409545898e-01
-6.212189421057701111e-02,-3.999233990907669067e-02,-1.311010122299194336e-01
-6.212189421057701111e-02,-3.999233990907669067e-02,-1.311010122299194336e-01
-6.212538108229637146e-02,-3.988768905401229858e-02,-1.312912553548812866e-01
-6.212538108229637146e-02,-3.988768905401229858e-02,-1.312912553548812866e-01
-6.212896108627319336e-02,-3.978300467133522034e-02,-1.314820498228073120e-01
-6.212896108627319336e-02,-3.978300467133522034e-02,-1.314820498228073120e-01
-6.213262677192687988e-02,-3.967829048633575439e-02,-1.316733211278915405e-01
-6.213262677192687988e-02,-3.967829048633575439e-02,-1.316733211278915405e-01
-6.213639304041862488e-02,-3.957354649901390076e-02,-1.318650990724563599e-01
-6.213639304041862488e-02,-3.957354649901390076e-02,-1.318650990724563599e-01
-6.214024499058723450e-02,-3.946878388524055481e-02,-1.320573985576629639e-01
-6.214024499058723450e-02,-3.946878388524055481e-02,-1.320573985576629639e-01
-6.214419379830360413e-02,-3.936399519443511963e-02,-1.322502046823501587e-01
-6.214419379830360413e-02,-3.936399519443511963e-02,-1.322502046823501587e-01
-6.214823573827743530e-02,-3.925918787717819214e-02,-1.324435323476791382e-01
-6.214823573827743530e-02,-3.925918787717819214e-02,-1.324435323476791382e-01
-6.215237081050872803e-02,-3.915436193346977234e-02,-1.326373517513275146e-01
-6.215237081050872803e-02,-3.915436193346977234e-02,-1.326373517513275146e-01
-6.215660274028778076e-02,-3.904952481389045715e-02,-1.328317075967788696e-01
-6.215660274028778076e-02,-3.904952481389045715e-02,-1.328317075967788696e-01
-6.216092780232429504e-02,-3.894466534256935120e-02,-1.330265998840332031e-01
-6.216092780232429504e-02,-3.894466534256935120e-02,-1.330265998840332031e-01
-6.216534227132797241e-02,-3.883979469537734985e-02,-1.332219988107681274e-01
-6.216534227132797241e-02,-3.883979469537734985e-02,-1.332219988107681274e-01
-6.216986104846000671e-02,-3.873491287231445312e-02,-1.334179341793060303e-01
-6.216986104846000671e-02,-3.873491287231445312e-02,-1.334179341793060303e-01
-6.217446178197860718e-02,-3.863003104925155640e-02,-1.336144208908081055e-01
-6.217446178197860718e-02,-3.863003104925155640e-02,-1.336144208908081055e-01
-6.217917054891586304e-02,-3.852513805031776428e-02,-1.338114291429519653e-01
-6.217917054891586304e-02,-3.852513805031776428e-02,-1.338114291429519653e-01
-6.218396127223968506e-02,-3.842024505138397217e-02,-1.340089589357376099e-01
-6.218396127223968506e-02,-3.842024505138397217e-02,-1.340089589357376099e-01
-6.218884885311126709e-02,-3.831534832715988159e-02,-1.342070549726486206e-01
-6.218884885311126709e-02,-3.831534832715988159e-02,-1.342070549726486206e-01
-6.219384074211120605e-02,-3.821044042706489563e-02,-1.344056725502014160e-01
-6.219384074211120605e-02,-3.821044042706489563e-02,-1.344056725502014160e-01
-6.219891831278800964e-02,-3.810555115342140198e-02,-1.346048414707183838e-01
-6.219891831278800964e-02,-3.810555115342140198e-02,-1.346048414707183838e-01
-6.220409646630287170e-02,-3.800065442919731140e-02,-1.348045766353607178e-01
-6.220409646630287170e-02,-3.800065442919731140e-02,-1.348045766353607178e-01
-6.220936402678489685e-02,-3.789577633142471313e-02,-1.350048482418060303e-01
-6.220936402678489685e-02,-3.789577633142471313e-02,-1.350048482418060303e-01
-6.221473589539527893e-02,-3.779089823365211487e-02,-1.352056711912155151e-01
-6.221473589539527893e-02,-3.779089823365211487e-02,-1.352056711912155151e-01
-6.222020462155342102e-02,-3.768603131175041199e-02,-1.354070603847503662e-01
-6.222020462155342102e-02,-3.768603131175041199e-02,-1.354070603847503662e-01
-6.222575902938842773e-02,-3.758117929100990295e-02,-1.356090158224105835e-01
-6.222575902938842773e-02,-3.758117929100990295e-02,-1.356090158224105835e-01
-6.223141402006149292e-02,-3.747634217143058777e-02,-1.358115226030349731e-01
-6.223141402006149292e-02,-3.747634217143058777e-02,-1.358115226030349731e-01
-6.223716586828231812e-02,-3.737152367830276489e-02,-1.360146105289459229e-01
-6.223716586828231812e-02,-3.737152367830276489e-02,-1.360146105289459229e-01
-6.224302202463150024e-02,-3.726672008633613586e-02,-1.362182796001434326e-01
-6.224302202463150024e-02,-3.726672008633613586e-02,-1.362182796001434326e-01
-6.224896386265754700e-02,-3.716193884611129761e-02,-1.364224851131439209e-01
-6.224896386265754700e-02,-3.716193884611129761e-02,-1.364224851131439209e-01
-6.225500628352165222e-02,-3.705717623233795166e-02,-1.366272717714309692e-01
-6.225500628352165222e-02,-3.705717623233795166e-02,-1.366272717714309692e-01
-6.226114183664321899e-02,-3.695244342088699341e-02,-1.368326544761657715e-01
-6.226114183664321899e-02,-3.695244342088699341e-02,-1.368326544761657715e-01
-6.226737797260284424e-02,-3.684774041175842285e-02,-1.370386034250259399e-01
-6.226737797260284424e-02,-3.684774041175842285e-02,-1.370386034250259399e-01
-6.227371469140052795e-02,-3.674305975437164307e-02,-1.372451633214950562e-01
-6.227371469140052795e-02,-3.674305975437164307e-02,-1.372451633214950562e-01
-6.228014454245567322e-02,-3.663842007517814636e-02,-1.374522894620895386e-01
-6.228014454245567322e-02,-3.663842007517814636e-02,-1.374522894620895386e-01
-6.228667870163917542e-02,-3.653381019830703735e-02,-1.376600116491317749e-01
-6.228667870163917542e-02,-3.653381019830703735e-02,-1.376600116491317749e-01
-6.229329854249954224e-02,-3.642923012375831604e-02,-1.378683000802993774e-01
-6.229329854249954224e-02,-3.642923012375831604e-02,-1.378683000802993774e-01
-6.230002269148826599e-02,-3.632468730211257935e-02,-1.380772143602371216e-01
-6.230002269148826599e-02,-3.632468730211257935e-02,-1.380772143602371216e-01
-6.230684369802474976e-02,-3.622019290924072266e-02,-1.382867395877838135e-01
-6.230684369802474976e-02,-3.622019290924072266e-02,-1.382867395877838135e-01
-6.231376528739929199e-02,-3.611573949456214905e-02,-1.384968310594558716e-01
-6.231376528739929199e-02,-3.611573949456214905e-02,-1.384968310594558716e-01
-6.232078745961189270e-02,-3.601132333278656006e-02,-1.387075334787368774e-01
-6.232078745961189270e-02,-3.601132333278656006e-02,-1.387075334787368774e-01
-6.232790276408195496e-02,-3.590695559978485107e-02,-1.389188468456268311e-01
-6.232790276408195496e-02,-3.590695559978485107e-02,-1.389188468456268311e-01
-6.233511492609977722e-02,-3.580263629555702209e-02,-1.391307711601257324e-01
-6.233511492609977722e-02,-3.580263629555702209e-02,-1.391307711601257324e-01
-6.234242767095565796e-02,-3.569836542010307312e-02,-1.393433064222335815e-01
-6.234242767095565796e-02,-3.569836542010307312e-02,-1.393433064222335815e-01
-6.234984099864959717e-02,-3.559414669871330261e-02,-1.395564526319503784e-01
-6.234984099864959717e-02,-3.559414669871330261e-02,-1.395564526319503784e-01
-6.235735863447189331e-02,-3.548998758196830750e-02,-1.397702246904373169e-01
-6.235735863447189331e-02,-3.548998758196830750e-02,-1.397702246904373169e-01
-6.236496567726135254e-02,-3.538587689399719238e-02,-1.399846225976943970e-01
-6.236496567726135254e-02,-3.538587689399719238e-02,-1.399846225976943970e-01
-6.237268075346946716e-02,-3.528182953596115112e-02,-1.401996463537216187e-01
-6.237268075346946716e-02,-3.528182953596115112e-02,-1.401996463537216187e-01
-6.238049268722534180e-02,-3.517784178256988525e-02,-1.404152810573577881e-01
-6.238049268722534180e-02,-3.517784178256988525e-02,-1.404152810573577881e-01
-6.238840147852897644e-02,-3.507390990853309631e-02,-1.406315565109252930e-01
-6.238840147852897644e-02,-3.507390990853309631e-02,-1.406315565109252930e-01
-6.239641457796096802e-02,-3.497005254030227661e-02,-1.408484578132629395e-01
-6.239641457796096802e-02,-3.497005254030227661e-02,-1.408484578132629395e-01
-6.240452080965042114e-02,-3.486625477671623230e-02,-1.410660147666931152e-01
-6.240452080965042114e-02,-3.486625477671623230e-02,-1.410660147666931152e-01
-6.241273134946823120e-02,-3.476253151893615723e-02,-1.412841826677322388e-01
-6.241273134946823120e-02,-3.476253151893615723e-02,-1.412841826677322388e-01
-6.242104247212409973e-02,-3.465887531638145447e-02,-1.415030062198638916e-01
-6.242104247212409973e-02,-3.465887531638145447e-02,-1.415030062198638916e-01
-6.242945790290832520e-02,-3.455529361963272095e-02,-1.417224705219268799e-01
-6.242945790290832520e-02,-3.455529361963272095e-02,-1.417224705219268799e-01
-6.243796274065971375e-02,-3.445178270339965820e-02,-1.419425755739212036e-01
-6.243796274065971375e-02,-3.445178270339965820e-02,-1.419425755739212036e-01
-6.244657933712005615e-02,-3.434835374355316162e-02,-1.421633362770080566e-01
-6.244657933712005615e-02,-3.434835374355316162e-02,-1.421633362770080566e-01
-6.245529279112815857e-02,-3.424500674009323120e-02,-1.423847526311874390e-01
-6.245529279112815857e-02,-3.424500674009323120e-02,-1.423847526311874390e-01
-6.246410682797431946e-02,-3.414173051714897156e-02,-1.426068246364593506e-01
-6.246410682797431946e-02,-3.414173051714897156e-02,-1.426068246364593506e-01
-6.247302517294883728e-02,-3.403854742646217346e-02,-1.428295522928237915e-01
-6.247302517294883728e-02,-3.403854742646217346e-02,-1.428295522928237915e-01
-6.248203665018081665e-02,-3.393544256687164307e-02,-1.430529356002807617e-01
-6.248203665018081665e-02,-3.393544256687164307e-02,-1.430529356002807617e-01
-6.249115616083145142e-02,-3.383242711424827576e-02,-1.432769894599914551e-01
-6.249115616083145142e-02,-3.383242711424827576e-02,-1.432769894599914551e-01
-6.250037997961044312e-02,-3.372950106859207153e-02,-1.435016989707946777e-01
-6.250037997961044312e-02,-3.372950106859207153e-02,-1.435016989707946777e-01
-6.250970810651779175e-02,-3.362666815519332886e-02,-1.437270939350128174e-01
-6.250970810651779175e-02,-3.362666815519332886e-02,-1.437270939350128174e-01
-6.251912564039230347e-02,-3.352392464876174927e-02,-1.439531594514846802e-01
-6.251912564039230347e-02,-3.352392464876174927e-02,-1.439531594514846802e-01
-6.252865493297576904e-02,-3.342128172516822815e-02,-1.441798806190490723e-01
-6.252865493297576904e-02,-3.342128172516822815e-02,-1.441798806190490723e-01
-6.253828108310699463e-02,-3.331873193383216858e-02,-1.444073021411895752e-01
-6.253828108310699463e-02,-3.331873193383216858e-02,-1.444073021411895752e-01
-6.254801899194717407e-02,-3.321628645062446594e-02,-1.446354091167449951e-01
-6.254801899194717407e-02,-3.321628645062446594e-02,-1.446354091167449951e-01
-6.255784630775451660e-02,-3.311394155025482178e-02,-1.448641717433929443e-01
-6.255784630775451660e-02,-3.311394155025482178e-02,-1.448641717433929443e-01
-6.256778538227081299e-02,-3.301170095801353455e-02,-1.450936645269393921e-01
-6.256778538227081299e-02,-3.301170095801353455e-02,-1.450936645269393921e-01
-6.257782876491546631e-02,-3.290956467390060425e-02,-1.453238278627395630e-01
-6.257782876491546631e-02,-3.290956467390060425e-02,-1.453238278627395630e-01
-6.258796900510787964e-02,-3.280753269791603088e-02,-1.455546617507934570e-01
-6.258796900510787964e-02,-3.280753269791603088e-02,-1.455546617507934570e-01
-6.259821355342864990e-02,-3.270561993122100830e-02,-1.457862108945846558e-01
-6.259821355342864990e-02,-3.270561993122100830e-02,-1.457862108945846558e-01
-6.260856240987777710e-02,-3.260380774736404419e-02,-1.460184454917907715e-01
-6.260856240987777710e-02,-3.260380774736404419e-02,-1.460184454917907715e-01
-6.261901557445526123e-02,-3.250211849808692932e-02,-1.462513804435729980e-01
-6.261901557445526123e-02,-3.250211849808692932e-02,-1.462513804435729980e-01
-6.262957304716110229e-02,-3.240054473280906677e-02,-1.464850455522537231e-01
-6.262957304716110229e-02,-3.240054473280906677e-02,-1.464850455522537231e-01
-6.264023482799530029e-02,-3.229909017682075500e-02,-1.467193961143493652e-01
-6.264023482799530029e-02,-3.229909017682075500e-02,-1.467193961143493652e-01
-6.265099346637725830e-02,-3.219775110483169556e-02,-1.469544619321823120e-01
-6.265099346637725830e-02,-3.219775110483169556e-02,-1.469544619321823120e-01
-6.266187131404876709e-02,-3.209653869271278381e-02,-1.471902430057525635e-01
-6.266187131404876709e-02,-3.209653869271278381e-02,-1.471902430057525635e-01
-6.267284601926803589e-02,-3.199544921517372131e-02,-1.474267393350601196e-01
-6.267284601926803589e-02,-3.199544921517372131e-02,-1.474267393350601196e-01
-6.268391758203506470e-02,-3.189449012279510498e-02,-1.476639360189437866e-01
-6.268391758203506470e-02,-3.189449012279510498e-02,-1.476639360189437866e-01
-6.269510090351104736e-02,-3.179365023970603943e-02,-1.479018777608871460e-01
-6.269510090351104736e-02,-3.179365023970603943e-02,-1.479018777608871460e-01
-6.270638853311538696e-02,-3.169295191764831543e-02,-1.481405496597290039e-01
-6.270638853311538696e-02,-3.169295191764831543e-02,-1.481405496597290039e-01
-6.271778047084808350e-02,-3.159237653017044067e-02,-1.483799368143081665e-01
-6.271778047084808350e-02,-3.159237653017044067e-02,-1.483799368143081665e-01
-6.272927671670913696e-02,-3.149194270372390747e-02,-1.486200392246246338e-01
-6.272927671670913696e-02,-3.149194270372390747e-02,-1.486200392246246338e-01
-6.274088472127914429e-02,-3.139164671301841736e-02,-1.488609015941619873e-01
-6.274088472127914429e-02,-3.139164671301841736e-02,-1.488609015941619873e-01
-6.275258958339691162e-02,-3.129148855805397034e-02,-1.491024643182754517e-01
-6.275258958339691162e-02,-3.129148855805397034e-02,-1.491024643182754517e-01
-6.276440620422363281e-02,-3.119147196412086487e-02,-1.493447870016098022e-01
-6.276440620422363281e-02,-3.119147196412086487e-02,-1.493447870016098022e-01
-6.277632713317871094e-02,-3.109159693121910095e-02,-1.495878696441650391e-01
-6.277632713317871094e-02,-3.109159693121910095e-02,-1.495878696441650391e-01
-6.278835237026214600e-02,-3.099186718463897705e-02,-1.498316675424575806e-01
-6.278835237026214600e-02,-3.099186718463897705e-02,-1.498316675424575806e-01
-6.280048191547393799e-02,-3.089228458702564240e-02,-1.500762253999710083e-01
-6.280048191547393799e-02,-3.089228458702564240e-02,-1.500762253999710083e-01
-6.281271576881408691e-02,-3.079285100102424622e-02,-1.503215134143829346e-01
-6.281271576881408691e-02,-3.079285100102424622e-02,-1.503215134143829346e-01
-6.282506138086318970e-02,-3.069357201457023621e-02,-1.505675762891769409e-01
-6.282506138086318970e-02,-3.069357201457023621e-02,-1.505675762891769409e-01
-6.283751130104064941e-02,-3.059444576501846313e-02,-1.508143842220306396e-01
-6.283751130104064941e-02,-3.059444576501846313e-02,-1.508143842220306396e-01
-6.285006552934646606e-02,-3.049547225236892700e-02,-1.510619670152664185e-01
-6.285006552934646606e-02,-3.049547225236892700e-02,-1.510619670152664185e-01
-6.286272406578063965e-02,-3.039666078984737396e-02,-1.513102948665618896e-01
-6.286272406578063965e-02,-3.039666078984737396e-02,-1.513102948665618896e-01
-6.287550181150436401e-02,-3.029800578951835632e-02,-1.515593826770782471e-01
-6.287550181150436401e-02,-3.029800578951835632e-02,-1.515593826770782471e-01
-6.288837641477584839e-02,-3.019951656460762024e-02,-1.518092602491378784e-01
-6.288837641477584839e-02,-3.019951656460762024e-02,-1.518092602491378784e-01
-6.290136277675628662e-02,-3.010118752717971802e-02,-1.520598977804183960e-01
-6.290136277675628662e-02,-3.010118752717971802e-02,-1.520598977804183960e-01
-6.291446089744567871e-02,-3.000302426517009735e-02,-1.523112952709197998e-01
-6.291446089744567871e-02,-3.000302426517009735e-02,-1.523112952709197998e-01
-6.292765587568283081e-02,-2.990503236651420593e-02,-1.525634825229644775e-01
-6.292765587568283081e-02,-2.990503236651420593e-02,-1.525634825229644775e-01
-6.294096261262893677e-02,-2.980721183121204376e-02,-1.528164297342300415e-01
-6.294096261262893677e-02,-2.980721183121204376e-02,-1.528164297342300415e-01
-6.295438110828399658e-02,-2.970955707132816315e-02,-1.530701965093612671e-01
-6.295438110828399658e-02,-2.970955707132816315e-02,-1.530701965093612671e-01
-6.296789646148681641e-02,-2.961207926273345947e-02,-1.533247083425521851e-01
-6.296789646148681641e-02,-2.961207926273345947e-02,-1.533247083425521851e-01
-6.298153102397918701e-02,-2.951478026807308197e-02,-1.535800248384475708e-01
-6.298153102397918701e-02,-2.951478026807308197e-02,-1.535800248384475708e-01
-6.299526989459991455e-02,-2.941765822470188141e-02,-1.538361310958862305e-01
-6.299526989459991455e-02,-2.941765822470188141e-02,-1.538361310958862305e-01
-6.300912797451019287e-02,-2.932071499526500702e-02,-1.540930420160293579e-01
-6.300912797451019287e-02,-2.932071499526500702e-02,-1.540930420160293579e-01
-6.302308291196823120e-02,-2.922395803034305573e-02,-1.543507128953933716e-01
-6.302308291196823120e-02,-2.922395803034305573e-02,-1.543507128953933716e-01
-6.303714960813522339e-02,-2.912738360464572906e-02,-1.546092033386230469e-01
-6.303714960813522339e-02,-2.912738360464572906e-02,-1.546092033386230469e-01
-6.305132061243057251e-02,-2.903099730610847473e-02,-1.548684984445571899e-01
-6.305132061243057251e-02,-2.903099730610847473e-02,-1.548684984445571899e-01
-6.306560337543487549e-02,-2.893479354679584503e-02,-1.551285982131958008e-01
-6.306560337543487549e-02,-2.893479354679584503e-02,-1.551285982131958008e-01
-6.307999789714813232e-02,-2.883879095315933228e-02,-1.553895026445388794e-01
-6.307999789714813232e-02,-2.883879095315933228e-02,-1.553895026445388794e-01
-6.309450417757034302e-02,-2.874297276139259338e-02,-1.556512117385864258e-01
-6.309450417757034302e-02,-2.874297276139259338e-02,-1.556512117385864258e-01
-6.310911476612091064e-02,-2.864735573530197144e-02,-1.559137403964996338e-01
-6.310911476612091064e-02,-2.864735573530197144e-02,-1.559137403964996338e-01
-6.312383711338043213e-02,-2.855193056166172028e-02,-1.561770886182785034e-01
-6.312383711338043213e-02,-2.855193056166172028e-02,-1.561770886182785034e-01
-6.313866376876831055e-02,-2.845670841634273529e-02,-1.564412415027618408e-01
-6.313866376876831055e-02,-2.845670841634273529e-02,-1.564412415027618408e-01
-6.315360963344573975e-02,-2.836168743669986725e-02,-1.567062437534332275e-01
-6.315360963344573975e-02,-2.836168743669986725e-02,-1.567062437534332275e-01
-6.316865980625152588e-02,-2.826686762273311615e-02,-1.569720357656478882e-01
-6.316865980625152588e-02,-2.826686762273311615e-02,-1.569720357656478882e-01
-6.318382173776626587e-02,-2.817225269973278046e-02,-1.572386771440505981e-01
-6.318382173776626587e-02,-2.817225269973278046e-02,-1.572386771440505981e-01
-6.319909542798995972e-02,-2.807784825563430786e-02,-1.575061380863189697e-01
-6.319909542798995972e-02,-2.807784825563430786e-02,-1.575061380863189697e-01
-6.321448087692260742e-02,-2.798365242779254913e-02,-1.577744334936141968e-01
-6.321448087692260742e-02,-2.798365242779254913e-02,-1.577744334936141968e-01
-6.322997808456420898e-02,-2.788966707885265350e-02,-1.580435633659362793e-01
-6.322997808456420898e-02,-2.788966707885265350e-02,-1.580435633659362793e-01
-6.324557960033416748e-02,-2.779589779675006866e-02,-1.583135426044464111e-01
-6.324557960033416748e-02,-2.779589779675006866e-02,-1.583135426044464111e-01
-6.326130032539367676e-02,-2.770234271883964539e-02,-1.585843563079833984e-01
-6.326130032539367676e-02,-2.770234271883964539e-02,-1.585843563079833984e-01
-6.327712535858154297e-02,-2.760900370776653290e-02,-1.588560193777084351e-01
-6.327712535858154297e-02,-2.760900370776653290e-02,-1.588560193777084351e-01
-6.329306215047836304e-02,-2.751588635146617889e-02,-1.591285318136215210e-01
-6.329306215047836304e-02,-2.751588635146617889e-02,-1.591285318136215210e-01
-6.330911070108413696e-02,-2.742299251258373260e-02,-1.594018787145614624e-01
-6.330911070108413696e-02,-2.742299251258373260e-02,-1.594018787145614624e-01
-6.332527846097946167e-02,-2.733032032847404480e-02,-1.596760749816894531e-01
-6.332527846097946167e-02,-2.733032032847404480e-02,-1.596760749816894531e-01
-6.334155052900314331e-02,-2.723787538707256317e-02,-1.599511653184890747e-01
-6.334155052900314331e-02,-2.723787538707256317e-02,-1.599511653184890747e-01
-6.335793435573577881e-02,-2.714565955102443695e-02,-1.602270752191543579e-01
-6.335793435573577881e-02,-2.714565955102443695e-02,-1.602270752191543579e-01
-6.337443739175796509e-02,-2.705367095768451691e-02,-1.605038493871688843e-01
-6.337443739175796509e-02,-2.705367095768451691e-02,-1.605038493871688843e-01
-6.339104473590850830e-02,-2.696191705763339996e-02,-1.607815027236938477e-01
-6.339104473590850830e-02,-2.696191705763339996e-02,-1.607815027236938477e-01
-6.340777128934860229e-02,-2.687039785087108612e-02,-1.610600203275680542e-01
-6.340777128934860229e-02,-2.687039785087108612e-02,-1.610600203275680542e-01
-6.342460215091705322e-02,-2.677911333739757538e-02,-1.613394021987915039e-01
-6.342460215091705322e-02,-2.677911333739757538e-02,-1.613394021987915039e-01
-6.344155222177505493e-02,-2.668807096779346466e-02,-1.616196781396865845e-01
-6.344155222177505493e-02,-2.668807096779346466e-02,-1.616196781396865845e-01
-6.345862150192260742e-02,-2.659726515412330627e-02,-1.619008183479309082e-01
-6.345862150192260742e-02,-2.659726515412330627e-02,-1.619008183479309082e-01
-6.347579509019851685e-02,-2.650670520961284637e-02,-1.621828228235244751e-01
-6.347579509019851685e-02,-2.650670520961284637e-02,-1.621828228235244751e-01
-6.349308043718338013e-02,-2.641639113426208496e-02,-1.624657362699508667e-01
-6.349308043718338013e-02,-2.641639113426208496e-02,-1.624657362699508667e-01
-6.351048499345779419e-02,-2.632631920278072357e-02,-1.627495139837265015e-01
-6.351048499345779419e-02,-2.632631920278072357e-02,-1.627495139837265015e-01
-6.352800130844116211e-02,-2.623649872839450836e-02,-1.630341559648513794e-01
-6.352800130844116211e-02,-2.623649872839450836e-02,-1.630341559648513794e-01
-6.354562193155288696e-02,-2.614692598581314087e-02,-1.633197218179702759e-01
-6.354562193155288696e-02,-2.614692598581314087e-02,-1.633197218179702759e-01
-6.356336176395416260e-02,-2.605760842561721802e-02,-1.636061817407608032e-01
-6.356336176395416260e-02,-2.605760842561721802e-02,-1.636061817407608032e-01
-6.358122080564498901e-02,-2.596854791045188904e-02,-1.638935357332229614e-01
-6.358122080564498901e-02,-2.596854791045188904e-02,-1.638935357332229614e-01
-6.359919905662536621e-02,-2.587974444031715393e-02,-1.641817688941955566e-01
-6.359919905662536621e-02,-2.587974444031715393e-02,-1.641817688941955566e-01
-6.361728161573410034e-02,-2.579119801521301270e-02,-1.644709110260009766e-01
-6.361728161573410034e-02,-2.579119801521301270e-02,-1.644709110260009766e-01
-6.363548338413238525e-02,-2.570291422307491302e-02,-1.647609770298004150e-01
-6.363548338413238525e-02,-2.570291422307491302e-02,-1.647609770298004150e-01
-6.365379691123962402e-02,-2.561489306390285492e-02,-1.650519222021102905e-01
-6.365379691123962402e-02,-2.561489306390285492e-02,-1.650519222021102905e-01
-6.367222219705581665e-02,-2.552714012563228607e-02,-1.653438061475753784e-01
-6.367222219705581665e-02,-2.552714012563228607e-02,-1.653438061475753784e-01
-6.369077414274215698e-02,-2.543965168297290802e-02,-1.656365692615509033e-01
-6.369077414274215698e-02,-2.543965168297290802e-02,-1.656365692615509033e-01
-6.370943039655685425e-02,-2.535243518650531769e-02,-1.659302860498428345e-01
-6.370943039655685425e-02,-2.535243518650531769e-02,-1.659302860498428345e-01
-6.372820585966110229e-02,-2.526548877358436584e-02,-1.662248969078063965e-01
-6.372820585966110229e-02,-2.526548877358436584e-02,-1.662248969078063965e-01
-6.374710053205490112e-02,-2.517881616950035095e-02,-1.665204316377639771e-01
-6.374710053205490112e-02,-2.517881616950035095e-02,-1.665204316377639771e-01
-6.376609951257705688e-02,-2.509241923689842224e-02,-1.668169051408767700e-01
-6.376609951257705688e-02,-2.509241923689842224e-02,-1.668169051408767700e-01
-6.378522515296936035e-02,-2.500630170106887817e-02,-1.671143025159835815e-01
-6.378522515296936035e-02,-2.500630170106887817e-02,-1.671143025159835815e-01
-6.380446255207061768e-02,-2.492046169936656952e-02,-1.674126237630844116e-01
-6.380446255207061768e-02,-2.492046169936656952e-02,-1.674126237630844116e-01
-6.382381170988082886e-02,-2.483490481972694397e-02,-1.677118837833404541e-01
-6.382381170988082886e-02,-2.483490481972694397e-02,-1.677118837833404541e-01
-6.384328007698059082e-02,-2.474963292479515076e-02,-1.680120676755905151e-01
-6.384328007698059082e-02,-2.474963292479515076e-02,-1.680120676755905151e-01
-6.386286765336990356e-02,-2.466464787721633911e-02,-1.683131903409957886e-01
-6.386286765336990356e-02,-2.466464787721633911e-02,-1.683131903409957886e-01
-6.388256698846817017e-02,-2.457995153963565826e-02,-1.686152666807174683e-01
-6.388256698846817017e-02,-2.457995153963565826e-02,-1.686152666807174683e-01
-6.390239298343658447e-02,-2.449554391205310822e-02,-1.689182966947555542e-01
-6.390239298343658447e-02,-2.449554391205310822e-02,-1.689182966947555542e-01
-6.392232328653335571e-02,-2.441142871975898743e-02,-1.692222356796264648e-01
-6.392232328653335571e-02,-2.441142871975898743e-02,-1.692222356796264648e-01
-6.394238024950027466e-02,-2.432760968804359436e-02,-1.695271581411361694e-01
-6.394238024950027466e-02,-2.432760968804359436e-02,-1.695271581411361694e-01
-6.396254897117614746e-02,-2.424408495426177979e-02,-1.698330342769622803e-01
-6.396254897117614746e-02,-2.424408495426177979e-02,-1.698330342769622803e-01
-6.398283690214157104e-02,-2.416086010634899139e-02,-1.701398491859436035e-01
-6.398283690214157104e-02,-2.416086010634899139e-02,-1.701398491859436035e-01
-6.400324404239654541e-02,-2.407793514430522919e-02,-1.704476326704025269e-01
-6.400324404239654541e-02,-2.407793514430522919e-02,-1.704476326704025269e-01
-6.402377039194107056e-02,-2.399531379342079163e-02,-1.707563698291778564e-01
-6.402377039194107056e-02,-2.399531379342079163e-02,-1.707563698291778564e-01
-6.404440850019454956e-02,-2.391299791634082794e-02,-1.710660904645919800e-01
-6.404440850019454956e-02,-2.391299791634082794e-02,-1.710660904645919800e-01
-6.406516581773757935e-02,-2.383098751306533813e-02,-1.713767647743225098e-01
-6.406516581773757935e-02,-2.383098751306533813e-02,-1.713767647743225098e-01
-6.408604234457015991e-02,-2.374928630888462067e-02,-1.716884076595306396e-01
-6.408604234457015991e-02,-2.374928630888462067e-02,-1.716884076595306396e-01
-6.410703063011169434e-02,-2.366789989173412323e-02,-1.720010340213775635e-01
-6.410703063011169434e-02,-2.366789989173412323e-02,-1.720010340213775635e-01
-6.412814557552337646e-02,-2.358682081103324890e-02,-1.723146289587020874e-01
-6.412814557552337646e-02,-2.358682081103324890e-02,-1.723146289587020874e-01
-6.414937227964401245e-02,-2.350606024265289307e-02,-1.726292073726654053e-01
-6.414937227964401245e-02,-2.350606024265289307e-02,-1.726292073726654053e-01
-6.417072564363479614e-02,-2.342561446130275726e-02,-1.729447692632675171e-01
-6.417072564363479614e-02,-2.342561446130275726e-02,-1.729447692632675171e-01
-6.419219076633453369e-02,-2.334549091756343842e-02,-1.732612997293472290e-01
-6.419219076633453369e-02,-2.334549091756343842e-02,-1.732612997293472290e-01
-6.421378254890441895e-02,-2.326568774878978729e-02,-1.735788136720657349e-01
-6.421378254890441895e-02,-2.326568774878978729e-02,-1.735788136720657349e-01
-6.423548609018325806e-02,-2.318620868027210236e-02,-1.738973557949066162e-01
-6.423548609018325806e-02,-2.318620868027210236e-02,-1.738973557949066162e-01
-6.425731629133224487e-02,-2.310705371201038361e-02,-1.742168664932250977e-01
-6.425731629133224487e-02,-2.310705371201038361e-02,-1.742168664932250977e-01
-6.427926570177078247e-02,-2.302822843194007874e-02,-1.745373755693435669e-01
-6.427926570177078247e-02,-2.302822843194007874e-02,-1.745373755693435669e-01
-6.430132687091827393e-02,-2.294973097741603851e-02,-1.748588830232620239e-01
-6.430132687091827393e-02,-2.294973097741603851e-02,-1.748588830232620239e-01
-6.432351469993591309e-02,-2.287156879901885986e-02,-1.751813888549804688e-01
-6.432351469993591309e-02,-2.287156879901885986e-02,-1.751813888549804688e-01
-6.434581428766250610e-02,-2.279373630881309509e-02,-1.755049079656600952e-01
-6.434581428766250610e-02,-2.279373630881309509e-02,-1.755049079656600952e-01
-6.436824053525924683e-02,-2.271624282002449036e-02,-1.758294403553009033e-01
-6.436824053525924683e-02,-2.271624282002449036e-02,-1.758294403553009033e-01
-6.439078599214553833e-02,-2.263908460736274719e-02,-1.761549562215805054e-01
-6.439078599214553833e-02,-2.263908460736274719e-02,-1.761549562215805054e-01
-6.441345065832138062e-02,-2.256226725876331329e-02,-1.764815151691436768e-01
-6.441345065832138062e-02,-2.256226725876331329e-02,-1.764815151691436768e-01
-6.443623453378677368e-02,-2.248579449951648712e-02,-1.768090724945068359e-01
-6.443623453378677368e-02,-2.248579449951648712e-02,-1.768090724945068359e-01
-6.445914506912231445e-02,-2.240966260433197021e-02,-1.771376430988311768e-01
-6.445914506912231445e-02,-2.240966260433197021e-02,-1.771376430988311768e-01
-6.448216736316680908e-02,-2.233387902379035950e-02,-1.774672418832778931e-01
-6.448216736316680908e-02,-2.233387902379035950e-02,-1.774672418832778931e-01
-6.450531631708145142e-02,-2.225844189524650574e-02,-1.777978986501693726e-01
-6.450531631708145142e-02,-2.225844189524650574e-02,-1.777978986501693726e-01
-6.452859193086624146e-02,-2.218335680663585663e-02,-1.781295537948608398e-01
-6.452859193086624146e-02,-2.218335680663585663e-02,-1.781295537948608398e-01
-6.455197930335998535e-02,-2.210862375795841217e-02,-1.784622371196746826e-01
-6.455197930335998535e-02,-2.210862375795841217e-02,-1.784622371196746826e-01
-6.457548588514328003e-02,-2.203424647450447083e-02,-1.787959337234497070e-01
-6.457548588514328003e-02,-2.203424647450447083e-02,-1.787959337234497070e-01
-6.459911912679672241e-02,-2.196022495627403259e-02,-1.791307032108306885e-01
-6.459911912679672241e-02,-2.196022495627403259e-02,-1.791307032108306885e-01
-6.462287902832031250e-02,-2.188656106591224670e-02,-1.794664859771728516e-01
-6.462287902832031250e-02,-2.188656106591224670e-02,-1.794664859771728516e-01
-6.464675813913345337e-02,-2.181326039135456085e-02,-1.798033416271209717e-01
-6.464675813913345337e-02,-2.181326039135456085e-02,-1.798033416271209717e-01
-6.467075645923614502e-02,-2.174032106995582581e-02,-1.801412105560302734e-01
-6.467075645923614502e-02,-2.174032106995582581e-02,-1.801412105560302734e-01
-6.469488143920898438e-02,-2.166774868965148926e-02,-1.804801523685455322e-01
-6.469488143920898438e-02,-2.166774868965148926e-02,-1.804801523685455322e-01
-6.471912562847137451e-02,-2.159554138779640198e-02,-1.808201372623443604e-01
-6.471912562847137451e-02,-2.159554138779640198e-02,-1.808201372623443604e-01
-6.474348902702331543e-02,-2.152370288968086243e-02,-1.811611652374267578e-01
-6.474348902702331543e-02,-2.152370288968086243e-02,-1.811611652374267578e-01
-6.476797908544540405e-02,-2.145223692059516907e-02,-1.815032511949539185e-01
-6.476797908544540405e-02,-2.145223692059516907e-02,-1.815032511949539185e-01
-6.479258835315704346e-02,-2.138114348053932190e-02,-1.818463951349258423e-01
-6.479258835315704346e-02,-2.138114348053932190e-02,-1.818463951349258423e-01
-6.481732428073883057e-02,-2.131042443215847015e-02,-1.821905970573425293e-01
-6.481732428073883057e-02,-2.131042443215847015e-02,-1.821905970573425293e-01
-6.484217941761016846e-02,-2.124008536338806152e-02,-1.825358718633651733e-01
-6.484217941761016846e-02,-2.124008536338806152e-02,-1.825358718633651733e-01
-6.486716121435165405e-02,-2.117012254893779755e-02,-1.828822195529937744e-01
-6.486716121435165405e-02,-2.117012254893779755e-02,-1.828822195529937744e-01
-6.489226222038269043e-02,-2.110054343938827515e-02,-1.832296401262283325e-01
-6.489226222038269043e-02,-2.110054343938827515e-02,-1.832296401262283325e-01
-6.491749733686447144e-02,-2.103134617209434509e-02,-1.835781335830688477e-01
-6.491749733686447144e-02,-2.103134617209434509e-02,-1.835781335830688477e-01
-6.494284421205520630e-02,-2.096253633499145508e-02,-1.839276999235153198e-01
-6.494284421205520630e-02,-2.096253633499145508e-02,-1.839276999235153198e-01
-6.496831774711608887e-02,-2.089411206543445587e-02,-1.842783391475677490e-01
-6.496831774711608887e-02,-2.089411206543445587e-02,-1.842783391475677490e-01
-6.499392539262771606e-02,-2.082608081400394440e-02,-1.846300810575485229e-01
-6.499392539262771606e-02,-2.082608081400394440e-02,-1.846300810575485229e-01
-6.501964479684829712e-02,-2.075844071805477142e-02,-1.849828660488128662e-01
-6.501964479684829712e-02,-2.075844071805477142e-02,-1.849828660488128662e-01
-6.504549086093902588e-02,-2.069119177758693695e-02,-1.853367686271667480e-01
-6.504549086093902588e-02,-2.069119177758693695e-02,-1.853367686271667480e-01
-6.507146358489990234e-02,-2.062434144318103790e-02,-1.856917440891265869e-01
-6.507146358489990234e-02,-2.062434144318103790e-02,-1.856917440891265869e-01
-6.509756296873092651e-02,-2.055788785219192505e-02,-1.860478371381759644e-01
-6.509756296873092651e-02,-2.055788785219192505e-02,-1.860478371381759644e-01
-6.512378901243209839e-02,-2.049183659255504608e-02,-1.864050328731536865e-01
-6.512378901243209839e-02,-2.049183659255504608e-02,-1.864050328731536865e-01
-6.515013426542282104e-02,-2.042618393898010254e-02,-1.867633014917373657e-01
-6.515013426542282104e-02,-2.042618393898010254e-02,-1.867633014917373657e-01
-6.517661362886428833e-02,-2.036093920469284058e-02,-1.871226876974105835e-01
-6.517661362886428833e-02,-2.036093920469284058e-02,-1.871226876974105835e-01
-6.520320475101470947e-02,-2.029610052704811096e-02,-1.874831765890121460e-01
-6.520320475101470947e-02,-2.029610052704811096e-02,-1.874831765890121460e-01
-6.522992998361587524e-02,-2.023166976869106293e-02,-1.878447532653808594e-01
-6.522992998361587524e-02,-2.023166976869106293e-02,-1.878447532653808594e-01
-6.525678187608718872e-02,-2.016764879226684570e-02,-1.882074773311614990e-01
-6.525678187608718872e-02,-2.016764879226684570e-02,-1.882074773311614990e-01
-6.528375297784805298e-02,-2.010403946042060852e-02,-1.885712742805480957e-01
-6.528375297784805298e-02,-2.010403946042060852e-02,-1.885712742805480957e-01
-6.531085819005966187e-02,-2.004084736108779907e-02,-1.889362037181854248e-01
-6.531085819005966187e-02,-2.004084736108779907e-02,-1.889362037181854248e-01
-6.533809006214141846e-02,-1.997806876897811890e-02,-1.893022507429122925e-01
-6.533809006214141846e-02,-1.997806876897811890e-02,-1.893022507429122925e-01
-6.536543369293212891e-02,-1.991571299731731415e-02,-1.896694451570510864e-01
-6.536543369293212891e-02,-1.991571299731731415e-02,-1.896694451570510864e-01
-6.539291888475418091e-02,-1.985377445816993713e-02,-1.900377422571182251e-01
-6.539291888475418091e-02,-1.985377445816993713e-02,-1.900377422571182251e-01
-6.542052328586578369e-02,-1.979226060211658478e-02,-1.904071569442749023e-01
-6.542052328586578369e-02,-1.979226060211658478e-02,-1.904071569442749023e-01
-6.544825434684753418e-02,-1.973117515444755554e-02,-1.907777190208435059e-01
-6.544825434684753418e-02,-1.973117515444755554e-02,-1.907777190208435059e-01
-6.547611951828002930e-02,-1.967051252722740173e-02,-1.911494135856628418e-01
-6.547611951828002930e-02,-1.967051252722740173e-02,-1.911494135856628418e-01
-6.550409644842147827e-02,-1.961027830839157104e-02,-1.915222406387329102e-01
-6.550409644842147827e-02,-1.961027830839157104e-02,-1.915222406387329102e-01
-6.553221493959426880e-02,-1.955047622323036194e-02,-1.918962150812149048e-01
-6.553221493959426880e-02,-1.955047622323036194e-02,-1.918962150812149048e-01
-6.556045264005661011e-02,-1.949110999703407288e-02,-1.922713369131088257e-01
-6.556045264005661011e-02,-1.949110999703407288e-02,-1.922713369131088257e-01
-6.558881700038909912e-02,-1.943217590451240540e-02,-1.926475763320922852e-01
-6.558881700038909912e-02,-1.943217590451240540e-02,-1.926475763320922852e-01
-6.561732292175292969e-02,-1.937368139624595642e-02,-1.930249780416488647e-01
-6.561732292175292969e-02,-1.937368139624595642e-02,-1.930249780416488647e-01
-6.564594060182571411e-02,-1.931562833487987518e-02,-1.934035420417785645e-01
-6.564594060182571411e-02,-1.931562833487987518e-02,-1.934035420417785645e-01
-6.567469984292984009e-02,-1.925801299512386322e-02,-1.937832385301589966e-01
-6.567469984292984009e-02,-1.925801299512386322e-02,-1.937832385301589966e-01
-6.570357829332351685e-02,-1.920084282755851746e-02,-1.941640973091125488e-01
-6.570357829332351685e-02,-1.920084282755851746e-02,-1.941640973091125488e-01
-6.573258340358734131e-02,-1.914411969482898712e-02,-1.945461332798004150e-01
-6.573258340358734131e-02,-1.914411969482898712e-02,-1.945461332798004150e-01
-6.576172262430191040e-02,-1.908784173429012299e-02,-1.949293017387390137e-01
-6.576172262430191040e-02,-1.908784173429012299e-02,-1.949293017387390137e-01
-6.579098105430603027e-02,-1.903201453387737274e-02,-1.953136473894119263e-01
-6.579098105430603027e-02,-1.903201453387737274e-02,-1.953136473894119263e-01
-6.582037359476089478e-02,-1.897663995623588562e-02,-1.956991851329803467e-01
-6.582037359476089478e-02,-1.897663995623588562e-02,-1.956991851329803467e-01
-6.584989279508590698e-02,-1.892171986401081085e-02,-1.960858702659606934e-01
-6.584989279508590698e-02,-1.892171986401081085e-02,-1.960858702659606934e-01
-6.587954610586166382e-02,-1.886725425720214844e-02,-1.964737325906753540e-01
-6.587954610586166382e-02,-1.886725425720214844e-02,-1.964737325906753540e-01
-6.590932607650756836e-02,-1.881325058639049530e-02,-1.968627721071243286e-01
-6.590932607650756836e-02,-1.881325058639049530e-02,-1.968627721071243286e-01
-6.593924015760421753e-02,-1.875970326364040375e-02,-1.972529888153076172e-01
-6.593924015760421753e-02,-1.875970326364040375e-02,-1.972529888153076172e-01
-6.596927344799041748e-02,-1.870661973953247070e-02,-1.976443976163864136e-01
-6.596927344799041748e-02,-1.870661973953247070e-02,-1.976443976163864136e-01
-6.599945574998855591e-02,-1.865400001406669617e-02,-1.980369836091995239e-01
-6.599945574998855591e-02,-1.865400001406669617e-02,-1.980369836091995239e-01
-6.602974236011505127e-02,-1.860184781253337860e-02,-1.984307467937469482e-01
-6.602974236011505127e-02,-1.860184781253337860e-02,-1.984307467937469482e-01
-6.606017053127288818e-02,-1.855016313493251801e-02,-1.988257020711898804e-01
-6.606017053127288818e-02,-1.855016313493251801e-02,-1.988257020711898804e-01
-6.609073281288146973e-02,-1.849894970655441284e-02,-1.992218792438507080e-01
-6.609073281288146973e-02,-1.849894970655441284e-02,-1.992218792438507080e-01
-6.612142175436019897e-02,-1.844820939004421234e-02,-1.996192336082458496e-01
-6.612142175436019897e-02,-1.844820939004421234e-02,-1.996192336082458496e-01
-6.615223735570907593e-02,-1.839794404804706573e-02,-2.000177949666976929e-01
-6.615223735570907593e-02,-1.839794404804706573e-02,-2.000177949666976929e-01
-6.618319451808929443e-02,-1.834815368056297302e-02,-2.004175484180450439e-01
-6.618319451808929443e-02,-1.834815368056297302e-02,-2.004175484180450439e-01
-6.621427834033966064e-02,-1.829884387552738190e-02,-2.008185237646102905e-01
-6.621427834033966064e-02,-1.829884387552738190e-02,-2.008185237646102905e-01
-6.624548137187957764e-02,-1.825001463294029236e-02,-2.012206763029098511e-01
-6.624548137187957764e-02,-1.825001463294029236e-02,-2.012206763029098511e-01
-6.627681851387023926e-02,-1.820166781544685364e-02,-2.016240507364273071e-01
-6.627681851387023926e-02,-1.820166781544685364e-02,-2.016240507364273071e-01
-6.630829721689224243e-02,-1.815380901098251343e-02,-2.020286619663238525e-01
-6.630829721689224243e-02,-1.815380901098251343e-02,-2.020286619663238525e-01
-6.633990257978439331e-02,-1.810643449425697327e-02,-2.024344652891159058e-01
-6.633990257978439331e-02,-1.810643449425697327e-02,-2.024344652891159058e-01
-6.637163460254669189e-02,-1.805954985320568085e-02,-2.028414905071258545e-01
-6.637163460254669189e-02,-1.805954985320568085e-02,-2.028414905071258545e-01
-6.640350818634033203e-02,-1.801315322518348694e-02,-2.032497376203536987e-01
-6.640350818634033203e-02,-1.801315322518348694e-02,-2.032497376203536987e-01
-6.643550843000411987e-02,-1.796725578606128693e-02,-2.036592364311218262e-01
-6.643550843000411987e-02,-1.796725578606128693e-02,-2.036592364311218262e-01
-6.646763533353805542e-02,-1.792185194790363312e-02,-2.040699422359466553e-01
-6.646763533353805542e-02,-1.792185194790363312e-02,-2.040699422359466553e-01
-6.649990379810333252e-02,-1.787694543600082397e-02,-2.044818848371505737e-01
-6.649990379810333252e-02,-1.787694543600082397e-02,-2.044818848371505737e-01
-6.653229147195816040e-02,-1.783253625035285950e-02,-2.048950344324111938e-01
-6.653229147195816040e-02,-1.783253625035285950e-02,-2.048950344324111938e-01
-6.656482815742492676e-02,-1.778863184154033661e-02,-2.053094506263732910e-01
-6.656482815742492676e-02,-1.778863184154033661e-02,-2.053094506263732910e-01
-6.659748405218124390e-02,-1.774523034691810608e-02,-2.057250887155532837e-01
-6.659748405218124390e-02,-1.774523034691810608e-02,-2.057250887155532837e-01
-6.663027405738830566e-02,-1.770233362913131714e-02,-2.061419785022735596e-01
-6.663027405738830566e-02,-1.770233362913131714e-02,-2.061419785022735596e-01
-6.666320562362670898e-02,-1.765994727611541748e-02,-2.065601199865341187e-01
-6.666320562362670898e-02,-1.765994727611541748e-02,-2.065601199865341187e-01
-6.669625639915466309e-02,-1.761806942522525787e-02,-2.069794982671737671e-01
-6.669625639915466309e-02,-1.761806942522525787e-02,-2.069794982671737671e-01
-6.672945618629455566e-02,-1.757670380175113678e-02,-2.074001431465148926e-01
-6.672945618629455566e-02,-1.757670380175113678e-02,-2.074001431465148926e-01
-6.676278263330459595e-02,-1.753585413098335266e-02,-2.078220397233963013e-01
-6.676278263330459595e-02,-1.753585413098335266e-02,-2.078220397233963013e-01
-6.679623574018478394e-02,-1.749551668763160706e-02,-2.082451730966567993e-01
-6.679623574018478394e-02,-1.749551668763160706e-02,-2.082451730966567993e-01
-6.682983040809631348e-02,-1.745569705963134766e-02,-2.086695581674575806e-01
-6.682983040809631348e-02,-1.745569705963134766e-02,-2.086695581674575806e-01
-6.686355173587799072e-02,-1.741640269756317139e-02,-2.090952396392822266e-01
-6.686355173587799072e-02,-1.741640269756317139e-02,-2.090952396392822266e-01
-6.689741462469100952e-02,-1.737762987613677979e-02,-2.095221728086471558e-01
-6.689741462469100952e-02,-1.737762987613677979e-02,-2.095221728086471558e-01
-6.693140417337417603e-02,-1.733937859535217285e-02,-2.099503725767135620e-01
-6.693140417337417603e-02,-1.733937859535217285e-02,-2.099503725767135620e-01
-6.696553528308868408e-02,-1.730165630578994751e-02,-2.103798389434814453e-01
-6.696553528308868408e-02,-1.730165630578994751e-02,-2.103798389434814453e-01
-6.699980050325393677e-02,-1.726446300745010376e-02,-2.108105868101119995e-01
-6.699980050325393677e-02,-1.726446300745010376e-02,-2.108105868101119995e-01
-6.703419983386993408e-02,-1.722779683768749237e-02,-2.112426161766052246e-01
-6.703419983386993408e-02,-1.722779683768749237e-02,-2.112426161766052246e-01
-6.706873327493667603e-02,-1.719166710972785950e-02,-2.116758972406387329e-01
-6.706873327493667603e-02,-1.719166710972785950e-02,-2.116758972406387329e-01
-6.710340082645416260e-02,-1.715607009828090668e-02,-2.121104896068572998e-01
-6.710340082645416260e-02,-1.715607009828090668e-02,-2.121104896068572998e-01
-6.713820248842239380e-02,-1.712101139128208160e-02,-2.125463783740997314e-01
-6.713820248842239380e-02,-1.712101139128208160e-02,-2.125463783740997314e-01
-6.717314571142196655e-02,-1.708649098873138428e-02,-2.129835188388824463e-01
-6.717314571142196655e-02,-1.708649098873138428e-02,-2.129835188388824463e-01
-6.720820814371109009e-02,-1.705251261591911316e-02,-2.134219706058502197e-01
-6.720820814371109009e-02,-1.705251261591911316e-02,-2.134219706058502197e-01
-6.724341213703155518e-02,-1.701907627284526825e-02,-2.138617187738418579e-01
-6.724341213703155518e-02,-1.701907627284526825e-02,-2.138617187738418579e-01
-6.727875769138336182e-02,-1.698618568480014801e-02,-2.143027484416961670e-01
-6.727875769138336182e-02,-1.698618568480014801e-02,-2.143027484416961670e-01
-6.731424480676651001e-02,-1.695384085178375244e-02,-2.147450894117355347e-01
-6.731424480676651001e-02,-1.695384085178375244e-02,-2.147450894117355347e-01
-6.734985858201980591e-02,-1.692204549908638000e-02,-2.151887267827987671e-01
-6.734985858201980591e-02,-1.692204549908638000e-02,-2.151887267827987671e-01
-6.738560646772384644e-02,-1.689080335199832916e-02,-2.156336754560470581e-01
-6.738560646772384644e-02,-1.689080335199832916e-02,-2.156336754560470581e-01
-6.742149591445922852e-02,-1.686011627316474915e-02,-2.160799354314804077e-01
-6.742149591445922852e-02,-1.686011627316474915e-02,-2.160799354314804077e-01
-6.745751947164535522e-02,-1.682998239994049072e-02,-2.165275067090988159e-01
-6.745751947164535522e-02,-1.682998239994049072e-02,-2.165275067090988159e-01
-6.749368458986282349e-02,-1.680040545761585236e-02,-2.169763743877410889e-01
-6.749368458986282349e-02,-1.680040545761585236e-02,-2.169763743877410889e-01
-6.752996891736984253e-02,-1.677139103412628174e-02,-2.174265682697296143e-01
-6.752996891736984253e-02,-1.677139103412628174e-02,-2.174265682697296143e-01
-6.756640970706939697e-02,-1.674293540418148041e-02,-2.178780883550643921e-01
-6.756640970706939697e-02,-1.674293540418148041e-02,-2.178780883550643921e-01
-6.760297715663909912e-02,-1.671504415571689606e-02,-2.183309346437454224e-01
-6.760297715663909912e-02,-1.671504415571689606e-02,-2.183309346437454224e-01
-6.763968616724014282e-02,-1.668772101402282715e-02,-2.187851071357727051e-01
-6.763968616724014282e-02,-1.668772101402282715e-02,-2.187851071357727051e-01
-6.767653673887252808e-02,-1.666096411645412445e-02,-2.192405909299850464e-01
-6.767653673887252808e-02,-1.666096411645412445e-02,-2.192405909299850464e-01
-6.771350651979446411e-02,-1.663477718830108643e-02,-2.196974009275436401e-01
-6.771350651979446411e-02,-1.663477718830108643e-02,-2.196974009275436401e-01
-6.775063276290893555e-02,-1.660916395485401154e-02,-2.201555818319320679e-01
-6.775063276290893555e-02,-1.660916395485401154e-02,-2.201555818319320679e-01
-6.778789311647415161e-02,-1.658412441611289978e-02,-2.206150591373443604e-01
-6.778789311647415161e-02,-1.658412441611289978e-02,-2.206150591373443604e-01
-6.782528758049011230e-02,-1.655966043472290039e-02,-2.210759073495864868e-01
-6.782528758049011230e-02,-1.655966043472290039e-02,-2.210759073495864868e-01
-6.786283105611801147e-02,-1.653577387332916260e-02,-2.215380817651748657e-01
-6.786283105611801147e-02,-1.653577387332916260e-02,-2.215380817651748657e-01
-6.790049374103546143e-02,-1.651247031986713409e-02,-2.220016121864318848e-01
-6.790049374103546143e-02,-1.651247031986713409e-02,-2.220016121864318848e-01
-6.793831288814544678e-02,-1.648974791169166565e-02,-2.224664688110351562e-01
-6.793831288814544678e-02,-1.648974791169166565e-02,-2.224664688110351562e-01
-6.797625869512557983e-02,-1.646761037409305573e-02,-2.229326814413070679e-01
-6.797625869512557983e-02,-1.646761037409305573e-02,-2.229326814413070679e-01
-6.801434606313705444e-02,-1.644605770707130432e-02,-2.234002649784088135e-01
-6.801434606313705444e-02,-1.644605770707130432e-02,-2.234002649784088135e-01
-6.805257499217987061e-02,-1.642509549856185913e-02,-2.238692045211791992e-01
-6.805257499217987061e-02,-1.642509549856185913e-02,-2.238692045211791992e-01
-6.809093803167343140e-02,-1.640472561120986938e-02,-2.243395000696182251e-01
-6.809093803167343140e-02,-1.640472561120986938e-02,-2.243395000696182251e-01
-6.812944263219833374e-02,-1.638494618237018585e-02,-2.248111665248870850e-01
-6.812944263219833374e-02,-1.638494618237018585e-02,-2.248111665248870850e-01
-6.816808879375457764e-02,-1.636576279997825623e-02,-2.252841889858245850e-01
-6.816808879375457764e-02,-1.636576279997825623e-02,-2.252841889858245850e-01
-6.820686906576156616e-02,-1.634717732667922974e-02,-2.257585674524307251e-01
-6.820686906576156616e-02,-1.634717732667922974e-02,-2.257585674524307251e-01
-6.824579834938049316e-02,-1.632918976247310638e-02,-2.262343317270278931e-01
-6.824579834938049316e-02,-1.632918976247310638e-02,-2.262343317270278931e-01
-6.828485429286956787e-02,-1.631180197000503540e-02,-2.267114520072937012e-01
-6.828485429286956787e-02,-1.631180197000503540e-02,-2.267114520072937012e-01
-6.832406669855117798e-02,-1.629501953721046448e-02,-2.271899729967117310e-01
-6.832406669855117798e-02,-1.629501953721046448e-02,-2.271899729967117310e-01
-6.836339831352233887e-02,-1.627884060144424438e-02,-2.276698499917984009e-01
-6.836339831352233887e-02,-1.627884060144424438e-02,-2.276698499917984009e-01
-6.840289384126663208e-02,-1.626327075064182281e-02,-2.281511425971984863e-01
-6.840289384126663208e-02,-1.626327075064182281e-02,-2.281511425971984863e-01
-6.844250857830047607e-02,-1.624830998480319977e-02,-2.286337912082672119e-01
-6.844250857830047607e-02,-1.624830998480319977e-02,-2.286337912082672119e-01
-6.848227977752685547e-02,-1.623396016657352448e-02,-2.291178405284881592e-01
-6.848227977752685547e-02,-1.623396016657352448e-02,-2.291178405284881592e-01
-6.852218508720397949e-02,-1.622022502124309540e-02,-2.296032905578613281e-01
-6.852218508720397949e-02,-1.622022502124309540e-02,-2.296032905578613281e-01
-6.856222450733184814e-02,-1.620710454881191254e-02,-2.300901263952255249e-01
-6.856222450733184814e-02,-1.620710454881191254e-02,-2.300901263952255249e-01
-6.860242038965225220e-02,-1.619460247457027435e-02,-2.305783480405807495e-01
-6.860242038965225220e-02,-1.619460247457027435e-02,-2.305783480405807495e-01
-6.864274293184280396e-02,-1.618272066116333008e-02,-2.310679852962493896e-01
-6.864274293184280396e-02,-1.618272066116333008e-02,-2.310679852962493896e-01
-6.868322193622589111e-02,-1.617145910859107971e-02,-2.315590232610702515e-01
-6.868322193622589111e-02,-1.617145910859107971e-02,-2.315590232610702515e-01
-6.872382014989852905e-02,-1.616082340478897095e-02,-2.320514470338821411e-01
-6.872382014989852905e-02,-1.616082340478897095e-02,-2.320514470338821411e-01
-6.876457482576370239e-02,-1.615081168711185455e-02,-2.325453013181686401e-01
-6.876457482576370239e-02,-1.615081168711185455e-02,-2.325453013181686401e-01
-6.880547106266021729e-02,-1.614142768085002899e-02,-2.330405414104461670e-01
-6.880547106266021729e-02,-1.614142768085002899e-02,-2.330405414104461670e-01
-6.884650886058807373e-02,-1.613267511129379272e-02,-2.335372269153594971e-01
-6.884650886058807373e-02,-1.613267511129379272e-02,-2.335372269153594971e-01
-6.888768076896667480e-02,-1.612455584108829498e-02,-2.340353280305862427e-01
-6.888768076896667480e-02,-1.612455584108829498e-02,-2.340353280305862427e-01
-6.892900913953781128e-02,-1.611706987023353577e-02,-2.345348447561264038e-01
-6.892900913953781128e-02,-1.611706987023353577e-02,-2.345348447561264038e-01
-6.897047162055969238e-02,-1.611022092401981354e-02,-2.350357621908187866e-01
-6.897047162055969238e-02,-1.611022092401981354e-02,-2.350357621908187866e-01
-6.901207566261291504e-02,-1.610401086509227753e-02,-2.355381250381469727e-01
-6.901207566261291504e-02,-1.610401086509227753e-02,-2.355381250381469727e-01
-6.905382126569747925e-02,-1.609843969345092773e-02,-2.360419034957885742e-01
-6.905382126569747925e-02,-1.609843969345092773e-02,-2.360419034957885742e-01
-6.909571588039398193e-02,-1.609351113438606262e-02,-2.365471124649047852e-01
-6.909571588039398193e-02,-1.609351113438606262e-02,-2.365471124649047852e-01
-6.913775205612182617e-02,-1.608922705054283142e-02,-2.370537817478179932e-01
-6.913775205612182617e-02,-1.608922705054283142e-02,-2.370537817478179932e-01
-6.917992979288101196e-02,-1.608559302985668182e-02,-2.375618815422058105e-01
-6.917992979288101196e-02,-1.608559302985668182e-02,-2.375618815422058105e-01
-6.922224164009094238e-02,-1.608260534703731537e-02,-2.380713820457458496e-01
-6.922224164009094238e-02,-1.608260534703731537e-02,-2.380713820457458496e-01
-6.926470994949340820e-02,-1.608026772737503052e-02,-2.385823726654052734e-01
-6.926470994949340820e-02,-1.608026772737503052e-02,-2.385823726654052734e-01
-6.930731981992721558e-02,-1.607858389616012573e-02,-2.390947937965393066e-01
-6.930731981992721558e-02,-1.607858389616012573e-02,-2.390947937965393066e-01
-6.935007125139236450e-02,-1.607755571603775024e-02,-2.396086454391479492e-01
-6.935007125139236450e-02,-1.607755571603775024e-02,-2.396086454391479492e-01
-6.939296424388885498e-02,-1.607718318700790405e-02,-2.401239722967147827e-01
-6.939296424388885498e-02,-1.607718318700790405e-02,-2.401239722967147827e-01
-6.943600624799728394e-02,-1.607747189700603485e-02,-2.406407445669174194e-01
-6.943600624799728394e-02,-1.607747189700603485e-02,-2.406407445669174194e-01
-6.947918981313705444e-02,-1.607841998338699341e-02,-2.411589771509170532e-01
-6.947918981313705444e-02,-1.607841998338699341e-02,-2.411589771509170532e-01
-6.952252238988876343e-02,-1.608003303408622742e-02,-2.416786700487136841e-01
-6.952252238988876343e-02,-1.608003303408622742e-02,-2.416786700487136841e-01
-6.956598907709121704e-02,-1.608230918645858765e-02,-2.421997934579849243e-01
-6.956598907709121704e-02,-1.608230918645858765e-02,-2.421997934579849243e-01
-6.960960477590560913e-02,-1.608525589108467102e-02,-2.427224218845367432e-01
-6.960960477590560913e-02,-1.608525589108467102e-02,-2.427224218845367432e-01
-6.965336948633193970e-02,-1.608887128531932831e-02,-2.432465106248855591e-01
-6.965336948633193970e-02,-1.608887128531932831e-02,-2.432465106248855591e-01
-6.969727575778961182e-02,-1.609315723180770874e-02,-2.437720745801925659e-01
-6.969727575778961182e-02,-1.609315723180770874e-02,-2.437720745801925659e-01
-6.974133104085922241e-02,-1.609811559319496155e-02,-2.442990988492965698e-01
-6.974133104085922241e-02,-1.609811559319496155e-02,-2.442990988492965698e-01
-6.978552788496017456e-02,-1.610375195741653442e-02,-2.448275983333587646e-01
-6.978552788496017456e-02,-1.610375195741653442e-02,-2.448275983333587646e-01
-6.982987374067306519e-02,-1.611006446182727814e-02,-2.453576028347015381e-01
-6.982987374067306519e-02,-1.611006446182727814e-02,-2.453576028347015381e-01
-6.987436115741729736e-02,-1.611705869436264038e-02,-2.458890676498413086e-01
-6.987436115741729736e-02,-1.611705869436264038e-02,-2.458890676498413086e-01
-6.991899758577346802e-02,-1.612473465502262115e-02,-2.464220225811004639e-01
-6.991899758577346802e-02,-1.612473465502262115e-02,-2.464220225811004639e-01
-6.996377557516098022e-02,-1.613309420645236969e-02,-2.469564676284790039e-01
-6.996377557516098022e-02,-1.613309420645236969e-02,-2.469564676284790039e-01
-7.000870257616043091e-02,-1.614213921129703522e-02,-2.474924176931381226e-01
-7.000870257616043091e-02,-1.614213921129703522e-02,-2.474924176931381226e-01
-7.005377858877182007e-02,-1.615187339484691620e-02,-2.480298429727554321e-01
-7.005377858877182007e-02,-1.615187339484691620e-02,-2.480298429727554321e-01
-7.009898871183395386e-02,-1.616229675710201263e-02,-2.485687732696533203e-01
-7.009898871183395386e-02,-1.616229675710201263e-02,-2.485687732696533203e-01
-7.014436274766921997e-02,-1.617341488599777222e-02,-2.491092085838317871e-01
-7.014436274766921997e-02,-1.617341488599777222e-02,-2.491092085838317871e-01
-7.018987089395523071e-02,-1.618522591888904572e-02,-2.496511340141296387e-01
-7.018987089395523071e-02,-1.618522591888904572e-02,-2.496511340141296387e-01
-7.023552805185317993e-02,-1.619773171842098236e-02,-2.501945793628692627e-01
-7.023552805185317993e-02,-1.619773171842098236e-02,-2.501945793628692627e-01
-7.028134167194366455e-02,-1.621093787252902985e-02,-2.507395148277282715e-01
-7.028134167194366455e-02,-1.621093787252902985e-02,-2.507395148277282715e-01
-7.032729685306549072e-02,-1.622484438121318817e-02,-2.512859702110290527e-01
-7.032729685306549072e-02,-1.622484438121318817e-02,-2.512859702110290527e-01
-7.037339359521865845e-02,-1.623945310711860657e-02,-2.518339455127716064e-01
-7.037339359521865845e-02,-1.623945310711860657e-02,-2.518339455127716064e-01
-7.041964679956436157e-02,-1.625476963818073273e-02,-2.523834407329559326e-01
-7.041964679956436157e-02,-1.625476963818073273e-02,-2.523834407329559326e-01
-7.046603411436080933e-02,-1.627078838646411896e-02,-2.529344558715820312e-01
-7.046603411436080933e-02,-1.627078838646411896e-02,-2.529344558715820312e-01
-7.051258534193038940e-02,-1.628751680254936218e-02,-2.534869909286499023e-01
-7.051258534193038940e-02,-1.628751680254936218e-02,-2.534869909286499023e-01
-7.055927813053131104e-02,-1.630495861172676086e-02,-2.540410459041595459e-01
-7.055927813053131104e-02,-1.630495861172676086e-02,-2.540410459041595459e-01
-7.060611248016357422e-02,-1.632311195135116577e-02,-2.545966207981109619e-01
-7.060611248016357422e-02,-1.632311195135116577e-02,-2.545966207981109619e-01
-7.065309584140777588e-02,-1.634198054671287537e-02,-2.551537454128265381e-01
-7.065309584140777588e-02,-1.634198054671287537e-02,-2.551537454128265381e-01
-7.070023566484451294e-02,-1.636156812310218811e-02,-2.557123899459838867e-01
-7.070023566484451294e-02,-1.636156812310218811e-02,-2.557123899459838867e-01
-7.074751704931259155e-02,-1.638187468051910400e-02,-2.562725841999053955e-01
-7.074751704931259155e-02,-1.638187468051910400e-02,-2.562725841999053955e-01
-7.079495489597320557e-02,-1.640289835631847382e-02,-2.568342983722686768e-01
-7.079495489597320557e-02,-1.640289835631847382e-02,-2.568342983722686768e-01
-7.084254175424575806e-02,-1.642465032637119293e-02,-2.573975920677185059e-01
-7.084254175424575806e-02,-1.642465032637119293e-02,-2.573975920677185059e-01
-7.089026272296905518e-02,-1.644712500274181366e-02,-2.579624354839324951e-01
-7.089026272296905518e-02,-1.644712500274181366e-02,-2.579624354839324951e-01
-7.093814760446548462e-02,-1.647032983601093292e-02,-2.585287690162658691e-01
-7.093814760446548462e-02,-1.647032983601093292e-02,-2.585287690162658691e-01
-7.098618149757385254e-02,-1.649426110088825226e-02,-2.590967118740081787e-01
-7.098618149757385254e-02,-1.649426110088825226e-02,-2.590967118740081787e-01
-7.103436440229415894e-02,-1.651892624795436859e-02,-2.596661746501922607e-01
-7.103436440229415894e-02,-1.651892624795436859e-02,-2.596661746501922607e-01
-7.108268886804580688e-02,-1.654432527720928192e-02,-2.602372169494628906e-01
-7.108268886804580688e-02,-1.654432527720928192e-02,-2.602372169494628906e-01
-7.113117724657058716e-02,-1.657045818865299225e-02,-2.608098089694976807e-01
-7.113117724657058716e-02,-1.657045818865299225e-02,-2.608098089694976807e-01
-7.117979973554611206e-02,-1.659733057022094727e-02,-2.613839507102966309e-01
-7.117979973554611206e-02,-1.659733057022094727e-02,-2.613839507102966309e-01
-7.122857868671417236e-02,-1.662494242191314697e-02,-2.619597017765045166e-01
-7.122857868671417236e-02,-1.662494242191314697e-02,-2.619597017765045166e-01
-7.127750664949417114e-02,-1.665329933166503906e-02,-2.625369727611541748e-01
-7.127750664949417114e-02,-1.665329933166503906e-02,-2.625369727611541748e-01
-7.132659107446670532e-02,-1.668239571154117584e-02,-2.631157934665679932e-01
-7.132659107446670532e-02,-1.668239571154117584e-02,-2.631157934665679932e-01
-7.137581706047058105e-02,-1.671224087476730347e-02,-2.636962831020355225e-01
-7.137581706047058105e-02,-1.671224087476730347e-02,-2.636962831020355225e-01
-7.142519950866699219e-02,-1.674283482134342194e-02,-2.642782926559448242e-01
-7.142519950866699219e-02,-1.674283482134342194e-02,-2.642782926559448242e-01
-7.147473096847534180e-02,-1.677417755126953125e-02,-2.648618817329406738e-01
-7.147473096847534180e-02,-1.677417755126953125e-02,-2.648618817329406738e-01
-7.152441143989562988e-02,-1.680627278983592987e-02,-2.654470503330230713e-01
-7.152441143989562988e-02,-1.680627278983592987e-02,-2.654470503330230713e-01
-2.451405227184295654e-01,1.569929905235767365e-02,3.907294943928718567e-03
-2.451405227184295654e-01,1.569929905235767365e-02,3.907294943928718567e-03
-2.442070841789245605e-01,1.543751358985900879e-02,3.906409256160259247e-03
-2.442070841789245605e-01,1.543751358985900879e-02,3.906409256160259247e-03
-2.432759851217269897e-01,1.517695467919111252e-02,3.905529621988534927e-03
-2.432759851217269897e-01,1.517695467919111252e-02,3.905529621988534927e-03
-2.423473000526428223e-01,1.491761952638626099e-02,3.904656507074832916e-03
-2.423473000526428223e-01,1.491761952638626099e-02,3.904656507074832916e-03
-2.414208948612213135e-01,1.465950347483158112e-02,3.903789678588509560e-03
-2.414208948612213135e-01,1.465950347483158112e-02,3.903789678588509560e-03
-2.404968738555908203e-01,1.440260745584964752e-02,3.902929369360208511e-03
-2.404968738555908203e-01,1.440260745584964752e-02,3.902929369360208511e-03
-2.395751923322677612e-01,1.414692960679531097e-02,3.902075113728642464e-03
-2.395751923322677612e-01,1.414692960679531097e-02,3.902075113728642464e-03
-2.386558651924133301e-01,1.389246620237827301e-02,3.901227843016386032e-03
-2.386558651924133301e-01,1.389246620237827301e-02,3.901227843016386032e-03
-2.377388477325439453e-01,1.363921631127595901e-02,3.900386393070220947e-03
-2.377388477325439453e-01,1.363921631127595901e-02,3.900386393070220947e-03
-2.368242144584655762e-01,1.338717713952064514e-02,3.899551695212721825e-03
-2.368242144584655762e-01,1.338717713952064514e-02,3.899551695212721825e-03
-2.359118461608886719e-01,1.313634775578975677e-02,3.898723050951957703e-03
-2.359118461608886719e-01,1.313634775578975677e-02,3.898723050951957703e-03
-2.350018620491027832e-01,1.288672536611557007e-02,3.897900693118572235e-03
-2.350018620491027832e-01,1.288672536611557007e-02,3.897900693118572235e-03
-2.340941578149795532e-01,1.263830903917551041e-02,3.897085087373852730e-03
-2.340941578149795532e-01,1.263830903917551041e-02,3.897085087373852730e-03
-2.331887781620025635e-01,1.239109598100185394e-02,3.896275302395224571e-03
-2.331887781620025635e-01,1.239109598100185394e-02,3.896275302395224571e-03
-2.322857230901718140e-01,1.214508246630430222e-02,3.895471803843975067e-03
-2.322857230901718140e-01,1.214508246630430222e-02,3.895471803843975067e-03
-2.313849478960037231e-01,1.190026942640542984e-02,3.894675057381391525e-03
-2.313849478960037231e-01,1.190026942640542984e-02,3.894675057381391525e-03
-2.304864972829818726e-01,1.165665313601493835e-02,3.893884364515542984e-03
-2.304864972829818726e-01,1.165665313601493835e-02,3.893884364515542984e-03
-2.295903265476226807e-01,1.141423266381025314e-02,3.893100190907716751e-03
-2.295903265476226807e-01,1.141423266381025314e-02,3.893100190907716751e-03
-2.286964505910873413e-01,1.117300335317850113e-02,3.892322070896625519e-03
-2.286964505910873413e-01,1.117300335317850113e-02,3.892322070896625519e-03
-2.278048843145370483e-01,1.093296706676483154e-02,3.891550237312912941e-03
-2.278048843145370483e-01,1.093296706676483154e-02,3.891550237312912941e-03
-2.269155979156494141e-01,1.069411914795637131e-02,3.890784457325935364e-03
-2.269155979156494141e-01,1.069411914795637131e-02,3.890784457325935364e-03
-2.260286062955856323e-01,1.045645959675312042e-02,3.890025429427623749e-03
-2.260286062955856323e-01,1.045645959675312042e-02,3.890025429427623749e-03
-2.251438945531845093e-01,1.021998468786478043e-02,3.889272687956690788e-03
-2.251438945531845093e-01,1.021998468786478043e-02,3.889272687956690788e-03
-2.242614328861236572e-01,9.984691627323627472e-03,3.888525767251849174e-03
-2.242614328861236572e-01,9.984691627323627472e-03,3.888525767251849174e-03
-2.233812510967254639e-01,9.750581346452236176e-03,3.887785365805029869e-03
-2.233812510967254639e-01,9.750581346452236176e-03,3.887785365805029869e-03
-2.225033491849899292e-01,9.517649188637733459e-03,3.887050785124301910e-03
-2.225033491849899292e-01,9.517649188637733459e-03,3.887050785124301910e-03
-2.216276824474334717e-01,9.285893291234970093e-03,3.886322723701596260e-03
-2.216276824474334717e-01,9.285893291234970093e-03,3.886322723701596260e-03
-2.207542955875396729e-01,9.055315516889095306e-03,3.885600948706269264e-03
-2.207542955875396729e-01,9.055315516889095306e-03,3.885600948706269264e-03
-2.198831588029861450e-01,8.825908415019512177e-03,3.884885460138320923e-03
-2.198831588029861450e-01,8.825908415019512177e-03,3.884885460138320923e-03
-2.190142422914505005e-01,8.597674779593944550e-03,3.884176025167107582e-03
-2.190142422914505005e-01,8.597674779593944550e-03,3.884176025167107582e-03
-2.181475609540939331e-01,8.370607160031795502e-03,3.883472410961985588e-03
-2.181475609540939331e-01,8.370607160031795502e-03,3.883472410961985588e-03
-2.172831743955612183e-01,8.144706487655639648e-03,3.882775548845529556e-03
-2.172831743955612183e-01,8.144706487655639648e-03,3.882775548845529556e-03
-2.164210081100463867e-01,7.919972762465476990e-03,3.882084973156452179e-03
-2.164210081100463867e-01,7.919972762465476990e-03,3.882084973156452179e-03
-2.155610471963882446e-01,7.696401793509721756e-03,3.881400218233466148e-03
-2.155610471963882446e-01,7.696401793509721756e-03,3.881400218233466148e-03
-2.147033363580703735e-01,7.473991252481937408e-03,3.880721516907215118e-03
-2.147033363580703735e-01,7.473991252481937408e-03,3.880721516907215118e-03
-2.138478159904479980e-01,7.252739742398262024e-03,3.880049102008342743e-03
-2.138478159904479980e-01,7.252739742398262024e-03,3.880049102008342743e-03
-2.129945605993270874e-01,7.032646331936120987e-03,3.879383206367492676e-03
-2.129945605993270874e-01,7.032646331936120987e-03,3.879383206367492676e-03
-2.121434807777404785e-01,6.813707295805215836e-03,3.878722665831446648e-03
-2.121434807777404785e-01,6.813707295805215836e-03,3.878722665831446648e-03
-2.112946212291717529e-01,6.595922168344259262e-03,3.878069110214710236e-03
-2.112946212291717529e-01,6.595922168344259262e-03,3.878069110214710236e-03
-2.104479819536209106e-01,6.379285827279090881e-03,3.877420909702777863e-03
-2.104479819536209106e-01,6.379285827279090881e-03,3.877420909702777863e-03
-2.096035331487655640e-01,6.163799669593572617e-03,3.876779228448867798e-03
-2.096035331487655640e-01,6.163799669593572617e-03,3.876779228448867798e-03
-2.087612748146057129e-01,5.949460435658693314e-03,3.876143833622336388e-03
-2.087612748146057129e-01,5.949460435658693314e-03,3.876143833622336388e-03
-2.079212218523025513e-01,5.736267194151878357e-03,3.875514492392539978e-03
-2.079212218523025513e-01,5.736267194151878357e-03,3.875514492392539978e-03
-2.070833444595336914e-01,5.524215754121541977e-03,3.874890739098191261e-03
-2.070833444595336914e-01,5.524215754121541977e-03,3.874890739098191261e-03
-2.062476724386215210e-01,5.313305184245109558e-03,3.874273737892508507e-03
-2.062476724386215210e-01,5.313305184245109558e-03,3.874273737892508507e-03
-2.054141759872436523e-01,5.103534553200006485e-03,3.873662324622273445e-03
-2.054141759872436523e-01,5.103534553200006485e-03,3.873662324622273445e-03
-2.045828551054000854e-01,4.894901067018508911e-03,3.873057197779417038e-03
-2.045828551054000854e-01,4.894901067018508911e-03,3.873057197779417038e-03
-2.037536948919296265e-01,4.687401466071605682e-03,3.872458357363939285e-03
-2.037536948919296265e-01,4.687401466071605682e-03,3.872458357363939285e-03
-2.029267400503158569e-01,4.481034353375434875e-03,3.871865337714552879e-03
-2.029267400503158569e-01,4.481034353375434875e-03,3.871865337714552879e-03
-2.021018862724304199e-01,4.275798797607421875e-03,3.871278371661901474e-03
-2.021018862724304199e-01,4.275798797607421875e-03,3.871278371661901474e-03
-2.012792527675628662e-01,4.071693401783704758e-03,3.870697226375341415e-03
-2.012792527675628662e-01,4.071693401783704758e-03,3.870697226375341415e-03
-2.004587352275848389e-01,3.868713974952697754e-03,3.870121901854872704e-03
-2.004587352275848389e-01,3.868713974952697754e-03,3.870121901854872704e-03
-1.996403634548187256e-01,3.666858421638607979e-03,3.869553562253713608e-03
-1.996403634548187256e-01,3.666858421638607979e-03,3.869553562253713608e-03
-1.988241821527481079e-01,3.466127905994653702e-03,3.868990577757358551e-03
-1.988241821527481079e-01,3.466127905994653702e-03,3.868990577757358551e-03
-1.980101168155670166e-01,3.266515675932168961e-03,3.868433414027094841e-03
-1.980101168155670166e-01,3.266515675932168961e-03,3.868433414027094841e-03
-1.971981823444366455e-01,3.068024991080164909e-03,3.867882769554853439e-03
-1.971981823444366455e-01,3.068024991080164909e-03,3.867882769554853439e-03
-1.963884234428405762e-01,2.870648400858044624e-03,3.867338178679347038e-03
-1.963884234428405762e-01,2.870648400858044624e-03,3.867338178679347038e-03
-1.955807507038116455e-01,2.674388000741600990e-03,3.866799641400575638e-03
-1.955807507038116455e-01,2.674388000741600990e-03,3.866799641400575638e-03
-1.947752088308334351e-01,2.479241695255041122e-03,3.866266692057251930e-03
-1.947752088308334351e-01,2.479241695255041122e-03,3.866266692057251930e-03
-1.939718127250671387e-01,2.285204827785491943e-03,3.865739796310663223e-03
-1.939718127250671387e-01,2.285204827785491943e-03,3.865739796310663223e-03
-1.931704878807067871e-01,2.092276467010378838e-03,3.865218488499522209e-03
-1.931704878807067871e-01,2.092276467010378838e-03,3.865218488499522209e-03
-1.923713088035583496e-01,1.900455681607127190e-03,3.864704165607690811e-03
-1.923713088035583496e-01,1.900455681607127190e-03,3.864704165607690811e-03
-1.915742605924606323e-01,1.709739211946725845e-03,3.864194964990019798e-03
-1.915742605924606323e-01,1.709739211946725845e-03,3.864194964990019798e-03
-1.907792687416076660e-01,1.520126708783209324e-03,3.863691585138440132e-03
-1.907792687416076660e-01,1.520126708783209324e-03,3.863691585138440132e-03
-1.899864077568054199e-01,1.331614796072244644e-03,3.863194724544882774e-03
-1.899864077568054199e-01,1.331614796072244644e-03,3.863194724544882774e-03
-1.891956627368927002e-01,1.144200679846107960e-03,3.862703451886773109e-03
-1.891956627368927002e-01,1.144200679846107960e-03,3.862703451886773109e-03
-1.884069889783859253e-01,9.578847093507647514e-04,3.862218232825398445e-03
-1.884069889783859253e-01,9.578847093507647514e-04,3.862218232825398445e-03
-1.876203864812850952e-01,7.726605981588363647e-04,3.861738601699471474e-03
-1.876203864812850952e-01,7.726605981588363647e-04,3.861738601699471474e-03
-1.868358701467514038e-01,5.885335267521440983e-04,3.861265489831566811e-03
-1.868358701467514038e-01,5.885335267521440983e-04,3.861265489831566811e-03
-1.860534399747848511e-01,4.054941528011113405e-04,3.860798198729753494e-03
-1.860534399747848511e-01,4.054941528011113405e-04,3.860798198729753494e-03
-1.852730810642242432e-01,2.235446445411071181e-04,3.860336495563387871e-03
-1.852730810642242432e-01,2.235446445411071181e-04,3.860336495563387871e-03
-1.844948232173919678e-01,4.268160046194680035e-05,3.859880845993757248e-03
-1.844948232173919678e-01,4.268160046194680035e-05,3.859880845993757248e-03
-1.837186068296432495e-01,-1.370956742903217673e-04,3.859430784359574318e-03
-1.837186068296432495e-01,-1.370956742903217673e-04,3.859430784359574318e-03
-1.829444319009780884e-01,-3.157935861963778734e-04,3.858986543491482735e-03
-1.829444319009780884e-01,-3.157935861963778734e-04,3.858986543491482735e-03
-1.821723729372024536e-01,-4.934059688821434975e-04,3.858548821881413460e-03
-1.821723729372024536e-01,-4.934059688821434975e-04,3.858548821881413460e-03
-1.814023107290267944e-01,-6.699431687593460083e-04,3.858116688206791878e-03
-1.814023107290267944e-01,-6.699431687593460083e-04,3.858116688206791878e-03
-1.806343495845794678e-01,-8.454018388874828815e-04,3.857690375298261642e-03
-1.806343495845794678e-01,-8.454018388874828815e-04,3.857690375298261642e-03
-1.798683851957321167e-01,-1.019787625409662724e-03,3.857269650325179100e-03
-1.798683851957321167e-01,-1.019787625409662724e-03,3.857269650325179100e-03
-1.791045069694519043e-01,-1.193099073134362698e-03,3.856854978948831558e-03
-1.791045069694519043e-01,-1.193099073134362698e-03,3.856854978948831558e-03
-1.783426403999328613e-01,-1.365339616313576698e-03,3.856446128338575363e-03
-1.783426403999328613e-01,-1.365339616313576698e-03,3.856446128338575363e-03
-1.775828003883361816e-01,-1.536512980237603188e-03,3.856043098494410515e-03
-1.775828003883361816e-01,-1.536512980237603188e-03,3.856043098494410515e-03
-1.768250018358230591e-01,-1.706619630567729473e-03,3.855645656585693359e-03
-1.768250018358230591e-01,-1.706619630567729473e-03,3.855645656585693359e-03
-1.760692149400711060e-01,-1.875660498626530170e-03,3.855254035443067551e-03
-1.760692149400711060e-01,-1.875660498626530170e-03,3.855254035443067551e-03
-1.753154695034027100e-01,-2.043637447059154510e-03,3.854868467897176743e-03
-1.753154695034027100e-01,-2.043637447059154510e-03,3.854868467897176743e-03
-1.745637208223342896e-01,-2.210556063801050186e-03,3.854488721117377281e-03
-1.745637208223342896e-01,-2.210556063801050186e-03,3.854488721117377281e-03
-1.738139986991882324e-01,-2.376416232436895370e-03,3.854114795103669167e-03
-1.738139986991882324e-01,-2.376416232436895370e-03,3.854114795103669167e-03
-1.730662733316421509e-01,-2.541218185797333717e-03,3.853746457025408745e-03
-1.730662733316421509e-01,-2.541218185797333717e-03,3.853746457025408745e-03
-1.723205596208572388e-01,-2.704966347664594650e-03,3.853383706882596016e-03
-1.723205596208572388e-01,-2.704966347664594650e-03,3.853383706882596016e-03
-1.715768426656723022e-01,-2.867661649361252785e-03,3.853026544675230980e-03
-1.715768426656723022e-01,-2.867661649361252785e-03,3.853026544675230980e-03
-1.708351373672485352e-01,-3.029306419193744659e-03,3.852675901725888252e-03
-1.708351373672485352e-01,-3.029306419193744659e-03,3.852675901725888252e-03
-1.700953841209411621e-01,-3.189903218299150467e-03,3.852330613881349564e-03
-1.700953841209411621e-01,-3.189903218299150467e-03,3.852330613881349564e-03
-1.693576574325561523e-01,-3.349452046677470207e-03,3.851991146802902222e-03
-1.693576574325561523e-01,-3.349452046677470207e-03,3.851991146802902222e-03
-1.686218976974487305e-01,-3.507958957925438881e-03,3.851657267659902573e-03
-1.686218976974487305e-01,-3.507958957925438881e-03,3.851657267659902573e-03
-1.678880900144577026e-01,-3.665418364107608795e-03,3.851329209282994270e-03
-1.678880900144577026e-01,-3.665418364107608795e-03,3.851329209282994270e-03
-1.671562939882278442e-01,-3.821840276941657066e-03,3.851006738841533661e-03
-1.671562939882278442e-01,-3.821840276941657066e-03,3.851006738841533661e-03
-1.664264798164367676e-01,-3.977225627750158310e-03,3.850690089166164398e-03
-1.664264798164367676e-01,-3.977225627750158310e-03,3.850690089166164398e-03
-1.656985878944396973e-01,-4.131570924073457718e-03,3.850379493087530136e-03
-1.656985878944396973e-01,-4.131570924073457718e-03,3.850379493087530136e-03
-1.649727076292037964e-01,-4.284883383661508560e-03,3.850074019283056259e-03
-1.649727076292037964e-01,-4.284883383661508560e-03,3.850074019283056259e-03
-1.642487496137619019e-01,-4.437163006514310837e-03,3.849774599075317383e-03
-1.642487496137619019e-01,-4.437163006514310837e-03,3.849774599075317383e-03
-1.635267436504364014e-01,-4.588412120938301086e-03,3.849480533972382545e-03
-1.635267436504364014e-01,-4.588412120938301086e-03,3.849480533972382545e-03
-1.628066748380661011e-01,-4.738632123917341232e-03,3.849191823974251747e-03
-1.628066748380661011e-01,-4.738632123917341232e-03,3.849191823974251747e-03
-1.620885729789733887e-01,-4.887826740741729736e-03,3.848909633234143257e-03
-1.620885729789733887e-01,-4.887826740741729736e-03,3.848909633234143257e-03
-1.613724082708358765e-01,-5.035996437072753906e-03,3.848632331937551498e-03
-1.613724082708358765e-01,-5.035996437072753906e-03,3.848632331937551498e-03
-1.606581658124923706e-01,-5.183143075555562973e-03,3.848361549898982048e-03
-1.606581658124923706e-01,-5.183143075555562973e-03,3.848361549898982048e-03
-1.599458903074264526e-01,-5.329268518835306168e-03,3.848095657303929329e-03
-1.599458903074264526e-01,-5.329268518835306168e-03,3.848095657303929329e-03
-1.592355072498321533e-01,-5.474376957863569260e-03,3.847835585474967957e-03
-1.592355072498321533e-01,-5.474376957863569260e-03,3.847835585474967957e-03
-1.585270464420318604e-01,-5.618468392640352249e-03,3.847581101581454277e-03
-1.585270464420318604e-01,-5.618468392640352249e-03,3.847581101581454277e-03
-1.578205376863479614e-01,-5.761544685810804367e-03,3.847332438454031944e-03
-1.578205376863479614e-01,-5.761544685810804367e-03,3.847332438454031944e-03
-1.571159362792968750e-01,-5.903608165681362152e-03,3.847089130431413651e-03
-1.571159362792968750e-01,-5.903608165681362152e-03,3.847089130431413651e-03
-1.564132124185562134e-01,-6.044663488864898682e-03,3.846851876005530357e-03
-1.564132124185562134e-01,-6.044663488864898682e-03,3.846851876005530357e-03
-1.557124108076095581e-01,-6.184710655361413956e-03,3.846619511023163795e-03
-1.557124108076095581e-01,-6.184710655361413956e-03,3.846619511023163795e-03
-1.550135165452957153e-01,-6.323749199509620667e-03,3.846393432468175888e-03
-1.550135165452957153e-01,-6.323749199509620667e-03,3.846393432468175888e-03
-1.543165445327758789e-01,-6.461784709244966507e-03,3.846172941848635674e-03
-1.543165445327758789e-01,-6.461784709244966507e-03,3.846172941848635674e-03
-1.536214351654052734e-01,-6.598817650228738785e-03,3.845957573503255844e-03
-1.536214351654052734e-01,-6.598817650228738785e-03,3.845957573503255844e-03
-1.529282182455062866e-01,-6.734848953783512115e-03,3.845747793093323708e-03
-1.529282182455062866e-01,-6.734848953783512115e-03,3.845747793093323708e-03
-1.522368788719177246e-01,-6.869883276522159576e-03,3.845543600618839264e-03
-1.522368788719177246e-01,-6.869883276522159576e-03,3.845543600618839264e-03
-1.515474617481231689e-01,-7.003920152783393860e-03,3.845344996079802513e-03
-1.515474617481231689e-01,-7.003920152783393860e-03,3.845344996079802513e-03
-1.508598923683166504e-01,-7.136962842196226120e-03,3.845152445137500763e-03
-1.508598923683166504e-01,-7.136962842196226120e-03,3.845152445137500763e-03
-1.501742005348205566e-01,-7.269011810421943665e-03,3.844964783638715744e-03
-1.501742005348205566e-01,-7.269011810421943665e-03,3.844964783638715744e-03
-1.494903713464736938e-01,-7.400074042379856110e-03,3.844782477244734764e-03
-1.494903713464736938e-01,-7.400074042379856110e-03,3.844782477244734764e-03
-1.488083899021148682e-01,-7.530144881457090378e-03,3.844606224447488785e-03
-1.488083899021148682e-01,-7.530144881457090378e-03,3.844606224447488785e-03
-1.481283009052276611e-01,-7.659229915589094162e-03,3.844435093924403191e-03
-1.481283009052276611e-01,-7.659229915589094162e-03,3.844435093924403191e-03
-1.474500596523284912e-01,-7.787330541759729385e-03,3.844269784167408943e-03
-1.474500596523284912e-01,-7.787330541759729385e-03,3.844269784167408943e-03
-1.467736810445785522e-01,-7.914447225630283356e-03,3.844109829515218735e-03
-1.467736810445785522e-01,-7.914447225630283356e-03,3.844109829515218735e-03
-1.460991352796554565e-01,-8.040587417781352997e-03,3.843955462798476219e-03
-1.460991352796554565e-01,-8.040587417781352997e-03,3.843955462798476219e-03
-1.454264074563980103e-01,-8.165748789906501770e-03,3.843806916847825050e-03
-1.454264074563980103e-01,-8.165748789906501770e-03,3.843806916847825050e-03
-1.447555422782897949e-01,-8.289932273328304291e-03,3.843663260340690613e-03
-1.447555422782897949e-01,-8.289932273328304291e-03,3.843663260340690613e-03
-1.440865248441696167e-01,-8.413141593337059021e-03,3.843525191769003868e-03
-1.440865248441696167e-01,-8.413141593337059021e-03,3.843525191769003868e-03
-1.434193104505538940e-01,-8.535376749932765961e-03,3.843392711132764816e-03
-1.434193104505538940e-01,-8.535376749932765961e-03,3.843392711132764816e-03
-1.427539587020874023e-01,-8.656644262373447418e-03,3.843265818431973457e-03
-1.427539587020874023e-01,-8.656644262373447418e-03,3.843265818431973457e-03
-1.420904099941253662e-01,-8.776941336691379547e-03,3.843144048005342484e-03
-1.420904099941253662e-01,-8.776941336691379547e-03,3.843144048005342484e-03
-1.414286643266677856e-01,-8.896272629499435425e-03,3.843028098344802856e-03
-1.414286643266677856e-01,-8.896272629499435425e-03,3.843028098344802856e-03
-1.407687813043594360e-01,-9.014642797410488129e-03,3.842917038127779961e-03
-1.407687813043594360e-01,-9.014642797410488129e-03,3.842917038127779961e-03
-1.401106715202331543e-01,-9.132048115134239197e-03,3.842811565846204758e-03
-1.401106715202331543e-01,-9.132048115134239197e-03,3.842811565846204758e-03
-1.394543647766113281e-01,-9.248494170606136322e-03,3.842712147161364555e-03
-1.394543647766113281e-01,-9.248494170606136322e-03,3.842712147161364555e-03
-1.387998610734939575e-01,-9.363979101181030273e-03,3.842617152258753777e-03
-1.387998610734939575e-01,-9.363979101181030273e-03,3.842617152258753777e-03
-1.381471604108810425e-01,-9.478512220084667206e-03,3.842527978122234344e-03
-1.381471604108810425e-01,-9.478512220084667206e-03,3.842527978122234344e-03
-1.374962478876113892e-01,-9.592088870704174042e-03,3.842444624751806259e-03
-1.374962478876113892e-01,-9.592088870704174042e-03,3.842444624751806259e-03
-1.368471235036849976e-01,-9.704714640974998474e-03,3.842366393655538559e-03
-1.368471235036849976e-01,-9.704714640974998474e-03,3.842366393655538559e-03
-1.361997872591018677e-01,-9.816387668251991272e-03,3.842293052002787590e-03
-1.361997872591018677e-01,-9.816387668251991272e-03,3.842293052002787590e-03
-1.355542540550231934e-01,-9.927112609148025513e-03,3.842225763946771622e-03
-1.355542540550231934e-01,-9.927112609148025513e-03,3.842225763946771622e-03
-1.349104642868041992e-01,-1.003689225763082504e-02,3.842163132503628731e-03
-1.349104642868041992e-01,-1.003689225763082504e-02,3.842163132503628731e-03
-1.342684477567672729e-01,-1.014573033899068832e-02,3.842106554657220840e-03
-1.342684477567672729e-01,-1.014573033899068832e-02,3.842106554657220840e-03
-1.336281895637512207e-01,-1.025362126529216766e-02,3.842054866254329681e-03
-1.336281895637512207e-01,-1.025362126529216766e-02,3.842054866254329681e-03
-1.329897195100784302e-01,-1.036057434976100922e-02,3.842008532956242561e-03
-1.329897195100784302e-01,-1.036057434976100922e-02,3.842008532956242561e-03
-1.323529928922653198e-01,-1.046659052371978760e-02,3.841968020424246788e-03
-1.323529928922653198e-01,-1.046659052371978760e-02,3.841968020424246788e-03
-1.317180395126342773e-01,-1.057166885584592819e-02,3.841932397335767746e-03
-1.317180395126342773e-01,-1.057166885584592819e-02,3.841932397335767746e-03
-1.310848295688629150e-01,-1.067581214010715485e-02,3.841901896521449089e-03
-1.310848295688629150e-01,-1.067581214010715485e-02,3.841901896521449089e-03
-1.304533332586288452e-01,-1.077902596443891525e-02,3.841877216473221779e-03
-1.304533332586288452e-01,-1.077902596443891525e-02,3.841877216473221779e-03
-1.298236101865768433e-01,-1.088130846619606018e-02,3.841857658699154854e-03
-1.298236101865768433e-01,-1.088130846619606018e-02,3.841857658699154854e-03
-1.291956454515457153e-01,-1.098266430199146271e-02,3.841843456029891968e-03
-1.291956454515457153e-01,-1.098266430199146271e-02,3.841843456029891968e-03
-1.285693794488906860e-01,-1.108309160917997360e-02,3.841834608465433121e-03
-1.285693794488906860e-01,-1.108309160917997360e-02,3.841834608465433121e-03
-1.279448568820953369e-01,-1.118259504437446594e-02,3.841831116005778313e-03
-1.279448568820953369e-01,-1.118259504437446594e-02,3.841831116005778313e-03
-1.273220628499984741e-01,-1.128117553889751434e-02,3.841832280158996582e-03
-1.273220628499984741e-01,-1.128117553889751434e-02,3.841832280158996582e-03
-1.267009973526000977e-01,-1.137883868068456650e-02,3.841839032247662544e-03
-1.267009973526000977e-01,-1.137883868068456650e-02,3.841839032247662544e-03
-1.260816007852554321e-01,-1.147558260709047318e-02,3.841851139441132545e-03
-1.260816007852554321e-01,-1.147558260709047318e-02,3.841851139441132545e-03
-1.254639774560928345e-01,-1.157140918076038361e-02,3.841868368908762932e-03
-1.254639774560928345e-01,-1.157140918076038361e-02,3.841868368908762932e-03
-1.248480379581451416e-01,-1.166632492095232010e-02,3.841890953481197357e-03
-1.248480379581451416e-01,-1.166632492095232010e-02,3.841890953481197357e-03
-1.242337897419929504e-01,-1.176032517105340958e-02,3.841918893158435822e-03
-1.242337897419929504e-01,-1.176032517105340958e-02,3.841918893158435822e-03
-1.236212402582168579e-01,-1.185341738164424896e-02,3.841951489448547363e-03
-1.236212402582168579e-01,-1.185341738164424896e-02,3.841951489448547363e-03
-1.230104044079780579e-01,-1.194559875875711441e-02,3.841990139335393906e-03
-1.230104044079780579e-01,-1.194559875875711441e-02,3.841990139335393906e-03
-1.224012672901153564e-01,-1.203687768429517746e-02,3.842033445835113525e-03
-1.224012672901153564e-01,-1.203687768429517746e-02,3.842033445835113525e-03
-1.217938140034675598e-01,-1.212725043296813965e-02,3.842082107439637184e-03
-1.217938140034675598e-01,-1.212725043296813965e-02,3.842082107439637184e-03
-1.211880296468734741e-01,-1.221672166138887405e-02,3.842136124148964882e-03
-1.211880296468734741e-01,-1.221672166138887405e-02,3.842136124148964882e-03
-1.205839291214942932e-01,-1.230529509484767914e-02,3.842194797471165657e-03
-1.205839291214942932e-01,-1.230529509484767914e-02,3.842194797471165657e-03
-1.199815124273300171e-01,-1.239296514540910721e-02,3.842259524390101433e-03
-1.199815124273300171e-01,-1.239296514540910721e-02,3.842259524390101433e-03
-1.193807348608970642e-01,-1.247974298894405365e-02,3.842328442260622978e-03
-1.193807348608970642e-01,-1.247974298894405365e-02,3.842328442260622978e-03
-1.187816634774208069e-01,-1.256562955677509308e-02,3.842403413727879524e-03
-1.187816634774208069e-01,-1.256562955677509308e-02,3.842403413727879524e-03
-1.181842386722564697e-01,-1.265061832964420319e-02,3.842483041808009148e-03
-1.181842386722564697e-01,-1.265061832964420319e-02,3.842483041808009148e-03
-1.175884529948234558e-01,-1.273472234606742859e-02,3.842567792162299156e-03
-1.175884529948234558e-01,-1.273472234606742859e-02,3.842567792162299156e-03
-1.169943585991859436e-01,-1.281793415546417236e-02,3.842657897621393204e-03
-1.169943585991859436e-01,-1.281793415546417236e-02,3.842657897621393204e-03
-1.164018735289573669e-01,-1.290025934576988220e-02,3.842752892524003983e-03
-1.164018735289573669e-01,-1.290025934576988220e-02,3.842752892524003983e-03
-1.158110573887825012e-01,-1.298170443624258041e-02,3.842853708192706108e-03
-1.158110573887825012e-01,-1.298170443624258041e-02,3.842853708192706108e-03
-1.152218729257583618e-01,-1.306226756423711777e-02,3.842958947643637657e-03
-1.152218729257583618e-01,-1.306226756423711777e-02,3.842958947643637657e-03
-1.146343424916267395e-01,-1.314194779843091965e-02,3.843069076538085938e-03
-1.146343424916267395e-01,-1.314194779843091965e-02,3.843069076538085938e-03
-1.140484213829040527e-01,-1.322074979543685913e-02,3.843185026198625565e-03
-1.140484213829040527e-01,-1.322074979543685913e-02,3.843185026198625565e-03
-1.134641394019126892e-01,-1.329867634922266006e-02,3.843305632472038269e-03
-1.134641394019126892e-01,-1.329867634922266006e-02,3.843305632472038269e-03
-1.128814890980720520e-01,-1.337573211640119553e-02,3.843431593850255013e-03
-1.128814890980720520e-01,-1.337573211640119553e-02,3.843431593850255013e-03
-1.123004555702209473e-01,-1.345191523432731628e-02,3.843562444671988487e-03
-1.123004555702209473e-01,-1.345191523432731628e-02,3.843562444671988487e-03
-1.117210388183593750e-01,-1.352722570300102234e-02,3.843698650598526001e-03
-1.117210388183593750e-01,-1.352722570300102234e-02,3.843698650598526001e-03
-1.111432313919067383e-01,-1.360167097300291061e-02,3.843839745968580246e-03
-1.111432313919067383e-01,-1.360167097300291061e-02,3.843839745968580246e-03
-1.105670183897018433e-01,-1.367524825036525726e-02,3.843985730782151222e-03
-1.105670183897018433e-01,-1.367524825036525726e-02,3.843985730782151222e-03
-1.099924296140670776e-01,-1.374796219170093536e-02,3.844137303531169891e-03
-1.099924296140670776e-01,-1.374796219170093536e-02,3.844137303531169891e-03
-1.094194054603576660e-01,-1.381981559097766876e-02,3.844293532893061638e-03
-1.094194054603576660e-01,-1.381981559097766876e-02,3.844293532893061638e-03
-1.088480129837989807e-01,-1.389080937951803207e-02,3.844454418867826462e-03
-1.088480129837989807e-01,-1.389080937951803207e-02,3.844454418867826462e-03
-1.082782000303268433e-01,-1.396094262599945068e-02,3.844621125608682632e-03
-1.082782000303268433e-01,-1.396094262599945068e-02,3.844621125608682632e-03
-1.077099665999412537e-01,-1.403022184967994690e-02,3.844792256131768227e-03
-1.077099665999412537e-01,-1.403022184967994690e-02,3.844792256131768227e-03
-1.071433201432228088e-01,-1.409864425659179688e-02,3.844968741759657860e-03
-1.071433201432228088e-01,-1.409864425659179688e-02,3.844968741759657860e-03
-1.065782532095909119e-01,-1.416622009128332138e-02,3.845150116831064224e-03
-1.065782532095909119e-01,-1.416622009128332138e-02,3.845150116831064224e-03
-1.060147583484649658e-01,-1.423294190317392349e-02,3.845336614176630974e-03
-1.060147583484649658e-01,-1.423294190317392349e-02,3.845336614176630974e-03
-1.054528057575225830e-01,-1.429881807416677475e-02,3.845527535304427147e-03
-1.054528057575225830e-01,-1.429881807416677475e-02,3.845527535304427147e-03
-1.048924624919891357e-01,-1.436384674161672592e-02,3.845724510028958321e-03
-1.048924624919891357e-01,-1.436384674161672592e-02,3.845724510028958321e-03
-1.043336540460586548e-01,-1.442803535610437393e-02,3.845925442874431610e-03
-1.043336540460586548e-01,-1.442803535610437393e-02,3.845925442874431610e-03
-1.037764102220535278e-01,-1.449137646704912186e-02,3.846131963655352592e-03
-1.037764102220535278e-01,-1.449137646704912186e-02,3.846131963655352592e-03
-1.032207012176513672e-01,-1.455387938767671585e-02,3.846342908218502998e-03
-1.032207012176513672e-01,-1.455387938767671585e-02,3.846342908218502998e-03
-1.026665717363357544e-01,-1.461554784327745438e-02,3.846559440717101097e-03
-1.026665717363357544e-01,-1.461554784327745438e-02,3.846559440717101097e-03
-1.021139621734619141e-01,-1.467638090252876282e-02,3.846780396997928619e-03
-1.021139621734619141e-01,-1.467638090252876282e-02,3.846780396997928619e-03
-1.015629023313522339e-01,-1.473637577146291733e-02,3.847006475552916527e-03
-1.015629023313522339e-01,-1.473637577146291733e-02,3.847006475552916527e-03
-1.010133773088455200e-01,-1.479554176330566406e-02,3.847237909212708473e-03
-1.010133773088455200e-01,-1.479554176330566406e-02,3.847237909212708473e-03
-1.004653796553611755e-01,-1.485387887805700302e-02,3.847473300993442535e-03
-1.004653796553611755e-01,-1.485387887805700302e-02,3.847473300993442535e-03
-9.991891682147979736e-02,-1.491138339042663574e-02,3.847714746370911598e-03
-9.991891682147979736e-02,-1.491138339042663574e-02,3.847714746370911598e-03
-9.937398135662078857e-02,-1.496806554496288300e-02,3.847960615530610085e-03
-9.937398135662078857e-02,-1.496806554496288300e-02,3.847960615530610085e-03
-9.883055090904235840e-02,-1.502392347902059555e-02,3.848211141303181648e-03
-9.883055090904235840e-02,-1.502392347902059555e-02,3.848211141303181648e-03
-9.828863292932510376e-02,-1.507896184921264648e-02,3.848467022180557251e-03
-9.828863292932510376e-02,-1.507896184921264648e-02,3.848467022180557251e-03
-9.774823486804962158e-02,-1.513317786157131195e-02,3.848727559670805931e-03
-9.774823486804962158e-02,-1.513317786157131195e-02,3.848727559670805931e-03
-9.720932692289352417e-02,-1.518658082932233810e-02,3.848992753773927689e-03
-9.720932692289352417e-02,-1.518658082932233810e-02,3.848992753773927689e-03
-9.667193889617919922e-02,-1.523916237056255341e-02,3.849263302981853485e-03
-9.667193889617919922e-02,-1.523916237056255341e-02,3.849263302981853485e-03
-9.613604843616485596e-02,-1.529093179851770401e-02,3.849538508802652359e-03
-9.613604843616485596e-02,-1.529093179851770401e-02,3.849538508802652359e-03
-9.560164064168930054e-02,-1.534189004451036453e-02,3.849818371236324310e-03
-9.560164064168930054e-02,-1.534189004451036453e-02,3.849818371236324310e-03
-9.506871551275253296e-02,-1.539203897118568420e-02,3.850103123113512993e-03
-9.506871551275253296e-02,-1.539203897118568420e-02,3.850103123113512993e-03
-9.453729540109634399e-02,-1.544137764722108841e-02,3.850392764434218407e-03
-9.453729540109634399e-02,-1.544137764722108841e-02,3.850392764434218407e-03
-9.400734305381774902e-02,-1.548991166055202484e-02,3.850687528029084206e-03
-9.400734305381774902e-02,-1.548991166055202484e-02,3.850687528029084206e-03
-9.347888082265853882e-02,-1.553764380514621735e-02,3.850987181067466736e-03
-9.347888082265853882e-02,-1.553764380514621735e-02,3.850987181067466736e-03
-9.295187145471572876e-02,-1.558457408100366592e-02,3.851290792226791382e-03
-9.295187145471572876e-02,-1.558457408100366592e-02,3.851290792226791382e-03
-9.242633730173110962e-02,-1.563070714473724365e-02,3.851600456982851028e-03
-9.242633730173110962e-02,-1.563070714473724365e-02,3.851600456982851028e-03
-9.190226346254348755e-02,-1.567603833973407745e-02,3.851914079859852791e-03
-9.190226346254348755e-02,-1.567603833973407745e-02,3.851914079859852791e-03
-9.137966483831405640e-02,-1.572057604789733887e-02,3.852232592180371284e-03
-9.137966483831405640e-02,-1.572057604789733887e-02,3.852232592180371284e-03
-9.085851162672042847e-02,-1.576431840658187866e-02,3.852555993944406509e-03
-9.085851162672042847e-02,-1.576431840658187866e-02,3.852555993944406509e-03
-9.033880382776260376e-02,-1.580726914107799530e-02,3.852884052321314812e-03
-9.033880382776260376e-02,-1.580726914107799530e-02,3.852884052321314812e-03
-8.982055634260177612e-02,-1.584943383932113647e-02,3.853217232972383499e-03
-8.982055634260177612e-02,-1.584943383932113647e-02,3.853217232972383499e-03
-8.930374681949615479e-02,-1.589080877602100372e-02,3.853554604575037956e-03
-8.930374681949615479e-02,-1.589080877602100372e-02,3.853554604575037956e-03
-8.878837525844573975e-02,-1.593139581382274628e-02,3.853897564113140106e-03
-8.878837525844573975e-02,-1.593139581382274628e-02,3.853897564113140106e-03
-8.827442675828933716e-02,-1.597120426595211029e-02,3.854244714602828026e-03
-8.827442675828933716e-02,-1.597120426595211029e-02,3.854244714602828026e-03
-8.776191622018814087e-02,-1.601022481918334961e-02,3.854596987366676331e-03
-8.776191622018814087e-02,-1.601022481918334961e-02,3.854596987366676331e-03
-8.725083619356155396e-02,-1.604847237467765808e-02,3.854953683912754059e-03
-8.725083619356155396e-02,-1.604847237467765808e-02,3.854953683912754059e-03
-8.674117922782897949e-02,-1.608593948185443878e-02,3.855314804241061211e-03
-8.674117922782897949e-02,-1.608593948185443878e-02,3.855314804241061211e-03
-8.623293787240982056e-02,-1.612262986600399017e-02,3.855681279674172401e-03
-8.623293787240982056e-02,-1.612262986600399017e-02,3.855681279674172401e-03
-8.572609722614288330e-02,-1.615854911506175995e-02,3.856052178889513016e-03
-8.572609722614288330e-02,-1.615854911506175995e-02,3.856052178889513016e-03
-8.522067964076995850e-02,-1.619369164109230042e-02,3.856427967548370361e-03
-8.522067964076995850e-02,-1.619369164109230042e-02,3.856427967548370361e-03
-8.471665531396865845e-02,-1.622807048261165619e-02,3.856808179989457130e-03
-8.471665531396865845e-02,-1.622807048261165619e-02,3.856808179989457130e-03
-8.421403914690017700e-02,-1.626168191432952881e-02,3.857193281874060631e-03
-8.421403914690017700e-02,-1.626168191432952881e-02,3.857193281874060631e-03
-8.371282368898391724e-02,-1.629452407360076904e-02,3.857583273202180862e-03
-8.371282368898391724e-02,-1.629452407360076904e-02,3.857583273202180862e-03
-8.321300148963928223e-02,-1.632660627365112305e-02,3.857977455481886864e-03
-8.321300148963928223e-02,-1.632660627365112305e-02,3.857977455481886864e-03
-8.271455019712448120e-02,-1.635792478919029236e-02,3.858376760035753250e-03
-8.271455019712448120e-02,-1.635792478919029236e-02,3.858376760035753250e-03
-8.221749216318130493e-02,-1.638848520815372467e-02,3.858780721202492714e-03
-8.221749216318130493e-02,-1.638848520815372467e-02,3.858780721202492714e-03
-8.172181248664855957e-02,-1.641828380525112152e-02,3.859189106151461601e-03
-8.172181248664855957e-02,-1.641828380525112152e-02,3.859189106151461601e-03
-8.122751116752624512e-02,-1.644733175635337830e-02,3.859602147713303566e-03
-8.122751116752624512e-02,-1.644733175635337830e-02,3.859602147713303566e-03
-8.073458075523376465e-02,-1.647562533617019653e-02,3.860019380226731300e-03
-8.073458075523376465e-02,-1.647562533617019653e-02,3.860019380226731300e-03
-8.024301379919052124e-02,-1.650316454470157623e-02,3.860442200675606728e-03
-8.024301379919052124e-02,-1.650316454470157623e-02,3.860442200675606728e-03
-7.975281774997711182e-02,-1.652995683252811432e-02,3.860868979245424271e-03
-7.975281774997711182e-02,-1.652995683252811432e-02,3.860868979245424271e-03
-7.926396280527114868e-02,-1.655600406229496002e-02,3.861300880089402199e-03
-7.926396280527114868e-02,-1.655600406229496002e-02,3.861300880089402199e-03
-7.877649366855621338e-02,-1.658130064606666565e-02,3.861737204715609550e-03
-7.877649366855621338e-02,-1.658130064606666565e-02,3.861737204715609550e-03
-7.829035073518753052e-02,-1.660585403442382812e-02,3.862177720293402672e-03
-7.829035073518753052e-02,-1.660585403442382812e-02,3.862177720293402672e-03
-7.780554890632629395e-02,-1.662967167794704437e-02,3.862623358145356178e-03
-7.780554890632629395e-02,-1.662967167794704437e-02,3.862623358145356178e-03
-7.732209563255310059e-02,-1.665274798870086670e-02,3.863073186948895454e-03
-7.732209563255310059e-02,-1.665274798870086670e-02,3.863073186948895454e-03
-7.683997601270675659e-02,-1.667508855462074280e-02,3.863527905195951462e-03
-7.683997601270675659e-02,-1.667508855462074280e-02,3.863527905195951462e-03
-7.635919749736785889e-02,-1.669668778777122498e-02,3.863987280055880547e-03
-7.635919749736785889e-02,-1.669668778777122498e-02,3.863987280055880547e-03
-7.587974518537521362e-02,-1.671755686402320862e-02,3.864451078698039055e-03
-7.587974518537521362e-02,-1.671755686402320862e-02,3.864451078698039055e-03
-7.540161162614822388e-02,-1.673769392073154449e-02,3.864919068291783333e-03
-7.540161162614822388e-02,-1.673769392073154449e-02,3.864919068291783333e-03
-7.492480427026748657e-02,-1.675710268318653107e-02,3.865391947329044342e-03
-7.492480427026748657e-02,-1.675710268318653107e-02,3.865391947329044342e-03
-7.444931566715240479e-02,-1.677578315138816833e-02,3.865869482979178429e-03
-7.444931566715240479e-02,-1.677578315138816833e-02,3.865869482979178429e-03
-7.397513091564178467e-02,-1.679373905062675476e-02,3.866351209580898285e-03
-7.397513091564178467e-02,-1.679373905062675476e-02,3.866351209580898285e-03
-7.350226491689682007e-02,-1.681097038090229034e-02,3.866837825626134872e-03
-7.350226491689682007e-02,-1.681097038090229034e-02,3.866837825626134872e-03
-7.303069531917572021e-02,-1.682748459279537201e-02,3.867328865453600883e-03
-7.303069531917572021e-02,-1.682748459279537201e-02,3.867328865453600883e-03
-7.256042212247848511e-02,-1.684327423572540283e-02,3.867824561893939972e-03
-7.256042212247848511e-02,-1.684327423572540283e-02,3.867824561893939972e-03
-7.209144532680511475e-02,-1.685835048556327820e-02,3.868324449285864830e-03
-7.209144532680511475e-02,-1.685835048556327820e-02,3.868324449285864830e-03
-7.162377238273620605e-02,-1.687270589172840118e-02,3.868828760460019112e-03
-7.162377238273620605e-02,-1.687270589172840118e-02,3.868828760460019112e-03
-7.115736603736877441e-02,-1.688635163009166718e-02,3.869337495416402817e-03
-7.115736603736877441e-02,-1.688635163009166718e-02,3.869337495416402817e-03
-7.069225609302520752e-02,-1.689928770065307617e-02,3.869851585477590561e-03
-7.069225609302520752e-02,-1.689928770065307617e-02,3.869851585477590561e-03
-7.022842019796371460e-02,-1.691151782870292664e-02,3.870369400829076767e-03
-7.022842019796371460e-02,-1.691151782870292664e-02,3.870369400829076767e-03
-6.976585835218429565e-02,-1.692303083837032318e-02,3.870891872793436050e-03
-6.976585835218429565e-02,-1.692303083837032318e-02,3.870891872793436050e-03
-6.930456310510635376e-02,-1.693384349346160889e-02,3.871418768540024757e-03
-6.930456310510635376e-02,-1.693384349346160889e-02,3.871418768540024757e-03
-6.884451955556869507e-02,-1.694395206868648529e-02,3.871950088068842888e-03
-6.884451955556869507e-02,-1.694395206868648529e-02,3.871950088068842888e-03
-6.838577240705490112e-02,-1.695336215198040009e-02,3.872486297041177750e-03
-6.838577240705490112e-02,-1.695336215198040009e-02,3.872486297041177750e-03
-6.792826950550079346e-02,-1.696207374334335327e-02,3.873025998473167419e-03
-6.792826950550079346e-02,-1.696207374334335327e-02,3.873025998473167419e-03
-6.747201085090637207e-02,-1.697008311748504639e-02,3.873571055009961128e-03
-6.747201085090637207e-02,-1.697008311748504639e-02,3.873571055009961128e-03
-6.701700389385223389e-02,-1.697739958763122559e-02,3.874119836837053299e-03
-6.701700389385223389e-02,-1.697739958763122559e-02,3.874119836837053299e-03
-6.656324118375778198e-02,-1.698402315378189087e-02,3.874673508107662201e-03
-6.656324118375778198e-02,-1.698402315378189087e-02,3.874673508107662201e-03
-6.611072272062301636e-02,-1.698995754122734070e-02,3.875231603160500526e-03
-6.611072272062301636e-02,-1.698995754122734070e-02,3.875231603160500526e-03
-6.565941870212554932e-02,-1.699519716203212738e-02,3.875793889164924622e-03
-6.565941870212554932e-02,-1.699519716203212738e-02,3.875793889164924622e-03
-6.520937383174896240e-02,-1.699975505471229553e-02,3.876360598951578140e-03
-6.520937383174896240e-02,-1.699975505471229553e-02,3.876360598951578140e-03
-6.476054340600967407e-02,-1.700362376868724823e-02,3.876931732520461082e-03
-6.476054340600967407e-02,-1.700362376868724823e-02,3.876931732520461082e-03
-6.431294232606887817e-02,-1.700681261718273163e-02,3.877507522702217102e-03
-6.431294232606887817e-02,-1.700681261718273163e-02,3.877507522702217102e-03
-6.386656314134597778e-02,-1.700931973755359650e-02,3.878087503835558891e-03
-6.386656314134597778e-02,-1.700931973755359650e-02,3.878087503835558891e-03
-6.342138350009918213e-02,-1.701114699244499207e-02,3.878671675920486450e-03
-6.342138350009918213e-02,-1.701114699244499207e-02,3.878671675920486450e-03
-6.297744065523147583e-02,-1.701229438185691833e-02,3.879260271787643433e-03
-6.297744065523147583e-02,-1.701229438185691833e-02,3.879260271787643433e-03
-6.253468245267868042e-02,-1.701276935636997223e-02,3.879853291437029839e-03
-6.253468245267868042e-02,-1.701276935636997223e-02,3.879853291437029839e-03
-6.209313124418258667e-02,-1.701257377862930298e-02,3.880450967699289322e-03
-6.209313124418258667e-02,-1.701257377862930298e-02,3.880450967699289322e-03
-6.165278702974319458e-02,-1.701170392334461212e-02,3.881052369251847267e-03
-6.165278702974319458e-02,-1.701170392334461212e-02,3.881052369251847267e-03
-6.121362373232841492e-02,-1.701016351580619812e-02,3.881658194586634636e-03
-6.121362373232841492e-02,-1.701016351580619812e-02,3.881658194586634636e-03
-6.077565997838973999e-02,-1.700796000659465790e-02,3.882268676534295082e-03
-6.077565997838973999e-02,-1.700796000659465790e-02,3.882268676534295082e-03
-6.033887714147567749e-02,-1.700508780777454376e-02,3.882883116602897644e-03
-6.033887714147567749e-02,-1.700508780777454376e-02,3.882883116602897644e-03
-5.990328267216682434e-02,-1.700155064463615417e-02,3.883501980453729630e-03
-5.990328267216682434e-02,-1.700155064463615417e-02,3.883501980453729630e-03
-5.946883931756019592e-02,-1.699735969305038452e-02,3.884125966578722000e-03
-5.946883931756019592e-02,-1.699735969305038452e-02,3.884125966578722000e-03
-5.903559923171997070e-02,-1.699250563979148865e-02,3.884753212332725525e-03
-5.903559923171997070e-02,-1.699250563979148865e-02,3.884753212332725525e-03
-5.860351398587226868e-02,-1.698699407279491425e-02,3.885384881868958473e-03
-5.860351398587226868e-02,-1.698699407279491425e-02,3.885384881868958473e-03
-5.817259475588798523e-02,-1.698082871735095978e-02,3.886020975187420845e-03
-5.817259475588798523e-02,-1.698082871735095978e-02,3.886020975187420845e-03
-5.774283781647682190e-02,-1.697400771081447601e-02,3.886661259457468987e-03
-5.774283781647682190e-02,-1.697400771081447601e-02,3.886661259457468987e-03
-5.731423571705818176e-02,-1.696654036641120911e-02,3.887305734679102898e-03
-5.731423571705818176e-02,-1.696654036641120911e-02,3.887305734679102898e-03
-5.688678100705146790e-02,-1.695842109620571136e-02,3.887954866513609886e-03
-5.688678100705146790e-02,-1.695842109620571136e-02,3.887954866513609886e-03
-5.646048113703727722e-02,-1.694965548813343048e-02,3.888607490807771683e-03
-5.646048113703727722e-02,-1.694965548813343048e-02,3.888607490807771683e-03
-5.603531748056411743e-02,-1.694024167954921722e-02,3.889265004545450211e-03
-5.603531748056411743e-02,-1.694024167954921722e-02,3.889265004545450211e-03
-5.561130493879318237e-02,-1.693019084632396698e-02,3.889926709234714508e-03
-5.561130493879318237e-02,-1.693019084632396698e-02,3.889926709234714508e-03
-5.518841743469238281e-02,-1.691949181258678436e-02,3.890592604875564575e-03
-5.518841743469238281e-02,-1.691949181258678436e-02,3.890592604875564575e-03
-5.476665496826171875e-02,-1.690815761685371399e-02,3.891262458637356758e-03
-5.476665496826171875e-02,-1.690815761685371399e-02,3.891262458637356758e-03
-5.434603244066238403e-02,-1.689618825912475586e-02,3.891937201842665672e-03
-5.434603244066238403e-02,-1.689618825912475586e-02,3.891937201842665672e-03
-5.392652750015258789e-02,-1.688358187675476074e-02,3.892615437507629395e-03
-5.392652750015258789e-02,-1.688358187675476074e-02,3.892615437507629395e-03
-5.350813642144203186e-02,-1.687034219503402710e-02,3.893298096954822540e-03
-5.350813642144203186e-02,-1.687034219503402710e-02,3.893298096954822540e-03
-5.309086292982101440e-02,-1.685647480189800262e-02,3.893984714522957802e-03
-5.309086292982101440e-02,-1.685647480189800262e-02,3.893984714522957802e-03
-5.267470329999923706e-02,-1.684197410941123962e-02,3.894675755873322487e-03
-5.267470329999923706e-02,-1.684197410941123962e-02,3.894675755873322487e-03
-5.225962772965431213e-02,-1.682684756815433502e-02,3.895371221005916595e-03
-5.225962772965431213e-02,-1.682684756815433502e-02,3.895371221005916595e-03
-5.184567719697952271e-02,-1.681109331548213959e-02,3.896070178598165512e-03
-5.184567719697952271e-02,-1.681109331548213959e-02,3.896070178598165512e-03
-5.143282189965248108e-02,-1.679471693933010101e-02,3.896773559972643852e-03
-5.143282189965248108e-02,-1.679471693933010101e-02,3.896773559972643852e-03
-5.102104321122169495e-02,-1.677772961556911469e-02,3.897481365129351616e-03
-5.102104321122169495e-02,-1.677772961556911469e-02,3.897481365129351616e-03
-5.061036348342895508e-02,-1.676011271774768829e-02,3.898193594068288803e-03
-5.061036348342895508e-02,-1.676011271774768829e-02,3.898193594068288803e-03
-5.020077154040336609e-02,-1.674188114702701569e-02,3.898909315466880798e-03
-5.020077154040336609e-02,-1.674188114702701569e-02,3.898909315466880798e-03
-4.979225248098373413e-02,-1.672304049134254456e-02,3.899629227817058563e-03
-4.979225248098373413e-02,-1.672304049134254456e-02,3.899629227817058563e-03
-4.938481003046035767e-02,-1.670357957482337952e-02,3.900353098288178444e-03
-4.938481003046035767e-02,-1.670357957482337952e-02,3.900353098288178444e-03
-4.897844046354293823e-02,-1.668350957334041595e-02,3.901081858202815056e-03
-4.897844046354293823e-02,-1.668350957334041595e-02,3.901081858202815056e-03
-4.857313632965087891e-02,-1.666283234953880310e-02,3.901813877746462822e-03
-4.857313632965087891e-02,-1.666283234953880310e-02,3.901813877746462822e-03
-4.816889390349388123e-02,-1.664154790341854095e-02,3.902550553902983665e-03
-4.816889390349388123e-02,-1.664154790341854095e-02,3.902550553902983665e-03
-4.776572063565254211e-02,-1.661965437233448029e-02,3.903291421011090279e-03
-4.776572063565254211e-02,-1.661965437233448029e-02,3.903291421011090279e-03
-4.736359789967536926e-02,-1.659716293215751648e-02,3.904036013409495354e-03
-4.736359789967536926e-02,-1.659716293215751648e-02,3.904036013409495354e-03
-4.696252197027206421e-02,-1.657406799495220184e-02,3.904784331098198891e-03
-4.696252197027206421e-02,-1.657406799495220184e-02,3.904784331098198891e-03
-4.656249284744262695e-02,-1.655037701129913330e-02,3.905537771061062813e-03
-4.656249284744262695e-02,-1.655037701129913330e-02,3.905537771061062813e-03
-4.616349935531616211e-02,-1.652608811855316162e-02,3.906294237822294235e-03
-4.616349935531616211e-02,-1.652608811855316162e-02,3.906294237822294235e-03
-4.576555266976356506e-02,-1.650120317935943604e-02,3.907055128365755081e-03
-4.576555266976356506e-02,-1.650120317935943604e-02,3.907055128365755081e-03
-4.536863416433334351e-02,-1.647572778165340424e-02,3.907820209860801697e-03
-4.536863416433334351e-02,-1.647572778165340424e-02,3.907820209860801697e-03
-4.497275501489639282e-02,-1.644965633749961853e-02,3.908589016646146774e-03
-4.497275501489639282e-02,-1.644965633749961853e-02,3.908589016646146774e-03
-4.457788914442062378e-02,-1.642300188541412354e-02,3.909362014383077621e-03
-4.457788914442062378e-02,-1.642300188541412354e-02,3.909362014383077621e-03
-4.418405517935752869e-02,-1.639576070010662079e-02,3.910139203071594238e-03
-4.418405517935752869e-02,-1.639576070010662079e-02,3.910139203071594238e-03
-4.379123076796531677e-02,-1.636792905628681183e-02,3.910920117050409317e-03
-4.379123076796531677e-02,-1.636792905628681183e-02,3.910920117050409317e-03
-4.339941591024398804e-02,-1.633951999247074127e-02,3.911705221980810165e-03
-4.339941591024398804e-02,-1.633951999247074127e-02,3.911705221980810165e-03
-4.300861805677413940e-02,-1.631052792072296143e-02,3.912494052201509476e-03
-4.300861805677413940e-02,-1.631052792072296143e-02,3.912494052201509476e-03
-4.261881485581398010e-02,-1.628095470368862152e-02,3.913287539035081863e-03
-4.261881485581398010e-02,-1.628095470368862152e-02,3.913287539035081863e-03
-4.223001748323440552e-02,-1.625080965459346771e-02,3.914084285497665405e-03
-4.223001748323440552e-02,-1.625080965459346771e-02,3.914084285497665405e-03
-4.184221848845481873e-02,-1.622008904814720154e-02,3.914885688573122025e-03
-4.184221848845481873e-02,-1.622008904814720154e-02,3.914885688573122025e-03
-4.145540669560432434e-02,-1.618879474699497223e-02,3.915690351277589798e-03
-4.145540669560432434e-02,-1.618879474699497223e-02,3.915690351277589798e-03
-4.106958210468292236e-02,-1.615692675113677979e-02,3.916499204933643341e-03
-4.106958210468292236e-02,-1.615692675113677979e-02,3.916499204933643341e-03
-4.068474471569061279e-02,-1.612449251115322113e-02,3.917312249541282654e-03
-4.068474471569061279e-02,-1.612449251115322113e-02,3.917312249541282654e-03
-4.030087962746620178e-02,-1.609149575233459473e-02,3.918129485100507736e-03
-4.030087962746620178e-02,-1.609149575233459473e-02,3.918129485100507736e-03
-3.991798311471939087e-02,-1.605792902410030365e-02,3.918949514627456665e-03
-3.991798311471939087e-02,-1.605792902410030365e-02,3.918949514627456665e-03
-3.953607752919197083e-02,-1.602379977703094482e-02,3.919774666428565979e-03
-3.953607752919197083e-02,-1.602379977703094482e-02,3.919774666428565979e-03
-3.915511444211006165e-02,-1.598910987377166748e-02,3.920603077858686447e-03
-3.915511444211006165e-02,-1.598910987377166748e-02,3.920603077858686447e-03
-3.877513855695724487e-02,-1.595386303961277008e-02,3.921435680240392685e-03
-3.877513855695724487e-02,-1.595386303961277008e-02,3.921435680240392685e-03
-3.839609771966934204e-02,-1.591805554926395416e-02,3.922272473573684692e-03
-3.839609771966934204e-02,-1.591805554926395416e-02,3.922272473573684692e-03
-3.801802173256874084e-02,-1.588170044124126434e-02,3.923112526535987854e-03
-3.801802173256874084e-02,-1.588170044124126434e-02,3.923112526535987854e-03
-3.764089941978454590e-02,-1.584478653967380524e-02,3.923956770449876785e-03
-3.764089941978454590e-02,-1.584478653967380524e-02,3.923956770449876785e-03
-3.726470842957496643e-02,-1.580732502043247223e-02,3.924805205315351486e-03
-3.726470842957496643e-02,-1.580732502043247223e-02,3.924805205315351486e-03
-3.688946366310119629e-02,-1.576931215822696686e-02,3.925656899809837341e-03
-3.688946366310119629e-02,-1.576931215822696686e-02,3.925656899809837341e-03
-3.651516139507293701e-02,-1.573075912892818451e-02,3.926512785255908966e-03
-3.651516139507293701e-02,-1.573075912892818451e-02,3.926512785255908966e-03
-3.614178299903869629e-02,-1.569165475666522980e-02,3.927372861653566360e-03
-3.614178299903869629e-02,-1.569165475666522980e-02,3.927372861653566360e-03
-3.576935082674026489e-02,-1.565201021730899811e-02,3.928236197680234909e-03
-3.576935082674026489e-02,-1.565201021730899811e-02,3.928236197680234909e-03
-3.539781644940376282e-02,-1.561182457953691483e-02,3.929103724658489227e-03
-3.539781644940376282e-02,-1.561182457953691483e-02,3.929103724658489227e-03
-3.502721711993217468e-02,-1.557109877467155457e-02,3.929974976927042007e-03
-3.502721711993217468e-02,-1.557109877467155457e-02,3.929974976927042007e-03
-3.465752676129341125e-02,-1.552983839064836502e-02,3.930849954485893250e-03
-3.465752676129341125e-02,-1.552983839064836502e-02,3.930849954485893250e-03
-3.428875654935836792e-02,-1.548804529011249542e-02,3.931729588657617569e-03
-3.428875654935836792e-02,-1.548804529011249542e-02,3.931729588657617569e-03
-3.392088413238525391e-02,-1.544571854174137115e-02,3.932612016797065735e-03
-3.392088413238525391e-02,-1.544571854174137115e-02,3.932612016797065735e-03
-3.355392441153526306e-02,-1.540286187082529068e-02,3.933498635888099670e-03
-3.355392441153526306e-02,-1.540286187082529068e-02,3.933498635888099670e-03
-3.318785876035690308e-02,-1.535947248339653015e-02,3.934389445930719376e-03
-3.318785876035690308e-02,-1.535947248339653015e-02,3.934389445930719376e-03
-3.282268345355987549e-02,-1.531555596739053726e-02,3.935283515602350235e-03
-3.282268345355987549e-02,-1.531555596739053726e-02,3.935283515602350235e-03
-3.245839849114418030e-02,-1.527111977338790894e-02,3.936181310564279556e-03
-3.245839849114418030e-02,-1.527111977338790894e-02,3.936181310564279556e-03
-3.209500759840011597e-02,-1.522615924477577209e-02,3.937082830816507339e-03
-3.209500759840011597e-02,-1.522615924477577209e-02,3.937082830816507339e-03
-3.173248842358589172e-02,-1.518067717552185059e-02,3.937988542020320892e-03
-3.173248842358589172e-02,-1.518067717552185059e-02,3.937988542020320892e-03
-3.137085586786270142e-02,-1.513468008488416672e-02,3.938897978514432907e-03
-3.137085586786270142e-02,-1.513468008488416672e-02,3.938897978514432907e-03
-3.101008944213390350e-02,-1.508816517889499664e-02,3.939811140298843384e-03
-3.101008944213390350e-02,-1.508816517889499664e-02,3.939811140298843384e-03
-3.065020032227039337e-02,-1.504113152623176575e-02,3.940728027373552322e-03
-3.065020032227039337e-02,-1.504113152623176575e-02,3.940728027373552322e-03
-3.029116615653038025e-02,-1.499359030276536942e-02,3.941648639738559723e-03
-3.029116615653038025e-02,-1.499359030276536942e-02,3.941648639738559723e-03
-2.993299439549446106e-02,-1.494553498923778534e-02,3.942572511732578278e-03
-2.993299439549446106e-02,-1.494553498923778534e-02,3.942572511732578278e-03
-2.957568690180778503e-02,-1.489697210490703583e-02,3.943500574678182602e-03
-2.957568690180778503e-02,-1.489697210490703583e-02,3.943500574678182602e-03
-2.921922318637371063e-02,-1.484790537506341934e-02,3.944432362914085388e-03
-2.921922318637371063e-02,-1.484790537506341934e-02,3.944432362914085388e-03
-2.886361069977283478e-02,-1.479833293706178665e-02,3.945368342101573944e-03
-2.886361069977283478e-02,-1.479833293706178665e-02,3.945368342101573944e-03
-2.850884944200515747e-02,-1.474825572222471237e-02,3.946307115256786346e-03
-2.850884944200515747e-02,-1.474825572222471237e-02,3.946307115256786346e-03
-2.815492264926433563e-02,-1.469768024981021881e-02,3.947250079363584518e-03
-2.815492264926433563e-02,-1.469768024981021881e-02,3.947250079363584518e-03
-2.780182473361492157e-02,-1.464660651981830597e-02,3.948196768760681152e-03
-2.780182473361492157e-02,-1.464660651981830597e-02,3.948196768760681152e-03
-2.744956500828266144e-02,-1.459503453224897385e-02,3.949146717786788940e-03
-2.744956500828266144e-02,-1.459503453224897385e-02,3.949146717786788940e-03
-2.709813043475151062e-02,-1.454297080636024475e-02,3.950100857764482498e-03
-2.709813043475151062e-02,-1.454297080636024475e-02,3.950100857764482498e-03
-2.674751728773117065e-02,-1.449041347950696945e-02,3.951058257371187210e-03
-2.674751728773117065e-02,-1.449041347950696945e-02,3.951058257371187210e-03
-2.639772184193134308e-02,-1.443736627697944641e-02,3.952020313590764999e-03
-2.639772184193134308e-02,-1.443736627697944641e-02,3.952020313590764999e-03
-2.604874595999717712e-02,-1.438382640480995178e-02,3.952984698116779327e-03
-2.604874595999717712e-02,-1.438382640480995178e-02,3.952984698116779327e-03
-2.570056915283203125e-02,-1.432980503886938095e-02,3.953953273594379425e-03
-2.570056915283203125e-02,-1.432980503886938095e-02,3.953953273594379425e-03
-2.535320632159709930e-02,-1.427530031651258469e-02,3.954925574362277985e-03
-2.535320632159709930e-02,-1.427530031651258469e-02,3.954925574362277985e-03
-2.500664070248603821e-02,-1.422031223773956299e-02,3.955901600420475006e-03
-2.500664070248603821e-02,-1.422031223773956299e-02,3.955901600420475006e-03
-2.466088160872459412e-02,-1.416484173387289047e-02,3.956880886107683182e-03
-2.466088160872459412e-02,-1.416484173387289047e-02,3.956880886107683182e-03
-2.431591227650642395e-02,-1.410888973623514175e-02,3.957863897085189819e-03
-2.431591227650642395e-02,-1.410888973623514175e-02,3.957863897085189819e-03
-2.397172339260578156e-02,-1.405246648937463760e-02,3.958850167691707611e-03
-2.397172339260578156e-02,-1.405246648937463760e-02,3.958850167691707611e-03
-2.362833172082901001e-02,-1.399556640535593033e-02,3.959841094911098480e-03
-2.362833172082901001e-02,-1.399556640535593033e-02,3.959841094911098480e-03
-2.328571118414402008e-02,-1.393819600343704224e-02,3.960835281759500504e-03
-2.328571118414402008e-02,-1.393819600343704224e-02,3.960835281759500504e-03
-2.294387109577655792e-02,-1.388035342097282410e-02,3.961832262575626373e-03
-2.294387109577655792e-02,-1.388035342097282410e-02,3.961832262575626373e-03
-2.260280400514602661e-02,-1.382204238325357437e-02,3.962833434343338013e-03
-2.260280400514602661e-02,-1.382204238325357437e-02,3.962833434343338013e-03
-2.226250618696212769e-02,-1.376326847821474075e-02,3.963837865740060806e-03
-2.226250618696212769e-02,-1.376326847821474075e-02,3.963837865740060806e-03
-2.192296087741851807e-02,-1.370402798056602478e-02,3.964846022427082062e-03
-2.192296087741851807e-02,-1.370402798056602478e-02,3.964846022427082062e-03
-2.158419229090213776e-02,-1.364432368427515030e-02,3.965857904404401779e-03
-2.158419229090213776e-02,-1.364432368427515030e-02,3.965857904404401779e-03
-2.124616503715515137e-02,-1.358416117727756500e-02,3.966873511672019958e-03
-2.124616503715515137e-02,-1.358416117727756500e-02,3.966873511672019958e-03
-2.090889401733875275e-02,-1.352353859692811966e-02,3.967892378568649292e-03
-2.090889401733875275e-02,-1.352353859692811966e-02,3.967892378568649292e-03
-2.057237178087234497e-02,-1.346245966851711273e-02,3.968914505094289780e-03
-2.057237178087234497e-02,-1.346245966851711273e-02,3.968914505094289780e-03
-2.023658901453018188e-02,-1.340092904865741730e-02,3.969940822571516037e-03
-2.023658901453018188e-02,-1.340092904865741730e-02,3.969940822571516037e-03
-1.990154571831226349e-02,-1.333894394338130951e-02,3.970969934016466141e-03
-1.990154571831226349e-02,-1.333894394338130951e-02,3.970969934016466141e-03
-1.956723816692829132e-02,-1.327650900930166245e-02,3.972002770751714706e-03
-1.956723816692829132e-02,-1.327650900930166245e-02,3.972002770751714706e-03
-1.923365890979766846e-02,-1.321362424641847610e-02,3.973039798438549042e-03
-1.923365890979766846e-02,-1.321362424641847610e-02,3.973039798438549042e-03
-1.890080235898494720e-02,-1.315029989928007126e-02,3.974079154431819916e-03
-1.890080235898494720e-02,-1.315029989928007126e-02,3.974079154431819916e-03
-1.856867037713527679e-02,-1.308652572333812714e-02,3.975122701376676559e-03
-1.856867037713527679e-02,-1.308652572333812714e-02,3.975122701376676559e-03
-1.823725737631320953e-02,-1.302231010049581528e-02,3.976169507950544357e-03
-1.823725737631320953e-02,-1.302231010049581528e-02,3.976169507950544357e-03
-1.790655776858329773e-02,-1.295765116810798645e-02,3.977220039814710617e-03
-1.790655776858329773e-02,-1.295765116810798645e-02,3.977220039814710617e-03
-1.757655851542949677e-02,-1.289255823940038681e-02,3.978273831307888031e-03
-1.757655851542949677e-02,-1.289255823940038681e-02,3.978273831307888031e-03
-1.724727451801300049e-02,-1.282702852040529251e-02,3.979330882430076599e-03
-1.724727451801300049e-02,-1.282702852040529251e-02,3.979330882430076599e-03
-1.691868714988231659e-02,-1.276106201112270355e-02,3.980392590165138245e-03
-1.691868714988231659e-02,-1.276106201112270355e-02,3.980392590165138245e-03
-1.659079641103744507e-02,-1.269466895610094070e-02,3.981456160545349121e-03
-1.659079641103744507e-02,-1.269466895610094070e-02,3.981456160545349121e-03
-1.626359298825263977e-02,-1.262784097343683243e-02,3.982523921877145767e-03
-1.626359298825263977e-02,-1.262784097343683243e-02,3.982523921877145767e-03
-1.593708246946334839e-02,-1.256058830767869949e-02,3.983594942837953568e-03
-1.593708246946334839e-02,-1.256058830767869949e-02,3.983594942837953568e-03
-1.561125461012125015e-02,-1.249290816485881805e-02,3.984669689089059830e-03
-1.561125461012125015e-02,-1.249290816485881805e-02,3.984669689089059830e-03
-1.528610754758119583e-02,-1.242480147629976273e-02,3.985747694969177246e-03
-1.528610754758119583e-02,-1.242480147629976273e-02,3.985747694969177246e-03
-1.496163289994001389e-02,-1.235627103596925735e-02,3.986828494817018509e-03
-1.496163289994001389e-02,-1.235627103596925735e-02,3.986828494817018509e-03
-1.463782880455255508e-02,-1.228732522577047348e-02,3.987913951277732849e-03
-1.463782880455255508e-02,-1.228732522577047348e-02,3.987913951277732849e-03
-1.431469339877367020e-02,-1.221795845776796341e-02,3.989001736044883728e-03
-1.431469339877367020e-02,-1.221795845776796341e-02,3.989001736044883728e-03
-1.399221923202276230e-02,-1.214818004518747330e-02,3.990093246102333069e-03
-1.399221923202276230e-02,-1.214818004518747330e-02,3.990093246102333069e-03
-1.367040164768695831e-02,-1.207798440009355545e-02,3.991188015788793564e-03
-1.367040164768695831e-02,-1.207798440009355545e-02,3.991188015788793564e-03
-1.334924437105655670e-02,-1.200737524777650833e-02,3.992286510765552521e-03
-1.334924437105655670e-02,-1.200737524777650833e-02,3.992286510765552521e-03
-1.302873529493808746e-02,-1.193635445088148117e-02,3.993387799710035324e-03
-1.302873529493808746e-02,-1.193635445088148117e-02,3.993387799710035324e-03
-1.270886231213808060e-02,-1.186492945998907089e-02,3.994492813944816589e-03
-1.270886231213808060e-02,-1.186492945998907089e-02,3.994492813944816589e-03
-1.238963939249515533e-02,-1.179309654980897903e-02,3.995601553469896317e-03
-1.238963939249515533e-02,-1.179309654980897903e-02,3.995601553469896317e-03
-1.207105256617069244e-02,-1.172086130827665329e-02,3.996713086962699890e-03
-1.207105256617069244e-02,-1.172086130827665329e-02,3.996713086962699890e-03
-1.175309624522924423e-02,-1.164822559803724289e-02,3.997827880084514618e-03
-1.175309624522924423e-02,-1.164822559803724289e-02,3.997827880084514618e-03
-1.143577322363853455e-02,-1.157518476247787476e-02,3.998945932835340500e-03
-1.143577322363853455e-02,-1.157518476247787476e-02,3.998945932835340500e-03
-1.111906580626964569e-02,-1.150174811482429504e-02,4.000067710876464844e-03
-1.111906580626964569e-02,-1.150174811482429504e-02,4.000067710876464844e-03
-1.080298796296119690e-02,-1.142791472375392914e-02,4.001193214207887650e-03
-1.080298796296119690e-02,-1.142791472375392914e-02,4.001193214207887650e-03
-1.048752013593912125e-02,-1.135369110852479935e-02,4.002321511507034302e-03
-1.048752013593912125e-02,-1.135369110852479935e-02,4.002321511507034302e-03
-1.017267163842916489e-02,-1.127907168120145798e-02,4.003452602773904800e-03
-1.017267163842916489e-02,-1.127907168120145798e-02,4.003452602773904800e-03
-9.858427569270133972e-03,-1.120406202971935272e-02,4.004587884992361069e-03
-9.858427569270133972e-03,-1.120406202971935272e-02,4.004587884992361069e-03
-9.544781409204006195e-03,-1.112866494804620743e-02,4.005725495517253876e-03
-9.544781409204006195e-03,-1.112866494804620743e-02,4.005725495517253876e-03
-9.231740608811378479e-03,-1.105288509279489517e-02,4.006867296993732452e-03
-9.231740608811378479e-03,-1.105288509279489517e-02,4.006867296993732452e-03
-8.919293992221355438e-03,-1.097671594470739365e-02,4.008011426776647568e-03
-8.919293992221355438e-03,-1.097671594470739365e-02,4.008011426776647568e-03
-8.607431314885616302e-03,-1.090016681700944901e-02,4.009159747511148453e-03
-8.607431314885616302e-03,-1.090016681700944901e-02,4.009159747511148453e-03
-8.296162821352481842e-03,-1.082323957234621048e-02,4.010310862213373184e-03
-8.296162821352481842e-03,-1.082323957234621048e-02,4.010310862213373184e-03
-7.985477335751056671e-03,-1.074593141674995422e-02,4.011465236544609070e-03
-7.985477335751056671e-03,-1.074593141674995422e-02,4.011465236544609070e-03
-7.675365079194307327e-03,-1.066824793815612793e-02,4.012622870504856110e-03
-7.675365079194307327e-03,-1.066824793815612793e-02,4.012622870504856110e-03
-7.365825120359659195e-03,-1.059019379317760468e-02,4.013783764094114304e-03
-7.365825120359659195e-03,-1.059019379317760468e-02,4.013783764094114304e-03
-7.056857459247112274e-03,-1.051176618784666061e-02,4.014947451651096344e-03
-7.056857459247112274e-03,-1.051176618784666061e-02,4.014947451651096344e-03
-6.748456507921218872e-03,-1.043296605348587036e-02,4.016114864498376846e-03
-6.748456507921218872e-03,-1.043296605348587036e-02,4.016114864498376846e-03
-6.440620869398117065e-03,-1.035380177199840546e-02,4.017285536974668503e-03
-6.440620869398117065e-03,-1.035380177199840546e-02,4.017285536974668503e-03
-6.133337505161762238e-03,-1.027426868677139282e-02,4.018459469079971313e-03
-6.133337505161762238e-03,-1.027426868677139282e-02,4.018459469079971313e-03
-5.826607812196016312e-03,-1.019437238574028015e-02,4.019636660814285278e-03
-5.826607812196016312e-03,-1.019437238574028015e-02,4.019636660814285278e-03
-5.520422477275133133e-03,-1.011411380022764206e-02,4.020816646516323090e-03
-5.520422477275133133e-03,-1.011411380022764206e-02,4.020816646516323090e-03
-5.214787553995847702e-03,-1.003349758684635162e-02,4.021999891847372055e-03
-5.214787553995847702e-03,-1.003349758684635162e-02,4.021999891847372055e-03
-4.909692797809839249e-03,-9.952520020306110382e-03,4.023185931146144867e-03
-4.909692797809839249e-03,-9.952520020306110382e-03,4.023185931146144867e-03
-4.605128429830074310e-03,-9.871189482510089874e-03,4.024375695735216141e-03
-4.605128429830074310e-03,-9.871189482510089874e-03,4.024375695735216141e-03
-4.301102831959724426e-03,-9.789503179490566254e-03,4.025568254292011261e-03
-4.301102831959724426e-03,-9.789503179490566254e-03,4.025568254292011261e-03
-3.997598309069871902e-03,-9.707464836537837982e-03,4.026764072477817535e-03
-3.997598309069871902e-03,-9.707464836537837982e-03,4.026764072477817535e-03
-3.694620449095964432e-03,-9.625077247619628906e-03,4.027963150292634964e-03
-3.694620449095964432e-03,-9.625077247619628906e-03,4.027963150292634964e-03
-3.392155980691313744e-03,-9.542346000671386719e-03,4.029165487736463547e-03
-3.392155980691313744e-03,-9.542346000671386719e-03,4.029165487736463547e-03
-3.090210491791367531e-03,-9.459260851144790649e-03,4.030370619148015976e-03
-3.090210491791367531e-03,-9.459260851144790649e-03,4.030370619148015976e-03
-2.788778394460678101e-03,-9.375836700201034546e-03,4.031579010188579559e-03
-2.788778394460678101e-03,-9.375836700201034546e-03,4.031579010188579559e-03
-2.487853635102510452e-03,-9.292071685194969177e-03,4.032790660858154297e-03
-2.487853635102510452e-03,-9.292071685194969177e-03,4.032790660858154297e-03
-2.187426667660474777e-03,-9.207964874804019928e-03,4.034005105495452881e-03
-2.187426667660474777e-03,-9.207964874804019928e-03,4.034005105495452881e-03
-1.887499471195042133e-03,-9.123519994318485260e-03,4.035222809761762619e-03
-1.887499471195042133e-03,-9.123519994318485260e-03,4.035222809761762619e-03
-1.588066108524799347e-03,-9.038739837706089020e-03,4.036443307995796204e-03
-1.588066108524799347e-03,-9.038739837706089020e-03,4.036443307995796204e-03
-1.289115054532885551e-03,-8.953629061579704285e-03,4.037667531520128250e-03
-1.289115054532885551e-03,-8.953629061579704285e-03,4.037667531520128250e-03
-9.906637715175747871e-04,-8.868181146681308746e-03,4.038894549012184143e-03
-9.906637715175747871e-04,-8.868181146681308746e-03,4.038894549012184143e-03
-6.926811765879392624e-04,-8.782406337559223175e-03,4.040123894810676575e-03
-6.926811765879392624e-04,-8.782406337559223175e-03,4.040123894810676575e-03
-3.951827820856124163e-04,-8.696301840245723724e-03,4.041356965899467468e-03
-3.951827820856124163e-04,-8.696301840245723724e-03,4.041356965899467468e-03
-9.815314115257933736e-05,-8.609874173998832703e-03,4.042593762278556824e-03
-9.815314115257933736e-05,-8.609874173998832703e-03,4.042593762278556824e-03
1.984000409720465541e-04,-8.523121476173400879e-03,4.043832886964082718e-03
1.984000409720465541e-04,-8.523121476173400879e-03,4.043832886964082718e-03
4.944999818690121174e-04,-8.436046540737152100e-03,4.045074805617332458e-03
4.944999818690121174e-04,-8.436046540737152100e-03,4.045074805617332458e-03
7.901370408944785595e-04,-8.348653092980384827e-03,4.046319983899593353e-03
7.901370408944785595e-04,-8.348653092980384827e-03,4.046319983899593353e-03
1.085316995158791542e-03,-8.260940201580524445e-03,4.047567956149578094e-03
1.085316995158791542e-03,-8.260940201580524445e-03,4.047567956149578094e-03
1.380045665428042412e-03,-8.172913454473018646e-03,4.048819188028573990e-03
1.380045665428042412e-03,-8.172913454473018646e-03,4.048819188028573990e-03
1.674322993494570255e-03,-8.084568195044994354e-03,4.050073679536581039e-03
1.674322993494570255e-03,-8.084568195044994354e-03,4.050073679536581039e-03
1.968162599951028824e-03,-7.995917461812496185e-03,4.051330965012311935e-03
1.968162599951028824e-03,-7.995917461812496185e-03,4.051330965012311935e-03
2.261566463857889175e-03,-7.906956598162651062e-03,4.052591044455766678e-03
2.261566463857889175e-03,-7.906956598162651062e-03,4.052591044455766678e-03
2.554524689912796021e-03,-7.817683741450309753e-03,4.053854383528232574e-03
2.554524689912796021e-03,-7.817683741450309753e-03,4.053854383528232574e-03
2.847060794010758400e-03,-7.728109136223793030e-03,4.055120516568422318e-03
2.847060794010758400e-03,-7.728109136223793030e-03,4.055120516568422318e-03
3.139166859909892082e-03,-7.638227194547653198e-03,4.056389443576335907e-03
3.139166859909892082e-03,-7.638227194547653198e-03,4.056389443576335907e-03
3.430850803852081299e-03,-7.548049092292785645e-03,4.057661630213260651e-03
3.430850803852081299e-03,-7.548049092292785645e-03,4.057661630213260651e-03
3.722120309248566628e-03,-7.457568310201168060e-03,4.058936610817909241e-03
3.722120309248566628e-03,-7.457568310201168060e-03,4.058936610817909241e-03
4.012973047792911530e-03,-7.366787176579236984e-03,4.060214851051568985e-03
4.012973047792911530e-03,-7.366787176579236984e-03,4.060214851051568985e-03
4.303417634218931198e-03,-7.275712676346302032e-03,4.061495885252952576e-03
4.303417634218931198e-03,-7.275712676346302032e-03,4.061495885252952576e-03
4.593460820615291595e-03,-7.184344343841075897e-03,4.062779247760772705e-03
4.593460820615291595e-03,-7.184344343841075897e-03,4.062779247760772705e-03
4.883095622062683105e-03,-7.092684041708707809e-03,4.064065869897603989e-03
4.883095622062683105e-03,-7.092684041708707809e-03,4.064065869897603989e-03
5.172335077077150345e-03,-7.000735495239496231e-03,4.065355751663446426e-03
5.172335077077150345e-03,-7.000735495239496231e-03,4.065355751663446426e-03
5.461185239255428314e-03,-6.908498238772153854e-03,4.066648427397012711e-03
5.461185239255428314e-03,-6.908498238772153854e-03,4.066648427397012711e-03
5.749648902565240860e-03,-6.815972737967967987e-03,4.067943431437015533e-03
5.749648902565240860e-03,-6.815972737967967987e-03,4.067943431437015533e-03
6.037723738700151443e-03,-6.723170634359121323e-03,4.069242160767316818e-03
6.037723738700151443e-03,-6.723170634359121323e-03,4.069242160767316818e-03
6.325419526547193527e-03,-6.630079355090856552e-03,4.070543218404054642e-03
6.325419526547193527e-03,-6.630079355090856552e-03,4.070543218404054642e-03
6.612739525735378265e-03,-6.536714266985654831e-03,4.071848001331090927e-03
6.612739525735378265e-03,-6.536714266985654831e-03,4.071848001331090927e-03
6.899689789861440659e-03,-6.443070713430643082e-03,4.073154646903276443e-03
6.899689789861440659e-03,-6.443070713430643082e-03,4.073154646903276443e-03
7.186275441199541092e-03,-6.349149160087108612e-03,4.074464086443185806e-03
7.186275441199541092e-03,-6.349149160087108612e-03,4.074464086443185806e-03
7.472495548427104950e-03,-6.254953797906637192e-03,4.075777251273393631e-03
7.472495548427104950e-03,-6.254953797906637192e-03,4.075777251273393631e-03
7.758355233818292618e-03,-6.160489283502101898e-03,4.077092744410037994e-03
7.758355233818292618e-03,-6.160489283502101898e-03,4.077092744410037994e-03
8.043856360018253326e-03,-6.065756082534790039e-03,4.078411031514406204e-03
8.043856360018253326e-03,-6.065756082534790039e-03,4.078411031514406204e-03
8.329013362526893616e-03,-5.970751866698265076e-03,4.079732578247785568e-03
8.329013362526893616e-03,-5.970751866698265076e-03,4.079732578247785568e-03
8.613824844360351562e-03,-5.875486880540847778e-03,4.081056453287601471e-03
8.613824844360351562e-03,-5.875486880540847778e-03,4.081056453287601471e-03
8.898290805518627167e-03,-5.779949948191642761e-03,4.082383122295141220e-03
8.898290805518627167e-03,-5.779949948191642761e-03,4.082383122295141220e-03
9.182420559227466583e-03,-5.684155505150556564e-03,4.083712585270404816e-03
9.182420559227466583e-03,-5.684155505150556564e-03,4.083712585270404816e-03
9.466220624744892120e-03,-5.588105414062738419e-03,4.085045307874679565e-03
9.466220624744892120e-03,-5.588105414062738419e-03,4.085045307874679565e-03
9.749686345458030701e-03,-5.491794552654027939e-03,4.086380824446678162e-03
9.749686345458030701e-03,-5.491794552654027939e-03,4.086380824446678162e-03
1.003282703459262848e-02,-5.395227111876010895e-03,4.087718669325113297e-03
1.003282703459262848e-02,-5.395227111876010895e-03,4.087718669325113297e-03
1.031564734876155853e-02,-5.298407282680273056e-03,4.089059308171272278e-03
1.031564734876155853e-02,-5.298407282680273056e-03,4.089059308171272278e-03
1.059815380722284317e-02,-5.201340187340974808e-03,4.090403206646442413e-03
1.059815380722284317e-02,-5.201340187340974808e-03,4.090403206646442413e-03
1.088034361600875854e-02,-5.104017443954944611e-03,4.091749433428049088e-03
1.088034361600875854e-02,-5.104017443954944611e-03,4.091749433428049088e-03
1.116222701966762543e-02,-5.006449297070503235e-03,4.093098919838666916e-03
1.116222701966762543e-02,-5.006449297070503235e-03,4.093098919838666916e-03
1.144380588084459305e-02,-4.908638074994087219e-03,4.094450268894433975e-03
1.144380588084459305e-02,-4.908638074994087219e-03,4.094450268894433975e-03
1.172509044408798218e-02,-4.810581915080547333e-03,4.095805343240499496e-03
1.172509044408798218e-02,-4.810581915080547333e-03,4.095805343240499496e-03
1.200607325881719589e-02,-4.712285008281469345e-03,4.097162280231714249e-03
1.200607325881719589e-02,-4.712285008281469345e-03,4.097162280231714249e-03
1.228676829487085342e-02,-4.613743629306554794e-03,4.098522476851940155e-03
1.228676829487085342e-02,-4.613743629306554794e-03,4.098522476851940155e-03
1.256717555224895477e-02,-4.514971747994422913e-03,4.099885001778602600e-03
1.256717555224895477e-02,-4.514971747994422913e-03,4.099885001778602600e-03
1.284729782491922379e-02,-4.415960516780614853e-03,4.101250786334276199e-03
1.284729782491922379e-02,-4.415960516780614853e-03,4.101250786334276199e-03
1.312714349478483200e-02,-4.316717851907014847e-03,4.102618899196386337e-03
1.312714349478483200e-02,-4.316717851907014847e-03,4.102618899196386337e-03
1.340670976787805557e-02,-4.217242822051048279e-03,4.103989806026220322e-03
1.340670976787805557e-02,-4.217242822051048279e-03,4.103989806026220322e-03
1.368601340800523758e-02,-4.117538221180438995e-03,4.105363041162490845e-03
1.368601340800523758e-02,-4.117538221180438995e-03,4.105363041162490845e-03
1.396504696458578110e-02,-4.017605446279048920e-03,4.106739070266485214e-03
1.396504696458578110e-02,-4.017605446279048920e-03,4.106739070266485214e-03
1.424381881952285767e-02,-3.917450085282325745e-03,4.108118824660778046e-03
1.424381881952285767e-02,-3.917450085282325745e-03,4.108118824660778046e-03
1.452233176678419113e-02,-3.817068180069327354e-03,4.109500441700220108e-03
1.452233176678419113e-02,-3.817068180069327354e-03,4.109500441700220108e-03
1.480059418827295303e-02,-3.716465551406145096e-03,4.110884852707386017e-03
1.480059418827295303e-02,-3.716465551406145096e-03,4.110884852707386017e-03
1.507860887795686722e-02,-3.615644294768571854e-03,4.112271592020988464e-03
1.507860887795686722e-02,-3.615644294768571854e-03,4.112271592020988464e-03
1.535637397319078445e-02,-3.514606738463044167e-03,4.113661125302314758e-03
1.535637397319078445e-02,-3.514606738463044167e-03,4.113661125302314758e-03
1.563390158116817474e-02,-3.413352649658918381e-03,4.115053452551364899e-03
1.563390158116817474e-02,-3.413352649658918381e-03,4.115053452551364899e-03
1.591119356453418732e-02,-3.311888314783573151e-03,4.116448573768138885e-03
1.591119356453418732e-02,-3.311888314783573151e-03,4.116448573768138885e-03
1.618824899196624756e-02,-3.210207680240273476e-03,4.117845091968774796e-03
1.618824899196624756e-02,-3.210207680240273476e-03,4.117845091968774796e-03
1.646508090198040009e-02,-3.108320757746696472e-03,4.119245801120996475e-03
1.646508090198040009e-02,-3.108320757746696472e-03,4.119245801120996475e-03
1.674168370664119720e-02,-3.006224520504474640e-03,4.120647907257080078e-03
1.674168370664119720e-02,-3.006224520504474640e-03,4.120647907257080078e-03
1.701807230710983276e-02,-2.903923159465193748e-03,4.122053273022174835e-03
1.701807230710983276e-02,-2.903923159465193748e-03,4.122053273022174835e-03
1.729424297809600830e-02,-2.801422262564301491e-03,4.123461432754993439e-03
1.729424297809600830e-02,-2.801422262564301491e-03,4.123461432754993439e-03
1.757019944489002228e-02,-2.698714146390557289e-03,4.124871920794248581e-03
1.757019944489002228e-02,-2.698714146390557289e-03,4.124871920794248581e-03
1.784595474600791931e-02,-2.595807891339063644e-03,4.126284271478652954e-03
1.784595474600791931e-02,-2.595807891339063644e-03,4.126284271478652954e-03
1.812150515615940094e-02,-2.492712810635566711e-03,4.127700347453355789e-03
1.812150515615940094e-02,-2.492712810635566711e-03,4.127700347453355789e-03
1.839685626327991486e-02,-2.389411907643079758e-03,4.129118286073207855e-03
1.839685626327991486e-02,-2.389411907643079758e-03,4.129118286073207855e-03
1.867201365530490875e-02,-2.285921713337302208e-03,4.130539018660783768e-03
1.867201365530490875e-02,-2.285921713337302208e-03,4.130539018660783768e-03
1.894697919487953186e-02,-2.182242693379521370e-03,4.131962079554796219e-03
1.894697919487953186e-02,-2.182242693379521370e-03,4.131962079554796219e-03
1.922176219522953033e-02,-2.078372286632657051e-03,4.133388400077819824e-03
1.922176219522953033e-02,-2.078372286632657051e-03,4.133388400077819824e-03
1.949636265635490417e-02,-1.974312122911214828e-03,4.134816117584705353e-03
1.949636265635490417e-02,-1.974312122911214828e-03,4.134816117584705353e-03
1.977078430354595184e-02,-1.870068488642573357e-03,4.136247560381889343e-03
1.977078430354595184e-02,-1.870068488642573357e-03,4.136247560381889343e-03
2.004503458738327026e-02,-1.765644294209778309e-03,4.137680865824222565e-03
2.004503458738327026e-02,-1.765644294209778309e-03,4.137680865824222565e-03
2.031911537051200867e-02,-1.661036512814462185e-03,4.139116033911705017e-03
2.031911537051200867e-02,-1.661036512814462185e-03,4.139116033911705017e-03
2.059302665293216705e-02,-1.556249568238854408e-03,4.140554927289485931e-03
2.059302665293216705e-02,-1.556249568238854408e-03,4.140554927289485931e-03
2.086678147315979004e-02,-1.451287767849862576e-03,4.141995683312416077e-03
2.086678147315979004e-02,-1.451287767849862576e-03,4.141995683312416077e-03
2.114037983119487762e-02,-1.346148783341050148e-03,4.143439233303070068e-03
2.114037983119487762e-02,-1.346148783341050148e-03,4.143439233303070068e-03
2.141382917761802673e-02,-1.240835990756750107e-03,4.144885111600160599e-03
2.141382917761802673e-02,-1.240835990756750107e-03,4.144885111600160599e-03
2.168712578713893890e-02,-1.135352300480008125e-03,4.146332852542400360e-03
2.168712578713893890e-02,-1.135352300480008125e-03,4.146332852542400360e-03
2.196028083562850952e-02,-1.029702019877731800e-03,4.147783387452363968e-03
2.196028083562850952e-02,-1.029702019877731800e-03,4.147783387452363968e-03
2.223329246044158936e-02,-9.238817146979272366e-04,4.149237181991338730e-03
2.223329246044158936e-02,-9.238817146979272366e-04,4.149237181991338730e-03
2.250617556273937225e-02,-8.178967982530593872e-04,4.150692839175462723e-03
2.250617556273937225e-02,-8.178967982530593872e-04,4.150692839175462723e-03
2.277892455458641052e-02,-7.117472705431282520e-04,4.152150824666023254e-03
2.277892455458641052e-02,-7.117472705431282520e-04,4.152150824666023254e-03
2.305154874920845032e-02,-6.054408731870353222e-04,4.153611604124307632e-03
2.305154874920845032e-02,-6.054408731870353222e-04,4.153611604124307632e-03
2.332404442131519318e-02,-4.989727167412638664e-04,4.155074711889028549e-03
2.332404442131519318e-02,-4.989727167412638664e-04,4.155074711889028549e-03
2.359642647206783295e-02,-3.923457406926900148e-04,4.156539682298898697e-03
2.359642647206783295e-02,-3.923457406926900148e-04,4.156539682298898697e-03
2.386869490146636963e-02,-2.855657658074051142e-04,4.158007446676492691e-03
2.386869490146636963e-02,-2.855657658074051142e-04,4.158007446676492691e-03
2.414084970951080322e-02,-1.786327629815787077e-04,4.159477539360523224e-03
2.414084970951080322e-02,-1.786327629815787077e-04,4.159477539360523224e-03
2.441289834678173065e-02,-7.154675404308363795e-05,4.160950426012277603e-03
2.441289834678173065e-02,-7.154675404308363795e-05,4.160950426012277603e-03
2.468485012650489807e-02,3.568742977222427726e-05,4.162425640970468521e-03
2.468485012650489807e-02,3.568742977222427726e-05,4.162425640970468521e-03
2.495670318603515625e-02,1.430649426765739918e-04,4.163902252912521362e-03
2.495670318603515625e-02,1.430649426765739918e-04,4.163902252912521362e-03
2.522846125066280365e-02,2.505891607142984867e-04,4.165382124483585358e-03
2.522846125066280365e-02,2.505891607142984867e-04,4.165382124483585358e-03
2.550013549625873566e-02,3.582572098821401596e-04,4.166864324361085892e-03
2.550013549625873566e-02,3.582572098821401596e-04,4.166864324361085892e-03
2.577171847224235535e-02,4.660685954149812460e-04,4.168348852545022964e-03
2.577171847224235535e-02,4.660685954149812460e-04,4.168348852545022964e-03
2.604322507977485657e-02,5.740165361203253269e-04,4.169835709035396576e-03
2.604322507977485657e-02,5.740165361203253269e-04,4.169835709035396576e-03
2.631465159356594086e-02,6.821000133641064167e-04,4.171324893832206726e-03
2.631465159356594086e-02,6.821000133641064167e-04,4.171324893832206726e-03
2.658600918948650360e-02,7.903263322077691555e-04,4.172816406935453415e-03
2.658600918948650360e-02,7.903263322077691555e-04,4.172816406935453415e-03
2.685729414224624634e-02,8.986790780909359455e-04,4.174310248345136642e-03
2.685729414224624634e-02,8.986790780909359455e-04,4.174310248345136642e-03
2.712852321565151215e-02,1.007163082249462605e-03,4.175805952399969101e-03
2.712852321565151215e-02,1.007163082249462605e-03,4.175805952399969101e-03
2.739969454705715179e-02,1.115776249207556248e-03,4.177304450422525406e-03
2.739969454705715179e-02,1.115776249207556248e-03,4.177304450422525406e-03
2.767080068588256836e-02,1.224517356604337692e-03,4.178805276751518250e-03
2.767080068588256836e-02,1.224517356604337692e-03,4.178805276751518250e-03
2.794186212122440338e-02,1.333381864242255688e-03,4.180308431386947632e-03
2.794186212122440338e-02,1.333381864242255688e-03,4.180308431386947632e-03
2.821287512779235840e-02,1.442370354197919369e-03,4.181813914328813553e-03
2.821287512779235840e-02,1.442370354197919369e-03,4.181813914328813553e-03
2.848384529352188110e-02,1.551481429487466812e-03,4.183321259915828705e-03
2.848384529352188110e-02,1.551481429487466812e-03,4.183321259915828705e-03
2.875477820634841919e-02,1.660709618590772152e-03,4.184831865131855011e-03
2.875477820634841919e-02,1.660709618590772152e-03,4.184831865131855011e-03
2.902567759156227112e-02,1.770055503584444523e-03,4.186343401670455933e-03
2.902567759156227112e-02,1.770055503584444523e-03,4.186343401670455933e-03
2.929655089974403381e-02,1.879515126347541809e-03,4.187858197838068008e-03
2.929655089974403381e-02,1.879515126347541809e-03,4.187858197838068008e-03
2.956739440560340881e-02,1.989088486880064011e-03,4.189374856650829315e-03
2.956739440560340881e-02,1.989088486880064011e-03,4.189374856650829315e-03
2.983821369707584381e-02,2.098771510645747185e-03,4.190893843770027161e-03
2.983821369707584381e-02,2.098771510645747185e-03,4.190893843770027161e-03
3.010902181267738342e-02,2.208566293120384216e-03,4.192415159195661545e-03
3.010902181267738342e-02,2.208566293120384216e-03,4.192415159195661545e-03
3.037981130182743073e-02,2.318465150892734528e-03,4.193938337266445160e-03
3.037981130182743073e-02,2.318465150892734528e-03,4.193938337266445160e-03
3.065059334039688110e-02,2.428469946607947350e-03,4.195463843643665314e-03
3.065059334039688110e-02,2.428469946607947350e-03,4.195463843643665314e-03
3.092137351632118225e-02,2.538580447435379028e-03,4.196991678327322006e-03
3.092137351632118225e-02,2.538580447435379028e-03,4.196991678327322006e-03
3.119214996695518494e-02,2.648787572979927063e-03,4.198521375656127930e-03
3.119214996695518494e-02,2.648787572979927063e-03,4.198521375656127930e-03
3.146293014287948608e-02,2.759095747023820877e-03,4.200053866952657700e-03
3.146293014287948608e-02,2.759095747023820877e-03,4.200053866952657700e-03
3.173372521996498108e-02,2.869500080123543739e-03,4.201588686555624008e-03
3.173372521996498108e-02,2.869500080123543739e-03,4.201588686555624008e-03
3.200452402234077454e-02,2.979999408125877380e-03,4.203125368803739548e-03
3.200452402234077454e-02,2.979999408125877380e-03,4.203125368803739548e-03
3.227534517645835876e-02,3.090591635555028915e-03,4.204663913697004318e-03
3.227534517645835876e-02,3.090591635555028915e-03,4.204663913697004318e-03
3.254618868231773376e-02,3.201275365427136421e-03,4.206205252557992935e-03
3.254618868231773376e-02,3.201275365427136421e-03,4.206205252557992935e-03
3.281705081462860107e-02,3.312045708298683167e-03,4.207747988402843475e-03
3.281705081462860107e-02,3.312045708298683167e-03,4.207747988402843475e-03
3.308794647455215454e-02,3.422903828322887421e-03,4.209293518215417862e-03
3.308794647455215454e-02,3.422903828322887421e-03,4.209293518215417862e-03
3.335887193679809570e-02,3.533848095685243607e-03,4.210840445011854172e-03
3.335887193679809570e-02,3.533848095685243607e-03,4.210840445011854172e-03
3.362984210252761841e-02,3.644872223958373070e-03,4.212390631437301636e-03
3.362984210252761841e-02,3.644872223958373070e-03,4.212390631437301636e-03
3.390084579586982727e-02,3.755981568247079849e-03,4.213941749185323715e-03
3.390084579586982727e-02,3.755981568247079849e-03,4.213941749185323715e-03
3.417189791798591614e-02,3.867167048156261444e-03,4.215495660901069641e-03
3.417189791798591614e-02,3.867167048156261444e-03,4.215495660901069641e-03
3.444300219416618347e-02,3.978428896516561508e-03,4.217051900923252106e-03
3.444300219416618347e-02,3.978428896516561508e-03,4.217051900923252106e-03
3.471415862441062927e-02,4.089767578989267349e-03,4.218610469251871109e-03
3.471415862441062927e-02,4.089767578989267349e-03,4.218610469251871109e-03
3.498537838459014893e-02,4.201176576316356659e-03,4.220170434564352036e-03
3.498537838459014893e-02,4.201176576316356659e-03,4.220170434564352036e-03
3.525665402412414551e-02,4.312660079449415207e-03,4.221732728183269501e-03
3.525665402412414551e-02,4.312660079449415207e-03,4.221732728183269501e-03
3.552800416946411133e-02,4.424207843840122223e-03,4.223296884447336197e-03
3.552800416946411133e-02,4.424207843840122223e-03,4.223296884447336197e-03
3.579942137002944946e-02,4.535824060440063477e-03,4.224863369017839432e-03
3.579942137002944946e-02,4.535824060440063477e-03,4.224863369017839432e-03
3.607091680169105530e-02,4.647506866604089737e-03,4.226432181894779205e-03
3.607091680169105530e-02,4.647506866604089737e-03,4.226432181894779205e-03
3.634249046444892883e-02,4.759247880429029465e-03,4.228002391755580902e-03
3.634249046444892883e-02,4.759247880429029465e-03,4.228002391755580902e-03
3.661414980888366699e-02,4.871054552495479584e-03,4.229574929922819138e-03
3.661414980888366699e-02,4.871054552495479584e-03,4.229574929922819138e-03
3.688589856028556824e-02,4.982919432222843170e-03,4.231150262057781219e-03
3.688589856028556824e-02,4.982919432222843170e-03,4.231150262057781219e-03
3.715773299336433411e-02,5.094839725643396378e-03,4.232726991176605225e-03
3.715773299336433411e-02,5.094839725643396378e-03,4.232726991176605225e-03
3.742967173457145691e-02,5.206813570111989975e-03,4.234305117279291153e-03
3.742967173457145691e-02,5.206813570111989975e-03,4.234305117279291153e-03
3.770170733332633972e-02,5.318839568644762039e-03,4.235886503010988235e-03
3.770170733332633972e-02,5.318839568644762039e-03,4.235886503010988235e-03
3.797384724020957947e-02,5.430918652564287186e-03,4.237469285726547241e-03
3.797384724020957947e-02,5.430918652564287186e-03,4.237469285726547241e-03
3.824609890580177307e-02,5.543044768273830414e-03,4.239053931087255478e-03
3.824609890580177307e-02,5.543044768273830414e-03,4.239053931087255478e-03
3.851846233010292053e-02,5.655218847095966339e-03,4.240640904754400253e-03
3.851846233010292053e-02,5.655218847095966339e-03,4.240640904754400253e-03
3.879094868898391724e-02,5.767436232417821884e-03,4.242229741066694260e-03
3.879094868898391724e-02,5.767436232417821884e-03,4.242229741066694260e-03
3.906355053186416626e-02,5.879697855561971664e-03,4.243820905685424805e-03
3.906355053186416626e-02,5.879697855561971664e-03,4.243820905685424805e-03
3.933628275990486145e-02,5.992000456899404526e-03,4.245413467288017273e-03
3.933628275990486145e-02,5.992000456899404526e-03,4.245413467288017273e-03
3.960914164781570435e-02,6.104340311139822006e-03,4.247007891535758972e-03
3.960914164781570435e-02,6.104340311139822006e-03,4.247007891535758972e-03
3.988213464617729187e-02,6.216719280928373337e-03,4.248604644089937210e-03
3.988213464617729187e-02,6.216719280928373337e-03,4.248604644089937210e-03
4.015527665615081787e-02,6.329128518700599670e-03,4.250203724950551987e-03
4.015527665615081787e-02,6.329128518700599670e-03,4.250203724950551987e-03
4.042855277657508850e-02,6.441571749746799469e-03,4.251804668456315994e-03
4.042855277657508850e-02,6.441571749746799469e-03,4.251804668456315994e-03
4.070197418332099915e-02,6.554047111421823502e-03,4.253407474607229233e-03
4.070197418332099915e-02,6.554047111421823502e-03,4.253407474607229233e-03
4.097554832696914673e-02,6.666549481451511383e-03,4.255012143403291702e-03
4.097554832696914673e-02,6.666549481451511383e-03,4.255012143403291702e-03
4.124928638339042664e-02,6.779082119464874268e-03,4.256618209183216095e-03
4.124928638339042664e-02,6.779082119464874268e-03,4.256618209183216095e-03
4.152317717671394348e-02,6.891636177897453308e-03,4.258226603269577026e-03
4.152317717671394348e-02,6.891636177897453308e-03,4.258226603269577026e-03
4.179723188281059265e-02,7.004211191087961197e-03,4.259837325662374496e-03
4.179723188281059265e-02,7.004211191087961197e-03,4.259837325662374496e-03
4.207145795226097107e-02,7.116809487342834473e-03,4.261448979377746582e-03
4.207145795226097107e-02,7.116809487342834473e-03,4.261448979377746582e-03
4.234585538506507874e-02,7.229426875710487366e-03,4.263063427060842514e-03
4.234585538506507874e-02,7.229426875710487366e-03,4.263063427060842514e-03
4.262043163180351257e-02,7.342055439949035645e-03,4.264679737389087677e-03
4.262043163180351257e-02,7.342055439949035645e-03,4.264679737389087677e-03
4.289518296718597412e-02,7.454705424606800079e-03,4.266297910362482071e-03
4.289518296718597412e-02,7.454705424606800079e-03,4.266297910362482071e-03
4.317012429237365723e-02,7.567362859845161438e-03,4.267917480319738388e-03
4.317012429237365723e-02,7.567362859845161438e-03,4.267917480319738388e-03
4.344525560736656189e-02,7.680034264922142029e-03,4.269538912922143936e-03
4.344525560736656189e-02,7.680034264922142029e-03,4.269538912922143936e-03
4.372058063745498657e-02,7.792714517563581467e-03,4.271162673830986023e-03
4.372058063745498657e-02,7.792714517563581467e-03,4.271162673830986023e-03
4.399609938263893127e-02,7.905398495495319366e-03,4.272788297384977341e-03
4.399609938263893127e-02,7.905398495495319366e-03,4.272788297384977341e-03
4.427182301878929138e-02,8.018089458346366882e-03,4.274415317922830582e-03
4.427182301878929138e-02,8.018089458346366882e-03,4.274415317922830582e-03
4.454775899648666382e-02,8.130780421197414398e-03,4.276044666767120361e-03
4.454775899648666382e-02,8.130780421197414398e-03,4.276044666767120361e-03
4.482389613986015320e-02,8.243473246693611145e-03,4.277675412595272064e-03
4.482389613986015320e-02,8.243473246693611145e-03,4.277675412595272064e-03
4.510025307536125183e-02,8.356162346899509430e-03,4.279308021068572998e-03
4.510025307536125183e-02,8.356162346899509430e-03,4.279308021068572998e-03
4.537682607769966125e-02,8.468853309750556946e-03,4.280942957848310471e-03
4.537682607769966125e-02,8.468853309750556946e-03,4.280942957848310471e-03
4.565362632274627686e-02,8.581534959375858307e-03,4.282579291611909866e-03
4.565362632274627686e-02,8.581534959375858307e-03,4.282579291611909866e-03
4.593064635992050171e-02,8.694207295775413513e-03,4.284217022359371185e-03
4.593064635992050171e-02,8.694207295775413513e-03,4.284217022359371185e-03
4.620790481567382812e-02,8.806876838207244873e-03,4.285857081413269043e-03
4.620790481567382812e-02,8.806876838207244873e-03,4.285857081413269043e-03
4.648539796471595764e-02,8.919527754187583923e-03,4.287499003112316132e-03
4.648539796471595764e-02,8.919527754187583923e-03,4.287499003112316132e-03
4.676312953233718872e-02,9.032167494297027588e-03,4.289142787456512451e-03
4.676312953233718872e-02,9.032167494297027588e-03,4.289142787456512451e-03
4.704110696911811829e-02,9.144792333245277405e-03,4.290787968784570694e-03
4.704110696911811829e-02,9.144792333245277405e-03,4.290787968784570694e-03
4.731933027505874634e-02,9.257398545742034912e-03,4.292435478419065475e-03
4.731933027505874634e-02,9.257398545742034912e-03,4.292435478419065475e-03
4.759781435132026672e-02,9.369987063109874725e-03,4.294083919376134872e-03
4.759781435132026672e-02,9.369987063109874725e-03,4.294083919376134872e-03
4.787654802203178406e-02,9.482550434768199921e-03,4.295734688639640808e-03
4.787654802203178406e-02,9.482550434768199921e-03,4.295734688639640808e-03
4.815554991364479065e-02,9.595095179975032806e-03,4.297386854887008667e-03
4.815554991364479065e-02,9.595095179975032806e-03,4.297386854887008667e-03
4.843480512499809265e-02,9.707609191536903381e-03,4.299040883779525757e-03
4.843480512499809265e-02,9.707609191536903381e-03,4.299040883779525757e-03
4.871434345841407776e-02,9.820098057389259338e-03,4.300697240978479385e-03
4.871434345841407776e-02,9.820098057389259338e-03,4.300697240978479385e-03
4.899414256215095520e-02,9.932558983564376831e-03,4.302354529500007629e-03
4.899414256215095520e-02,9.932558983564376831e-03,4.302354529500007629e-03
4.927423223853111267e-02,1.004498451948165894e-02,4.304014146327972412e-03
4.927423223853111267e-02,1.004498451948165894e-02,4.304014146327972412e-03
4.955459386110305786e-02,1.015737559646368027e-02,4.305674694478511810e-03
4.955459386110305786e-02,1.015737559646368027e-02,4.305674694478511810e-03
4.983525350689888000e-02,1.026973780244588852e-02,4.307337570935487747e-03
4.983525350689888000e-02,1.026973780244588852e-02,4.307337570935487747e-03
5.011619627475738525e-02,1.038205716758966446e-02,4.309001844376325607e-03
5.011619627475738525e-02,1.038205716758966446e-02,4.309001844376325607e-03
5.039742961525917053e-02,1.049433927983045578e-02,4.310667980462312698e-03
5.039742961525917053e-02,1.049433927983045578e-02,4.310667980462312698e-03
5.067897215485572815e-02,1.060658041387796402e-02,4.312335979193449020e-03
5.067897215485572815e-02,1.060658041387796402e-02,4.312335979193449020e-03
5.096080526709556580e-02,1.071877311915159225e-02,4.314005374908447266e-03
5.096080526709556580e-02,1.071877311915159225e-02,4.314005374908447266e-03
5.124295502901077271e-02,1.083092205226421356e-02,4.315676633268594742e-03
5.124295502901077271e-02,1.083092205226421356e-02,4.315676633268594742e-03
5.152541771531105042e-02,1.094302441924810410e-02,4.317348822951316833e-03
5.152541771531105042e-02,1.094302441924810410e-02,4.317348822951316833e-03
5.180819332599639893e-02,1.105507742613554001e-02,4.319023340940475464e-03
5.180819332599639893e-02,1.105507742613554001e-02,4.319023340940475464e-03
5.209128558635711670e-02,1.116707734763622284e-02,4.320699255913496017e-03
5.209128558635711670e-02,1.116707734763622284e-02,4.320699255913496017e-03
5.237470939755439758e-02,1.127902511507272720e-02,4.322377033531665802e-03
5.237470939755439758e-02,1.127902511507272720e-02,4.322377033531665802e-03
5.265845730900764465e-02,1.139091607183218002e-02,4.324056208133697510e-03
5.265845730900764465e-02,1.139091607183218002e-02,4.324056208133697510e-03
5.294254049658775330e-02,1.150274742394685745e-02,4.325737245380878448e-03
5.294254049658775330e-02,1.150274742394685745e-02,4.325737245380878448e-03
5.322695523500442505e-02,1.161452289670705795e-02,4.327419679611921310e-03
5.322695523500442505e-02,1.161452289670705795e-02,4.327419679611921310e-03
5.351172015070915222e-02,1.172623597085475922e-02,4.329103976488113403e-03
5.351172015070915222e-02,1.172623597085475922e-02,4.329103976488113403e-03
5.379683151841163635e-02,1.183788198977708817e-02,4.330789204686880112e-03
5.379683151841163635e-02,1.183788198977708817e-02,4.330789204686880112e-03
5.408228188753128052e-02,1.194946374744176865e-02,4.332476295530796051e-03
5.408228188753128052e-02,1.194946374744176865e-02,4.332476295530796051e-03
5.436809733510017395e-02,1.206097938120365143e-02,4.334165249019861221e-03
5.436809733510017395e-02,1.206097938120365143e-02,4.334165249019861221e-03
5.465426295995712280e-02,1.217242423444986343e-02,4.335855599492788315e-03
5.465426295995712280e-02,1.217242423444986343e-02,4.335855599492788315e-03
5.494078993797302246e-02,1.228379830718040466e-02,4.337548278272151947e-03
5.494078993797302246e-02,1.228379830718040466e-02,4.337548278272151947e-03
5.522768944501876831e-02,1.239509508013725281e-02,4.339241888374090195e-03
5.522768944501876831e-02,1.239509508013725281e-02,4.339241888374090195e-03
5.551495775580406189e-02,1.250632107257843018e-02,4.340936429798603058e-03
5.551495775580406189e-02,1.250632107257843018e-02,4.340936429798603058e-03
5.580260604619979858e-02,1.261746697127819061e-02,4.342633299529552460e-03
5.580260604619979858e-02,1.261746697127819061e-02,4.342633299529552460e-03
5.609062314033508301e-02,1.272853277623653412e-02,4.344331566244363785e-03
5.609062314033508301e-02,1.272853277623653412e-02,4.344331566244363785e-03
5.637902766466140747e-02,1.283951662480831146e-02,4.346031229943037033e-03
5.637902766466140747e-02,1.283951662480831146e-02,4.346031229943037033e-03
5.666782334446907043e-02,1.295041851699352264e-02,4.347732290625572205e-03
5.666782334446907043e-02,1.295041851699352264e-02,4.347732290625572205e-03
5.695700645446777344e-02,1.306123007088899612e-02,4.349435213953256607e-03
5.695700645446777344e-02,1.306123007088899612e-02,4.349435213953256607e-03
5.724658817052841187e-02,1.317195594310760498e-02,4.351139068603515625e-03
5.724658817052841187e-02,1.317195594310760498e-02,4.351139068603515625e-03
5.753656849265098572e-02,1.328259147703647614e-02,4.352845251560211182e-03
5.753656849265098572e-02,1.328259147703647614e-02,4.352845251560211182e-03
5.782696232199668884e-02,1.339313667267560959e-02,4.354552365839481354e-03
5.782696232199668884e-02,1.339313667267560959e-02,4.354552365839481354e-03
5.811774730682373047e-02,1.350358873605728149e-02,4.356260877102613449e-03
5.811774730682373047e-02,1.350358873605728149e-02,4.356260877102613449e-03
5.840896070003509521e-02,1.361394301056861877e-02,4.357970785349607468e-03
5.840896070003509521e-02,1.361394301056861877e-02,4.357970785349607468e-03
5.870059132575988770e-02,1.372419949620962143e-02,4.359682556241750717e-03
5.870059132575988770e-02,1.372419949620962143e-02,4.359682556241750717e-03
5.899263918399810791e-02,1.383435912430286407e-02,4.361395724117755890e-03
5.899263918399810791e-02,1.383435912430286407e-02,4.361395724117755890e-03
5.928511545062065125e-02,1.394441165030002594e-02,4.363110288977622986e-03
5.928511545062065125e-02,1.394441165030002594e-02,4.363110288977622986e-03
5.957801267504692078e-02,1.405436452478170395e-02,4.364826716482639313e-03
5.957801267504692078e-02,1.405436452478170395e-02,4.364826716482639313e-03
5.987135320901870728e-02,1.416421122848987579e-02,4.366544075310230255e-03
5.987135320901870728e-02,1.416421122848987579e-02,4.366544075310230255e-03
6.016512960195541382e-02,1.427394710481166840e-02,4.368262365460395813e-03
6.016512960195541382e-02,1.427394710481166840e-02,4.368262365460395813e-03
6.045933812856674194e-02,1.438357308506965637e-02,4.369982983916997910e-03
6.045933812856674194e-02,1.438357308506965637e-02,4.369982983916997910e-03
6.075401231646537781e-02,1.449308916926383972e-02,4.371704999357461929e-03
6.075401231646537781e-02,1.449308916926383972e-02,4.371704999357461929e-03
6.104911863803863525e-02,1.460249070078134537e-02,4.373427946120500565e-03
6.104911863803863525e-02,1.460249070078134537e-02,4.373427946120500565e-03
6.134469807147979736e-02,1.471177861094474792e-02,4.375152755528688431e-03
6.134469807147979736e-02,1.471177861094474792e-02,4.375152755528688431e-03
6.164072081446647644e-02,1.482094358652830124e-02,4.376878496259450912e-03
6.164072081446647644e-02,1.482094358652830124e-02,4.376878496259450912e-03
6.193721666932106018e-02,1.492999307811260223e-02,4.378605633974075317e-03
6.193721666932106018e-02,1.492999307811260223e-02,4.378605633974075317e-03
6.223418191075325012e-02,1.503891777247190475e-02,4.380334634333848953e-03
6.223418191075325012e-02,1.503891777247190475e-02,4.380334634333848953e-03
6.253161281347274780e-02,1.514771766960620880e-02,4.382064566016197205e-03
6.253161281347274780e-02,1.514771766960620880e-02,4.382064566016197205e-03
6.282952427864074707e-02,1.525639370083808899e-02,4.383795894682407379e-03
6.282952427864074707e-02,1.525639370083808899e-02,4.383795894682407379e-03
6.312791258096694946e-02,1.536493934690952301e-02,4.385528620332479477e-03
6.312791258096694946e-02,1.536493934690952301e-02,4.385528620332479477e-03
6.342678517103195190e-02,1.547335740178823471e-02,4.387262742966413498e-03
6.342678517103195190e-02,1.547335740178823471e-02,4.387262742966413498e-03
6.372614949941635132e-02,1.558164414018392563e-02,4.388998262584209442e-03
6.372614949941635132e-02,1.558164414018392563e-02,4.388998262584209442e-03
6.402601301670074463e-02,1.568979397416114807e-02,4.390735179185867310e-03
6.402601301670074463e-02,1.568979397416114807e-02,4.390735179185867310e-03
6.432636827230453491e-02,1.579781062901020050e-02,4.392473027110099792e-03
6.432636827230453491e-02,1.579781062901020050e-02,4.392473027110099792e-03
6.462722271680831909e-02,1.590568944811820984e-02,4.394212272018194199e-03
6.462722271680831909e-02,1.590568944811820984e-02,4.394212272018194199e-03
6.492859125137329102e-02,1.601342670619487762e-02,4.395952913910150528e-03
6.492859125137329102e-02,1.601342670619487762e-02,4.395952913910150528e-03
6.523045897483825684e-02,1.612102240324020386e-02,4.397695418447256088e-03
6.523045897483825684e-02,1.612102240324020386e-02,4.397695418447256088e-03
6.553283333778381348e-02,1.622846908867359161e-02,4.399438388645648956e-03
6.553283333778381348e-02,1.622846908867359161e-02,4.399438388645648956e-03
6.583574414253234863e-02,1.633577607572078705e-02,4.401183221489191055e-03
6.583574414253234863e-02,1.633577607572078705e-02,4.401183221489191055e-03
6.613917648792266846e-02,1.644293218851089478e-02,4.402929451316595078e-03
6.613917648792266846e-02,1.644293218851089478e-02,4.402929451316595078e-03
6.644313782453536987e-02,1.654994115233421326e-02,4.404676146805286407e-03
6.644313782453536987e-02,1.654994115233421326e-02,4.404676146805286407e-03
6.674761325120925903e-02,1.665679365396499634e-02,4.406424704939126968e-03
6.674761325120925903e-02,1.665679365396499634e-02,4.406424704939126968e-03
6.705264002084732056e-02,1.676349528133869171e-02,4.408174194395542145e-03
6.705264002084732056e-02,1.676349528133869171e-02,4.408174194395542145e-03
6.735820323228836060e-02,1.687004044651985168e-02,4.409925080835819244e-03
6.735820323228836060e-02,1.687004044651985168e-02,4.409925080835819244e-03
6.766429543495178223e-02,1.697642728686332703e-02,4.411677364259958267e-03
6.766429543495178223e-02,1.697642728686332703e-02,4.411677364259958267e-03
6.797095388174057007e-02,1.708265393972396851e-02,4.413431044667959213e-03
6.797095388174057007e-02,1.708265393972396851e-02,4.413431044667959213e-03
6.827816367149353027e-02,1.718871667981147766e-02,4.415185190737247467e-03
6.827816367149353027e-02,1.718871667981147766e-02,4.415185190737247467e-03
6.858591735363006592e-02,1.729461736977100372e-02,4.416941665112972260e-03
6.858591735363006592e-02,1.729461736977100372e-02,4.416941665112972260e-03
6.889424473047256470e-02,1.740035042166709900e-02,4.418698139488697052e-03
6.889424473047256470e-02,1.740035042166709900e-02,4.418698139488697052e-03
6.920312345027923584e-02,1.750591583549976349e-02,4.420456942170858383e-03
6.920312345027923584e-02,1.750591583549976349e-02,4.420456942170858383e-03
6.951257586479187012e-02,1.761130988597869873e-02,4.422216210514307022e-03
6.951257586479187012e-02,1.761130988597869873e-02,4.422216210514307022e-03
6.982261687517166138e-02,1.771653257310390472e-02,4.423976875841617584e-03
6.982261687517166138e-02,1.771653257310390472e-02,4.423976875841617584e-03
7.013321667909622192e-02,1.782158203423023224e-02,4.425738938152790070e-03
7.013321667909622192e-02,1.782158203423023224e-02,4.425738938152790070e-03
7.044440507888793945e-02,1.792645826935768127e-02,4.427501931786537170e-03
7.044440507888793945e-02,1.792645826935768127e-02,4.427501931786537170e-03
7.075618207454681396e-02,1.803115010261535645e-02,4.429265856742858887e-03
7.075618207454681396e-02,1.803115010261535645e-02,4.429265856742858887e-03
7.106854021549224854e-02,1.813566498458385468e-02,4.431031644344329834e-03
7.106854021549224854e-02,1.813566498458385468e-02,4.431031644344329834e-03
7.138150185346603394e-02,1.823999732732772827e-02,4.432797897607088089e-03
7.138150185346603394e-02,1.823999732732772827e-02,4.432797897607088089e-03
7.169505953788757324e-02,1.834414713084697723e-02,4.434565547853708267e-03
7.169505953788757324e-02,1.834414713084697723e-02,4.434565547853708267e-03
7.200921326875686646e-02,1.844810694456100464e-02,4.436334595084190369e-03
7.200921326875686646e-02,1.844810694456100464e-02,4.436334595084190369e-03
7.232397794723510742e-02,1.855187863111495972e-02,4.438104573637247086e-03
7.232397794723510742e-02,1.855187863111495972e-02,4.438104573637247086e-03
7.263936847448348999e-02,1.865546219050884247e-02,4.439875017851591110e-03
7.263936847448348999e-02,1.865546219050884247e-02,4.439875017851591110e-03
7.295535504817962646e-02,1.875885389745235443e-02,4.441647324711084366e-03
7.295535504817962646e-02,1.875885389745235443e-02,4.441647324711084366e-03
7.327197492122650146e-02,1.886204816401004791e-02,4.443420562893152237e-03
7.327197492122650146e-02,1.886204816401004791e-02,4.443420562893152237e-03
7.358921319246292114e-02,1.896505057811737061e-02,4.445195198059082031e-03
7.358921319246292114e-02,1.896505057811737061e-02,4.445195198059082031e-03
7.390707731246948242e-02,1.906785368919372559e-02,4.446970764547586441e-03
7.390707731246948242e-02,1.906785368919372559e-02,4.446970764547586441e-03
7.422556728124618530e-02,1.917045377194881439e-02,4.448747262358665466e-03
7.422556728124618530e-02,1.917045377194881439e-02,4.448747262358665466e-03
7.454471290111541748e-02,1.927285268902778625e-02,4.450525157153606415e-03
7.454471290111541748e-02,1.927285268902778625e-02,4.450525157153606415e-03
7.486447691917419434e-02,1.937504671514034271e-02,4.452303517609834671e-03
7.486447691917419434e-02,1.937504671514034271e-02,4.452303517609834671e-03
7.518490403890609741e-02,1.947703771293163300e-02,4.454083275049924850e-03
7.518490403890609741e-02,1.947703771293163300e-02,4.454083275049924850e-03
7.550597190856933594e-02,1.957882009446620941e-02,4.455863963812589645e-03
7.550597190856933594e-02,1.957882009446620941e-02,4.455863963812589645e-03
7.582768797874450684e-02,1.968038640916347504e-02,4.457646049559116364e-03
7.582768797874450684e-02,1.968038640916347504e-02,4.457646049559116364e-03
7.615007460117340088e-02,1.978174597024917603e-02,4.459429066628217697e-03
7.615007460117340088e-02,1.978174597024917603e-02,4.459429066628217697e-03
7.647311687469482422e-02,1.988288573920726776e-02,4.461213015019893646e-03
7.647311687469482422e-02,1.988288573920726776e-02,4.461213015019893646e-03
7.679682970046997070e-02,1.998381689190864563e-02,4.462997429072856903e-03
7.679682970046997070e-02,1.998381689190864563e-02,4.462997429072856903e-03
7.712120562791824341e-02,2.008452266454696655e-02,4.464783240109682083e-03
7.712120562791824341e-02,2.008452266454696655e-02,4.464783240109682083e-03
7.744625955820083618e-02,2.018501237034797668e-02,4.466570448130369186e-03
7.744625955820083618e-02,2.018501237034797668e-02,4.466570448130369186e-03
7.777198404073715210e-02,2.028527669608592987e-02,4.468359053134918213e-03
7.777198404073715210e-02,2.028527669608592987e-02,4.468359053134918213e-03
7.809840142726898193e-02,2.038531750440597534e-02,4.470147658139467239e-03
7.809840142726898193e-02,2.038531750440597534e-02,4.470147658139467239e-03
7.842550426721572876e-02,2.048513107001781464e-02,4.471937660127878189e-03
7.842550426721572876e-02,2.048513107001781464e-02,4.471937660127878189e-03
7.875330001115798950e-02,2.058472111821174622e-02,4.473729059100151062e-03
7.875330001115798950e-02,2.058472111821174622e-02,4.473729059100151062e-03
7.908178865909576416e-02,2.068408019840717316e-02,4.475520458072423935e-03
7.908178865909576416e-02,2.068408019840717316e-02,4.475520458072423935e-03
7.941097021102905273e-02,2.078320086002349854e-02,4.477313719689846039e-03
7.941097021102905273e-02,2.078320086002349854e-02,4.477313719689846039e-03
7.974085956811904907e-02,2.088208869099617004e-02,4.479106981307268143e-03
7.974085956811904907e-02,2.088208869099617004e-02,4.479106981307268143e-03
8.007147163152694702e-02,2.098074369132518768e-02,4.480902105569839478e-03
8.007147163152694702e-02,2.098074369132518768e-02,4.480902105569839478e-03
8.040278404951095581e-02,2.107915841042995453e-02,4.482697695493698120e-03
8.040278404951095581e-02,2.107915841042995453e-02,4.482697695493698120e-03
8.073481917381286621e-02,2.117733284831047058e-02,4.484494682401418686e-03
8.073481917381286621e-02,2.117733284831047058e-02,4.484494682401418686e-03
8.106756955385208130e-02,2.127526141703128815e-02,4.486292134970426559e-03
8.106756955385208130e-02,2.127526141703128815e-02,4.486292134970426559e-03
8.140103518962860107e-02,2.137294784188270569e-02,4.488090518862009048e-03
8.140103518962860107e-02,2.137294784188270569e-02,4.488090518862009048e-03
8.173524588346481323e-02,2.147038839757442474e-02,4.489890299737453461e-03
8.173524588346481323e-02,2.147038839757442474e-02,4.489890299737453461e-03
8.207018673419952393e-02,2.156758122146129608e-02,4.491690546274185181e-03
8.207018673419952393e-02,2.156758122146129608e-02,4.491690546274185181e-03
8.240586519241333008e-02,2.166452631354331970e-02,4.493491724133491516e-03
8.240586519241333008e-02,2.166452631354331970e-02,4.493491724133491516e-03
8.274227380752563477e-02,2.176121063530445099e-02,4.495293367654085159e-03
8.274227380752563477e-02,2.176121063530445099e-02,4.495293367654085159e-03
8.307944238185882568e-02,2.185764536261558533e-02,4.497096873819828033e-03
8.307944238185882568e-02,2.185764536261558533e-02,4.497096873819828033e-03
8.341736346483230591e-02,2.195382490754127502e-02,4.498900379985570908e-03
8.341736346483230591e-02,2.195382490754127502e-02,4.498900379985570908e-03
8.375602960586547852e-02,2.204974740743637085e-02,4.500705748796463013e-03
8.375602960586547852e-02,2.204974740743637085e-02,4.500705748796463013e-03
8.409546315670013428e-02,2.214540168642997742e-02,4.502510651946067810e-03
8.409546315670013428e-02,2.214540168642997742e-02,4.502510651946067810e-03
8.443565666675567627e-02,2.224079705774784088e-02,4.504316952079534531e-03
8.443565666675567627e-02,2.224079705774784088e-02,4.504316952079534531e-03
8.477661013603210449e-02,2.233592979609966278e-02,4.506125114858150482e-03
8.477661013603210449e-02,2.233592979609966278e-02,4.506125114858150482e-03
8.511834591627120972e-02,2.243079617619514465e-02,4.507933277636766434e-03
8.511834591627120972e-02,2.243079617619514465e-02,4.507933277636766434e-03
8.546084910631179810e-02,2.252539433538913727e-02,4.509742371737957001e-03
8.546084910631179810e-02,2.252539433538913727e-02,4.509742371737957001e-03
8.580414205789566040e-02,2.261972054839134216e-02,4.511551931500434875e-03
8.580414205789566040e-02,2.261972054839134216e-02,4.511551931500434875e-03
8.614821732044219971e-02,2.271377295255661011e-02,4.513362422585487366e-03
8.614821732044219971e-02,2.271377295255661011e-02,4.513362422585487366e-03
8.649306744337081909e-02,2.280754968523979187e-02,4.515173844993114471e-03
8.649306744337081909e-02,2.280754968523979187e-02,4.515173844993114471e-03
8.683872222900390625e-02,2.290105447173118591e-02,4.516986198723316193e-03
8.683872222900390625e-02,2.290105447173118591e-02,4.516986198723316193e-03
8.718517422676086426e-02,2.299427799880504608e-02,4.518799018114805222e-03
8.718517422676086426e-02,2.299427799880504608e-02,4.518799018114805222e-03
8.753240853548049927e-02,2.308722026646137238e-02,4.520612768828868866e-03
8.753240853548049927e-02,2.308722026646137238e-02,4.520612768828868866e-03
8.788047730922698975e-02,2.317988127470016479e-02,4.522427916526794434e-03
8.788047730922698975e-02,2.317988127470016479e-02,4.522427916526794434e-03
8.822934329509735107e-02,2.327225729823112488e-02,4.524242598563432693e-03
8.822934329509735107e-02,2.327225729823112488e-02,4.524242598563432693e-03
8.857902139425277710e-02,2.336434833705425262e-02,4.526059143245220184e-03
8.857902139425277710e-02,2.336434833705425262e-02,4.526059143245220184e-03
8.892951905727386475e-02,2.345614880323410034e-02,4.527875687927007675e-03
8.892951905727386475e-02,2.345614880323410034e-02,4.527875687927007675e-03
8.928082883358001709e-02,2.354765869677066803e-02,4.529693629592657089e-03
8.928082883358001709e-02,2.354765869677066803e-02,4.529693629592657089e-03
8.963297307491302490e-02,2.363887242972850800e-02,4.531511571258306503e-03
8.963297307491302490e-02,2.363887242972850800e-02,4.531511571258306503e-03
8.998595178127288818e-02,2.372979745268821716e-02,4.533330909907817841e-03
8.998595178127288818e-02,2.372979745268821716e-02,4.533330909907817841e-03
9.033975750207901001e-02,2.382042258977890015e-02,4.535150714218616486e-03
9.033975750207901001e-02,2.382042258977890015e-02,4.535150714218616486e-03
9.069441258907318115e-02,2.391075156629085541e-02,4.536971449851989746e-03
9.069441258907318115e-02,2.391075156629085541e-02,4.536971449851989746e-03
9.104990214109420776e-02,2.400077506899833679e-02,4.538792651146650314e-03
9.104990214109420776e-02,2.400077506899833679e-02,4.538792651146650314e-03
9.140624105930328369e-02,2.409050054848194122e-02,4.540613852441310883e-03
9.140624105930328369e-02,2.409050054848194122e-02,4.540613852441310883e-03
9.176342934370040894e-02,2.417991869151592255e-02,4.542437847703695297e-03
9.176342934370040894e-02,2.417991869151592255e-02,4.542437847703695297e-03
9.212148189544677734e-02,2.426903136074542999e-02,4.544260445982217789e-03
9.212148189544677734e-02,2.426903136074542999e-02,4.544260445982217789e-03
9.248038381338119507e-02,2.435783296823501587e-02,4.546084906905889511e-03
9.248038381338119507e-02,2.435783296823501587e-02,4.546084906905889511e-03
9.284015744924545288e-02,2.444632723927497864e-02,4.547909367829561234e-03
9.284015744924545288e-02,2.444632723927497864e-02,4.547909367829561234e-03
9.320079535245895386e-02,2.453450858592987061e-02,4.549734760075807571e-03
9.320079535245895386e-02,2.453450858592987061e-02,4.549734760075807571e-03
9.356230497360229492e-02,2.462237142026424408e-02,4.551560617983341217e-03
9.356230497360229492e-02,2.462237142026424408e-02,4.551560617983341217e-03
9.392470866441726685e-02,2.470992319285869598e-02,4.553387872874736786e-03
9.392470866441726685e-02,2.470992319285869598e-02,4.553387872874736786e-03
9.428796917200088501e-02,2.479715272784233093e-02,4.555214196443557739e-03
9.428796917200088501e-02,2.479715272784233093e-02,4.555214196443557739e-03
9.465212374925613403e-02,2.488406002521514893e-02,4.557042848318815231e-03
9.465212374925613403e-02,2.488406002521514893e-02,4.557042848318815231e-03
9.501717239618301392e-02,2.497064694762229919e-02,4.558871034532785416e-03
9.501717239618301392e-02,2.497064694762229919e-02,4.558871034532785416e-03
9.538312256336212158e-02,2.505690790712833405e-02,4.560700617730617523e-03
9.538312256336212158e-02,2.505690790712833405e-02,4.560700617730617523e-03
9.574995934963226318e-02,2.514284662902355194e-02,4.562530200928449631e-03
9.574995934963226318e-02,2.514284662902355194e-02,4.562530200928449631e-03
9.611769765615463257e-02,2.522845193743705750e-02,4.564360715448856354e-03
9.611769765615463257e-02,2.522845193743705750e-02,4.564360715448856354e-03
9.648633748292922974e-02,2.531372196972370148e-02,4.566191695630550385e-03
9.648633748292922974e-02,2.531372196972370148e-02,4.566191695630550385e-03
9.685590118169784546e-02,2.539866603910923004e-02,4.568023141473531723e-03
9.685590118169784546e-02,2.539866603910923004e-02,4.568023141473531723e-03
9.722637385129928589e-02,2.548327483236789703e-02,4.569855518639087677e-03
9.722637385129928589e-02,2.548327483236789703e-02,4.569855518639087677e-03
9.759775549173355103e-02,2.556754462420940399e-02,4.571688361465930939e-03
9.759775549173355103e-02,2.556754462420940399e-02,4.571688361465930939e-03
9.797007590532302856e-02,2.565147727727890015e-02,4.573521669954061508e-03
9.797007590532302856e-02,2.565147727727890015e-02,4.573521669954061508e-03
9.834332019090652466e-02,2.573506720364093781e-02,4.575355444103479385e-03
9.834332019090652466e-02,2.573506720364093781e-02,4.575355444103479385e-03
9.871748834848403931e-02,2.581831440329551697e-02,4.577190149575471878e-03
9.871748834848403931e-02,2.581831440329551697e-02,4.577190149575471878e-03
9.909260272979736328e-02,2.590122073888778687e-02,4.579025320708751678e-03
9.909260272979736328e-02,2.590122073888778687e-02,4.579025320708751678e-03
9.946865588426589966e-02,2.598377503454685211e-02,4.580860491842031479e-03
9.946865588426589966e-02,2.598377503454685211e-02,4.580860491842031479e-03
9.984564036130905151e-02,2.606598474085330963e-02,4.582696594297885895e-03
9.984564036130905151e-02,2.606598474085330963e-02,4.582696594297885895e-03
1.002235934138298035e-01,2.614783868193626404e-02,4.584532696753740311e-03
1.002235934138298035e-01,2.614783868193626404e-02,4.584532696753740311e-03
1.006024926900863647e-01,2.622934430837631226e-02,4.586369730532169342e-03
1.006024926900863647e-01,2.622934430837631226e-02,4.586369730532169342e-03
1.009823381900787354e-01,2.631049230694770813e-02,4.588207695633172989e-03
1.009823381900787354e-01,2.631049230694770813e-02,4.588207695633172989e-03
1.013631522655487061e-01,2.639128267765045166e-02,4.590046126395463943e-03
1.013631522655487061e-01,2.639128267765045166e-02,4.590046126395463943e-03
1.017449274659156799e-01,2.647171542048454285e-02,4.591884091496467590e-03
1.017449274659156799e-01,2.647171542048454285e-02,4.591884091496467590e-03
1.021276861429214478e-01,2.655178681015968323e-02,4.593722987920045853e-03
1.021276861429214478e-01,2.655178681015968323e-02,4.593722987920045853e-03
1.025114059448242188e-01,2.663149870932102203e-02,4.595563281327486038e-03
1.025114059448242188e-01,2.663149870932102203e-02,4.595563281327486038e-03
1.028961166739463806e-01,2.671084366738796234e-02,4.597403109073638916e-03
1.028961166739463806e-01,2.671084366738796234e-02,4.597403109073638916e-03
1.032818034291267395e-01,2.678981982171535492e-02,4.599243402481079102e-03
1.032818034291267395e-01,2.678981982171535492e-02,4.599243402481079102e-03
1.036684736609458923e-01,2.686842344701290131e-02,4.601084161549806595e-03
1.036684736609458923e-01,2.686842344701290131e-02,4.601084161549806595e-03
1.040561273694038391e-01,2.694666199386119843e-02,4.602926317602396011e-03
1.040561273694038391e-01,2.694666199386119843e-02,4.602926317602396011e-03
1.044447794556617737e-01,2.702452428638935089e-02,4.604767076671123505e-03
1.044447794556617737e-01,2.702452428638935089e-02,4.604767076671123505e-03
1.048344448208808899e-01,2.710201963782310486e-02,4.606610164046287537e-03
1.048344448208808899e-01,2.710201963782310486e-02,4.606610164046287537e-03
1.052251085638999939e-01,2.717912942171096802e-02,4.608453251421451569e-03
1.052251085638999939e-01,2.717912942171096802e-02,4.608453251421451569e-03
1.056167632341384888e-01,2.725586295127868652e-02,4.610295873135328293e-03
1.056167632341384888e-01,2.725586295127868652e-02,4.610295873135328293e-03
1.060094535350799561e-01,2.733221277594566345e-02,4.612138960510492325e-03
1.060094535350799561e-01,2.733221277594566345e-02,4.612138960510492325e-03
1.064031422138214111e-01,2.740818262100219727e-02,4.613982979208230972e-03
1.064031422138214111e-01,2.740818262100219727e-02,4.613982979208230972e-03
1.067978590726852417e-01,2.748376876115798950e-02,4.615827929228544235e-03
1.067978590726852417e-01,2.748376876115798950e-02,4.615827929228544235e-03
1.071936041116714478e-01,2.755896560847759247e-02,4.617672879248857498e-03
1.071936041116714478e-01,2.755896560847759247e-02,4.617672879248857498e-03
1.075903624296188354e-01,2.763377316296100616e-02,4.619517363607883453e-03
1.075903624296188354e-01,2.763377316296100616e-02,4.619517363607883453e-03
1.079881712794303894e-01,2.770818769931793213e-02,4.621362779289484024e-03
1.079881712794303894e-01,2.770818769931793213e-02,4.621362779289484024e-03
1.083870083093643188e-01,2.778221294283866882e-02,4.623208660632371902e-03
1.083870083093643188e-01,2.778221294283866882e-02,4.623208660632371902e-03
1.087868884205818176e-01,2.785584330558776855e-02,4.625055007636547089e-03
1.087868884205818176e-01,2.785584330558776855e-02,4.625055007636547089e-03
1.091878116130828857e-01,2.792907319962978363e-02,4.626901354640722275e-03
1.091878116130828857e-01,2.792907319962978363e-02,4.626901354640722275e-03
1.095898002386093140e-01,2.800190821290016174e-02,4.628748632967472076e-03
1.095898002386093140e-01,2.800190821290016174e-02,4.628748632967472076e-03
1.099928244948387146e-01,2.807433903217315674e-02,4.630595445632934570e-03
1.099928244948387146e-01,2.807433903217315674e-02,4.630595445632934570e-03
1.103969141840934753e-01,2.814636752009391785e-02,4.632443189620971680e-03
1.103969141840934753e-01,2.814636752009391785e-02,4.632443189620971680e-03
1.108020618557929993e-01,2.821799181401729584e-02,4.634290933609008789e-03
1.108020618557929993e-01,2.821799181401729584e-02,4.634290933609008789e-03
1.112082824110984802e-01,2.828920818865299225e-02,4.636139143258333206e-03
1.112082824110984802e-01,2.828920818865299225e-02,4.636139143258333206e-03
1.116155683994293213e-01,2.836001478135585785e-02,4.637987818568944931e-03
1.116155683994293213e-01,2.836001478135585785e-02,4.637987818568944931e-03
1.120239421725273132e-01,2.843040972948074341e-02,4.639836493879556656e-03
1.120239421725273132e-01,2.843040972948074341e-02,4.639836493879556656e-03
1.124333813786506653e-01,2.850039303302764893e-02,4.641685634851455688e-03
1.124333813786506653e-01,2.850039303302764893e-02,4.641685634851455688e-03
1.128439009189605713e-01,2.856995910406112671e-02,4.643534775823354721e-03
1.128439009189605713e-01,2.856995910406112671e-02,4.643534775823354721e-03
1.132555231451988220e-01,2.863911353051662445e-02,4.645384382456541061e-03
1.132555231451988220e-01,2.863911353051662445e-02,4.645384382456541061e-03
1.136682331562042236e-01,2.870784513652324677e-02,4.647234454751014709e-03
1.136682331562042236e-01,2.870784513652324677e-02,4.647234454751014709e-03
1.140820309519767761e-01,2.877615205943584442e-02,4.649084992706775665e-03
1.140820309519767761e-01,2.877615205943584442e-02,4.649084992706775665e-03
1.144969388842582703e-01,2.884403988718986511e-02,4.650935530662536621e-03
1.144969388842582703e-01,2.884403988718986511e-02,4.650935530662536621e-03
1.149129346013069153e-01,2.891150116920471191e-02,4.652785602957010269e-03
1.149129346013069153e-01,2.891150116920471191e-02,4.652785602957010269e-03
1.153300702571868896e-01,2.897853590548038483e-02,4.654636606574058533e-03
1.153300702571868896e-01,2.897853590548038483e-02,4.654636606574058533e-03
1.157482862472534180e-01,2.904514223337173462e-02,4.656487610191106796e-03
1.157482862472534180e-01,2.904514223337173462e-02,4.656487610191106796e-03
1.161676347255706787e-01,2.911131642758846283e-02,4.658339545130729675e-03
1.161676347255706787e-01,2.911131642758846283e-02,4.658339545130729675e-03
1.165881082415580750e-01,2.917705662548542023e-02,4.660191014409065247e-03
1.165881082415580750e-01,2.917705662548542023e-02,4.660191014409065247e-03
1.170096993446350098e-01,2.924236468970775604e-02,4.662042483687400818e-03
1.170096993446350098e-01,2.924236468970775604e-02,4.662042483687400818e-03
1.174324303865432739e-01,2.930723316967487335e-02,4.663894884288311005e-03
1.174324303865432739e-01,2.930723316967487335e-02,4.663894884288311005e-03
1.178562939167022705e-01,2.937166020274162292e-02,4.665746819227933884e-03
1.178562939167022705e-01,2.937166020274162292e-02,4.665746819227933884e-03
1.182812899351119995e-01,2.943564951419830322e-02,4.667599219828844070e-03
1.182812899351119995e-01,2.943564951419830322e-02,4.667599219828844070e-03
1.187074333429336548e-01,2.949919365346431732e-02,4.669452086091041565e-03
1.187074333429336548e-01,2.949919365346431732e-02,4.669452086091041565e-03
1.191347166895866394e-01,2.956229448318481445e-02,4.671304486691951752e-03
1.191347166895866394e-01,2.956229448318481445e-02,4.671304486691951752e-03
1.195631623268127441e-01,2.962494641542434692e-02,4.673157352954149246e-03
1.195631623268127441e-01,2.962494641542434692e-02,4.673157352954149246e-03
1.199927404522895813e-01,2.968714945018291473e-02,4.675010219216346741e-03
1.199927404522895813e-01,2.968714945018291473e-02,4.675010219216346741e-03
1.204235032200813293e-01,2.974889986217021942e-02,4.676863551139831543e-03
1.204235032200813293e-01,2.974889986217021942e-02,4.676863551139831543e-03
1.208554282784461975e-01,2.981019951403141022e-02,4.678717348724603653e-03
1.208554282784461975e-01,2.981019951403141022e-02,4.678717348724603653e-03
1.212885081768035889e-01,2.987104281783103943e-02,4.680570214986801147e-03
1.212885081768035889e-01,2.987104281783103943e-02,4.680570214986801147e-03
1.217227578163146973e-01,2.993142791092395782e-02,4.682424478232860565e-03
1.217227578163146973e-01,2.993142791092395782e-02,4.682424478232860565e-03
1.221581920981407166e-01,2.999135479331016541e-02,4.684277810156345367e-03
1.221581920981407166e-01,2.999135479331016541e-02,4.684277810156345367e-03
1.225948110222816467e-01,3.005081973969936371e-02,4.686131607741117477e-03
1.225948110222816467e-01,3.005081973969936371e-02,4.686131607741117477e-03
1.230326145887374878e-01,3.010982088744640350e-02,4.687985870987176895e-03
1.230326145887374878e-01,3.010982088744640350e-02,4.687985870987176895e-03
1.234716102480888367e-01,3.016836009919643402e-02,4.689839668571949005e-03
1.234716102480888367e-01,3.016836009919643402e-02,4.689839668571949005e-03
1.239117905497550964e-01,3.022642992436885834e-02,4.691693931818008423e-03
1.239117905497550964e-01,3.022642992436885834e-02,4.691693931818008423e-03
1.243531703948974609e-01,3.028402850031852722e-02,4.693547729402780533e-03
1.243531703948974609e-01,3.028402850031852722e-02,4.693547729402780533e-03
1.247957572340965271e-01,3.034115768969058990e-02,4.695402458310127258e-03
1.247957572340965271e-01,3.034115768969058990e-02,4.695402458310127258e-03
1.252395361661911011e-01,3.039781562983989716e-02,4.697256721556186676e-03
1.252395361661911011e-01,3.039781562983989716e-02,4.697256721556186676e-03
1.256845295429229736e-01,3.045399300754070282e-02,4.699110984802246094e-03
1.256845295429229736e-01,3.045399300754070282e-02,4.699110984802246094e-03
1.261307448148727417e-01,3.050969541072845459e-02,4.700965713709592819e-03
1.261307448148727417e-01,3.050969541072845459e-02,4.700965713709592819e-03
1.265781670808792114e-01,3.056491538882255554e-02,4.702819511294364929e-03
1.265781670808792114e-01,3.056491538882255554e-02,4.702819511294364929e-03
1.270268261432647705e-01,3.061965852975845337e-02,4.704674240201711655e-03
1.270268261432647705e-01,3.061965852975845337e-02,4.704674240201711655e-03
1.274767071008682251e-01,3.067391552031040192e-02,4.706528969109058380e-03
1.274767071008682251e-01,3.067391552031040192e-02,4.706528969109058380e-03
1.279278248548507690e-01,3.072768822312355042e-02,4.708383232355117798e-03
1.279278248548507690e-01,3.072768822312355042e-02,4.708383232355117798e-03
1.283801645040512085e-01,3.078097291290760040e-02,4.710237961262464523e-03
1.283801645040512085e-01,3.078097291290760040e-02,4.710237961262464523e-03
1.288337409496307373e-01,3.083376958966255188e-02,4.712092690169811249e-03
1.288337409496307373e-01,3.083376958966255188e-02,4.712092690169811249e-03
1.292885690927505493e-01,3.088607452809810638e-02,4.713946953415870667e-03
1.292885690927505493e-01,3.088607452809810638e-02,4.713946953415870667e-03
1.297446638345718384e-01,3.093788586556911469e-02,4.715801682323217392e-03
1.297446638345718384e-01,3.093788586556911469e-02,4.715801682323217392e-03
1.302019953727722168e-01,3.098920173943042755e-02,4.717656876891851425e-03
1.302019953727722168e-01,3.098920173943042755e-02,4.717656876891851425e-03
1.306605637073516846e-01,3.104002028703689575e-02,4.719510674476623535e-03
1.306605637073516846e-01,3.104002028703689575e-02,4.719510674476623535e-03
1.311204135417938232e-01,3.109033778309822083e-02,4.721365403383970261e-03
1.311204135417938232e-01,3.109033778309822083e-02,4.721365403383970261e-03
1.315815448760986328e-01,3.114015609025955200e-02,4.723219666630029678e-03
1.315815448760986328e-01,3.114015609025955200e-02,4.723219666630029678e-03
1.320439130067825317e-01,3.118946962058544159e-02,4.725074395537376404e-03
1.320439130067825317e-01,3.118946962058544159e-02,4.725074395537376404e-03
1.325075775384902954e-01,3.123827651143074036e-02,4.726929124444723129e-03
1.325075775384902954e-01,3.123827651143074036e-02,4.726929124444723129e-03
1.329725235700607300e-01,3.128657490015029907e-02,4.728783387690782547e-03
1.329725235700607300e-01,3.128657490015029907e-02,4.728783387690782547e-03
1.334387362003326416e-01,3.133437037467956543e-02,4.730637650936841965e-03
1.334387362003326416e-01,3.133437037467956543e-02,4.730637650936841965e-03
1.339062303304672241e-01,3.138164803385734558e-02,4.732491448521614075e-03
1.339062303304672241e-01,3.138164803385734558e-02,4.732491448521614075e-03
1.343750208616256714e-01,3.142841532826423645e-02,4.734345711767673492e-03
1.343750208616256714e-01,3.142841532826423645e-02,4.734345711767673492e-03
1.348451077938079834e-01,3.147466108202934265e-02,4.736199975013732910e-03
1.348451077938079834e-01,3.147466108202934265e-02,4.736199975013732910e-03
1.353164762258529663e-01,3.152039647102355957e-02,4.738053306937217712e-03
1.353164762258529663e-01,3.152039647102355957e-02,4.738053306937217712e-03
1.357891857624053955e-01,3.156561404466629028e-02,4.739907570183277130e-03
1.357891857624053955e-01,3.156561404466629028e-02,4.739907570183277130e-03
1.362631618976593018e-01,3.161029890179634094e-02,4.741760902106761932e-03
1.362631618976593018e-01,3.161029890179634094e-02,4.741760902106761932e-03
1.367384642362594604e-01,3.165447339415550232e-02,4.743614699691534042e-03
1.367384642362594604e-01,3.165447339415550232e-02,4.743614699691534042e-03
1.372150927782058716e-01,3.169811517000198364e-02,4.745467565953731537e-03
1.372150927782058716e-01,3.169811517000198364e-02,4.745467565953731537e-03
1.376930475234985352e-01,3.174122795462608337e-02,4.747321363538503647e-03
1.376930475234985352e-01,3.174122795462608337e-02,4.747321363538503647e-03
1.381722986698150635e-01,3.178381174802780151e-02,4.749173764139413834e-03
1.381722986698150635e-01,3.178381174802780151e-02,4.749173764139413834e-03
1.386528909206390381e-01,3.182586655020713806e-02,4.751027561724185944e-03
1.386528909206390381e-01,3.182586655020713806e-02,4.751027561724185944e-03
1.391348242759704590e-01,3.186738491058349609e-02,4.752880427986383438e-03
1.391348242759704590e-01,3.186738491058349609e-02,4.752880427986383438e-03
1.396180838346481323e-01,3.190837055444717407e-02,4.754732828587293625e-03
1.396180838346481323e-01,3.190837055444717407e-02,4.754732828587293625e-03
1.401026993989944458e-01,3.194881975650787354e-02,4.756585229188203812e-03
1.401026993989944458e-01,3.194881975650787354e-02,4.756585229188203812e-03
1.405886262655258179e-01,3.198872879147529602e-02,4.758437629789113998e-03
1.405886262655258179e-01,3.198872879147529602e-02,4.758437629789113998e-03
1.410759389400482178e-01,3.202809393405914307e-02,4.760289564728736877e-03
1.410759389400482178e-01,3.202809393405914307e-02,4.760289564728736877e-03
1.415645927190780640e-01,3.206691518425941467e-02,4.762141965329647064e-03
1.415645927190780640e-01,3.206691518425941467e-02,4.762141965329647064e-03
1.420545876026153564e-01,3.210518881678581238e-02,4.763993434607982635e-03
1.420545876026153564e-01,3.210518881678581238e-02,4.763993434607982635e-03
1.425459682941436768e-01,3.214291855692863464e-02,4.765844903886318207e-03
1.425459682941436768e-01,3.214291855692863464e-02,4.765844903886318207e-03
1.430386900901794434e-01,3.218009695410728455e-02,4.767696373164653778e-03
1.430386900901794434e-01,3.218009695410728455e-02,4.767696373164653778e-03
1.435328125953674316e-01,3.221672400832176208e-02,4.769547376781702042e-03
1.435328125953674316e-01,3.221672400832176208e-02,4.769547376781702042e-03
1.440283060073852539e-01,3.225279971957206726e-02,4.771398380398750305e-03
1.440283060073852539e-01,3.225279971957206726e-02,4.771398380398750305e-03
1.445251703262329102e-01,3.228831663727760315e-02,4.773248918354511261e-03
1.445251703262329102e-01,3.228831663727760315e-02,4.773248918354511261e-03
1.450234055519104004e-01,3.232327848672866821e-02,4.775098990648984909e-03
1.450234055519104004e-01,3.232327848672866821e-02,4.775098990648984909e-03
1.455230265855789185e-01,3.235767781734466553e-02,4.776949994266033173e-03
1.455230265855789185e-01,3.235767781734466553e-02,4.776949994266033173e-03
1.460240781307220459e-01,3.239151835441589355e-02,4.778799600899219513e-03
1.460240781307220459e-01,3.239151835441589355e-02,4.778799600899219513e-03
1.465264856815338135e-01,3.242479264736175537e-02,4.780648741871118546e-03
1.465264856815338135e-01,3.242479264736175537e-02,4.780648741871118546e-03
1.470303088426589966e-01,3.245750069618225098e-02,4.782497882843017578e-03
1.470303088426589966e-01,3.245750069618225098e-02,4.782497882843017578e-03
1.475355327129364014e-01,3.248964622616767883e-02,4.784347023814916611e-03
1.475355327129364014e-01,3.248964622616767883e-02,4.784347023814916611e-03
1.480421572923660278e-01,3.252121433615684509e-02,4.786195699125528336e-03
1.480421572923660278e-01,3.252121433615684509e-02,4.786195699125528336e-03
1.485501974821090698e-01,3.255221620202064514e-02,4.788044374436140060e-03
1.485501974821090698e-01,3.255221620202064514e-02,4.788044374436140060e-03
1.490596532821655273e-01,3.258264437317848206e-02,4.789892584085464478e-03
1.490596532821655273e-01,3.258264437317848206e-02,4.789892584085464478e-03
1.495705395936965942e-01,3.261249512434005737e-02,4.791740328073501587e-03
1.495705395936965942e-01,3.261249512434005737e-02,4.791740328073501587e-03
1.500828564167022705e-01,3.264176473021507263e-02,4.793587606400251389e-03
1.500828564167022705e-01,3.264176473021507263e-02,4.793587606400251389e-03
1.505965739488601685e-01,3.267045691609382629e-02,4.795434884727001190e-03
1.505965739488601685e-01,3.267045691609382629e-02,4.795434884727001190e-03
1.511117517948150635e-01,3.269856795668601990e-02,4.797281697392463684e-03
1.511117517948150635e-01,3.269856795668601990e-02,4.797281697392463684e-03
1.516283750534057617e-01,3.272609412670135498e-02,4.799128044396638870e-03
1.516283750534057617e-01,3.272609412670135498e-02,4.799128044396638870e-03
1.521464139223098755e-01,3.275303915143013000e-02,4.800973925739526749e-03
1.521464139223098755e-01,3.275303915143013000e-02,4.800973925739526749e-03
1.526658982038497925e-01,3.277939185500144958e-02,4.802819807082414627e-03
1.526658982038497925e-01,3.277939185500144958e-02,4.802819807082414627e-03
1.531868577003479004e-01,3.280515596270561218e-02,4.804665688425302505e-03
1.531868577003479004e-01,3.280515596270561218e-02,4.804665688425302505e-03
1.537092626094818115e-01,3.283032774925231934e-02,4.806509707123041153e-03
1.537092626094818115e-01,3.283032774925231934e-02,4.806509707123041153e-03
1.542331129312515259e-01,3.285490721464157104e-02,4.808354657143354416e-03
1.542331129312515259e-01,3.285490721464157104e-02,4.808354657143354416e-03
1.547584533691406250e-01,3.287889063358306885e-02,4.810199141502380371e-03
1.547584533691406250e-01,3.287889063358306885e-02,4.810199141502380371e-03
1.552852392196655273e-01,3.290227428078651428e-02,4.812042694538831711e-03
1.552852392196655273e-01,3.290227428078651428e-02,4.812042694538831711e-03
1.558135002851486206e-01,3.292505815625190735e-02,4.813885781913995743e-03
1.558135002851486206e-01,3.292505815625190735e-02,4.813885781913995743e-03
1.563432365655899048e-01,3.294724225997924805e-02,4.815728869289159775e-03
1.563432365655899048e-01,3.294724225997924805e-02,4.815728869289159775e-03
1.568744480609893799e-01,3.296881914138793945e-02,4.817571956664323807e-03
1.568744480609893799e-01,3.296881914138793945e-02,4.817571956664323807e-03
1.574071645736694336e-01,3.298978880047798157e-02,4.819413647055625916e-03
1.574071645736694336e-01,3.298978880047798157e-02,4.819413647055625916e-03
1.579413563013076782e-01,3.301015868782997131e-02,4.821255803108215332e-03
1.579413563013076782e-01,3.301015868782997131e-02,4.821255803108215332e-03
1.584770381450653076e-01,3.302991390228271484e-02,4.823097027838230133e-03
1.584770381450653076e-01,3.302991390228271484e-02,4.823097027838230133e-03
1.590142250061035156e-01,3.304905444383621216e-02,4.824937786906957626e-03
1.590142250061035156e-01,3.304905444383621216e-02,4.824937786906957626e-03
1.595529019832611084e-01,3.306758403778076172e-02,4.826777614653110504e-03
1.595529019832611084e-01,3.306758403778076172e-02,4.826777614653110504e-03
1.600930988788604736e-01,3.308549895882606506e-02,4.828617908060550690e-03
1.600930988788604736e-01,3.308549895882606506e-02,4.828617908060550690e-03
1.606348007917404175e-01,3.310279548168182373e-02,4.830457270145416260e-03
1.606348007917404175e-01,3.310279548168182373e-02,4.830457270145416260e-03
1.611780077219009399e-01,3.311946615576744080e-02,4.832296166568994522e-03
1.611780077219009399e-01,3.311946615576744080e-02,4.832296166568994522e-03
1.617227345705032349e-01,3.313552215695381165e-02,4.834135062992572784e-03
1.617227345705032349e-01,3.313552215695381165e-02,4.834135062992572784e-03
1.622689813375473022e-01,3.315094858407974243e-02,4.835972562432289124e-03
1.622689813375473022e-01,3.315094858407974243e-02,4.835972562432289124e-03
1.628167629241943359e-01,3.316576033830642700e-02,4.837810061872005463e-03
1.628167629241943359e-01,3.316576033830642700e-02,4.837810061872005463e-03
1.633660793304443359e-01,3.317992761731147766e-02,4.839647561311721802e-03
1.633660793304443359e-01,3.317992761731147766e-02,4.839647561311721802e-03
1.639169156551361084e-01,3.319347649812698364e-02,4.841483663767576218e-03
1.639169156551361084e-01,3.319347649812698364e-02,4.841483663767576218e-03
1.644693017005920410e-01,3.320639207959175110e-02,4.843319300562143326e-03
1.644693017005920410e-01,3.320639207959175110e-02,4.843319300562143326e-03
1.650232374668121338e-01,3.321867063641548157e-02,4.845154937356710434e-03
1.650232374668121338e-01,3.321867063641548157e-02,4.845154937356710434e-03
1.655786931514739990e-01,3.323031216859817505e-02,4.846989642828702927e-03
1.655786931514739990e-01,3.323031216859817505e-02,4.846989642828702927e-03
1.661357283592224121e-01,3.324132040143013000e-02,4.848823882639408112e-03
1.661357283592224121e-01,3.324132040143013000e-02,4.848823882639408112e-03
1.666943132877349854e-01,3.325168788433074951e-02,4.850657656788825989e-03
1.666943132877349854e-01,3.325168788433074951e-02,4.850657656788825989e-03
1.672544330358505249e-01,3.326140716671943665e-02,4.852490965276956558e-03
1.672544330358505249e-01,3.326140716671943665e-02,4.852490965276956558e-03
1.678161472082138062e-01,3.327048942446708679e-02,4.854323342442512512e-03
1.678161472082138062e-01,3.327048942446708679e-02,4.854323342442512512e-03
1.683794409036636353e-01,3.327892348170280457e-02,4.856155253946781158e-03
1.683794409036636353e-01,3.327892348170280457e-02,4.856155253946781158e-03
1.689442694187164307e-01,3.328670561313629150e-02,4.857986699789762497e-03
1.689442694187164307e-01,3.328670561313629150e-02,4.857986699789762497e-03
1.695107072591781616e-01,3.329383954405784607e-02,4.859817679971456528e-03
1.695107072591781616e-01,3.329383954405784607e-02,4.859817679971456528e-03
1.700786948204040527e-01,3.330032527446746826e-02,4.861647728830575943e-03
1.700786948204040527e-01,3.330032527446746826e-02,4.861647728830575943e-03
1.706482917070388794e-01,3.330615162849426270e-02,4.863477312028408051e-03
1.706482917070388794e-01,3.330615162849426270e-02,4.863477312028408051e-03
1.712194830179214478e-01,3.331132605671882629e-02,4.865306895226240158e-03
1.712194830179214478e-01,3.331132605671882629e-02,4.865306895226240158e-03
1.717922538518905640e-01,3.331584483385086060e-02,4.867134615778923035e-03
1.717922538518905640e-01,3.331584483385086060e-02,4.867134615778923035e-03
1.723666489124298096e-01,3.331969678401947021e-02,4.868962801992893219e-03
1.723666489124298096e-01,3.331969678401947021e-02,4.868962801992893219e-03
1.729426085948944092e-01,3.332288935780525208e-02,4.870790056884288788e-03
1.729426085948944092e-01,3.332288935780525208e-02,4.870790056884288788e-03
1.735202074050903320e-01,3.332541882991790771e-02,4.872616380453109741e-03
1.735202074050903320e-01,3.332541882991790771e-02,4.872616380453109741e-03
1.740993857383728027e-01,3.332727774977684021e-02,4.874441772699356079e-03
1.740993857383728027e-01,3.332727774977684021e-02,4.874441772699356079e-03
1.746801882982254028e-01,3.332847729325294495e-02,4.876267164945602417e-03
1.746801882982254028e-01,3.332847729325294495e-02,4.876267164945602417e-03
1.752626150846481323e-01,3.332899883389472961e-02,4.878091625869274139e-03
1.752626150846481323e-01,3.332899883389472961e-02,4.878091625869274139e-03
1.758466809988021851e-01,3.332885354757308960e-02,4.879915621131658554e-03
1.758466809988021851e-01,3.332885354757308960e-02,4.879915621131658554e-03
1.764323413372039795e-01,3.332803025841712952e-02,4.881738219410181046e-03
1.764323413372039795e-01,3.332803025841712952e-02,4.881738219410181046e-03
1.770196557044982910e-01,3.332653269171714783e-02,4.883561283349990845e-03
1.770196557044982910e-01,3.332653269171714783e-02,4.883561283349990845e-03
1.776086241006851196e-01,3.332435339689254761e-02,4.885382950305938721e-03
1.776086241006851196e-01,3.332435339689254761e-02,4.885382950305938721e-03
1.781992018222808838e-01,3.332149982452392578e-02,4.887204151600599289e-03
1.781992018222808838e-01,3.332149982452392578e-02,4.887204151600599289e-03
1.787914484739303589e-01,3.331795707345008850e-02,4.889024887233972549e-03
1.787914484739303589e-01,3.331795707345008850e-02,4.889024887233972549e-03
1.793853044509887695e-01,3.331373259425163269e-02,4.890843760222196579e-03
1.793853044509887695e-01,3.331373259425163269e-02,4.890843760222196579e-03
1.799808442592620850e-01,3.330882266163825989e-02,4.892662633210420609e-03
1.799808442592620850e-01,3.330882266163825989e-02,4.892662633210420609e-03
1.805780529975891113e-01,3.330323100090026855e-02,4.894481506198644638e-03
1.805780529975891113e-01,3.330323100090026855e-02,4.894481506198644638e-03
1.811768859624862671e-01,3.329693898558616638e-02,4.896298050880432129e-03
1.811768859624862671e-01,3.329693898558616638e-02,4.896298050880432129e-03
1.817774027585983276e-01,3.328995779156684875e-02,4.898115061223506927e-03
1.817774027585983276e-01,3.328995779156684875e-02,4.898115061223506927e-03
1.823795884847640991e-01,3.328228741884231567e-02,4.899930674582719803e-03
1.823795884847640991e-01,3.328228741884231567e-02,4.899930674582719803e-03
1.829834729433059692e-01,3.327391669154167175e-02,4.901745822280645370e-03
1.829834729433059692e-01,3.327391669154167175e-02,4.901745822280645370e-03
1.835889965295791626e-01,3.326484560966491699e-02,4.903560038655996323e-03
1.835889965295791626e-01,3.326484560966491699e-02,4.903560038655996323e-03
1.841962337493896484e-01,3.325507789850234985e-02,4.905373323708772659e-03
1.841962337493896484e-01,3.325507789850234985e-02,4.905373323708772659e-03
1.848051398992538452e-01,3.324460610747337341e-02,4.907186608761548996e-03
1.848051398992538452e-01,3.324460610747337341e-02,4.907186608761548996e-03
1.854157149791717529e-01,3.323343023657798767e-02,4.908998496830463409e-03
1.854157149791717529e-01,3.323343023657798767e-02,4.908998496830463409e-03
1.860280334949493408e-01,3.322155028581619263e-02,4.910809919238090515e-03
1.860280334949493408e-01,3.322155028581619263e-02,4.910809919238090515e-03
1.866420060396194458e-01,3.320895880460739136e-02,4.912620410323143005e-03
1.866420060396194458e-01,3.320895880460739136e-02,4.912620410323143005e-03
1.872577220201492310e-01,3.319565579295158386e-02,4.914429504424333572e-03
1.872577220201492310e-01,3.319565579295158386e-02,4.914429504424333572e-03
1.878751218318939209e-01,3.318164497613906860e-02,4.916238598525524139e-03
1.878751218318939209e-01,3.318164497613906860e-02,4.916238598525524139e-03
1.884942501783370972e-01,3.316691890358924866e-02,4.918046295642852783e-03
1.884942501783370972e-01,3.316691890358924866e-02,4.918046295642852783e-03
1.891150772571563721e-01,3.315147757530212402e-02,4.919853527098894119e-03
1.891150772571563721e-01,3.315147757530212402e-02,4.919853527098894119e-03
1.897376328706741333e-01,3.313531354069709778e-02,4.921659827232360840e-03
1.897376328706741333e-01,3.313531354069709778e-02,4.921659827232360840e-03
1.903619170188903809e-01,3.311843425035476685e-02,4.923464730381965637e-03
1.903619170188903809e-01,3.311843425035476685e-02,4.923464730381965637e-03
1.909879446029663086e-01,3.310082852840423584e-02,4.925270099192857742e-03
1.909879446029663086e-01,3.310082852840423584e-02,4.925270099192857742e-03
1.916156560182571411e-01,3.308249637484550476e-02,4.927073139697313309e-03
1.916156560182571411e-01,3.308249637484550476e-02,4.927073139697313309e-03
1.922451257705688477e-01,3.306344151496887207e-02,4.928875714540481567e-03
1.922451257705688477e-01,3.306344151496887207e-02,4.928875714540481567e-03
1.928763687610626221e-01,3.304365649819374084e-02,4.930677823722362518e-03
1.928763687610626221e-01,3.304365649819374084e-02,4.930677823722362518e-03
1.935093402862548828e-01,3.302314504981040955e-02,4.932478535920381546e-03
1.935093402862548828e-01,3.302314504981040955e-02,4.932478535920381546e-03
1.941440403461456299e-01,3.300189971923828125e-02,4.934278316795825958e-03
1.941440403461456299e-01,3.300189971923828125e-02,4.934278316795825958e-03
1.947805136442184448e-01,3.297992050647735596e-02,4.936078097671270370e-03
1.947805136442184448e-01,3.297992050647735596e-02,4.936078097671270370e-03
1.954187601804733276e-01,3.295719996094703674e-02,4.937876015901565552e-03
1.954187601804733276e-01,3.295719996094703674e-02,4.937876015901565552e-03
1.960587352514266968e-01,3.293374553322792053e-02,4.939673468470573425e-03
1.960587352514266968e-01,3.293374553322792053e-02,4.939673468470573425e-03
1.967004984617233276e-01,3.290954977273941040e-02,4.941469989717006683e-03
1.967004984617233276e-01,3.290954977273941040e-02,4.941469989717006683e-03
1.973440200090408325e-01,3.288461267948150635e-02,4.943265113979578018e-03
1.973440200090408325e-01,3.288461267948150635e-02,4.943265113979578018e-03
1.979893296957015991e-01,3.285892680287361145e-02,4.945059306919574738e-03
1.979893296957015991e-01,3.285892680287361145e-02,4.945059306919574738e-03
1.986364126205444336e-01,3.283249959349632263e-02,4.946853499859571457e-03
1.986364126205444336e-01,3.283249959349632263e-02,4.946853499859571457e-03
1.992852836847305298e-01,3.280532360076904297e-02,4.948646295815706253e-03
1.992852836847305298e-01,3.280532360076904297e-02,4.948646295815706253e-03
1.999359428882598877e-01,3.277739137411117554e-02,4.950437694787979126e-03
1.999359428882598877e-01,3.277739137411117554e-02,4.950437694787979126e-03
2.005883902311325073e-01,3.274871408939361572e-02,4.952228162437677383e-03
2.005883902311325073e-01,3.274871408939361572e-02,4.952228162437677383e-03
2.012426406145095825e-01,3.271927684545516968e-02,4.954018164426088333e-03
2.012426406145095825e-01,3.271927684545516968e-02,4.954018164426088333e-03
2.018986940383911133e-01,3.268908709287643433e-02,4.955806769430637360e-03
2.018986940383911133e-01,3.268908709287643433e-02,4.955806769430637360e-03
2.025565505027770996e-01,3.265813365578651428e-02,4.957593977451324463e-03
2.025565505027770996e-01,3.265813365578651428e-02,4.957593977451324463e-03
2.032161951065063477e-01,3.262642398476600647e-02,4.959381185472011566e-03
2.032161951065063477e-01,3.262642398476600647e-02,4.959381185472011566e-03
2.038776725530624390e-01,3.259395062923431396e-02,4.961166530847549438e-03
2.038776725530624390e-01,3.259395062923431396e-02,4.961166530847549438e-03
2.045409679412841797e-01,3.256071358919143677e-02,4.962951410561800003e-03
2.045409679412841797e-01,3.256071358919143677e-02,4.962951410561800003e-03
2.052060663700103760e-01,3.252670913934707642e-02,4.964734893292188644e-03
2.052060663700103760e-01,3.252670913934707642e-02,4.964734893292188644e-03
2.058730125427246094e-01,3.249193727970123291e-02,4.966516979038715363e-03
2.058730125427246094e-01,3.249193727970123291e-02,4.966516979038715363e-03
2.065417915582656860e-01,3.245639428496360779e-02,4.968299064785242081e-03
2.065417915582656860e-01,3.245639428496360779e-02,4.968299064785242081e-03
2.072123736143112183e-01,3.242008015513420105e-02,4.970079753547906876e-03
2.072123736143112183e-01,3.242008015513420105e-02,4.970079753547906876e-03
2.078848332166671753e-01,3.238298743963241577e-02,4.971858579665422440e-03
2.078848332166671753e-01,3.238298743963241577e-02,4.971858579665422440e-03
