1.231403872370719910e-01,-9.632898867130279541e-02,6.759046018123626709e-02
1.231403872370719910e-01,-9.632898867130279541e-02,6.759046018123626709e-02
1.232208907604217529e-01,-9.683219343423843384e-02,6.699315458536148071e-02
1.232208907604217529e-01,-9.683219343423843384e-02,6.699315458536148071e-02
1.233010366559028625e-01,-9.733410179615020752e-02,6.639719754457473755e-02
1.233010366559028625e-01,-9.733410179615020752e-02,6.639719754457473755e-02
1.233808770775794983e-01,-9.783475846052169800e-02,6.580257415771484375e-02
1.233808770775794983e-01,-9.783475846052169800e-02,6.580257415771484375e-02
1.234604045748710632e-01,-9.833411872386932373e-02,6.520928442478179932e-02
1.234604045748710632e-01,-9.833411872386932373e-02,6.520928442478179932e-02
1.235395967960357666e-01,-9.883216768503189087e-02,6.461733579635620117e-02
1.235395967960357666e-01,-9.883216768503189087e-02,6.461733579635620117e-02
1.236184611916542053e-01,-9.932895749807357788e-02,6.402672827243804932e-02
1.236184611916542053e-01,-9.932895749807357788e-02,6.402672827243804932e-02
1.236970275640487671e-01,-9.982446581125259399e-02,6.343743950128555298e-02
1.236970275640487671e-01,-9.982446581125259399e-02,6.343743950128555298e-02
1.237752363085746765e-01,-1.003186851739883423e-01,6.284947693347930908e-02
1.237752363085746765e-01,-1.003186851739883423e-01,6.284947693347930908e-02
1.238531544804573059e-01,-1.008116304874420166e-01,6.226285547018051147e-02
1.238531544804573059e-01,-1.008116304874420166e-01,6.226285547018051147e-02
1.239307522773742676e-01,-1.013032943010330200e-01,6.167753413319587708e-02
1.239307522773742676e-01,-1.013032943010330200e-01,6.167753413319587708e-02
1.240080147981643677e-01,-1.017936989665031433e-01,6.109354272484779358e-02
1.240080147981643677e-01,-1.017936989665031433e-01,6.109354272484779358e-02
1.240849718451499939e-01,-1.022827997803688049e-01,6.051086261868476868e-02
1.240849718451499939e-01,-1.022827997803688049e-01,6.051086261868476868e-02
1.241616159677505493e-01,-1.027706414461135864e-01,5.992950871586799622e-02
1.241616159677505493e-01,-1.027706414461135864e-01,5.992950871586799622e-02
1.242379322648048401e-01,-1.032572016119956970e-01,5.934945866465568542e-02
1.242379322648048401e-01,-1.032572016119956970e-01,5.934945866465568542e-02
1.243139430880546570e-01,-1.037424728274345398e-01,5.877071619033813477e-02
1.243139430880546570e-01,-1.037424728274345398e-01,5.877071619033813477e-02
1.243896186351776123e-01,-1.042264997959136963e-01,5.819327756762504578e-02
1.243896186351776123e-01,-1.042264997959136963e-01,5.819327756762504578e-02
1.244650110602378845e-01,-1.047092378139495850e-01,5.761714279651641846e-02
1.244650110602378845e-01,-1.047092378139495850e-01,5.761714279651641846e-02
1.245400756597518921e-01,-1.051907017827033997e-01,5.704231560230255127e-02
1.245400756597518921e-01,-1.051907017827033997e-01,5.704231560230255127e-02
1.246148273348808289e-01,-1.056708917021751404e-01,5.646876990795135498e-02
1.246148273348808289e-01,-1.056708917021751404e-01,5.646876990795135498e-02
1.246892511844635010e-01,-1.061498075723648071e-01,5.589652061462402344e-02
1.246892511844635010e-01,-1.061498075723648071e-01,5.589652061462402344e-02
1.247633844614028931e-01,-1.066274717450141907e-01,5.532558262348175049e-02
1.247633844614028931e-01,-1.066274717450141907e-01,5.532558262348175049e-02
1.248372048139572144e-01,-1.071038693189620972e-01,5.475591868162155151e-02
1.248372048139572144e-01,-1.071038693189620972e-01,5.475591868162155151e-02
1.249106973409652710e-01,-1.075789704918861389e-01,5.418753996491432190e-02
1.249106973409652710e-01,-1.075789704918861389e-01,5.418753996491432190e-02
1.249839067459106445e-01,-1.080528274178504944e-01,5.362045764923095703e-02
1.249839067459106445e-01,-1.080528274178504944e-01,5.362045764923095703e-02
1.250567883253097534e-01,-1.085254177451133728e-01,5.305463820695877075e-02
1.250567883253097534e-01,-1.085254177451133728e-01,5.305463820695877075e-02
1.251293569803237915e-01,-1.089967265725135803e-01,5.249010771512985229e-02
1.251293569803237915e-01,-1.089967265725135803e-01,5.249010771512985229e-02
1.252016425132751465e-01,-1.094667986035346985e-01,5.192685127258300781e-02
1.252016425132751465e-01,-1.094667986035346985e-01,5.192685127258300781e-02
1.252736151218414307e-01,-1.099355816841125488e-01,5.136486887931823730e-02
1.252736151218414307e-01,-1.099355816841125488e-01,5.136486887931823730e-02
1.253452450037002563e-01,-1.104031205177307129e-01,5.080415308475494385e-02
1.253452450037002563e-01,-1.104031205177307129e-01,5.080415308475494385e-02
1.254165917634963989e-01,-1.108693853020668030e-01,5.024470388889312744e-02
1.254165917634963989e-01,-1.108693853020668030e-01,5.024470388889312744e-02
1.254876405000686646e-01,-1.113344058394432068e-01,4.968651756644248962e-02
1.254876405000686646e-01,-1.113344058394432068e-01,4.968651756644248962e-02
1.255583912134170532e-01,-1.117981299757957458e-01,4.912960156798362732e-02
1.255583912134170532e-01,-1.117981299757957458e-01,4.912960156798362732e-02
1.256288290023803711e-01,-1.122606396675109863e-01,4.857394471764564514e-02
1.256288290023803711e-01,-1.122606396675109863e-01,4.857394471764564514e-02
1.256989687681198120e-01,-1.127218529582023621e-01,4.801953956484794617e-02
1.256989687681198120e-01,-1.127218529582023621e-01,4.801953956484794617e-02
1.257687956094741821e-01,-1.131818294525146484e-01,4.746637865900993347e-02
1.257687956094741821e-01,-1.131818294525146484e-01,4.746637865900993347e-02
1.258383095264434814e-01,-1.136405467987060547e-01,4.691448435187339783e-02
1.258383095264434814e-01,-1.136405467987060547e-01,4.691448435187339783e-02
1.259075403213500977e-01,-1.140979900956153870e-01,4.636383429169654846e-02
1.259075403213500977e-01,-1.140979900956153870e-01,4.636383429169654846e-02
1.259764730930328369e-01,-1.145542040467262268e-01,4.581442475318908691e-02
1.259764730930328369e-01,-1.145542040467262268e-01,4.581442475318908691e-02
1.260451227426528931e-01,-1.150091588497161865e-01,4.526625573635101318e-02
1.260451227426528931e-01,-1.150091588497161865e-01,4.526625573635101318e-02
1.261134296655654907e-01,-1.154628545045852661e-01,4.471933469176292419e-02
1.261134296655654907e-01,-1.154628545045852661e-01,4.471933469176292419e-02
1.261814683675765991e-01,-1.159152910113334656e-01,4.417364671826362610e-02
1.261814683675765991e-01,-1.159152910113334656e-01,4.417364671826362610e-02
1.262492090463638306e-01,-1.163664832711219788e-01,4.362919181585311890e-02
1.262492090463638306e-01,-1.163664832711219788e-01,4.362919181585311890e-02
1.263166218996047974e-01,-1.168164312839508057e-01,4.308596998453140259e-02
1.263166218996047974e-01,-1.168164312839508057e-01,4.308596998453140259e-02
1.263837665319442749e-01,-1.172651201486587524e-01,4.254397004842758179e-02
1.263837665319442749e-01,-1.172651201486587524e-01,4.254397004842758179e-02
1.264506131410598755e-01,-1.177125647664070129e-01,4.200321063399314880e-02
1.264506131410598755e-01,-1.177125647664070129e-01,4.200321063399314880e-02
1.265171617269515991e-01,-1.181587502360343933e-01,4.146366566419601440e-02
1.265171617269515991e-01,-1.181587502360343933e-01,4.146366566419601440e-02
1.265834271907806396e-01,-1.186036914587020874e-01,4.092534631490707397e-02
1.265834271907806396e-01,-1.186036914587020874e-01,4.092534631490707397e-02
1.266493797302246094e-01,-1.190474107861518860e-01,4.038824141025543213e-02
1.266493797302246094e-01,-1.190474107861518860e-01,4.038824141025543213e-02
1.267150640487670898e-01,-1.194898560643196106e-01,3.985235467553138733e-02
1.267150640487670898e-01,-1.194898560643196106e-01,3.985235467553138733e-02
1.267804354429244995e-01,-1.199310645461082458e-01,3.931767866015434265e-02
1.267804354429244995e-01,-1.199310645461082458e-01,3.931767866015434265e-02
1.268455088138580322e-01,-1.203710287809371948e-01,3.878421336412429810e-02
1.268455088138580322e-01,-1.203710287809371948e-01,3.878421336412429810e-02
1.269103139638900757e-01,-1.208097487688064575e-01,3.825195506215095520e-02
1.269103139638900757e-01,-1.208097487688064575e-01,3.825195506215095520e-02
1.269748061895370483e-01,-1.212472394108772278e-01,3.772090002894401550e-02
1.269748061895370483e-01,-1.212472394108772278e-01,3.772090002894401550e-02
1.270390152931213379e-01,-1.216834634542465210e-01,3.719104453921318054e-02
1.270390152931213379e-01,-1.216834634542465210e-01,3.719104453921318054e-02
1.271029412746429443e-01,-1.221184656023979187e-01,3.666238486766815186e-02
1.271029412746429443e-01,-1.221184656023979187e-01,3.666238486766815186e-02
1.271665841341018677e-01,-1.225522160530090332e-01,3.613492473959922791e-02
1.271665841341018677e-01,-1.225522160530090332e-01,3.613492473959922791e-02
1.272299289703369141e-01,-1.229847297072410583e-01,3.560866042971611023e-02
1.272299289703369141e-01,-1.229847297072410583e-01,3.560866042971611023e-02
1.272929906845092773e-01,-1.234160214662551880e-01,3.508358821272850037e-02
1.272929906845092773e-01,-1.234160214662551880e-01,3.508358821272850037e-02
1.273557692766189575e-01,-1.238460466265678406e-01,3.455970808863639832e-02
1.273557692766189575e-01,-1.238460466265678406e-01,3.455970808863639832e-02
1.274182498455047607e-01,-1.242748573422431946e-01,3.403700143098831177e-02
1.274182498455047607e-01,-1.242748573422431946e-01,3.403700143098831177e-02
1.274804472923278809e-01,-1.247024238109588623e-01,3.351548314094543457e-02
1.274804472923278809e-01,-1.247024238109588623e-01,3.351548314094543457e-02
1.275423616170883179e-01,-1.251287609338760376e-01,3.299513831734657288e-02
1.275423616170883179e-01,-1.251287609338760376e-01,3.299513831734657288e-02
1.276040077209472656e-01,-1.255538761615753174e-01,3.247597813606262207e-02
1.276040077209472656e-01,-1.255538761615753174e-01,3.247597813606262207e-02
1.276653558015823364e-01,-1.259777247905731201e-01,3.195799514651298523e-02
1.276653558015823364e-01,-1.259777247905731201e-01,3.195799514651298523e-02
1.277264207601547241e-01,-1.264003813266754150e-01,3.144118189811706543e-02
1.277264207601547241e-01,-1.264003813266754150e-01,3.144118189811706543e-02
1.277872174978256226e-01,-1.268217712640762329e-01,3.092553839087486267e-02
1.277872174978256226e-01,-1.268217712640762329e-01,3.092553839087486267e-02
1.278477162122726440e-01,-1.272419393062591553e-01,3.041104972362518311e-02
1.278477162122726440e-01,-1.272419393062591553e-01,3.041104972362518311e-02
1.279079467058181763e-01,-1.276609003543853760e-01,2.989773452281951904e-02
1.279079467058181763e-01,-1.276609003543853760e-01,2.989773452281951904e-02
1.279678940773010254e-01,-1.280786097049713135e-01,2.938557602465152740e-02
1.279678940773010254e-01,-1.280786097049713135e-01,2.938557602465152740e-02
1.280275732278823853e-01,-1.284950822591781616e-01,2.887457609176635742e-02
1.280275732278823853e-01,-1.284950822591781616e-01,2.887457609176635742e-02
1.280869543552398682e-01,-1.289103478193283081e-01,2.836473286151885986e-02
1.280869543552398682e-01,-1.289103478193283081e-01,2.836473286151885986e-02
1.281460672616958618e-01,-1.293243914842605591e-01,2.785604447126388550e-02
1.281460672616958618e-01,-1.293243914842605591e-01,2.785604447126388550e-02
1.282048970460891724e-01,-1.297371834516525269e-01,2.734849974513053894e-02
1.282048970460891724e-01,-1.297371834516525269e-01,2.734849974513053894e-02
1.282634586095809937e-01,-1.301487684249877930e-01,2.684210799634456635e-02
1.282634586095809937e-01,-1.301487684249877930e-01,2.684210799634456635e-02
1.283217370510101318e-01,-1.305591315031051636e-01,2.633685246109962463e-02
1.283217370510101318e-01,-1.305591315031051636e-01,2.633685246109962463e-02
1.283797472715377808e-01,-1.309682726860046387e-01,2.583274990320205688e-02
1.283797472715377808e-01,-1.309682726860046387e-01,2.583274990320205688e-02
1.284374743700027466e-01,-1.313761919736862183e-01,2.532977610826492310e-02
1.284374743700027466e-01,-1.313761919736862183e-01,2.532977610826492310e-02
1.284949332475662231e-01,-1.317828744649887085e-01,2.482794411480426788e-02
1.284949332475662231e-01,-1.317828744649887085e-01,2.482794411480426788e-02
1.285521090030670166e-01,-1.321883499622344971e-01,2.432724274694919586e-02
1.285521090030670166e-01,-1.321883499622344971e-01,2.432724274694919586e-02
1.286090463399887085e-01,-1.325925886631011963e-01,2.382767200469970703e-02
1.286090463399887085e-01,-1.325925886631011963e-01,2.382767200469970703e-02
1.286656707525253296e-01,-1.329956352710723877e-01,2.332922443747520447e-02
1.286656707525253296e-01,-1.329956352710723877e-01,2.332922443747520447e-02
1.287220418453216553e-01,-1.333974599838256836e-01,2.283190563321113586e-02
1.287220418453216553e-01,-1.333974599838256836e-01,2.283190563321113586e-02
1.287781447172164917e-01,-1.337980479001998901e-01,2.233571372926235199e-02
1.287781447172164917e-01,-1.337980479001998901e-01,2.233571372926235199e-02
1.288339793682098389e-01,-1.341974288225173950e-01,2.184063754975795746e-02
1.288339793682098389e-01,-1.341974288225173950e-01,2.184063754975795746e-02
1.288895308971405029e-01,-1.345956027507781982e-01,2.134668081998825073e-02
1.288895308971405029e-01,-1.345956027507781982e-01,2.134668081998825073e-02
1.289448440074920654e-01,-1.349925398826599121e-01,2.085383236408233643e-02
1.289448440074920654e-01,-1.349925398826599121e-01,2.085383236408233643e-02
1.289998739957809448e-01,-1.353882700204849243e-01,2.036210522055625916e-02
1.289998739957809448e-01,-1.353882700204849243e-01,2.036210522055625916e-02
1.290546208620071411e-01,-1.357828080654144287e-01,1.987147703766822815e-02
1.290546208620071411e-01,-1.357828080654144287e-01,1.987147703766822815e-02
1.291091144084930420e-01,-1.361761242151260376e-01,1.938195712864398956e-02
1.291091144084930420e-01,-1.361761242151260376e-01,1.938195712864398956e-02
1.291633397340774536e-01,-1.365682333707809448e-01,1.889353804290294647e-02
1.291633397340774536e-01,-1.365682333707809448e-01,1.889353804290294647e-02
1.292173117399215698e-01,-1.369591206312179565e-01,1.840623281896114349e-02
1.292173117399215698e-01,-1.369591206312179565e-01,1.840623281896114349e-02
1.292710006237030029e-01,-1.373487859964370728e-01,1.792000792920589447e-02
1.292710006237030029e-01,-1.373487859964370728e-01,1.792000792920589447e-02
1.293244361877441406e-01,-1.377372741699218750e-01,1.743488945066928864e-02
1.293244361877441406e-01,-1.377372741699218750e-01,1.743488945066928864e-02
1.293776035308837891e-01,-1.381245404481887817e-01,1.695086061954498291e-02
1.293776035308837891e-01,-1.381245404481887817e-01,1.695086061954498291e-02
1.294305026531219482e-01,-1.385105997323989868e-01,1.646791584789752960e-02
1.294305026531219482e-01,-1.385105997323989868e-01,1.646791584789752960e-02
1.294831633567810059e-01,-1.388954669237136841e-01,1.598606258630752563e-02
1.294831633567810059e-01,-1.388954669237136841e-01,1.598606258630752563e-02
1.295355409383773804e-01,-1.392791122198104858e-01,1.550529897212982178e-02
1.295355409383773804e-01,-1.392791122198104858e-01,1.550529897212982178e-02
1.295876801013946533e-01,-1.396615505218505859e-01,1.502560731023550034e-02
1.295876801013946533e-01,-1.396615505218505859e-01,1.502560731023550034e-02
1.296395361423492432e-01,-1.400427967309951782e-01,1.454699505120515823e-02
1.296395361423492432e-01,-1.400427967309951782e-01,1.454699505120515823e-02
1.296911388635635376e-01,-1.404228210449218750e-01,1.406946498900651932e-02
1.296911388635635376e-01,-1.404228210449218750e-01,1.406946498900651932e-02
1.297424882650375366e-01,-1.408016681671142578e-01,1.359300129115581512e-02
1.297424882650375366e-01,-1.408016681671142578e-01,1.359300129115581512e-02
1.297935694456100464e-01,-1.411792933940887451e-01,1.311761606484651566e-02
1.297935694456100464e-01,-1.411792933940887451e-01,1.311761606484651566e-02
1.298443973064422607e-01,-1.415557265281677246e-01,1.264329347759485245e-02
1.298443973064422607e-01,-1.415557265281677246e-01,1.264329347759485245e-02
1.298950016498565674e-01,-1.419309675693511963e-01,1.217003352940082550e-02
1.298950016498565674e-01,-1.419309675693511963e-01,1.217003352940082550e-02
1.299453079700469971e-01,-1.423050016164779663e-01,1.169783901423215866e-02
1.299453079700469971e-01,-1.423050016164779663e-01,1.169783901423215866e-02
1.299953758716583252e-01,-1.426778435707092285e-01,1.122670900076627731e-02
1.299953758716583252e-01,-1.426778435707092285e-01,1.122670900076627731e-02
1.300451755523681641e-01,-1.430494785308837891e-01,1.075662486255168915e-02
1.300451755523681641e-01,-1.430494785308837891e-01,1.075662486255168915e-02
1.300947517156600952e-01,-1.434199213981628418e-01,1.028760056942701340e-02
1.300947517156600952e-01,-1.434199213981628418e-01,1.028760056942701340e-02
1.301440596580505371e-01,-1.437891721725463867e-01,9.819627739489078522e-03
1.301440596580505371e-01,-1.437891721725463867e-01,9.819627739489078522e-03
1.301930993795394897e-01,-1.441572308540344238e-01,9.352696128189563751e-03
1.301930993795394897e-01,-1.441572308540344238e-01,9.352696128189563751e-03
1.302419006824493408e-01,-1.445240825414657593e-01,8.886823430657386780e-03
1.302419006824493408e-01,-1.445240825414657593e-01,8.886823430657386780e-03
1.302904635667800903e-01,-1.448897570371627808e-01,8.421988226473331451e-03
1.302904635667800903e-01,-1.448897570371627808e-01,8.421988226473331451e-03
1.303387582302093506e-01,-1.452542394399642944e-01,7.958190515637397766e-03
1.303387582302093506e-01,-1.452542394399642944e-01,7.958190515637397766e-03
1.303867995738983154e-01,-1.456175148487091064e-01,7.495434954762458801e-03
1.303867995738983154e-01,-1.456175148487091064e-01,7.495434954762458801e-03
1.304346024990081787e-01,-1.459796130657196045e-01,7.033707574009895325e-03
1.304346024990081787e-01,-1.459796130657196045e-01,7.033707574009895325e-03
1.304821521043777466e-01,-1.463405340909957886e-01,6.573014892637729645e-03
1.304821521043777466e-01,-1.463405340909957886e-01,6.573014892637729645e-03
1.305294781923294067e-01,-1.467002779245376587e-01,6.113355979323387146e-03
1.305294781923294067e-01,-1.467002779245376587e-01,6.113355979323387146e-03
1.305765062570571899e-01,-1.470587849617004395e-01,5.654724780470132828e-03
1.305765062570571899e-01,-1.470587849617004395e-01,5.654724780470132828e-03
1.306233257055282593e-01,-1.474161446094512939e-01,5.197109188884496689e-03
1.306233257055282593e-01,-1.474161446094512939e-01,5.197109188884496689e-03
1.306698918342590332e-01,-1.477722972631454468e-01,4.740519914776086807e-03
1.306698918342590332e-01,-1.477722972631454468e-01,4.740519914776086807e-03
1.307162195444107056e-01,-1.481272578239440918e-01,4.284945782274007797e-03
1.307162195444107056e-01,-1.481272578239440918e-01,4.284945782274007797e-03
1.307622939348220825e-01,-1.484810560941696167e-01,3.830392844974994659e-03
1.307622939348220825e-01,-1.484810560941696167e-01,3.830392844974994659e-03
1.308081448078155518e-01,-1.488336771726608276e-01,3.376852255314588547e-03
1.308081448078155518e-01,-1.488336771726608276e-01,3.376852255314588547e-03
1.308537125587463379e-01,-1.491850912570953369e-01,2.924316329881548882e-03
1.308537125587463379e-01,-1.491850912570953369e-01,2.924316329881548882e-03
1.308990716934204102e-01,-1.495353430509567261e-01,2.472789958119392395e-03
1.308990716934204102e-01,-1.495353430509567261e-01,2.472789958119392395e-03
1.309441775083541870e-01,-1.498844027519226074e-01,2.022271044552326202e-03
1.309441775083541870e-01,-1.498844027519226074e-01,2.022271044552326202e-03
1.309890300035476685e-01,-1.502322852611541748e-01,1.572753069922327995e-03
1.309890300035476685e-01,-1.502322852611541748e-01,1.572753069922327995e-03
1.310336589813232422e-01,-1.505789905786514282e-01,1.124234404414892197e-03
1.310336589813232422e-01,-1.505789905786514282e-01,1.124234404414892197e-03
1.310780644416809082e-01,-1.509245187044143677e-01,6.767140584997832775e-04
1.310780644416809082e-01,-1.509245187044143677e-01,6.767140584997832775e-04
1.311222016811370850e-01,-1.512688696384429932e-01,2.301843051100149751e-04
1.311222016811370850e-01,-1.512688696384429932e-01,2.301843051100149751e-04
1.311661005020141602e-01,-1.516120284795761108e-01,-2.153522364096716046e-04
1.311661005020141602e-01,-1.516120284795761108e-01,-2.153522364096716046e-04
1.312097758054733276e-01,-1.519540399312973022e-01,-6.599033367820084095e-04
1.312097758054733276e-01,-1.519540399312973022e-01,-6.599033367820084095e-04
1.312532126903533936e-01,-1.522948443889617920e-01,-1.103462302125990391e-03
1.312532126903533936e-01,-1.522948443889617920e-01,-1.103462302125990391e-03
1.312963962554931641e-01,-1.526345163583755493e-01,-1.546043786220252514e-03
1.312963962554931641e-01,-1.526345163583755493e-01,-1.546043786220252514e-03
1.313393563032150269e-01,-1.529729813337326050e-01,-1.987643539905548096e-03
1.313393563032150269e-01,-1.529729813337326050e-01,-1.987643539905548096e-03
1.313820928335189819e-01,-1.533102840185165405e-01,-2.428267151117324829e-03
1.313820928335189819e-01,-1.533102840185165405e-01,-2.428267151117324829e-03
1.314245760440826416e-01,-1.536464095115661621e-01,-2.867916366085410118e-03
1.314245760440826416e-01,-1.536464095115661621e-01,-2.867916366085410118e-03
1.314668357372283936e-01,-1.539813578128814697e-01,-3.306592116132378578e-03
1.314668357372283936e-01,-1.539813578128814697e-01,-3.306592116132378578e-03
1.315088570117950439e-01,-1.543151438236236572e-01,-3.744299756363034248e-03
1.315088570117950439e-01,-1.543151438236236572e-01,-3.744299756363034248e-03
1.315506398677825928e-01,-1.546477675437927246e-01,-4.181036725640296936e-03
1.315506398677825928e-01,-1.546477675437927246e-01,-4.181036725640296936e-03
1.315922141075134277e-01,-1.549792289733886719e-01,-4.616813268512487411e-03
1.315922141075134277e-01,-1.549792289733886719e-01,-4.616813268512487411e-03
1.316335350275039673e-01,-1.553095281124114990e-01,-5.051632877439260483e-03
1.316335350275039673e-01,-1.553095281124114990e-01,-5.051632877439260483e-03
1.316746473312377930e-01,-1.556386351585388184e-01,-5.485483910888433456e-03
1.316746473312377930e-01,-1.556386351585388184e-01,-5.485483910888433456e-03
1.317155063152313232e-01,-1.559665799140930176e-01,-5.918387323617935181e-03
1.317155063152313232e-01,-1.559665799140930176e-01,-5.918387323617935181e-03
1.317561417818069458e-01,-1.562933772802352905e-01,-6.350337993353605270e-03
1.317561417818069458e-01,-1.562933772802352905e-01,-6.350337993353605270e-03
1.317965537309646606e-01,-1.566190123558044434e-01,-6.781332194805145264e-03
1.317965537309646606e-01,-1.566190123558044434e-01,-6.781332194805145264e-03
1.318367272615432739e-01,-1.569434702396392822e-01,-7.211383432149887085e-03
1.318367272615432739e-01,-1.569434702396392822e-01,-7.211383432149887085e-03
1.318767070770263672e-01,-1.572667807340621948e-01,-7.640493568032979965e-03
1.318767070770263672e-01,-1.572667807340621948e-01,-7.640493568032979965e-03
1.319164335727691650e-01,-1.575888842344284058e-01,-8.068653754889965057e-03
1.319164335727691650e-01,-1.575888842344284058e-01,-8.068653754889965057e-03
1.319559514522552490e-01,-1.579098850488662720e-01,-8.495878428220748901e-03
1.319559514522552490e-01,-1.579098850488662720e-01,-8.495878428220748901e-03
1.319952011108398438e-01,-1.582297086715698242e-01,-8.922170847654342651e-03
1.319952011108398438e-01,-1.582297086715698242e-01,-8.922170847654342651e-03
1.320342868566513062e-01,-1.585483700037002563e-01,-9.347521699965000153e-03
1.320342868566513062e-01,-1.585483700037002563e-01,-9.347521699965000153e-03
1.320731043815612793e-01,-1.588658541440963745e-01,-9.771944023668766022e-03
1.320731043815612793e-01,-1.588658541440963745e-01,-9.771944023668766022e-03
1.321117281913757324e-01,-1.591822057962417603e-01,-1.019544247537851334e-02
1.321117281913757324e-01,-1.591822057962417603e-01,-1.019544247537851334e-02
1.321500986814498901e-01,-1.594974100589752197e-01,-1.061801332980394363e-02
1.321500986814498901e-01,-1.594974100589752197e-01,-1.061801332980394363e-02
1.321882754564285278e-01,-1.598114371299743652e-01,-1.103965565562248230e-02
1.321882754564285278e-01,-1.598114371299743652e-01,-1.103965565562248230e-02
1.322261989116668701e-01,-1.601243019104003906e-01,-1.146038621664047241e-02
1.322261989116668701e-01,-1.601243019104003906e-01,-1.146038621664047241e-02
1.322639435529708862e-01,-1.604360193014144897e-01,-1.188019756227731705e-02
1.322639435529708862e-01,-1.604360193014144897e-01,-1.188019756227731705e-02
1.323014348745346069e-01,-1.607465893030166626e-01,-1.229909714311361313e-02
1.323014348745346069e-01,-1.607465893030166626e-01,-1.229909714311361313e-02
1.323387175798416138e-01,-1.610560268163681030e-01,-1.271707285195589066e-02
1.323387175798416138e-01,-1.610560268163681030e-01,-1.271707285195589066e-02
1.323757916688919067e-01,-1.613643020391464233e-01,-1.313415076583623886e-02
1.323757916688919067e-01,-1.613643020391464233e-01,-1.313415076583623886e-02
1.324126422405242920e-01,-1.616714149713516235e-01,-1.355031877756118774e-02
1.324126422405242920e-01,-1.616714149713516235e-01,-1.355031877756118774e-02
1.324492841958999634e-01,-1.619773805141448975e-01,-1.396558154374361038e-02
1.324492841958999634e-01,-1.619773805141448975e-01,-1.396558154374361038e-02
1.324856877326965332e-01,-1.622821986675262451e-01,-1.437994651496410370e-02
1.324856877326965332e-01,-1.622821986675262451e-01,-1.437994651496410370e-02
1.325218975543975830e-01,-1.625858694314956665e-01,-1.479340717196464539e-02
1.325218975543975830e-01,-1.625858694314956665e-01,-1.479340717196464539e-02
1.325578689575195312e-01,-1.628883928060531616e-01,-1.520598027855157852e-02
1.325578689575195312e-01,-1.628883928060531616e-01,-1.520598027855157852e-02
1.325936615467071533e-01,-1.631897687911987305e-01,-1.561765465885400772e-02
1.325936615467071533e-01,-1.631897687911987305e-01,-1.561765465885400772e-02
1.326292157173156738e-01,-1.634900122880935669e-01,-1.602844335138797760e-02
1.326292157173156738e-01,-1.634900122880935669e-01,-1.602844335138797760e-02
1.326645612716674805e-01,-1.637891083955764771e-01,-1.643834449350833893e-02
1.326645612716674805e-01,-1.637891083955764771e-01,-1.643834449350833893e-02
1.326996833086013794e-01,-1.640870422124862671e-01,-1.684735901653766632e-02
1.326996833086013794e-01,-1.640870422124862671e-01,-1.684735901653766632e-02
1.327345967292785645e-01,-1.643838435411453247e-01,-1.725549064576625824e-02
1.327345967292785645e-01,-1.643838435411453247e-01,-1.725549064576625824e-02
1.327693164348602295e-01,-1.646795123815536499e-01,-1.766274310648441315e-02
1.327693164348602295e-01,-1.646795123815536499e-01,-1.766274310648441315e-02
1.328037977218627930e-01,-1.649740189313888550e-01,-1.806912384927272797e-02
1.328037977218627930e-01,-1.649740189313888550e-01,-1.806912384927272797e-02
1.328380852937698364e-01,-1.652674078941345215e-01,-1.847462728619575500e-02
1.328380852937698364e-01,-1.652674078941345215e-01,-1.847462728619575500e-02
1.328721940517425537e-01,-1.655596494674682617e-01,-1.887926086783409119e-02
1.328721940517425537e-01,-1.655596494674682617e-01,-1.887926086783409119e-02
1.329060494899749756e-01,-1.658507585525512695e-01,-1.928303018212318420e-02
1.329060494899749756e-01,-1.658507585525512695e-01,-1.928303018212318420e-02
1.329397261142730713e-01,-1.661407202482223511e-01,-1.968592591583728790e-02
1.329397261142730713e-01,-1.661407202482223511e-01,-1.968592591583728790e-02
1.329731792211532593e-01,-1.664295345544815063e-01,-2.008796483278274536e-02
1.329731792211532593e-01,-1.664295345544815063e-01,-2.008796483278274536e-02
1.330064237117767334e-01,-1.667172312736511230e-01,-2.048914320766925812e-02
1.330064237117767334e-01,-1.667172312736511230e-01,-2.048914320766925812e-02
1.330394744873046875e-01,-1.670037806034088135e-01,-2.088946290314197540e-02
1.330394744873046875e-01,-1.670037806034088135e-01,-2.088946290314197540e-02
1.330723315477371216e-01,-1.672892123460769653e-01,-2.128892764449119568e-02
1.330723315477371216e-01,-1.672892123460769653e-01,-2.128892764449119568e-02
1.331049501895904541e-01,-1.675735116004943848e-01,-2.168753556907176971e-02
1.331049501895904541e-01,-1.675735116004943848e-01,-2.168753556907176971e-02
1.331373751163482666e-01,-1.678566485643386841e-01,-2.208530716598033905e-02
1.331373751163482666e-01,-1.678566485643386841e-01,-2.208530716598033905e-02
1.331696063280105591e-01,-1.681386977434158325e-01,-2.248222939670085907e-02
1.331696063280105591e-01,-1.681386977434158325e-01,-2.248222939670085907e-02
1.332016289234161377e-01,-1.684195697307586670e-01,-2.287829853594303131e-02
1.332016289234161377e-01,-1.684195697307586670e-01,-2.287829853594303131e-02
1.332334727048873901e-01,-1.686993390321731567e-01,-2.327353507280349731e-02
1.332334727048873901e-01,-1.686993390321731567e-01,-2.327353507280349731e-02
1.332650780677795410e-01,-1.689779758453369141e-01,-2.366792783141136169e-02
1.332650780677795410e-01,-1.689779758453369141e-01,-2.366792783141136169e-02
1.332965195178985596e-01,-1.692554950714111328e-01,-2.406149171292781830e-02
1.332965195178985596e-01,-1.692554950714111328e-01,-2.406149171292781830e-02
1.333277523517608643e-01,-1.695318669080734253e-01,-2.445421926677227020e-02
1.333277523517608643e-01,-1.695318669080734253e-01,-2.445421926677227020e-02
1.333587616682052612e-01,-1.698071211576461792e-01,-2.484612725675106049e-02
1.333587616682052612e-01,-1.698071211576461792e-01,-2.484612725675106049e-02
1.333895921707153320e-01,-1.700812429189682007e-01,-2.523718960583209991e-02
1.333895921707153320e-01,-1.700812429189682007e-01,-2.523718960583209991e-02
1.334202289581298828e-01,-1.703542321920394897e-01,-2.562743984162807465e-02
1.334202289581298828e-01,-1.703542321920394897e-01,-2.562743984162807465e-02
1.334506571292877197e-01,-1.706261038780212402e-01,-2.601686492562294006e-02
1.334506571292877197e-01,-1.706261038780212402e-01,-2.601686492562294006e-02
1.334808915853500366e-01,-1.708968579769134521e-01,-2.640547044575214386e-02
1.334808915853500366e-01,-1.708968579769134521e-01,-2.640547044575214386e-02
1.335109472274780273e-01,-1.711665093898773193e-01,-2.679326198995113373e-02
1.335109472274780273e-01,-1.711665093898773193e-01,-2.679326198995113373e-02
1.335407793521881104e-01,-1.714350134134292603e-01,-2.718023397028446198e-02
1.335407793521881104e-01,-1.714350134134292603e-01,-2.718023397028446198e-02
1.335704326629638672e-01,-1.717023998498916626e-01,-2.756640501320362091e-02
1.335704326629638672e-01,-1.717023998498916626e-01,-2.756640501320362091e-02
1.335998773574829102e-01,-1.719686537981033325e-01,-2.795176766812801361e-02
1.335998773574829102e-01,-1.719686537981033325e-01,-2.795176766812801361e-02
1.336291581392288208e-01,-1.722338199615478516e-01,-2.833631634712219238e-02
1.336291581392288208e-01,-1.722338199615478516e-01,-2.833631634712219238e-02
1.336582303047180176e-01,-1.724978387355804443e-01,-2.872006781399250031e-02
1.336582303047180176e-01,-1.724978387355804443e-01,-2.872006781399250031e-02
1.336871087551116943e-01,-1.727607548236846924e-01,-2.910301648080348969e-02
1.336871087551116943e-01,-1.727607548236846924e-01,-2.910301648080348969e-02
1.337158083915710449e-01,-1.730225682258605957e-01,-2.948516793549060822e-02
1.337158083915710449e-01,-1.730225682258605957e-01,-2.948516793549060822e-02
1.337442994117736816e-01,-1.732832491397857666e-01,-2.986652962863445282e-02
1.337442994117736816e-01,-1.732832491397857666e-01,-2.986652962863445282e-02
1.337725967168807983e-01,-1.735427975654602051e-01,-3.024709597229957581e-02
1.337725967168807983e-01,-1.735427975654602051e-01,-3.024709597229957581e-02
1.338007450103759766e-01,-1.738012731075286865e-01,-3.062687814235687256e-02
1.338007450103759766e-01,-1.738012731075286865e-01,-3.062687814235687256e-02
1.338286697864532471e-01,-1.740586012601852417e-01,-3.100586868822574615e-02
1.338286697864532471e-01,-1.740586012601852417e-01,-3.100586868822574615e-02
1.338564157485961914e-01,-1.743148267269134521e-01,-3.138408437371253967e-02
1.338564157485961914e-01,-1.743148267269134521e-01,-3.138408437371253967e-02
1.338839530944824219e-01,-1.745699495077133179e-01,-3.176150843501091003e-02
1.338839530944824219e-01,-1.745699495077133179e-01,-3.176150843501091003e-02
1.339113414287567139e-01,-1.748239547014236450e-01,-3.213815763592720032e-02
1.339113414287567139e-01,-1.748239547014236450e-01,-3.213815763592720032e-02
1.339385360479354858e-01,-1.750768423080444336e-01,-3.251403570175170898e-02
1.339385360479354858e-01,-1.750768423080444336e-01,-3.251403570175170898e-02
1.339655369520187378e-01,-1.753286272287368774e-01,-3.288913890719413757e-02
1.339655369520187378e-01,-1.753286272287368774e-01,-3.288913890719413757e-02
1.339923441410064697e-01,-1.755793094635009766e-01,-3.326347470283508301e-02
1.339923441410064697e-01,-1.755793094635009766e-01,-3.326347470283508301e-02
1.340189725160598755e-01,-1.758288890123367310e-01,-3.363703936338424683e-02
1.340189725160598755e-01,-1.758288890123367310e-01,-3.363703936338424683e-02
1.340454369783401489e-01,-1.760773360729217529e-01,-3.400984406471252441e-02
1.340454369783401489e-01,-1.760773360729217529e-01,-3.400984406471252441e-02
1.340717077255249023e-01,-1.763246953487396240e-01,-3.438188508152961731e-02
1.340717077255249023e-01,-1.763246953487396240e-01,-3.438188508152961731e-02
1.340977698564529419e-01,-1.765709519386291504e-01,-3.475316986441612244e-02
1.340977698564529419e-01,-1.765709519386291504e-01,-3.475316986441612244e-02
1.341236680746078491e-01,-1.768160909414291382e-01,-3.512369096279144287e-02
1.341236680746078491e-01,-1.768160909414291382e-01,-3.512369096279144287e-02
1.341494172811508179e-01,-1.770601570606231689e-01,-3.549346700310707092e-02
1.341494172811508179e-01,-1.770601570606231689e-01,-3.549346700310707092e-02
1.341749578714370728e-01,-1.773030906915664673e-01,-3.586248680949211121e-02
1.341749578714370728e-01,-1.773030906915664673e-01,-3.586248680949211121e-02
1.342003345489501953e-01,-1.775449514389038086e-01,-3.623076528310775757e-02
1.342003345489501953e-01,-1.775449514389038086e-01,-3.623076528310775757e-02
1.342255026102066040e-01,-1.777856945991516113e-01,-3.659829124808311462e-02
1.342255026102066040e-01,-1.777856945991516113e-01,-3.659829124808311462e-02
1.342505216598510742e-01,-1.780253350734710693e-01,-3.696507588028907776e-02
1.342505216598510742e-01,-1.780253350734710693e-01,-3.696507588028907776e-02
1.342753469944000244e-01,-1.782638728618621826e-01,-3.733111917972564697e-02
1.342753469944000244e-01,-1.782638728618621826e-01,-3.733111917972564697e-02
1.343000084161758423e-01,-1.785013228654861450e-01,-3.769643604755401611e-02
1.343000084161758423e-01,-1.785013228654861450e-01,-3.769643604755401611e-02
1.343244910240173340e-01,-1.787376701831817627e-01,-3.806101530790328979e-02
1.343244910240173340e-01,-1.787376701831817627e-01,-3.806101530790328979e-02
1.343487948179244995e-01,-1.789729297161102295e-01,-3.842485696077346802e-02
1.343487948179244995e-01,-1.789729297161102295e-01,-3.842485696077346802e-02
1.343729197978973389e-01,-1.792070716619491577e-01,-3.878797590732574463e-02
1.343729197978973389e-01,-1.792070716619491577e-01,-3.878797590732574463e-02
1.343968957662582397e-01,-1.794401407241821289e-01,-3.915036842226982117e-02
1.343968957662582397e-01,-1.794401407241821289e-01,-3.915036842226982117e-02
1.344206780195236206e-01,-1.796721220016479492e-01,-3.951203078031539917e-02
1.344206780195236206e-01,-1.796721220016479492e-01,-3.951203078031539917e-02
1.344442814588546753e-01,-1.799030005931854248e-01,-3.987297788262367249e-02
1.344442814588546753e-01,-1.799030005931854248e-01,-3.987297788262367249e-02
1.344677358865737915e-01,-1.801327764987945557e-01,-4.023320600390434265e-02
1.344677358865737915e-01,-1.801327764987945557e-01,-4.023320600390434265e-02
1.344910115003585815e-01,-1.803614795207977295e-01,-4.059272259473800659e-02
1.344910115003585815e-01,-1.803614795207977295e-01,-4.059272259473800659e-02
1.345141083002090454e-01,-1.805890798568725586e-01,-4.095152392983436584e-02
1.345141083002090454e-01,-1.805890798568725586e-01,-4.095152392983436584e-02
1.345370262861251831e-01,-1.808155924081802368e-01,-4.130961373448371887e-02
1.345370262861251831e-01,-1.808155924081802368e-01,-4.130961373448371887e-02
1.345598101615905762e-01,-1.810410022735595703e-01,-4.166699945926666260e-02
1.345598101615905762e-01,-1.810410022735595703e-01,-4.166699945926666260e-02
1.345824003219604492e-01,-1.812653392553329468e-01,-4.202367365360260010e-02
1.345824003219604492e-01,-1.812653392553329468e-01,-4.202367365360260010e-02
1.346048265695571899e-01,-1.814885884523391724e-01,-4.237965866923332214e-02
1.346048265695571899e-01,-1.814885884523391724e-01,-4.237965866923332214e-02
1.346270889043807983e-01,-1.817107647657394409e-01,-4.273493960499763489e-02
1.346270889043807983e-01,-1.817107647657394409e-01,-4.273493960499763489e-02
1.346491724252700806e-01,-1.819318383932113647e-01,-4.308952391147613525e-02
1.346491724252700806e-01,-1.819318383932113647e-01,-4.308952391147613525e-02
1.346711069345474243e-01,-1.821518540382385254e-01,-4.344341531395912170e-02
1.346711069345474243e-01,-1.821518540382385254e-01,-4.344341531395912170e-02
1.346928626298904419e-01,-1.823707520961761475e-01,-4.379661753773689270e-02
1.346928626298904419e-01,-1.823707520961761475e-01,-4.379661753773689270e-02
1.347144693136215210e-01,-1.825885772705078125e-01,-4.414912685751914978e-02
1.347144693136215210e-01,-1.825885772705078125e-01,-4.414912685751914978e-02
1.347358822822570801e-01,-1.828053146600723267e-01,-4.450095817446708679e-02
1.347358822822570801e-01,-1.828053146600723267e-01,-4.450095817446708679e-02
1.347571611404418945e-01,-1.830209791660308838e-01,-4.485210403800010681e-02
1.347571611404418945e-01,-1.830209791660308838e-01,-4.485210403800010681e-02
1.347782611846923828e-01,-1.832355856895446777e-01,-4.520257562398910522e-02
1.347782611846923828e-01,-1.832355856895446777e-01,-4.520257562398910522e-02
1.347992271184921265e-01,-1.834490746259689331e-01,-4.555236175656318665e-02
1.347992271184921265e-01,-1.834490746259689331e-01,-4.555236175656318665e-02
1.348200142383575439e-01,-1.836615055799484253e-01,-4.590147733688354492e-02
1.348200142383575439e-01,-1.836615055799484253e-01,-4.590147733688354492e-02
1.348406225442886353e-01,-1.838728636503219604e-01,-4.624992236495018005e-02
1.348406225442886353e-01,-1.838728636503219604e-01,-4.624992236495018005e-02
1.348610967397689819e-01,-1.840831339359283447e-01,-4.659769684076309204e-02
1.348610967397689819e-01,-1.840831339359283447e-01,-4.659769684076309204e-02
1.348814070224761963e-01,-1.842923313379287720e-01,-4.694481194019317627e-02
1.348814070224761963e-01,-1.842923313379287720e-01,-4.694481194019317627e-02
1.349015682935714722e-01,-1.845004409551620483e-01,-4.729126021265983582e-02
1.349015682935714722e-01,-1.845004409551620483e-01,-4.729126021265983582e-02
1.349215507507324219e-01,-1.847074925899505615e-01,-4.763703793287277222e-02
1.349215507507324219e-01,-1.847074925899505615e-01,-4.763703793287277222e-02
1.349413841962814331e-01,-1.849134713411331177e-01,-4.798216745257377625e-02
1.349413841962814331e-01,-1.849134713411331177e-01,-4.798216745257377625e-02
1.349610686302185059e-01,-1.851183772087097168e-01,-4.832665249705314636e-02
1.349610686302185059e-01,-1.851183772087097168e-01,-4.832665249705314636e-02
1.349805742502212524e-01,-1.853222101926803589e-01,-4.867046698927879333e-02
1.349805742502212524e-01,-1.853222101926803589e-01,-4.867046698927879333e-02
1.349999606609344482e-01,-1.855249553918838501e-01,-4.901364818215370178e-02
1.349999606609344482e-01,-1.855249553918838501e-01,-4.901364818215370178e-02
1.350191533565521240e-01,-1.857266277074813843e-01,-4.935616999864578247e-02
1.350191533565521240e-01,-1.857266277074813843e-01,-4.935616999864578247e-02
1.350382417440414429e-01,-1.859272569417953491e-01,-4.969804733991622925e-02
1.350382417440414429e-01,-1.859272569417953491e-01,-4.969804733991622925e-02
1.350571364164352417e-01,-1.861268132925033569e-01,-5.003929510712623596e-02
1.350571364164352417e-01,-1.861268132925033569e-01,-5.003929510712623596e-02
1.350758820772171021e-01,-1.863252818584442139e-01,-5.037989467382431030e-02
1.350758820772171021e-01,-1.863252818584442139e-01,-5.037989467382431030e-02
1.350945085287094116e-01,-1.865227222442626953e-01,-5.071986094117164612e-02
1.350945085287094116e-01,-1.865227222442626953e-01,-5.071986094117164612e-02
1.351129412651062012e-01,-1.867190599441528320e-01,-5.105919763445854187e-02
1.351129412651062012e-01,-1.867190599441528320e-01,-5.105919763445854187e-02
1.351312547922134399e-01,-1.869143545627593994e-01,-5.139790102839469910e-02
1.351312547922134399e-01,-1.869143545627593994e-01,-5.139790102839469910e-02
1.351494193077087402e-01,-1.871085762977600098e-01,-5.173597484827041626e-02
1.351494193077087402e-01,-1.871085762977600098e-01,-5.173597484827041626e-02
1.351674199104309082e-01,-1.873017400503158569e-01,-5.207342654466629028e-02
1.351674199104309082e-01,-1.873017400503158569e-01,-5.207342654466629028e-02
1.351852566003799438e-01,-1.874938309192657471e-01,-5.241025611758232117e-02
1.351852566003799438e-01,-1.874938309192657471e-01,-5.241025611758232117e-02
1.352029740810394287e-01,-1.876848638057708740e-01,-5.274645984172821045e-02
1.352029740810394287e-01,-1.876848638057708740e-01,-5.274645984172821045e-02
1.352205276489257812e-01,-1.878748387098312378e-01,-5.308205634355545044e-02
1.352205276489257812e-01,-1.878748387098312378e-01,-5.308205634355545044e-02
1.352379322052001953e-01,-1.880637407302856445e-01,-5.341703072190284729e-02
1.352379322052001953e-01,-1.880637407302856445e-01,-5.341703072190284729e-02
1.352552026510238647e-01,-1.882515996694564819e-01,-5.375140532851219177e-02
1.352552026510238647e-01,-1.882515996694564819e-01,-5.375140532851219177e-02
1.352723389863967896e-01,-1.884383857250213623e-01,-5.408515781164169312e-02
1.352723389863967896e-01,-1.884383857250213623e-01,-5.408515781164169312e-02
1.352893114089965820e-01,-1.886241436004638672e-01,-5.441831424832344055e-02
1.352893114089965820e-01,-1.886241436004638672e-01,-5.441831424832344055e-02
1.353061646223068237e-01,-1.888088136911392212e-01,-5.475086718797683716e-02
1.353061646223068237e-01,-1.888088136911392212e-01,-5.475086718797683716e-02
1.353228539228439331e-01,-1.889924407005310059e-01,-5.508282035589218140e-02
1.353228539228439331e-01,-1.889924407005310059e-01,-5.508282035589218140e-02
1.353393942117691040e-01,-1.891750097274780273e-01,-5.541417002677917480e-02
1.353393942117691040e-01,-1.891750097274780273e-01,-5.541417002677917480e-02
1.353558003902435303e-01,-1.893565207719802856e-01,-5.574492737650871277e-02
1.353558003902435303e-01,-1.893565207719802856e-01,-5.574492737650871277e-02
1.353720873594284058e-01,-1.895370036363601685e-01,-5.607509613037109375e-02
1.353720873594284058e-01,-1.895370036363601685e-01,-5.607509613037109375e-02
1.353881955146789551e-01,-1.897163838148117065e-01,-5.640466883778572083e-02
1.353881955146789551e-01,-1.897163838148117065e-01,-5.640466883778572083e-02
1.354041993618011475e-01,-1.898947358131408691e-01,-5.673366412520408630e-02
1.354041993618011475e-01,-1.898947358131408691e-01,-5.673366412520408630e-02
1.354200392961502075e-01,-1.900720745325088501e-01,-5.706206709146499634e-02
1.354200392961502075e-01,-1.900720745325088501e-01,-5.706206709146499634e-02
1.354357600212097168e-01,-1.902483403682708740e-01,-5.738989263772964478e-02
1.354357600212097168e-01,-1.902483403682708740e-01,-5.738989263772964478e-02
1.354513168334960938e-01,-1.904235482215881348e-01,-5.771714448928833008e-02
1.354513168334960938e-01,-1.904235482215881348e-01,-5.771714448928833008e-02
1.354667693376541138e-01,-1.905976980924606323e-01,-5.804382264614105225e-02
1.354667693376541138e-01,-1.905976980924606323e-01,-5.804382264614105225e-02
1.354820579290390015e-01,-1.907708197832107544e-01,-5.836991220712661743e-02
1.354820579290390015e-01,-1.907708197832107544e-01,-5.836991220712661743e-02
1.354972422122955322e-01,-1.909428983926773071e-01,-5.869544297456741333e-02
1.354972422122955322e-01,-1.909428983926773071e-01,-5.869544297456741333e-02
1.355122625827789307e-01,-1.911139190196990967e-01,-5.902040377259254456e-02
1.355122625827789307e-01,-1.911139190196990967e-01,-5.902040377259254456e-02
1.355271637439727783e-01,-1.912838965654373169e-01,-5.934479832649230957e-02
1.355271637439727783e-01,-1.912838965654373169e-01,-5.934479832649230957e-02
1.355419158935546875e-01,-1.914528161287307739e-01,-5.966863781213760376e-02
1.355419158935546875e-01,-1.914528161287307739e-01,-5.966863781213760376e-02
1.355565488338470459e-01,-1.916207224130630493e-01,-5.999191105365753174e-02
1.355565488338470459e-01,-1.916207224130630493e-01,-5.999191105365753174e-02
1.355710476636886597e-01,-1.917875707149505615e-01,-6.031463295221328735e-02
1.355710476636886597e-01,-1.917875707149505615e-01,-6.031463295221328735e-02
1.355854123830795288e-01,-1.919533759355545044e-01,-6.063679605722427368e-02
1.355854123830795288e-01,-1.919533759355545044e-01,-6.063679605722427368e-02
1.355996429920196533e-01,-1.921181380748748779e-01,-6.095840781927108765e-02
1.355996429920196533e-01,-1.921181380748748779e-01,-6.095840781927108765e-02
1.356137394905090332e-01,-1.922818720340728760e-01,-6.127947568893432617e-02
1.356137394905090332e-01,-1.922818720340728760e-01,-6.127947568893432617e-02
1.356277167797088623e-01,-1.924445629119873047e-01,-6.159999594092369080e-02
1.356277167797088623e-01,-1.924445629119873047e-01,-6.159999594092369080e-02
1.356415599584579468e-01,-1.926062107086181641e-01,-6.191997602581977844e-02
1.356415599584579468e-01,-1.926062107086181641e-01,-6.191997602581977844e-02
1.356552988290786743e-01,-1.927668303251266479e-01,-6.223941594362258911e-02
1.356552988290786743e-01,-1.927668303251266479e-01,-6.223941594362258911e-02
1.356688737869262695e-01,-1.929264068603515625e-01,-6.255831569433212280e-02
1.356688737869262695e-01,-1.929264068603515625e-01,-6.255831569433212280e-02
1.356823444366455078e-01,-1.930849552154541016e-01,-6.287667155265808105e-02
1.356823444366455078e-01,-1.930849552154541016e-01,-6.287667155265808105e-02
1.356956809759140015e-01,-1.932424753904342651e-01,-6.319451332092285156e-02
1.356956809759140015e-01,-1.932424753904342651e-01,-6.319451332092285156e-02
1.357088834047317505e-01,-1.933989375829696655e-01,-6.351181864738464355e-02
1.357088834047317505e-01,-1.933989375829696655e-01,-6.351181864738464355e-02
1.357219666242599487e-01,-1.935543715953826904e-01,-6.382859498262405396e-02
1.357219666242599487e-01,-1.935543715953826904e-01,-6.382859498262405396e-02
1.357349306344985962e-01,-1.937087774276733398e-01,-6.414484232664108276e-02
1.357349306344985962e-01,-1.937087774276733398e-01,-6.414484232664108276e-02
1.357477605342864990e-01,-1.938621550798416138e-01,-6.446058303117752075e-02
1.357477605342864990e-01,-1.938621550798416138e-01,-6.446058303117752075e-02
1.357604861259460449e-01,-1.940145045518875122e-01,-6.477580219507217407e-02
1.357604861259460449e-01,-1.940145045518875122e-01,-6.477580219507217407e-02
1.357730776071548462e-01,-1.941658258438110352e-01,-6.509049236774444580e-02
1.357730776071548462e-01,-1.941658258438110352e-01,-6.509049236774444580e-02
1.357855647802352905e-01,-1.943161040544509888e-01,-6.540468335151672363e-02
1.357855647802352905e-01,-1.943161040544509888e-01,-6.540468335151672363e-02
1.357979029417037964e-01,-1.944653689861297607e-01,-6.571836024522781372e-02
1.357979029417037964e-01,-1.944653689861297607e-01,-6.571836024522781372e-02
1.358101367950439453e-01,-1.946136057376861572e-01,-6.603153049945831299e-02
1.358101367950439453e-01,-1.946136057376861572e-01,-6.603153049945831299e-02
1.358222365379333496e-01,-1.947608143091201782e-01,-6.634419411420822144e-02
1.358222365379333496e-01,-1.947608143091201782e-01,-6.634419411420822144e-02
1.358342319726943970e-01,-1.949069947004318237e-01,-6.665635854005813599e-02
1.358342319726943970e-01,-1.949069947004318237e-01,-6.665635854005813599e-02
1.358461230993270874e-01,-1.950521767139434814e-01,-6.696801632642745972e-02
1.358461230993270874e-01,-1.950521767139434814e-01,-6.696801632642745972e-02
1.358578652143478394e-01,-1.951963007450103760e-01,-6.727918982505798340e-02
1.358578652143478394e-01,-1.951963007450103760e-01,-6.727918982505798340e-02
1.358695179224014282e-01,-1.953394263982772827e-01,-6.758985668420791626e-02
1.358695179224014282e-01,-1.953394263982772827e-01,-6.758985668420791626e-02
1.358810365200042725e-01,-1.954814940690994263e-01,-6.790005415678024292e-02
1.358810365200042725e-01,-1.954814940690994263e-01,-6.790005415678024292e-02
1.358924359083175659e-01,-1.956225633621215820e-01,-6.820974498987197876e-02
1.358924359083175659e-01,-1.956225633621215820e-01,-6.820974498987197876e-02
1.359037160873413086e-01,-1.957626044750213623e-01,-6.851895153522491455e-02
1.359037160873413086e-01,-1.957626044750213623e-01,-6.851895153522491455e-02
1.359149068593978882e-01,-1.959016472101211548e-01,-6.882768124341964722e-02
1.359149068593978882e-01,-1.959016472101211548e-01,-6.882768124341964722e-02
1.359259784221649170e-01,-1.960396766662597656e-01,-6.913592666387557983e-02
1.359259784221649170e-01,-1.960396766662597656e-01,-6.913592666387557983e-02
1.359369307756423950e-01,-1.961766630411148071e-01,-6.944370269775390625e-02
1.359369307756423950e-01,-1.961766630411148071e-01,-6.944370269775390625e-02
1.359477639198303223e-01,-1.963126212358474731e-01,-6.975099444389343262e-02
1.359477639198303223e-01,-1.963126212358474731e-01,-6.975099444389343262e-02
1.359585076570510864e-01,-1.964475959539413452e-01,-7.005781680345535278e-02
1.359585076570510864e-01,-1.964475959539413452e-01,-7.005781680345535278e-02
1.359691172838211060e-01,-1.965815424919128418e-01,-7.036416977643966675e-02
1.359691172838211060e-01,-1.965815424919128418e-01,-7.036416977643966675e-02
1.359796226024627686e-01,-1.967144459486007690e-01,-7.067006081342697144e-02
1.359796226024627686e-01,-1.967144459486007690e-01,-7.067006081342697144e-02
1.359900087118148804e-01,-1.968463659286499023e-01,-7.097548246383666992e-02
1.359900087118148804e-01,-1.968463659286499023e-01,-7.097548246383666992e-02
1.360003054141998291e-01,-1.969772577285766602e-01,-7.128044962882995605e-02
1.360003054141998291e-01,-1.969772577285766602e-01,-7.128044962882995605e-02
1.360104829072952271e-01,-1.971071660518646240e-01,-7.158496230840682983e-02
1.360104829072952271e-01,-1.971071660518646240e-01,-7.158496230840682983e-02
1.360205560922622681e-01,-1.972360610961914062e-01,-7.188901305198669434e-02
1.360205560922622681e-01,-1.972360610961914062e-01,-7.188901305198669434e-02
1.360305249691009521e-01,-1.973639130592346191e-01,-7.219260185956954956e-02
1.360305249691009521e-01,-1.973639130592346191e-01,-7.219260185956954956e-02
1.360403746366500854e-01,-1.974907666444778442e-01,-7.249575108289718628e-02
1.360403746366500854e-01,-1.974907666444778442e-01,-7.249575108289718628e-02
1.360501348972320557e-01,-1.976166665554046631e-01,-7.279845327138900757e-02
1.360501348972320557e-01,-1.976166665554046631e-01,-7.279845327138900757e-02
1.360597908496856689e-01,-1.977414935827255249e-01,-7.310072332620620728e-02
1.360597908496856689e-01,-1.977414935827255249e-01,-7.310072332620620728e-02
1.360693424940109253e-01,-1.978653222322463989e-01,-7.340253144502639771e-02
1.360693424940109253e-01,-1.978653222322463989e-01,-7.340253144502639771e-02
1.360787600278854370e-01,-1.979881674051284790e-01,-7.370390743017196655e-02
1.360787600278854370e-01,-1.979881674051284790e-01,-7.370390743017196655e-02
1.360881030559539795e-01,-1.981099992990493774e-01,-7.400484383106231689e-02
1.360881030559539795e-01,-1.981099992990493774e-01,-7.400484383106231689e-02
1.360973417758941650e-01,-1.982308328151702881e-01,-7.430535554885864258e-02
1.360973417758941650e-01,-1.982308328151702881e-01,-7.430535554885864258e-02
1.361064910888671875e-01,-1.983506530523300171e-01,-7.460542768239974976e-02
1.361064910888671875e-01,-1.983506530523300171e-01,-7.460542768239974976e-02
1.361155211925506592e-01,-1.984694451093673706e-01,-7.490506768226623535e-02
1.361155211925506592e-01,-1.984694451093673706e-01,-7.490506768226623535e-02
1.361244320869445801e-01,-1.985872685909271240e-01,-7.520429790019989014e-02
1.361244320869445801e-01,-1.985872685909271240e-01,-7.520429790019989014e-02
1.361332684755325317e-01,-1.987040787935256958e-01,-7.550309598445892334e-02
1.361332684755325317e-01,-1.987040787935256958e-01,-7.550309598445892334e-02
1.361420005559921265e-01,-1.988199353218078613e-01,-7.580147683620452881e-02
1.361420005559921265e-01,-1.988199353218078613e-01,-7.580147683620452881e-02
1.361506432294845581e-01,-1.989347338676452637e-01,-7.609944045543670654e-02
1.361506432294845581e-01,-1.989347338676452637e-01,-7.609944045543670654e-02
1.361591815948486328e-01,-1.990485340356826782e-01,-7.639699429273605347e-02
1.361591815948486328e-01,-1.990485340356826782e-01,-7.639699429273605347e-02
1.361676305532455444e-01,-1.991613805294036865e-01,-7.669412344694137573e-02
1.361676305532455444e-01,-1.991613805294036865e-01,-7.669412344694137573e-02
1.361759752035140991e-01,-1.992732137441635132e-01,-7.699085772037506104e-02
1.361759752035140991e-01,-1.992732137441635132e-01,-7.699085772037506104e-02
1.361842304468154907e-01,-1.993840187788009644e-01,-7.728717476129531860e-02
1.361842304468154907e-01,-1.993840187788009644e-01,-7.728717476129531860e-02
1.361923962831497192e-01,-1.994938701391220093e-01,-7.758308947086334229e-02
1.361923962831497192e-01,-1.994938701391220093e-01,-7.758308947086334229e-02
1.362004429101943970e-01,-1.996026933193206787e-01,-7.787860929965972900e-02
1.362004429101943970e-01,-1.996026933193206787e-01,-7.787860929965972900e-02
1.362084150314331055e-01,-1.997105628252029419e-01,-7.817373424768447876e-02
1.362084150314331055e-01,-1.997105628252029419e-01,-7.817373424768447876e-02
1.362162828445434570e-01,-1.998174041509628296e-01,-7.846846431493759155e-02
1.362162828445434570e-01,-1.998174041509628296e-01,-7.846846431493759155e-02
1.362240612506866455e-01,-1.999232620000839233e-01,-7.876279950141906738e-02
1.362240612506866455e-01,-1.999232620000839233e-01,-7.876279950141906738e-02
1.362317502498626709e-01,-2.000281661748886108e-01,-7.905673980712890625e-02
1.362317502498626709e-01,-2.000281661748886108e-01,-7.905673980712890625e-02
1.362393647432327271e-01,-2.001320272684097290e-01,-7.935029268264770508e-02
1.362393647432327271e-01,-2.001320272684097290e-01,-7.935029268264770508e-02
1.362468600273132324e-01,-2.002349048852920532e-01,-7.964346557855606079e-02
1.362468600273132324e-01,-2.002349048852920532e-01,-7.964346557855606079e-02
1.362542808055877686e-01,-2.003368288278579712e-01,-7.993625849485397339e-02
1.362542808055877686e-01,-2.003368288278579712e-01,-7.993625849485397339e-02
1.362616270780563354e-01,-2.004377543926239014e-01,-8.022866398096084595e-02
1.362616270780563354e-01,-2.004377543926239014e-01,-8.022866398096084595e-02
1.362688690423965454e-01,-2.005376666784286499e-01,-8.052069693803787231e-02
1.362688690423965454e-01,-2.005376666784286499e-01,-8.052069693803787231e-02
1.362760215997695923e-01,-2.006366252899169922e-01,-8.081235736608505249e-02
1.362760215997695923e-01,-2.006366252899169922e-01,-8.081235736608505249e-02
1.362830847501754761e-01,-2.007345706224441528e-01,-8.110365271568298340e-02
1.362830847501754761e-01,-2.007345706224441528e-01,-8.110365271568298340e-02
1.362900584936141968e-01,-2.008315622806549072e-01,-8.139457553625106812e-02
1.362900584936141968e-01,-2.008315622806549072e-01,-8.139457553625106812e-02
1.362969726324081421e-01,-2.009275704622268677e-01,-8.168514072895050049e-02
1.362969726324081421e-01,-2.009275704622268677e-01,-8.168514072895050049e-02
1.363037824630737305e-01,-2.010225951671600342e-01,-8.197534084320068359e-02
1.363037824630737305e-01,-2.010225951671600342e-01,-8.197534084320068359e-02
1.363105028867721558e-01,-2.011165916919708252e-01,-8.226516842842102051e-02
1.363105028867721558e-01,-2.011165916919708252e-01,-8.226516842842102051e-02
1.363171488046646118e-01,-2.012096494436264038e-01,-8.255464583635330200e-02
1.363171488046646118e-01,-2.012096494436264038e-01,-8.255464583635330200e-02
1.363237202167510986e-01,-2.013017386198043823e-01,-8.284376561641693115e-02
1.363237202167510986e-01,-2.013017386198043823e-01,-8.284376561641693115e-02
1.363302022218704224e-01,-2.013928294181823730e-01,-8.313255012035369873e-02
1.363302022218704224e-01,-2.013928294181823730e-01,-8.313255012035369873e-02
1.363365948200225830e-01,-2.014829367399215698e-01,-8.342097699642181396e-02
1.363365948200225830e-01,-2.014829367399215698e-01,-8.342097699642181396e-02
1.363428980112075806e-01,-2.015720605850219727e-01,-8.370904624462127686e-02
1.363428980112075806e-01,-2.015720605850219727e-01,-8.370904624462127686e-02
1.363491564989089966e-01,-2.016602456569671631e-01,-8.399678766727447510e-02
1.363491564989089966e-01,-2.016602456569671631e-01,-8.399678766727447510e-02
1.363553106784820557e-01,-2.017473876476287842e-01,-8.428417891263961792e-02
1.363553106784820557e-01,-2.017473876476287842e-01,-8.428417891263961792e-02
1.363613754510879517e-01,-2.018336355686187744e-01,-8.457124233245849609e-02
1.363613754510879517e-01,-2.018336355686187744e-01,-8.457124233245849609e-02
1.363673806190490723e-01,-2.019188702106475830e-01,-8.485797047615051270e-02
1.363673806190490723e-01,-2.019188702106475830e-01,-8.485797047615051270e-02
1.363733112812042236e-01,-2.020031213760375977e-01,-8.514435589313507080e-02
1.363733112812042236e-01,-2.020031213760375977e-01,-8.514435589313507080e-02
1.363791376352310181e-01,-2.020864337682723999e-01,-8.543041348457336426e-02
1.363791376352310181e-01,-2.020864337682723999e-01,-8.543041348457336426e-02
1.363849192857742310e-01,-2.021687477827072144e-01,-8.571615070104598999e-02
1.363849192857742310e-01,-2.021687477827072144e-01,-8.571615070104598999e-02
1.363906115293502808e-01,-2.022500932216644287e-01,-8.600156009197235107e-02
1.363906115293502808e-01,-2.022500932216644287e-01,-8.600156009197235107e-02
1.363962292671203613e-01,-2.023304849863052368e-01,-8.628664910793304443e-02
1.363962292671203613e-01,-2.023304849863052368e-01,-8.628664910793304443e-02
1.364017724990844727e-01,-2.024098932743072510e-01,-8.657141774892807007e-02
1.364017724990844727e-01,-2.024098932743072510e-01,-8.657141774892807007e-02
1.364072412252426147e-01,-2.024883329868316650e-01,-8.685586601495742798e-02
1.364072412252426147e-01,-2.024883329868316650e-01,-8.685586601495742798e-02
1.364126503467559814e-01,-2.025658190250396729e-01,-8.714000880718231201e-02
1.364126503467559814e-01,-2.025658190250396729e-01,-8.714000880718231201e-02
1.364179700613021851e-01,-2.026423364877700806e-01,-8.742384612560272217e-02
1.364179700613021851e-01,-2.026423364877700806e-01,-8.742384612560272217e-02
1.364232301712036133e-01,-2.027178555727005005e-01,-8.770735561847686768e-02
1.364232301712036133e-01,-2.027178555727005005e-01,-8.770735561847686768e-02
1.364284157752990723e-01,-2.027924358844757080e-01,-8.799056708812713623e-02
1.364284157752990723e-01,-2.027924358844757080e-01,-8.799056708812713623e-02
1.364335268735885620e-01,-2.028660476207733154e-01,-8.827349543571472168e-02
1.364335268735885620e-01,-2.028660476207733154e-01,-8.827349543571472168e-02
1.364385783672332764e-01,-2.029387205839157104e-01,-8.855610340833663940e-02
1.364385783672332764e-01,-2.029387205839157104e-01,-8.855610340833663940e-02
1.364435404539108276e-01,-2.030104100704193115e-01,-8.883842825889587402e-02
1.364435404539108276e-01,-2.030104100704193115e-01,-8.883842825889587402e-02
1.364484429359436035e-01,-2.030811458826065063e-01,-8.912045508623123169e-02
1.364484429359436035e-01,-2.030811458826065063e-01,-8.912045508623123169e-02
1.364533007144927979e-01,-2.031509280204772949e-01,-8.940219134092330933e-02
1.364533007144927979e-01,-2.031509280204772949e-01,-8.940219134092330933e-02
1.364580541849136353e-01,-2.032197415828704834e-01,-8.968362957239151001e-02
1.364580541849136353e-01,-2.032197415828704834e-01,-8.968362957239151001e-02
1.364627629518508911e-01,-2.032875716686248779e-01,-8.996479958295822144e-02
1.364627629518508911e-01,-2.032875716686248779e-01,-8.996479958295822144e-02
1.364673972129821777e-01,-2.033544778823852539e-01,-9.024565666913986206e-02
1.364673972129821777e-01,-2.033544778823852539e-01,-9.024565666913986206e-02
1.364719867706298828e-01,-2.034204155206680298e-01,-9.052626788616180420e-02
1.364719867706298828e-01,-2.034204155206680298e-01,-9.052626788616180420e-02
1.364764869213104248e-01,-2.034854292869567871e-01,-9.080657362937927246e-02
1.364764869213104248e-01,-2.034854292869567871e-01,-9.080657362937927246e-02
1.364809572696685791e-01,-2.035494446754455566e-01,-9.108661860227584839e-02
1.364809572696685791e-01,-2.035494446754455566e-01,-9.108661860227584839e-02
1.364853382110595703e-01,-2.036125063896179199e-01,-9.136639535427093506e-02
1.364853382110595703e-01,-2.036125063896179199e-01,-9.136639535427093506e-02
1.364896446466445923e-01,-2.036745995283126831e-01,-9.164589643478393555e-02
1.364896446466445923e-01,-2.036745995283126831e-01,-9.164589643478393555e-02
1.364939212799072266e-01,-2.037357836961746216e-01,-9.192512929439544678e-02
1.364939212799072266e-01,-2.037357836961746216e-01,-9.192512929439544678e-02
1.364981085062026978e-01,-2.037959992885589600e-01,-9.220409393310546875e-02
1.364981085062026978e-01,-2.037959992885589600e-01,-9.220409393310546875e-02
1.365022510290145874e-01,-2.038552612066268921e-01,-9.248281270265579224e-02
1.365022510290145874e-01,-2.038552612066268921e-01,-9.248281270265579224e-02
1.365063339471817017e-01,-2.039135843515396118e-01,-9.276126325130462646e-02
1.365063339471817017e-01,-2.039135843515396118e-01,-9.276126325130462646e-02
1.365103572607040405e-01,-2.039709687232971191e-01,-9.303945302963256836e-02
1.365103572607040405e-01,-2.039709687232971191e-01,-9.303945302963256836e-02
1.365143358707427979e-01,-2.040273547172546387e-01,-9.331738948822021484e-02
1.365143358707427979e-01,-2.040273547172546387e-01,-9.331738948822021484e-02
1.365182250738143921e-01,-2.040828317403793335e-01,-9.359509497880935669e-02
1.365182250738143921e-01,-2.040828317403793335e-01,-9.359509497880935669e-02
1.365220695734024048e-01,-2.041373699903488159e-01,-9.387253969907760620e-02
1.365220695734024048e-01,-2.041373699903488159e-01,-9.387253969907760620e-02
1.365258693695068359e-01,-2.041909396648406982e-01,-9.414973109960556030e-02
1.365258693695068359e-01,-2.041909396648406982e-01,-9.414973109960556030e-02
1.365296095609664917e-01,-2.042435705661773682e-01,-9.442669153213500977e-02
1.365296095609664917e-01,-2.042435705661773682e-01,-9.442669153213500977e-02
1.365333050489425659e-01,-2.042952477931976318e-01,-9.470341354608535767e-02
1.365333050489425659e-01,-2.042952477931976318e-01,-9.470341354608535767e-02
1.365369260311126709e-01,-2.043460011482238770e-01,-9.497988969087600708e-02
1.365369260311126709e-01,-2.043460011482238770e-01,-9.497988969087600708e-02
1.365404874086380005e-01,-2.043958008289337158e-01,-9.525613486766815186e-02
1.365404874086380005e-01,-2.043958008289337158e-01,-9.525613486766815186e-02
1.365440189838409424e-01,-2.044446766376495361e-01,-9.553214907646179199e-02
1.365440189838409424e-01,-2.044446766376495361e-01,-9.553214907646179199e-02
1.365474909543991089e-01,-2.044925540685653687e-01,-9.580793231725692749e-02
1.365474909543991089e-01,-2.044925540685653687e-01,-9.580793231725692749e-02
1.365509182214736938e-01,-2.045395821332931519e-01,-9.608350694179534912e-02
1.365509182214736938e-01,-2.045395821332931519e-01,-9.608350694179534912e-02
1.365542709827423096e-01,-2.045855969190597534e-01,-9.635884314775466919e-02
1.365542709827423096e-01,-2.045855969190597534e-01,-9.635884314775466919e-02
1.365575939416885376e-01,-2.046307027339935303e-01,-9.663395583629608154e-02
1.365575939416885376e-01,-2.046307027339935303e-01,-9.663395583629608154e-02
1.365608721971511841e-01,-2.046748548746109009e-01,-9.690887480974197388e-02
1.365608721971511841e-01,-2.046748548746109009e-01,-9.690887480974197388e-02
1.365640759468078613e-01,-2.047180980443954468e-01,-9.718354046344757080e-02
1.365640759468078613e-01,-2.047180980443954468e-01,-9.718354046344757080e-02
1.365672647953033447e-01,-2.047603726387023926e-01,-9.745803475379943848e-02
1.365672647953033447e-01,-2.047603726387023926e-01,-9.745803475379943848e-02
1.365703791379928589e-01,-2.048017382621765137e-01,-9.773229807615280151e-02
1.365703791379928589e-01,-2.048017382621765137e-01,-9.773229807615280151e-02
1.365734487771987915e-01,-2.048421800136566162e-01,-9.800634533166885376e-02
1.365734487771987915e-01,-2.048421800136566162e-01,-9.800634533166885376e-02
1.365764737129211426e-01,-2.048816680908203125e-01,-9.828019887208938599e-02
1.365764737129211426e-01,-2.048816680908203125e-01,-9.828019887208938599e-02
1.365794688463211060e-01,-2.049202024936676025e-01,-9.855385869741439819e-02
1.365794688463211060e-01,-2.049202024936676025e-01,-9.855385869741439819e-02
1.365824043750762939e-01,-2.049578428268432617e-01,-9.882730990648269653e-02
1.365824043750762939e-01,-2.049578428268432617e-01,-9.882730990648269653e-02
1.365853101015090942e-01,-2.049945592880249023e-01,-9.910057485103607178e-02
1.365853101015090942e-01,-2.049945592880249023e-01,-9.910057485103607178e-02
1.365881562232971191e-01,-2.050302922725677490e-01,-9.937363117933273315e-02
1.365881562232971191e-01,-2.050302922725677490e-01,-9.937363117933273315e-02
1.365909725427627563e-01,-2.050651311874389648e-01,-9.964650869369506836e-02
1.365909725427627563e-01,-2.050651311874389648e-01,-9.964650869369506836e-02
1.365937292575836182e-01,-2.050990462303161621e-01,-9.991920739412307739e-02
1.365937292575836182e-01,-2.050990462303161621e-01,-9.991920739412307739e-02
1.365964561700820923e-01,-2.051320374011993408e-01,-1.001917123794555664e-01
1.365964561700820923e-01,-2.051320374011993408e-01,-1.001917123794555664e-01
1.365991383790969849e-01,-2.051640897989273071e-01,-1.004640311002731323e-01
1.365991383790969849e-01,-2.051640897989273071e-01,-1.004640311002731323e-01
1.366017907857894897e-01,-2.051952183246612549e-01,-1.007361784577369690e-01
1.366017907857894897e-01,-2.051952183246612549e-01,-1.007361784577369690e-01
1.366043984889984131e-01,-2.052254229784011841e-01,-1.010081395506858826e-01
1.366043984889984131e-01,-2.052254229784011841e-01,-1.010081395506858826e-01
1.366069614887237549e-01,-2.052547037601470947e-01,-1.012799292802810669e-01
1.366069614887237549e-01,-2.052547037601470947e-01,-1.012799292802810669e-01
1.366094946861267090e-01,-2.052830755710601807e-01,-1.015515550971031189e-01
1.366094946861267090e-01,-2.052830755710601807e-01,-1.015515550971031189e-01
1.366119831800460815e-01,-2.053104788064956665e-01,-1.018230095505714417e-01
1.366119831800460815e-01,-2.053104788064956665e-01,-1.018230095505714417e-01
1.366144418716430664e-01,-2.053370177745819092e-01,-1.020943075418472290e-01
1.366144418716430664e-01,-2.053370177745819092e-01,-1.020943075418472290e-01
1.366168409585952759e-01,-2.053626030683517456e-01,-1.023654192686080933e-01
1.366168409585952759e-01,-2.053626030683517456e-01,-1.023654192686080933e-01
1.366192400455474854e-01,-2.053872793912887573e-01,-1.026363819837570190e-01
1.366192400455474854e-01,-2.053872793912887573e-01,-1.026363819837570190e-01
1.366215795278549194e-01,-2.054110318422317505e-01,-1.029071882367134094e-01
1.366215795278549194e-01,-2.054110318422317505e-01,-1.029071882367134094e-01
1.366238892078399658e-01,-2.054338753223419189e-01,-1.031778454780578613e-01
1.366238892078399658e-01,-2.054338753223419189e-01,-1.031778454780578613e-01
1.366261690855026245e-01,-2.054557800292968750e-01,-1.034483462572097778e-01
1.366261690855026245e-01,-2.054557800292968750e-01,-1.034483462572097778e-01
1.366284191608428955e-01,-2.054767906665802002e-01,-1.037186980247497559e-01
1.366284191608428955e-01,-2.054767906665802002e-01,-1.037186980247497559e-01
1.366306394338607788e-01,-2.054968476295471191e-01,-1.039889007806777954e-01
1.366306394338607788e-01,-2.054968476295471191e-01,-1.039889007806777954e-01
1.366328299045562744e-01,-2.055160701274871826e-01,-1.042589694261550903e-01
1.366328299045562744e-01,-2.055160701274871826e-01,-1.042589694261550903e-01
1.366349905729293823e-01,-2.055343091487884521e-01,-1.045288890600204468e-01
1.366349905729293823e-01,-2.055343091487884521e-01,-1.045288890600204468e-01
1.366370916366577148e-01,-2.055516391992568970e-01,-1.047986745834350586e-01
1.366370916366577148e-01,-2.055516391992568970e-01,-1.047986745834350586e-01
1.366391927003860474e-01,-2.055680900812149048e-01,-1.050683185458183289e-01
1.366391927003860474e-01,-2.055680900812149048e-01,-1.050683185458183289e-01
1.366412639617919922e-01,-2.055836170911788940e-01,-1.053378358483314514e-01
1.366412639617919922e-01,-2.055836170911788940e-01,-1.053378358483314514e-01
1.366432905197143555e-01,-2.055982053279876709e-01,-1.056072115898132324e-01
1.366432905197143555e-01,-2.055982053279876709e-01,-1.056072115898132324e-01
1.366453021764755249e-01,-2.056119292974472046e-01,-1.058764755725860596e-01
1.366453021764755249e-01,-2.056119292974472046e-01,-1.058764755725860596e-01
1.366472691297531128e-01,-2.056246995925903320e-01,-1.061456054449081421e-01
1.366472691297531128e-01,-2.056246995925903320e-01,-1.061456054449081421e-01
1.366492211818695068e-01,-2.056366205215454102e-01,-1.064146161079406738e-01
1.366492211818695068e-01,-2.056366205215454102e-01,-1.064146161079406738e-01
1.366511583328247070e-01,-2.056475877761840820e-01,-1.066835075616836548e-01
1.366511583328247070e-01,-2.056475877761840820e-01,-1.066835075616836548e-01
1.366530656814575195e-01,-2.056576609611511230e-01,-1.069522798061370850e-01
1.366530656814575195e-01,-2.056576609611511230e-01,-1.069522798061370850e-01
1.366549581289291382e-01,-2.056668251752853394e-01,-1.072209477424621582e-01
1.366549581289291382e-01,-2.056668251752853394e-01,-1.072209477424621582e-01
1.366568058729171753e-01,-2.056751102209091187e-01,-1.074894964694976807e-01
1.366568058729171753e-01,-2.056751102209091187e-01,-1.074894964694976807e-01
1.366586387157440186e-01,-2.056824415922164917e-01,-1.077579408884048462e-01
1.366586387157440186e-01,-2.056824415922164917e-01,-1.077579408884048462e-01
1.366604715585708618e-01,-2.056889235973358154e-01,-1.080262809991836548e-01
1.366604715585708618e-01,-2.056889235973358154e-01,-1.080262809991836548e-01
1.366622298955917358e-01,-2.056944668292999268e-01,-1.082945242524147034e-01
1.366622298955917358e-01,-2.056944668292999268e-01,-1.082945242524147034e-01
1.366640180349349976e-01,-2.056991159915924072e-01,-1.085626482963562012e-01
1.366640180349349976e-01,-2.056991159915924072e-01,-1.085626482963562012e-01
1.366657614707946777e-01,-2.057028710842132568e-01,-1.088306978344917297e-01
1.366657614707946777e-01,-2.057028710842132568e-01,-1.088306978344917297e-01
1.366674900054931641e-01,-2.057057321071624756e-01,-1.090986207127571106e-01
1.366674900054931641e-01,-2.057057321071624756e-01,-1.090986207127571106e-01
1.366692036390304565e-01,-2.057076990604400635e-01,-1.093664839863777161e-01
1.366692036390304565e-01,-2.057076990604400635e-01,-1.093664839863777161e-01
1.366708874702453613e-01,-2.057087272405624390e-01,-1.096342504024505615e-01
1.366708874702453613e-01,-2.057087272405624390e-01,-1.096342504024505615e-01
1.366725713014602661e-01,-2.057089060544967651e-01,-1.099019199609756470e-01
1.366725713014602661e-01,-2.057089060544967651e-01,-1.099019199609756470e-01
1.366742253303527832e-01,-2.057081609964370728e-01,-1.101695224642753601e-01
1.366742253303527832e-01,-2.057081609964370728e-01,-1.101695224642753601e-01
1.366758793592453003e-01,-2.057065367698669434e-01,-1.104370281100273132e-01
1.366758793592453003e-01,-2.057065367698669434e-01,-1.104370281100273132e-01
1.366775035858154297e-01,-2.057040184736251831e-01,-1.107044592499732971e-01
1.366775035858154297e-01,-2.057040184736251831e-01,-1.107044592499732971e-01
1.366791129112243652e-01,-2.057006061077117920e-01,-1.109718084335327148e-01
1.366791129112243652e-01,-2.057006061077117920e-01,-1.109718084335327148e-01
1.366807073354721069e-01,-2.056962698698043823e-01,-1.112390905618667603e-01
1.366807073354721069e-01,-2.056962698698043823e-01,-1.112390905618667603e-01
1.366823017597198486e-01,-2.056910842657089233e-01,-1.115063130855560303e-01
1.366823017597198486e-01,-2.056910842657089233e-01,-1.115063130855560303e-01
1.366838812828063965e-01,-2.056849896907806396e-01,-1.117734685540199280e-01
1.366838812828063965e-01,-2.056849896907806396e-01,-1.117734685540199280e-01
1.366854310035705566e-01,-2.056780010461807251e-01,-1.120405495166778564e-01
1.366854310035705566e-01,-2.056780010461807251e-01,-1.120405495166778564e-01
1.366869807243347168e-01,-2.056701481342315674e-01,-1.123075634241104126e-01
1.366869807243347168e-01,-2.056701481342315674e-01,-1.123075634241104126e-01
1.366885155439376831e-01,-2.056613713502883911e-01,-1.125745326280593872e-01
1.366885155439376831e-01,-2.056613713502883911e-01,-1.125745326280593872e-01
1.366900503635406494e-01,-2.056517302989959717e-01,-1.128414347767829895e-01
1.366900503635406494e-01,-2.056517302989959717e-01,-1.128414347767829895e-01
1.366915702819824219e-01,-2.056411951780319214e-01,-1.131082922220230103e-01
1.366915702819824219e-01,-2.056411951780319214e-01,-1.131082922220230103e-01
1.366930752992630005e-01,-2.056297808885574341e-01,-1.133750975131988525e-01
1.366930752992630005e-01,-2.056297808885574341e-01,-1.133750975131988525e-01
1.366945803165435791e-01,-2.056174725294113159e-01,-1.136418581008911133e-01
1.366945803165435791e-01,-2.056174725294113159e-01,-1.136418581008911133e-01
1.366960704326629639e-01,-2.056042551994323730e-01,-1.139085590839385986e-01
1.366960704326629639e-01,-2.056042551994323730e-01,-1.139085590839385986e-01
1.366975456476211548e-01,-2.055902034044265747e-01,-1.141752302646636963e-01
1.366975456476211548e-01,-2.055902034044265747e-01,-1.141752302646636963e-01
1.366990357637405396e-01,-2.055752426385879517e-01,-1.144418567419052124e-01
1.366990357637405396e-01,-2.055752426385879517e-01,-1.144418567419052124e-01
1.367005109786987305e-01,-2.055594027042388916e-01,-1.147084459662437439e-01
1.367005109786987305e-01,-2.055594027042388916e-01,-1.147084459662437439e-01
1.367019712924957275e-01,-2.055426836013793945e-01,-1.149750053882598877e-01
1.367019712924957275e-01,-2.055426836013793945e-01,-1.149750053882598877e-01
1.367034465074539185e-01,-2.055250704288482666e-01,-1.152415201067924500e-01
1.367034465074539185e-01,-2.055250704288482666e-01,-1.152415201067924500e-01
1.367049217224121094e-01,-2.055066227912902832e-01,-1.155080199241638184e-01
1.367049217224121094e-01,-2.055066227912902832e-01,-1.155080199241638184e-01
1.367063671350479126e-01,-2.054872512817382812e-01,-1.157744899392127991e-01
1.367063671350479126e-01,-2.054872512817382812e-01,-1.157744899392127991e-01
1.367078274488449097e-01,-2.054670155048370361e-01,-1.160409301519393921e-01
1.367078274488449097e-01,-2.054670155048370361e-01,-1.160409301519393921e-01
1.367092877626419067e-01,-2.054459005594253540e-01,-1.163073554635047913e-01
1.367092877626419067e-01,-2.054459005594253540e-01,-1.163073554635047913e-01
1.367107331752777100e-01,-2.054239213466644287e-01,-1.165737658739089966e-01
1.367107331752777100e-01,-2.054239213466644287e-01,-1.165737658739089966e-01
1.367121785879135132e-01,-2.054010331630706787e-01,-1.168401539325714111e-01
1.367121785879135132e-01,-2.054010331630706787e-01,-1.168401539325714111e-01
1.367136538028717041e-01,-2.053773254156112671e-01,-1.171065345406532288e-01
1.367136538028717041e-01,-2.053773254156112671e-01,-1.171065345406532288e-01
1.367150992155075073e-01,-2.053527086973190308e-01,-1.173729076981544495e-01
1.367150992155075073e-01,-2.053527086973190308e-01,-1.173729076981544495e-01
1.367165595293045044e-01,-2.053272277116775513e-01,-1.176392734050750732e-01
1.367165595293045044e-01,-2.053272277116775513e-01,-1.176392734050750732e-01
1.367180347442626953e-01,-2.053008973598480225e-01,-1.179056316614151001e-01
1.367180347442626953e-01,-2.053008973598480225e-01,-1.179056316614151001e-01
1.367195099592208862e-01,-2.052736580371856689e-01,-1.181719824671745300e-01
1.367195099592208862e-01,-2.052736580371856689e-01,-1.181719824671745300e-01
1.367209553718566895e-01,-2.052455693483352661e-01,-1.184383407235145569e-01
1.367209553718566895e-01,-2.052455693483352661e-01,-1.184383407235145569e-01
1.367224454879760742e-01,-2.052166163921356201e-01,-1.187047064304351807e-01
1.367224454879760742e-01,-2.052166163921356201e-01,-1.187047064304351807e-01
1.367239058017730713e-01,-2.051867693662643433e-01,-1.189710721373558044e-01
1.367239058017730713e-01,-2.051867693662643433e-01,-1.189710721373558044e-01
1.367253959178924561e-01,-2.051560729742050171e-01,-1.192374527454376221e-01
1.367253959178924561e-01,-2.051560729742050171e-01,-1.192374527454376221e-01
1.367268860340118408e-01,-2.051245123147964478e-01,-1.195038482546806335e-01
1.367268860340118408e-01,-2.051245123147964478e-01,-1.195038482546806335e-01
1.367283910512924194e-01,-2.050920873880386353e-01,-1.197702512145042419e-01
1.367283910512924194e-01,-2.050920873880386353e-01,-1.197702512145042419e-01
1.367298811674118042e-01,-2.050587981939315796e-01,-1.200366690754890442e-01
1.367298811674118042e-01,-2.050587981939315796e-01,-1.200366690754890442e-01
1.367314010858535767e-01,-2.050246149301528931e-01,-1.203031018376350403e-01
1.367314010858535767e-01,-2.050246149301528931e-01,-1.203031018376350403e-01
1.367329210042953491e-01,-2.049896121025085449e-01,-1.205695867538452148e-01
1.367329210042953491e-01,-2.049896121025085449e-01,-1.205695867538452148e-01
1.367344558238983154e-01,-2.049537301063537598e-01,-1.208360716700553894e-01
1.367344558238983154e-01,-2.049537301063537598e-01,-1.208360716700553894e-01
1.367360055446624756e-01,-2.049169838428497314e-01,-1.211025863885879517e-01
1.367360055446624756e-01,-2.049169838428497314e-01,-1.211025863885879517e-01
1.367375403642654419e-01,-2.048793882131576538e-01,-1.213691458106040955e-01
1.367375403642654419e-01,-2.048793882131576538e-01,-1.213691458106040955e-01
1.367391198873519897e-01,-2.048409134149551392e-01,-1.216357275843620300e-01
1.367391198873519897e-01,-2.048409134149551392e-01,-1.216357275843620300e-01
1.367406994104385376e-01,-2.048016041517257690e-01,-1.219023540616035461e-01
1.367406994104385376e-01,-2.048016041517257690e-01,-1.219023540616035461e-01
1.367422938346862793e-01,-2.047614157199859619e-01,-1.221690103411674500e-01
1.367422938346862793e-01,-2.047614157199859619e-01,-1.221690103411674500e-01
1.367439031600952148e-01,-2.047203779220581055e-01,-1.224357113242149353e-01
1.367439031600952148e-01,-2.047203779220581055e-01,-1.224357113242149353e-01
1.367455273866653442e-01,-2.046784609556198120e-01,-1.227024644613265991e-01
1.367455273866653442e-01,-2.046784609556198120e-01,-1.227024644613265991e-01
1.367471516132354736e-01,-2.046357095241546631e-01,-1.229692623019218445e-01
1.367471516132354736e-01,-2.046357095241546631e-01,-1.229692623019218445e-01
1.367488056421279907e-01,-2.045920938253402710e-01,-1.232361122965812683e-01
1.367488056421279907e-01,-2.045920938253402710e-01,-1.232361122965812683e-01
1.367504745721817017e-01,-2.045476585626602173e-01,-1.235030069947242737e-01
1.367504745721817017e-01,-2.045476585626602173e-01,-1.235030069947242737e-01
1.367521584033966064e-01,-2.045023441314697266e-01,-1.237699687480926514e-01
1.367521584033966064e-01,-2.045023441314697266e-01,-1.237699687480926514e-01
1.367538571357727051e-01,-2.044561803340911865e-01,-1.240369826555252075e-01
1.367538571357727051e-01,-2.044561803340911865e-01,-1.240369826555252075e-01
1.367555707693099976e-01,-2.044091522693634033e-01,-1.243040561676025391e-01
1.367555707693099976e-01,-2.044091522693634033e-01,-1.243040561676025391e-01
1.367573291063308716e-01,-2.043613046407699585e-01,-1.245711892843246460e-01
1.367573291063308716e-01,-2.043613046407699585e-01,-1.245711892843246460e-01
1.367590725421905518e-01,-2.043125778436660767e-01,-1.248384043574333191e-01
1.367590725421905518e-01,-2.043125778436660767e-01,-1.248384043574333191e-01
1.367608606815338135e-01,-2.042630016803741455e-01,-1.251056790351867676e-01
1.367608606815338135e-01,-2.042630016803741455e-01,-1.251056790351867676e-01
1.367626786231994629e-01,-2.042126208543777466e-01,-1.253730356693267822e-01
1.367626786231994629e-01,-2.042126208543777466e-01,-1.253730356693267822e-01
1.367644965648651123e-01,-2.041613757610321045e-01,-1.256404519081115723e-01
1.367644965648651123e-01,-2.041613757610321045e-01,-1.256404519081115723e-01
1.367663443088531494e-01,-2.041092514991760254e-01,-1.259079426527023315e-01
1.367663443088531494e-01,-2.041092514991760254e-01,-1.259079426527023315e-01
1.367682069540023804e-01,-2.040562927722930908e-01,-1.261755377054214478e-01
1.367682069540023804e-01,-2.040562927722930908e-01,-1.261755377054214478e-01
1.367701143026351929e-01,-2.040024995803833008e-01,-1.264431923627853394e-01
1.367701143026351929e-01,-2.040024995803833008e-01,-1.264431923627853394e-01
1.367720365524291992e-01,-2.039478719234466553e-01,-1.267109364271163940e-01
1.367720365524291992e-01,-2.039478719234466553e-01,-1.267109364271163940e-01
1.367739737033843994e-01,-2.038923799991607666e-01,-1.269787847995758057e-01
1.367739737033843994e-01,-2.038923799991607666e-01,-1.269787847995758057e-01
1.367759406566619873e-01,-2.038360387086868286e-01,-1.272467225790023804e-01
1.367759406566619873e-01,-2.038360387086868286e-01,-1.272467225790023804e-01
1.367779374122619629e-01,-2.037788778543472290e-01,-1.275147348642349243e-01
1.367779374122619629e-01,-2.037788778543472290e-01,-1.275147348642349243e-01
1.367799639701843262e-01,-2.037208825349807739e-01,-1.277828663587570190e-01
1.367799639701843262e-01,-2.037208825349807739e-01,-1.277828663587570190e-01
1.367820054292678833e-01,-2.036620378494262695e-01,-1.280510872602462769e-01
1.367820054292678833e-01,-2.036620378494262695e-01,-1.280510872602462769e-01
1.367840915918350220e-01,-2.036023586988449097e-01,-1.283194124698638916e-01
1.367840915918350220e-01,-2.036023586988449097e-01,-1.283194124698638916e-01
1.367862075567245483e-01,-2.035418301820755005e-01,-1.285878419876098633e-01
1.367862075567245483e-01,-2.035418301820755005e-01,-1.285878419876098633e-01
1.367883384227752686e-01,-2.034804522991180420e-01,-1.288563609123229980e-01
1.367883384227752686e-01,-2.034804522991180420e-01,-1.288563609123229980e-01
1.367904990911483765e-01,-2.034182697534561157e-01,-1.291250288486480713e-01
1.367904990911483765e-01,-2.034182697534561157e-01,-1.291250288486480713e-01
1.367927193641662598e-01,-2.033552527427673340e-01,-1.293937861919403076e-01
1.367927193641662598e-01,-2.033552527427673340e-01,-1.293937861919403076e-01
1.367949545383453369e-01,-2.032913863658905029e-01,-1.296626627445220947e-01
1.367949545383453369e-01,-2.032913863658905029e-01,-1.296626627445220947e-01
1.367972195148468018e-01,-2.032267004251480103e-01,-1.299316436052322388e-01
1.367972195148468018e-01,-2.032267004251480103e-01,-1.299316436052322388e-01
1.367995142936706543e-01,-2.031611651182174683e-01,-1.302007734775543213e-01
1.367995142936706543e-01,-2.031611651182174683e-01,-1.302007734775543213e-01
1.368018388748168945e-01,-2.030948102474212646e-01,-1.304700076580047607e-01
1.368018388748168945e-01,-2.030948102474212646e-01,-1.304700076580047607e-01
1.368042081594467163e-01,-2.030276060104370117e-01,-1.307393759489059448e-01
1.368042081594467163e-01,-2.030276060104370117e-01,-1.307393759489059448e-01
1.368066221475601196e-01,-2.029595673084259033e-01,-1.310088932514190674e-01
1.368066221475601196e-01,-2.029595673084259033e-01,-1.310088932514190674e-01
1.368090510368347168e-01,-2.028907239437103271e-01,-1.312785148620605469e-01
1.368090510368347168e-01,-2.028907239437103271e-01,-1.312785148620605469e-01
1.368115246295928955e-01,-2.028210461139678955e-01,-1.315482705831527710e-01
1.368115246295928955e-01,-2.028210461139678955e-01,-1.315482705831527710e-01
1.368140429258346558e-01,-2.027505487203598022e-01,-1.318181753158569336e-01
1.368140429258346558e-01,-2.027505487203598022e-01,-1.318181753158569336e-01
1.368165761232376099e-01,-2.026792019605636597e-01,-1.320882290601730347e-01
1.368165761232376099e-01,-2.026792019605636597e-01,-1.320882290601730347e-01
1.368191689252853394e-01,-2.026070505380630493e-01,-1.323584020137786865e-01
1.368191689252853394e-01,-2.026070505380630493e-01,-1.323584020137786865e-01
1.368218064308166504e-01,-2.025340646505355835e-01,-1.326287537813186646e-01
1.368218064308166504e-01,-2.025340646505355835e-01,-1.326287537813186646e-01
1.368244588375091553e-01,-2.024602591991424561e-01,-1.328992247581481934e-01
1.368244588375091553e-01,-2.024602591991424561e-01,-1.328992247581481934e-01
1.368271708488464355e-01,-2.023856192827224731e-01,-1.331698447465896606e-01
1.368271708488464355e-01,-2.023856192827224731e-01,-1.331698447465896606e-01
1.368299275636672974e-01,-2.023101598024368286e-01,-1.334406435489654541e-01
1.368299275636672974e-01,-2.023101598024368286e-01,-1.334406435489654541e-01
1.368327140808105469e-01,-2.022338658571243286e-01,-1.337115913629531860e-01
1.368327140808105469e-01,-2.022338658571243286e-01,-1.337115913629531860e-01
1.368355602025985718e-01,-2.021567821502685547e-01,-1.339826732873916626e-01
1.368355602025985718e-01,-2.021567821502685547e-01,-1.339826732873916626e-01
1.368384361267089844e-01,-2.020788639783859253e-01,-1.342539489269256592e-01
1.368384361267089844e-01,-2.020788639783859253e-01,-1.342539489269256592e-01
1.368413567543029785e-01,-2.020001411437988281e-01,-1.345253884792327881e-01
1.368413567543029785e-01,-2.020001411437988281e-01,-1.345253884792327881e-01
1.368443071842193604e-01,-2.019205838441848755e-01,-1.347969919443130493e-01
1.368443071842193604e-01,-2.019205838441848755e-01,-1.347969919443130493e-01
1.368473172187805176e-01,-2.018402069807052612e-01,-1.350687742233276367e-01
1.368473172187805176e-01,-2.018402069807052612e-01,-1.350687742233276367e-01
1.368503868579864502e-01,-2.017590105533599854e-01,-1.353407055139541626e-01
1.368503868579864502e-01,-2.017590105533599854e-01,-1.353407055139541626e-01
1.368535012006759644e-01,-2.016769945621490479e-01,-1.356128305196762085e-01
1.368535012006759644e-01,-2.016769945621490479e-01,-1.356128305196762085e-01
1.368566304445266724e-01,-2.015941739082336426e-01,-1.358851343393325806e-01
1.368566304445266724e-01,-2.015941739082336426e-01,-1.358851343393325806e-01
1.368598341941833496e-01,-2.015105485916137695e-01,-1.361576020717620850e-01
1.368598341941833496e-01,-2.015105485916137695e-01,-1.361576020717620850e-01
1.368630826473236084e-01,-2.014260888099670410e-01,-1.364302784204483032e-01
1.368630826473236084e-01,-2.014260888099670410e-01,-1.364302784204483032e-01
1.368663758039474487e-01,-2.013408392667770386e-01,-1.367031186819076538e-01
1.368663758039474487e-01,-2.013408392667770386e-01,-1.367031186819076538e-01
1.368697136640548706e-01,-2.012547552585601807e-01,-1.369761526584625244e-01
1.368697136640548706e-01,-2.012547552585601807e-01,-1.369761526584625244e-01
1.368731260299682617e-01,-2.011678814888000488e-01,-1.372493952512741089e-01
1.368731260299682617e-01,-2.011678814888000488e-01,-1.372493952512741089e-01
1.368765681982040405e-01,-2.010802030563354492e-01,-1.375228166580200195e-01
1.368765681982040405e-01,-2.010802030563354492e-01,-1.375228166580200195e-01
1.368800699710845947e-01,-2.009917050600051880e-01,-1.377964615821838379e-01
1.368800699710845947e-01,-2.009917050600051880e-01,-1.377964615821838379e-01
1.368836164474487305e-01,-2.009023874998092651e-01,-1.380702853202819824e-01
1.368836164474487305e-01,-2.009023874998092651e-01,-1.380702853202819824e-01
1.368872225284576416e-01,-2.008122652769088745e-01,-1.383443176746368408e-01
1.368872225284576416e-01,-2.008122652769088745e-01,-1.383443176746368408e-01
1.368909031152725220e-01,-2.007213532924652100e-01,-1.386185437440872192e-01
1.368909031152725220e-01,-2.007213532924652100e-01,-1.386185437440872192e-01
1.368946135044097900e-01,-2.006296068429946899e-01,-1.388930082321166992e-01
1.368946135044097900e-01,-2.006296068429946899e-01,-1.388930082321166992e-01
1.368983685970306396e-01,-2.005370855331420898e-01,-1.391676664352416992e-01
1.368983685970306396e-01,-2.005370855331420898e-01,-1.391676664352416992e-01
1.369021832942962646e-01,-2.004437297582626343e-01,-1.394425183534622192e-01
1.369021832942962646e-01,-2.004437297582626343e-01,-1.394425183534622192e-01
1.369060575962066650e-01,-2.003495991230010986e-01,-1.397176086902618408e-01
1.369060575962066650e-01,-2.003495991230010986e-01,-1.397176086902618408e-01
1.369100064039230347e-01,-2.002546638250350952e-01,-1.399929374456405640e-01
1.369100064039230347e-01,-2.002546638250350952e-01,-1.399929374456405640e-01
1.369139999151229858e-01,-2.001589238643646240e-01,-1.402684599161148071e-01
1.369139999151229858e-01,-2.001589238643646240e-01,-1.402684599161148071e-01
1.369180679321289062e-01,-2.000623643398284912e-01,-1.405442208051681519e-01
1.369180679321289062e-01,-2.000623643398284912e-01,-1.405442208051681519e-01
1.369221806526184082e-01,-1.999650299549102783e-01,-1.408202201128005981e-01
1.369221806526184082e-01,-1.999650299549102783e-01,-1.408202201128005981e-01
1.369263529777526855e-01,-1.998668909072875977e-01,-1.410964280366897583e-01
1.369263529777526855e-01,-1.998668909072875977e-01,-1.410964280366897583e-01
1.369305849075317383e-01,-1.997679471969604492e-01,-1.413728743791580200e-01
1.369305849075317383e-01,-1.997679471969604492e-01,-1.413728743791580200e-01
1.369348913431167603e-01,-1.996681988239288330e-01,-1.416495591402053833e-01
1.369348913431167603e-01,-1.996681988239288330e-01,-1.416495591402053833e-01
1.369392424821853638e-01,-1.995676606893539429e-01,-1.419264972209930420e-01
1.369392424821853638e-01,-1.995676606893539429e-01,-1.419264972209930420e-01
1.369436681270599365e-01,-1.994663178920745850e-01,-1.422036588191986084e-01
1.369436681270599365e-01,-1.994663178920745850e-01,-1.422036588191986084e-01
1.369481533765792847e-01,-1.993642151355743408e-01,-1.424810737371444702e-01
1.369481533765792847e-01,-1.993642151355743408e-01,-1.424810737371444702e-01
1.369526982307434082e-01,-1.992612928152084351e-01,-1.427587270736694336e-01
1.369526982307434082e-01,-1.992612928152084351e-01,-1.427587270736694336e-01
1.369573175907135010e-01,-1.991575807332992554e-01,-1.430366486310958862e-01
1.369573175907135010e-01,-1.991575807332992554e-01,-1.430366486310958862e-01
1.369619816541671753e-01,-1.990530937910079956e-01,-1.433147937059402466e-01
1.369619816541671753e-01,-1.990530937910079956e-01,-1.433147937059402466e-01
1.369667202234268188e-01,-1.989477872848510742e-01,-1.435932219028472900e-01
1.369667202234268188e-01,-1.989477872848510742e-01,-1.435932219028472900e-01
1.369715481996536255e-01,-1.988416761159896851e-01,-1.438719034194946289e-01
1.369715481996536255e-01,-1.988416761159896851e-01,-1.438719034194946289e-01
1.369764208793640137e-01,-1.987348198890686035e-01,-1.441508233547210693e-01
1.369764208793640137e-01,-1.987348198890686035e-01,-1.441508233547210693e-01
1.369813531637191772e-01,-1.986271589994430542e-01,-1.444300413131713867e-01
1.369813531637191772e-01,-1.986271589994430542e-01,-1.444300413131713867e-01
1.369863748550415039e-01,-1.985187083482742310e-01,-1.447094976902008057e-01
1.369863748550415039e-01,-1.985187083482742310e-01,-1.447094976902008057e-01
1.369914561510086060e-01,-1.984094530344009399e-01,-1.449892371892929077e-01
1.369914561510086060e-01,-1.984094530344009399e-01,-1.449892371892929077e-01
1.369966119527816772e-01,-1.982994526624679565e-01,-1.452692449092864990e-01
1.369966119527816772e-01,-1.982994526624679565e-01,-1.452692449092864990e-01
1.370018422603607178e-01,-1.981886178255081177e-01,-1.455495208501815796e-01
1.370018422603607178e-01,-1.981886178255081177e-01,-1.455495208501815796e-01
1.370071321725845337e-01,-1.980770230293273926e-01,-1.458300948143005371e-01
1.370071321725845337e-01,-1.980770230293273926e-01,-1.458300948143005371e-01
1.370125114917755127e-01,-1.979646533727645874e-01,-1.461109220981597900e-01
1.370125114917755127e-01,-1.979646533727645874e-01,-1.461109220981597900e-01
1.370179355144500732e-01,-1.978514939546585083e-01,-1.463920474052429199e-01
1.370179355144500732e-01,-1.978514939546585083e-01,-1.463920474052429199e-01
1.370234489440917969e-01,-1.977375596761703491e-01,-1.466734558343887329e-01
1.370234489440917969e-01,-1.977375596761703491e-01,-1.466734558343887329e-01
1.370290368795394897e-01,-1.976228207349777222e-01,-1.469551473855972290e-01
1.370290368795394897e-01,-1.976228207349777222e-01,-1.469551473855972290e-01
1.370346993207931519e-01,-1.975073069334030151e-01,-1.472371369600296021e-01
1.370346993207931519e-01,-1.975073069334030151e-01,-1.472371369600296021e-01
1.370404362678527832e-01,-1.973910331726074219e-01,-1.475194096565246582e-01
1.370404362678527832e-01,-1.973910331726074219e-01,-1.475194096565246582e-01
1.370462477207183838e-01,-1.972739696502685547e-01,-1.478019803762435913e-01
1.370462477207183838e-01,-1.972739696502685547e-01,-1.478019803762435913e-01
1.370521336793899536e-01,-1.971561312675476074e-01,-1.480848640203475952e-01
1.370521336793899536e-01,-1.971561312675476074e-01,-1.480848640203475952e-01
1.370580941438674927e-01,-1.970375180244445801e-01,-1.483680456876754761e-01
1.370580941438674927e-01,-1.970375180244445801e-01,-1.483680456876754761e-01
1.370641440153121948e-01,-1.969181299209594727e-01,-1.486515253782272339e-01
1.370641440153121948e-01,-1.969181299209594727e-01,-1.486515253782272339e-01
1.370702683925628662e-01,-1.967979371547698975e-01,-1.489353179931640625e-01
1.370702683925628662e-01,-1.967979371547698975e-01,-1.489353179931640625e-01
1.370764672756195068e-01,-1.966769993305206299e-01,-1.492194235324859619e-01
1.370764672756195068e-01,-1.966769993305206299e-01,-1.492194235324859619e-01
1.370827555656433105e-01,-1.965552866458892822e-01,-1.495038419961929321e-01
1.370827555656433105e-01,-1.965552866458892822e-01,-1.495038419961929321e-01
1.370891332626342773e-01,-1.964327991008758545e-01,-1.497885733842849731e-01
1.370891332626342773e-01,-1.964327991008758545e-01,-1.497885733842849731e-01
1.370955556631088257e-01,-1.963095217943191528e-01,-1.500736027956008911e-01
1.370955556631088257e-01,-1.963095217943191528e-01,-1.500736027956008911e-01
1.371020823717117310e-01,-1.961855143308639526e-01,-1.503589749336242676e-01
1.371020823717117310e-01,-1.961855143308639526e-01,-1.503589749336242676e-01
1.371086984872817993e-01,-1.960607022047042847e-01,-1.506446599960327148e-01
1.371086984872817993e-01,-1.960607022047042847e-01,-1.506446599960327148e-01
1.371153891086578369e-01,-1.959351301193237305e-01,-1.509306877851486206e-01
1.371153891086578369e-01,-1.959351301193237305e-01,-1.509306877851486206e-01
1.371221691370010376e-01,-1.958087980747222900e-01,-1.512170284986495972e-01
1.371221691370010376e-01,-1.958087980747222900e-01,-1.512170284986495972e-01
1.371290236711502075e-01,-1.956816613674163818e-01,-1.515037119388580322e-01
1.371290236711502075e-01,-1.956816613674163818e-01,-1.515037119388580322e-01
1.371359676122665405e-01,-1.955537945032119751e-01,-1.517907232046127319e-01
1.371359676122665405e-01,-1.955537945032119751e-01,-1.517907232046127319e-01
1.371430009603500366e-01,-1.954251676797866821e-01,-1.520780771970748901e-01
1.371430009603500366e-01,-1.954251676797866821e-01,-1.520780771970748901e-01
1.371501088142395020e-01,-1.952957361936569214e-01,-1.523657739162445068e-01
1.371501088142395020e-01,-1.952957361936569214e-01,-1.523657739162445068e-01
1.371573209762573242e-01,-1.951655894517898560e-01,-1.526537984609603882e-01
1.371573209762573242e-01,-1.951655894517898560e-01,-1.526537984609603882e-01
1.371646076440811157e-01,-1.950346678495407104e-01,-1.529421806335449219e-01
1.371646076440811157e-01,-1.950346678495407104e-01,-1.529421806335449219e-01
1.371719986200332642e-01,-1.949029564857482910e-01,-1.532309204339981079e-01
1.371719986200332642e-01,-1.949029564857482910e-01,-1.532309204339981079e-01
1.371794641017913818e-01,-1.947705000638961792e-01,-1.535199880599975586e-01
1.371794641017913818e-01,-1.947705000638961792e-01,-1.535199880599975586e-01
1.371870338916778564e-01,-1.946372687816619873e-01,-1.538094133138656616e-01
1.371870338916778564e-01,-1.946372687816619873e-01,-1.538094133138656616e-01
1.371946930885314941e-01,-1.945033073425292969e-01,-1.540992110967636108e-01
1.371946930885314941e-01,-1.945033073425292969e-01,-1.540992110967636108e-01
1.372024267911911011e-01,-1.943685561418533325e-01,-1.543893665075302124e-01
1.372024267911911011e-01,-1.943685561418533325e-01,-1.543893665075302124e-01
1.372102499008178711e-01,-1.942330747842788696e-01,-1.546798646450042725e-01
1.372102499008178711e-01,-1.942330747842788696e-01,-1.546798646450042725e-01
1.372181922197341919e-01,-1.940968185663223267e-01,-1.549707502126693726e-01
1.372181922197341919e-01,-1.940968185663223267e-01,-1.549707502126693726e-01
1.372262090444564819e-01,-1.939598172903060913e-01,-1.552619934082031250e-01
1.372262090444564819e-01,-1.939598172903060913e-01,-1.552619934082031250e-01
1.372343152761459351e-01,-1.938220560550689697e-01,-1.555536091327667236e-01
1.372343152761459351e-01,-1.938220560550689697e-01,-1.555536091327667236e-01
1.372425407171249390e-01,-1.936835348606109619e-01,-1.558455973863601685e-01
1.372425407171249390e-01,-1.936835348606109619e-01,-1.558455973863601685e-01
1.372508406639099121e-01,-1.935442388057708740e-01,-1.561379581689834595e-01
1.372508406639099121e-01,-1.935442388057708740e-01,-1.561379581689834595e-01
1.372592449188232422e-01,-1.934042274951934814e-01,-1.564307063817977905e-01
1.372592449188232422e-01,-1.934042274951934814e-01,-1.564307063817977905e-01
1.372677385807037354e-01,-1.932634413242340088e-01,-1.567238271236419678e-01
1.372677385807037354e-01,-1.932634413242340088e-01,-1.567238271236419678e-01
1.372763216495513916e-01,-1.931218951940536499e-01,-1.570173352956771851e-01
1.372763216495513916e-01,-1.931218951940536499e-01,-1.570173352956771851e-01
1.372850239276885986e-01,-1.929796189069747925e-01,-1.573112159967422485e-01
1.372850239276885986e-01,-1.929796189069747925e-01,-1.573112159967422485e-01
1.372938156127929688e-01,-1.928365826606750488e-01,-1.576054990291595459e-01
1.372938156127929688e-01,-1.928365826606750488e-01,-1.576054990291595459e-01
1.373026967048645020e-01,-1.926928013563156128e-01,-1.579001843929290771e-01
1.373026967048645020e-01,-1.926928013563156128e-01,-1.579001843929290771e-01
1.373116821050643921e-01,-1.925482749938964844e-01,-1.581952422857284546e-01
1.373116821050643921e-01,-1.925482749938964844e-01,-1.581952422857284546e-01
1.373207867145538330e-01,-1.924030035734176636e-01,-1.584907174110412598e-01
1.373207867145538330e-01,-1.924030035734176636e-01,-1.584907174110412598e-01
1.373299807310104370e-01,-1.922569870948791504e-01,-1.587865799665451050e-01
1.373299807310104370e-01,-1.922569870948791504e-01,-1.587865799665451050e-01
1.373392641544342041e-01,-1.921101957559585571e-01,-1.590828597545623779e-01
1.373392641544342041e-01,-1.921101957559585571e-01,-1.590828597545623779e-01
1.373486667871475220e-01,-1.919626891613006592e-01,-1.593795269727706909e-01
1.373486667871475220e-01,-1.919626891613006592e-01,-1.593795269727706909e-01
1.373581737279891968e-01,-1.918144226074218750e-01,-1.596766114234924316e-01
1.373581737279891968e-01,-1.918144226074218750e-01,-1.596766114234924316e-01
1.373677700757980347e-01,-1.916654258966445923e-01,-1.599741131067276001e-01
1.373677700757980347e-01,-1.916654258966445923e-01,-1.599741131067276001e-01
1.373774707317352295e-01,-1.915156841278076172e-01,-1.602720022201538086e-01
1.373774707317352295e-01,-1.915156841278076172e-01,-1.602720022201538086e-01
1.373872905969619751e-01,-1.913652271032333374e-01,-1.605703383684158325e-01
1.373872905969619751e-01,-1.913652271032333374e-01,-1.605703383684158325e-01
1.373971998691558838e-01,-1.912139654159545898e-01,-1.608690768480300903e-01
1.373971998691558838e-01,-1.912139654159545898e-01,-1.608690768480300903e-01
1.374072283506393433e-01,-1.910620182752609253e-01,-1.611682623624801636e-01
1.374072283506393433e-01,-1.910620182752609253e-01,-1.611682623624801636e-01
1.374173611402511597e-01,-1.909092962741851807e-01,-1.614678502082824707e-01
1.374173611402511597e-01,-1.909092962741851807e-01,-1.614678502082824707e-01
1.374275982379913330e-01,-1.907558590173721313e-01,-1.617678701877593994e-01
1.374275982379913330e-01,-1.907558590173721313e-01,-1.617678701877593994e-01
1.374379545450210571e-01,-1.906016767024993896e-01,-1.620683223009109497e-01
1.374379545450210571e-01,-1.906016767024993896e-01,-1.620683223009109497e-01
1.374484002590179443e-01,-1.904467642307281494e-01,-1.623692065477371216e-01
1.374484002590179443e-01,-1.904467642307281494e-01,-1.623692065477371216e-01
1.374589800834655762e-01,-1.902911216020584106e-01,-1.626705080270767212e-01
1.374589800834655762e-01,-1.902911216020584106e-01,-1.626705080270767212e-01
1.374696642160415649e-01,-1.901347190141677856e-01,-1.629722714424133301e-01
1.374696642160415649e-01,-1.901347190141677856e-01,-1.629722714424133301e-01
1.374804526567459106e-01,-1.899776011705398560e-01,-1.632744818925857544e-01
1.374804526567459106e-01,-1.899776011705398560e-01,-1.632744818925857544e-01
1.374913603067398071e-01,-1.898197531700134277e-01,-1.635771244764328003e-01
1.374913603067398071e-01,-1.898197531700134277e-01,-1.635771244764328003e-01
1.375023722648620605e-01,-1.896611750125885010e-01,-1.638802140951156616e-01
1.375023722648620605e-01,-1.896611750125885010e-01,-1.638802140951156616e-01
1.375135034322738647e-01,-1.895018517971038818e-01,-1.641837507486343384e-01
1.375135034322738647e-01,-1.895018517971038818e-01,-1.641837507486343384e-01
1.375247389078140259e-01,-1.893417984247207642e-01,-1.644877493381500244e-01
1.375247389078140259e-01,-1.893417984247207642e-01,-1.644877493381500244e-01
1.375361084938049316e-01,-1.891810446977615356e-01,-1.647921800613403320e-01
1.375361084938049316e-01,-1.891810446977615356e-01,-1.647921800613403320e-01
1.375475823879241943e-01,-1.890195161104202271e-01,-1.650970876216888428e-01
1.375475823879241943e-01,-1.890195161104202271e-01,-1.650970876216888428e-01
1.375591605901718140e-01,-1.888572871685028076e-01,-1.654024571180343628e-01
1.375591605901718140e-01,-1.888572871685028076e-01,-1.654024571180343628e-01
1.375708580017089844e-01,-1.886943280696868896e-01,-1.657082885503768921e-01
1.375708580017089844e-01,-1.886943280696868896e-01,-1.657082885503768921e-01
1.375826895236968994e-01,-1.885306388139724731e-01,-1.660145819187164307e-01
1.375826895236968994e-01,-1.885306388139724731e-01,-1.660145819187164307e-01
1.375946402549743652e-01,-1.883662343025207520e-01,-1.663213521242141724e-01
1.375946402549743652e-01,-1.883662343025207520e-01,-1.663213521242141724e-01
1.376066803932189941e-01,-1.882010996341705322e-01,-1.666285693645477295e-01
1.376066803932189941e-01,-1.882010996341705322e-01,-1.666285693645477295e-01
1.376188695430755615e-01,-1.880352348089218140e-01,-1.669362932443618774e-01
1.376188695430755615e-01,-1.880352348089218140e-01,-1.669362932443618774e-01
1.376311630010604858e-01,-1.878686547279357910e-01,-1.672444790601730347e-01
1.376311630010604858e-01,-1.878686547279357910e-01,-1.672444790601730347e-01
1.376435756683349609e-01,-1.877013593912124634e-01,-1.675531417131423950e-01
1.376435756683349609e-01,-1.877013593912124634e-01,-1.675531417131423950e-01
1.376561224460601807e-01,-1.875333338975906372e-01,-1.678622812032699585e-01
1.376561224460601807e-01,-1.875333338975906372e-01,-1.678622812032699585e-01
1.376687884330749512e-01,-1.873645782470703125e-01,-1.681719124317169189e-01
1.376687884330749512e-01,-1.873645782470703125e-01,-1.681719124317169189e-01
1.376815736293792725e-01,-1.871951073408126831e-01,-1.684820353984832764e-01
1.376815736293792725e-01,-1.871951073408126831e-01,-1.684820353984832764e-01
1.376944780349731445e-01,-1.870249360799789429e-01,-1.687926501035690308e-01
1.376944780349731445e-01,-1.870249360799789429e-01,-1.687926501035690308e-01
1.377075165510177612e-01,-1.868540197610855103e-01,-1.691037565469741821e-01
1.377075165510177612e-01,-1.868540197610855103e-01,-1.691037565469741821e-01
1.377206742763519287e-01,-1.866824179887771606e-01,-1.694153547286987305e-01
1.377206742763519287e-01,-1.866824179887771606e-01,-1.694153547286987305e-01
1.377339512109756470e-01,-1.865100711584091187e-01,-1.697274446487426758e-01
1.377339512109756470e-01,-1.865100711584091187e-01,-1.697274446487426758e-01
1.377473473548889160e-01,-1.863370239734649658e-01,-1.700400561094284058e-01
1.377473473548889160e-01,-1.863370239734649658e-01,-1.700400561094284058e-01
1.377609074115753174e-01,-1.861632615327835083e-01,-1.703531593084335327e-01
1.377609074115753174e-01,-1.861632615327835083e-01,-1.703531593084335327e-01
1.377745568752288818e-01,-1.859887838363647461e-01,-1.706667691469192505e-01
1.377745568752288818e-01,-1.859887838363647461e-01,-1.706667691469192505e-01
1.377883404493331909e-01,-1.858135908842086792e-01,-1.709808856248855591e-01
1.377883404493331909e-01,-1.858135908842086792e-01,-1.709808856248855591e-01
1.378022730350494385e-01,-1.856376975774765015e-01,-1.712955087423324585e-01
1.378022730350494385e-01,-1.856376975774765015e-01,-1.712955087423324585e-01
1.378163099288940430e-01,-1.854610741138458252e-01,-1.716106683015823364e-01
1.378163099288940430e-01,-1.854610741138458252e-01,-1.716106683015823364e-01
1.378304958343505859e-01,-1.852837353944778442e-01,-1.719263345003128052e-01
1.378304958343505859e-01,-1.852837353944778442e-01,-1.719263345003128052e-01
1.378448009490966797e-01,-1.851057112216949463e-01,-1.722425073385238647e-01
1.378448009490966797e-01,-1.851057112216949463e-01,-1.722425073385238647e-01
1.378592401742935181e-01,-1.849269866943359375e-01,-1.725592166185379028e-01
1.378592401742935181e-01,-1.849269866943359375e-01,-1.725592166185379028e-01
1.378738135099411011e-01,-1.847475171089172363e-01,-1.728764772415161133e-01
1.378738135099411011e-01,-1.847475171089172363e-01,-1.728764772415161133e-01
1.378885209560394287e-01,-1.845673620700836182e-01,-1.731942445039749146e-01
1.378885209560394287e-01,-1.845673620700836182e-01,-1.731942445039749146e-01
1.379033625125885010e-01,-1.843865066766738892e-01,-1.735125333070755005e-01
1.379033625125885010e-01,-1.843865066766738892e-01,-1.735125333070755005e-01
1.379183232784271240e-01,-1.842049360275268555e-01,-1.738313734531402588e-01
1.379183232784271240e-01,-1.842049360275268555e-01,-1.738313734531402588e-01
1.379334330558776855e-01,-1.840226799249649048e-01,-1.741507351398468018e-01
1.379334330558776855e-01,-1.840226799249649048e-01,-1.741507351398468018e-01
1.379486620426177979e-01,-1.838397085666656494e-01,-1.744706332683563232e-01
1.379486620426177979e-01,-1.838397085666656494e-01,-1.744706332683563232e-01
1.379640549421310425e-01,-1.836560219526290894e-01,-1.747910827398300171e-01
1.379640549421310425e-01,-1.836560219526290894e-01,-1.747910827398300171e-01
1.379795521497726440e-01,-1.834716349840164185e-01,-1.751120686531066895e-01
1.379795521497726440e-01,-1.834716349840164185e-01,-1.751120686531066895e-01
1.379952132701873779e-01,-1.832865774631500244e-01,-1.754336208105087280e-01
1.379952132701873779e-01,-1.832865774631500244e-01,-1.754336208105087280e-01
1.380110085010528564e-01,-1.831007748842239380e-01,-1.757557094097137451e-01
1.380110085010528564e-01,-1.831007748842239380e-01,-1.757557094097137451e-01
1.380269378423690796e-01,-1.829142868518829346e-01,-1.760783642530441284e-01
1.380269378423690796e-01,-1.829142868518829346e-01,-1.760783642530441284e-01
1.380430012941360474e-01,-1.827271133661270142e-01,-1.764015704393386841e-01
1.380430012941360474e-01,-1.827271133661270142e-01,-1.764015704393386841e-01
1.380592137575149536e-01,-1.825392544269561768e-01,-1.767253428697586060e-01
1.380592137575149536e-01,-1.825392544269561768e-01,-1.767253428697586060e-01
1.380755603313446045e-01,-1.823506802320480347e-01,-1.770496517419815063e-01
1.380755603313446045e-01,-1.823506802320480347e-01,-1.770496517419815063e-01
1.380920410156250000e-01,-1.821614056825637817e-01,-1.773745417594909668e-01
1.380920410156250000e-01,-1.821614056825637817e-01,-1.773745417594909668e-01
1.381086707115173340e-01,-1.819714456796646118e-01,-1.776999831199645996e-01
1.381086707115173340e-01,-1.819714456796646118e-01,-1.776999831199645996e-01
1.381254494190216064e-01,-1.817808002233505249e-01,-1.780260205268859863e-01
1.381254494190216064e-01,-1.817808002233505249e-01,-1.780260205268859863e-01
1.381423622369766235e-01,-1.815894544124603271e-01,-1.783526092767715454e-01
1.381423622369766235e-01,-1.815894544124603271e-01,-1.783526092767715454e-01
1.381594389677047729e-01,-1.813973933458328247e-01,-1.786797791719436646e-01
1.381594389677047729e-01,-1.813973933458328247e-01,-1.786797791719436646e-01
1.381766349077224731e-01,-1.812046617269515991e-01,-1.790075451135635376e-01
1.381766349077224731e-01,-1.812046617269515991e-01,-1.790075451135635376e-01
1.381939947605133057e-01,-1.810112297534942627e-01,-1.793358623981475830e-01
1.381939947605133057e-01,-1.810112297534942627e-01,-1.793358623981475830e-01
1.382114738225936890e-01,-1.808171272277832031e-01,-1.796647757291793823e-01
1.382114738225936890e-01,-1.808171272277832031e-01,-1.796647757291793823e-01
1.382291167974472046e-01,-1.806223243474960327e-01,-1.799942851066589355e-01
1.382291167974472046e-01,-1.806223243474960327e-01,-1.799942851066589355e-01
1.382469236850738525e-01,-1.804268360137939453e-01,-1.803243607282638550e-01
1.382469236850738525e-01,-1.804268360137939453e-01,-1.803243607282638550e-01
1.382648646831512451e-01,-1.802306473255157471e-01,-1.806550472974777222e-01
1.382648646831512451e-01,-1.802306473255157471e-01,-1.806550472974777222e-01
1.382829397916793823e-01,-1.800338029861450195e-01,-1.809863299131393433e-01
1.382829397916793823e-01,-1.800338029861450195e-01,-1.809863299131393433e-01
1.383011788129806519e-01,-1.798362284898757935e-01,-1.813182085752487183e-01
1.383011788129806519e-01,-1.798362284898757935e-01,-1.813182085752487183e-01
1.383195817470550537e-01,-1.796379983425140381e-01,-1.816506832838058472e-01
1.383195817470550537e-01,-1.796379983425140381e-01,-1.816506832838058472e-01
1.383381187915802002e-01,-1.794390827417373657e-01,-1.819837540388107300e-01
1.383381187915802002e-01,-1.794390827417373657e-01,-1.819837540388107300e-01
1.383567899465560913e-01,-1.792394667863845825e-01,-1.823174357414245605e-01
1.383567899465560913e-01,-1.792394667863845825e-01,-1.823174357414245605e-01
1.383756399154663086e-01,-1.790391951799392700e-01,-1.826517134904861450e-01
1.383756399154663086e-01,-1.790391951799392700e-01,-1.826517134904861450e-01
1.383946388959884644e-01,-1.788382232189178467e-01,-1.829866170883178711e-01
1.383946388959884644e-01,-1.788382232189178467e-01,-1.829866170883178711e-01
1.384137868881225586e-01,-1.786365807056427002e-01,-1.833221465349197388e-01
1.384137868881225586e-01,-1.786365807056427002e-01,-1.833221465349197388e-01
1.384330689907073975e-01,-1.784342527389526367e-01,-1.836582720279693604e-01
1.384330689907073975e-01,-1.784342527389526367e-01,-1.836582720279693604e-01
1.384525448083877563e-01,-1.782312393188476562e-01,-1.839950084686279297e-01
1.384525448083877563e-01,-1.782312393188476562e-01,-1.839950084686279297e-01
1.384721398353576660e-01,-1.780275553464889526e-01,-1.843323856592178345e-01
1.384721398353576660e-01,-1.780275553464889526e-01,-1.843323856592178345e-01
1.384919136762619019e-01,-1.778232008218765259e-01,-1.846703886985778809e-01
1.384919136762619019e-01,-1.778232008218765259e-01,-1.846703886985778809e-01
1.385118365287780762e-01,-1.776181608438491821e-01,-1.850089877843856812e-01
1.385118365287780762e-01,-1.776181608438491821e-01,-1.850089877843856812e-01
1.385319232940673828e-01,-1.774124503135681152e-01,-1.853482574224472046e-01
1.385319232940673828e-01,-1.774124503135681152e-01,-1.853482574224472046e-01
1.385521590709686279e-01,-1.772060692310333252e-01,-1.856881380081176758e-01
1.385521590709686279e-01,-1.772060692310333252e-01,-1.856881380081176758e-01
1.385725587606430054e-01,-1.769989877939224243e-01,-1.860286444425582886e-01
1.385725587606430054e-01,-1.769989877939224243e-01,-1.860286444425582886e-01
1.385931223630905151e-01,-1.767912656068801880e-01,-1.863698214292526245e-01
1.385931223630905151e-01,-1.767912656068801880e-01,-1.863698214292526245e-01
1.386138349771499634e-01,-1.765828579664230347e-01,-1.867116093635559082e-01
1.386138349771499634e-01,-1.765828579664230347e-01,-1.867116093635559082e-01
1.386346966028213501e-01,-1.763737797737121582e-01,-1.870540678501129150e-01
1.386346966028213501e-01,-1.763737797737121582e-01,-1.870540678501129150e-01
1.386557519435882568e-01,-1.761640310287475586e-01,-1.873971372842788696e-01
1.386557519435882568e-01,-1.761640310287475586e-01,-1.873971372842788696e-01
1.386769413948059082e-01,-1.759536117315292358e-01,-1.877408772706985474e-01
1.386769413948059082e-01,-1.759536117315292358e-01,-1.877408772706985474e-01
1.386983096599578857e-01,-1.757425218820571899e-01,-1.880852729082107544e-01
1.386983096599578857e-01,-1.757425218820571899e-01,-1.880852729082107544e-01
1.387198418378829956e-01,-1.755307614803314209e-01,-1.884303092956542969e-01
1.387198418378829956e-01,-1.755307614803314209e-01,-1.884303092956542969e-01
1.387415230274200439e-01,-1.753183454275131226e-01,-1.887760162353515625e-01
1.387415230274200439e-01,-1.753183454275131226e-01,-1.887760162353515625e-01
1.387633830308914185e-01,-1.751052588224411011e-01,-1.891223788261413574e-01
1.387633830308914185e-01,-1.751052588224411011e-01,-1.891223788261413574e-01
1.387854069471359253e-01,-1.748915016651153564e-01,-1.894694119691848755e-01
1.387854069471359253e-01,-1.748915016651153564e-01,-1.894694119691848755e-01
1.388075947761535645e-01,-1.746771037578582764e-01,-1.898171007633209229e-01
1.388075947761535645e-01,-1.746771037578582764e-01,-1.898171007633209229e-01
1.388299316167831421e-01,-1.744620054960250854e-01,-1.901654601097106934e-01
1.388299316167831421e-01,-1.744620054960250854e-01,-1.901654601097106934e-01
1.388524621725082397e-01,-1.742462664842605591e-01,-1.905144900083541870e-01
1.388524621725082397e-01,-1.742462664842605591e-01,-1.905144900083541870e-01
1.388751566410064697e-01,-1.740298569202423096e-01,-1.908641904592514038e-01
1.388751566410064697e-01,-1.740298569202423096e-01,-1.908641904592514038e-01
1.388980150222778320e-01,-1.738127917051315308e-01,-1.912145614624023438e-01
1.388980150222778320e-01,-1.738127917051315308e-01,-1.912145614624023438e-01
1.389210522174835205e-01,-1.735950559377670288e-01,-1.915656179189682007e-01
1.389210522174835205e-01,-1.735950559377670288e-01,-1.915656179189682007e-01
1.389442235231399536e-01,-1.733766645193099976e-01,-1.919173598289489746e-01
1.389442235231399536e-01,-1.733766645193099976e-01,-1.919173598289489746e-01
1.389676034450531006e-01,-1.731576323509216309e-01,-1.922697722911834717e-01
1.389676034450531006e-01,-1.731576323509216309e-01,-1.922697722911834717e-01
1.389911323785781860e-01,-1.729379296302795410e-01,-1.926229000091552734e-01
1.389911323785781860e-01,-1.729379296302795410e-01,-1.926229000091552734e-01
1.390148550271987915e-01,-1.727175563573837280e-01,-1.929767131805419922e-01
1.390148550271987915e-01,-1.727175563573837280e-01,-1.929767131805419922e-01
1.390387415885925293e-01,-1.724965423345565796e-01,-1.933311820030212402e-01
1.390387415885925293e-01,-1.724965423345565796e-01,-1.933311820030212402e-01
1.390627920627593994e-01,-1.722748726606369019e-01,-1.936863958835601807e-01
1.390627920627593994e-01,-1.722748726606369019e-01,-1.936863958835601807e-01
1.390870213508605957e-01,-1.720525473356246948e-01,-1.940422654151916504e-01
1.390870213508605957e-01,-1.720525473356246948e-01,-1.940422654151916504e-01
1.391114294528961182e-01,-1.718295514583587646e-01,-1.943988502025604248e-01
1.391114294528961182e-01,-1.718295514583587646e-01,-1.943988502025604248e-01
1.391360014677047729e-01,-1.716059446334838867e-01,-1.947561651468276978e-01
1.391360014677047729e-01,-1.716059446334838867e-01,-1.947561651468276978e-01
1.391607671976089478e-01,-1.713816523551940918e-01,-1.951141357421875000e-01
1.391607671976089478e-01,-1.713816523551940918e-01,-1.951141357421875000e-01
1.391857117414474487e-01,-1.711567193269729614e-01,-1.954728662967681885e-01
1.391857117414474487e-01,-1.711567193269729614e-01,-1.954728662967681885e-01
1.392108201980590820e-01,-1.709311306476593018e-01,-1.958322823047637939e-01
1.392108201980590820e-01,-1.709311306476593018e-01,-1.958322823047637939e-01
1.392360925674438477e-01,-1.707048863172531128e-01,-1.961924135684967041e-01
1.392360925674438477e-01,-1.707048863172531128e-01,-1.961924135684967041e-01
1.392615586519241333e-01,-1.704780012369155884e-01,-1.965532749891281128e-01
1.392615586519241333e-01,-1.704780012369155884e-01,-1.965532749891281128e-01
1.392872184514999390e-01,-1.702504754066467285e-01,-1.969148516654968262e-01
1.392872184514999390e-01,-1.702504754066467285e-01,-1.969148516654968262e-01
1.393130421638488770e-01,-1.700222790241241455e-01,-1.972771435976028442e-01
1.393130421638488770e-01,-1.700222790241241455e-01,-1.972771435976028442e-01
1.393390446901321411e-01,-1.697934716939926147e-01,-1.976401805877685547e-01
1.393390446901321411e-01,-1.697934716939926147e-01,-1.976401805877685547e-01
1.393652409315109253e-01,-1.695640087127685547e-01,-1.980039179325103760e-01
1.393652409315109253e-01,-1.695640087127685547e-01,-1.980039179325103760e-01
1.393916159868240356e-01,-1.693338900804519653e-01,-1.983684003353118896e-01
1.393916159868240356e-01,-1.693338900804519653e-01,-1.983684003353118896e-01
1.394181698560714722e-01,-1.691031306982040405e-01,-1.987336128950119019e-01
1.394181698560714722e-01,-1.691031306982040405e-01,-1.987336128950119019e-01
1.394448876380920410e-01,-1.688717454671859741e-01,-1.990995705127716064e-01
1.394448876380920410e-01,-1.688717454671859741e-01,-1.990995705127716064e-01
1.394718289375305176e-01,-1.686396896839141846e-01,-1.994662582874298096e-01
1.394718289375305176e-01,-1.686396896839141846e-01,-1.994662582874298096e-01
1.394989341497421265e-01,-1.684070229530334473e-01,-1.998336911201477051e-01
1.394989341497421265e-01,-1.684070229530334473e-01,-1.998336911201477051e-01
1.395262181758880615e-01,-1.681736856698989868e-01,-2.002018690109252930e-01
1.395262181758880615e-01,-1.681736856698989868e-01,-2.002018690109252930e-01
1.395536959171295166e-01,-1.679397374391555786e-01,-2.005707919597625732e-01
1.395536959171295166e-01,-1.679397374391555786e-01,-2.005707919597625732e-01
1.395813673734664917e-01,-1.677051186561584473e-01,-2.009404599666595459e-01
1.395813673734664917e-01,-1.677051186561584473e-01,-2.009404599666595459e-01
1.396092027425765991e-01,-1.674698889255523682e-01,-2.013109028339385986e-01
1.396092027425765991e-01,-1.674698889255523682e-01,-2.013109028339385986e-01
1.396372616291046143e-01,-1.672340184450149536e-01,-2.016820609569549561e-01
1.396372616291046143e-01,-1.672340184450149536e-01,-2.016820609569549561e-01
1.396654695272445679e-01,-1.669974923133850098e-01,-2.020540088415145874e-01
1.396654695272445679e-01,-1.669974923133850098e-01,-2.020540088415145874e-01
1.396939009428024292e-01,-1.667603552341461182e-01,-2.024267315864562988e-01
1.396939009428024292e-01,-1.667603552341461182e-01,-2.024267315864562988e-01
1.397225111722946167e-01,-1.665225923061370850e-01,-2.028001993894577026e-01
1.397225111722946167e-01,-1.665225923061370850e-01,-2.028001993894577026e-01
1.397513002157211304e-01,-1.662841737270355225e-01,-2.031744122505187988e-01
1.397513002157211304e-01,-1.662841737270355225e-01,-2.031744122505187988e-01
1.397802978754043579e-01,-1.660451143980026245e-01,-2.035494446754455566e-01
1.397802978754043579e-01,-1.660451143980026245e-01,-2.035494446754455566e-01
1.398094743490219116e-01,-1.658054590225219727e-01,-2.039252072572708130e-01
1.398094743490219116e-01,-1.658054590225219727e-01,-2.039252072572708130e-01
1.398388445377349854e-01,-1.655651479959487915e-01,-2.043017446994781494e-01
1.398388445377349854e-01,-1.655651479959487915e-01,-2.043017446994781494e-01
1.398684233427047729e-01,-1.653242111206054688e-01,-2.046790719032287598e-01
1.398684233427047729e-01,-1.653242111206054688e-01,-2.046790719032287598e-01
1.398981660604476929e-01,-1.650826334953308105e-01,-2.050571888685226440e-01
1.398981660604476929e-01,-1.650826334953308105e-01,-2.050571888685226440e-01
1.399281322956085205e-01,-1.648404449224472046e-01,-2.054360806941986084e-01
1.399281322956085205e-01,-1.648404449224472046e-01,-2.054360806941986084e-01
1.399582922458648682e-01,-1.645976155996322632e-01,-2.058157622814178467e-01
1.399582922458648682e-01,-1.645976155996322632e-01,-2.058157622814178467e-01
1.399886310100555420e-01,-1.643541753292083740e-01,-2.061962187290191650e-01
1.399886310100555420e-01,-1.643541753292083740e-01,-2.061962187290191650e-01
1.400191634893417358e-01,-1.641101092100143433e-01,-2.065774947404861450e-01
1.400191634893417358e-01,-1.641101092100143433e-01,-2.065774947404861450e-01
1.400499194860458374e-01,-1.638654023408889771e-01,-2.069595158100128174e-01
1.400499194860458374e-01,-1.638654023408889771e-01,-2.069595158100128174e-01
1.400808542966842651e-01,-1.636200845241546631e-01,-2.073424011468887329e-01
1.400808542966842651e-01,-1.636200845241546631e-01,-2.073424011468887329e-01
1.401119977235794067e-01,-1.633741408586502075e-01,-2.077260166406631470e-01
1.401119977235794067e-01,-1.633741408586502075e-01,-2.077260166406631470e-01
1.401433348655700684e-01,-1.631275713443756104e-01,-2.081104815006256104e-01
1.401433348655700684e-01,-1.631275713443756104e-01,-2.081104815006256104e-01
1.401748657226562500e-01,-1.628803908824920654e-01,-2.084957361221313477e-01
1.401748657226562500e-01,-1.628803908824920654e-01,-2.084957361221313477e-01
1.402066051959991455e-01,-1.626325696706771851e-01,-2.088817954063415527e-01
1.402066051959991455e-01,-1.626325696706771851e-01,-2.088817954063415527e-01
1.402385383844375610e-01,-1.623841375112533569e-01,-2.092686593532562256e-01
1.402385383844375610e-01,-1.623841375112533569e-01,-2.092686593532562256e-01
1.402706652879714966e-01,-1.621350944042205811e-01,-2.096563279628753662e-01
1.402706652879714966e-01,-1.621350944042205811e-01,-2.096563279628753662e-01
1.403030306100845337e-01,-1.618854254484176636e-01,-2.100448459386825562e-01
1.403030306100845337e-01,-1.618854254484176636e-01,-2.100448459386825562e-01
1.403355747461318970e-01,-1.616351306438446045e-01,-2.104341834783554077e-01
1.403355747461318970e-01,-1.616351306438446045e-01,-2.104341834783554077e-01
1.403683274984359741e-01,-1.613842546939849854e-01,-2.108243107795715332e-01
1.403683274984359741e-01,-1.613842546939849854e-01,-2.108243107795715332e-01
1.404012888669967651e-01,-1.611327230930328369e-01,-2.112152874469757080e-01
1.404012888669967651e-01,-1.611327230930328369e-01,-2.112152874469757080e-01
1.404344439506530762e-01,-1.608806103467941284e-01,-2.116070538759231567e-01
1.404344439506530762e-01,-1.608806103467941284e-01,-2.116070538759231567e-01
1.404678225517272949e-01,-1.606278568506240845e-01,-2.119996845722198486e-01
1.404678225517272949e-01,-1.606278568506240845e-01,-2.119996845722198486e-01
1.405013948678970337e-01,-1.603744924068450928e-01,-2.123931497335433960e-01
1.405013948678970337e-01,-1.603744924068450928e-01,-2.123931497335433960e-01
1.405351758003234863e-01,-1.601205170154571533e-01,-2.127874195575714111e-01
1.405351758003234863e-01,-1.601205170154571533e-01,-2.127874195575714111e-01
1.405691653490066528e-01,-1.598659306764602661e-01,-2.131825685501098633e-01
1.405691653490066528e-01,-1.598659306764602661e-01,-2.131825685501098633e-01
1.406033635139465332e-01,-1.596107482910156250e-01,-2.135785222053527832e-01
1.406033635139465332e-01,-1.596107482910156250e-01,-2.135785222053527832e-01
1.406377553939819336e-01,-1.593549549579620361e-01,-2.139753252267837524e-01
1.406377553939819336e-01,-1.593549549579620361e-01,-2.139753252267837524e-01
1.406723856925964355e-01,-1.590985506772994995e-01,-2.143729776144027710e-01
1.406723856925964355e-01,-1.590985506772994995e-01,-2.143729776144027710e-01
1.407072097063064575e-01,-1.588415205478668213e-01,-2.147714942693710327e-01
1.407072097063064575e-01,-1.588415205478668213e-01,-2.147714942693710327e-01
1.407422572374343872e-01,-1.585839092731475830e-01,-2.151708453893661499e-01
1.407422572374343872e-01,-1.585839092731475830e-01,-2.151708453893661499e-01
1.407774984836578369e-01,-1.583256572484970093e-01,-2.155710607767105103e-01
1.407774984836578369e-01,-1.583256572484970093e-01,-2.155710607767105103e-01
1.408129781484603882e-01,-1.580668240785598755e-01,-2.159721255302429199e-01
1.408129781484603882e-01,-1.580668240785598755e-01,-2.159721255302429199e-01
1.408486515283584595e-01,-1.578073799610137939e-01,-2.163740396499633789e-01
1.408486515283584595e-01,-1.578073799610137939e-01,-2.163740396499633789e-01
1.408845484256744385e-01,-1.575473546981811523e-01,-2.167768329381942749e-01
1.408845484256744385e-01,-1.575473546981811523e-01,-2.167768329381942749e-01
1.409206539392471313e-01,-1.572867035865783691e-01,-2.171804606914520264e-01
1.409206539392471313e-01,-1.572867035865783691e-01,-2.171804606914520264e-01
1.409569680690765381e-01,-1.570254415273666382e-01,-2.175850123167037964e-01
1.409569680690765381e-01,-1.570254415273666382e-01,-2.175850123167037964e-01
1.409935057163238525e-01,-1.567635834217071533e-01,-2.179903984069824219e-01
1.409935057163238525e-01,-1.567635834217071533e-01,-2.179903984069824219e-01
1.410302668809890747e-01,-1.565011441707611084e-01,-2.183966636657714844e-01
1.410302668809890747e-01,-1.565011441707611084e-01,-2.183966636657714844e-01
1.410672366619110107e-01,-1.562380790710449219e-01,-2.188037931919097900e-01
1.410672366619110107e-01,-1.562380790710449219e-01,-2.188037931919097900e-01
1.411044299602508545e-01,-1.559744477272033691e-01,-2.192118316888809204e-01
1.411044299602508545e-01,-1.559744477272033691e-01,-2.192118316888809204e-01
1.411418318748474121e-01,-1.557102054357528687e-01,-2.196207046508789062e-01
1.411418318748474121e-01,-1.557102054357528687e-01,-2.196207046508789062e-01
1.411794722080230713e-01,-1.554453521966934204e-01,-2.200304865837097168e-01
1.411794722080230713e-01,-1.554453521966934204e-01,-2.200304865837097168e-01
1.412173062562942505e-01,-1.551799029111862183e-01,-2.204411625862121582e-01
1.412173062562942505e-01,-1.551799029111862183e-01,-2.204411625862121582e-01
1.412553787231445312e-01,-1.549138873815536499e-01,-2.208527326583862305e-01
1.412553787231445312e-01,-1.549138873815536499e-01,-2.208527326583862305e-01
1.412936747074127197e-01,-1.546472460031509399e-01,-2.212651818990707397e-01
1.412936747074127197e-01,-1.546472460031509399e-01,-2.212651818990707397e-01
1.413321942090988159e-01,-1.543800085783004761e-01,-2.216785252094268799e-01
1.413321942090988159e-01,-1.543800085783004761e-01,-2.216785252094268799e-01
1.413709223270416260e-01,-1.541122049093246460e-01,-2.220927774906158447e-01
1.413709223270416260e-01,-1.541122049093246460e-01,-2.220927774906158447e-01
1.414098739624023438e-01,-1.538437902927398682e-01,-2.225079387426376343e-01
1.414098739624023438e-01,-1.538437902927398682e-01,-2.225079387426376343e-01
1.414490491151809692e-01,-1.535748094320297241e-01,-2.229239642620086670e-01
1.414490491151809692e-01,-1.535748094320297241e-01,-2.229239642620086670e-01
1.414884775876998901e-01,-1.533052027225494385e-01,-2.233409434556961060e-01
1.414884775876998901e-01,-1.533052027225494385e-01,-2.233409434556961060e-01
1.415280997753143311e-01,-1.530350297689437866e-01,-2.237588018178939819e-01
1.415280997753143311e-01,-1.530350297689437866e-01,-2.237588018178939819e-01
1.415679603815078735e-01,-1.527642607688903809e-01,-2.241775840520858765e-01
1.415679603815078735e-01,-1.527642607688903809e-01,-2.241775840520858765e-01
1.416080445051193237e-01,-1.524929106235504150e-01,-2.245972901582717896e-01
1.416080445051193237e-01,-1.524929106235504150e-01,-2.245972901582717896e-01
1.416483521461486816e-01,-1.522209644317626953e-01,-2.250178754329681396e-01
1.416483521461486816e-01,-1.522209644317626953e-01,-2.250178754329681396e-01
1.416888982057571411e-01,-1.519484519958496094e-01,-2.254393994808197021e-01
1.416888982057571411e-01,-1.519484519958496094e-01,-2.254393994808197021e-01
1.417296677827835083e-01,-1.516753286123275757e-01,-2.258618623018264771e-01
1.417296677827835083e-01,-1.516753286123275757e-01,-2.258618623018264771e-01
1.417706608772277832e-01,-1.514016389846801758e-01,-2.262852191925048828e-01
1.417706608772277832e-01,-1.514016389846801758e-01,-2.262852191925048828e-01
1.418119072914123535e-01,-1.511273533105850220e-01,-2.267095297574996948e-01
1.418119072914123535e-01,-1.511273533105850220e-01,-2.267095297574996948e-01
1.418533623218536377e-01,-1.508525013923645020e-01,-2.271347641944885254e-01
1.418533623218536377e-01,-1.508525013923645020e-01,-2.271347641944885254e-01
1.418950408697128296e-01,-1.505770534276962280e-01,-2.275609374046325684e-01
1.418950408697128296e-01,-1.505770534276962280e-01,-2.275609374046325684e-01
1.419369727373123169e-01,-1.503010243177413940e-01,-2.279880344867706299e-01
1.419369727373123169e-01,-1.503010243177413940e-01,-2.279880344867706299e-01
1.419791132211685181e-01,-1.500244140625000000e-01,-2.284160852432250977e-01
1.419791132211685181e-01,-1.500244140625000000e-01,-2.284160852432250977e-01
1.420215219259262085e-01,-1.497472375631332397e-01,-2.288450598716735840e-01
1.420215219259262085e-01,-1.497472375631332397e-01,-2.288450598716735840e-01
1.420641392469406128e-01,-1.494694799184799194e-01,-2.292749881744384766e-01
1.420641392469406128e-01,-1.494694799184799194e-01,-2.292749881744384766e-01
1.421069949865341187e-01,-1.491911262273788452e-01,-2.297058552503585815e-01
1.421069949865341187e-01,-1.491911262273788452e-01,-2.297058552503585815e-01
1.421500891447067261e-01,-1.489122211933135986e-01,-2.301376909017562866e-01
1.421500891447067261e-01,-1.489122211933135986e-01,-2.301376909017562866e-01
1.421934217214584351e-01,-1.486327052116394043e-01,-2.305704504251480103e-01
1.421934217214584351e-01,-1.486327052116394043e-01,-2.305704504251480103e-01
1.422369927167892456e-01,-1.483526527881622314e-01,-2.310041934251785278e-01
1.422369927167892456e-01,-1.483526527881622314e-01,-2.310041934251785278e-01
1.422808170318603516e-01,-1.480720192193984985e-01,-2.314389050006866455e-01
1.422808170318603516e-01,-1.480720192193984985e-01,-2.314389050006866455e-01
1.423248350620269775e-01,-1.477907896041870117e-01,-2.318745404481887817e-01
1.423248350620269775e-01,-1.477907896041870117e-01,-2.318745404481887817e-01
1.423691213130950928e-01,-1.475090086460113525e-01,-2.323111742734909058e-01
1.423691213130950928e-01,-1.475090086460113525e-01,-2.323111742734909058e-01
1.424136459827423096e-01,-1.472266465425491333e-01,-2.327487617731094360e-01
1.424136459827423096e-01,-1.472266465425491333e-01,-2.327487617731094360e-01
1.424583941698074341e-01,-1.469437181949615479e-01,-2.331872880458831787e-01
1.424583941698074341e-01,-1.469437181949615479e-01,-2.331872880458831787e-01
1.425033956766128540e-01,-1.466602236032485962e-01,-2.336268126964569092e-01
1.425033956766128540e-01,-1.466602236032485962e-01,-2.336268126964569092e-01
1.425486505031585693e-01,-1.463761478662490845e-01,-2.340673208236694336e-01
1.425486505031585693e-01,-1.463761478662490845e-01,-2.340673208236694336e-01
1.425941288471221924e-01,-1.460915058851242065e-01,-2.345087826251983643e-01
1.425941288471221924e-01,-1.460915058851242065e-01,-2.345087826251983643e-01
1.426398605108261108e-01,-1.458063125610351562e-01,-2.349512279033660889e-01
1.426398605108261108e-01,-1.458063125610351562e-01,-2.349512279033660889e-01
1.426858305931091309e-01,-1.455205231904983521e-01,-2.353946715593338013e-01
1.426858305931091309e-01,-1.455205231904983521e-01,-2.353946715593338013e-01
1.427320390939712524e-01,-1.452341973781585693e-01,-2.358390986919403076e-01
1.427320390939712524e-01,-1.452341973781585693e-01,-2.358390986919403076e-01
1.427784860134124756e-01,-1.449472904205322266e-01,-2.362844944000244141e-01
1.427784860134124756e-01,-1.449472904205322266e-01,-2.362844944000244141e-01
1.428252011537551880e-01,-1.446598172187805176e-01,-2.367308884859085083e-01
1.428252011537551880e-01,-1.446598172187805176e-01,-2.367308884859085083e-01
1.428721547126770020e-01,-1.443717926740646362e-01,-2.371783107519149780e-01
1.428721547126770020e-01,-1.443717926740646362e-01,-2.371783107519149780e-01
1.429193466901779175e-01,-1.440832167863845825e-01,-2.376266717910766602e-01
1.429193466901779175e-01,-1.440832167863845825e-01,-2.376266717910766602e-01
1.429668068885803223e-01,-1.437940448522567749e-01,-2.380760908126831055e-01
1.429668068885803223e-01,-1.437940448522567749e-01,-2.380760908126831055e-01
1.430144757032394409e-01,-1.435043364763259888e-01,-2.385264635086059570e-01
1.430144757032394409e-01,-1.435043364763259888e-01,-2.385264635086059570e-01
1.430624276399612427e-01,-1.432140618562698364e-01,-2.389778494834899902e-01
1.430624276399612427e-01,-1.432140618562698364e-01,-2.389778494834899902e-01
1.431106328964233398e-01,-1.429232358932495117e-01,-2.394302487373352051e-01
1.431106328964233398e-01,-1.429232358932495117e-01,-2.394302487373352051e-01
1.431590616703033447e-01,-1.426318585872650146e-01,-2.398836910724639893e-01
1.431590616703033447e-01,-1.426318585872650146e-01,-2.398836910724639893e-01
1.432077586650848389e-01,-1.423399150371551514e-01,-2.403381168842315674e-01
1.432077586650848389e-01,-1.423399150371551514e-01,-2.403381168842315674e-01
1.432567089796066284e-01,-1.420474052429199219e-01,-2.407935410737991333e-01
1.432567089796066284e-01,-1.420474052429199219e-01,-2.407935410737991333e-01
1.433058977127075195e-01,-1.417543292045593262e-01,-2.412500083446502686e-01
1.433058977127075195e-01,-1.417543292045593262e-01,-2.412500083446502686e-01
1.433553397655487061e-01,-1.414607167243957520e-01,-2.417074888944625854e-01
1.433553397655487061e-01,-1.414607167243957520e-01,-2.417074888944625854e-01
1.434050500392913818e-01,-1.411665380001068115e-01,-2.421659529209136963e-01
1.434050500392913818e-01,-1.411665380001068115e-01,-2.421659529209136963e-01
1.434549987316131592e-01,-1.408718377351760864e-01,-2.426255047321319580e-01
1.434549987316131592e-01,-1.408718377351760864e-01,-2.426255047321319580e-01
1.435052156448364258e-01,-1.405765563249588013e-01,-2.430860549211502075e-01
1.435052156448364258e-01,-1.405765563249588013e-01,-2.430860549211502075e-01
1.435556709766387939e-01,-1.402807384729385376e-01,-2.435476481914520264e-01
1.435556709766387939e-01,-1.402807384729385376e-01,-2.435476481914520264e-01
1.436064094305038452e-01,-1.399843543767929077e-01,-2.440102696418762207e-01
1.436064094305038452e-01,-1.399843543767929077e-01,-2.440102696418762207e-01
1.436573714017868042e-01,-1.396874338388442993e-01,-2.444739341735839844e-01
1.436573714017868042e-01,-1.396874338388442993e-01,-2.444739341735839844e-01
1.437086164951324463e-01,-1.393899619579315186e-01,-2.449386268854141235e-01
1.437086164951324463e-01,-1.393899619579315186e-01,-2.449386268854141235e-01
1.437601149082183838e-01,-1.390919387340545654e-01,-2.454043626785278320e-01
1.437601149082183838e-01,-1.390919387340545654e-01,-2.454043626785278320e-01
1.438118517398834229e-01,-1.387933641672134399e-01,-2.458711564540863037e-01
1.438118517398834229e-01,-1.387933641672134399e-01,-2.458711564540863037e-01
1.438638716936111450e-01,-1.384942531585693359e-01,-2.463390231132507324e-01
1.438638716936111450e-01,-1.384942531585693359e-01,-2.463390231132507324e-01
1.439161300659179688e-01,-1.381945908069610596e-01,-2.468078881502151489e-01
1.439161300659179688e-01,-1.381945908069610596e-01,-2.468078881502151489e-01
1.439686715602874756e-01,-1.378943920135498047e-01,-2.472778260707855225e-01
1.439686715602874756e-01,-1.378943920135498047e-01,-2.472778260707855225e-01
1.440214663743972778e-01,-1.375936418771743774e-01,-2.477488219738006592e-01
1.440214663743972778e-01,-1.375936418771743774e-01,-2.477488219738006592e-01
1.440745145082473755e-01,-1.372923403978347778e-01,-2.482208758592605591e-01
1.440745145082473755e-01,-1.372923403978347778e-01,-2.482208758592605591e-01
1.441278457641601562e-01,-1.369905173778533936e-01,-2.486939877271652222e-01
1.441278457641601562e-01,-1.369905173778533936e-01,-2.486939877271652222e-01
1.441814303398132324e-01,-1.366881579160690308e-01,-2.491681873798370361e-01
1.441814303398132324e-01,-1.366881579160690308e-01,-2.491681873798370361e-01
1.442352682352066040e-01,-1.363852322101593018e-01,-2.496434450149536133e-01
1.442352682352066040e-01,-1.363852322101593018e-01,-2.496434450149536133e-01
1.442893743515014648e-01,-1.360817700624465942e-01,-2.501197755336761475e-01
1.442893743515014648e-01,-1.360817700624465942e-01,-2.501197755336761475e-01
1.443437635898590088e-01,-1.357777714729309082e-01,-2.505971491336822510e-01
1.443437635898590088e-01,-1.357777714729309082e-01,-2.505971491336822510e-01
1.443984210491180420e-01,-1.354732364416122437e-01,-2.510756254196166992e-01
1.443984210491180420e-01,-1.354732364416122437e-01,-2.510756254196166992e-01
1.444533169269561768e-01,-1.351681798696517944e-01,-2.515551745891571045e-01
1.444533169269561768e-01,-1.351681798696517944e-01,-2.515551745891571045e-01
1.445084810256958008e-01,-1.348625719547271729e-01,-2.520357966423034668e-01
1.445084810256958008e-01,-1.348625719547271729e-01,-2.520357966423034668e-01
1.445639431476593018e-01,-1.345564275979995728e-01,-2.525175213813781738e-01
1.445639431476593018e-01,-1.345564275979995728e-01,-2.525175213813781738e-01
1.446196585893630981e-01,-1.342497617006301880e-01,-2.530003190040588379e-01
1.446196585893630981e-01,-1.342497617006301880e-01,-2.530003190040588379e-01
1.446756273508071899e-01,-1.339425593614578247e-01,-2.534842193126678467e-01
1.446756273508071899e-01,-1.339425593614578247e-01,-2.534842193126678467e-01
1.447318941354751587e-01,-1.336348056793212891e-01,-2.539691925048828125e-01
1.447318941354751587e-01,-1.336348056793212891e-01,-2.539691925048828125e-01
1.447884142398834229e-01,-1.333265453577041626e-01,-2.544552683830261230e-01
1.447884142398834229e-01,-1.333265453577041626e-01,-2.544552683830261230e-01
1.448452025651931763e-01,-1.330177485942840576e-01,-2.549424171447753906e-01
1.448452025651931763e-01,-1.330177485942840576e-01,-2.549424171447753906e-01
1.449022740125656128e-01,-1.327084153890609741e-01,-2.554306983947753906e-01
1.449022740125656128e-01,-1.327084153890609741e-01,-2.554306983947753906e-01
1.449596136808395386e-01,-1.323985457420349121e-01,-2.559200823307037354e-01
1.449596136808395386e-01,-1.323985457420349121e-01,-2.559200823307037354e-01
1.450172215700149536e-01,-1.320881545543670654e-01,-2.564105689525604248e-01
1.450172215700149536e-01,-1.320881545543670654e-01,-2.564105689525604248e-01
1.450751274824142456e-01,-1.317772418260574341e-01,-2.569021284580230713e-01
1.450751274824142456e-01,-1.317772418260574341e-01,-2.569021284580230713e-01
1.451332867145538330e-01,-1.314657926559448242e-01,-2.573948502540588379e-01
1.451332867145538330e-01,-1.314657926559448242e-01,-2.573948502540588379e-01
1.451917141675949097e-01,-1.311538219451904297e-01,-2.578886449337005615e-01
1.451917141675949097e-01,-1.311538219451904297e-01,-2.578886449337005615e-01
1.452504396438598633e-01,-1.308413296937942505e-01,-2.583835721015930176e-01
1.452504396438598633e-01,-1.308413296937942505e-01,-2.583835721015930176e-01
1.453094333410263062e-01,-1.305283010005950928e-01,-2.588796615600585938e-01
1.453094333410263062e-01,-1.305283010005950928e-01,-2.588796615600585938e-01
1.453686952590942383e-01,-1.302147656679153442e-01,-2.593768239021301270e-01
1.453686952590942383e-01,-1.302147656679153442e-01,-2.593768239021301270e-01
1.454282552003860474e-01,-1.299006938934326172e-01,-2.598751187324523926e-01
1.454282552003860474e-01,-1.299006938934326172e-01,-2.598751187324523926e-01
1.454880833625793457e-01,-1.295861005783081055e-01,-2.603745460510253906e-01
1.454880833625793457e-01,-1.295861005783081055e-01,-2.603745460510253906e-01
1.455481648445129395e-01,-1.292710006237030029e-01,-2.608750760555267334e-01
1.455481648445129395e-01,-1.292710006237030029e-01,-2.608750760555267334e-01
1.456085592508316040e-01,-1.289553642272949219e-01,-2.613767683506011963e-01
1.456085592508316040e-01,-1.289553642272949219e-01,-2.613767683506011963e-01
1.456692367792129517e-01,-1.286392211914062500e-01,-2.618796229362487793e-01
1.456692367792129517e-01,-1.286392211914062500e-01,-2.618796229362487793e-01
1.457301825284957886e-01,-1.283225417137145996e-01,-2.623835504055023193e-01
1.457301825284957886e-01,-1.283225417137145996e-01,-2.623835504055023193e-01
1.457914113998413086e-01,-1.280053555965423584e-01,-2.628886997699737549e-01
1.457914113998413086e-01,-1.280053555965423584e-01,-2.628886997699737549e-01
1.458529084920883179e-01,-1.276876628398895264e-01,-2.633948922157287598e-01
1.458529084920883179e-01,-1.276876628398895264e-01,-2.633948922157287598e-01
1.459147036075592041e-01,-1.273694485425949097e-01,-2.639023065567016602e-01
1.459147036075592041e-01,-1.273694485425949097e-01,-2.639023065567016602e-01
1.459767818450927734e-01,-1.270507127046585083e-01,-2.644108533859252930e-01
1.459767818450927734e-01,-1.270507127046585083e-01,-2.644108533859252930e-01
1.460391581058502197e-01,-1.267314702272415161e-01,-2.649205625057220459e-01
1.460391581058502197e-01,-1.267314702272415161e-01,-2.649205625057220459e-01
1.461018025875091553e-01,-1.264116913080215454e-01,-2.654314041137695312e-01
1.461018025875091553e-01,-1.264116913080215454e-01,-2.654314041137695312e-01
1.461647301912307739e-01,-1.260914355516433716e-01,-2.659434080123901367e-01
1.461647301912307739e-01,-1.260914355516433716e-01,-2.659434080123901367e-01
1.462279558181762695e-01,-1.257706433534622192e-01,-2.664565742015838623e-01
1.462279558181762695e-01,-1.257706433534622192e-01,-2.664565742015838623e-01
1.462914645671844482e-01,-1.254493594169616699e-01,-2.669708728790283203e-01
1.462914645671844482e-01,-1.254493594169616699e-01,-2.669708728790283203e-01
1.463552713394165039e-01,-1.251275539398193359e-01,-2.674863934516906738e-01
1.463552713394165039e-01,-1.251275539398193359e-01,-2.674863934516906738e-01
1.464193463325500488e-01,-1.248052418231964111e-01,-2.680030763149261475e-01
1.464193463325500488e-01,-1.248052418231964111e-01,-2.680030763149261475e-01
1.464837342500686646e-01,-1.244824081659317017e-01,-2.685208916664123535e-01
1.464837342500686646e-01,-1.244824081659317017e-01,-2.685208916664123535e-01
1.465483903884887695e-01,-1.241590753197669983e-01,-2.690399289131164551e-01
1.465483903884887695e-01,-1.241590753197669983e-01,-2.690399289131164551e-01
1.466133594512939453e-01,-1.238352507352828979e-01,-2.695600688457489014e-01
1.466133594512939453e-01,-1.238352507352828979e-01,-2.695600688457489014e-01
1.466785967350006104e-01,-1.235109046101570129e-01,-2.700814306735992432e-01
1.466785967350006104e-01,-1.235109046101570129e-01,-2.700814306735992432e-01
1.467441469430923462e-01,-1.231860592961311340e-01,-2.706040143966674805e-01
1.467441469430923462e-01,-1.231860592961311340e-01,-2.706040143966674805e-01
1.468099653720855713e-01,-1.228607073426246643e-01,-2.711277306079864502e-01
1.468099653720855713e-01,-1.228607073426246643e-01,-2.711277306079864502e-01
1.468761116266250610e-01,-1.225348562002182007e-01,-2.716526687145233154e-01
1.468761116266250610e-01,-1.225348562002182007e-01,-2.716526687145233154e-01
1.469425112009048462e-01,-1.222084984183311462e-01,-2.721787691116333008e-01
1.469425112009048462e-01,-1.222084984183311462e-01,-2.721787691116333008e-01
1.470092386007308960e-01,-1.218816339969635010e-01,-2.727060616016387939e-01
1.470092386007308960e-01,-1.218816339969635010e-01,-2.727060616016387939e-01
1.470762491226196289e-01,-1.215542852878570557e-01,-2.732345461845397949e-01
1.470762491226196289e-01,-1.215542852878570557e-01,-2.732345461845397949e-01
1.471435576677322388e-01,-1.212264224886894226e-01,-2.737642526626586914e-01
1.471435576677322388e-01,-1.212264224886894226e-01,-2.737642526626586914e-01
1.472111642360687256e-01,-1.208980679512023926e-01,-2.742951512336730957e-01
1.472111642360687256e-01,-1.208980679512023926e-01,-2.742951512336730957e-01
1.472790688276290894e-01,-1.205692142248153687e-01,-2.748272716999053955e-01
1.472790688276290894e-01,-1.205692142248153687e-01,-2.748272716999053955e-01
1.473472565412521362e-01,-1.202398687601089478e-01,-2.753605842590332031e-01
1.473472565412521362e-01,-1.202398687601089478e-01,-2.753605842590332031e-01
1.474157571792602539e-01,-1.199100166559219360e-01,-2.758950889110565186e-01
1.474157571792602539e-01,-1.199100166559219360e-01,-2.758950889110565186e-01
1.474845558404922485e-01,-1.195796653628349304e-01,-2.764308154582977295e-01
1.474845558404922485e-01,-1.195796653628349304e-01,-2.764308154582977295e-01
1.475536674261093140e-01,-1.192488297820091248e-01,-2.769677937030792236e-01
1.475536674261093140e-01,-1.192488297820091248e-01,-2.769677937030792236e-01
1.476230621337890625e-01,-1.189175024628639221e-01,-2.775059342384338379e-01
1.476230621337890625e-01,-1.189175024628639221e-01,-2.775059342384338379e-01
1.476927548646926880e-01,-1.185856685042381287e-01,-2.780453264713287354e-01
1.476927548646926880e-01,-1.185856685042381287e-01,-2.780453264713287354e-01
1.477627754211425781e-01,-1.182533502578735352e-01,-2.785859405994415283e-01
1.477627754211425781e-01,-1.182533502578735352e-01,-2.785859405994415283e-01
1.478330641984939575e-01,-1.179205477237701416e-01,-2.791277766227722168e-01
1.478330641984939575e-01,-1.179205477237701416e-01,-2.791277766227722168e-01
1.479036808013916016e-01,-1.175872385501861572e-01,-2.796708345413208008e-01
1.479036808013916016e-01,-1.175872385501861572e-01,-2.796708345413208008e-01
1.479745805263519287e-01,-1.172534525394439697e-01,-2.802151143550872803e-01
1.479745805263519287e-01,-1.172534525394439697e-01,-2.802151143550872803e-01
1.480457931756973267e-01,-1.169191673398017883e-01,-2.807606458663940430e-01
1.480457931756973267e-01,-1.169191673398017883e-01,-2.807606458663940430e-01
1.481173187494277954e-01,-1.165844053030014038e-01,-2.813074290752410889e-01
1.481173187494277954e-01,-1.165844053030014038e-01,-2.813074290752410889e-01
1.481891572475433350e-01,-1.162491515278816223e-01,-2.818554341793060303e-01
1.481891572475433350e-01,-1.162491515278816223e-01,-2.818554341793060303e-01
1.482612788677215576e-01,-1.159134209156036377e-01,-2.824046611785888672e-01
1.482612788677215576e-01,-1.159134209156036377e-01,-2.824046611785888672e-01
1.483337432146072388e-01,-1.155771911144256592e-01,-2.829551398754119873e-01
1.483337432146072388e-01,-1.155771911144256592e-01,-2.829551398754119873e-01
1.484064906835556030e-01,-1.152404844760894775e-01,-2.835069000720977783e-01
1.484064906835556030e-01,-1.152404844760894775e-01,-2.835069000720977783e-01
1.484795361757278442e-01,-1.149032935500144958e-01,-2.840598821640014648e-01
1.484795361757278442e-01,-1.149032935500144958e-01,-2.840598821640014648e-01
1.485529243946075439e-01,-1.145656108856201172e-01,-2.846141457557678223e-01
1.485529243946075439e-01,-1.145656108856201172e-01,-2.846141457557678223e-01
1.486265957355499268e-01,-1.142274588346481323e-01,-2.851696312427520752e-01
1.486265957355499268e-01,-1.142274588346481323e-01,-2.851696312427520752e-01
1.487005800008773804e-01,-1.138888150453567505e-01,-2.857263982295989990e-01
1.487005800008773804e-01,-1.138888150453567505e-01,-2.857263982295989990e-01
1.487748920917510986e-01,-1.135497018694877625e-01,-2.862843871116638184e-01
1.487748920917510986e-01,-1.135497018694877625e-01,-2.862843871116638184e-01
1.488495022058486938e-01,-1.132100895047187805e-01,-2.868436872959136963e-01
1.488495022058486938e-01,-1.132100895047187805e-01,-2.868436872959136963e-01
1.489244252443313599e-01,-1.128700152039527893e-01,-2.874042093753814697e-01
1.489244252443313599e-01,-1.128700152039527893e-01,-2.874042093753814697e-01
1.489996612071990967e-01,-1.125294715166091919e-01,-2.879660427570343018e-01
1.489996612071990967e-01,-1.125294715166091919e-01,-2.879660427570343018e-01
1.490752249956130981e-01,-1.121884360909461975e-01,-2.885291576385498047e-01
1.490752249956130981e-01,-1.121884360909461975e-01,-2.885291576385498047e-01
1.491510868072509766e-01,-1.118469163775444031e-01,-2.890935242176055908e-01
1.491510868072509766e-01,-1.118469163775444031e-01,-2.890935242176055908e-01
1.492272615432739258e-01,-1.115049347281455994e-01,-2.896591424942016602e-01
1.492272615432739258e-01,-1.115049347281455994e-01,-2.896591424942016602e-01
1.493037790060043335e-01,-1.111624836921691895e-01,-2.902260720729827881e-01
1.493037790060043335e-01,-1.111624836921691895e-01,-2.902260720729827881e-01
1.493805944919586182e-01,-1.108195409178733826e-01,-2.907942831516265869e-01
1.493805944919586182e-01,-1.108195409178733826e-01,-2.907942831516265869e-01
1.494577378034591675e-01,-1.104761436581611633e-01,-2.913637757301330566e-01
1.494577378034591675e-01,-1.104761436581611633e-01,-2.913637757301330566e-01
1.495351791381835938e-01,-1.101322621107101440e-01,-2.919345796108245850e-01
1.495351791381835938e-01,-1.101322621107101440e-01,-2.919345796108245850e-01
1.496129631996154785e-01,-1.097879186272621155e-01,-2.925066351890563965e-01
1.496129631996154785e-01,-1.097879186272621155e-01,-2.925066351890563965e-01
1.496910601854324341e-01,-1.094431057572364807e-01,-2.930800020694732666e-01
1.496910601854324341e-01,-1.094431057572364807e-01,-2.930800020694732666e-01
1.497694551944732666e-01,-1.090978085994720459e-01,-2.936546802520751953e-01
1.497694551944732666e-01,-1.090978085994720459e-01,-2.936546802520751953e-01
1.498481929302215576e-01,-1.087520569562911987e-01,-2.942306697368621826e-01
1.498481929302215576e-01,-1.087520569562911987e-01,-2.942306697368621826e-01
1.499272435903549194e-01,-1.084058210253715515e-01,-2.948079109191894531e-01
1.499272435903549194e-01,-1.084058210253715515e-01,-2.948079109191894531e-01
1.500066220760345459e-01,-1.080591380596160889e-01,-2.953864634037017822e-01
1.500066220760345459e-01,-1.080591380596160889e-01,-2.953864634037017822e-01
1.500863134860992432e-01,-1.077119857072830200e-01,-2.959663569927215576e-01
1.500863134860992432e-01,-1.077119857072830200e-01,-2.959663569927215576e-01
1.501663327217102051e-01,-1.073643565177917480e-01,-2.965475618839263916e-01
1.501663327217102051e-01,-1.073643565177917480e-01,-2.965475618839263916e-01
1.502466946840286255e-01,-1.070162728428840637e-01,-2.971300482749938965e-01
1.502466946840286255e-01,-1.070162728428840637e-01,-2.971300482749938965e-01
1.503273546695709229e-01,-1.066677272319793701e-01,-2.977138757705688477e-01
1.503273546695709229e-01,-1.066677272319793701e-01,-2.977138757705688477e-01
1.504083722829818726e-01,-1.063187122344970703e-01,-2.982990443706512451e-01
1.504083722829818726e-01,-1.063187122344970703e-01,-2.982990443706512451e-01
1.504896730184555054e-01,-1.059692427515983582e-01,-2.988854646682739258e-01
1.504896730184555054e-01,-1.059692427515983582e-01,-2.988854646682739258e-01
1.505713313817977905e-01,-1.056193113327026367e-01,-2.994732558727264404e-01
1.505713313817977905e-01,-1.056193113327026367e-01,-2.994732558727264404e-01
1.506532877683639526e-01,-1.052689105272293091e-01,-3.000623583793640137e-01
1.506532877683639526e-01,-1.052689105272293091e-01,-3.000623583793640137e-01
1.507356017827987671e-01,-1.049180477857589722e-01,-3.006528317928314209e-01
1.507356017827987671e-01,-1.049180477857589722e-01,-3.006528317928314209e-01
1.508182436227798462e-01,-1.045667380094528198e-01,-3.012445867061614990e-01
1.508182436227798462e-01,-1.045667380094528198e-01,-3.012445867061614990e-01
1.509011983871459961e-01,-1.042149737477302551e-01,-3.018377125263214111e-01
1.509011983871459961e-01,-1.042149737477302551e-01,-3.018377125263214111e-01
1.509844958782196045e-01,-1.038627400994300842e-01,-3.024321496486663818e-01
1.509844958782196045e-01,-1.038627400994300842e-01,-3.024321496486663818e-01
1.510681211948394775e-01,-1.035100668668746948e-01,-3.030279576778411865e-01
1.510681211948394775e-01,-1.035100668668746948e-01,-3.030279576778411865e-01
1.511520743370056152e-01,-1.031569242477416992e-01,-3.036250770092010498e-01
1.511520743370056152e-01,-1.031569242477416992e-01,-3.036250770092010498e-01
1.512363851070404053e-01,-1.028033345937728882e-01,-3.042235672473907471e-01
1.512363851070404053e-01,-1.028033345937728882e-01,-3.042235672473907471e-01
1.513209939002990723e-01,-1.024492904543876648e-01,-3.048233985900878906e-01
1.513209939002990723e-01,-1.024492904543876648e-01,-3.048233985900878906e-01
1.514059454202651978e-01,-1.020947918295860291e-01,-3.054245412349700928e-01
1.514059454202651978e-01,-1.020947918295860291e-01,-3.054245412349700928e-01
1.514912396669387817e-01,-1.017398461699485779e-01,-3.060270845890045166e-01
1.514912396669387817e-01,-1.017398461699485779e-01,-3.060270845890045166e-01
1.515768617391586304e-01,-1.013844385743141174e-01,-3.066309988498687744e-01
1.515768617391586304e-01,-1.013844385743141174e-01,-3.066309988498687744e-01
1.516628116369247437e-01,-1.010285913944244385e-01,-3.072362244129180908e-01
1.516628116369247437e-01,-1.010285913944244385e-01,-3.072362244129180908e-01
1.517491042613983154e-01,-1.006722822785377502e-01,-3.078428506851196289e-01
1.517491042613983154e-01,-1.006722822785377502e-01,-3.078428506851196289e-01
1.518357396125793457e-01,-1.003155484795570374e-01,-3.084508180618286133e-01
1.518357396125793457e-01,-1.003155484795570374e-01,-3.084508180618286133e-01
1.519227176904678345e-01,-9.995834529399871826e-02,-3.090601563453674316e-01
1.519227176904678345e-01,-9.995834529399871826e-02,-3.090601563453674316e-01
1.520100235939025879e-01,-9.960071742534637451e-02,-3.096708953380584717e-01
1.520100235939025879e-01,-9.960071742534637451e-02,-3.096708953380584717e-01
1.520976722240447998e-01,-9.924262017011642456e-02,-3.102829754352569580e-01
1.520976722240447998e-01,-9.924262017011642456e-02,-3.102829754352569580e-01
1.521856635808944702e-01,-9.888409078121185303e-02,-3.108964562416076660e-01
1.521856635808944702e-01,-9.888409078121185303e-02,-3.108964562416076660e-01
1.522739827632904053e-01,-9.852512180805206299e-02,-3.115112781524658203e-01
1.522739827632904053e-01,-9.852512180805206299e-02,-3.115112781524658203e-01
-1.620982885360717773e-01,-2.954200096428394318e-02,9.022042155265808105e-02
-1.620982885360717773e-01,-2.954200096428394318e-02,9.022042155265808105e-02
-1.623884588479995728e-01,-2.856752090156078339e-02,8.965782821178436279e-02
-1.623884588479995728e-01,-2.856752090156078339e-02,8.965782821178436279e-02
-1.626775115728378296e-01,-2.759630605578422546e-02,8.909802883863449097e-02
-1.626775115728378296e-01,-2.759630605578422546e-02,8.909802883863449097e-02
-1.629654616117477417e-01,-2.662835456430912018e-02,8.854106068611145020e-02
-1.629654616117477417e-01,-2.662835456430912018e-02,8.854106068611145020e-02
-1.632522493600845337e-01,-2.566364780068397522e-02,8.798685669898986816e-02
-1.632522493600845337e-01,-2.566364780068397522e-02,8.798685669898986816e-02
-1.635379195213317871e-01,-2.470219321548938751e-02,8.743546903133392334e-02
-1.635379195213317871e-01,-2.470219321548938751e-02,8.743546903133392334e-02
-1.638224720954895020e-01,-2.374397963285446167e-02,8.688686788082122803e-02
-1.638224720954895020e-01,-2.374397963285446167e-02,8.688686788082122803e-02
-1.641059219837188721e-01,-2.278899215161800385e-02,8.634105324745178223e-02
-1.641059219837188721e-01,-2.278899215161800385e-02,8.634105324745178223e-02
-1.643882244825363159e-01,-2.183723263442516327e-02,8.579801768064498901e-02
-1.643882244825363159e-01,-2.183723263442516327e-02,8.579801768064498901e-02
-1.646694540977478027e-01,-2.088869549334049225e-02,8.525776118040084839e-02
-1.646694540977478027e-01,-2.088869549334049225e-02,8.525776118040084839e-02
-1.649495512247085571e-01,-1.994337141513824463e-02,8.472026884555816650e-02
-1.649495512247085571e-01,-1.994337141513824463e-02,8.472026884555816650e-02
-1.652285307645797729e-01,-1.900124736130237579e-02,8.418554067611694336e-02
-1.652285307645797729e-01,-1.900124736130237579e-02,8.418554067611694336e-02
-1.655064225196838379e-01,-1.806232705712318420e-02,8.365357667207717896e-02
-1.655064225196838379e-01,-1.806232705712318420e-02,8.365357667207717896e-02
-1.657832115888595581e-01,-1.712659746408462524e-02,8.312436193227767944e-02
-1.657832115888595581e-01,-1.712659746408462524e-02,8.312436193227767944e-02
-1.660588681697845459e-01,-1.619405485689640045e-02,8.259790390729904175e-02
-1.660588681697845459e-01,-1.619405485689640045e-02,8.259790390729904175e-02
-1.663334518671035767e-01,-1.526468805968761444e-02,8.207418024539947510e-02
-1.663334518671035767e-01,-1.526468805968761444e-02,8.207418024539947510e-02
-1.666069179773330688e-01,-1.433849986642599106e-02,8.155322074890136719e-02
-1.666069179773330688e-01,-1.433849986642599106e-02,8.155322074890136719e-02
-1.668793112039566040e-01,-1.341547258198261261e-02,8.103497326374053955e-02
-1.668793112039566040e-01,-1.341547258198261261e-02,8.103497326374053955e-02
-1.671505868434906006e-01,-1.249560806900262833e-02,8.051947504281997681e-02
-1.671505868434906006e-01,-1.249560806900262833e-02,8.051947504281997681e-02
-1.674207895994186401e-01,-1.157889794558286667e-02,8.000668883323669434e-02
-1.674207895994186401e-01,-1.157889794558286667e-02,8.000668883323669434e-02
-1.676898896694183350e-01,-1.066532917320728302e-02,7.949662208557128906e-02
-1.676898896694183350e-01,-1.066532917320728302e-02,7.949662208557128906e-02
-1.679579168558120728e-01,-9.754904545843601227e-03,7.898928225040435791e-02
-1.679579168558120728e-01,-9.754904545843601227e-03,7.898928225040435791e-02
-1.682248413562774658e-01,-8.847611956298351288e-03,7.848465442657470703e-02
-1.682248413562774658e-01,-8.847611956298351288e-03,7.848465442657470703e-02
-1.684906780719757080e-01,-7.943442091345787048e-03,7.798272371292114258e-02
-1.684906780719757080e-01,-7.943442091345787048e-03,7.798272371292114258e-02
-1.687554717063903809e-01,-7.042394019663333893e-03,7.748350501060485840e-02
-1.687554717063903809e-01,-7.042394019663333893e-03,7.748350501060485840e-02
-1.690191328525543213e-01,-6.144457496702671051e-03,7.698696106672286987e-02
-1.690191328525543213e-01,-6.144457496702671051e-03,7.698696106672286987e-02
-1.692817509174346924e-01,-5.249625537544488907e-03,7.649313658475875854e-02
-1.692817509174346924e-01,-5.249625537544488907e-03,7.649313658475875854e-02
-1.695432960987091064e-01,-4.357897676527500153e-03,7.600197941064834595e-02
-1.695432960987091064e-01,-4.357897676527500153e-03,7.600197941064834595e-02
-1.698037534952163696e-01,-3.469262039288878441e-03,7.551351189613342285e-02
-1.698037534952163696e-01,-3.469262039288878441e-03,7.551351189613342285e-02
-1.700631529092788696e-01,-2.583710709586739540e-03,7.502771168947219849e-02
-1.700631529092788696e-01,-2.583710709586739540e-03,7.502771168947219849e-02
-1.703214794397354126e-01,-1.701237633824348450e-03,7.454459369182586670e-02
-1.703214794397354126e-01,-1.701237633824348450e-03,7.454459369182586670e-02
-1.705787330865859985e-01,-8.218407747335731983e-04,7.406413555145263672e-02
-1.705787330865859985e-01,-8.218407747335731983e-04,7.406413555145263672e-02
-1.708349287509918213e-01,5.449264062917791307e-05,7.358634471893310547e-02
-1.708349287509918213e-01,5.449264062917791307e-05,7.358634471893310547e-02
-1.710900813341140747e-01,9.277664357796311378e-04,7.311121374368667603e-02
-1.710900813341140747e-01,9.277664357796311378e-04,7.311121374368667603e-02
-1.713441461324691772e-01,1.797984470613300800e-03,7.263872772455215454e-02
-1.713441461324691772e-01,1.797984470613300800e-03,7.263872772455215454e-02
-1.715971678495407104e-01,2.665159525349736214e-03,7.216888666152954102e-02
-1.715971678495407104e-01,2.665159525349736214e-03,7.216888666152954102e-02
-1.718491166830062866e-01,3.529292531311511993e-03,7.170169055461883545e-02
-1.718491166830062866e-01,3.529292531311511993e-03,7.170169055461883545e-02
-1.721000224351882935e-01,4.390392918139696121e-03,7.123713195323944092e-02
-1.721000224351882935e-01,4.390392918139696121e-03,7.123713195323944092e-02
-1.723498851060867310e-01,5.248464643955230713e-03,7.077521085739135742e-02
-1.723498851060867310e-01,5.248464643955230713e-03,7.077521085739135742e-02
-1.725987046957015991e-01,6.103523541241884232e-03,7.031591981649398804e-02
-1.725987046957015991e-01,6.103523541241884232e-03,7.031591981649398804e-02
-1.728464663028717041e-01,6.955564953386783600e-03,6.985923647880554199e-02
-1.728464663028717041e-01,6.955564953386783600e-03,6.985923647880554199e-02
-1.730931848287582397e-01,7.804600056260824203e-03,6.940518319606781006e-02
-1.730931848287582397e-01,7.804600056260824203e-03,6.940518319606781006e-02
-1.733388602733612061e-01,8.650634437799453735e-03,6.895374506711959839e-02
-1.733388602733612061e-01,8.650634437799453735e-03,6.895374506711959839e-02
-1.735834926366806030e-01,9.493674151599407196e-03,6.850489228963851929e-02
-1.735834926366806030e-01,9.493674151599407196e-03,6.850489228963851929e-02
-1.738270968198776245e-01,1.033373270183801651e-02,6.805866211652755737e-02
-1.738270968198776245e-01,1.033373270183801651e-02,6.805866211652755737e-02
-1.740696579217910767e-01,1.117080636322498322e-02,6.761503219604492188e-02
-1.740696579217910767e-01,1.117080636322498322e-02,6.761503219604492188e-02
-1.743111908435821533e-01,1.200491003692150116e-02,6.717398762702941895e-02
-1.743111908435821533e-01,1.200491003692150116e-02,6.717398762702941895e-02
-1.745516955852508545e-01,1.283604744821786880e-02,6.673552840948104858e-02
-1.745516955852508545e-01,1.283604744821786880e-02,6.673552840948104858e-02
-1.747911721467971802e-01,1.366422418504953384e-02,6.629966944456100464e-02
-1.747911721467971802e-01,1.366422418504953384e-02,6.629966944456100464e-02
-1.750296056270599365e-01,1.448944862931966782e-02,6.586636602878570557e-02
-1.750296056270599365e-01,1.448944862931966782e-02,6.586636602878570557e-02
-1.752670258283615112e-01,1.531172264367341995e-02,6.543565541505813599e-02
-1.752670258283615112e-01,1.531172264367341995e-02,6.543565541505813599e-02
-1.755034178495407104e-01,1.613105833530426025e-02,6.500750780105590820e-02
-1.755034178495407104e-01,1.613105833530426025e-02,6.500750780105590820e-02
-1.757387965917587280e-01,1.694747060537338257e-02,6.458190828561782837e-02
-1.757387965917587280e-01,1.694747060537338257e-02,6.458190828561782837e-02
-1.759731620550155640e-01,1.776093803346157074e-02,6.415888667106628418e-02
-1.759731620550155640e-01,1.776093803346157074e-02,6.415888667106628418e-02
-1.762064993381500244e-01,1.857150346040725708e-02,6.373840570449829102e-02
-1.762064993381500244e-01,1.857150346040725708e-02,6.373840570449829102e-02
-1.764388084411621094e-01,1.937914267182350159e-02,6.332048028707504272e-02
-1.764388084411621094e-01,1.937914267182350159e-02,6.332048028707504272e-02
-1.766701191663742065e-01,2.018388547003269196e-02,6.290510296821594238e-02
-1.766701191663742065e-01,2.018388547003269196e-02,6.290510296821594238e-02
-1.769004315137863159e-01,2.098571881651878357e-02,6.249225884675979614e-02
-1.769004315137863159e-01,2.098571881651878357e-02,6.249225884675979614e-02
-1.771297454833984375e-01,2.178466506302356720e-02,6.208195164799690247e-02
-1.771297454833984375e-01,2.178466506302356720e-02,6.208195164799690247e-02
-1.773580312728881836e-01,2.258071862161159515e-02,6.167417392134666443e-02
-1.773580312728881836e-01,2.258071862161159515e-02,6.167417392134666443e-02
-1.775853186845779419e-01,2.337390370666980743e-02,6.126891076564788818e-02
-1.775853186845779419e-01,2.337390370666980743e-02,6.126891076564788818e-02
-1.778115928173065186e-01,2.416420914232730865e-02,6.086618080735206604e-02
-1.778115928173065186e-01,2.416420914232730865e-02,6.086618080735206604e-02
-1.780368983745574951e-01,2.495164051651954651e-02,6.046595424413681030e-02
-1.780368983745574951e-01,2.495164051651954651e-02,6.046595424413681030e-02
-1.782611906528472900e-01,2.573622018098831177e-02,6.006823107600212097e-02
-1.782611906528472900e-01,2.573622018098831177e-02,6.006823107600212097e-02
-1.784844696521759033e-01,2.651794441044330597e-02,5.967302620410919189e-02
-1.784844696521759033e-01,2.651794441044330597e-02,5.967302620410919189e-02
-1.787067800760269165e-01,2.729681879281997681e-02,5.928032472729682922e-02
-1.787067800760269165e-01,2.729681879281997681e-02,5.928032472729682922e-02
-1.789280921220779419e-01,2.807286195456981659e-02,5.889011174440383911e-02
-1.789280921220779419e-01,2.807286195456981659e-02,5.889011174440383911e-02
-1.791484206914901733e-01,2.884606085717678070e-02,5.850238353013992310e-02
-1.791484206914901733e-01,2.884606085717678070e-02,5.850238353013992310e-02
-1.793677657842636108e-01,2.961643598973751068e-02,5.811714380979537964e-02
-1.793677657842636108e-01,2.961643598973751068e-02,5.811714380979537964e-02
-1.795861274003982544e-01,3.038399480283260345e-02,5.773438885807991028e-02
-1.795861274003982544e-01,3.038399480283260345e-02,5.773438885807991028e-02
-1.798035055398941040e-01,3.114873729646205902e-02,5.735410004854202271e-02
-1.798035055398941040e-01,3.114873729646205902e-02,5.735410004854202271e-02
-1.800199002027511597e-01,3.191067278385162354e-02,5.697629228234291077e-02
-1.800199002027511597e-01,3.191067278385162354e-02,5.697629228234291077e-02
-1.802353262901306152e-01,3.266981244087219238e-02,5.660095065832138062e-02
-1.802353262901306152e-01,3.266981244087219238e-02,5.660095065832138062e-02
-1.804497539997100830e-01,3.342615440487861633e-02,5.622804537415504456e-02
-1.804497539997100830e-01,3.342615440487861633e-02,5.622804537415504456e-02
-1.806632131338119507e-01,3.417970612645149231e-02,5.585762485861778259e-02
-1.806632131338119507e-01,3.417970612645149231e-02,5.585762485861778259e-02
-1.808757185935974121e-01,3.493048995733261108e-02,5.548964068293571472e-02
-1.808757185935974121e-01,3.493048995733261108e-02,5.548964068293571472e-02
-1.810872554779052734e-01,3.567849099636077881e-02,5.512410774827003479e-02
-1.810872554779052734e-01,3.567849099636077881e-02,5.512410774827003479e-02
-1.812978237867355347e-01,3.642372786998748779e-02,5.476100742816925049e-02
-1.812978237867355347e-01,3.642372786998748779e-02,5.476100742816925049e-02
-1.815074384212493896e-01,3.716620057821273804e-02,5.440033972263336182e-02
-1.815074384212493896e-01,3.716620057821273804e-02,5.440033972263336182e-02
-1.817160695791244507e-01,3.790592029690742493e-02,5.404211580753326416e-02
-1.817160695791244507e-01,3.790592029690742493e-02,5.404211580753326416e-02
-1.819237470626831055e-01,3.864289075136184692e-02,5.368631333112716675e-02
-1.819237470626831055e-01,3.864289075136184692e-02,5.368631333112716675e-02
-1.821304708719253540e-01,3.937713429331779480e-02,5.333292111754417419e-02
-1.821304708719253540e-01,3.937713429331779480e-02,5.333292111754417419e-02
-1.823362112045288086e-01,4.010863229632377625e-02,5.298195779323577881e-02
-1.823362112045288086e-01,4.010863229632377625e-02,5.298195779323577881e-02
-1.825410425662994385e-01,4.083739966154098511e-02,5.263340473175048828e-02
-1.825410425662994385e-01,4.083739966154098511e-02,5.263340473175048828e-02
-1.827448904514312744e-01,4.156345501542091370e-02,5.228725075721740723e-02
-1.827448904514312744e-01,4.156345501542091370e-02,5.228725075721740723e-02
-1.829478144645690918e-01,4.228679835796356201e-02,5.194350332021713257e-02
-1.829478144645690918e-01,4.228679835796356201e-02,5.194350332021713257e-02
-1.831497848033905029e-01,4.300742968916893005e-02,5.160215124487876892e-02
-1.831497848033905029e-01,4.300742968916893005e-02,5.160215124487876892e-02
-1.833508014678955078e-01,4.372536391019821167e-02,5.126318708062171936e-02
-1.833508014678955078e-01,4.372536391019821167e-02,5.126318708062171936e-02
-1.835508644580841064e-01,4.444059357047080994e-02,5.092662200331687927e-02
-1.835508644580841064e-01,4.444059357047080994e-02,5.092662200331687927e-02
-1.837500184774398804e-01,4.515315592288970947e-02,5.059242621064186096e-02
-1.837500184774398804e-01,4.515315592288970947e-02,5.059242621064186096e-02
-1.839482039213180542e-01,4.586302116513252258e-02,5.026059970259666443e-02
-1.839482039213180542e-01,4.586302116513252258e-02,5.026059970259666443e-02
-1.841454803943634033e-01,4.657021537423133850e-02,4.993116483092308044e-02
-1.841454803943634033e-01,4.657021537423133850e-02,4.993116483092308044e-02
-1.843418031930923462e-01,4.727475345134735107e-02,4.960408434271812439e-02
-1.843418031930923462e-01,4.727475345134735107e-02,4.960408434271812439e-02
-1.845372021198272705e-01,4.797661677002906799e-02,4.927936941385269165e-02
-1.845372021198272705e-01,4.797661677002906799e-02,4.927936941385269165e-02
-1.847316473722457886e-01,4.867583513259887695e-02,4.895701631903648376e-02
-1.847316473722457886e-01,4.867583513259887695e-02,4.895701631903648376e-02
-1.849251985549926758e-01,4.937240481376647949e-02,4.863700643181800842e-02
-1.849251985549926758e-01,4.937240481376647949e-02,4.863700643181800842e-02
-1.851178109645843506e-01,5.006632953882217407e-02,4.831934720277786255e-02
-1.851178109645843506e-01,5.006632953882217407e-02,4.831934720277786255e-02
-1.853094995021820068e-01,5.075762420892715454e-02,4.800404235720634460e-02
-1.853094995021820068e-01,5.075762420892715454e-02,4.800404235720634460e-02
-1.855002790689468384e-01,5.144628882408142090e-02,4.769105091691017151e-02
-1.855002790689468384e-01,5.144628882408142090e-02,4.769105091691017151e-02
-1.856901049613952637e-01,5.213233828544616699e-02,4.738040268421173096e-02
-1.856901049613952637e-01,5.213233828544616699e-02,4.738040268421173096e-02
-1.858790516853332520e-01,5.281577631831169128e-02,4.707208648324012756e-02
-1.858790516853332520e-01,5.281577631831169128e-02,4.707208648324012756e-02
-1.860670596361160278e-01,5.349659919738769531e-02,4.676608741283416748e-02
-1.860670596361160278e-01,5.349659919738769531e-02,4.676608741283416748e-02
-1.862541884183883667e-01,5.417482182383537292e-02,4.646240919828414917e-02
-1.862541884183883667e-01,5.417482182383537292e-02,4.646240919828414917e-02
-1.864403784275054932e-01,5.485044792294502258e-02,4.616104811429977417e-02
-1.864403784275054932e-01,5.485044792294502258e-02,4.616104811429977417e-02
-1.866256743669509888e-01,5.552348867058753967e-02,4.586198925971984863e-02
-1.866256743669509888e-01,5.552348867058753967e-02,4.586198925971984863e-02
-1.868100613355636597e-01,5.619395896792411804e-02,4.556523263454437256e-02
-1.868100613355636597e-01,5.619395896792411804e-02,4.556523263454437256e-02
-1.869935393333435059e-01,5.686183646321296692e-02,4.527077823877334595e-02
-1.869935393333435059e-01,5.686183646321296692e-02,4.527077823877334595e-02
-1.871760934591293335e-01,5.752715095877647400e-02,4.497861117124557495e-02
-1.871760934591293335e-01,5.752715095877647400e-02,4.497861117124557495e-02
-1.873577833175659180e-01,5.818992108106613159e-02,4.468873888254165649e-02
-1.873577833175659180e-01,5.818992108106613159e-02,4.468873888254165649e-02
-1.875385642051696777e-01,5.885012820363044739e-02,4.440114274621009827e-02
-1.875385642051696777e-01,5.885012820363044739e-02,4.440114274621009827e-02
-1.877184510231018066e-01,5.950779095292091370e-02,4.411582648754119873e-02
-1.877184510231018066e-01,5.950779095292091370e-02,4.411582648754119873e-02
-1.878974288702011108e-01,6.016290932893753052e-02,4.383278265595436096e-02
-1.878974288702011108e-01,6.016290932893753052e-02,4.383278265595436096e-02
-1.880755424499511719e-01,6.081548705697059631e-02,4.355201497673988342e-02
-1.880755424499511719e-01,6.081548705697059631e-02,4.355201497673988342e-02
-1.882527768611907959e-01,6.146554648876190186e-02,4.327350854873657227e-02
-1.882527768611907959e-01,6.146554648876190186e-02,4.327350854873657227e-02
-1.884290874004364014e-01,6.211308017373085022e-02,4.299725219607353210e-02
-1.884290874004364014e-01,6.211308017373085022e-02,4.299725219607353210e-02
-1.886045336723327637e-01,6.275810301303863525e-02,4.272325709462165833e-02
-1.886045336723327637e-01,6.275810301303863525e-02,4.272325709462165833e-02
-1.887791007757186890e-01,6.340061873197555542e-02,4.245150461792945862e-02
-1.887791007757186890e-01,6.340061873197555542e-02,4.245150461792945862e-02
-1.889527738094329834e-01,6.404063105583190918e-02,4.218200594186782837e-02
-1.889527738094329834e-01,6.404063105583190918e-02,4.218200594186782837e-02
-1.891255676746368408e-01,6.467814743518829346e-02,4.191474243998527527e-02
-1.891255676746368408e-01,6.467814743518829346e-02,4.191474243998527527e-02
-1.892974972724914551e-01,6.531318277120590210e-02,4.164971038699150085e-02
-1.892974972724914551e-01,6.531318277120590210e-02,4.164971038699150085e-02
-1.894685626029968262e-01,6.594572961330413818e-02,4.138690978288650513e-02
-1.894685626029968262e-01,6.594572961330413818e-02,4.138690978288650513e-02
-1.896387189626693726e-01,6.657581031322479248e-02,4.112633317708969116e-02
-1.896387189626693726e-01,6.657581031322479248e-02,4.112633317708969116e-02
-1.898080557584762573e-01,6.720340996980667114e-02,4.086796939373016357e-02
-1.898080557584762573e-01,6.720340996980667114e-02,4.086796939373016357e-02
-1.899764984846115112e-01,6.782855838537216187e-02,4.061183705925941467e-02
-1.899764984846115112e-01,6.782855838537216187e-02,4.061183705925941467e-02
-1.901440620422363281e-01,6.845125555992126465e-02,4.035789892077445984e-02
-1.901440620422363281e-01,6.845125555992126465e-02,4.035789892077445984e-02
-1.903107911348342896e-01,6.907150149345397949e-02,4.010616615414619446e-02
-1.903107911348342896e-01,6.907150149345397949e-02,4.010616615414619446e-02
-1.904766708612442017e-01,6.968931853771209717e-02,3.985663875937461853e-02
-1.904766708612442017e-01,6.968931853771209717e-02,3.985663875937461853e-02
-1.906416863203048706e-01,7.030468434095382690e-02,3.960930556058883667e-02
-1.906416863203048706e-01,7.030468434095382690e-02,3.960930556058883667e-02
-1.908057928085327148e-01,7.091762125492095947e-02,3.936415538191795349e-02
-1.908057928085327148e-01,7.091762125492095947e-02,3.936415538191795349e-02
-1.909690946340560913e-01,7.152814418077468872e-02,3.912119939923286438e-02
-1.909690946340560913e-01,7.152814418077468872e-02,3.912119939923286438e-02
-1.911315470933914185e-01,7.213626056909561157e-02,3.888041898608207703e-02
-1.911315470933914185e-01,7.213626056909561157e-02,3.888041898608207703e-02
-1.912931352853775024e-01,7.274195551872253418e-02,3.864181041717529297e-02
-1.912931352853775024e-01,7.274195551872253418e-02,3.864181041717529297e-02
-1.914538592100143433e-01,7.334525883197784424e-02,3.840537741780281067e-02
-1.914538592100143433e-01,7.334525883197784424e-02,3.840537741780281067e-02
-1.916137784719467163e-01,7.394615560770034790e-02,3.817110881209373474e-02
-1.916137784719467163e-01,7.394615560770034790e-02,3.817110881209373474e-02
-1.917728036642074585e-01,7.454468309879302979e-02,3.793900087475776672e-02
-1.917728036642074585e-01,7.454468309879302979e-02,3.793900087475776672e-02
-1.919310390949249268e-01,7.514081150293350220e-02,3.770904988050460815e-02
-1.919310390949249268e-01,7.514081150293350220e-02,3.770904988050460815e-02
-1.920883953571319580e-01,7.573457062244415283e-02,3.748124092817306519e-02
-1.920883953571319580e-01,7.573457062244415283e-02,3.748124092817306519e-02
-1.922449320554733276e-01,7.632596790790557861e-02,3.725558519363403320e-02
-1.922449320554733276e-01,7.632596790790557861e-02,3.725558519363403320e-02
-1.924006491899490356e-01,7.691499590873718262e-02,3.703206777572631836e-02
-1.924006491899490356e-01,7.691499590873718262e-02,3.703206777572631836e-02
-1.925555169582366943e-01,7.750167697668075562e-02,3.681068122386932373e-02
-1.925555169582366943e-01,7.750167697668075562e-02,3.681068122386932373e-02
-1.927095353603363037e-01,7.808600366115570068e-02,3.659143298864364624e-02
-1.927095353603363037e-01,7.808600366115570068e-02,3.659143298864364624e-02
-1.928627640008926392e-01,7.866799086332321167e-02,3.637430816888809204e-02
-1.928627640008926392e-01,7.866799086332321167e-02,3.637430816888809204e-02
-1.930151432752609253e-01,7.924765348434448242e-02,3.615930303931236267e-02
-1.930151432752609253e-01,7.924765348434448242e-02,3.615930303931236267e-02
-1.931667029857635498e-01,7.982497662305831909e-02,3.594641014933586121e-02
-1.931667029857635498e-01,7.982497662305831909e-02,3.594641014933586121e-02
-1.933174431324005127e-01,8.039997518062591553e-02,3.573563694953918457e-02
-1.933174431324005127e-01,8.039997518062591553e-02,3.573563694953918457e-02
-1.934673786163330078e-01,8.097267150878906250e-02,3.552696481347084045e-02
-1.934673786163330078e-01,8.097267150878906250e-02,3.552696481347084045e-02
-1.936164647340774536e-01,8.154305070638656616e-02,3.532040119171142578e-02
-1.936164647340774536e-01,8.154305070638656616e-02,3.532040119171142578e-02
-1.937647610902786255e-01,8.211114257574081421e-02,3.511592373251914978e-02
-1.937647610902786255e-01,8.211114257574081421e-02,3.511592373251914978e-02
-1.939122378826141357e-01,8.267693221569061279e-02,3.491353988647460938e-02
-1.939122378826141357e-01,8.267693221569061279e-02,3.491353988647460938e-02
-1.940589100122451782e-01,8.324041962623596191e-02,3.471324965357780457e-02
-1.940589100122451782e-01,8.324041962623596191e-02,3.471324965357780457e-02
-1.942047774791717529e-01,8.380164206027984619e-02,3.451503813266754150e-02
-1.942047774791717529e-01,8.380164206027984619e-02,3.451503813266754150e-02
-1.943497955799102783e-01,8.436058461666107178e-02,3.431889787316322327e-02
-1.943497955799102783e-01,8.436058461666107178e-02,3.431889787316322327e-02
-1.944940835237503052e-01,8.491726964712142944e-02,3.412483632564544678e-02
-1.944940835237503052e-01,8.491726964712142944e-02,3.412483632564544678e-02
-1.946375221014022827e-01,8.547165989875793457e-02,3.393283858895301819e-02
-1.946375221014022827e-01,8.547165989875793457e-02,3.393283858895301819e-02
-1.947801262140274048e-01,8.602383732795715332e-02,3.374290466308593750e-02
-1.947801262140274048e-01,8.602383732795715332e-02,3.374290466308593750e-02
-1.949220001697540283e-01,8.657374978065490723e-02,3.355501964688301086e-02
-1.949220001697540283e-01,8.657374978065490723e-02,3.355501964688301086e-02
-1.950630545616149902e-01,8.712141215801239014e-02,3.336919844150543213e-02
-1.950630545616149902e-01,8.712141215801239014e-02,3.336919844150543213e-02
-1.952033191919326782e-01,8.766684681177139282e-02,3.318542242050170898e-02
-1.952033191919326782e-01,8.766684681177139282e-02,3.318542242050170898e-02
-1.953427791595458984e-01,8.821006119251251221e-02,3.300367668271064758e-02
-1.953427791595458984e-01,8.821006119251251221e-02,3.300367668271064758e-02
-1.954814642667770386e-01,8.875104784965515137e-02,3.282397985458374023e-02
-1.954814642667770386e-01,8.875104784965515137e-02,3.282397985458374023e-02
-1.956193447113037109e-01,8.928980678319931030e-02,3.264631703495979309e-02
-1.956193447113037109e-01,8.928980678319931030e-02,3.264631703495979309e-02
-1.957564353942871094e-01,8.982637524604797363e-02,3.247066959738731384e-02
-1.957564353942871094e-01,8.982637524604797363e-02,3.247066959738731384e-02
-1.958927810192108154e-01,9.036073088645935059e-02,3.229705616831779480e-02
-1.958927810192108154e-01,9.036073088645935059e-02,3.229705616831779480e-02
-1.960283219814300537e-01,9.089289605617523193e-02,3.212545812129974365e-02
-1.960283219814300537e-01,9.089289605617523193e-02,3.212545812129974365e-02
-1.961630880832672119e-01,9.142287820577621460e-02,3.195587173104286194e-02
-1.961630880832672119e-01,9.142287820577621460e-02,3.195587173104286194e-02
-1.962970793247222900e-01,9.195066988468170166e-02,3.178829327225685120e-02
-1.962970793247222900e-01,9.195066988468170166e-02,3.178829327225685120e-02
-1.964302957057952881e-01,9.247628599405288696e-02,3.162271529436111450e-02
-1.964302957057952881e-01,9.247628599405288696e-02,3.162271529436111450e-02
-1.965627223253250122e-01,9.299974888563156128e-02,3.145913779735565186e-02
-1.965627223253250122e-01,9.299974888563156128e-02,3.145913779735565186e-02
-1.966944187879562378e-01,9.352102875709533691e-02,3.129756078124046326e-02
-1.966944187879562378e-01,9.352102875709533691e-02,3.129756078124046326e-02
-1.968253105878829956e-01,9.404017776250839233e-02,3.113795630633831024e-02
-1.968253105878829956e-01,9.404017776250839233e-02,3.113795630633831024e-02
-1.969554722309112549e-01,9.455717355012893677e-02,3.098034486174583435e-02
-1.969554722309112549e-01,9.455717355012893677e-02,3.098034486174583435e-02
-1.970848292112350464e-01,9.507199376821517944e-02,3.082471340894699097e-02
-1.970848292112350464e-01,9.507199376821517944e-02,3.082471340894699097e-02
-1.972134262323379517e-01,9.558471292257308960e-02,3.067104704678058624e-02
-1.972134262323379517e-01,9.558471292257308960e-02,3.067104704678058624e-02
-1.973413079977035522e-01,9.609532356262207031e-02,3.051935695111751556e-02
-1.973413079977035522e-01,9.609532356262207031e-02,3.051935695111751556e-02
-1.974684149026870728e-01,9.660375863313674927e-02,3.036963194608688354e-02
-1.974684149026870728e-01,9.660375863313674927e-02,3.036963194608688354e-02
-1.975947469472885132e-01,9.711011499166488647e-02,3.022186085581779480e-02
-1.975947469472885132e-01,9.711011499166488647e-02,3.022186085581779480e-02
-1.977203488349914551e-01,9.761434793472290039e-02,3.007603809237480164e-02
-1.977203488349914551e-01,9.761434793472290039e-02,3.007603809237480164e-02
-1.978451907634735107e-01,9.811649471521377563e-02,2.993217483162879944e-02
-1.978451907634735107e-01,9.811649471521377563e-02,2.993217483162879944e-02
-1.979692876338958740e-01,9.861653298139572144e-02,2.979025058448314667e-02
-1.979692876338958740e-01,9.861653298139572144e-02,2.979025058448314667e-02
-1.980926245450973511e-01,9.911447763442993164e-02,2.965026721358299255e-02
-1.980926245450973511e-01,9.911447763442993164e-02,2.965026721358299255e-02
-1.982152611017227173e-01,9.961035102605819702e-02,2.951221540570259094e-02
-1.982152611017227173e-01,9.961035102605819702e-02,2.951221540570259094e-02
-1.983371078968048096e-01,1.001041457056999207e-01,2.937609888613224030e-02
-1.983371078968048096e-01,1.001041457056999207e-01,2.937609888613224030e-02
-1.984582543373107910e-01,1.005958765745162964e-01,2.924190275371074677e-02
-1.984582543373107910e-01,1.005958765745162964e-01,2.924190275371074677e-02
-1.985786259174346924e-01,1.010855436325073242e-01,2.910962328314781189e-02
-1.985786259174346924e-01,1.010855436325073242e-01,2.910962328314781189e-02
-1.986982822418212891e-01,1.015731617808341980e-01,2.897925488650798798e-02
-1.986982822418212891e-01,1.015731617808341980e-01,2.897925488650798798e-02
-1.988172233104705811e-01,1.020587235689163208e-01,2.885080501437187195e-02
-1.988172233104705811e-01,1.020587235689163208e-01,2.885080501437187195e-02
-1.989353895187377930e-01,1.025422364473342896e-01,2.872425504028797150e-02
-1.989353895187377930e-01,1.025422364473342896e-01,2.872425504028797150e-02
-1.990528404712677002e-01,1.030237227678298950e-01,2.859961055219173431e-02
-1.990528404712677002e-01,1.030237227678298950e-01,2.859961055219173431e-02
-1.991695910692214966e-01,1.035031825304031372e-01,2.847684919834136963e-02
-1.991695910692214966e-01,1.035031825304031372e-01,2.847684919834136963e-02
-1.992856264114379883e-01,1.039806157350540161e-01,2.835598960518836975e-02
-1.992856264114379883e-01,1.039806157350540161e-01,2.835598960518836975e-02
-1.994008868932723999e-01,1.044560223817825317e-01,2.823700942099094391e-02
-1.994008868932723999e-01,1.044560223817825317e-01,2.823700942099094391e-02
-1.995154917240142822e-01,1.049294546246528625e-01,2.811990864574909210e-02
-1.995154917240142822e-01,1.049294546246528625e-01,2.811990864574909210e-02
-1.996293216943740845e-01,1.054008603096008301e-01,2.800468355417251587e-02
-1.996293216943740845e-01,1.054008603096008301e-01,2.800468355417251587e-02
-1.997424662113189697e-01,1.058702617883682251e-01,2.789133228361606598e-02
-1.997424662113189697e-01,1.058702617883682251e-01,2.789133228361606598e-02
-1.998548656702041626e-01,1.063376888632774353e-01,2.777983993291854858e-02
-1.998548656702041626e-01,1.063376888632774353e-01,2.777983993291854858e-02
-1.999665796756744385e-01,1.068031489849090576e-01,2.767021581530570984e-02
-1.999665796756744385e-01,1.068031489849090576e-01,2.767021581530570984e-02
-2.000775933265686035e-01,1.072666198015213013e-01,2.756243944168090820e-02
-2.000775933265686035e-01,1.072666198015213013e-01,2.756243944168090820e-02
-2.001878917217254639e-01,1.077281087636947632e-01,2.745651826262474060e-02
-2.001878917217254639e-01,1.077281087636947632e-01,2.745651826262474060e-02
-2.002974748611450195e-01,1.081876456737518311e-01,2.735243737697601318e-02
-2.002974748611450195e-01,1.081876456737518311e-01,2.735243737697601318e-02
-2.004063725471496582e-01,1.086452379822731018e-01,2.725019678473472595e-02
-2.004063725471496582e-01,1.086452379822731018e-01,2.725019678473472595e-02
-2.005145698785781860e-01,1.091008633375167847e-01,2.714980393648147583e-02
-2.005145698785781860e-01,1.091008633375167847e-01,2.714980393648147583e-02
-2.006220668554306030e-01,1.095545515418052673e-01,2.705123461782932281e-02
-2.006220668554306030e-01,1.095545515418052673e-01,2.705123461782932281e-02
-2.007288187742233276e-01,1.100062951445579529e-01,2.695449441671371460e-02
-2.007288187742233276e-01,1.100062951445579529e-01,2.695449441671371460e-02
-2.008349448442459106e-01,1.104561388492584229e-01,2.685956656932830811e-02
-2.008349448442459106e-01,1.104561388492584229e-01,2.685956656932830811e-02
-2.009403407573699951e-01,1.109040379524230957e-01,2.676646225154399872e-02
-2.009403407573699951e-01,1.109040379524230957e-01,2.676646225154399872e-02
-2.010450810194015503e-01,1.113500297069549561e-01,2.667516469955444336e-02
-2.010450810194015503e-01,1.113500297069549561e-01,2.667516469955444336e-02
-2.011490911245346069e-01,1.117941066622734070e-01,2.658567018806934357e-02
-2.011490911245346069e-01,1.117941066622734070e-01,2.658567018806934357e-02
-2.012524604797363281e-01,1.122362986207008362e-01,2.649798244237899780e-02
-2.012524604797363281e-01,1.122362986207008362e-01,2.649798244237899780e-02
-2.013551294803619385e-01,1.126765683293342590e-01,2.641209587454795837e-02
-2.013551294803619385e-01,1.126765683293342590e-01,2.641209587454795837e-02
-2.014570981264114380e-01,1.131149679422378540e-01,2.632799185812473297e-02
-2.014570981264114380e-01,1.131149679422378540e-01,2.632799185812473297e-02
-2.015584111213684082e-01,1.135514825582504272e-01,2.624567970633506775e-02
-2.015584111213684082e-01,1.135514825582504272e-01,2.624567970633506775e-02
-2.016590088605880737e-01,1.139861196279525757e-01,2.616514638066291809e-02
-2.016590088605880737e-01,1.139861196279525757e-01,2.616514638066291809e-02
-2.017589956521987915e-01,1.144188866019248962e-01,2.608639560639858246e-02
-2.017589956521987915e-01,1.144188866019248962e-01,2.608639560639858246e-02
-2.018582820892333984e-01,1.148497909307479858e-01,2.600941620767116547e-02
-2.018582820892333984e-01,1.148497909307479858e-01,2.600941620767116547e-02
-2.019568830728530884e-01,1.152788326144218445e-01,2.593419328331947327e-02
-2.019568830728530884e-01,1.152788326144218445e-01,2.593419328331947327e-02
-2.020548135042190552e-01,1.157060489058494568e-01,2.586073987185955048e-02
-2.020548135042190552e-01,1.157060489058494568e-01,2.586073987185955048e-02
-2.021520882844924927e-01,1.161314174532890320e-01,2.578903920948505402e-02
-2.021520882844924927e-01,1.161314174532890320e-01,2.578903920948505402e-02
-2.022487074136734009e-01,1.165549382567405701e-01,2.571910060942173004e-02
-2.022487074136734009e-01,1.165549382567405701e-01,2.571910060942173004e-02
-2.023446410894393921e-01,1.169766262173652649e-01,2.565089799463748932e-02
-2.023446410894393921e-01,1.169766262173652649e-01,2.565089799463748932e-02
-2.024399489164352417e-01,1.173964887857437134e-01,2.558444254100322723e-02
-2.024399489164352417e-01,1.173964887857437134e-01,2.558444254100322723e-02
-2.025345712900161743e-01,1.178145483136177063e-01,2.551972866058349609e-02
-2.025345712900161743e-01,1.178145483136177063e-01,2.551972866058349609e-02
-2.026285529136657715e-01,1.182307973504066467e-01,2.545673958957195282e-02
-2.026285529136657715e-01,1.182307973504066467e-01,2.545673958957195282e-02
-2.027218788862228394e-01,1.186452358961105347e-01,2.539548091590404510e-02
-2.027218788862228394e-01,1.186452358961105347e-01,2.539548091590404510e-02
-2.028145790100097656e-01,1.190578863024711609e-01,2.533595077693462372e-02
-2.028145790100097656e-01,1.190578863024711609e-01,2.533595077693462372e-02
-2.029065936803817749e-01,1.194687634706497192e-01,2.527812682092189789e-02
-2.029065936803817749e-01,1.194687634706497192e-01,2.527812682092189789e-02
-2.029979825019836426e-01,1.198778301477432251e-01,2.522202394902706146e-02
-2.029979825019836426e-01,1.198778301477432251e-01,2.522202394902706146e-02
-2.030887156724929810e-01,1.202851235866546631e-01,2.516762726008892059e-02
-2.030887156724929810e-01,1.202851235866546631e-01,2.516762726008892059e-02
-2.031788080930709839e-01,1.206906661391258240e-01,2.511493302881717682e-02
-2.031788080930709839e-01,1.206906661391258240e-01,2.511493302881717682e-02
-2.032682597637176514e-01,1.210944429039955139e-01,2.506393752992153168e-02
-2.032682597637176514e-01,1.210944429039955139e-01,2.506393752992153168e-02
-2.033571004867553711e-01,1.214964464306831360e-01,2.501463331282138824e-02
-2.033571004867553711e-01,1.214964464306831360e-01,2.501463331282138824e-02
-2.034452557563781738e-01,1.218967065215110779e-01,2.496702224016189575e-02
-2.034452557563781738e-01,1.218967065215110779e-01,2.496702224016189575e-02
-2.035328298807144165e-01,1.222952231764793396e-01,2.492109313607215881e-02
-2.035328298807144165e-01,1.222952231764793396e-01,2.492109313607215881e-02
-2.036197334527969360e-01,1.226920261979103088e-01,2.487683482468128204e-02
-2.036197334527969360e-01,1.226920261979103088e-01,2.487683482468128204e-02
-2.037060111761093140e-01,1.230870783329010010e-01,2.483425661921501160e-02
-2.037060111761093140e-01,1.230870783329010010e-01,2.483425661921501160e-02
-2.037916928529739380e-01,1.234804093837738037e-01,2.479334548115730286e-02
-2.037916928529739380e-01,1.234804093837738037e-01,2.479334548115730286e-02
-2.038767188787460327e-01,1.238720417022705078e-01,2.475410327315330505e-02
-2.038767188787460327e-01,1.238720417022705078e-01,2.475410327315330505e-02
-2.039611339569091797e-01,1.242619529366493225e-01,2.471651323139667511e-02
-2.039611339569091797e-01,1.242619529366493225e-01,2.471651323139667511e-02
-2.040449380874633789e-01,1.246501579880714417e-01,2.468057535588741302e-02
-2.040449380874633789e-01,1.246501579880714417e-01,2.468057535588741302e-02
-2.041281312704086304e-01,1.250366717576980591e-01,2.464629150927066803e-02
-2.041281312704086304e-01,1.250366717576980591e-01,2.464629150927066803e-02
-2.042106986045837402e-01,1.254214793443679810e-01,2.461365051567554474e-02
-2.042106986045837402e-01,1.254214793443679810e-01,2.461365051567554474e-02
-2.042926400899887085e-01,1.258046329021453857e-01,2.458264492452144623e-02
-2.042926400899887085e-01,1.258046329021453857e-01,2.458264492452144623e-02
-2.043739557266235352e-01,1.261860877275466919e-01,2.455327846109867096e-02
-2.043739557266235352e-01,1.261860877275466919e-01,2.455327846109867096e-02
-2.044546902179718018e-01,1.265658885240554810e-01,2.452554181218147278e-02
-2.044546902179718018e-01,1.265658885240554810e-01,2.452554181218147278e-02
-2.045347988605499268e-01,1.269440203905105591e-01,2.449942566454410553e-02
-2.045347988605499268e-01,1.269440203905105591e-01,2.449942566454410553e-02
-2.046143114566802979e-01,1.273204982280731201e-01,2.447493374347686768e-02
-2.046143114566802979e-01,1.273204982280731201e-01,2.447493374347686768e-02
-2.046932280063629150e-01,1.276953220367431641e-01,2.445205114781856537e-02
-2.046932280063629150e-01,1.276953220367431641e-01,2.445205114781856537e-02
-2.047715485095977783e-01,1.280685067176818848e-01,2.443077787756919861e-02
-2.047715485095977783e-01,1.280685067176818848e-01,2.443077787756919861e-02
-2.048492580652236938e-01,1.284400522708892822e-01,2.441111207008361816e-02
-2.048492580652236938e-01,1.284400522708892822e-01,2.441111207008361816e-02
-2.049263715744018555e-01,1.288099735975265503e-01,2.439304068684577942e-02
-2.049263715744018555e-01,1.288099735975265503e-01,2.439304068684577942e-02
-2.050028890371322632e-01,1.291782706975936890e-01,2.437657117843627930e-02
-2.050028890371322632e-01,1.291782706975936890e-01,2.437657117843627930e-02
-2.050788104534149170e-01,1.295449584722518921e-01,2.436168678104877472e-02
-2.050788104534149170e-01,1.295449584722518921e-01,2.436168678104877472e-02
-2.051541507244110107e-01,1.299100071191787720e-01,2.434839121997356415e-02
-2.051541507244110107e-01,1.299100071191787720e-01,2.434839121997356415e-02
-2.052289098501205444e-01,1.302734762430191040e-01,2.433667704463005066e-02
-2.052289098501205444e-01,1.302734762430191040e-01,2.433667704463005066e-02
-2.053030580282211304e-01,1.306353509426116943e-01,2.432653121650218964e-02
-2.053030580282211304e-01,1.306353509426116943e-01,2.432653121650218964e-02
-2.053766399621963501e-01,1.309956312179565430e-01,2.431795932352542877e-02
-2.053766399621963501e-01,1.309956312179565430e-01,2.431795932352542877e-02
-2.054496407508850098e-01,1.313543468713760376e-01,2.431095577776432037e-02
-2.054496407508850098e-01,1.313543468713760376e-01,2.431095577776432037e-02
-2.055220752954483032e-01,1.317114531993865967e-01,2.430550567805767059e-02
-2.055220752954483032e-01,1.317114531993865967e-01,2.430550567805767059e-02
-2.055939286947250366e-01,1.320670098066329956e-01,2.430162020027637482e-02
-2.055939286947250366e-01,1.320670098066329956e-01,2.430162020027637482e-02
-2.056651562452316284e-01,1.324209868907928467e-01,2.429928071796894073e-02
-2.056651562452316284e-01,1.324209868907928467e-01,2.429928071796894073e-02
-2.057358771562576294e-01,1.327734291553497314e-01,2.429847978055477142e-02
-2.057358771562576294e-01,1.327734291553497314e-01,2.429847978055477142e-02
-2.058059871196746826e-01,1.331243216991424561e-01,2.429922856390476227e-02
-2.058059871196746826e-01,1.331243216991424561e-01,2.429922856390476227e-02
-2.058755457401275635e-01,1.334736645221710205e-01,2.430151030421257019e-02
-2.058755457401275635e-01,1.334736645221710205e-01,2.430151030421257019e-02
-2.059445381164550781e-01,1.338214725255966187e-01,2.430532313883304596e-02
-2.059445381164550781e-01,1.338214725255966187e-01,2.430532313883304596e-02
-2.060129493474960327e-01,1.341677457094192505e-01,2.431066334247589111e-02
-2.060129493474960327e-01,1.341677457094192505e-01,2.431066334247589111e-02
-2.060808241367340088e-01,1.345124840736389160e-01,2.431751973927021027e-02
-2.060808241367340088e-01,1.345124840736389160e-01,2.431751973927021027e-02
-2.061481326818466187e-01,1.348557323217391968e-01,2.432589605450630188e-02
-2.061481326818466187e-01,1.348557323217391968e-01,2.432589605450630188e-02
-2.062148749828338623e-01,1.351974606513977051e-01,2.433578483760356903e-02
-2.062148749828338623e-01,1.351974606513977051e-01,2.433578483760356903e-02
-2.062810659408569336e-01,1.355376839637756348e-01,2.434717863798141479e-02
-2.062810659408569336e-01,1.355376839637756348e-01,2.434717863798141479e-02
-2.063467055559158325e-01,1.358764022588729858e-01,2.436007373034954071e-02
-2.063467055559158325e-01,1.358764022588729858e-01,2.436007373034954071e-02
-2.064118087291717529e-01,1.362136453390121460e-01,2.437446452677249908e-02
-2.064118087291717529e-01,1.362136453390121460e-01,2.437446452677249908e-02
-2.064763456583023071e-01,1.365493983030319214e-01,2.439034730195999146e-02
-2.064763456583023071e-01,1.365493983030319214e-01,2.439034730195999146e-02
-2.065403163433074951e-01,1.368836611509323120e-01,2.440772019326686859e-02
-2.065403163433074951e-01,1.368836611509323120e-01,2.440772019326686859e-02
-2.066037803888320923e-01,1.372164785861968994e-01,2.442656643688678741e-02
-2.066037803888320923e-01,1.372164785861968994e-01,2.442656643688678741e-02
-2.066666781902313232e-01,1.375478357076644897e-01,2.444689720869064331e-02
-2.066666781902313232e-01,1.375478357076644897e-01,2.444689720869064331e-02
-2.067290395498275757e-01,1.378777176141738892e-01,2.446869574487209320e-02
-2.067290395498275757e-01,1.378777176141738892e-01,2.446869574487209320e-02
-2.067908644676208496e-01,1.382061541080474854e-01,2.449196204543113708e-02
-2.067908644676208496e-01,1.382061541080474854e-01,2.449196204543113708e-02
-2.068521380424499512e-01,1.385331451892852783e-01,2.451669238507747650e-02
-2.068521380424499512e-01,1.385331451892852783e-01,2.451669238507747650e-02
-2.069129049777984619e-01,1.388587206602096558e-01,2.454287745058536530e-02
-2.069129049777984619e-01,1.388587206602096558e-01,2.454287745058536530e-02
-2.069731205701828003e-01,1.391828358173370361e-01,2.457051537930965424e-02
-2.069731205701828003e-01,1.391828358173370361e-01,2.457051537930965424e-02
-2.070328295230865479e-01,1.395055502653121948e-01,2.459960244596004486e-02
-2.070328295230865479e-01,1.395055502653121948e-01,2.459960244596004486e-02
-2.070920020341873169e-01,1.398268342018127441e-01,2.463012561202049255e-02
-2.070920020341873169e-01,1.398268342018127441e-01,2.463012561202049255e-02
-2.071506232023239136e-01,1.401467025279998779e-01,2.466209232807159424e-02
-2.071506232023239136e-01,1.401467025279998779e-01,2.466209232807159424e-02
-2.072087526321411133e-01,1.404651850461959839e-01,2.469549141824245453e-02
-2.072087526321411133e-01,1.404651850461959839e-01,2.469549141824245453e-02
-2.072663307189941406e-01,1.407822668552398682e-01,2.473031356930732727e-02
-2.072663307189941406e-01,1.407822668552398682e-01,2.473031356930732727e-02
-2.073234468698501587e-01,1.410979777574539185e-01,2.476656436920166016e-02
-2.073234468698501587e-01,1.410979777574539185e-01,2.476656436920166016e-02
-2.073799967765808105e-01,1.414122730493545532e-01,2.480423077940940857e-02
-2.073799967765808105e-01,1.414122730493545532e-01,2.480423077940940857e-02
-2.074360400438308716e-01,1.417251974344253540e-01,2.484330907464027405e-02
-2.074360400438308716e-01,1.417251974344253540e-01,2.484330907464027405e-02
-2.074915915727615356e-01,1.420367509126663208e-01,2.488379925489425659e-02
-2.074915915727615356e-01,1.420367509126663208e-01,2.488379925489425659e-02
-2.075465917587280273e-01,1.423469632863998413e-01,2.492568828165531158e-02
-2.075465917587280273e-01,1.423469632863998413e-01,2.492568828165531158e-02
-2.076011300086975098e-01,1.426558047533035278e-01,2.496897056698799133e-02
-2.076011300086975098e-01,1.426558047533035278e-01,2.496897056698799133e-02
-2.076551467180252075e-01,1.429632902145385742e-01,2.501364797353744507e-02
-2.076551467180252075e-01,1.429632902145385742e-01,2.501364797353744507e-02
-2.077086418867111206e-01,1.432694345712661743e-01,2.505972236394882202e-02
-2.077086418867111206e-01,1.432694345712661743e-01,2.505972236394882202e-02
-2.077616602182388306e-01,1.435742378234863281e-01,2.510717324912548065e-02
-2.077616602182388306e-01,1.435742378234863281e-01,2.510717324912548065e-02
-2.078141570091247559e-01,1.438777148723602295e-01,2.515600994229316711e-02
-2.078141570091247559e-01,1.438777148723602295e-01,2.515600994229316711e-02
-2.078661769628524780e-01,1.441798806190490723e-01,2.520621009171009064e-02
-2.078661769628524780e-01,1.441798806190490723e-01,2.520621009171009064e-02
-2.079177051782608032e-01,1.444807201623916626e-01,2.525778487324714661e-02
-2.079177051782608032e-01,1.444807201623916626e-01,2.525778487324714661e-02
-2.079687118530273438e-01,1.447802633047103882e-01,2.531072311103343964e-02
-2.079687118530273438e-01,1.447802633047103882e-01,2.531072311103343964e-02
-2.080192565917968750e-01,1.450784653425216675e-01,2.536501549184322357e-02
-2.080192565917968750e-01,1.450784653425216675e-01,2.536501549184322357e-02
-2.080692946910858154e-01,1.453754007816314697e-01,2.542066574096679688e-02
-2.080692946910858154e-01,1.453754007816314697e-01,2.542066574096679688e-02
-2.081188559532165527e-01,1.456710398197174072e-01,2.547766827046871185e-02
-2.081188559532165527e-01,1.456710398197174072e-01,2.547766827046871185e-02
-2.081679254770278931e-01,1.459653973579406738e-01,2.553600072860717773e-02
-2.081679254770278931e-01,1.459653973579406738e-01,2.553600072860717773e-02
-2.082165181636810303e-01,1.462584733963012695e-01,2.559568732976913452e-02
-2.082165181636810303e-01,1.462584733963012695e-01,2.559568732976913452e-02
-2.082646489143371582e-01,1.465502828359603882e-01,2.565670572221279144e-02
-2.082646489143371582e-01,1.465502828359603882e-01,2.565670572221279144e-02
-2.083122581243515015e-01,1.468408405780792236e-01,2.571904286742210388e-02
-2.083122581243515015e-01,1.468408405780792236e-01,2.571904286742210388e-02
-2.083594352006912231e-01,1.471301168203353882e-01,2.578271552920341492e-02
-2.083594352006912231e-01,1.471301168203353882e-01,2.578271552920341492e-02
-2.084061056375503540e-01,1.474181562662124634e-01,2.584770880639553070e-02
-2.084061056375503540e-01,1.474181562662124634e-01,2.584770880639553070e-02
-2.084523439407348633e-01,1.477049738168716431e-01,2.591400593519210815e-02
-2.084523439407348633e-01,1.477049738168716431e-01,2.591400593519210815e-02
-2.084980756044387817e-01,1.479905098676681519e-01,2.598162181675434113e-02
-2.084980756044387817e-01,1.479905098676681519e-01,2.598162181675434113e-02
-2.085433602333068848e-01,1.482748389244079590e-01,2.605053968727588654e-02
-2.085433602333068848e-01,1.482748389244079590e-01,2.605053968727588654e-02
-2.085881829261779785e-01,1.485579460859298706e-01,2.612075395882129669e-02
-2.085881829261779785e-01,1.485579460859298706e-01,2.612075395882129669e-02
-2.086325436830520630e-01,1.488398462533950806e-01,2.619226649403572083e-02
-2.086325436830520630e-01,1.488398462533950806e-01,2.619226649403572083e-02
-2.086764276027679443e-01,1.491205096244812012e-01,2.626506984233856201e-02
-2.086764276027679443e-01,1.491205096244812012e-01,2.626506984233856201e-02
-2.087198644876480103e-01,1.493999809026718140e-01,2.633915841579437256e-02
-2.087198644876480103e-01,1.493999809026718140e-01,2.633915841579437256e-02
-2.087628245353698730e-01,1.496782600879669189e-01,2.641452103853225708e-02
-2.087628245353698730e-01,1.496782600879669189e-01,2.641452103853225708e-02
-2.088053673505783081e-01,1.499553471803665161e-01,2.649116888642311096e-02
-2.088053673505783081e-01,1.499553471803665161e-01,2.649116888642311096e-02
-2.088474482297897339e-01,1.502312421798706055e-01,2.656907588243484497e-02
-2.088474482297897339e-01,1.502312421798706055e-01,2.656907588243484497e-02
-2.088890522718429565e-01,1.505059748888015747e-01,2.664825506508350372e-02
-2.088890522718429565e-01,1.505059748888015747e-01,2.664825506508350372e-02
-2.089302092790603638e-01,1.507795155048370361e-01,2.672869153320789337e-02
-2.089302092790603638e-01,1.507795155048370361e-01,2.672869153320789337e-02
-2.089709639549255371e-01,1.510519087314605713e-01,2.681038901209831238e-02
-2.089709639549255371e-01,1.510519087314605713e-01,2.681038901209831238e-02
-2.090112417936325073e-01,1.513231545686721802e-01,2.689333260059356689e-02
-2.090112417936325073e-01,1.513231545686721802e-01,2.689333260059356689e-02
-2.090511023998260498e-01,1.515932381153106689e-01,2.697751857340335846e-02
-2.090511023998260498e-01,1.515932381153106689e-01,2.697751857340335846e-02
-2.090904861688613892e-01,1.518621742725372314e-01,2.706295065581798553e-02
-2.090904861688613892e-01,1.518621742725372314e-01,2.706295065581798553e-02
-2.091294825077056885e-01,1.521299779415130615e-01,2.714961767196655273e-02
-2.091294825077056885e-01,1.521299779415130615e-01,2.714961767196655273e-02
-2.091680020093917847e-01,1.523966342210769653e-01,2.723751775920391083e-02
-2.091680020093917847e-01,1.523966342210769653e-01,2.723751775920391083e-02
-2.092061340808868408e-01,1.526621878147125244e-01,2.732663787901401520e-02
-2.092061340808868408e-01,1.526621878147125244e-01,2.732663787901401520e-02
-2.092438191175460815e-01,1.529266238212585449e-01,2.741698361933231354e-02
-2.092438191175460815e-01,1.529266238212585449e-01,2.741698361933231354e-02
-2.092810720205307007e-01,1.531899422407150269e-01,2.750854380428791046e-02
-2.092810720205307007e-01,1.531899422407150269e-01,2.750854380428791046e-02
-2.093179076910018921e-01,1.534521579742431641e-01,2.760131284594535828e-02
-2.093179076910018921e-01,1.534521579742431641e-01,2.760131284594535828e-02
-2.093542516231536865e-01,1.537132710218429565e-01,2.769529260694980621e-02
-2.093542516231536865e-01,1.537132710218429565e-01,2.769529260694980621e-02
-2.093902379274368286e-01,1.539733111858367920e-01,2.779047377407550812e-02
-2.093902379274368286e-01,1.539733111858367920e-01,2.779047377407550812e-02
-2.094258069992065430e-01,1.542322486639022827e-01,2.788684889674186707e-02
-2.094258069992065430e-01,1.542322486639022827e-01,2.788684889674186707e-02
-2.094609588384628296e-01,1.544901132583618164e-01,2.798441238701343536e-02
-2.094609588384628296e-01,1.544901132583618164e-01,2.798441238701343536e-02
-2.094956934452056885e-01,1.547469347715377808e-01,2.808317355811595917e-02
-2.094956934452056885e-01,1.547469347715377808e-01,2.808317355811595917e-02
-2.095299810171127319e-01,1.550026535987854004e-01,2.818310633301734924e-02
-2.095299810171127319e-01,1.550026535987854004e-01,2.818310633301734924e-02
-2.095638811588287354e-01,1.552573144435882568e-01,2.828422188758850098e-02
-2.095638811588287354e-01,1.552573144435882568e-01,2.828422188758850098e-02
-2.095973938703536987e-01,1.555109471082687378e-01,2.838650345802307129e-02
-2.095973938703536987e-01,1.555109471082687378e-01,2.838650345802307129e-02
-2.096304744482040405e-01,1.557635366916656494e-01,2.848995476961135864e-02
-2.096304744482040405e-01,1.557635366916656494e-01,2.848995476961135864e-02
-2.096631675958633423e-01,1.560150533914566040e-01,2.859457023441791534e-02
-2.096631675958633423e-01,1.560150533914566040e-01,2.859457023441791534e-02
-2.096954584121704102e-01,1.562655866146087646e-01,2.870034053921699524e-02
-2.096954584121704102e-01,1.562655866146087646e-01,2.870034053921699524e-02
-2.097273319959640503e-01,1.565150618553161621e-01,2.880726382136344910e-02
-2.097273319959640503e-01,1.565150618553161621e-01,2.880726382136344910e-02
-2.097588181495666504e-01,1.567635387182235718e-01,2.891533449292182922e-02
-2.097588181495666504e-01,1.567635387182235718e-01,2.891533449292182922e-02
-2.097898870706558228e-01,1.570109874010086060e-01,2.902454137802124023e-02
-2.097898870706558228e-01,1.570109874010086060e-01,2.902454137802124023e-02
-2.098205983638763428e-01,1.572574526071548462e-01,2.913489565253257751e-02
-2.098205983638763428e-01,1.572574526071548462e-01,2.913489565253257751e-02
-2.098509222269058228e-01,1.575029045343399048e-01,2.924637682735919952e-02
-2.098509222269058228e-01,1.575029045343399048e-01,2.924637682735919952e-02
-2.098808288574218750e-01,1.577473729848861694e-01,2.935898676514625549e-02
-2.098808288574218750e-01,1.577473729848861694e-01,2.935898676514625549e-02
-2.099103331565856934e-01,1.579908430576324463e-01,2.947272360324859619e-02
-2.099103331565856934e-01,1.579908430576324463e-01,2.947272360324859619e-02
-2.099394947290420532e-01,1.582333743572235107e-01,2.958757057785987854e-02
-2.099394947290420532e-01,1.582333743572235107e-01,2.958757057785987854e-02
-2.099682688713073730e-01,1.584749072790145874e-01,2.970353700220584869e-02
-2.099682688713073730e-01,1.584749072790145874e-01,2.970353700220584869e-02
-2.099966704845428467e-01,1.587154716253280640e-01,2.982060797512531281e-02
-2.099966704845428467e-01,1.587154716253280640e-01,2.982060797512531281e-02
-2.100246548652648926e-01,1.589550822973251343e-01,2.993878535926342010e-02
-2.100246548652648926e-01,1.589550822973251343e-01,2.993878535926342010e-02
-2.100522667169570923e-01,1.591937541961669922e-01,3.005805797874927521e-02
-2.100522667169570923e-01,1.591937541961669922e-01,3.005805797874927521e-02
-2.100795507431030273e-01,1.594314575195312500e-01,3.017842583358287811e-02
-2.100795507431030273e-01,1.594314575195312500e-01,3.017842583358287811e-02
-2.101064026355743408e-01,1.596682518720626831e-01,3.029987774789333344e-02
-2.101064026355743408e-01,1.596682518720626831e-01,3.029987774789333344e-02
-2.101329118013381958e-01,1.599041074514389038e-01,3.042241744697093964e-02
-2.101329118013381958e-01,1.599041074514389038e-01,3.042241744697093964e-02
-2.101590931415557861e-01,1.601390391588211060e-01,3.054603189229965210e-02
-2.101590931415557861e-01,1.601390391588211060e-01,3.054603189229965210e-02
-2.101848572492599487e-01,1.603730320930480957e-01,3.067072294652462006e-02
-2.101848572492599487e-01,1.603730320930480957e-01,3.067072294652462006e-02
-2.102102935314178467e-01,1.606061309576034546e-01,3.079647943377494812e-02
-2.102102935314178467e-01,1.606061309576034546e-01,3.079647943377494812e-02
-2.102353572845458984e-01,1.608383208513259888e-01,3.092330135405063629e-02
-2.102353572845458984e-01,1.608383208513259888e-01,3.092330135405063629e-02
-2.102600485086441040e-01,1.610696315765380859e-01,3.105117939412593842e-02
-2.102600485086441040e-01,1.610696315765380859e-01,3.105117939412593842e-02
-2.102844119071960449e-01,1.613000184297561646e-01,3.118011914193630219e-02
-2.102844119071960449e-01,1.613000184297561646e-01,3.118011914193630219e-02
-2.103083878755569458e-01,1.615295410156250000e-01,3.131010383367538452e-02
-2.103083878755569458e-01,1.615295410156250000e-01,3.131010383367538452e-02
-2.103320360183715820e-01,1.617581844329833984e-01,3.144112601876258850e-02
-2.103320360183715820e-01,1.617581844329833984e-01,3.144112601876258850e-02
-2.103552967309951782e-01,1.619859486818313599e-01,3.157319873571395874e-02
-2.103552967309951782e-01,1.619859486818313599e-01,3.157319873571395874e-02
-2.103782594203948975e-01,1.622128486633300781e-01,3.170629963278770447e-02
-2.103782594203948975e-01,1.622128486633300781e-01,3.170629963278770447e-02
-2.104008346796035767e-01,1.624389141798019409e-01,3.184042870998382568e-02
-2.104008346796035767e-01,1.624389141798019409e-01,3.184042870998382568e-02
-2.104230821132659912e-01,1.626641005277633667e-01,3.197558224201202393e-02
-2.104230821132659912e-01,1.626641005277633667e-01,3.197558224201202393e-02
-2.104450166225433350e-01,1.628884673118591309e-01,3.211176022887229919e-02
-2.104450166225433350e-01,1.628884673118591309e-01,3.211176022887229919e-02
-2.104665637016296387e-01,1.631119698286056519e-01,3.224894776940345764e-02
-2.104665637016296387e-01,1.631119698286056519e-01,3.224894776940345764e-02
-2.104877978563308716e-01,1.633346527814865112e-01,3.238714486360549927e-02
-2.104877978563308716e-01,1.633346527814865112e-01,3.238714486360549927e-02
-2.105087190866470337e-01,1.635565161705017090e-01,3.252634778618812561e-02
-2.105087190866470337e-01,1.635565161705017090e-01,3.252634778618812561e-02
-2.105292528867721558e-01,1.637775599956512451e-01,3.266654536128044128e-02
-2.105292528867721558e-01,1.637775599956512451e-01,3.266654536128044128e-02
-2.105494886636734009e-01,1.639977991580963135e-01,3.280775249004364014e-02
-2.105494886636734009e-01,1.639977991580963135e-01,3.280775249004364014e-02
-2.105694115161895752e-01,1.642172187566757202e-01,3.294993191957473755e-02
-2.105694115161895752e-01,1.642172187566757202e-01,3.294993191957473755e-02
-2.105889767408370972e-01,1.644358485937118530e-01,3.309310600161552429e-02
-2.105889767408370972e-01,1.644358485937118530e-01,3.309310600161552429e-02
-2.106082439422607422e-01,1.646536737680435181e-01,3.323725610971450806e-02
-2.106082439422607422e-01,1.646536737680435181e-01,3.323725610971450806e-02
-2.106271833181381226e-01,1.648707389831542969e-01,3.338238969445228577e-02
-2.106271833181381226e-01,1.648707389831542969e-01,3.338238969445228577e-02
-2.106458097696304321e-01,1.650869995355606079e-01,3.352848067879676819e-02
-2.106458097696304321e-01,1.650869995355606079e-01,3.352848067879676819e-02
-2.106640934944152832e-01,1.653025150299072266e-01,3.367555141448974609e-02
-2.106640934944152832e-01,1.653025150299072266e-01,3.367555141448974609e-02
-2.106820791959762573e-01,1.655172556638717651e-01,3.382357582449913025e-02
-2.106820791959762573e-01,1.655172556638717651e-01,3.382357582449913025e-02
-2.106997519731521606e-01,1.657312363386154175e-01,3.397255763411521912e-02
-2.106997519731521606e-01,1.657312363386154175e-01,3.397255763411521912e-02
-2.107170969247817993e-01,1.659444570541381836e-01,3.412248566746711731e-02
-2.107170969247817993e-01,1.659444570541381836e-01,3.412248566746711731e-02
-2.107341587543487549e-01,1.661569327116012573e-01,3.427335992455482483e-02
-2.107341587543487549e-01,1.661569327116012573e-01,3.427335992455482483e-02
-2.107508778572082520e-01,1.663686931133270264e-01,3.442518040537834167e-02
-2.107508778572082520e-01,1.663686931133270264e-01,3.442518040537834167e-02
-2.107673287391662598e-01,1.665796935558319092e-01,3.457793220877647400e-02
-2.107673287391662598e-01,1.665796935558319092e-01,3.457793220877647400e-02
-2.107834666967391968e-01,1.667900085449218750e-01,3.473161533474922180e-02
-2.107834666967391968e-01,1.667900085449218750e-01,3.473161533474922180e-02
-2.107993066310882568e-01,1.669995486736297607e-01,3.488622605800628662e-02
-2.107993066310882568e-01,1.669995486736297607e-01,3.488622605800628662e-02
-2.108148485422134399e-01,1.672084331512451172e-01,3.504175692796707153e-02
-2.108148485422134399e-01,1.672084331512451172e-01,3.504175692796707153e-02
-2.108300775289535522e-01,1.674165874719619751e-01,3.519820421934127808e-02
-2.108300775289535522e-01,1.674165874719619751e-01,3.519820421934127808e-02
-2.108450382947921753e-01,1.676240414381027222e-01,3.535556048154830933e-02
-2.108450382947921753e-01,1.676240414381027222e-01,3.535556048154830933e-02
-2.108596861362457275e-01,1.678307950496673584e-01,3.551382943987846375e-02
-2.108596861362457275e-01,1.678307950496673584e-01,3.551382943987846375e-02
-2.108740657567977905e-01,1.680368930101394653e-01,3.567299246788024902e-02
-2.108740657567977905e-01,1.680368930101394653e-01,3.567299246788024902e-02
-2.108881324529647827e-01,1.682422906160354614e-01,3.583304956555366516e-02
-2.108881324529647827e-01,1.682422906160354614e-01,3.583304956555366516e-02
-2.109019011259078979e-01,1.684470325708389282e-01,3.599400818347930908e-02
-2.109019011259078979e-01,1.684470325708389282e-01,3.599400818347930908e-02
-2.109154462814331055e-01,1.686510741710662842e-01,3.615585342049598694e-02
-2.109154462814331055e-01,1.686510741710662842e-01,3.615585342049598694e-02
-2.109286636114120483e-01,1.688545197248458862e-01,3.631857410073280334e-02
-2.109286636114120483e-01,1.688545197248458862e-01,3.631857410073280334e-02
-2.109416127204895020e-01,1.690572649240493774e-01,3.648216277360916138e-02
-2.109416127204895020e-01,1.690572649240493774e-01,3.648216277360916138e-02
-2.109542936086654663e-01,1.692593842744827271e-01,3.664664551615715027e-02
-2.109542936086654663e-01,1.692593842744827271e-01,3.664664551615715027e-02
-2.109667062759399414e-01,1.694608479738235474e-01,3.681197762489318848e-02
-2.109667062759399414e-01,1.694608479738235474e-01,3.681197762489318848e-02
-2.109788209199905396e-01,1.696616858243942261e-01,3.697817772626876831e-02
-2.109788209199905396e-01,1.696616858243942261e-01,3.697817772626876831e-02
-2.109906971454620361e-01,1.698619127273559570e-01,3.714523464441299438e-02
-2.109906971454620361e-01,1.698619127273559570e-01,3.714523464441299438e-02
-2.110022902488708496e-01,1.700615137815475464e-01,3.731314465403556824e-02
-2.110022902488708496e-01,1.700615137815475464e-01,3.731314465403556824e-02
-2.110136002302169800e-01,1.702604889869689941e-01,3.748190402984619141e-02
-2.110136002302169800e-01,1.702604889869689941e-01,3.748190402984619141e-02
-2.110246717929840088e-01,1.704588681459426880e-01,3.765150904655456543e-02
-2.110246717929840088e-01,1.704588681459426880e-01,3.765150904655456543e-02
-2.110354602336883545e-01,1.706566512584686279e-01,3.782193735241889954e-02
-2.110354602336883545e-01,1.706566512584686279e-01,3.782193735241889954e-02
-2.110459953546524048e-01,1.708538383245468140e-01,3.799321129918098450e-02
-2.110459953546524048e-01,1.708538383245468140e-01,3.799321129918098450e-02
-2.110562920570373535e-01,1.710504442453384399e-01,3.816530480980873108e-02
-2.110562920570373535e-01,1.710504442453384399e-01,3.816530480980873108e-02
-2.110663354396820068e-01,1.712464988231658936e-01,3.833822906017303467e-02
-2.110663354396820068e-01,1.712464988231658936e-01,3.833822906017303467e-02
-2.110761106014251709e-01,1.714419424533843994e-01,3.851196169853210449e-02
-2.110761106014251709e-01,1.714419424533843994e-01,3.851196169853210449e-02
-2.110856324434280396e-01,1.716368347406387329e-01,3.868651390075683594e-02
-2.110856324434280396e-01,1.716368347406387329e-01,3.868651390075683594e-02
-2.110949158668518066e-01,1.718311756849288940e-01,3.886188194155693054e-02
-2.110949158668518066e-01,1.718311756849288940e-01,3.886188194155693054e-02
-2.111039459705352783e-01,1.720249503850936890e-01,3.903803601861000061e-02
-2.111039459705352783e-01,1.720249503850936890e-01,3.903803601861000061e-02
-2.111127525568008423e-01,1.722182035446166992e-01,3.921499103307723999e-02
-2.111127525568008423e-01,1.722182035446166992e-01,3.921499103307723999e-02
-2.111212760210037231e-01,1.724108904600143433e-01,3.939274698495864868e-02
-2.111212760210037231e-01,1.724108904600143433e-01,3.939274698495864868e-02
-2.111296057701110840e-01,1.726030707359313965e-01,3.957128897309303284e-02
-2.111296057701110840e-01,1.726030707359313965e-01,3.957128897309303284e-02
-2.111376672983169556e-01,1.727947145700454712e-01,3.975061327219009399e-02
-2.111376672983169556e-01,1.727947145700454712e-01,3.975061327219009399e-02
-2.111455202102661133e-01,1.729858368635177612e-01,3.993071988224983215e-02
-2.111455202102661133e-01,1.729858368635177612e-01,3.993071988224983215e-02
-2.111531198024749756e-01,1.731764376163482666e-01,4.011159390211105347e-02
-2.111531198024749756e-01,1.731764376163482666e-01,4.011159390211105347e-02
-2.111604958772659302e-01,1.733665466308593750e-01,4.029323905706405640e-02
-2.111604958772659302e-01,1.733665466308593750e-01,4.029323905706405640e-02
-2.111676335334777832e-01,1.735561490058898926e-01,4.047565162181854248e-02
-2.111676335334777832e-01,1.735561490058898926e-01,4.047565162181854248e-02
-2.111745029687881470e-01,1.737452745437622070e-01,4.065882042050361633e-02
-2.111745029687881470e-01,1.737452745437622070e-01,4.065882042050361633e-02
-2.111812084913253784e-01,1.739339083433151245e-01,4.084274172782897949e-02
-2.111812084913253784e-01,1.739339083433151245e-01,4.084274172782897949e-02
-2.111876904964447021e-01,1.741220504045486450e-01,4.102741181850433350e-02
-2.111876904964447021e-01,1.741220504045486450e-01,4.102741181850433350e-02
-2.111939638853073120e-01,1.743097305297851562e-01,4.121282696723937988e-02
-2.111939638853073120e-01,1.743097305297851562e-01,4.121282696723937988e-02
-2.111999839544296265e-01,1.744969338178634644e-01,4.139897972345352173e-02
-2.111999839544296265e-01,1.744969338178634644e-01,4.139897972345352173e-02
-2.112057805061340332e-01,1.746837198734283447e-01,4.158587753772735596e-02
-2.112057805061340332e-01,1.746837198734283447e-01,4.158587753772735596e-02
-2.112113982439041138e-01,1.748700141906738281e-01,4.177348688244819641e-02
-2.112113982439041138e-01,1.748700141906738281e-01,4.177348688244819641e-02
-2.112167924642562866e-01,1.750558614730834961e-01,4.196182638406753540e-02
-2.112167924642562866e-01,1.750558614730834961e-01,4.196182638406753540e-02
-2.112219631671905518e-01,1.752412766218185425e-01,4.215088859200477600e-02
-2.112219631671905518e-01,1.752412766218185425e-01,4.215088859200477600e-02
-2.112269252538681030e-01,1.754262745380401611e-01,4.234066978096961975e-02
-2.112269252538681030e-01,1.754262745380401611e-01,4.234066978096961975e-02
-2.112316936254501343e-01,1.756108552217483521e-01,4.253115504980087280e-02
-2.112316936254501343e-01,1.756108552217483521e-01,4.253115504980087280e-02
-2.112362682819366455e-01,1.757949888706207275e-01,4.272234812378883362e-02
-2.112362682819366455e-01,1.757949888706207275e-01,4.272234812378883362e-02
-2.112406492233276367e-01,1.759787052869796753e-01,4.291423410177230835e-02
-2.112406492233276367e-01,1.759787052869796753e-01,4.291423410177230835e-02
-2.112447917461395264e-01,1.761620342731475830e-01,4.310682043433189392e-02
-2.112447917461395264e-01,1.761620342731475830e-01,4.310682043433189392e-02
-2.112487703561782837e-01,1.763449758291244507e-01,4.330009594559669495e-02
-2.112487703561782837e-01,1.763449758291244507e-01,4.330009594559669495e-02
-2.112525403499603271e-01,1.765275001525878906e-01,4.349405691027641296e-02
-2.112525403499603271e-01,1.765275001525878906e-01,4.349405691027641296e-02
-2.112561315298080444e-01,1.767096668481826782e-01,4.368869215250015259e-02
-2.112561315298080444e-01,1.767096668481826782e-01,4.368869215250015259e-02
-2.112595140933990479e-01,1.768914312124252319e-01,4.388401657342910767e-02
-2.112595140933990479e-01,1.768914312124252319e-01,4.388401657342910767e-02
-2.112627327442169189e-01,1.770728230476379395e-01,4.408000037074089050e-02
-2.112627327442169189e-01,1.770728230476379395e-01,4.408000037074089050e-02
-2.112657576799392700e-01,1.772538572549819946e-01,4.427665099501609802e-02
-2.112657576799392700e-01,1.772538572549819946e-01,4.427665099501609802e-02
-2.112686038017272949e-01,1.774345338344573975e-01,4.447396099567413330e-02
-2.112686038017272949e-01,1.774345338344573975e-01,4.447396099567413330e-02
-2.112712413072586060e-01,1.776148527860641479e-01,4.467193409800529480e-02
-2.112712413072586060e-01,1.776148527860641479e-01,4.467193409800529480e-02
-2.112737298011779785e-01,1.777948439121246338e-01,4.487054795026779175e-02
-2.112737298011779785e-01,1.777948439121246338e-01,4.487054795026779175e-02
-2.112760245800018311e-01,1.779744774103164673e-01,4.506981000304222107e-02
-2.112760245800018311e-01,1.779744774103164673e-01,4.506981000304222107e-02
-2.112781256437301636e-01,1.781537830829620361e-01,4.526972025632858276e-02
-2.112781256437301636e-01,1.781537830829620361e-01,4.526972025632858276e-02
-2.112801074981689453e-01,1.783327609300613403e-01,4.547026008367538452e-02
-2.112801074981689453e-01,1.783327609300613403e-01,4.547026008367538452e-02
-2.112818658351898193e-01,1.785114258527755737e-01,4.567142948508262634e-02
-2.112818658351898193e-01,1.785114258527755737e-01,4.567142948508262634e-02
-2.112834900617599487e-01,1.786897629499435425e-01,4.587322100996971130e-02
-2.112834900617599487e-01,1.786897629499435425e-01,4.587322100996971130e-02
-2.112849354743957520e-01,1.788678169250488281e-01,4.607564955949783325e-02
-2.112849354743957520e-01,1.788678169250488281e-01,4.607564955949783325e-02
-2.112862318754196167e-01,1.790455579757690430e-01,4.627868160605430603e-02
-2.112862318754196167e-01,1.790455579757690430e-01,4.627868160605430603e-02
-2.112873345613479614e-01,1.792230159044265747e-01,4.648232460021972656e-02
-2.112873345613479614e-01,1.792230159044265747e-01,4.648232460021972656e-02
-2.112883031368255615e-01,1.794001758098602295e-01,4.668658599257469177e-02
-2.112883031368255615e-01,1.794001758098602295e-01,4.668658599257469177e-02
-2.112890928983688354e-01,1.795770674943923950e-01,4.689143598079681396e-02
-2.112890928983688354e-01,1.795770674943923950e-01,4.689143598079681396e-02
-2.112897634506225586e-01,1.797536760568618774e-01,4.709688946604728699e-02
-2.112897634506225586e-01,1.797536760568618774e-01,4.709688946604728699e-02
-2.112902700901031494e-01,1.799300312995910645e-01,4.730292782187461853e-02
-2.112902700901031494e-01,1.799300312995910645e-01,4.730292782187461853e-02
-2.112905979156494141e-01,1.801061332225799561e-01,4.750955104827880859e-02
-2.112905979156494141e-01,1.801061332225799561e-01,4.750955104827880859e-02
-2.112908065319061279e-01,1.802819520235061646e-01,4.771677032113075256e-02
-2.112908065319061279e-01,1.802819520235061646e-01,4.771677032113075256e-02
-2.112908512353897095e-01,1.804575473070144653e-01,4.792455211281776428e-02
-2.112908512353897095e-01,1.804575473070144653e-01,4.792455211281776428e-02
-2.112907618284225464e-01,1.806329190731048584e-01,4.813291132450103760e-02
-2.112907618284225464e-01,1.806329190731048584e-01,4.813291132450103760e-02
-2.112905383110046387e-01,1.808080375194549561e-01,4.834183678030967712e-02
-2.112905383110046387e-01,1.808080375194549561e-01,4.834183678030967712e-02
-2.112901359796524048e-01,1.809829175472259521e-01,4.855133593082427979e-02
-2.112901359796524048e-01,1.809829175472259521e-01,4.855133593082427979e-02
-2.112896293401718140e-01,1.811576038599014282e-01,4.876137897372245789e-02
-2.112896293401718140e-01,1.811576038599014282e-01,4.876137897372245789e-02
-2.112889736890792847e-01,1.813320666551589966e-01,4.897197708487510681e-02
-2.112889736890792847e-01,1.813320666551589966e-01,4.897197708487510681e-02
-2.112881839275360107e-01,1.815063208341598511e-01,4.918311908841133118e-02
-2.112881839275360107e-01,1.815063208341598511e-01,4.918311908841133118e-02
-2.112872600555419922e-01,1.816803812980651855e-01,4.939480498433113098e-02
-2.112872600555419922e-01,1.816803812980651855e-01,4.939480498433113098e-02
-2.112862467765808105e-01,1.818542331457138062e-01,4.960703477263450623e-02
-2.112862467765808105e-01,1.818542331457138062e-01,4.960703477263450623e-02
-2.112850695848464966e-01,1.820279359817504883e-01,4.981978982686996460e-02
-2.112850695848464966e-01,1.820279359817504883e-01,4.981978982686996460e-02
-2.112837731838226318e-01,1.822014302015304565e-01,5.003307387232780457e-02
-2.112837731838226318e-01,1.822014302015304565e-01,5.003307387232780457e-02
-2.112823426723480225e-01,1.823747605085372925e-01,5.024688690900802612e-02
-2.112823426723480225e-01,1.823747605085372925e-01,5.024688690900802612e-02
-2.112808078527450562e-01,1.825479269027709961e-01,5.046121776103973389e-02
-2.112808078527450562e-01,1.825479269027709961e-01,5.046121776103973389e-02
-2.112791389226913452e-01,1.827209144830703735e-01,5.067605152726173401e-02
-2.112791389226913452e-01,1.827209144830703735e-01,5.067605152726173401e-02
-2.112773805856704712e-01,1.828937530517578125e-01,5.089140310883522034e-02
-2.112773805856704712e-01,1.828937530517578125e-01,5.089140310883522034e-02
-2.112754881381988525e-01,1.830664724111557007e-01,5.110725387930870056e-02
-2.112754881381988525e-01,1.830664724111557007e-01,5.110725387930870056e-02
-2.112734764814376831e-01,1.832390278577804565e-01,5.132360011339187622e-02
-2.112734764814376831e-01,1.832390278577804565e-01,5.132360011339187622e-02
-2.112713754177093506e-01,1.834114789962768555e-01,5.154044181108474731e-02
-2.112713754177093506e-01,1.834114789962768555e-01,5.154044181108474731e-02
-2.112691700458526611e-01,1.835837811231613159e-01,5.175777524709701538e-02
-2.112691700458526611e-01,1.835837811231613159e-01,5.175777524709701538e-02
-2.112668156623840332e-01,1.837559640407562256e-01,5.197558179497718811e-02
-2.112668156623840332e-01,1.837559640407562256e-01,5.197558179497718811e-02
-2.112644016742706299e-01,1.839280426502227783e-01,5.219388380646705627e-02
-2.112644016742706299e-01,1.839280426502227783e-01,5.219388380646705627e-02
-2.112618535757064819e-01,1.841000020503997803e-01,5.241263657808303833e-02
-2.112618535757064819e-01,1.841000020503997803e-01,5.241263657808303833e-02
-2.112592458724975586e-01,1.842718869447708130e-01,5.263187736272811890e-02
-2.112592458724975586e-01,1.842718869447708130e-01,5.263187736272811890e-02
-2.112565338611602783e-01,1.844436526298522949e-01,5.285157263278961182e-02
-2.112565338611602783e-01,1.844436526298522949e-01,5.285157263278961182e-02
-2.112537175416946411e-01,1.846153438091278076e-01,5.307173356413841248e-02
-2.112537175416946411e-01,1.846153438091278076e-01,5.307173356413841248e-02
-2.112507820129394531e-01,1.847869455814361572e-01,5.329234898090362549e-02
-2.112507820129394531e-01,1.847869455814361572e-01,5.329234898090362549e-02
-2.112477719783782959e-01,1.849584877490997314e-01,5.351340398192405701e-02
-2.112477719783782959e-01,1.849584877490997314e-01,5.351340398192405701e-02
-2.112447023391723633e-01,1.851299554109573364e-01,5.373491346836090088e-02
-2.112447023391723633e-01,1.851299554109573364e-01,5.373491346836090088e-02
-2.112414985895156860e-01,1.853013783693313599e-01,5.395685508847236633e-02
-2.112414985895156860e-01,1.853013783693313599e-01,5.395685508847236633e-02
-2.112382501363754272e-01,1.854727268218994141e-01,5.417923629283905029e-02
-2.112382501363754272e-01,1.854727268218994141e-01,5.417923629283905029e-02
-2.112349122762680054e-01,1.856440454721450806e-01,5.440203845500946045e-02
-2.112349122762680054e-01,1.856440454721450806e-01,5.440203845500946045e-02
-2.112314850091934204e-01,1.858153194189071655e-01,5.462526157498359680e-02
-2.112314850091934204e-01,1.858153194189071655e-01,5.462526157498359680e-02
-2.112279832363128662e-01,1.859865486621856689e-01,5.484891682863235474e-02
-2.112279832363128662e-01,1.859865486621856689e-01,5.484891682863235474e-02
-2.112244218587875366e-01,1.861577630043029785e-01,5.507298558950424194e-02
-2.112244218587875366e-01,1.861577630043029785e-01,5.507298558950424194e-02
-2.112207710742950439e-01,1.863289475440979004e-01,5.529746040701866150e-02
-2.112207710742950439e-01,1.863289475440979004e-01,5.529746040701866150e-02
-2.112170606851577759e-01,1.865001469850540161e-01,5.552233755588531494e-02
-2.112170606851577759e-01,1.865001469850540161e-01,5.552233755588531494e-02
-2.112132459878921509e-01,1.866713166236877441e-01,5.574762448668479919e-02
-2.112132459878921509e-01,1.866713166236877441e-01,5.574762448668479919e-02
-2.112094163894653320e-01,1.868425011634826660e-01,5.597329884767532349e-02
-2.112094163894653320e-01,1.868425011634826660e-01,5.597329884767532349e-02
-2.112054973840713501e-01,1.870136857032775879e-01,5.619936436414718628e-02
-2.112054973840713501e-01,1.870136857032775879e-01,5.619936436414718628e-02
-2.112015187740325928e-01,1.871848702430725098e-01,5.642580613493919373e-02
-2.112015187740325928e-01,1.871848702430725098e-01,5.642580613493919373e-02
-2.111974805593490601e-01,1.873560845851898193e-01,5.665263906121253967e-02
-2.111974805593490601e-01,1.873560845851898193e-01,5.665263906121253967e-02
-2.111933678388595581e-01,1.875273287296295166e-01,5.687984451651573181e-02
-2.111933678388595581e-01,1.875273287296295166e-01,5.687984451651573181e-02
-2.111892402172088623e-01,1.876986324787139893e-01,5.710742250084877014e-02
-2.111892402172088623e-01,1.876986324787139893e-01,5.710742250084877014e-02
-2.111850082874298096e-01,1.878699213266372681e-01,5.733536556363105774e-02
-2.111850082874298096e-01,1.878699213266372681e-01,5.733536556363105774e-02
-2.111807614564895630e-01,1.880412995815277100e-01,5.756365880370140076e-02
-2.111807614564895630e-01,1.880412995815277100e-01,5.756365880370140076e-02
-2.111764252185821533e-01,1.882127076387405396e-01,5.779232084751129150e-02
-2.111764252185821533e-01,1.882127076387405396e-01,5.779232084751129150e-02
-2.111720889806747437e-01,1.883841902017593384e-01,5.802132934331893921e-02
-2.111720889806747437e-01,1.883841902017593384e-01,5.802132934331893921e-02
-2.111676931381225586e-01,1.885557323694229126e-01,5.825068801641464233e-02
-2.111676931381225586e-01,1.885557323694229126e-01,5.825068801641464233e-02
-2.111632525920867920e-01,1.887273490428924561e-01,5.848038196563720703e-02
-2.111632525920867920e-01,1.887273490428924561e-01,5.848038196563720703e-02
-2.111587524414062500e-01,1.888990551233291626e-01,5.871041119098663330e-02
-2.111587524414062500e-01,1.888990551233291626e-01,5.871041119098663330e-02
-2.111542522907257080e-01,1.890708357095718384e-01,5.894076451659202576e-02
-2.111542522907257080e-01,1.890708357095718384e-01,5.894076451659202576e-02
-2.111496925354003906e-01,1.892427057027816772e-01,5.917144939303398132e-02
-2.111496925354003906e-01,1.892427057027816772e-01,5.917144939303398132e-02
-2.111451029777526855e-01,1.894146800041198730e-01,5.940246954560279846e-02
-2.111451029777526855e-01,1.894146800041198730e-01,5.940246954560279846e-02
-2.111404538154602051e-01,1.895867735147476196e-01,5.963379144668579102e-02
-2.111404538154602051e-01,1.895867735147476196e-01,5.963379144668579102e-02
-2.111357897520065308e-01,1.897589862346649170e-01,5.986542627215385437e-02
-2.111357897520065308e-01,1.897589862346649170e-01,5.986542627215385437e-02
-2.111311405897140503e-01,1.899313032627105713e-01,6.009737029671669006e-02
-2.111311405897140503e-01,1.899313032627105713e-01,6.009737029671669006e-02
-2.111264020204544067e-01,1.901037544012069702e-01,6.032961234450340271e-02
-2.111264020204544067e-01,1.901037544012069702e-01,6.032961234450340271e-02
-2.111216783523559570e-01,1.902763396501541138e-01,6.056215986609458923e-02
-2.111216783523559570e-01,1.902763396501541138e-01,6.056215986609458923e-02
-2.111169397830963135e-01,1.904490441083908081e-01,6.079498678445816040e-02
-2.111169397830963135e-01,1.904490441083908081e-01,6.079498678445816040e-02
-2.111121565103530884e-01,1.906218975782394409e-01,6.102810427546501160e-02
-2.111121565103530884e-01,1.906218975782394409e-01,6.102810427546501160e-02
-2.111073583364486694e-01,1.907949447631835938e-01,6.126150861382484436e-02
-2.111073583364486694e-01,1.907949447631835938e-01,6.126150861382484436e-02
-2.111025750637054443e-01,1.909681260585784912e-01,6.149518862366676331e-02
-2.111025750637054443e-01,1.909681260585784912e-01,6.149518862366676331e-02
-2.110977470874786377e-01,1.911414712667465210e-01,6.172912940382957458e-02
-2.110977470874786377e-01,1.911414712667465210e-01,6.172912940382957458e-02
-2.110929340124130249e-01,1.913149654865264893e-01,6.196334585547447205e-02
-2.110929340124130249e-01,1.913149654865264893e-01,6.196334585547447205e-02
-2.110881060361862183e-01,1.914886683225631714e-01,6.219783425331115723e-02
-2.110881060361862183e-01,1.914886683225631714e-01,6.219783425331115723e-02
-2.110832631587982178e-01,1.916625797748565674e-01,6.243256479501724243e-02
-2.110832631587982178e-01,1.916625797748565674e-01,6.243256479501724243e-02
-2.110784053802490234e-01,1.918366402387619019e-01,6.266755610704421997e-02
-2.110784053802490234e-01,1.918366402387619019e-01,6.266755610704421997e-02
-2.110735476016998291e-01,1.920109391212463379e-01,6.290279328823089600e-02
-2.110735476016998291e-01,1.920109391212463379e-01,6.290279328823089600e-02
-2.110687196254730225e-01,1.921854019165039062e-01,6.313826888799667358e-02
-2.110687196254730225e-01,1.921854019165039062e-01,6.313826888799667358e-02
-2.110638767480850220e-01,1.923601031303405762e-01,6.337398290634155273e-02
-2.110638767480850220e-01,1.923601031303405762e-01,6.337398290634155273e-02
-2.110590487718582153e-01,1.925350278615951538e-01,6.360993534326553345e-02
-2.110590487718582153e-01,1.925350278615951538e-01,6.360993534326553345e-02
-2.110542207956314087e-01,1.927101761102676392e-01,6.384611129760742188e-02
-2.110542207956314087e-01,1.927101761102676392e-01,6.384611129760742188e-02
-2.110493928194046021e-01,1.928855478763580322e-01,6.408251076936721802e-02
-2.110493928194046021e-01,1.928855478763580322e-01,6.408251076936721802e-02
-2.110445797443389893e-01,1.930611729621887207e-01,6.431911885738372803e-02
-2.110445797443389893e-01,1.930611729621887207e-01,6.431911885738372803e-02
-2.110397964715957642e-01,1.932370364665985107e-01,6.455595046281814575e-02
-2.110397964715957642e-01,1.932370364665985107e-01,6.455595046281814575e-02
-2.110350131988525391e-01,1.934131830930709839e-01,6.479299068450927734e-02
-2.110350131988525391e-01,1.934131830930709839e-01,6.479299068450927734e-02
-2.110302597284317017e-01,1.935895532369613647e-01,6.503023207187652588e-02
-2.110302597284317017e-01,1.935895532369613647e-01,6.503023207187652588e-02
-2.110254913568496704e-01,1.937661767005920410e-01,6.526766717433929443e-02
-2.110254913568496704e-01,1.937661767005920410e-01,6.526766717433929443e-02
-2.110207825899124146e-01,1.939430981874465942e-01,6.550530344247817993e-02
-2.110207825899124146e-01,1.939430981874465942e-01,6.550530344247817993e-02
-2.110160887241363525e-01,1.941202878952026367e-01,6.574312597513198853e-02
-2.110160887241363525e-01,1.941202878952026367e-01,6.574312597513198853e-02
-2.110113948583602905e-01,1.942977905273437500e-01,6.598112732172012329e-02
-2.110113948583602905e-01,1.942977905273437500e-01,6.598112732172012329e-02
-2.110067605972290039e-01,1.944755464792251587e-01,6.621932238340377808e-02
-2.110067605972290039e-01,1.944755464792251587e-01,6.621932238340377808e-02
-2.110021561384201050e-01,1.946536302566528320e-01,6.645767390727996826e-02
-2.110021561384201050e-01,1.946536302566528320e-01,6.645767390727996826e-02
-2.109975814819335938e-01,1.948320120573043823e-01,6.669618934392929077e-02
-2.109975814819335938e-01,1.948320120573043823e-01,6.669618934392929077e-02
-2.109930217266082764e-01,1.950107216835021973e-01,6.693489104509353638e-02
-2.109930217266082764e-01,1.950107216835021973e-01,6.693489104509353638e-02
-2.109885364770889282e-01,1.951897293329238892e-01,6.717373430728912354e-02
-2.109885364770889282e-01,1.951897293329238892e-01,6.717373430728912354e-02
-2.109840363264083862e-01,1.953690797090530396e-01,6.741273403167724609e-02
-2.109840363264083862e-01,1.953690797090530396e-01,6.741273403167724609e-02
-2.109796404838562012e-01,1.955487579107284546e-01,6.765189021825790405e-02
-2.109796404838562012e-01,1.955487579107284546e-01,6.765189021825790405e-02
-2.109752446413040161e-01,1.957287490367889404e-01,6.789118051528930664e-02
-2.109752446413040161e-01,1.957287490367889404e-01,6.789118051528930664e-02
-2.109709084033966064e-01,1.959091424942016602e-01,6.813061982393264771e-02
-2.109709084033966064e-01,1.959091424942016602e-01,6.813061982393264771e-02
-2.109666168689727783e-01,1.960898339748382568e-01,6.837018579244613647e-02
-2.109666168689727783e-01,1.960898339748382568e-01,6.837018579244613647e-02
-2.109623998403549194e-01,1.962709128856658936e-01,6.860987842082977295e-02
-2.109623998403549194e-01,1.962709128856658936e-01,6.860987842082977295e-02
-2.109582275152206421e-01,1.964523643255233765e-01,6.884970515966415405e-02
-2.109582275152206421e-01,1.964523643255233765e-01,6.884970515966415405e-02
-2.109540700912475586e-01,1.966341733932495117e-01,6.908965110778808594e-02
-2.109540700912475586e-01,1.966341733932495117e-01,6.908965110778808594e-02
-2.109499871730804443e-01,1.968163549900054932e-01,6.932970881462097168e-02
-2.109499871730804443e-01,1.968163549900054932e-01,6.932970881462097168e-02
-2.109459787607192993e-01,1.969989240169525146e-01,6.956987082958221436e-02
-2.109459787607192993e-01,1.969989240169525146e-01,6.956987082958221436e-02
-2.109420299530029297e-01,1.971818804740905762e-01,6.981015205383300781e-02
-2.109420299530029297e-01,1.971818804740905762e-01,6.981015205383300781e-02
-2.109381705522537231e-01,1.973652839660644531e-01,7.005052268505096436e-02
-2.109381705522537231e-01,1.973652839660644531e-01,7.005052268505096436e-02
-2.109343260526657104e-01,1.975490599870681763e-01,7.029097527265548706e-02
-2.109343260526657104e-01,1.975490599870681763e-01,7.029097527265548706e-02
-2.109305560588836670e-01,1.977332234382629395e-01,7.053153961896896362e-02
-2.109305560588836670e-01,1.977332234382629395e-01,7.053153961896896362e-02
-2.109268903732299805e-01,1.979178488254547119e-01,7.077218592166900635e-02
-2.109268903732299805e-01,1.979178488254547119e-01,7.077218592166900635e-02
-2.109232544898986816e-01,1.981028914451599121e-01,7.101289182901382446e-02
-2.109232544898986816e-01,1.981028914451599121e-01,7.101289182901382446e-02
-2.109197229146957397e-01,1.982883661985397339e-01,7.125369459390640259e-02
-2.109197229146957397e-01,1.982883661985397339e-01,7.125369459390640259e-02
-2.109162509441375732e-01,1.984742581844329834e-01,7.149455696344375610e-02
-2.109162509441375732e-01,1.984742581844329834e-01,7.149455696344375610e-02
-2.109128683805465698e-01,1.986606270074844360e-01,7.173549383878707886e-02
-2.109128683805465698e-01,1.986606270074844360e-01,7.173549383878707886e-02
-2.109095752239227295e-01,1.988474130630493164e-01,7.197649031877517700e-02
-2.109095752239227295e-01,1.988474130630493164e-01,7.197649031877517700e-02
-2.109063565731048584e-01,1.990346759557723999e-01,7.221753895282745361e-02
-2.109063565731048584e-01,1.990346759557723999e-01,7.221753895282745361e-02
-2.109031975269317627e-01,1.992224156856536865e-01,7.245863229036331177e-02
-2.109031975269317627e-01,1.992224156856536865e-01,7.245863229036331177e-02
-2.109001427888870239e-01,1.994106024503707886e-01,7.269977778196334839e-02
-2.109001427888870239e-01,1.994106024503707886e-01,7.269977778196334839e-02
-2.108971923589706421e-01,1.995992958545684814e-01,7.294097542762756348e-02
-2.108971923589706421e-01,1.995992958545684814e-01,7.294097542762756348e-02
-2.108943164348602295e-01,1.997884809970855713e-01,7.318218797445297241e-02
-2.108943164348602295e-01,1.997884809970855713e-01,7.318218797445297241e-02
-2.108915448188781738e-01,1.999781578779220581e-01,7.342344522476196289e-02
-2.108915448188781738e-01,1.999781578779220581e-01,7.342344522476196289e-02
-2.108888328075408936e-01,2.001682817935943604e-01,7.366472482681274414e-02
-2.108888328075408936e-01,2.001682817935943604e-01,7.366472482681274414e-02
-2.108862698078155518e-01,2.003589868545532227e-01,7.390601187944412231e-02
-2.108862698078155518e-01,2.003589868545532227e-01,7.390601187944412231e-02
-2.108837813138961792e-01,2.005501538515090942e-01,7.414733618497848511e-02
-2.108837813138961792e-01,2.005501538515090942e-01,7.414733618497848511e-02
-2.108814120292663574e-01,2.007418423891067505e-01,7.438866794109344482e-02
-2.108814120292663574e-01,2.007418423891067505e-01,7.438866794109344482e-02
-2.108791172504425049e-01,2.009340673685073853e-01,7.462999969720840454e-02
-2.108791172504425049e-01,2.009340673685073853e-01,7.462999969720840454e-02
-2.108769416809082031e-01,2.011268138885498047e-01,7.487133145332336426e-02
-2.108769416809082031e-01,2.011268138885498047e-01,7.487133145332336426e-02
-2.108749002218246460e-01,2.013201266527175903e-01,7.511266320943832397e-02
-2.108749002218246460e-01,2.013201266527175903e-01,7.511266320943832397e-02
-2.108729332685470581e-01,2.015139609575271606e-01,7.535398751497268677e-02
-2.108729332685470581e-01,2.015139609575271606e-01,7.535398751497268677e-02
-2.108711004257202148e-01,2.017083615064620972e-01,7.559530436992645264e-02
-2.108711004257202148e-01,2.017083615064620972e-01,7.559530436992645264e-02
-2.108693718910217285e-01,2.019033133983612061e-01,7.583659887313842773e-02
-2.108693718910217285e-01,2.019033133983612061e-01,7.583659887313842773e-02
-2.108677923679351807e-01,2.020988464355468750e-01,7.607787102460861206e-02
-2.108677923679351807e-01,2.020988464355468750e-01,7.607787102460861206e-02
-2.108662724494934082e-01,2.022949308156967163e-01,7.631910592317581177e-02
-2.108662724494934082e-01,2.022949308156967163e-01,7.631910592317581177e-02
-2.108649015426635742e-01,2.024915963411331177e-01,7.656031847000122070e-02
-2.108649015426635742e-01,2.024915963411331177e-01,7.656031847000122070e-02
-2.108636796474456787e-01,2.026888579130172729e-01,7.680148631334304810e-02
-2.108636796474456787e-01,2.026888579130172729e-01,7.680148631334304810e-02
-2.108625471591949463e-01,2.028867155313491821e-01,7.704261690378189087e-02
-2.108625471591949463e-01,2.028867155313491821e-01,7.704261690378189087e-02
-2.108615636825561523e-01,2.030851393938064575e-01,7.728369534015655518e-02
-2.108615636825561523e-01,2.030851393938064575e-01,7.728369534015655518e-02
-2.108606994152069092e-01,2.032842189073562622e-01,7.752472162246704102e-02
-2.108606994152069092e-01,2.032842189073562622e-01,7.752472162246704102e-02
-2.108599841594696045e-01,2.034838944673538208e-01,7.776568830013275146e-02
-2.108599841594696045e-01,2.034838944673538208e-01,7.776568830013275146e-02
-2.108593881130218506e-01,2.036841809749603271e-01,7.800660282373428345e-02
-2.108593881130218506e-01,2.036841809749603271e-01,7.800660282373428345e-02
-2.108589410781860352e-01,2.038850635290145874e-01,7.824743539094924927e-02
-2.108589410781860352e-01,2.038850635290145874e-01,7.824743539094924927e-02
-2.108586281538009644e-01,2.040866166353225708e-01,7.848820835351943970e-02
-2.108586281538009644e-01,2.040866166353225708e-01,7.848820835351943970e-02
-2.108584493398666382e-01,2.042887955904006958e-01,7.872890681028366089e-02
-2.108584493398666382e-01,2.042887955904006958e-01,7.872890681028366089e-02
-2.108584195375442505e-01,2.044916152954101562e-01,7.896950840950012207e-02
-2.108584195375442505e-01,2.044916152954101562e-01,7.896950840950012207e-02
-2.108585387468338013e-01,2.046951204538345337e-01,7.921003550291061401e-02
-2.108585387468338013e-01,2.046951204538345337e-01,7.921003550291061401e-02
-2.108587771654129028e-01,2.048992365598678589e-01,7.945046573877334595e-02
-2.108587771654129028e-01,2.048992365598678589e-01,7.945046573877334595e-02
-2.108592092990875244e-01,2.051040381193161011e-01,7.969079166650772095e-02
-2.108592092990875244e-01,2.051040381193161011e-01,7.969079166650772095e-02
-2.108597755432128906e-01,2.053095400333404541e-01,7.993102818727493286e-02
-2.108597755432128906e-01,2.053095400333404541e-01,7.993102818727493286e-02
-2.108604758977890015e-01,2.055156826972961426e-01,8.017114549875259399e-02
-2.108604758977890015e-01,2.055156826972961426e-01,8.017114549875259399e-02
-2.108613550662994385e-01,2.057225257158279419e-01,8.041117340326309204e-02
-2.108613550662994385e-01,2.057225257158279419e-01,8.041117340326309204e-02
-2.108623981475830078e-01,2.059300541877746582e-01,8.065106719732284546e-02
-2.108623981475830078e-01,2.059300541877746582e-01,8.065106719732284546e-02
-2.108635902404785156e-01,2.061382979154586792e-01,8.089084178209304810e-02
-2.108635902404785156e-01,2.061382979154586792e-01,8.089084178209304810e-02
-2.108649462461471558e-01,2.063472419977188110e-01,8.113048970699310303e-02
-2.108649462461471558e-01,2.063472419977188110e-01,8.113048970699310303e-02
-2.108664512634277344e-01,2.065569013357162476e-01,8.137001097202301025e-02
-2.108664512634277344e-01,2.065569013357162476e-01,8.137001097202301025e-02
-2.108681499958038330e-01,2.067672461271286011e-01,8.160939812660217285e-02
-2.108681499958038330e-01,2.067672461271286011e-01,8.160939812660217285e-02
-2.108699977397918701e-01,2.069783359766006470e-01,8.184862881898880005e-02
-2.108699977397918701e-01,2.069783359766006470e-01,8.184862881898880005e-02
-2.108720242977142334e-01,2.071901708841323853e-01,8.208772540092468262e-02
-2.108720242977142334e-01,2.071901708841323853e-01,8.208772540092468262e-02
-2.108742445707321167e-01,2.074027359485626221e-01,8.232666552066802979e-02
-2.108742445707321167e-01,2.074027359485626221e-01,8.232666552066802979e-02
-2.108766138553619385e-01,2.076160460710525513e-01,8.256545662879943848e-02
-2.108766138553619385e-01,2.076160460710525513e-01,8.256545662879943848e-02
-2.108791619539260864e-01,2.078301161527633667e-01,8.280407637357711792e-02
-2.108791619539260864e-01,2.078301161527633667e-01,8.280407637357711792e-02
-2.108819186687469482e-01,2.080449312925338745e-01,8.304254710674285889e-02
-2.108819186687469482e-01,2.080449312925338745e-01,8.304254710674285889e-02
-2.108848243951797485e-01,2.082605212926864624e-01,8.328083902597427368e-02
-2.108848243951797485e-01,2.082605212926864624e-01,8.328083902597427368e-02
-2.108879089355468750e-01,2.084768861532211304e-01,8.351895958185195923e-02
-2.108879089355468750e-01,2.084768861532211304e-01,8.351895958185195923e-02
-2.108912020921707153e-01,2.086940109729766846e-01,8.375688642263412476e-02
-2.108912020921707153e-01,2.086940109729766846e-01,8.375688642263412476e-02
-2.108946889638900757e-01,2.089119553565979004e-01,8.399464190006256104e-02
-2.108946889638900757e-01,2.089119553565979004e-01,8.399464190006256104e-02
-2.108983546495437622e-01,2.091306596994400024e-01,8.423218876123428345e-02
-2.108983546495437622e-01,2.091306596994400024e-01,8.423218876123428345e-02
-2.109022140502929688e-01,2.093501687049865723e-01,8.446955680847167969e-02
-2.109022140502929688e-01,2.093501687049865723e-01,8.446955680847167969e-02
-2.109062820672988892e-01,2.095704972743988037e-01,8.470672369003295898e-02
-2.109062820672988892e-01,2.095704972743988037e-01,8.470672369003295898e-02
-2.109105288982391357e-01,2.097916305065155029e-01,8.494368195533752441e-02
-2.109105288982391357e-01,2.097916305065155029e-01,8.494368195533752441e-02
-2.109149843454360962e-01,2.100135684013366699e-01,8.518043160438537598e-02
-2.109149843454360962e-01,2.100135684013366699e-01,8.518043160438537598e-02
-2.109196335077285767e-01,2.102363258600234985e-01,8.541696518659591675e-02
-2.109196335077285767e-01,2.102363258600234985e-01,8.541696518659591675e-02
-2.109244912862777710e-01,2.104599475860595703e-01,8.565327525138854980e-02
-2.109244912862777710e-01,2.104599475860595703e-01,8.565327525138854980e-02
-2.109295427799224854e-01,2.106844037771224976e-01,8.588936924934387207e-02
-2.109295427799224854e-01,2.106844037771224976e-01,8.588936924934387207e-02
-2.109348326921463013e-01,2.109096944332122803e-01,8.612522482872009277e-02
-2.109348326921463013e-01,2.109096944332122803e-01,8.612522482872009277e-02
-2.109403163194656372e-01,2.111358344554901123e-01,8.636086434125900269e-02
-2.109403163194656372e-01,2.111358344554901123e-01,8.636086434125900269e-02
-2.109459936618804932e-01,2.113628089427947998e-01,8.659624308347702026e-02
-2.109459936618804932e-01,2.113628089427947998e-01,8.659624308347702026e-02
-2.109519094228744507e-01,2.115906924009323120e-01,8.683138340711593628e-02
-2.109519094228744507e-01,2.115906924009323120e-01,8.683138340711593628e-02
-2.109580487012863159e-01,2.118194401264190674e-01,8.706628531217575073e-02
-2.109580487012863159e-01,2.118194401264190674e-01,8.706628531217575073e-02
-2.109643816947937012e-01,2.120490521192550659e-01,8.730091899633407593e-02
-2.109643816947937012e-01,2.120490521192550659e-01,8.730091899633407593e-02
-2.109709233045578003e-01,2.122795283794403076e-01,8.753529191017150879e-02
-2.109709233045578003e-01,2.122795283794403076e-01,8.753529191017150879e-02
-2.109777480363845825e-01,2.125109583139419556e-01,8.776941150426864624e-02
-2.109777480363845825e-01,2.125109583139419556e-01,8.776941150426864624e-02
-2.109847664833068848e-01,2.127432376146316528e-01,8.800324797630310059e-02
-2.109847664833068848e-01,2.127432376146316528e-01,8.800324797630310059e-02
-2.109920084476470947e-01,2.129764258861541748e-01,8.823681622743606567e-02
-2.109920084476470947e-01,2.129764258861541748e-01,8.823681622743606567e-02
-2.109994739294052124e-01,2.132105231285095215e-01,8.847012370824813843e-02
-2.109994739294052124e-01,2.132105231285095215e-01,8.847012370824813843e-02
-2.110071629285812378e-01,2.134455591440200806e-01,8.870312571525573730e-02
-2.110071629285812378e-01,2.134455591440200806e-01,8.870312571525573730e-02
-2.110151052474975586e-01,2.136815190315246582e-01,8.893584460020065308e-02
-2.110151052474975586e-01,2.136815190315246582e-01,8.893584460020065308e-02
-2.110233008861541748e-01,2.139184027910232544e-01,8.916828036308288574e-02
-2.110233008861541748e-01,2.139184027910232544e-01,8.916828036308288574e-02
-2.110316902399063110e-01,2.141562253236770630e-01,8.940040320158004761e-02
-2.110316902399063110e-01,2.141562253236770630e-01,8.940040320158004761e-02
-2.110403627157211304e-01,2.143949717283248901e-01,8.963223546743392944e-02
-2.110403627157211304e-01,2.143949717283248901e-01,8.963223546743392944e-02
-2.110492587089538574e-01,2.146347016096115112e-01,8.986374735832214355e-02
-2.110492587089538574e-01,2.146347016096115112e-01,8.986374735832214355e-02
-2.110583931207656860e-01,2.148753851652145386e-01,9.009495377540588379e-02
-2.110583931207656860e-01,2.148753851652145386e-01,9.009495377540588379e-02
-2.110677808523178101e-01,2.151170074939727783e-01,9.032584726810455322e-02
-2.110677808523178101e-01,2.151170074939727783e-01,9.032584726810455322e-02
-2.110774070024490356e-01,2.153596431016921997e-01,9.055641293525695801e-02
-2.110774070024490356e-01,2.153596431016921997e-01,9.055641293525695801e-02
-2.110873162746429443e-01,2.156032323837280273e-01,9.078663587570190430e-02
-2.110873162746429443e-01,2.156032323837280273e-01,9.078663587570190430e-02
-2.110974490642547607e-01,2.158477902412414551e-01,9.101653844118118286e-02
-2.110974490642547607e-01,2.158477902412414551e-01,9.101653844118118286e-02
-2.111078500747680664e-01,2.160933613777160645e-01,9.124610573053359985e-02
-2.111078500747680664e-01,2.160933613777160645e-01,9.124610573053359985e-02
-2.111185044050216675e-01,2.163399308919906616e-01,9.147533029317855835e-02
-2.111185044050216675e-01,2.163399308919906616e-01,9.147533029317855835e-02
-2.111294269561767578e-01,2.165875136852264404e-01,9.170420467853546143e-02
-2.111294269561767578e-01,2.165875136852264404e-01,9.170420467853546143e-02
-2.111406177282333374e-01,2.168360799551010132e-01,9.193272888660430908e-02
-2.111406177282333374e-01,2.168360799551010132e-01,9.193272888660430908e-02
-2.111520618200302124e-01,2.170856893062591553e-01,9.216088801622390747e-02
-2.111520618200302124e-01,2.170856893062591553e-01,9.216088801622390747e-02
-2.111637741327285767e-01,2.173362970352172852e-01,9.238869696855545044e-02
-2.111637741327285767e-01,2.173362970352172852e-01,9.238869696855545044e-02
-2.111757248640060425e-01,2.175879627466201782e-01,9.261612594127655029e-02
-2.111757248640060425e-01,2.175879627466201782e-01,9.261612594127655029e-02
-2.111879736185073853e-01,2.178406715393066406e-01,9.284318983554840088e-02
-2.111879736185073853e-01,2.178406715393066406e-01,9.284318983554840088e-02
-2.112005203962326050e-01,2.180943787097930908e-01,9.306988120079040527e-02
-2.112005203962326050e-01,2.180943787097930908e-01,9.306988120079040527e-02
-2.112132906913757324e-01,2.183491885662078857e-01,9.329618513584136963e-02
-2.112132906913757324e-01,2.183491885662078857e-01,9.329618513584136963e-02
-2.112263888120651245e-01,2.186050266027450562e-01,9.352210164070129395e-02
-2.112263888120651245e-01,2.186050266027450562e-01,9.352210164070129395e-02
-2.112397402524948120e-01,2.188619524240493774e-01,9.374761581420898438e-02
-2.112397402524948120e-01,2.188619524240493774e-01,9.374761581420898438e-02
-2.112533748149871826e-01,2.191199064254760742e-01,9.397275000810623169e-02
-2.112533748149871826e-01,2.191199064254760742e-01,9.397275000810623169e-02
-2.112672924995422363e-01,2.193789929151535034e-01,9.419746696949005127e-02
-2.112672924995422363e-01,2.193789929151535034e-01,9.419746696949005127e-02
-2.112814933061599731e-01,2.196391224861145020e-01,9.442178905010223389e-02
-2.112814933061599731e-01,2.196391224861145020e-01,9.442178905010223389e-02
-2.112959772348403931e-01,2.199003845453262329e-01,9.464569389820098877e-02
-2.112959772348403931e-01,2.199003845453262329e-01,9.464569389820098877e-02
-2.113107740879058838e-01,2.201627194881439209e-01,9.486919641494750977e-02
-2.113107740879058838e-01,2.201627194881439209e-01,9.486919641494750977e-02
-2.113258540630340576e-01,2.204261422157287598e-01,9.509225934743881226e-02
-2.113258540630340576e-01,2.204261422157287598e-01,9.509225934743881226e-02
-2.113412469625473022e-01,2.206907123327255249e-01,9.531490504741668701e-02
-2.113412469625473022e-01,2.206907123327255249e-01,9.531490504741668701e-02
-2.113568782806396484e-01,2.209563702344894409e-01,9.553711116313934326e-02
-2.113568782806396484e-01,2.209563702344894409e-01,9.553711116313934326e-02
-2.113728523254394531e-01,2.212231755256652832e-01,9.575889259576797485e-02
-2.113728523254394531e-01,2.212231755256652832e-01,9.575889259576797485e-02
-2.113891243934631348e-01,2.214911133050918579e-01,9.598022699356079102e-02
-2.113891243934631348e-01,2.214911133050918579e-01,9.598022699356079102e-02
-2.114056795835494995e-01,2.217601686716079712e-01,9.620111435651779175e-02
-2.114056795835494995e-01,2.217601686716079712e-01,9.620111435651779175e-02
-2.114225625991821289e-01,2.220303565263748169e-01,9.642156213521957397e-02
-2.114225625991821289e-01,2.220303565263748169e-01,9.642156213521957397e-02
-2.114397585391998291e-01,2.223017215728759766e-01,9.664153307676315308e-02
-2.114397585391998291e-01,2.223017215728759766e-01,9.664153307676315308e-02
-2.114572525024414062e-01,2.225742340087890625e-01,9.686105698347091675e-02
-2.114572525024414062e-01,2.225742340087890625e-01,9.686105698347091675e-02
-2.114750444889068604e-01,2.228479236364364624e-01,9.708011895418167114e-02
-2.114750444889068604e-01,2.228479236364364624e-01,9.708011895418167114e-02
-2.114931643009185791e-01,2.231227606534957886e-01,9.729870408773422241e-02
-2.114931643009185791e-01,2.231227606534957886e-01,9.729870408773422241e-02
-2.115116268396377563e-01,2.233988195657730103e-01,9.751681238412857056e-02
-2.115116268396377563e-01,2.233988195657730103e-01,9.751681238412857056e-02
-2.115303575992584229e-01,2.236760109663009644e-01,9.773443639278411865e-02
-2.115303575992584229e-01,2.236760109663009644e-01,9.773443639278411865e-02
-2.115494459867477417e-01,2.239544391632080078e-01,9.795157611370086670e-02
-2.115494459867477417e-01,2.239544391632080078e-01,9.795157611370086670e-02
-2.115688472986221313e-01,2.242340296506881714e-01,9.816823154687881470e-02
-2.115688472986221313e-01,2.242340296506881714e-01,9.816823154687881470e-02
-2.115885764360427856e-01,2.245148569345474243e-01,9.838440269231796265e-02
-2.115885764360427856e-01,2.245148569345474243e-01,9.838440269231796265e-02
-2.116086333990097046e-01,2.247968465089797974e-01,9.860005974769592285e-02
-2.116086333990097046e-01,2.247968465089797974e-01,9.860005974769592285e-02
-2.116289883852005005e-01,2.250801026821136475e-01,9.881520271301269531e-02
-2.116289883852005005e-01,2.250801026821136475e-01,9.881520271301269531e-02
-2.116497308015823364e-01,2.253645509481430054e-01,9.902984648942947388e-02
-2.116497308015823364e-01,2.253645509481430054e-01,9.902984648942947388e-02
-2.116707563400268555e-01,2.256502509117126465e-01,9.924399107694625854e-02
-2.116707563400268555e-01,2.256502509117126465e-01,9.924399107694625854e-02
-2.116921395063400269e-01,2.259371876716613770e-01,9.945759922266006470e-02
-2.116921395063400269e-01,2.259371876716613770e-01,9.945759922266006470e-02
-2.117138803005218506e-01,2.262253612279891968e-01,9.967067837715148926e-02
-2.117138803005218506e-01,2.262253612279891968e-01,9.967067837715148926e-02
-2.117359191179275513e-01,2.265148013830184937e-01,9.988323599100112915e-02
-2.117359191179275513e-01,2.265148013830184937e-01,9.988323599100112915e-02
-2.117583304643630981e-01,2.268054783344268799e-01,1.000952422618865967e-01
-2.117583304643630981e-01,2.268054783344268799e-01,1.000952422618865967e-01
-2.117810696363449097e-01,2.270974218845367432e-01,1.003067344427108765e-01
-2.117810696363449097e-01,2.270974218845367432e-01,1.003067344427108765e-01
-2.118041515350341797e-01,2.273906320333480835e-01,1.005176678299903870e-01
-2.118041515350341797e-01,2.273906320333480835e-01,1.005176678299903870e-01
-2.118276059627532959e-01,2.276851385831832886e-01,1.007280647754669189e-01
-2.118276059627532959e-01,2.276851385831832886e-01,1.007280647754669189e-01
-2.118513882160186768e-01,2.279809266328811646e-01,1.009378954768180847e-01
-2.118513882160186768e-01,2.279809266328811646e-01,1.009378954768180847e-01
-2.118755280971527100e-01,2.282779812812805176e-01,1.011471673846244812e-01
-2.118755280971527100e-01,2.282779812812805176e-01,1.011471673846244812e-01
-2.119000405073165894e-01,2.285763621330261230e-01,1.013558730483055115e-01
-2.119000405073165894e-01,2.285763621330261230e-01,1.013558730483055115e-01
-2.119248956441879272e-01,2.288760244846343994e-01,1.015640124678611755e-01
-2.119248956441879272e-01,2.288760244846343994e-01,1.015640124678611755e-01
-2.119501233100891113e-01,2.291770130395889282e-01,1.017715856432914734e-01
-2.119501233100891113e-01,2.291770130395889282e-01,1.017715856432914734e-01
-2.119756788015365601e-01,2.294793128967285156e-01,1.019785702228546143e-01
-2.119756788015365601e-01,2.294793128967285156e-01,1.019785702228546143e-01
-2.120016366243362427e-01,2.297829389572143555e-01,1.021849960088729858e-01
-2.120016366243362427e-01,2.297829389572143555e-01,1.021849960088729858e-01
-2.120279371738433838e-01,2.300878763198852539e-01,1.023907959461212158e-01
-2.120279371738433838e-01,2.300878763198852539e-01,1.023907959461212158e-01
-2.120546102523803711e-01,2.303941845893859863e-01,1.025960221886634827e-01
-2.120546102523803711e-01,2.303941845893859863e-01,1.025960221886634827e-01
-2.120816856622695923e-01,2.307018190622329712e-01,1.028006523847579956e-01
-2.120816856622695923e-01,2.307018190622329712e-01,1.028006523847579956e-01
-2.121090739965438843e-01,2.310108095407485962e-01,1.030046567320823669e-01
-2.121090739965438843e-01,2.310108095407485962e-01,1.030046567320823669e-01
-2.121368795633316040e-01,2.313211411237716675e-01,1.032080799341201782e-01
-2.121368795633316040e-01,2.313211411237716675e-01,1.032080799341201782e-01
-2.121650576591491699e-01,2.316328436136245728e-01,1.034108698368072510e-01
-2.121650576591491699e-01,2.316328436136245728e-01,1.034108698368072510e-01
-2.121936082839965820e-01,2.319459617137908936e-01,1.036130487918853760e-01
-2.121936082839965820e-01,2.319459617137908936e-01,1.036130487918853760e-01
-2.122225314378738403e-01,2.322604060173034668e-01,1.038146242499351501e-01
-2.122225314378738403e-01,2.322604060173034668e-01,1.038146242499351501e-01
-2.122518420219421387e-01,2.325762361288070679e-01,1.040155515074729919e-01
-2.122518420219421387e-01,2.325762361288070679e-01,1.040155515074729919e-01
-2.122815400362014771e-01,2.328934520483016968e-01,1.042158454656600952e-01
-2.122815400362014771e-01,2.328934520483016968e-01,1.042158454656600952e-01
-2.123116403818130493e-01,2.332121133804321289e-01,1.044154986739158630e-01
-2.123116403818130493e-01,2.332121133804321289e-01,1.044154986739158630e-01
-2.123421281576156616e-01,2.335321307182312012e-01,1.046145185828208923e-01
-2.123421281576156616e-01,2.335321307182312012e-01,1.046145185828208923e-01
-2.123729884624481201e-01,2.338535785675048828e-01,1.048128902912139893e-01
-2.123729884624481201e-01,2.338535785675048828e-01,1.048128902912139893e-01
-2.124042510986328125e-01,2.341764420270919800e-01,1.050106137990951538e-01
-2.124042510986328125e-01,2.341764420270919800e-01,1.050106137990951538e-01
-2.124359011650085449e-01,2.345007359981536865e-01,1.052076667547225952e-01
-2.124359011650085449e-01,2.345007359981536865e-01,1.052076667547225952e-01
-2.124679833650588989e-01,2.348264455795288086e-01,1.054040640592575073e-01
-2.124679833650588989e-01,2.348264455795288086e-01,1.054040640592575073e-01
-2.125004380941390991e-01,2.351535856723785400e-01,1.055997982621192932e-01
-2.125004380941390991e-01,2.351535856723785400e-01,1.055997982621192932e-01
-2.125332951545715332e-01,2.354821711778640747e-01,1.057948619127273560e-01
-2.125332951545715332e-01,2.354821711778640747e-01,1.057948619127273560e-01
-2.125665545463562012e-01,2.358122467994689941e-01,1.059892475605010986e-01
-2.125665545463562012e-01,2.358122467994689941e-01,1.059892475605010986e-01
-2.126002460718154907e-01,2.361437380313873291e-01,1.061829328536987305e-01
-2.126002460718154907e-01,2.361437380313873291e-01,1.061829328536987305e-01
-2.126343101263046265e-01,2.364767193794250488e-01,1.063759475946426392e-01
-2.126343101263046265e-01,2.364767193794250488e-01,1.063759475946426392e-01
-2.126688212156295776e-01,2.368111461400985718e-01,1.065682694315910339e-01
-2.126688212156295776e-01,2.368111461400985718e-01,1.065682694315910339e-01
-2.127037048339843750e-01,2.371470779180526733e-01,1.067598909139633179e-01
-2.127037048339843750e-01,2.371470779180526733e-01,1.067598909139633179e-01
-2.127390354871749878e-01,2.374844849109649658e-01,1.069508194923400879e-01
-2.127390354871749878e-01,2.374844849109649658e-01,1.069508194923400879e-01
-2.127747833728790283e-01,2.378233671188354492e-01,1.071410328149795532e-01
-2.127747833728790283e-01,2.378233671188354492e-01,1.071410328149795532e-01
-2.128109484910964966e-01,2.381637543439865112e-01,1.073305308818817139e-01
-2.128109484910964966e-01,2.381637543439865112e-01,1.073305308818817139e-01
-2.128475308418273926e-01,2.385056316852569580e-01,1.075193062424659729e-01
-2.128475308418273926e-01,2.385056316852569580e-01,1.075193062424659729e-01
-2.128845304250717163e-01,2.388490438461303711e-01,1.077073886990547180e-01
-2.128845304250717163e-01,2.388490438461303711e-01,1.077073886990547180e-01
-2.129219919443130493e-01,2.391939461231231689e-01,1.078947186470031738e-01
-2.129219919443130493e-01,2.391939461231231689e-01,1.078947186470031738e-01
-2.129598557949066162e-01,2.395404130220413208e-01,1.080813258886337280e-01
-2.129598557949066162e-01,2.395404130220413208e-01,1.080813258886337280e-01
-2.129981219768524170e-01,2.398883551359176636e-01,1.082672029733657837e-01
-2.129981219768524170e-01,2.398883551359176636e-01,1.082672029733657837e-01
-2.130368649959564209e-01,2.402378916740417480e-01,1.084523424506187439e-01
-2.130368649959564209e-01,2.402378916740417480e-01,1.084523424506187439e-01
-2.130760401487350464e-01,2.405889481306076050e-01,1.086367294192314148e-01
-2.130760401487350464e-01,2.405889481306076050e-01,1.086367294192314148e-01
-2.131156474351882935e-01,2.409415394067764282e-01,1.088203489780426025e-01
-2.131156474351882935e-01,2.409415394067764282e-01,1.088203489780426025e-01
-2.131556719541549683e-01,2.412957251071929932e-01,1.090032383799552917e-01
-2.131556719541549683e-01,2.412957251071929932e-01,1.090032383799552917e-01
-2.131961584091186523e-01,2.416514307260513306e-01,1.091853529214859009e-01
-2.131961584091186523e-01,2.416514307260513306e-01,1.091853529214859009e-01
-2.132370918989181519e-01,2.420087307691574097e-01,1.093667000532150269e-01
-2.132370918989181519e-01,2.420087307691574097e-01,1.093667000532150269e-01
-2.132784724235534668e-01,2.423675656318664551e-01,1.095472872257232666e-01
-2.132784724235534668e-01,2.423675656318664551e-01,1.095472872257232666e-01
-2.133202850818634033e-01,2.427280396223068237e-01,1.097270920872688293e-01
-2.133202850818634033e-01,2.427280396223068237e-01,1.097270920872688293e-01
-2.133625447750091553e-01,2.430900931358337402e-01,1.099061220884323120e-01
-2.133625447750091553e-01,2.430900931358337402e-01,1.099061220884323120e-01
-2.134052813053131104e-01,2.434537261724472046e-01,1.100843623280525208e-01
-2.134052813053131104e-01,2.434537261724472046e-01,1.100843623280525208e-01
-2.134484797716140747e-01,2.438189834356307983e-01,1.102618128061294556e-01
-2.134484797716140747e-01,2.438189834356307983e-01,1.102618128061294556e-01
-2.134920954704284668e-01,2.441858202219009399e-01,1.104384660720825195e-01
-2.134920954704284668e-01,2.441858202219009399e-01,1.104384660720825195e-01
-2.135361880064010620e-01,2.445542961359024048e-01,1.106143295764923096e-01
-2.135361880064010620e-01,2.445542961359024048e-01,1.106143295764923096e-01
-2.135807573795318604e-01,2.449244111776351929e-01,1.107893735170364380e-01
-2.135807573795318604e-01,2.449244111776351929e-01,1.107893735170364380e-01
-2.136257737874984741e-01,2.452961206436157227e-01,1.109636053442955017e-01
-2.136257737874984741e-01,2.452961206436157227e-01,1.109636053442955017e-01
-2.136712372303009033e-01,2.456694841384887695e-01,1.111370325088500977e-01
-2.136712372303009033e-01,2.456694841384887695e-01,1.111370325088500977e-01
-2.137171924114227295e-01,2.460444867610931396e-01,1.113096401095390320e-01
-2.137171924114227295e-01,2.460444867610931396e-01,1.113096401095390320e-01
-2.137636095285415649e-01,2.464211583137512207e-01,1.114814281463623047e-01
-2.137636095285415649e-01,2.464211583137512207e-01,1.114814281463623047e-01
-2.138105332851409912e-01,2.467994838953018188e-01,1.116523742675781250e-01
-2.138105332851409912e-01,2.467994838953018188e-01,1.116523742675781250e-01
-2.138578891754150391e-01,2.471794486045837402e-01,1.118224933743476868e-01
-2.138578891754150391e-01,2.471794486045837402e-01,1.118224933743476868e-01
-2.139057219028472900e-01,2.475611120462417603e-01,1.119917705655097961e-01
-2.139057219028472900e-01,2.475611120462417603e-01,1.119917705655097961e-01
-2.139540612697601318e-01,2.479444146156311035e-01,1.121602058410644531e-01
-2.139540612697601318e-01,2.479444146156311035e-01,1.121602058410644531e-01
-2.140028476715087891e-01,2.483294159173965454e-01,1.123277842998504639e-01
-2.140028476715087891e-01,2.483294159173965454e-01,1.123277842998504639e-01
-2.140521556138992310e-01,2.487161010503768921e-01,1.124945133924484253e-01
-2.140521556138992310e-01,2.487161010503768921e-01,1.124945133924484253e-01
-2.141019105911254883e-01,2.491045147180557251e-01,1.126603931188583374e-01
-2.141019105911254883e-01,2.491045147180557251e-01,1.126603931188583374e-01
-2.141521871089935303e-01,2.494945973157882690e-01,1.128253936767578125e-01
-2.141521871089935303e-01,2.494945973157882690e-01,1.128253936767578125e-01
-2.142029553651809692e-01,2.498864084482192993e-01,1.129895448684692383e-01
-2.142029553651809692e-01,2.498864084482192993e-01,1.129895448684692383e-01
-2.142541706562042236e-01,2.502799332141876221e-01,1.131528094410896301e-01
-2.142541706562042236e-01,2.502799332141876221e-01,1.131528094410896301e-01
-2.143058925867080688e-01,2.506751716136932373e-01,1.133151873946189880e-01
-2.143058925867080688e-01,2.506751716136932373e-01,1.133151873946189880e-01
-2.143581360578536987e-01,2.510721981525421143e-01,1.134766936302185059e-01
-2.143581360578536987e-01,2.510721981525421143e-01,1.134766936302185059e-01
-2.144108563661575317e-01,2.514708936214447021e-01,1.136373132467269897e-01
-2.144108563661575317e-01,2.514708936214447021e-01,1.136373132467269897e-01
-2.144640982151031494e-01,2.518713474273681641e-01,1.137970238924026489e-01
-2.144640982151031494e-01,2.518713474273681641e-01,1.137970238924026489e-01
-2.145178169012069702e-01,2.522735297679901123e-01,1.139558479189872742e-01
-2.145178169012069702e-01,2.522735297679901123e-01,1.139558479189872742e-01
-2.145720720291137695e-01,2.526775002479553223e-01,1.141137629747390747e-01
-2.145720720291137695e-01,2.526775002479553223e-01,1.141137629747390747e-01
-2.146268039941787720e-01,2.530832290649414062e-01,1.142707616090774536e-01
-2.146268039941787720e-01,2.530832290649414062e-01,1.142707616090774536e-01
-2.146820425987243652e-01,2.534907162189483643e-01,1.144268661737442017e-01
-2.146820425987243652e-01,2.534907162189483643e-01,1.144268661737442017e-01
-2.147378027439117432e-01,2.538999915122985840e-01,1.145820394158363342e-01
-2.147378027439117432e-01,2.538999915122985840e-01,1.145820394158363342e-01
-2.147940993309020996e-01,2.543110549449920654e-01,1.147363185882568359e-01
-2.147940993309020996e-01,2.543110549449920654e-01,1.147363185882568359e-01
-2.148508727550506592e-01,2.547238767147064209e-01,1.148896291851997375e-01
-2.148508727550506592e-01,2.547238767147064209e-01,1.148896291851997375e-01
-2.149081975221633911e-01,2.551385462284088135e-01,1.150420233607292175e-01
-2.149081975221633911e-01,2.551385462284088135e-01,1.150420233607292175e-01
-2.149659991264343262e-01,2.555549740791320801e-01,1.151934787631034851e-01
-2.149659991264343262e-01,2.555549740791320801e-01,1.151934787631034851e-01
-2.150243520736694336e-01,2.559732496738433838e-01,1.153440102934837341e-01
-2.150243520736694336e-01,2.559732496738433838e-01,1.153440102934837341e-01
-2.150832563638687134e-01,2.563933134078979492e-01,1.154935657978057861e-01
-2.150832563638687134e-01,2.563933134078979492e-01,1.154935657978057861e-01
-2.151426374912261963e-01,2.568151950836181641e-01,1.156421825289726257e-01
-2.151426374912261963e-01,2.568151950836181641e-01,1.156421825289726257e-01
-2.152025699615478516e-01,2.572389245033264160e-01,1.157898455858230591e-01
-2.152025699615478516e-01,2.572389245033264160e-01,1.157898455858230591e-01
-2.152629941701889038e-01,2.576645016670227051e-01,1.159365400671958923e-01
-2.152629941701889038e-01,2.576645016670227051e-01,1.159365400671958923e-01
-2.153240144252777100e-01,2.580918967723846436e-01,1.160822585225105286e-01
-2.153240144252777100e-01,2.580918967723846436e-01,1.160822585225105286e-01
-2.153855264186859131e-01,2.585211396217346191e-01,1.162270158529281616e-01
-2.153855264186859131e-01,2.585211396217346191e-01,1.162270158529281616e-01
-2.154475748538970947e-01,2.589522302150726318e-01,1.163707971572875977e-01
-2.154475748538970947e-01,2.589522302150726318e-01,1.163707971572875977e-01
-2.155101746320724487e-01,2.593851983547210693e-01,1.165135949850082397e-01
-2.155101746320724487e-01,2.593851983547210693e-01,1.165135949850082397e-01
-2.155733406543731689e-01,2.598200440406799316e-01,1.166554093360900879e-01
-2.155733406543731689e-01,2.598200440406799316e-01,1.166554093360900879e-01
-2.156370282173156738e-01,2.602567672729492188e-01,1.167962178587913513e-01
-2.156370282173156738e-01,2.602567672729492188e-01,1.167962178587913513e-01
-2.157012522220611572e-01,2.606953978538513184e-01,1.169360429048538208e-01
-2.157012522220611572e-01,2.606953978538513184e-01,1.169360429048538208e-01
-2.157660126686096191e-01,2.611358463764190674e-01,1.170748621225357056e-01
-2.157660126686096191e-01,2.611358463764190674e-01,1.170748621225357056e-01
-2.158313691616058350e-01,2.615782618522644043e-01,1.172126755118370056e-01
-2.158313691616058350e-01,2.615782618522644043e-01,1.172126755118370056e-01
-2.158972322940826416e-01,2.620225250720977783e-01,1.173494756221771240e-01
-2.158972322940826416e-01,2.620225250720977783e-01,1.173494756221771240e-01
-2.159636765718460083e-01,2.624687254428863525e-01,1.174852699041366577e-01
-2.159636765718460083e-01,2.624687254428863525e-01,1.174852699041366577e-01
-2.160306572914123535e-01,2.629168629646301270e-01,1.176200285553932190e-01
-2.160306572914123535e-01,2.629168629646301270e-01,1.176200285553932190e-01
-2.160982191562652588e-01,2.633668780326843262e-01,1.177537664771080017e-01
-2.160982191562652588e-01,2.633668780326843262e-01,1.177537664771080017e-01
-2.161663174629211426e-01,2.638188898563385010e-01,1.178864613175392151e-01
-2.161663174629211426e-01,2.638188898563385010e-01,1.178864613175392151e-01
-2.162349969148635864e-01,2.642727494239807129e-01,1.180181354284286499e-01
-2.162349969148635864e-01,2.642727494239807129e-01,1.180181354284286499e-01
-2.163042277097702026e-01,2.647286057472229004e-01,1.181487739086151123e-01
-2.163042277097702026e-01,2.647286057472229004e-01,1.181487739086151123e-01
-2.163740396499633789e-01,2.651863992214202881e-01,1.182783544063568115e-01
-2.163740396499633789e-01,2.651863992214202881e-01,1.182783544063568115e-01
-2.164444178342819214e-01,2.656461596488952637e-01,1.184068843722343445e-01
-2.164444178342819214e-01,2.656461596488952637e-01,1.184068843722343445e-01
-2.165153622627258301e-01,2.661078572273254395e-01,1.185343563556671143e-01
-2.165153622627258301e-01,2.661078572273254395e-01,1.185343563556671143e-01
-2.165868729352951050e-01,2.665715515613555908e-01,1.186607703566551208e-01
-2.165868729352951050e-01,2.665715515613555908e-01,1.186607703566551208e-01
-2.166589945554733276e-01,2.670372128486633301e-01,1.187861338257789612e-01
-2.166589945554733276e-01,2.670372128486633301e-01,1.187861338257789612e-01
-2.167316526174545288e-01,2.675048708915710449e-01,1.189103946089744568e-01
-2.167316526174545288e-01,2.675048708915710449e-01,1.189103946089744568e-01
-2.168048918247222900e-01,2.679744660854339600e-01,1.190336123108863831e-01
-2.168048918247222900e-01,2.679744660854339600e-01,1.190336123108863831e-01
-2.168787568807601929e-01,2.684461176395416260e-01,1.191557422280311584e-01
-2.168787568807601929e-01,2.684461176395416260e-01,1.191557422280311584e-01
-2.169531732797622681e-01,2.689197659492492676e-01,1.192767769098281860e-01
-2.169531732797622681e-01,2.689197659492492676e-01,1.192767769098281860e-01
-2.170281708240509033e-01,2.693953812122344971e-01,1.193967238068580627e-01
-2.170281708240509033e-01,2.693953812122344971e-01,1.193967238068580627e-01
-2.171037644147872925e-01,2.698730528354644775e-01,1.195155829191207886e-01
-2.171037644147872925e-01,2.698730528354644775e-01,1.195155829191207886e-01
-2.171799689531326294e-01,2.703527212142944336e-01,1.196333244442939758e-01
-2.171799689531326294e-01,2.703527212142944336e-01,1.196333244442939758e-01
-2.172567397356033325e-01,2.708344161510467529e-01,1.197499781847000122e-01
-2.172567397356033325e-01,2.708344161510467529e-01,1.197499781847000122e-01
-2.173341363668441772e-01,2.713181674480438232e-01,1.198655143380165100e-01
-2.173341363668441772e-01,2.713181674480438232e-01,1.198655143380165100e-01
-2.174120992422103882e-01,2.718039751052856445e-01,1.199799403548240662e-01
-2.174120992422103882e-01,2.718039751052856445e-01,1.199799403548240662e-01
-2.174906581640243530e-01,2.722918093204498291e-01,1.200932413339614868e-01
-2.174906581640243530e-01,2.722918093204498291e-01,1.200932413339614868e-01
-2.175698429346084595e-01,2.727816700935363770e-01,1.202054098248481750e-01
-2.175698429346084595e-01,2.727816700935363770e-01,1.202054098248481750e-01
-2.176496088504791260e-01,2.732736468315124512e-01,1.203164756298065186e-01
-2.176496088504791260e-01,2.732736468315124512e-01,1.203164756298065186e-01
-2.177300155162811279e-01,2.737676799297332764e-01,1.204263865947723389e-01
-2.177300155162811279e-01,2.737676799297332764e-01,1.204263865947723389e-01
-2.178110182285308838e-01,2.742637693881988525e-01,1.205351725220680237e-01
-2.178110182285308838e-01,2.742637693881988525e-01,1.205351725220680237e-01
-2.178926169872283936e-01,2.747619450092315674e-01,1.206427812576293945e-01
-2.178926169872283936e-01,2.747619450092315674e-01,1.206427812576293945e-01
-2.179748117923736572e-01,2.752622067928314209e-01,1.207492798566818237e-01
-2.179748117923736572e-01,2.752622067928314209e-01,1.207492798566818237e-01
-2.180576473474502563e-01,2.757645845413208008e-01,1.208546012639999390e-01
-2.180576473474502563e-01,2.757645845413208008e-01,1.208546012639999390e-01
-2.181410938501358032e-01,2.762690782546997070e-01,1.209587827324867249e-01
-2.181410938501358032e-01,2.762690782546997070e-01,1.209587827324867249e-01
-2.182251662015914917e-01,2.767755985260009766e-01,1.210617795586585999e-01
-2.182251662015914917e-01,2.767755985260009766e-01,1.210617795586585999e-01
-2.183098495006561279e-01,2.772843241691589355e-01,1.211636215448379517e-01
-2.183098495006561279e-01,2.772843241691589355e-01,1.211636215448379517e-01
-2.183951735496520996e-01,2.777951359748840332e-01,1.212642863392829895e-01
-2.183951735496520996e-01,2.777951359748840332e-01,1.212642863392829895e-01
-2.184810936450958252e-01,2.783080935478210449e-01,1.213637739419937134e-01
-2.184810936450958252e-01,2.783080935478210449e-01,1.213637739419937134e-01
-2.185676544904708862e-01,2.788231372833251953e-01,1.214620694518089294e-01
-2.185676544904708862e-01,2.788231372833251953e-01,1.214620694518089294e-01
-2.186548709869384766e-01,2.793403863906860352e-01,1.215591877698898315e-01
-2.186548709869384766e-01,2.793403863906860352e-01,1.215591877698898315e-01
-2.187426984310150146e-01,2.798597216606140137e-01,1.216550990939140320e-01
-2.187426984310150146e-01,2.798597216606140137e-01,1.216550990939140320e-01
-2.188311666250228882e-01,2.803812623023986816e-01,1.217498257756233215e-01
-2.188311666250228882e-01,2.803812623023986816e-01,1.217498257756233215e-01
-2.189202606678009033e-01,2.809049487113952637e-01,1.218433454632759094e-01
-2.189202606678009033e-01,2.809049487113952637e-01,1.218433454632759094e-01
-2.190099954605102539e-01,2.814308106899261475e-01,1.219356358051300049e-01
-2.190099954605102539e-01,2.814308106899261475e-01,1.219356358051300049e-01
-2.191003710031509399e-01,2.819588780403137207e-01,1.220267489552497864e-01
-2.191003710031509399e-01,2.819588780403137207e-01,1.220267489552497864e-01
-2.191913872957229614e-01,2.824890613555908203e-01,1.221166253089904785e-01
-2.191913872957229614e-01,2.824890613555908203e-01,1.221166253089904785e-01
-2.192830592393875122e-01,2.830214798450469971e-01,1.222052797675132751e-01
-2.192830592393875122e-01,2.830214798450469971e-01,1.222052797675132751e-01
-2.193753868341445923e-01,2.835560739040374756e-01,1.222926974296569824e-01
-2.193753868341445923e-01,2.835560739040374756e-01,1.222926974296569824e-01
-2.194683253765106201e-01,2.840928733348846436e-01,1.223788931965827942e-01
-2.194683253765106201e-01,2.840928733348846436e-01,1.223788931965827942e-01
-2.195619493722915649e-01,2.846318781375885010e-01,1.224638521671295166e-01
-2.195619493722915649e-01,2.846318781375885010e-01,1.224638521671295166e-01
-2.196561992168426514e-01,2.851731181144714355e-01,1.225475668907165527e-01
-2.196561992168426514e-01,2.851731181144714355e-01,1.225475668907165527e-01
-2.197511345148086548e-01,2.857165932655334473e-01,1.226300448179244995e-01
-2.197511345148086548e-01,2.857165932655334473e-01,1.226300448179244995e-01
-2.198467254638671875e-01,2.862622439861297607e-01,1.227112561464309692e-01
-2.198467254638671875e-01,2.862622439861297607e-01,1.227112561464309692e-01
-2.199429869651794434e-01,2.868101596832275391e-01,1.227912008762359619e-01
-2.199429869651794434e-01,2.868101596832275391e-01,1.227912008762359619e-01
-2.200398743152618408e-01,2.873603403568267822e-01,1.228699088096618652e-01
-2.200398743152618408e-01,2.873603403568267822e-01,1.228699088096618652e-01
-2.201374471187591553e-01,2.879127264022827148e-01,1.229473277926445007e-01
-2.201374471187591553e-01,2.879127264022827148e-01,1.229473277926445007e-01
-2.202356904745101929e-01,2.884673476219177246e-01,1.230234801769256592e-01
-2.202356904745101929e-01,2.884673476219177246e-01,1.230234801769256592e-01
-2.203345894813537598e-01,2.890242934226989746e-01,1.230983659625053406e-01
-2.203345894813537598e-01,2.890242934226989746e-01,1.230983659625053406e-01
-2.204341441392898560e-01,2.895835041999816895e-01,1.231719553470611572e-01
-2.204341441392898560e-01,2.895835041999816895e-01,1.231719553470611572e-01
-2.205343991518020630e-01,2.901449799537658691e-01,1.232442706823348999e-01
-2.205343991518020630e-01,2.901449799537658691e-01,1.232442706823348999e-01
-2.206353396177291870e-01,2.907086908817291260e-01,1.233152747154235840e-01
-2.206353396177291870e-01,2.907086908817291260e-01,1.233152747154235840e-01
-2.207369506359100342e-01,2.912747561931610107e-01,1.233850121498107910e-01
-2.207369506359100342e-01,2.912747561931610107e-01,1.233850121498107910e-01
-2.208392173051834106e-01,2.918430864810943604e-01,1.234534233808517456e-01
-2.208392173051834106e-01,2.918430864810943604e-01,1.234534233808517456e-01
-2.209421694278717041e-01,2.924137115478515625e-01,1.235205307602882385e-01
-2.209421694278717041e-01,2.924137115478515625e-01,1.235205307602882385e-01
-2.210458368062973022e-01,2.929866909980773926e-01,1.235863342881202698e-01
-2.210458368062973022e-01,2.929866909980773926e-01,1.235863342881202698e-01
-2.211501598358154297e-01,2.935619056224822998e-01,1.236508190631866455e-01
-2.211501598358154297e-01,2.935619056224822998e-01,1.236508190631866455e-01
-2.212551981210708618e-01,2.941395044326782227e-01,1.237139850854873657e-01
-2.212551981210708618e-01,2.941395044326782227e-01,1.237139850854873657e-01
-2.213609069585800171e-01,2.947193980216979980e-01,1.237758174538612366e-01
-2.213609069585800171e-01,2.947193980216979980e-01,1.237758174538612366e-01
-2.214673161506652832e-01,2.953016757965087891e-01,1.238363310694694519e-01
-2.214673161506652832e-01,2.953016757965087891e-01,1.238363310694694519e-01
-2.215743958950042725e-01,2.958862483501434326e-01,1.238954961299896240e-01
-2.215743958950042725e-01,2.958862483501434326e-01,1.238954961299896240e-01
-2.216822057962417603e-01,2.964731752872467041e-01,1.239533349871635437e-01
-2.216822057962417603e-01,2.964731752872467041e-01,1.239533349871635437e-01
-2.217907011508941650e-01,2.970624566078186035e-01,1.240098103880882263e-01
-2.217907011508941650e-01,2.970624566078186035e-01,1.240098103880882263e-01
-2.218999117612838745e-01,2.976541221141815186e-01,1.240649372339248657e-01
-2.218999117612838745e-01,2.976541221141815186e-01,1.240649372339248657e-01
-2.220098078250885010e-01,2.982481718063354492e-01,1.241187080740928650e-01
-2.220098078250885010e-01,2.982481718063354492e-01,1.241187080740928650e-01
-2.221204191446304321e-01,2.988445460796356201e-01,1.241711303591728210e-01
-2.221204191446304321e-01,2.988445460796356201e-01,1.241711303591728210e-01
-2.222317308187484741e-01,2.994433343410491943e-01,1.242221668362617493e-01
-2.222317308187484741e-01,2.994433343410491943e-01,1.242221668362617493e-01
-2.223437428474426270e-01,3.000444769859313965e-01,1.242718547582626343e-01
-2.223437428474426270e-01,3.000444769859313965e-01,1.242718547582626343e-01
-2.224564701318740845e-01,3.006480336189270020e-01,1.243201568722724915e-01
-2.224564701318740845e-01,3.006480336189270020e-01,1.243201568722724915e-01
-2.225699275732040405e-01,3.012540042400360107e-01,1.243670880794525146e-01
-2.225699275732040405e-01,3.012540042400360107e-01,1.243670880794525146e-01
-2.226840853691101074e-01,3.018623590469360352e-01,1.244126185774803162e-01
-2.226840853691101074e-01,3.018623590469360352e-01,1.244126185774803162e-01
-2.227989882230758667e-01,3.024731576442718506e-01,1.244567781686782837e-01
-2.227989882230758667e-01,3.024731576442718506e-01,1.244567781686782837e-01
-2.229145765304565430e-01,3.030863702297210693e-01,1.244995221495628357e-01
-2.229145765304565430e-01,3.030863702297210693e-01,1.244995221495628357e-01
-2.230309247970581055e-01,3.037019968032836914e-01,1.245408877730369568e-01
-2.230309247970581055e-01,3.037019968032836914e-01,1.245408877730369568e-01
-2.231479734182357788e-01,3.043200671672821045e-01,1.245808377861976624e-01
-2.231479734182357788e-01,3.043200671672821045e-01,1.245808377861976624e-01
-2.232657521963119507e-01,3.049405813217163086e-01,1.246193647384643555e-01
-2.232657521963119507e-01,3.049405813217163086e-01,1.246193647384643555e-01
-2.233842462301254272e-01,3.055635392665863037e-01,1.246564984321594238e-01
-2.233842462301254272e-01,3.055635392665863037e-01,1.246564984321594238e-01
-2.235035300254821777e-01,3.061889708042144775e-01,1.246922016143798828e-01
-2.235035300254821777e-01,3.061889708042144775e-01,1.246922016143798828e-01
-2.236234992742538452e-01,3.068168759346008301e-01,1.247264817357063293e-01
-2.236234992742538452e-01,3.068168759346008301e-01,1.247264817357063293e-01
-2.237442284822463989e-01,3.074472248554229736e-01,1.247593238949775696e-01
-2.237442284822463989e-01,3.074472248554229736e-01,1.247593238949775696e-01
-2.238656729459762573e-01,3.080800175666809082e-01,1.247907429933547974e-01
-2.238656729459762573e-01,3.080800175666809082e-01,1.247907429933547974e-01
-2.239878475666046143e-01,3.087153434753417969e-01,1.248207241296768188e-01
-2.239878475666046143e-01,3.087153434753417969e-01,1.248207241296768188e-01
-2.241107821464538574e-01,3.093531131744384766e-01,1.248492524027824402e-01
-2.241107821464538574e-01,3.093531131744384766e-01,1.248492524027824402e-01
-2.242344617843627930e-01,3.099933862686157227e-01,1.248763427138328552e-01
-2.242344617843627930e-01,3.099933862686157227e-01,1.248763427138328552e-01
-2.243588715791702271e-01,3.106361925601959229e-01,1.249019652605056763e-01
-2.243588715791702271e-01,3.106361925601959229e-01,1.249019652605056763e-01
-2.244840562343597412e-01,3.112815022468566895e-01,1.249261349439620972e-01
-2.244840562343597412e-01,3.112815022468566895e-01,1.249261349439620972e-01
-2.246099859476089478e-01,3.119292855262756348e-01,1.249488443136215210e-01
-2.246099859476089478e-01,3.119292855262756348e-01,1.249488443136215210e-01
-2.247366458177566528e-01,3.125796020030975342e-01,1.249700784683227539e-01
-2.247366458177566528e-01,3.125796020030975342e-01,1.249700784683227539e-01
-2.248641103506088257e-01,3.132324814796447754e-01,1.249898448586463928e-01
-2.248641103506088257e-01,3.132324814796447754e-01,1.249898448586463928e-01
-2.249923050403594971e-01,3.138878941535949707e-01,1.250081360340118408e-01
-2.249923050403594971e-01,3.138878941535949707e-01,1.250081360340118408e-01
-2.251212447881698608e-01,3.145458102226257324e-01,1.250249296426773071e-01
-2.251212447881698608e-01,3.145458102226257324e-01,1.250249296426773071e-01
-2.252509444952011108e-01,3.152062892913818359e-01,1.250402480363845825e-01
-2.252509444952011108e-01,3.152062892913818359e-01,1.250402480363845825e-01
-2.253814339637756348e-01,3.158693611621856689e-01,1.250540614128112793e-01
-2.253814339637756348e-01,3.158693611621856689e-01,1.250540614128112793e-01
-2.255126684904098511e-01,3.165349364280700684e-01,1.250663846731185913e-01
-2.255126684904098511e-01,3.165349364280700684e-01,1.250663846731185913e-01
-2.256446778774261475e-01,3.172031044960021973e-01,1.250771880149841309e-01
-2.256446778774261475e-01,3.172031044960021973e-01,1.250771880149841309e-01
-2.257774621248245239e-01,3.178738653659820557e-01,1.250865161418914795e-01
-2.257774621248245239e-01,3.178738653659820557e-01,1.250865161418914795e-01
-2.259110361337661743e-01,3.185471594333648682e-01,1.250943094491958618e-01
-2.259110361337661743e-01,3.185471594333648682e-01,1.250943094491958618e-01
-2.260453552007675171e-01,3.192231059074401855e-01,1.251005828380584717e-01
-2.260453552007675171e-01,3.192231059074401855e-01,1.251005828380584717e-01
-2.261804789304733276e-01,3.199016153812408447e-01,1.251053363084793091e-01
-2.261804789304733276e-01,3.199016153812408447e-01,1.251053363084793091e-01
-2.263163626194000244e-01,3.205827176570892334e-01,1.251085698604583740e-01
-2.263163626194000244e-01,3.205827176570892334e-01,1.251085698604583740e-01
-2.264530062675476074e-01,3.212664425373077393e-01,1.251102685928344727e-01
-2.264530062675476074e-01,3.212664425373077393e-01,1.251102685928344727e-01
-2.265904843807220459e-01,3.219527602195739746e-01,1.251104176044464111e-01
-2.265904843807220459e-01,3.219527602195739746e-01,1.251104176044464111e-01
-2.267287075519561768e-01,3.226417303085327148e-01,1.251090317964553833e-01
-2.267287075519561768e-01,3.226417303085327148e-01,1.251090317964553833e-01
-2.268677353858947754e-01,3.233332931995391846e-01,1.251061111688613892e-01
-2.268677353858947754e-01,3.233332931995391846e-01,1.251061111688613892e-01
-2.270075380802154541e-01,3.240275084972381592e-01,1.251016259193420410e-01
-2.270075380802154541e-01,3.240275084972381592e-01,1.251016259193420410e-01
-2.271481454372406006e-01,3.247243762016296387e-01,1.250955909490585327e-01
-2.271481454372406006e-01,3.247243762016296387e-01,1.250955909490585327e-01
-2.272895574569702148e-01,3.254238665103912354e-01,1.250879764556884766e-01
-2.272895574569702148e-01,3.254238665103912354e-01,1.250879764556884766e-01
-2.274317443370819092e-01,3.261260390281677246e-01,1.250787973403930664e-01
-2.274317443370819092e-01,3.261260390281677246e-01,1.250787973403930664e-01
-2.275747507810592651e-01,3.268308639526367188e-01,1.250680536031723022e-01
-2.275747507810592651e-01,3.268308639526367188e-01,1.250680536031723022e-01
-2.277185320854187012e-01,3.275383412837982178e-01,1.250557303428649902e-01
-2.277185320854187012e-01,3.275383412837982178e-01,1.250557303428649902e-01
-2.278631478548049927e-01,3.282485008239746094e-01,1.250418275594711304e-01
-2.278631478548049927e-01,3.282485008239746094e-01,1.250418275594711304e-01
-2.280085384845733643e-01,3.289613723754882812e-01,1.250263452529907227e-01
-2.280085384845733643e-01,3.289613723754882812e-01,1.250263452529907227e-01
-2.281547635793685913e-01,3.296768963336944580e-01,1.250092685222625732e-01
-2.281547635793685913e-01,3.296768963336944580e-01,1.250092685222625732e-01
-2.283017635345458984e-01,3.303951323032379150e-01,1.249905899167060852e-01
-2.283017635345458984e-01,3.303951323032379150e-01,1.249905899167060852e-01
-2.284496128559112549e-01,3.311160504817962646e-01,1.249703019857406616e-01
-2.284496128559112549e-01,3.311160504817962646e-01,1.249703019857406616e-01
-2.285982519388198853e-01,3.318396508693695068e-01,1.249484196305274963e-01
-2.285982519388198853e-01,3.318396508693695068e-01,1.249484196305274963e-01
-2.287477105855941772e-01,3.325660228729248047e-01,1.249249130487442017e-01
-2.287477105855941772e-01,3.325660228729248047e-01,1.249249130487442017e-01
-2.288980185985565186e-01,3.332951068878173828e-01,1.248997971415519714e-01
-2.288980185985565186e-01,3.332951068878173828e-01,1.248997971415519714e-01
-2.290491163730621338e-01,3.340269029140472412e-01,1.248730719089508057e-01
-2.290491163730621338e-01,3.340269029140472412e-01,1.248730719089508057e-01
-2.292010486125946045e-01,3.347614407539367676e-01,1.248447075486183167e-01
-2.292010486125946045e-01,3.347614407539367676e-01,1.248447075486183167e-01
-2.293537855148315430e-01,3.354986906051635742e-01,1.248147189617156982e-01
-2.293537855148315430e-01,3.354986906051635742e-01,1.248147189617156982e-01
-2.295073568820953369e-01,3.362387418746948242e-01,1.247830837965011597e-01
-2.295073568820953369e-01,3.362387418746948242e-01,1.247830837965011597e-01
-2.296617776155471802e-01,3.369815051555633545e-01,1.247498095035552979e-01
-2.296617776155471802e-01,3.369815051555633545e-01,1.247498095035552979e-01
-2.298169881105422974e-01,3.377270102500915527e-01,1.247148960828781128e-01
-2.298169881105422974e-01,3.377270102500915527e-01,1.247148960828781128e-01
-2.299730777740478516e-01,3.384753465652465820e-01,1.246783360838890076e-01
-2.299730777740478516e-01,3.384753465652465820e-01,1.246783360838890076e-01
-2.301299721002578735e-01,3.392264246940612793e-01,1.246401146054267883e-01
-2.301299721002578735e-01,3.392264246940612793e-01,1.246401146054267883e-01
-2.302877157926559448e-01,3.399802744388580322e-01,1.246002316474914551e-01
-2.302877157926559448e-01,3.399802744388580322e-01,1.246002316474914551e-01
-2.304463088512420654e-01,3.407369256019592285e-01,1.245586797595024109e-01
-2.304463088512420654e-01,3.407369256019592285e-01,1.245586797595024109e-01
-2.306057214736938477e-01,3.414963781833648682e-01,1.245154663920402527e-01
-2.306057214736938477e-01,3.414963781833648682e-01,1.245154663920402527e-01
-2.307659983634948730e-01,3.422586321830749512e-01,1.244705691933631897e-01
-2.307659983634948730e-01,3.422586321830749512e-01,1.244705691933631897e-01
-2.309271097183227539e-01,3.430236876010894775e-01,1.244239956140518188e-01
-2.309271097183227539e-01,3.430236876010894775e-01,1.244239956140518188e-01
-2.310890853404998779e-01,3.437915444374084473e-01,1.243757307529449463e-01
-2.310890853404998779e-01,3.437915444374084473e-01,1.243757307529449463e-01
-2.312518954277038574e-01,3.445622026920318604e-01,1.243257895112037659e-01
-2.312518954277038574e-01,3.445622026920318604e-01,1.243257895112037659e-01
-2.314155250787734985e-01,3.453357219696044922e-01,1.242741346359252930e-01
-2.314155250787734985e-01,3.453357219696044922e-01,1.242741346359252930e-01
-2.315800487995147705e-01,3.461120724678039551e-01,1.242207884788513184e-01
-2.315800487995147705e-01,3.461120724678039551e-01,1.242207884788513184e-01
-2.317454516887664795e-01,3.468912839889526367e-01,1.241657435894012451e-01
-2.317454516887664795e-01,3.468912839889526367e-01,1.241657435894012451e-01
-2.319117039442062378e-01,3.476732969284057617e-01,1.241089850664138794e-01
-2.319117039442062378e-01,3.476732969284057617e-01,1.241089850664138794e-01
-2.320787906646728516e-01,3.484582006931304932e-01,1.240505203604698181e-01
-2.320787906646728516e-01,3.484582006931304932e-01,1.240505203604698181e-01
-2.322467267513275146e-01,3.492459356784820557e-01,1.239903122186660767e-01
-2.322467267513275146e-01,3.492459356784820557e-01,1.239903122186660767e-01
-2.324155718088150024e-01,3.500365614891052246e-01,1.239284053444862366e-01
-2.324155718088150024e-01,3.500365614891052246e-01,1.239284053444862366e-01
-2.325852662324905396e-01,3.508300483226776123e-01,1.238647550344467163e-01
-2.325852662324905396e-01,3.508300483226776123e-01,1.238647550344467163e-01
-2.327558547258377075e-01,3.516264259815216064e-01,1.237993687391281128e-01
-2.327558547258377075e-01,3.516264259815216064e-01,1.237993687391281128e-01
-2.329272776842117310e-01,3.524256646633148193e-01,1.237322390079498291e-01
-2.329272776842117310e-01,3.524256646633148193e-01,1.237322390079498291e-01
-2.330995798110961914e-01,3.532278537750244141e-01,1.236633881926536560e-01
-2.330995798110961914e-01,3.532278537750244141e-01,1.236633881926536560e-01
-2.332727611064910889e-01,3.540328741073608398e-01,1.235927715897560120e-01
-2.332727611064910889e-01,3.540328741073608398e-01,1.235927715897560120e-01
-2.334468364715576172e-01,3.548408448696136475e-01,1.235204041004180908e-01
-2.334468364715576172e-01,3.548408448696136475e-01,1.235204041004180908e-01
-2.336217761039733887e-01,3.556517362594604492e-01,1.234462782740592957e-01
-2.336217761039733887e-01,3.556517362594604492e-01,1.234462782740592957e-01
-2.337976247072219849e-01,3.564655184745788574e-01,1.233703717589378357e-01
-2.337976247072219849e-01,3.564655184745788574e-01,1.233703717589378357e-01
-2.339743226766586304e-01,3.572822511196136475e-01,1.232927218079566956e-01
-2.339743226766586304e-01,3.572822511196136475e-01,1.232927218079566956e-01
-2.341519594192504883e-01,3.581019043922424316e-01,1.232132986187934875e-01
-2.341519594192504883e-01,3.581019043922424316e-01,1.232132986187934875e-01
-2.343304455280303955e-01,3.589245080947875977e-01,1.231320872902870178e-01
-2.343304455280303955e-01,3.589245080947875977e-01,1.231320872902870178e-01
-2.345098108053207397e-01,3.597500622272491455e-01,1.230490729212760925e-01
-2.345098108053207397e-01,3.597500622272491455e-01,1.230490729212760925e-01
-2.346900850534439087e-01,3.605785369873046875e-01,1.229642927646636963e-01
-2.346900850534439087e-01,3.605785369873046875e-01,1.229642927646636963e-01
-2.348712831735610962e-01,3.614099919795989990e-01,1.228777170181274414e-01
-2.348712831735610962e-01,3.614099919795989990e-01,1.228777170181274414e-01
-2.350533306598663330e-01,3.622444272041320801e-01,1.227893382310867310e-01
-2.350533306598663330e-01,3.622444272041320801e-01,1.227893382310867310e-01
-2.352363318204879761e-01,3.630818426609039307e-01,1.226991564035415649e-01
-2.352363318204879761e-01,3.630818426609039307e-01,1.226991564035415649e-01
-2.354201972484588623e-01,3.639222085475921631e-01,1.226071864366531372e-01
-2.354201972484588623e-01,3.639222085475921631e-01,1.226071864366531372e-01
-2.356050014495849609e-01,3.647656142711639404e-01,1.225133687257766724e-01
-2.356050014495849609e-01,3.647656142711639404e-01,1.225133687257766724e-01
-2.357906848192214966e-01,3.656119704246520996e-01,1.224177554249763489e-01
-2.357906848192214966e-01,3.656119704246520996e-01,1.224177554249763489e-01
-2.359772473573684692e-01,3.664613068103790283e-01,1.223203092813491821e-01
-2.359772473573684692e-01,3.664613068103790283e-01,1.223203092813491821e-01
-2.361647635698318481e-01,3.673136830329895020e-01,1.222210451960563660e-01
-2.361647635698318481e-01,3.673136830329895020e-01,1.222210451960563660e-01
-2.363531738519668579e-01,3.681690692901611328e-01,1.221199333667755127e-01
-2.363531738519668579e-01,3.681690692901611328e-01,1.221199333667755127e-01
-2.365425378084182739e-01,3.690274953842163086e-01,1.220170035958290100e-01
-2.365425378084182739e-01,3.690274953842163086e-01,1.220170035958290100e-01
-2.367327809333801270e-01,3.698889017105102539e-01,1.219122260808944702e-01
-2.367327809333801270e-01,3.698889017105102539e-01,1.219122260808944702e-01
-2.369239479303359985e-01,3.707533776760101318e-01,1.218055784702301025e-01
-2.369239479303359985e-01,3.707533776760101318e-01,1.218055784702301025e-01
-2.371160537004470825e-01,3.716208636760711670e-01,1.216970980167388916e-01
-2.371160537004470825e-01,3.716208636760711670e-01,1.216970980167388916e-01
-2.373090833425521851e-01,3.724914193153381348e-01,1.215867623686790466e-01
-2.373090833425521851e-01,3.724914193153381348e-01,1.215867623686790466e-01
-2.375030368566513062e-01,3.733650743961334229e-01,1.214745640754699707e-01
-2.375030368566513062e-01,3.733650743961334229e-01,1.214745640754699707e-01
-2.376978993415832520e-01,3.742417097091674805e-01,1.213604882359504700e-01
-2.376978993415832520e-01,3.742417097091674805e-01,1.213604882359504700e-01
-2.378937005996704102e-01,3.751214444637298584e-01,1.212445497512817383e-01
-2.378937005996704102e-01,3.751214444637298584e-01,1.212445497512817383e-01
-2.380904406309127808e-01,3.760042786598205566e-01,1.211267411708831787e-01
-2.380904406309127808e-01,3.760042786598205566e-01,1.211267411708831787e-01
-2.382881045341491699e-01,3.768901228904724121e-01,1.210070252418518066e-01
-2.382881045341491699e-01,3.768901228904724121e-01,1.210070252418518066e-01
-2.384867221117019653e-01,3.777790963649749756e-01,1.208854466676712036e-01
-2.384867221117019653e-01,3.777790963649749756e-01,1.208854466676712036e-01
-2.386862635612487793e-01,3.786711692810058594e-01,1.207619681954383850e-01
-2.386862635612487793e-01,3.786711692810058594e-01,1.207619681954383850e-01
-2.388867437839508057e-01,3.795663714408874512e-01,1.206365898251533508e-01
-2.388867437839508057e-01,3.795663714408874512e-01,1.206365898251533508e-01
-2.390881925821304321e-01,3.804646134376525879e-01,1.205093115568161011e-01
-2.390881925821304321e-01,3.804646134376525879e-01,1.205093115568161011e-01
-2.392905652523040771e-01,3.813659846782684326e-01,1.203801408410072327e-01
-2.392905652523040771e-01,3.813659846782684326e-01,1.203801408410072327e-01
-2.394939064979553223e-01,3.822705149650573730e-01,1.202490404248237610e-01
-2.394939064979553223e-01,3.822705149650573730e-01,1.202490404248237610e-01
-2.396981865167617798e-01,3.831781744956970215e-01,1.201160326600074768e-01
-2.396981865167617798e-01,3.831781744956970215e-01,1.201160326600074768e-01
-2.399034053087234497e-01,3.840889334678649902e-01,1.199811026453971863e-01
-2.399034053087234497e-01,3.840889334678649902e-01,1.199811026453971863e-01
-2.401095777750015259e-01,3.850028514862060547e-01,1.198442354798316956e-01
-2.401095777750015259e-01,3.850028514862060547e-01,1.198442354798316956e-01
-2.403167337179183960e-01,3.859198987483978271e-01,1.197054535150527954e-01
-2.403167337179183960e-01,3.859198987483978271e-01,1.197054535150527954e-01
-2.405248433351516724e-01,3.868400752544403076e-01,1.195647194981575012e-01
-2.405248433351516724e-01,3.868400752544403076e-01,1.195647194981575012e-01
-2.407339066267013550e-01,3.877634406089782715e-01,1.194220483303070068e-01
-2.407339066267013550e-01,3.877634406089782715e-01,1.194220483303070068e-01
-2.409439384937286377e-01,3.886900246143341064e-01,1.192774325609207153e-01
-2.409439384937286377e-01,3.886900246143341064e-01,1.192774325609207153e-01
-2.411549240350723267e-01,3.896197080612182617e-01,1.191308721899986267e-01
-2.411549240350723267e-01,3.896197080612182617e-01,1.191308721899986267e-01
-2.413668632507324219e-01,3.905526101589202881e-01,1.189823523163795471e-01
-2.413668632507324219e-01,3.905526101589202881e-01,1.189823523163795471e-01
-2.415798157453536987e-01,3.914887011051177979e-01,1.188318803906440735e-01
-2.415798157453536987e-01,3.914887011051177979e-01,1.188318803906440735e-01
-2.417936772108078003e-01,3.924279212951660156e-01,1.186794340610504150e-01
-2.417936772108078003e-01,3.924279212951660156e-01,1.186794340610504150e-01
-2.420085370540618896e-01,3.933704197406768799e-01,1.185250133275985718e-01
-2.420085370540618896e-01,3.933704197406768799e-01,1.185250133275985718e-01
-2.422244250774383545e-01,3.943161070346832275e-01,1.183686256408691406e-01
-2.422244250774383545e-01,3.943161070346832275e-01,1.183686256408691406e-01
-2.424412518739700317e-01,3.952650129795074463e-01,1.182102635502815247e-01
-2.424412518739700317e-01,3.952650129795074463e-01,1.182102635502815247e-01
-2.426590472459793091e-01,3.962171077728271484e-01,1.180498972535133362e-01
-2.426590472459793091e-01,3.962171077728271484e-01,1.180498972535133362e-01
-2.428778260946273804e-01,3.971724510192871094e-01,1.178875565528869629e-01
-2.428778260946273804e-01,3.971724510192871094e-01,1.178875565528869629e-01
-2.430976182222366333e-01,3.981310129165649414e-01,1.177232190966606140e-01
-2.430976182222366333e-01,3.981310129165649414e-01,1.177232190966606140e-01
-2.433183640241622925e-01,3.990927934646606445e-01,1.175568699836730957e-01
-2.433183640241622925e-01,3.990927934646606445e-01,1.175568699836730957e-01
-2.435401231050491333e-01,4.000578522682189941e-01,1.173885241150856018e-01
-2.435401231050491333e-01,4.000578522682189941e-01,1.173885241150856018e-01
-2.437628656625747681e-01,4.010261893272399902e-01,1.172181740403175354e-01
-2.437628656625747681e-01,4.010261893272399902e-01,1.172181740403175354e-01
-2.439865916967391968e-01,4.019978046417236328e-01,1.170457974076271057e-01
-2.439865916967391968e-01,4.019978046417236328e-01,1.170457974076271057e-01
-2.442113459110260010e-01,4.029726386070251465e-01,1.168714091181755066e-01
-2.442113459110260010e-01,4.029726386070251465e-01,1.168714091181755066e-01
-2.444370537996292114e-01,4.039506912231445312e-01,1.166949942708015442e-01
-2.444370537996292114e-01,4.039506912231445312e-01,1.166949942708015442e-01
-2.446637898683547974e-01,4.049321115016937256e-01,1.165165677666664124e-01
-2.446637898683547974e-01,4.049321115016937256e-01,1.165165677666664124e-01
-2.448915094137191772e-01,4.059167504310607910e-01,1.163360700011253357e-01
-2.448915094137191772e-01,4.059167504310607910e-01,1.163360700011253357e-01
-2.451202571392059326e-01,4.069047868251800537e-01,1.161535680294036865e-01
-2.451202571392059326e-01,4.069047868251800537e-01,1.161535680294036865e-01
-2.453500032424926758e-01,4.078960120677947998e-01,1.159689947962760925e-01
-2.453500032424926758e-01,4.078960120677947998e-01,1.159689947962760925e-01
-2.455807328224182129e-01,4.088906049728393555e-01,1.157823875546455383e-01
-2.455807328224182129e-01,4.088906049728393555e-01,1.157823875546455383e-01
-2.458124905824661255e-01,4.098885059356689453e-01,1.155937239527702332e-01
-2.458124905824661255e-01,4.098885059356689453e-01,1.155937239527702332e-01
-2.460452467203140259e-01,4.108896851539611816e-01,1.154029890894889832e-01
-2.460452467203140259e-01,4.108896851539611816e-01,1.154029890894889832e-01
-2.462790459394454956e-01,4.118942618370056152e-01,1.152102127671241760e-01
-2.462790459394454956e-01,4.118942618370056152e-01,1.152102127671241760e-01
-2.465138584375381470e-01,4.129020869731903076e-01,1.150153502821922302e-01
-2.465138584375381470e-01,4.129020869731903076e-01,1.150153502821922302e-01
-2.467496693134307861e-01,4.139133095741271973e-01,1.148184165358543396e-01
-2.467496693134307861e-01,4.139133095741271973e-01,1.148184165358543396e-01
-2.469865381717681885e-01,4.149278998374938965e-01,1.146194189786911011e-01
-2.469865381717681885e-01,4.149278998374938965e-01,1.146194189786911011e-01
-2.472244203090667725e-01,4.159457683563232422e-01,1.144183352589607239e-01
-2.472244203090667725e-01,4.159457683563232422e-01,1.144183352589607239e-01
-2.474632859230041504e-01,4.169670343399047852e-01,1.142151504755020142e-01
-2.474632859230041504e-01,4.169670343399047852e-01,1.142151504755020142e-01
-1.967665553092956543e-01,-2.414915710687637329e-02,8.323412388563156128e-02
-1.967665553092956543e-01,-2.414915710687637329e-02,8.323412388563156128e-02
-1.960932910442352295e-01,-2.424647659063339233e-02,8.338089287281036377e-02
-1.960932910442352295e-01,-2.424647659063339233e-02,8.338089287281036377e-02
-1.954221874475479126e-01,-2.434397675096988678e-02,8.352714776992797852e-02
-1.954221874475479126e-01,-2.434397675096988678e-02,8.352714776992797852e-02
-1.947532296180725098e-01,-2.444167435169219971e-02,8.367288857698440552e-02
-1.947532296180725098e-01,-2.444167435169219971e-02,8.367288857698440552e-02
-1.940864175558090210e-01,-2.453955076634883881e-02,8.381811529397964478e-02
-1.940864175558090210e-01,-2.453955076634883881e-02,8.381811529397964478e-02
-1.934217363595962524e-01,-2.463761530816555023e-02,8.396282047033309937e-02
-1.934217363595962524e-01,-2.463761530816555023e-02,8.396282047033309937e-02
-1.927591860294342041e-01,-2.473586425185203552e-02,8.410702645778656006e-02
-1.927591860294342041e-01,-2.473586425185203552e-02,8.410702645778656006e-02
-1.920987814664840698e-01,-2.483430318534374237e-02,8.425071835517883301e-02
-1.920987814664840698e-01,-2.483430318534374237e-02,8.425071835517883301e-02
-1.914404779672622681e-01,-2.493292279541492462e-02,8.439388871192932129e-02
-1.914404779672622681e-01,-2.493292279541492462e-02,8.439388871192932129e-02
-1.907843351364135742e-01,-2.503172308206558228e-02,8.453655987977981567e-02
-1.907843351364135742e-01,-2.503172308206558228e-02,8.453655987977981567e-02
-1.901302933692932129e-01,-2.513070963323116302e-02,8.467871695756912231e-02
-1.901302933692932129e-01,-2.513070963323116302e-02,8.467871695756912231e-02
-1.894783973693847656e-01,-2.522987499833106995e-02,8.482036739587783813e-02
-1.894783973693847656e-01,-2.522987499833106995e-02,8.482036739587783813e-02
-1.888285428285598755e-01,-2.532922290265560150e-02,8.496149629354476929e-02
-1.888285428285598755e-01,-2.532922290265560150e-02,8.496149629354476929e-02
-1.881808489561080933e-01,-2.542875334620475769e-02,8.510212600231170654e-02
-1.881808489561080933e-01,-2.542875334620475769e-02,8.510212600231170654e-02
-1.875352263450622559e-01,-2.552846074104309082e-02,8.524224162101745605e-02
-1.875352263450622559e-01,-2.552846074104309082e-02,8.524224162101745605e-02
-1.868917047977447510e-01,-2.562834694981575012e-02,8.538185060024261475e-02
-1.868917047977447510e-01,-2.562834694981575012e-02,8.538185060024261475e-02
-1.862502992153167725e-01,-2.572841569781303406e-02,8.552096784114837646e-02
-1.862502992153167725e-01,-2.572841569781303406e-02,8.552096784114837646e-02
-1.856109499931335449e-01,-2.582865767180919647e-02,8.565955609083175659e-02
-1.856109499931335449e-01,-2.582865767180919647e-02,8.565955609083175659e-02
-1.849736869335174561e-01,-2.592907659709453583e-02,8.579765260219573975e-02
-1.849736869335174561e-01,-2.592907659709453583e-02,8.579765260219573975e-02
-1.843385100364685059e-01,-2.602967247366905212e-02,8.593523502349853516e-02
-1.843385100364685059e-01,-2.602967247366905212e-02,8.593523502349853516e-02
-1.837054044008255005e-01,-2.613044716417789459e-02,8.607232570648193359e-02
-1.837054044008255005e-01,-2.613044716417789459e-02,8.607232570648193359e-02
-1.830743551254272461e-01,-2.623139135539531708e-02,8.620890229940414429e-02
-1.830743551254272461e-01,-2.623139135539531708e-02,8.620890229940414429e-02
-1.824453920125961304e-01,-2.633251249790191650e-02,8.634497225284576416e-02
-1.824453920125961304e-01,-2.633251249790191650e-02,8.634497225284576416e-02
-1.818184554576873779e-01,-2.643380500376224518e-02,8.648055046796798706e-02
-1.818184554576873779e-01,-2.643380500376224518e-02,8.648055046796798706e-02
-1.811936199665069580e-01,-2.653527632355690002e-02,8.661562204360961914e-02
-1.811936199665069580e-01,-2.653527632355690002e-02,8.661562204360961914e-02
-1.805707961320877075e-01,-2.663691341876983643e-02,8.675019443035125732e-02
-1.805707961320877075e-01,-2.663691341876983643e-02,8.675019443035125732e-02
-1.799500137567520142e-01,-2.673872373998165131e-02,8.688425272703170776e-02
-1.799500137567520142e-01,-2.673872373998165131e-02,8.688425272703170776e-02
-1.793313026428222656e-01,-2.684070542454719543e-02,8.701781928539276123e-02
-1.793313026428222656e-01,-2.684070542454719543e-02,8.701781928539276123e-02
-1.787146180868148804e-01,-2.694285288453102112e-02,8.715088665485382080e-02
-1.787146180868148804e-01,-2.694285288453102112e-02,8.715088665485382080e-02
-1.780999600887298584e-01,-2.704517357051372528e-02,8.728344738483428955e-02
-1.780999600887298584e-01,-2.704517357051372528e-02,8.728344738483428955e-02
-1.774873137474060059e-01,-2.714766189455986023e-02,8.741552382707595825e-02
-1.774873137474060059e-01,-2.714766189455986023e-02,8.741552382707595825e-02
-1.768767088651657104e-01,-2.725031599402427673e-02,8.754709362983703613e-02
-1.768767088651657104e-01,-2.725031599402427673e-02,8.754709362983703613e-02
-1.762681305408477783e-01,-2.735313959419727325e-02,8.767815679311752319e-02
-1.762681305408477783e-01,-2.735313959419727325e-02,8.767815679311752319e-02
-1.756615489721298218e-01,-2.745612896978855133e-02,8.780872821807861328e-02
-1.756615489721298218e-01,-2.745612896978855133e-02,8.780872821807861328e-02
-1.750569790601730347e-01,-2.755928039550781250e-02,8.793880790472030640e-02
-1.750569790601730347e-01,-2.755928039550781250e-02,8.793880790472030640e-02
-1.744544208049774170e-01,-2.766259945929050446e-02,8.806838095188140869e-02
-1.744544208049774170e-01,-2.766259945929050446e-02,8.806838095188140869e-02
-1.738538593053817749e-01,-2.776608429849147797e-02,8.819746971130371094e-02
-1.738538593053817749e-01,-2.776608429849147797e-02,8.819746971130371094e-02
-1.732552796602249146e-01,-2.786972932517528534e-02,8.832605928182601929e-02
-1.732552796602249146e-01,-2.786972932517528534e-02,8.832605928182601929e-02
-1.726587265729904175e-01,-2.797353640198707581e-02,8.845415711402893066e-02
-1.726587265729904175e-01,-2.797353640198707581e-02,8.845415711402893066e-02
-1.720641255378723145e-01,-2.807750925421714783e-02,8.858174830675125122e-02
-1.720641255378723145e-01,-2.807750925421714783e-02,8.858174830675125122e-02
-1.714715212583541870e-01,-2.818164601922035217e-02,8.870886266231536865e-02
-1.714715212583541870e-01,-2.818164601922035217e-02,8.870886266231536865e-02
-1.708808988332748413e-01,-2.828594110906124115e-02,8.883547782897949219e-02
-1.708808988332748413e-01,-2.828594110906124115e-02,8.883547782897949219e-02
-1.702922433614730835e-01,-2.839039266109466553e-02,8.896159380674362183e-02
-1.702922433614730835e-01,-2.839039266109466553e-02,8.896159380674362183e-02
-1.697055399417877197e-01,-2.849500253796577454e-02,8.908721804618835449e-02
-1.697055399417877197e-01,-2.849500253796577454e-02,8.908721804618835449e-02
-1.691208183765411377e-01,-2.859977446496486664e-02,8.921236544847488403e-02
-1.691208183765411377e-01,-2.859977446496486664e-02,8.921236544847488403e-02
-1.685380786657333374e-01,-2.870470285415649414e-02,8.933700621128082275e-02
-1.685380786657333374e-01,-2.870470285415649414e-02,8.933700621128082275e-02
-1.679572463035583496e-01,-2.880978956818580627e-02,8.946117013692855835e-02
-1.679572463035583496e-01,-2.880978956818580627e-02,8.946117013692855835e-02
-1.673783957958221436e-01,-2.891503274440765381e-02,8.958483487367630005e-02
-1.673783957958221436e-01,-2.891503274440765381e-02,8.958483487367630005e-02
-1.668014675378799438e-01,-2.902043052017688751e-02,8.970801532268524170e-02
-1.668014675378799438e-01,-2.902043052017688751e-02,8.970801532268524170e-02
-1.662264913320541382e-01,-2.912598289549350739e-02,8.983070403337478638e-02
-1.662264913320541382e-01,-2.912598289549350739e-02,8.983070403337478638e-02
-1.656534522771835327e-01,-2.923168987035751343e-02,8.995290100574493408e-02
-1.656534522771835327e-01,-2.923168987035751343e-02,8.995290100574493408e-02
-1.650823652744293213e-01,-2.933755330741405487e-02,9.007462114095687866e-02
-1.650823652744293213e-01,-2.933755330741405487e-02,9.007462114095687866e-02
-1.645131856203079224e-01,-2.944356389343738556e-02,9.019584953784942627e-02
-1.645131856203079224e-01,-2.944356389343738556e-02,9.019584953784942627e-02
-1.639459133148193359e-01,-2.954972907900810242e-02,9.031659364700317383e-02
-1.639459133148193359e-01,-2.954972907900810242e-02,9.031659364700317383e-02
-1.633805781602859497e-01,-2.965604327619075775e-02,9.043684601783752441e-02
-1.633805781602859497e-01,-2.965604327619075775e-02,9.043684601783752441e-02
-1.628171652555465698e-01,-2.976251207292079926e-02,9.055661410093307495e-02
-1.628171652555465698e-01,-2.976251207292079926e-02,9.055661410093307495e-02
-1.622556298971176147e-01,-2.986912988126277924e-02,9.067590534687042236e-02
-1.622556298971176147e-01,-2.986912988126277924e-02,9.067590534687042236e-02
-1.616960316896438599e-01,-2.997589856386184692e-02,9.079471230506896973e-02
-1.616960316896438599e-01,-2.997589856386184692e-02,9.079471230506896973e-02
-1.611383259296417236e-01,-3.008281439542770386e-02,9.091302752494812012e-02
-1.611383259296417236e-01,-3.008281439542770386e-02,9.091302752494812012e-02
-1.605825275182723999e-01,-3.018987737596035004e-02,9.103086590766906738e-02
-1.605825275182723999e-01,-3.018987737596035004e-02,9.103086590766906738e-02
-1.600285917520523071e-01,-3.029708936810493469e-02,9.114822000265121460e-02
-1.600285917520523071e-01,-3.029708936810493469e-02,9.114822000265121460e-02
-1.594765484333038330e-01,-3.040444664657115936e-02,9.126508235931396484e-02
-1.594765484333038330e-01,-3.040444664657115936e-02,9.126508235931396484e-02
-1.589263975620269775e-01,-3.051194734871387482e-02,9.138147532939910889e-02
-1.589263975620269775e-01,-3.051194734871387482e-02,9.138147532939910889e-02
-1.583781093358993530e-01,-3.061959519982337952e-02,9.149739146232604980e-02
-1.583781093358993530e-01,-3.061959519982337952e-02,9.149739146232604980e-02
-1.578317135572433472e-01,-3.072738833725452423e-02,9.161282330751419067e-02
-1.578317135572433472e-01,-3.072738833725452423e-02,9.161282330751419067e-02
-1.572871804237365723e-01,-3.083532676100730896e-02,9.172777086496353149e-02
-1.572871804237365723e-01,-3.083532676100730896e-02,9.172777086496353149e-02
-1.567445248365402222e-01,-3.094340302050113678e-02,9.184224903583526611e-02
-1.567445248365402222e-01,-3.094340302050113678e-02,9.184224903583526611e-02
-1.562037169933319092e-01,-3.105162456631660461e-02,9.195624291896820068e-02
-1.562037169933319092e-01,-3.105162456631660461e-02,9.195624291896820068e-02
-1.556647568941116333e-01,-3.115998581051826477e-02,9.206975996494293213e-02
-1.556647568941116333e-01,-3.115998581051826477e-02,9.206975996494293213e-02
-1.551276594400405884e-01,-3.126849234104156494e-02,9.218279272317886353e-02
-1.551276594400405884e-01,-3.126849234104156494e-02,9.218279272317886353e-02
-1.545923948287963867e-01,-3.137713670730590820e-02,9.229534119367599487e-02
-1.545923948287963867e-01,-3.137713670730590820e-02,9.229534119367599487e-02
-1.540589779615402222e-01,-3.148591890931129456e-02,9.240744262933731079e-02
-1.540589779615402222e-01,-3.148591890931129456e-02,9.240744262933731079e-02
-1.535273939371109009e-01,-3.159483894705772400e-02,9.251905232667922974e-02
-1.535273939371109009e-01,-3.159483894705772400e-02,9.251905232667922974e-02
-1.529976278543472290e-01,-3.170389682054519653e-02,9.263018518686294556e-02
-1.529976278543472290e-01,-3.170389682054519653e-02,9.263018518686294556e-02
-1.524697244167327881e-01,-3.181309625506401062e-02,9.274084866046905518e-02
-1.524697244167327881e-01,-3.181309625506401062e-02,9.274084866046905518e-02
-1.519436091184616089e-01,-3.192242980003356934e-02,9.285102784633636475e-02
-1.519436091184616089e-01,-3.192242980003356934e-02,9.285102784633636475e-02
-1.514193415641784668e-01,-3.203189745545387268e-02,9.296075254678726196e-02
-1.514193415641784668e-01,-3.203189745545387268e-02,9.296075254678726196e-02
-1.508968621492385864e-01,-3.214149922132492065e-02,9.306998550891876221e-02
-1.508968621492385864e-01,-3.214149922132492065e-02,9.306998550891876221e-02
-1.503762155771255493e-01,-3.225123882293701172e-02,9.317875653505325317e-02
-1.503762155771255493e-01,-3.225123882293701172e-02,9.317875653505325317e-02
-1.498573571443557739e-01,-3.236111253499984741e-02,9.328705072402954102e-02
-1.498573571443557739e-01,-3.236111253499984741e-02,9.328705072402954102e-02
-1.493403017520904541e-01,-3.247112035751342773e-02,9.339487552642822266e-02
-1.493403017520904541e-01,-3.247112035751342773e-02,9.339487552642822266e-02
-1.488250494003295898e-01,-3.258125483989715576e-02,9.350222349166870117e-02
-1.488250494003295898e-01,-3.258125483989715576e-02,9.350222349166870117e-02
-1.483115851879119873e-01,-3.269152715802192688e-02,9.360911697149276733e-02
-1.483115851879119873e-01,-3.269152715802192688e-02,9.360911697149276733e-02
-1.477999240159988403e-01,-3.280192241072654724e-02,9.371553361415863037e-02
-1.477999240159988403e-01,-3.280192241072654724e-02,9.371553361415863037e-02
-1.472900211811065674e-01,-3.291245922446250916e-02,9.382148087024688721e-02
-1.472900211811065674e-01,-3.291245922446250916e-02,9.382148087024688721e-02
-1.467819064855575562e-01,-3.302311524748802185e-02,9.392696619033813477e-02
-1.467819064855575562e-01,-3.302311524748802185e-02,9.392696619033813477e-02
-1.462755501270294189e-01,-3.313390165567398071e-02,9.403195977210998535e-02
-1.462755501270294189e-01,-3.313390165567398071e-02,9.403195977210998535e-02
-1.457709819078445435e-01,-3.324481844902038574e-02,9.413651376962661743e-02
-1.457709819078445435e-01,-3.324481844902038574e-02,9.413651376962661743e-02
-1.452681571245193481e-01,-3.335586562752723694e-02,9.424058347940444946e-02
-1.452681571245193481e-01,-3.335586562752723694e-02,9.424058347940444946e-02
-1.447671055793762207e-01,-3.346703201532363892e-02,9.434420615434646606e-02
-1.447671055793762207e-01,-3.346703201532363892e-02,9.434420615434646606e-02
-1.442677974700927734e-01,-3.357833251357078552e-02,9.444734454154968262e-02
-1.442677974700927734e-01,-3.357833251357078552e-02,9.444734454154968262e-02
-1.437702775001525879e-01,-3.368975594639778137e-02,9.455002844333648682e-02
-1.437702775001525879e-01,-3.368975594639778137e-02,9.455002844333648682e-02
-1.432744562625885010e-01,-3.380129858851432800e-02,9.465224295854568481e-02
-1.432744562625885010e-01,-3.380129858851432800e-02,9.465224295854568481e-02
-1.427803933620452881e-01,-3.391296789050102234e-02,9.475398063659667969e-02
-1.427803933620452881e-01,-3.391296789050102234e-02,9.475398063659667969e-02
-1.422880887985229492e-01,-3.402476385235786438e-02,9.485528618097305298e-02
-1.422880887985229492e-01,-3.402476385235786438e-02,9.485528618097305298e-02
-1.417974829673767090e-01,-3.413667529821395874e-02,9.495610743761062622e-02
-1.417974829673767090e-01,-3.413667529821395874e-02,9.495610743761062622e-02
-1.413086354732513428e-01,-3.424871712923049927e-02,9.505647420883178711e-02
-1.413086354732513428e-01,-3.424871712923049927e-02,9.505647420883178711e-02
-1.408214867115020752e-01,-3.436087071895599365e-02,9.515637904405593872e-02
-1.408214867115020752e-01,-3.436087071895599365e-02,9.515637904405593872e-02
-1.403360664844512939e-01,-3.447314724326133728e-02,9.525582194328308105e-02
-1.403360664844512939e-01,-3.447314724326133728e-02,9.525582194328308105e-02
-1.398523449897766113e-01,-3.458554670214653015e-02,9.535478800535202026e-02
-1.398523449897766113e-01,-3.458554670214653015e-02,9.535478800535202026e-02
-1.393703371286392212e-01,-3.469806164503097534e-02,9.545332193374633789e-02
-1.393703371286392212e-01,-3.469806164503097534e-02,9.545332193374633789e-02
-1.388900578022003174e-01,-3.481069579720497131e-02,9.555138647556304932e-02
-1.388900578022003174e-01,-3.481069579720497131e-02,9.555138647556304932e-02
-1.384114772081375122e-01,-3.492344915866851807e-02,9.564898163080215454e-02
-1.384114772081375122e-01,-3.492344915866851807e-02,9.564898163080215454e-02
-1.379345804452896118e-01,-3.503632172942161560e-02,9.574612975120544434e-02
-1.379345804452896118e-01,-3.503632172942161560e-02,9.574612975120544434e-02
-1.374593824148178101e-01,-3.514930605888366699e-02,9.584282338619232178e-02
-1.374593824148178101e-01,-3.514930605888366699e-02,9.584282338619232178e-02
-1.369858533143997192e-01,-3.526240587234497070e-02,9.593904763460159302e-02
-1.369858533143997192e-01,-3.526240587234497070e-02,9.593904763460159302e-02
-1.365140229463577271e-01,-3.537562116980552673e-02,9.603480994701385498e-02
-1.365140229463577271e-01,-3.537562116980552673e-02,9.603480994701385498e-02
-1.360438615083694458e-01,-3.548894822597503662e-02,9.613014012575149536e-02
-1.360438615083694458e-01,-3.548894822597503662e-02,9.613014012575149536e-02
-1.355753690004348755e-01,-3.560239076614379883e-02,9.622500091791152954e-02
-1.355753690004348755e-01,-3.560239076614379883e-02,9.622500091791152954e-02
-1.351085752248764038e-01,-3.571594879031181335e-02,9.631941467523574829e-02
-1.351085752248764038e-01,-3.571594879031181335e-02,9.631941467523574829e-02
-1.346434056758880615e-01,-3.582961484789848328e-02,9.641335904598236084e-02
-1.346434056758880615e-01,-3.582961484789848328e-02,9.641335904598236084e-02
-1.341799199581146240e-01,-3.594338893890380859e-02,9.650685638189315796e-02
-1.341799199581146240e-01,-3.594338893890380859e-02,9.650685638189315796e-02
-1.337180882692337036e-01,-3.605727478861808777e-02,9.659989178180694580e-02
-1.337180882692337036e-01,-3.605727478861808777e-02,9.659989178180694580e-02
-1.332578957080841064e-01,-3.617127612233161926e-02,9.669249504804611206e-02
-1.332578957080841064e-01,-3.617127612233161926e-02,9.669249504804611206e-02
-1.327993571758270264e-01,-3.628538176417350769e-02,9.678464382886886597e-02
-1.327993571758270264e-01,-3.628538176417350769e-02,9.678464382886886597e-02
-1.323424577713012695e-01,-3.639959543943405151e-02,9.687633067369461060e-02
-1.323424577713012695e-01,-3.639959543943405151e-02,9.687633067369461060e-02
-1.318871974945068359e-01,-3.651391714811325073e-02,9.696756303310394287e-02
-1.318871974945068359e-01,-3.651391714811325073e-02,9.696756303310394287e-02
-1.314335763454437256e-01,-3.662834316492080688e-02,9.705836325883865356e-02
-1.314335763454437256e-01,-3.662834316492080688e-02,9.705836325883865356e-02
-1.309815645217895508e-01,-3.674288094043731689e-02,9.714869409799575806e-02
-1.309815645217895508e-01,-3.674288094043731689e-02,9.714869409799575806e-02
-1.305311918258666992e-01,-3.685751929879188538e-02,9.723857790231704712e-02
-1.305311918258666992e-01,-3.685751929879188538e-02,9.723857790231704712e-02
-1.300824284553527832e-01,-3.697226196527481079e-02,9.732803702354431152e-02
-1.300824284553527832e-01,-3.697226196527481079e-02,9.732803702354431152e-02
-1.296352744102478027e-01,-3.708711266517639160e-02,9.741701930761337280e-02
-1.296352744102478027e-01,-3.708711266517639160e-02,9.741701930761337280e-02
-1.291897594928741455e-01,-3.720206394791603088e-02,9.750556200742721558e-02
-1.291897594928741455e-01,-3.720206394791603088e-02,9.750556200742721558e-02
-1.287458389997482300e-01,-3.731711953878402710e-02,9.759365767240524292e-02
-1.287458389997482300e-01,-3.731711953878402710e-02,9.759365767240524292e-02
-1.283034980297088623e-01,-3.743227571249008179e-02,9.768132120370864868e-02
-1.283034980297088623e-01,-3.743227571249008179e-02,9.768132120370864868e-02
-1.278627663850784302e-01,-3.754753991961479187e-02,9.776850789785385132e-02
-1.278627663850784302e-01,-3.754753991961479187e-02,9.776850789785385132e-02
-1.274236291646957397e-01,-3.766289353370666504e-02,9.785528481006622314e-02
-1.274236291646957397e-01,-3.766289353370666504e-02,9.785528481006622314e-02
-1.269860863685607910e-01,-3.777835145592689514e-02,9.794159233570098877e-02
-1.269860863685607910e-01,-3.777835145592689514e-02,9.794159233570098877e-02
-1.265500932931900024e-01,-3.789390996098518372e-02,9.802746772766113281e-02
-1.265500932931900024e-01,-3.789390996098518372e-02,9.802746772766113281e-02
-1.261157095432281494e-01,-3.800956159830093384e-02,9.811289608478546143e-02
-1.261157095432281494e-01,-3.800956159830093384e-02,9.811289608478546143e-02
-1.256828904151916504e-01,-3.812531754374504089e-02,9.819788485765457153e-02
-1.256828904151916504e-01,-3.812531754374504089e-02,9.819788485765457153e-02
-1.252516508102416992e-01,-3.824117034673690796e-02,9.828241169452667236e-02
-1.252516508102416992e-01,-3.824117034673690796e-02,9.828241169452667236e-02
-1.248219385743141174e-01,-3.835711255669593811e-02,9.836652129888534546e-02
-1.248219385743141174e-01,-3.835711255669593811e-02,9.836652129888534546e-02
-1.243938282132148743e-01,-3.847315534949302673e-02,9.845018386840820312e-02
-1.243938282132148743e-01,-3.847315534949302673e-02,9.845018386840820312e-02
-1.239672452211380005e-01,-3.858929499983787537e-02,9.853339940309524536e-02
-1.239672452211380005e-01,-3.858929499983787537e-02,9.853339940309524536e-02
-1.235422268509864807e-01,-3.870552405714988708e-02,9.861616790294647217e-02
-1.235422268509864807e-01,-3.870552405714988708e-02,9.861616790294647217e-02
-1.231187507510185242e-01,-3.882184624671936035e-02,9.869851917028427124e-02
-1.231187507510185242e-01,-3.882184624671936035e-02,9.869851917028427124e-02
-1.226968243718147278e-01,-3.893826156854629517e-02,9.878041595220565796e-02
-1.226968243718147278e-01,-3.893826156854629517e-02,9.878041595220565796e-02
-1.222764328122138977e-01,-3.905477002263069153e-02,9.886187314987182617e-02
-1.222764328122138977e-01,-3.905477002263069153e-02,9.886187314987182617e-02
-1.218575462698936462e-01,-3.917136788368225098e-02,9.894289821386337280e-02
-1.218575462698936462e-01,-3.917136788368225098e-02,9.894289821386337280e-02
-1.214402243494987488e-01,-3.928806260228157043e-02,9.902348369359970093e-02
-1.214402243494987488e-01,-3.928806260228157043e-02,9.902348369359970093e-02
-1.210244074463844299e-01,-3.940483927726745605e-02,9.910362213850021362e-02
-1.210244074463844299e-01,-3.940483927726745605e-02,9.910362213850021362e-02
-1.206101104617118835e-01,-3.952171280980110168e-02,9.918333590030670166e-02
-1.206101104617118835e-01,-3.952171280980110168e-02,9.918333590030670166e-02
-1.201973408460617065e-01,-3.963866457343101501e-02,9.926261752843856812e-02
-1.201973408460617065e-01,-3.963866457343101501e-02,9.926261752843856812e-02
-1.197860687971115112e-01,-3.975570946931838989e-02,9.934144467115402222e-02
-1.197860687971115112e-01,-3.975570946931838989e-02,9.934144467115402222e-02
-1.193763017654418945e-01,-3.987284377217292786e-02,9.941984713077545166e-02
-1.193763017654418945e-01,-3.987284377217292786e-02,9.941984713077545166e-02
-1.189680472016334534e-01,-3.999005630612373352e-02,9.949783980846405029e-02
-1.189680472016334534e-01,-3.999005630612373352e-02,9.949783980846405029e-02
-1.185612827539443970e-01,-4.010736569762229919e-02,9.957536309957504272e-02
-1.185612827539443970e-01,-4.010736569762229919e-02,9.957536309957504272e-02
-1.181560009717941284e-01,-4.022475704550743103e-02,9.965246915817260742e-02
-1.181560009717941284e-01,-4.022475704550743103e-02,9.965246915817260742e-02
-1.177522093057632446e-01,-4.034222662448883057e-02,9.972914308309555054e-02
-1.177522093057632446e-01,-4.034222662448883057e-02,9.972914308309555054e-02
-1.173499152064323425e-01,-4.045978561043739319e-02,9.980539232492446899e-02
-1.173499152064323425e-01,-4.045978561043739319e-02,9.980539232492446899e-02
-1.169490739703178406e-01,-4.057742282748222351e-02,9.988119453191757202e-02
-1.169490739703178406e-01,-4.057742282748222351e-02,9.988119453191757202e-02
-1.165497452020645142e-01,-4.069514200091362000e-02,9.995658695697784424e-02
-1.165497452020645142e-01,-4.069514200091362000e-02,9.995658695697784424e-02
-1.161518469452857971e-01,-4.081294685602188110e-02,1.000315248966217041e-01
-1.161518469452857971e-01,-4.081294685602188110e-02,1.000315248966217041e-01
-1.157554313540458679e-01,-4.093082994222640991e-02,1.001060456037521362e-01
-1.157554313540458679e-01,-4.093082994222640991e-02,1.001060456037521362e-01
-1.153604686260223389e-01,-4.104879498481750488e-02,1.001801341772079468e-01
-1.153604686260223389e-01,-4.104879498481750488e-02,1.001801341772079468e-01
-1.149669736623764038e-01,-4.116683825850486755e-02,1.002537831664085388e-01
-1.149669736623764038e-01,-4.116683825850486755e-02,1.002537831664085388e-01
-1.145749241113662720e-01,-4.128495603799819946e-02,1.003270223736763000e-01
-1.145749241113662720e-01,-4.128495603799819946e-02,1.003270223736763000e-01
-1.141842901706695557e-01,-4.140315577387809753e-02,1.003998219966888428e-01
-1.141842901706695557e-01,-4.140315577387809753e-02,1.003998219966888428e-01
-1.137951388955116272e-01,-4.152143001556396484e-02,1.004722118377685547e-01
-1.137951388955116272e-01,-4.152143001556396484e-02,1.004722118377685547e-01
-1.134074106812477112e-01,-4.163977876305580139e-02,1.005441620945930481e-01
-1.134074106812477112e-01,-4.163977876305580139e-02,1.005441620945930481e-01
-1.130211129784584045e-01,-4.175820574164390564e-02,1.006156802177429199e-01
-1.130211129784584045e-01,-4.175820574164390564e-02,1.006156802177429199e-01
-1.126362532377243042e-01,-4.187671467661857605e-02,1.006867960095405579e-01
-1.126362532377243042e-01,-4.187671467661857605e-02,1.006867960095405579e-01
-1.122528016567230225e-01,-4.199528694152832031e-02,1.007574647665023804e-01
-1.122528016567230225e-01,-4.199528694152832031e-02,1.007574647665023804e-01
-1.118707805871963501e-01,-4.211394116282463074e-02,1.008277237415313721e-01
-1.118707805871963501e-01,-4.211394116282463074e-02,1.008277237415313721e-01
-1.114901825785636902e-01,-4.223266243934631348e-02,1.008975505828857422e-01
-1.114901825785636902e-01,-4.223266243934631348e-02,1.008975505828857422e-01
-1.111109703779220581e-01,-4.235145822167396545e-02,1.009669601917266846e-01
-1.111109703779220581e-01,-4.235145822167396545e-02,1.009669601917266846e-01
-1.107331961393356323e-01,-4.247032105922698975e-02,1.010359451174736023e-01
-1.107331961393356323e-01,-4.247032105922698975e-02,1.010359451174736023e-01
-1.103567853569984436e-01,-4.258925840258598328e-02,1.011044979095458984e-01
-1.103567853569984436e-01,-4.258925840258598328e-02,1.011044979095458984e-01
-1.099817901849746704e-01,-4.270827025175094604e-02,1.011726334691047668e-01
-1.099817901849746704e-01,-4.270827025175094604e-02,1.011726334691047668e-01
-1.096081957221031189e-01,-4.282734915614128113e-02,1.012403517961502075e-01
-1.096081957221031189e-01,-4.282734915614128113e-02,1.012403517961502075e-01
-1.092359721660614014e-01,-4.294649139046669006e-02,1.013076603412628174e-01
-1.092359721660614014e-01,-4.294649139046669006e-02,1.013076603412628174e-01
-1.088651418685913086e-01,-4.306570440530776978e-02,1.013745442032814026e-01
-1.088651418685913086e-01,-4.306570440530776978e-02,1.013745442032814026e-01
-1.084956824779510498e-01,-4.318498820066452026e-02,1.014409959316253662e-01
-1.084956824779510498e-01,-4.318498820066452026e-02,1.014409959316253662e-01
-1.081276088953018188e-01,-4.330432787537574768e-02,1.015070304274559021e-01
-1.081276088953018188e-01,-4.330432787537574768e-02,1.015070304274559021e-01
-1.077608764171600342e-01,-4.342374205589294434e-02,1.015726625919342041e-01
-1.077608764171600342e-01,-4.342374205589294434e-02,1.015726625919342041e-01
-1.073955297470092773e-01,-4.354321956634521484e-02,1.016378775238990784e-01
-1.073955297470092773e-01,-4.354321956634521484e-02,1.016378775238990784e-01
-1.070315614342689514e-01,-4.366276785731315613e-02,1.017026677727699280e-01
-1.070315614342689514e-01,-4.366276785731315613e-02,1.017026677727699280e-01
-1.066689193248748779e-01,-4.378236457705497742e-02,1.017670482397079468e-01
-1.066689193248748779e-01,-4.378236457705497742e-02,1.017670482397079468e-01
-1.063076257705688477e-01,-4.390203952789306641e-02,1.018310040235519409e-01
-1.063076257705688477e-01,-4.390203952789306641e-02,1.018310040235519409e-01
-1.059476956725120544e-01,-4.402176663279533386e-02,1.018945351243019104e-01
-1.059476956725120544e-01,-4.402176663279533386e-02,1.018945351243019104e-01
-1.055891066789627075e-01,-4.414155706763267517e-02,1.019576713442802429e-01
-1.055891066789627075e-01,-4.414155706763267517e-02,1.019576713442802429e-01
-1.052318513393402100e-01,-4.426141455769538879e-02,1.020203903317451477e-01
-1.052318513393402100e-01,-4.426141455769538879e-02,1.020203903317451477e-01
-1.048759371042251587e-01,-4.438132420182228088e-02,1.020826920866966248e-01
-1.048759371042251587e-01,-4.438132420182228088e-02,1.020826920866966248e-01
-1.045213416218757629e-01,-4.450130090117454529e-02,1.021445915102958679e-01
-1.045213416218757629e-01,-4.450130090117454529e-02,1.021445915102958679e-01
-1.041680797934532166e-01,-4.462132975459098816e-02,1.022060662508010864e-01
-1.041680797934532166e-01,-4.462132975459098816e-02,1.022060662508010864e-01
-1.038161143660545349e-01,-4.474142193794250488e-02,1.022671312093734741e-01
-1.038161143660545349e-01,-4.474142193794250488e-02,1.022671312093734741e-01
-1.034654751420021057e-01,-4.486156255006790161e-02,1.023277789354324341e-01
-1.034654751420021057e-01,-4.486156255006790161e-02,1.023277789354324341e-01
-1.031161546707153320e-01,-4.498176649212837219e-02,1.023880317807197571e-01
-1.031161546707153320e-01,-4.498176649212837219e-02,1.023880317807197571e-01
-1.027681380510330200e-01,-4.510202631354331970e-02,1.024478524923324585e-01
-1.027681380510330200e-01,-4.510202631354331970e-02,1.024478524923324585e-01
-1.024213954806327820e-01,-4.522233828902244568e-02,1.025072857737541199e-01
-1.024213954806327820e-01,-4.522233828902244568e-02,1.025072857737541199e-01
-1.020759940147399902e-01,-4.534270986914634705e-02,1.025662943720817566e-01
-1.020759940147399902e-01,-4.534270986914634705e-02,1.025662943720817566e-01
-1.017318591475486755e-01,-4.546312987804412842e-02,1.026249080896377563e-01
-1.017318591475486755e-01,-4.546312987804412842e-02,1.026249080896377563e-01
-1.013889983296394348e-01,-4.558360949158668518e-02,1.026830971240997314e-01
-1.013889983296394348e-01,-4.558360949158668518e-02,1.026830971240997314e-01
-1.010474488139152527e-01,-4.570413380861282349e-02,1.027408987283706665e-01
-1.010474488139152527e-01,-4.570413380861282349e-02,1.027408987283706665e-01
-1.007071807980537415e-01,-4.582471027970314026e-02,1.027982831001281738e-01
-1.007071807980537415e-01,-4.582471027970314026e-02,1.027982831001281738e-01
-1.003681570291519165e-01,-4.594534635543823242e-02,1.028552576899528503e-01
-1.003681570291519165e-01,-4.594534635543823242e-02,1.028552576899528503e-01
-1.000304147601127625e-01,-4.606601968407630920e-02,1.029118373990058899e-01
-1.000304147601127625e-01,-4.606601968407630920e-02,1.029118373990058899e-01
-9.969393163919448853e-02,-4.618674889206886292e-02,1.029679998755455017e-01
-9.969393163919448853e-02,-4.618674889206886292e-02,1.029679998755455017e-01
-9.935873001813888550e-02,-4.630753025412559509e-02,1.030237600207328796e-01
-9.935873001813888550e-02,-4.630753025412559509e-02,1.030237600207328796e-01
-9.902477264404296875e-02,-4.642835631966590881e-02,1.030791327357292175e-01
-9.902477264404296875e-02,-4.642835631966590881e-02,1.030791327357292175e-01
-9.869206696748733521e-02,-4.654923081398010254e-02,1.031340807676315308e-01
-9.869206696748733521e-02,-4.654923081398010254e-02,1.031340807676315308e-01
-9.836059808731079102e-02,-4.667014628648757935e-02,1.031886413693428040e-01
-9.836059808731079102e-02,-4.667014628648757935e-02,1.031886413693428040e-01
-9.803038835525512695e-02,-4.679111391305923462e-02,1.032427921891212463e-01
-9.803038835525512695e-02,-4.679111391305923462e-02,1.032427921891212463e-01
-9.770140051841735840e-02,-4.691212251782417297e-02,1.032965481281280518e-01
-9.770140051841735840e-02,-4.691212251782417297e-02,1.032965481281280518e-01
-9.737364947795867920e-02,-4.703317955136299133e-02,1.033498868346214294e-01
-9.737364947795867920e-02,-4.703317955136299133e-02,1.033498868346214294e-01
-9.704713523387908936e-02,-4.715428128838539124e-02,1.034028381109237671e-01
-9.704713523387908936e-02,-4.715428128838539124e-02,1.034028381109237671e-01
-9.672183543443679810e-02,-4.727542772889137268e-02,1.034553870558738708e-01
-9.672183543443679810e-02,-4.727542772889137268e-02,1.034553870558738708e-01
-9.639775753021240234e-02,-4.739661142230033875e-02,1.035075262188911438e-01
-9.639775753021240234e-02,-4.739661142230033875e-02,1.035075262188911438e-01
-9.607490897178649902e-02,-4.751783236861228943e-02,1.035592779517173767e-01
-9.607490897178649902e-02,-4.751783236861228943e-02,1.035592779517173767e-01
-9.575325250625610352e-02,-4.763910174369812012e-02,1.036106348037719727e-01
-9.575325250625610352e-02,-4.763910174369812012e-02,1.036106348037719727e-01
-9.543279558420181274e-02,-4.776041209697723389e-02,1.036615893244743347e-01
-9.543279558420181274e-02,-4.776041209697723389e-02,1.036615893244743347e-01
-9.511356055736541748e-02,-4.788175970315933228e-02,1.037121415138244629e-01
-9.511356055736541748e-02,-4.788175970315933228e-02,1.037121415138244629e-01
-9.479552507400512695e-02,-4.800314456224441528e-02,1.037623062729835510e-01
-9.479552507400512695e-02,-4.800314456224441528e-02,1.037623062729835510e-01
-9.447865933179855347e-02,-4.812457412481307983e-02,1.038120687007904053e-01
-9.447865933179855347e-02,-4.812457412481307983e-02,1.038120687007904053e-01
-9.416300058364868164e-02,-4.824603348970413208e-02,1.038614436984062195e-01
-9.416300058364868164e-02,-4.824603348970413208e-02,1.038614436984062195e-01
-9.384850412607192993e-02,-4.836752638220787048e-02,1.039104238152503967e-01
-9.384850412607192993e-02,-4.836752638220787048e-02,1.039104238152503967e-01
-9.353519976139068604e-02,-4.848906770348548889e-02,1.039589941501617432e-01
-9.353519976139068604e-02,-4.848906770348548889e-02,1.039589941501617432e-01
-9.322306513786315918e-02,-4.861063510179519653e-02,1.040071919560432434e-01
-9.322306513786315918e-02,-4.861063510179519653e-02,1.040071919560432434e-01
-9.291210770606994629e-02,-4.873223602771759033e-02,1.040549799799919128e-01
-9.291210770606994629e-02,-4.873223602771759033e-02,1.040549799799919128e-01
-9.260231256484985352e-02,-4.885387793183326721e-02,1.041023805737495422e-01
-9.260231256484985352e-02,-4.885387793183326721e-02,1.041023805737495422e-01
-9.229367971420288086e-02,-4.897554591298103333e-02,1.041493788361549377e-01
-9.229367971420288086e-02,-4.897554591298103333e-02,1.041493788361549377e-01
-9.198619425296783447e-02,-4.909725487232208252e-02,1.041959971189498901e-01
-9.198619425296783447e-02,-4.909725487232208252e-02,1.041959971189498901e-01
-9.167986363172531128e-02,-4.921898618340492249e-02,1.042422205209732056e-01
-9.167986363172531128e-02,-4.921898618340492249e-02,1.042422205209732056e-01
-9.137468039989471436e-02,-4.934075847268104553e-02,1.042880564928054810e-01
-9.137468039989471436e-02,-4.934075847268104553e-02,1.042880564928054810e-01
-9.107063710689544678e-02,-4.946255683898925781e-02,1.043334975838661194e-01
-9.107063710689544678e-02,-4.946255683898925781e-02,1.043334975838661194e-01
-9.076773375272750854e-02,-4.958437755703926086e-02,1.043785586953163147e-01
-9.076773375272750854e-02,-4.958437755703926086e-02,1.043785586953163147e-01
-9.046597033739089966e-02,-4.970623925328254700e-02,1.044232174754142761e-01
-9.046597033739089966e-02,-4.970623925328254700e-02,1.044232174754142761e-01
-9.016532450914382935e-02,-4.982811957597732544e-02,1.044674962759017944e-01
-9.016532450914382935e-02,-4.982811957597732544e-02,1.044674962759017944e-01
-8.986580371856689453e-02,-4.995002970099449158e-02,1.045113876461982727e-01
-8.986580371856689453e-02,-4.995002970099449158e-02,1.045113876461982727e-01
-8.956741541624069214e-02,-5.007196962833404541e-02,1.045549064874649048e-01
-8.956741541624069214e-02,-5.007196962833404541e-02,1.045549064874649048e-01
-8.927012979984283447e-02,-5.019393190741539001e-02,1.045980155467987061e-01
-8.927012979984283447e-02,-5.019393190741539001e-02,1.045980155467987061e-01
-8.897396177053451538e-02,-5.031592398881912231e-02,1.046407520771026611e-01
-8.897396177053451538e-02,-5.031592398881912231e-02,1.046407520771026611e-01
-8.867888897657394409e-02,-5.043794214725494385e-02,1.046830937266349792e-01
-8.867888897657394409e-02,-5.043794214725494385e-02,1.046830937266349792e-01
-8.838491886854171753e-02,-5.055997893214225769e-02,1.047250553965568542e-01
-8.838491886854171753e-02,-5.055997893214225769e-02,1.047250553965568542e-01
-8.809205889701843262e-02,-5.068204179406166077e-02,1.047666296362876892e-01
-8.809205889701843262e-02,-5.068204179406166077e-02,1.047666296362876892e-01
-8.780027925968170166e-02,-5.080412328243255615e-02,1.048078313469886780e-01
-8.780027925968170166e-02,-5.080412328243255615e-02,1.048078313469886780e-01
-8.750959485769271851e-02,-5.092623457312583923e-02,1.048486307263374329e-01
-8.750959485769271851e-02,-5.092623457312583923e-02,1.048486307263374329e-01
-8.721999824047088623e-02,-5.104835331439971924e-02,1.048890575766563416e-01
-8.721999824047088623e-02,-5.104835331439971924e-02,1.048890575766563416e-01
-8.693145960569381714e-02,-5.117050930857658386e-02,1.049291193485260010e-01
-8.693145960569381714e-02,-5.117050930857658386e-02,1.049291193485260010e-01
-8.664400130510330200e-02,-5.129267275333404541e-02,1.049687862396240234e-01
-8.664400130510330200e-02,-5.129267275333404541e-02,1.049687862396240234e-01
-8.635763823986053467e-02,-5.141486227512359619e-02,1.050080731511116028e-01
-8.635763823986053467e-02,-5.141486227512359619e-02,1.050080731511116028e-01
-8.607231080532073975e-02,-5.153706297278404236e-02,1.050469502806663513e-01
-8.607231080532073975e-02,-5.153706297278404236e-02,1.050469502806663513e-01
-8.578805625438690186e-02,-5.165928602218627930e-02,1.050854846835136414e-01
-8.578805625438690186e-02,-5.165928602218627930e-02,1.050854846835136414e-01
-8.550485223531723022e-02,-5.178152397274971008e-02,1.051236242055892944e-01
-8.550485223531723022e-02,-5.178152397274971008e-02,1.051236242055892944e-01
-8.522270619869232178e-02,-5.190378427505493164e-02,1.051613911986351013e-01
-8.522270619869232178e-02,-5.190378427505493164e-02,1.051613911986351013e-01
-8.494161069393157959e-02,-5.202605202794075012e-02,1.051987782120704651e-01
-8.494161069393157959e-02,-5.202605202794075012e-02,1.051987782120704651e-01
-8.466155081987380981e-02,-5.214834213256835938e-02,1.052358001470565796e-01
-8.466155081987380981e-02,-5.214834213256835938e-02,1.052358001470565796e-01
-8.438251912593841553e-02,-5.227063596248626709e-02,1.052724197506904602e-01
-8.438251912593841553e-02,-5.227063596248626709e-02,1.052724197506904602e-01
-8.410453796386718750e-02,-5.239295959472656250e-02,1.053086817264556885e-01
-8.410453796386718750e-02,-5.239295959472656250e-02,1.053086817264556885e-01
-8.382757753133773804e-02,-5.251528322696685791e-02,1.053445562720298767e-01
-8.382757753133773804e-02,-5.251528322696685791e-02,1.053445562720298767e-01
-8.355163782835006714e-02,-5.263762176036834717e-02,1.053800657391548157e-01
-8.355163782835006714e-02,-5.263762176036834717e-02,1.053800657391548157e-01
-8.327672630548477173e-02,-5.275996774435043335e-02,1.054151877760887146e-01
-8.327672630548477173e-02,-5.275996774435043335e-02,1.054151877760887146e-01
-8.300282061100006104e-02,-5.288232862949371338e-02,1.054499447345733643e-01
-8.300282061100006104e-02,-5.288232862949371338e-02,1.054499447345733643e-01
-8.272993564605712891e-02,-5.300469696521759033e-02,1.054843217134475708e-01
-8.272993564605712891e-02,-5.300469696521759033e-02,1.054843217134475708e-01
-8.245804905891418457e-02,-5.312708020210266113e-02,1.055183559656143188e-01
-8.245804905891418457e-02,-5.312708020210266113e-02,1.055183559656143188e-01
-8.218716830015182495e-02,-5.324946343898773193e-02,1.055519729852676392e-01
-8.218716830015182495e-02,-5.324946343898773193e-02,1.055519729852676392e-01
-8.191728591918945312e-02,-5.337185412645339966e-02,1.055852472782135010e-01
-8.191728591918945312e-02,-5.337185412645339966e-02,1.055852472782135010e-01
-8.164839446544647217e-02,-5.349425971508026123e-02,1.056181341409683228e-01
-8.164839446544647217e-02,-5.349425971508026123e-02,1.056181341409683228e-01
-8.138048648834228516e-02,-5.361666530370712280e-02,1.056506484746932983e-01
-8.138048648834228516e-02,-5.361666530370712280e-02,1.056506484746932983e-01
-8.111356943845748901e-02,-5.373907461762428284e-02,1.056828051805496216e-01
-8.111356943845748901e-02,-5.373907461762428284e-02,1.056828051805496216e-01
-8.084762096405029297e-02,-5.386149510741233826e-02,1.057145893573760986e-01
-8.084762096405029297e-02,-5.386149510741233826e-02,1.057145893573760986e-01
-8.058264851570129395e-02,-5.398391932249069214e-02,1.057460084557533264e-01
-8.058264851570129395e-02,-5.398391932249069214e-02,1.057460084557533264e-01
-8.031865209341049194e-02,-5.410635098814964294e-02,1.057770475745201111e-01
-8.031865209341049194e-02,-5.410635098814964294e-02,1.057770475745201111e-01
-8.005561679601669312e-02,-5.422877520322799683e-02,1.058077216148376465e-01
-8.005561679601669312e-02,-5.422877520322799683e-02,1.058077216148376465e-01
-7.979355007410049438e-02,-5.435121059417724609e-02,1.058380305767059326e-01
-7.979355007410049438e-02,-5.435121059417724609e-02,1.058380305767059326e-01
-7.953242957592010498e-02,-5.447363853454589844e-02,1.058679744601249695e-01
-7.953242957592010498e-02,-5.447363853454589844e-02,1.058679744601249695e-01
-7.927227020263671875e-02,-5.459607392549514771e-02,1.058975532650947571e-01
-7.927227020263671875e-02,-5.459607392549514771e-02,1.058975532650947571e-01
-7.901304215192794800e-02,-5.471850559115409851e-02,1.059267669916152954e-01
-7.901304215192794800e-02,-5.471850559115409851e-02,1.059267669916152954e-01
-7.875476777553558350e-02,-5.484093725681304932e-02,1.059556007385253906e-01
-7.875476777553558350e-02,-5.484093725681304932e-02,1.059556007385253906e-01
-7.849743962287902832e-02,-5.496336519718170166e-02,1.059840917587280273e-01
-7.849743962287902832e-02,-5.496336519718170166e-02,1.059840917587280273e-01
-7.824102789163589478e-02,-5.508579686284065247e-02,1.060122177004814148e-01
-7.824102789163589478e-02,-5.508579686284065247e-02,1.060122177004814148e-01
-7.798555493354797363e-02,-5.520821735262870789e-02,1.060399636626243591e-01
-7.798555493354797363e-02,-5.520821735262870789e-02,1.060399636626243591e-01
-7.773101329803466797e-02,-5.533063784241676331e-02,1.060673445463180542e-01
-7.773101329803466797e-02,-5.533063784241676331e-02,1.060673445463180542e-01
-7.747737318277359009e-02,-5.545305833220481873e-02,1.060943752527236938e-01
-7.747737318277359009e-02,-5.545305833220481873e-02,1.060943752527236938e-01
-7.722466439008712769e-02,-5.557547137141227722e-02,1.061210334300994873e-01
-7.722466439008712769e-02,-5.557547137141227722e-02,1.061210334300994873e-01
-7.697286456823348999e-02,-5.569787696003913879e-02,1.061473488807678223e-01
-7.697286456823348999e-02,-5.569787696003913879e-02,1.061473488807678223e-01
-7.672195136547088623e-02,-5.582027509808540344e-02,1.061732769012451172e-01
-7.672195136547088623e-02,-5.582027509808540344e-02,1.061732769012451172e-01
-7.647196948528289795e-02,-5.594267323613166809e-02,1.061988696455955505e-01
-7.647196948528289795e-02,-5.594267323613166809e-02,1.061988696455955505e-01
-7.622285932302474976e-02,-5.606506019830703735e-02,1.062240973114967346e-01
-7.622285932302474976e-02,-5.606506019830703735e-02,1.062240973114967346e-01
-7.597465813159942627e-02,-5.618743225932121277e-02,1.062489524483680725e-01
-7.597465813159942627e-02,-5.618743225932121277e-02,1.062489524483680725e-01
-7.572732865810394287e-02,-5.630980059504508972e-02,1.062734574079513550e-01
-7.572732865810394287e-02,-5.630980059504508972e-02,1.062734574079513550e-01
-7.548090070486068726e-02,-5.643215402960777283e-02,1.062976196408271790e-01
-7.548090070486068726e-02,-5.643215402960777283e-02,1.062976196408271790e-01
-7.523534446954727173e-02,-5.655450746417045593e-02,1.063214093446731567e-01
-7.523534446954727173e-02,-5.655450746417045593e-02,1.063214093446731567e-01
-7.499065995216369629e-02,-5.667684227228164673e-02,1.063448339700698853e-01
-7.499065995216369629e-02,-5.667684227228164673e-02,1.063448339700698853e-01
-7.474684715270996094e-02,-5.679915472865104675e-02,1.063679158687591553e-01
-7.474684715270996094e-02,-5.679915472865104675e-02,1.063679158687591553e-01
-7.450389862060546875e-02,-5.692147091031074524e-02,1.063906401395797729e-01
-7.450389862060546875e-02,-5.692147091031074524e-02,1.063906401395797729e-01
-7.426182180643081665e-02,-5.704376846551895142e-02,1.064129993319511414e-01
-7.426182180643081665e-02,-5.704376846551895142e-02,1.064129993319511414e-01
-7.402059435844421387e-02,-5.716605111956596375e-02,1.064350157976150513e-01
-7.402059435844421387e-02,-5.716605111956596375e-02,1.064350157976150513e-01
-7.378020882606506348e-02,-5.728831887245178223e-02,1.064566746354103088e-01
-7.378020882606506348e-02,-5.728831887245178223e-02,1.064566746354103088e-01
-7.354067265987396240e-02,-5.741056799888610840e-02,1.064779758453369141e-01
-7.354067265987396240e-02,-5.741056799888610840e-02,1.064779758453369141e-01
-7.330198585987091064e-02,-5.753280594944953918e-02,1.064989268779754639e-01
-7.330198585987091064e-02,-5.753280594944953918e-02,1.064989268779754639e-01
-7.306414097547531128e-02,-5.765501782298088074e-02,1.065195202827453613e-01
-7.306414097547531128e-02,-5.765501782298088074e-02,1.065195202827453613e-01
-7.282713800668716431e-02,-5.777721852064132690e-02,1.065397784113883972e-01
-7.282713800668716431e-02,-5.777721852064132690e-02,1.065397784113883972e-01
-7.259093970060348511e-02,-5.789940059185028076e-02,1.065596640110015869e-01
-7.259093970060348511e-02,-5.789940059185028076e-02,1.065596640110015869e-01
-7.235557585954666138e-02,-5.802156031131744385e-02,1.065792143344879150e-01
-7.235557585954666138e-02,-5.802156031131744385e-02,1.065792143344879150e-01
-7.212103158235549927e-02,-5.814370885491371155e-02,1.065984070301055908e-01
-7.212103158235549927e-02,-5.814370885491371155e-02,1.065984070301055908e-01
-7.188731431961059570e-02,-5.826583132147789001e-02,1.066172569990158081e-01
-7.188731431961059570e-02,-5.826583132147789001e-02,1.066172569990158081e-01
-7.165439426898956299e-02,-5.838792771100997925e-02,1.066357642412185669e-01
-7.165439426898956299e-02,-5.838792771100997925e-02,1.066357642412185669e-01
-7.142228633165359497e-02,-5.851000919938087463e-02,1.066539064049720764e-01
-7.142228633165359497e-02,-5.851000919938087463e-02,1.066539064049720764e-01
-7.119097560644149780e-02,-5.863206088542938232e-02,1.066717058420181274e-01
-7.119097560644149780e-02,-5.863206088542938232e-02,1.066717058420181274e-01
-7.096046954393386841e-02,-5.875409767031669617e-02,1.066891625523567200e-01
-7.096046954393386841e-02,-5.875409767031669617e-02,1.066891625523567200e-01
-7.073074579238891602e-02,-5.887610465288162231e-02,1.067062616348266602e-01
-7.073074579238891602e-02,-5.887610465288162231e-02,1.067062616348266602e-01
-7.050181925296783447e-02,-5.899808555841445923e-02,1.067230179905891418e-01
-7.050181925296783447e-02,-5.899808555841445923e-02,1.067230179905891418e-01
-7.027366757392883301e-02,-5.912004783749580383e-02,1.067394465208053589e-01
-7.027366757392883301e-02,-5.912004783749580383e-02,1.067394465208053589e-01
-7.004630565643310547e-02,-5.924197658896446228e-02,1.067555099725723267e-01
-7.004630565643310547e-02,-5.924197658896446228e-02,1.067555099725723267e-01
-6.981971859931945801e-02,-5.936389043927192688e-02,1.067712381482124329e-01
-6.981971859931945801e-02,-5.936389043927192688e-02,1.067712381482124329e-01
-6.959389150142669678e-02,-5.948576331138610840e-02,1.067866086959838867e-01
-6.959389150142669678e-02,-5.948576331138610840e-02,1.067866086959838867e-01
-6.936884671449661255e-02,-5.960760638117790222e-02,1.068016588687896729e-01
-6.936884671449661255e-02,-5.960760638117790222e-02,1.068016588687896729e-01
-6.914453953504562378e-02,-5.972942709922790527e-02,1.068163588643074036e-01
-6.914453953504562378e-02,-5.972942709922790527e-02,1.068163588643074036e-01
-6.892100721597671509e-02,-5.985121428966522217e-02,1.068307012319564819e-01
-6.892100721597671509e-02,-5.985121428966522217e-02,1.068307012319564819e-01
-6.869822740554809570e-02,-5.997297912836074829e-02,1.068447083234786987e-01
-6.869822740554809570e-02,-5.997297912836074829e-02,1.068447083234786987e-01
-6.847617030143737793e-02,-6.009470671415328979e-02,1.068583875894546509e-01
-6.847617030143737793e-02,-6.009470671415328979e-02,1.068583875894546509e-01
-6.825488060712814331e-02,-6.021640449762344360e-02,1.068717092275619507e-01
-6.825488060712814331e-02,-6.021640449762344360e-02,1.068717092275619507e-01
-6.803432106971740723e-02,-6.033806875348091125e-02,1.068846955895423889e-01
-6.803432106971740723e-02,-6.033806875348091125e-02,1.068846955895423889e-01
-6.781449168920516968e-02,-6.045969203114509583e-02,1.068973466753959656e-01
-6.781449168920516968e-02,-6.045969203114509583e-02,1.068973466753959656e-01
-6.759539991617202759e-02,-6.058128923177719116e-02,1.069096550345420837e-01
-6.759539991617202759e-02,-6.058128923177719116e-02,1.069096550345420837e-01
-6.737703084945678711e-02,-6.070284917950630188e-02,1.069216355681419373e-01
-6.737703084945678711e-02,-6.070284917950630188e-02,1.069216355681419373e-01
-6.715937703847885132e-02,-6.082437187433242798e-02,1.069332659244537354e-01
-6.715937703847885132e-02,-6.082437187433242798e-02,1.069332659244537354e-01
-6.694243848323822021e-02,-6.094586849212646484e-02,1.069445610046386719e-01
-6.694243848323822021e-02,-6.094586849212646484e-02,1.069445610046386719e-01
-6.672621518373489380e-02,-6.106732040643692017e-02,1.069555282592773438e-01
-6.672621518373489380e-02,-6.106732040643692017e-02,1.069555282592773438e-01
-6.651069968938827515e-02,-6.118873879313468933e-02,1.069661453366279602e-01
-6.651069968938827515e-02,-6.118873879313468933e-02,1.069661453366279602e-01
-6.629588454961776733e-02,-6.131010875105857849e-02,1.069764420390129089e-01
-6.629588454961776733e-02,-6.131010875105857849e-02,1.069764420390129089e-01
-6.608176231384277344e-02,-6.143144518136978149e-02,1.069863811135292053e-01
-6.608176231384277344e-02,-6.143144518136978149e-02,1.069863811135292053e-01
-6.586834043264389038e-02,-6.155274063348770142e-02,1.069960072636604309e-01
-6.586834043264389038e-02,-6.155274063348770142e-02,1.069960072636604309e-01
-6.565560400485992432e-02,-6.167400255799293518e-02,1.070053055882453918e-01
-6.565560400485992432e-02,-6.167400255799293518e-02,1.070053055882453918e-01
-6.544355303049087524e-02,-6.179522350430488586e-02,1.070142537355422974e-01
-6.544355303049087524e-02,-6.179522350430488586e-02,1.070142537355422974e-01
-6.523217260837554932e-02,-6.191638484597206116e-02,1.070228815078735352e-01
-6.523217260837554932e-02,-6.191638484597206116e-02,1.070228815078735352e-01
-6.502147763967514038e-02,-6.203751638531684875e-02,1.070311516523361206e-01
-6.502147763967514038e-02,-6.203751638531684875e-02,1.070311516523361206e-01
-6.481145322322845459e-02,-6.215861067175865173e-02,1.070391088724136353e-01
-6.481145322322845459e-02,-6.215861067175865173e-02,1.070391088724136353e-01
-6.460208445787429810e-02,-6.227965280413627625e-02,1.070467308163642883e-01
-6.460208445787429810e-02,-6.227965280413627625e-02,1.070467308163642883e-01
-6.439337879419326782e-02,-6.240065768361091614e-02,1.070540323853492737e-01
-6.439337879419326782e-02,-6.240065768361091614e-02,1.070540323853492737e-01
-6.418533623218536377e-02,-6.252161413431167603e-02,1.070609912276268005e-01
-6.418533623218536377e-02,-6.252161413431167603e-02,1.070609912276268005e-01
-6.397794187068939209e-02,-6.264252215623855591e-02,1.070676371455192566e-01
-6.397794187068939209e-02,-6.264252215623855591e-02,1.070676371455192566e-01
-6.377119570970535278e-02,-6.276337802410125732e-02,1.070739477872848511e-01
-6.377119570970535278e-02,-6.276337802410125732e-02,1.070739477872848511e-01
-6.356509029865264893e-02,-6.288419663906097412e-02,1.070799157023429871e-01
-6.356509029865264893e-02,-6.288419663906097412e-02,1.070799157023429871e-01
-6.335964053869247437e-02,-6.300496309995651245e-02,1.070855706930160522e-01
-6.335964053869247437e-02,-6.300496309995651245e-02,1.070855706930160522e-01
-6.315480172634124756e-02,-6.312566995620727539e-02,1.070908904075622559e-01
-6.315480172634124756e-02,-6.312566995620727539e-02,1.070908904075622559e-01
-6.295059621334075928e-02,-6.324633955955505371e-02,1.070958897471427917e-01
-6.295059621334075928e-02,-6.324633955955505371e-02,1.070958897471427917e-01
-6.274702399969100952e-02,-6.336696445941925049e-02,1.071005612611770630e-01
-6.274702399969100952e-02,-6.336696445941925049e-02,1.071005612611770630e-01
-6.254407018423080444e-02,-6.348752230405807495e-02,1.071049049496650696e-01
-6.254407018423080444e-02,-6.348752230405807495e-02,1.071049049496650696e-01
-6.234171986579895020e-02,-6.360803544521331787e-02,1.071089208126068115e-01
-6.234171986579895020e-02,-6.360803544521331787e-02,1.071089208126068115e-01
-6.213999912142753601e-02,-6.372849643230438232e-02,1.071126237511634827e-01
-6.213999912142753601e-02,-6.372849643230438232e-02,1.071126237511634827e-01
-6.193888187408447266e-02,-6.384890526533126831e-02,1.071159988641738892e-01
-6.193888187408447266e-02,-6.384890526533126831e-02,1.071159988641738892e-01
-6.173835322260856628e-02,-6.396926194429397583e-02,1.071190461516380310e-01
-6.173835322260856628e-02,-6.396926194429397583e-02,1.071190461516380310e-01
-6.153843551874160767e-02,-6.408955901861190796e-02,1.071217730641365051e-01
-6.153843551874160767e-02,-6.408955901861190796e-02,1.071217730641365051e-01
-6.133910268545150757e-02,-6.420980393886566162e-02,1.071241796016693115e-01
-6.133910268545150757e-02,-6.420980393886566162e-02,1.071241796016693115e-01
-6.114035844802856445e-02,-6.432998925447463989e-02,1.071262508630752563e-01
-6.114035844802856445e-02,-6.432998925447463989e-02,1.071262508630752563e-01
-6.094219908118247986e-02,-6.445012986660003662e-02,1.071280092000961304e-01
-6.094219908118247986e-02,-6.445012986660003662e-02,1.071280092000961304e-01
-6.074462458491325378e-02,-6.457020342350006104e-02,1.071294546127319336e-01
-6.074462458491325378e-02,-6.457020342350006104e-02,1.071294546127319336e-01
-6.054762005805969238e-02,-6.469020992517471313e-02,1.071305871009826660e-01
-6.054762005805969238e-02,-6.469020992517471313e-02,1.071305871009826660e-01
-6.035118922591209412e-02,-6.481017917394638062e-02,1.071313843131065369e-01
-6.035118922591209412e-02,-6.481017917394638062e-02,1.071313843131065369e-01
-6.015532091259956360e-02,-6.493007391691207886e-02,1.071318611502647400e-01
-6.015532091259956360e-02,-6.493007391691207886e-02,1.071318611502647400e-01
-5.996002256870269775e-02,-6.504990160465240479e-02,1.071320250630378723e-01
-5.996002256870269775e-02,-6.504990160465240479e-02,1.071320250630378723e-01
-5.976527184247970581e-02,-6.516968458890914917e-02,1.071318686008453369e-01
-5.976527184247970581e-02,-6.516968458890914917e-02,1.071318686008453369e-01
-5.957107245922088623e-02,-6.528940051794052124e-02,1.071314066648483276e-01
-5.957107245922088623e-02,-6.528940051794052124e-02,1.071314066648483276e-01
-5.937742814421653748e-02,-6.540904939174652100e-02,1.071306318044662476e-01
-5.937742814421653748e-02,-6.540904939174652100e-02,1.071306318044662476e-01
-5.918431282043457031e-02,-6.552863866090774536e-02,1.071295216679573059e-01
-5.918431282043457031e-02,-6.552863866090774536e-02,1.071295216679573059e-01
-5.899174511432647705e-02,-6.564816832542419434e-02,1.071280986070632935e-01
-5.899174511432647705e-02,-6.564816832542419434e-02,1.071280986070632935e-01
-5.879971757531166077e-02,-6.576762348413467407e-02,1.071263626217842102e-01
-5.879971757531166077e-02,-6.576762348413467407e-02,1.071263626217842102e-01
-5.860821157693862915e-02,-6.588701903820037842e-02,1.071243211627006531e-01
-5.860821157693862915e-02,-6.588701903820037842e-02,1.071243211627006531e-01
-5.841723456978797913e-02,-6.600635498762130737e-02,1.071219667792320251e-01
-5.841723456978797913e-02,-6.600635498762130737e-02,1.071219667792320251e-01
-5.822677165269851685e-02,-6.612561643123626709e-02,1.071192920207977295e-01
-5.822677165269851685e-02,-6.612561643123626709e-02,1.071192920207977295e-01
-5.803683027625083923e-02,-6.624480336904525757e-02,1.071163117885589600e-01
-5.803683027625083923e-02,-6.624480336904525757e-02,1.071163117885589600e-01
-5.784739926457405090e-02,-6.636393815279006958e-02,1.071130186319351196e-01
-5.784739926457405090e-02,-6.636393815279006958e-02,1.071130186319351196e-01
-5.765848234295845032e-02,-6.648299098014831543e-02,1.071093976497650146e-01
-5.765848234295845032e-02,-6.648299098014831543e-02,1.071093976497650146e-01
-5.747005343437194824e-02,-6.660197675228118896e-02,1.071054786443710327e-01
-5.747005343437194824e-02,-6.660197675228118896e-02,1.071054786443710327e-01
-5.728214234113693237e-02,-6.672090291976928711e-02,1.071012467145919800e-01
-5.728214234113693237e-02,-6.672090291976928711e-02,1.071012467145919800e-01
-5.709470808506011963e-02,-6.683974713087081909e-02,1.070967167615890503e-01
-5.709470808506011963e-02,-6.683974713087081909e-02,1.070967167615890503e-01
-5.690776184201240540e-02,-6.695853173732757568e-02,1.070918664336204529e-01
-5.690776184201240540e-02,-6.695853173732757568e-02,1.070918664336204529e-01
-5.672129988670349121e-02,-6.707722693681716919e-02,1.070866957306861877e-01
-5.672129988670349121e-02,-6.707722693681716919e-02,1.070866957306861877e-01
-5.653531849384307861e-02,-6.719586998224258423e-02,1.070812344551086426e-01
-5.653531849384307861e-02,-6.719586998224258423e-02,1.070812344551086426e-01
-5.634982138872146606e-02,-6.731442362070083618e-02,1.070754602551460266e-01
-5.634982138872146606e-02,-6.731442362070083618e-02,1.070754602551460266e-01
-5.616478994488716125e-02,-6.743290275335311890e-02,1.070693805813789368e-01
-5.616478994488716125e-02,-6.743290275335311890e-02,1.070693805813789368e-01
-5.598022043704986572e-02,-6.755131483078002930e-02,1.070629879832267761e-01
-5.598022043704986572e-02,-6.755131483078002930e-02,1.070629879832267761e-01
-5.579610913991928101e-02,-6.766964495182037354e-02,1.070562973618507385e-01
-5.579610913991928101e-02,-6.766964495182037354e-02,1.070562973618507385e-01
-5.561247095465660095e-02,-6.778790056705474854e-02,1.070492938160896301e-01
-5.561247095465660095e-02,-6.778790056705474854e-02,1.070492938160896301e-01
-5.542926862835884094e-02,-6.790608167648315430e-02,1.070419922471046448e-01
-5.542926862835884094e-02,-6.790608167648315430e-02,1.070419922471046448e-01
-5.524651706218719482e-02,-6.802418082952499390e-02,1.070343926548957825e-01
-5.524651706218719482e-02,-6.802418082952499390e-02,1.070343926548957825e-01
-5.506421998143196106e-02,-6.814220547676086426e-02,1.070264801383018494e-01
-5.506421998143196106e-02,-6.814220547676086426e-02,1.070264801383018494e-01
-5.488235503435134888e-02,-6.826014816761016846e-02,1.070182695984840393e-01
-5.488235503435134888e-02,-6.826014816761016846e-02,1.070182695984840393e-01
-5.470091104507446289e-02,-6.837800890207290649e-02,1.070097535848617554e-01
-5.470091104507446289e-02,-6.837800890207290649e-02,1.070097535848617554e-01
-5.451991409063339233e-02,-6.849578768014907837e-02,1.070009246468544006e-01
-5.451991409063339233e-02,-6.849578768014907837e-02,1.070009246468544006e-01
-5.433933809399604797e-02,-6.861348450183868408e-02,1.069918125867843628e-01
-5.433933809399604797e-02,-6.861348450183868408e-02,1.069918125867843628e-01
-5.415917932987213135e-02,-6.873110681772232056e-02,1.069823876023292542e-01
-5.415917932987213135e-02,-6.873110681772232056e-02,1.069823876023292542e-01
-5.397943407297134399e-02,-6.884863972663879395e-02,1.069726645946502686e-01
-5.397943407297134399e-02,-6.884863972663879395e-02,1.069726645946502686e-01
-5.380011349916458130e-02,-6.896609067916870117e-02,1.069626584649085999e-01
-5.380011349916458130e-02,-6.896609067916870117e-02,1.069626584649085999e-01
-5.362118408083915710e-02,-6.908345967531204224e-02,1.069523245096206665e-01
-5.362118408083915710e-02,-6.908345967531204224e-02,1.069523245096206665e-01
-5.344266816973686218e-02,-6.920073926448822021e-02,1.069417148828506470e-01
-5.344266816973686218e-02,-6.920073926448822021e-02,1.069417148828506470e-01
-5.326454341411590576e-02,-6.931793689727783203e-02,1.069307923316955566e-01
-5.326454341411590576e-02,-6.931793689727783203e-02,1.069307923316955566e-01
-5.308680981397628784e-02,-6.943504512310028076e-02,1.069195717573165894e-01
-5.308680981397628784e-02,-6.943504512310028076e-02,1.069195717573165894e-01
-5.290947481989860535e-02,-6.955207139253616333e-02,1.069080606102943420e-01
-5.290947481989860535e-02,-6.955207139253616333e-02,1.069080606102943420e-01
-5.273251608014106750e-02,-6.966899335384368896e-02,1.068962737917900085e-01
-5.273251608014106750e-02,-6.966899335384368896e-02,1.068962737917900085e-01
-5.255594849586486816e-02,-6.978585571050643921e-02,1.068841665983200073e-01
-5.255594849586486816e-02,-6.978585571050643921e-02,1.068841665983200073e-01
-5.237974226474761963e-02,-6.990260630846023560e-02,1.068717539310455322e-01
-5.237974226474761963e-02,-6.990260630846023560e-02,1.068717539310455322e-01
-5.220391228795051575e-02,-7.001926749944686890e-02,1.068590655922889709e-01
-5.220391228795051575e-02,-7.001926749944686890e-02,1.068590655922889709e-01
-5.202844366431236267e-02,-7.013584673404693604e-02,1.068460866808891296e-01
-5.202844366431236267e-02,-7.013584673404693604e-02,1.068460866808891296e-01
-5.185334756970405579e-02,-7.025232911109924316e-02,1.068327948451042175e-01
-5.185334756970405579e-02,-7.025232911109924316e-02,1.068327948451042175e-01
-5.167859792709350586e-02,-7.036872208118438721e-02,1.068192347884178162e-01
-5.167859792709350586e-02,-7.036872208118438721e-02,1.068192347884178162e-01
-5.150420218706130981e-02,-7.048502564430236816e-02,1.068053618073463440e-01
-5.150420218706130981e-02,-7.048502564430236816e-02,1.068053618073463440e-01
-5.133016034960746765e-02,-7.060123234987258911e-02,1.067912206053733826e-01
-5.133016034960746765e-02,-7.060123234987258911e-02,1.067912206053733826e-01
-5.115646123886108398e-02,-7.071734219789505005e-02,1.067767590284347534e-01
-5.115646123886108398e-02,-7.071734219789505005e-02,1.067767590284347534e-01
-5.098309740424156189e-02,-7.083337008953094482e-02,1.067620217800140381e-01
-5.098309740424156189e-02,-7.083337008953094482e-02,1.067620217800140381e-01
-5.081006884574890137e-02,-7.094927877187728882e-02,1.067469865083694458e-01
-5.081006884574890137e-02,-7.094927877187728882e-02,1.067469865083694458e-01
-5.063737183809280396e-02,-7.106510549783706665e-02,1.067316755652427673e-01
-5.063737183809280396e-02,-7.106510549783706665e-02,1.067316755652427673e-01
-5.046499893069267273e-02,-7.118082791566848755e-02,1.067160591483116150e-01
-5.046499893069267273e-02,-7.118082791566848755e-02,1.067160591483116150e-01
-5.029294267296791077e-02,-7.129646092653274536e-02,1.067001596093177795e-01
-5.029294267296791077e-02,-7.129646092653274536e-02,1.067001596093177795e-01
-5.012120679020881653e-02,-7.141199707984924316e-02,1.066839918494224548e-01
-5.012120679020881653e-02,-7.141199707984924316e-02,1.066839918494224548e-01
-4.994978010654449463e-02,-7.152742892503738403e-02,1.066674962639808655e-01
-4.994978010654449463e-02,-7.152742892503738403e-02,1.066674962639808655e-01
-4.977866262197494507e-02,-7.164275646209716797e-02,1.066507473587989807e-01
-4.977866262197494507e-02,-7.164275646209716797e-02,1.066507473587989807e-01
-4.960784688591957092e-02,-7.175798714160919189e-02,1.066337078809738159e-01
-4.960784688591957092e-02,-7.175798714160919189e-02,1.066337078809738159e-01
-4.943733662366867065e-02,-7.187312096357345581e-02,1.066163703799247742e-01
-4.943733662366867065e-02,-7.187312096357345581e-02,1.066163703799247742e-01
-4.926710575819015503e-02,-7.198814302682876587e-02,1.065987572073936462e-01
-4.926710575819015503e-02,-7.198814302682876587e-02,1.065987572073936462e-01
-4.909717291593551636e-02,-7.210307568311691284e-02,1.065808609127998352e-01
-4.909717291593551636e-02,-7.210307568311691284e-02,1.065808609127998352e-01
-4.892752319574356079e-02,-7.221789658069610596e-02,1.065626740455627441e-01
-4.892752319574356079e-02,-7.221789658069610596e-02,1.065626740455627441e-01
-4.875815659761428833e-02,-7.233261317014694214e-02,1.065442040562629700e-01
-4.875815659761428833e-02,-7.233261317014694214e-02,1.065442040562629700e-01
-4.858905822038650513e-02,-7.244722545146942139e-02,1.065254658460617065e-01
-4.858905822038650513e-02,-7.244722545146942139e-02,1.065254658460617065e-01
-4.842023178935050964e-02,-7.256174087524414062e-02,1.065064221620559692e-01
-4.842023178935050964e-02,-7.256174087524414062e-02,1.065064221620559692e-01
-4.825167357921600342e-02,-7.267613708972930908e-02,1.064871028065681458e-01
-4.825167357921600342e-02,-7.267613708972930908e-02,1.064871028065681458e-01
-4.808337986469268799e-02,-7.279043644666671753e-02,1.064675152301788330e-01
-4.808337986469268799e-02,-7.279043644666671753e-02,1.064675152301788330e-01
-4.791533946990966797e-02,-7.290461659431457520e-02,1.064476370811462402e-01
-4.791533946990966797e-02,-7.290461659431457520e-02,1.064476370811462402e-01
-4.774754866957664490e-02,-7.301869988441467285e-02,1.064274758100509644e-01
-4.774754866957664490e-02,-7.301869988441467285e-02,1.064274758100509644e-01
-4.758001491427421570e-02,-7.313266396522521973e-02,1.064070463180541992e-01
-4.758001491427421570e-02,-7.313266396522521973e-02,1.064070463180541992e-01
-4.741271957755088806e-02,-7.324652373790740967e-02,1.063863337039947510e-01
-4.741271957755088806e-02,-7.324652373790740967e-02,1.063863337039947510e-01
-4.724566638469696045e-02,-7.336027175188064575e-02,1.063653305172920227e-01
-4.724566638469696045e-02,-7.336027175188064575e-02,1.063653305172920227e-01
-4.707884043455123901e-02,-7.347390800714492798e-02,1.063440516591072083e-01
-4.707884043455123901e-02,-7.347390800714492798e-02,1.063440516591072083e-01
-4.691225290298461914e-02,-7.358743250370025635e-02,1.063225045800209045e-01
-4.691225290298461914e-02,-7.358743250370025635e-02,1.063225045800209045e-01
-4.674588143825531006e-02,-7.370084524154663086e-02,1.063006743788719177e-01
-4.674588143825531006e-02,-7.370084524154663086e-02,1.063006743788719177e-01
-4.657974094152450562e-02,-7.381414622068405151e-02,1.062785834074020386e-01
-4.657974094152450562e-02,-7.381414622068405151e-02,1.062785834074020386e-01
-4.641381651163101196e-02,-7.392732799053192139e-02,1.062562018632888794e-01
-4.641381651163101196e-02,-7.392732799053192139e-02,1.062562018632888794e-01
-4.624809697270393372e-02,-7.404041290283203125e-02,1.062335520982742310e-01
-4.624809697270393372e-02,-7.404041290283203125e-02,1.062335520982742310e-01
-4.608258232474327087e-02,-7.415335625410079956e-02,1.062106192111968994e-01
-4.608258232474327087e-02,-7.415335625410079956e-02,1.062106192111968994e-01
-4.591727256774902344e-02,-7.426619529724121094e-02,1.061874181032180786e-01
-4.591727256774902344e-02,-7.426619529724121094e-02,1.061874181032180786e-01
-4.575217142701148987e-02,-7.437892258167266846e-02,1.061639413237571716e-01
-4.575217142701148987e-02,-7.437892258167266846e-02,1.061639413237571716e-01
-4.558725282549858093e-02,-7.449151575565338135e-02,1.061402037739753723e-01
-4.558725282549858093e-02,-7.449151575565338135e-02,1.061402037739753723e-01
-4.542253166437149048e-02,-7.460401207208633423e-02,1.061161831021308899e-01
-4.542253166437149048e-02,-7.460401207208633423e-02,1.061161831021308899e-01
-4.525798559188842773e-02,-7.471637427806854248e-02,1.060918942093849182e-01
-4.525798559188842773e-02,-7.471637427806854248e-02,1.060918942093849182e-01
-4.509362205862998962e-02,-7.482861727476119995e-02,1.060673296451568604e-01
-4.509362205862998962e-02,-7.482861727476119995e-02,1.060673296451568604e-01
-4.492943733930587769e-02,-7.494074851274490356e-02,1.060424968600273132e-01
-4.492943733930587769e-02,-7.494074851274490356e-02,1.060424968600273132e-01
-4.476542025804519653e-02,-7.505275309085845947e-02,1.060173958539962769e-01
-4.476542025804519653e-02,-7.505275309085845947e-02,1.060173958539962769e-01
-4.460157454013824463e-02,-7.516464591026306152e-02,1.059920191764831543e-01
-4.460157454013824463e-02,-7.516464591026306152e-02,1.059920191764831543e-01
-4.443788900971412659e-02,-7.527640461921691895e-02,1.059663891792297363e-01
-4.443788900971412659e-02,-7.527640461921691895e-02,1.059663891792297363e-01
-4.427435621619224548e-02,-7.538804411888122559e-02,1.059404611587524414e-01
-4.427435621619224548e-02,-7.538804411888122559e-02,1.059404611587524414e-01
-4.411097988486289978e-02,-7.549956440925598145e-02,1.059142947196960449e-01
-4.411097988486289978e-02,-7.549956440925598145e-02,1.059142947196960449e-01
-4.394775629043579102e-02,-7.561094313859939575e-02,1.058878526091575623e-01
-4.394775629043579102e-02,-7.561094313859939575e-02,1.058878526091575623e-01
-4.378467053174972534e-02,-7.572221010923385620e-02,1.058611348271369934e-01
-4.378467053174972534e-02,-7.572221010923385620e-02,1.058611348271369934e-01
-4.362172260880470276e-02,-7.583334296941757202e-02,1.058341562747955322e-01
-4.362172260880470276e-02,-7.583334296941757202e-02,1.058341562747955322e-01
-4.345890879631042480e-02,-7.594435662031173706e-02,1.058069318532943726e-01
-4.345890879631042480e-02,-7.594435662031173706e-02,1.058069318532943726e-01
-4.329622909426689148e-02,-7.605523616075515747e-02,1.057794168591499329e-01
-4.329622909426689148e-02,-7.605523616075515747e-02,1.057794168591499329e-01
-4.313367232680320740e-02,-7.616599649190902710e-02,1.057516410946846008e-01
-4.313367232680320740e-02,-7.616599649190902710e-02,1.057516410946846008e-01
-4.297124221920967102e-02,-7.627662271261215210e-02,1.057236120104789734e-01
-4.297124221920967102e-02,-7.627662271261215210e-02,1.057236120104789734e-01
-4.280892759561538696e-02,-7.638712227344512939e-02,1.056952923536300659e-01
-4.280892759561538696e-02,-7.638712227344512939e-02,1.056952923536300659e-01
-4.264671728014945984e-02,-7.649748772382736206e-02,1.056667491793632507e-01
-4.264671728014945984e-02,-7.649748772382736206e-02,1.056667491793632507e-01
-4.248461872339248657e-02,-7.660771906375885010e-02,1.056379228830337524e-01
-4.248461872339248657e-02,-7.660771906375885010e-02,1.056379228830337524e-01
-4.232262074947357178e-02,-7.671782374382019043e-02,1.056088283658027649e-01
-4.232262074947357178e-02,-7.671782374382019043e-02,1.056088283658027649e-01
-4.216072708368301392e-02,-7.682779431343078613e-02,1.055794954299926758e-01
-4.216072708368301392e-02,-7.682779431343078613e-02,1.055794954299926758e-01
-4.199892655014991760e-02,-7.693762332201004028e-02,1.055498793721199036e-01
-4.199892655014991760e-02,-7.693762332201004028e-02,1.055498793721199036e-01
-4.183721169829368591e-02,-7.704733312129974365e-02,1.055200248956680298e-01
-4.183721169829368591e-02,-7.704733312129974365e-02,1.055200248956680298e-01
-4.167557507753372192e-02,-7.715690881013870239e-02,1.054898872971534729e-01
-4.167557507753372192e-02,-7.715690881013870239e-02,1.054898872971534729e-01
-4.151402786374092102e-02,-7.726633548736572266e-02,1.054595038294792175e-01
-4.151402786374092102e-02,-7.726633548736572266e-02,1.054595038294792175e-01
-4.135255888104438782e-02,-7.737562805414199829e-02,1.054288595914840698e-01
-4.135255888104438782e-02,-7.737562805414199829e-02,1.054288595914840698e-01
-4.119115695357322693e-02,-7.748480141162872314e-02,1.053979620337486267e-01
-4.119115695357322693e-02,-7.748480141162872314e-02,1.053979620337486267e-01
-4.102981835603713989e-02,-7.759381830692291260e-02,1.053667962551116943e-01
-4.102981835603713989e-02,-7.759381830692291260e-02,1.053667962551116943e-01
-4.086854308843612671e-02,-7.770270109176635742e-02,1.053353846073150635e-01
-4.086854308843612671e-02,-7.770270109176635742e-02,1.053353846073150635e-01
-4.070732742547988892e-02,-7.781144976615905762e-02,1.053037196397781372e-01
-4.070732742547988892e-02,-7.781144976615905762e-02,1.053037196397781372e-01
-4.054616391658782959e-02,-7.792006433010101318e-02,1.052717864513397217e-01
-4.054616391658782959e-02,-7.792006433010101318e-02,1.052717864513397217e-01
-4.038504883646965027e-02,-7.802852988243103027e-02,1.052395999431610107e-01
-4.038504883646965027e-02,-7.802852988243103027e-02,1.052395999431610107e-01
-4.022397100925445557e-02,-7.813685387372970581e-02,1.052071601152420044e-01
-4.022397100925445557e-02,-7.813685387372970581e-02,1.052071601152420044e-01
-4.006294906139373779e-02,-7.824503630399703979e-02,1.051744893193244934e-01
-4.006294906139373779e-02,-7.824503630399703979e-02,1.051744893193244934e-01
-3.990194946527481079e-02,-7.835308462381362915e-02,1.051415428519248962e-01
-3.990194946527481079e-02,-7.835308462381362915e-02,1.051415428519248962e-01
-3.974098339676856995e-02,-7.846098393201828003e-02,1.051083430647850037e-01
-3.974098339676856995e-02,-7.846098393201828003e-02,1.051083430647850037e-01
-3.958003222942352295e-02,-7.856873422861099243e-02,1.050748974084854126e-01
-3.958003222942352295e-02,-7.856873422861099243e-02,1.050748974084854126e-01
-3.941912204027175903e-02,-7.867634296417236328e-02,1.050412058830261230e-01
-3.941912204027175903e-02,-7.867634296417236328e-02,1.050412058830261230e-01
-3.925820812582969666e-02,-7.878381013870239258e-02,1.050072461366653442e-01
-3.925820812582969666e-02,-7.878381013870239258e-02,1.050072461366653442e-01
-3.909732028841972351e-02,-7.889113575220108032e-02,1.049730554223060608e-01
-3.909732028841972351e-02,-7.889113575220108032e-02,1.049730554223060608e-01
-3.893643617630004883e-02,-7.899829745292663574e-02,1.049385964870452881e-01
-3.893643617630004883e-02,-7.899829745292663574e-02,1.049385964870452881e-01
-3.877555206418037415e-02,-7.910533249378204346e-02,1.049038991332054138e-01
-3.877555206418037415e-02,-7.910533249378204346e-02,1.049038991332054138e-01
-3.861467167735099792e-02,-7.921220362186431885e-02,1.048689633607864380e-01
-3.861467167735099792e-02,-7.921220362186431885e-02,1.048689633607864380e-01
-3.845378383994102478e-02,-7.931893318891525269e-02,1.048337593674659729e-01
-3.845378383994102478e-02,-7.931893318891525269e-02,1.048337593674659729e-01
-3.829288855195045471e-02,-7.942552119493484497e-02,1.047983244061470032e-01
-3.829288855195045471e-02,-7.942552119493484497e-02,1.047983244061470032e-01
-3.813197091221809387e-02,-7.953193783760070801e-02,1.047626212239265442e-01
-3.813197091221809387e-02,-7.953193783760070801e-02,1.047626212239265442e-01
-3.797103837132453918e-02,-7.963822036981582642e-02,1.047266870737075806e-01
-3.797103837132453918e-02,-7.963822036981582642e-02,1.047266870737075806e-01
-3.781008347868919373e-02,-7.974434643983840942e-02,1.046905070543289185e-01
-3.781008347868919373e-02,-7.974434643983840942e-02,1.046905070543289185e-01
-3.764909505844116211e-02,-7.985032349824905396e-02,1.046540886163711548e-01
-3.764909505844116211e-02,-7.985032349824905396e-02,1.046540886163711548e-01
-3.748806938529014587e-02,-7.995613664388656616e-02,1.046173945069313049e-01
-3.748806938529014587e-02,-7.995613664388656616e-02,1.046173945069313049e-01
-3.732701390981674194e-02,-8.006180822849273682e-02,1.045804843306541443e-01
-3.732701390981674194e-02,-8.006180822849273682e-02,1.045804843306541443e-01
-3.716591000556945801e-02,-8.016732335090637207e-02,1.045433282852172852e-01
-3.716591000556945801e-02,-8.016732335090637207e-02,1.045433282852172852e-01
-3.700476512312889099e-02,-8.027268201112747192e-02,1.045059263706207275e-01
-3.700476512312889099e-02,-8.027268201112747192e-02,1.045059263706207275e-01
-3.684356808662414551e-02,-8.037787675857543945e-02,1.044682636857032776e-01
-3.684356808662414551e-02,-8.037787675857543945e-02,1.044682636857032776e-01
-3.668230772018432617e-02,-8.048292994499206543e-02,1.044303774833679199e-01
-3.668230772018432617e-02,-8.048292994499206543e-02,1.044303774833679199e-01
-3.652099519968032837e-02,-8.058781176805496216e-02,1.043922454118728638e-01
-3.652099519968032837e-02,-8.058781176805496216e-02,1.043922454118728638e-01
-3.635961562395095825e-02,-8.069254457950592041e-02,1.043538749217987061e-01
-3.635961562395095825e-02,-8.069254457950592041e-02,1.043538749217987061e-01
-3.619816526770591736e-02,-8.079712092876434326e-02,1.043152809143066406e-01
-3.619816526770591736e-02,-8.079712092876434326e-02,1.043152809143066406e-01
-3.603664040565490723e-02,-8.090153336524963379e-02,1.042764186859130859e-01
-3.603664040565490723e-02,-8.090153336524963379e-02,1.042764186859130859e-01
-3.587504103779792786e-02,-8.100577443838119507e-02,1.042373254895210266e-01
-3.587504103779792786e-02,-8.100577443838119507e-02,1.042373254895210266e-01
-3.571335226297378540e-02,-8.110986649990081787e-02,1.041979938745498657e-01
-3.571335226297378540e-02,-8.110986649990081787e-02,1.041979938745498657e-01
-3.555157408118247986e-02,-8.121380209922790527e-02,1.041584387421607971e-01
-3.555157408118247986e-02,-8.121380209922790527e-02,1.041584387421607971e-01
-3.538970649242401123e-02,-8.131756633520126343e-02,1.041186228394508362e-01
-3.538970649242401123e-02,-8.131756633520126343e-02,1.041186228394508362e-01
-3.522774577140808105e-02,-8.142116665840148926e-02,1.040785983204841614e-01
-3.522774577140808105e-02,-8.142116665840148926e-02,1.040785983204841614e-01
-3.506568819284439087e-02,-8.152461051940917969e-02,1.040383055806159973e-01
-3.506568819284439087e-02,-8.152461051940917969e-02,1.040383055806159973e-01
-3.490351513028144836e-02,-8.162788301706314087e-02,1.039977893233299255e-01
-3.490351513028144836e-02,-8.162788301706314087e-02,1.039977893233299255e-01
-3.474123030900955200e-02,-8.173099905252456665e-02,1.039570420980453491e-01
-3.474123030900955200e-02,-8.173099905252456665e-02,1.039570420980453491e-01
-3.457884117960929871e-02,-8.183395117521286011e-02,1.039160639047622681e-01
-3.457884117960929871e-02,-8.183395117521286011e-02,1.039160639047622681e-01
-3.441632166504859924e-02,-8.193672448396682739e-02,1.038748472929000854e-01
-3.441632166504859924e-02,-8.193672448396682739e-02,1.038748472929000854e-01
-3.425367921590805054e-02,-8.203934133052825928e-02,1.038333922624588013e-01
-3.425367921590805054e-02,-8.203934133052825928e-02,1.038333922624588013e-01
-3.409091383218765259e-02,-8.214177936315536499e-02,1.037917062640190125e-01
-3.409091383218765259e-02,-8.214177936315536499e-02,1.037917062640190125e-01
-3.392801061272621155e-02,-8.224405348300933838e-02,1.037497892975807190e-01
-3.392801061272621155e-02,-8.224405348300933838e-02,1.037497892975807190e-01
-3.376496955752372742e-02,-8.234617114067077637e-02,1.037076413631439209e-01
-3.376496955752372742e-02,-8.234617114067077637e-02,1.037076413631439209e-01
-3.360179066658020020e-02,-8.244810253381729126e-02,1.036652550101280212e-01
-3.360179066658020020e-02,-8.244810253381729126e-02,1.036652550101280212e-01
-3.343846648931503296e-02,-8.254986256361007690e-02,1.036226376891136169e-01
-3.343846648931503296e-02,-8.254986256361007690e-02,1.036226376891136169e-01
-3.327498212456703186e-02,-8.265145868062973022e-02,1.035798117518424988e-01
-3.327498212456703186e-02,-8.265145868062973022e-02,1.035798117518424988e-01
-3.311134502291679382e-02,-8.275287598371505737e-02,1.035367473959922791e-01
-3.311134502291679382e-02,-8.275287598371505737e-02,1.035367473959922791e-01
-3.294754773378372192e-02,-8.285412937402725220e-02,1.034934371709823608e-01
-3.294754773378372192e-02,-8.285412937402725220e-02,1.034934371709823608e-01
-3.278359025716781616e-02,-8.295521140098571777e-02,1.034499034285545349e-01
-3.278359025716781616e-02,-8.295521140098571777e-02,1.034499034285545349e-01
-3.261946141719818115e-02,-8.305609971284866333e-02,1.034061536192893982e-01
-3.261946141719818115e-02,-8.305609971284866333e-02,1.034061536192893982e-01
-3.245515748858451843e-02,-8.315683156251907349e-02,1.033621728420257568e-01
-3.245515748858451843e-02,-8.315683156251907349e-02,1.033621728420257568e-01
-3.229067474603652954e-02,-8.325738459825515747e-02,1.033179610967636108e-01
-3.229067474603652954e-02,-8.325738459825515747e-02,1.033179610967636108e-01
-3.212601318955421448e-02,-8.335775882005691528e-02,1.032735258340835571e-01
-3.212601318955421448e-02,-8.335775882005691528e-02,1.032735258340835571e-01
-3.196115419268608093e-02,-8.345796167850494385e-02,1.032288521528244019e-01
-3.196115419268608093e-02,-8.345796167850494385e-02,1.032288521528244019e-01
-3.179610893130302429e-02,-8.355797827243804932e-02,1.031839698553085327e-01
-3.179610893130302429e-02,-8.355797827243804932e-02,1.031839698553085327e-01
-3.163086995482444763e-02,-8.365781605243682861e-02,1.031388491392135620e-01
-3.163086995482444763e-02,-8.365781605243682861e-02,1.031388491392135620e-01
-3.146542608737945557e-02,-8.375748246908187866e-02,1.030935272574424744e-01
-3.146542608737945557e-02,-8.375748246908187866e-02,1.030935272574424744e-01
-3.129977360367774963e-02,-8.385696262121200562e-02,1.030479595065116882e-01
-3.129977360367774963e-02,-8.385696262121200562e-02,1.030479595065116882e-01
-3.113391809165477753e-02,-8.395626395940780640e-02,1.030021756887435913e-01
-3.113391809165477753e-02,-8.395626395940780640e-02,1.030021756887435913e-01
-3.096784092485904694e-02,-8.405538648366928101e-02,1.029561758041381836e-01
-3.096784092485904694e-02,-8.405538648366928101e-02,1.029561758041381836e-01
-3.080154210329055786e-02,-8.415431529283523560e-02,1.029099449515342712e-01
-3.080154210329055786e-02,-8.415431529283523560e-02,1.029099449515342712e-01
-3.063502721488475800e-02,-8.425307273864746094e-02,1.028634905815124512e-01
-3.063502721488475800e-02,-8.425307273864746094e-02,1.028634905815124512e-01
-3.046828508377075195e-02,-8.435165137052536011e-02,1.028168275952339172e-01
-3.046828508377075195e-02,-8.435165137052536011e-02,1.028168275952339172e-01
-3.030130267143249512e-02,-8.445002883672714233e-02,1.027699410915374756e-01
-3.030130267143249512e-02,-8.445002883672714233e-02,1.027699410915374756e-01
-3.013408929109573364e-02,-8.454823493957519531e-02,1.027228236198425293e-01
-3.013408929109573364e-02,-8.454823493957519531e-02,1.027228236198425293e-01
-2.996662817895412445e-02,-8.464625477790832520e-02,1.026755049824714661e-01
-2.996662817895412445e-02,-8.464625477790832520e-02,1.026755049824714661e-01
-2.979892119765281677e-02,-8.474408090114593506e-02,1.026279479265213013e-01
-2.979892119765281677e-02,-8.474408090114593506e-02,1.026279479265213013e-01
-2.963095903396606445e-02,-8.484173566102981567e-02,1.025801897048950195e-01
-2.963095903396606445e-02,-8.484173566102981567e-02,1.025801897048950195e-01
-2.946275658905506134e-02,-8.493918180465698242e-02,1.025322005152702332e-01
-2.946275658905506134e-02,-8.493918180465698242e-02,1.025322005152702332e-01
-2.929428219795227051e-02,-8.503644913434982300e-02,1.024840101599693298e-01
-2.929428219795227051e-02,-8.503644913434982300e-02,1.024840101599693298e-01
-2.912554144859313965e-02,-8.513353765010833740e-02,1.024355888366699219e-01
-2.912554144859313965e-02,-8.513353765010833740e-02,1.024355888366699219e-01
-2.895653434097766876e-02,-8.523042500019073486e-02,1.023869588971138000e-01
-2.895653434097766876e-02,-8.523042500019073486e-02,1.023869588971138000e-01
-2.878725901246070862e-02,-8.532711863517761230e-02,1.023381054401397705e-01
-2.878725901246070862e-02,-8.532711863517761230e-02,1.023381054401397705e-01
-2.861769869923591614e-02,-8.542362600564956665e-02,1.022890582680702209e-01
-2.861769869923591614e-02,-8.542362600564956665e-02,1.022890582680702209e-01
-2.844785153865814209e-02,-8.551993966102600098e-02,1.022397801280021667e-01
-2.844785153865814209e-02,-8.551993966102600098e-02,1.022397801280021667e-01
-2.827772311866283417e-02,-8.561605960130691528e-02,1.021902859210968018e-01
-2.827772311866283417e-02,-8.561605960130691528e-02,1.021902859210968018e-01
-2.810730412602424622e-02,-8.571198582649230957e-02,1.021405979990959167e-01
-2.810730412602424622e-02,-8.571198582649230957e-02,1.021405979990959167e-01
-2.793658897280693054e-02,-8.580772578716278076e-02,1.020906716585159302e-01
-2.793658897280693054e-02,-8.580772578716278076e-02,1.020906716585159302e-01
-2.776557020843029022e-02,-8.590327203273773193e-02,1.020405590534210205e-01
-2.776557020843029022e-02,-8.590327203273773193e-02,1.020405590534210205e-01
-2.759423851966857910e-02,-8.599861711263656616e-02,1.019902154803276062e-01
-2.759423851966857910e-02,-8.599861711263656616e-02,1.019902154803276062e-01
-2.742260508239269257e-02,-8.609376847743988037e-02,1.019396707415580750e-01
-2.742260508239269257e-02,-8.609376847743988037e-02,1.019396707415580750e-01
-2.725065685808658600e-02,-8.618871122598648071e-02,1.018889099359512329e-01
-2.725065685808658600e-02,-8.618871122598648071e-02,1.018889099359512329e-01
-2.707839198410511017e-02,-8.628346771001815796e-02,1.018379479646682739e-01
-2.707839198410511017e-02,-8.628346771001815796e-02,1.018379479646682739e-01
-2.690579555928707123e-02,-8.637802302837371826e-02,1.017867699265480042e-01
-2.690579555928707123e-02,-8.637802302837371826e-02,1.017867699265480042e-01
-2.673287689685821533e-02,-8.647238463163375854e-02,1.017353907227516174e-01
-2.673287689685821533e-02,-8.647238463163375854e-02,1.017353907227516174e-01
-2.655961550772190094e-02,-8.656653761863708496e-02,1.016838029026985168e-01
-2.655961550772190094e-02,-8.656653761863708496e-02,1.016838029026985168e-01
-2.638603374361991882e-02,-8.666049689054489136e-02,1.016319990158081055e-01
-2.638603374361991882e-02,-8.666049689054489136e-02,1.016319990158081055e-01
-2.621210180222988129e-02,-8.675424754619598389e-02,1.015799939632415771e-01
-2.621210180222988129e-02,-8.675424754619598389e-02,1.015799939632415771e-01
-2.603781968355178833e-02,-8.684780448675155640e-02,1.015277802944183350e-01
-2.603781968355178833e-02,-8.684780448675155640e-02,1.015277802944183350e-01
-2.586318552494049072e-02,-8.694114536046981812e-02,1.014753654599189758e-01
-2.586318552494049072e-02,-8.694114536046981812e-02,1.014753654599189758e-01
-2.568820118904113770e-02,-8.703429251909255981e-02,1.014227420091629028e-01
-2.568820118904113770e-02,-8.703429251909255981e-02,1.014227420091629028e-01
-2.551284991204738617e-02,-8.712725341320037842e-02,1.013699173927307129e-01
-2.551284991204738617e-02,-8.712725341320037842e-02,1.013699173927307129e-01
-2.533714100718498230e-02,-8.721998333930969238e-02,1.013168916106224060e-01
-2.533714100718498230e-02,-8.721998333930969238e-02,1.013168916106224060e-01
-2.516106516122817993e-02,-8.731251955032348633e-02,1.012636646628379822e-01
-2.516106516122817993e-02,-8.731251955032348633e-02,1.012636646628379822e-01
-2.498460747301578522e-02,-8.740483969449996948e-02,1.012102141976356506e-01
-2.498460747301578522e-02,-8.740483969449996948e-02,1.012102141976356506e-01
-2.480777911841869354e-02,-8.749696612358093262e-02,1.011565774679183960e-01
-2.480777911841869354e-02,-8.749696612358093262e-02,1.011565774679183960e-01
-2.463056333363056183e-02,-8.758887648582458496e-02,1.011027321219444275e-01
-2.463056333363056183e-02,-8.758887648582458496e-02,1.011027321219444275e-01
-2.445295266807079315e-02,-8.768058568239212036e-02,1.010487005114555359e-01
-2.445295266807079315e-02,-8.768058568239212036e-02,1.010487005114555359e-01
-2.427496574819087982e-02,-8.777207136154174805e-02,1.009944528341293335e-01
-2.427496574819087982e-02,-8.777207136154174805e-02,1.009944528341293335e-01
-2.409657649695873260e-02,-8.786336332559585571e-02,1.009400039911270142e-01
-2.409657649695873260e-02,-8.786336332559585571e-02,1.009400039911270142e-01
-2.391778491437435150e-02,-8.795443922281265259e-02,1.008853763341903687e-01
-2.391778491437435150e-02,-8.795443922281265259e-02,1.008853763341903687e-01
-2.373857982456684113e-02,-8.804529905319213867e-02,1.008305326104164124e-01
-2.373857982456684113e-02,-8.804529905319213867e-02,1.008305326104164124e-01
-2.355898171663284302e-02,-8.813595771789550781e-02,1.007754951715469360e-01
-2.355898171663284302e-02,-8.813595771789550781e-02,1.007754951715469360e-01
-2.337895892560482025e-02,-8.822640031576156616e-02,1.007202565670013428e-01
-2.337895892560482025e-02,-8.822640031576156616e-02,1.007202565670013428e-01
-2.319851517677307129e-02,-8.831662684679031372e-02,1.006648167967796326e-01
-2.319851517677307129e-02,-8.831662684679031372e-02,1.006648167967796326e-01
-2.301765233278274536e-02,-8.840664476156234741e-02,1.006091907620429993e-01
-2.301765233278274536e-02,-8.840664476156234741e-02,1.006091907620429993e-01
-2.283635549247264862e-02,-8.849643915891647339e-02,1.005533635616302490e-01
-2.283635549247264862e-02,-8.849643915891647339e-02,1.005533635616302490e-01
-2.265463210642337799e-02,-8.858601748943328857e-02,1.004973351955413818e-01
-2.265463210642337799e-02,-8.858601748943328857e-02,1.004973351955413818e-01
-2.247247099876403809e-02,-8.867538720369338989e-02,1.004411205649375916e-01
-2.247247099876403809e-02,-8.867538720369338989e-02,1.004411205649375916e-01
-2.228987030684947968e-02,-8.876453340053558350e-02,1.003847047686576843e-01
-2.228987030684947968e-02,-8.876453340053558350e-02,1.003847047686576843e-01
-2.210681699216365814e-02,-8.885347098112106323e-02,1.003281101584434509e-01
-2.210681699216365814e-02,-8.885347098112106323e-02,1.003281101584434509e-01
-2.192331477999687195e-02,-8.894218504428863525e-02,1.002713218331336975e-01
-2.192331477999687195e-02,-8.894218504428863525e-02,1.002713218331336975e-01
-2.173935808241367340e-02,-8.903068304061889648e-02,1.002143174409866333e-01
-2.173935808241367340e-02,-8.903068304061889648e-02,1.002143174409866333e-01
-2.155494317412376404e-02,-8.911895751953125000e-02,1.001571416854858398e-01
-2.155494317412376404e-02,-8.911895751953125000e-02,1.001571416854858398e-01
-2.137005701661109924e-02,-8.920701593160629272e-02,1.000997573137283325e-01
-2.137005701661109924e-02,-8.920701593160629272e-02,1.000997573137283325e-01
-2.118470892310142517e-02,-8.929485827684402466e-02,1.000421941280364990e-01
-2.118470892310142517e-02,-8.929485827684402466e-02,1.000421941280364990e-01
-2.099888212978839874e-02,-8.938246965408325195e-02,9.998443722724914551e-02
-2.099888212978839874e-02,-8.938246965408325195e-02,9.998443722724914551e-02
-2.081257849931716919e-02,-8.946985751390457153e-02,9.992649406194686890e-02
-2.081257849931716919e-02,-8.946985751390457153e-02,9.992649406194686890e-02
-2.062579989433288574e-02,-8.955702930688858032e-02,9.986835718154907227e-02
-2.062579989433288574e-02,-8.955702930688858032e-02,9.986835718154907227e-02
-2.043852768838405609e-02,-8.964397758245468140e-02,9.981003403663635254e-02
-2.043852768838405609e-02,-8.964397758245468140e-02,9.981003403663635254e-02
-2.025075815618038177e-02,-8.973069489002227783e-02,9.975152462720870972e-02
-2.025075815618038177e-02,-8.973069489002227783e-02,9.975152462720870972e-02
-2.006250619888305664e-02,-8.981718868017196655e-02,9.969282150268554688e-02
-2.006250619888305664e-02,-8.981718868017196655e-02,9.969282150268554688e-02
-1.987374387681484222e-02,-8.990345150232315063e-02,9.963393211364746094e-02
-1.987374387681484222e-02,-8.990345150232315063e-02,9.963393211364746094e-02
-1.968447491526603699e-02,-8.998949825763702393e-02,9.957485646009445190e-02
-1.968447491526603699e-02,-8.998949825763702393e-02,9.957485646009445190e-02
-1.949469931423664093e-02,-9.007532149553298950e-02,9.951560199260711670e-02
-1.949469931423664093e-02,-9.007532149553298950e-02,9.951560199260711670e-02
-1.930440776050090790e-02,-9.016089886426925659e-02,9.945615381002426147e-02
-1.930440776050090790e-02,-9.016089886426925659e-02,9.945615381002426147e-02
-1.911360025405883789e-02,-9.024626016616821289e-02,9.939652681350708008e-02
-1.911360025405883789e-02,-9.024626016616821289e-02,9.939652681350708008e-02
-1.892226561903953552e-02,-9.033139050006866455e-02,9.933670610189437866e-02
-1.892226561903953552e-02,-9.033139050006866455e-02,9.933670610189437866e-02
-1.873040571808815002e-02,-9.041628986597061157e-02,9.927672147750854492e-02
-1.873040571808815002e-02,-9.041628986597061157e-02,9.927672147750854492e-02
-1.853801868855953217e-02,-9.050095081329345703e-02,9.921652823686599731e-02
-1.853801868855953217e-02,-9.050095081329345703e-02,9.921652823686599731e-02
-1.834508031606674194e-02,-9.058538824319839478e-02,9.915616363286972046e-02
-1.834508031606674194e-02,-9.058538824319839478e-02,9.915616363286972046e-02
-1.815160736441612244e-02,-9.066959470510482788e-02,9.909562766551971436e-02
-1.815160736441612244e-02,-9.066959470510482788e-02,9.909562766551971436e-02
-1.795759238302707672e-02,-9.075357019901275635e-02,9.903489053249359131e-02
-1.795759238302707672e-02,-9.075357019901275635e-02,9.903489053249359131e-02
-1.776302419602870941e-02,-9.083729982376098633e-02,9.897398948669433594e-02
-1.776302419602870941e-02,-9.083729982376098633e-02,9.897398948669433594e-02
-1.756790466606616974e-02,-9.092080593109130859e-02,9.891289472579956055e-02
-1.756790466606616974e-02,-9.092080593109130859e-02,9.891289472579956055e-02
-1.737221330404281616e-02,-9.100407361984252930e-02,9.885162860155105591e-02
-1.737221330404281616e-02,-9.100407361984252930e-02,9.885162860155105591e-02
-1.717596501111984253e-02,-9.108710289001464844e-02,9.879017621278762817e-02
-1.717596501111984253e-02,-9.108710289001464844e-02,9.879017621278762817e-02
-1.697914861142635345e-02,-9.116989374160766602e-02,9.872855246067047119e-02
-1.697914861142635345e-02,-9.116989374160766602e-02,9.872855246067047119e-02
-1.678175479173660278e-02,-9.125245362520217896e-02,9.866674989461898804e-02
-1.678175479173660278e-02,-9.125245362520217896e-02,9.866674989461898804e-02
-1.658378913998603821e-02,-9.133477509021759033e-02,9.860476106405258179e-02
-1.658378913998603821e-02,-9.133477509021759033e-02,9.860476106405258179e-02
-1.638524048030376434e-02,-9.141685813665390015e-02,9.854260832071304321e-02
-1.638524048030376434e-02,-9.141685813665390015e-02,9.854260832071304321e-02
-1.618609577417373657e-02,-9.149869531393051147e-02,9.848026931285858154e-02
-1.618609577417373657e-02,-9.149869531393051147e-02,9.848026931285858154e-02
-1.598636619746685028e-02,-9.158030152320861816e-02,9.841775894165039062e-02
-1.598636619746685028e-02,-9.158030152320861816e-02,9.841775894165039062e-02
-1.578604429960250854e-02,-9.166165441274642944e-02,9.835506975650787354e-02
-1.578604429960250854e-02,-9.166165441274642944e-02,9.835506975650787354e-02
-1.558511983603239059e-02,-9.174277633428573608e-02,9.829220920801162720e-02
-1.558511983603239059e-02,-9.174277633428573608e-02,9.829220920801162720e-02
-1.538358815014362335e-02,-9.182365983724594116e-02,9.822916984558105469e-02
-1.538358815014362335e-02,-9.182365983724594116e-02,9.822916984558105469e-02
-1.518144365400075912e-02,-9.190429747104644775e-02,9.816596657037734985e-02
-1.518144365400075912e-02,-9.190429747104644775e-02,9.816596657037734985e-02
-1.497868541628122330e-02,-9.198468178510665894e-02,9.810258448123931885e-02
-1.497868541628122330e-02,-9.198468178510665894e-02,9.810258448123931885e-02
-1.477531436830759048e-02,-9.206483513116836548e-02,9.803903102874755859e-02
-1.477531436830759048e-02,-9.206483513116836548e-02,9.803903102874755859e-02
-1.457131747156381607e-02,-9.214472025632858276e-02,9.797530621290206909e-02
-1.457131747156381607e-02,-9.214472025632858276e-02,9.797530621290206909e-02
-1.436668913811445236e-02,-9.222438186407089233e-02,9.791140258312225342e-02
-1.436668913811445236e-02,-9.222438186407089233e-02,9.791140258312225342e-02
-1.416143402457237244e-02,-9.230379760265350342e-02,9.784732758998870850e-02
-1.416143402457237244e-02,-9.230379760265350342e-02,9.784732758998870850e-02
-1.395553816109895706e-02,-9.238295257091522217e-02,9.778309613466262817e-02
-1.395553816109895706e-02,-9.238295257091522217e-02,9.778309613466262817e-02
-1.374900061637163162e-02,-9.246186912059783936e-02,9.771867841482162476e-02
-1.374900061637163162e-02,-9.246186912059783936e-02,9.771867841482162476e-02
-1.354181300848722458e-02,-9.254053235054016113e-02,9.765409678220748901e-02
-1.354181300848722458e-02,-9.254053235054016113e-02,9.765409678220748901e-02
-1.333397999405860901e-02,-9.261895716190338135e-02,9.758935868740081787e-02
-1.333397999405860901e-02,-9.261895716190338135e-02,9.758935868740081787e-02
-1.312549039721488953e-02,-9.269712120294570923e-02,9.752444177865982056e-02
-1.312549039721488953e-02,-9.269712120294570923e-02,9.752444177865982056e-02
-1.291634887456893921e-02,-9.277503192424774170e-02,9.745935350656509399e-02
-1.291634887456893921e-02,-9.277503192424774170e-02,9.745935350656509399e-02
-1.270653866231441498e-02,-9.285269677639007568e-02,9.739411622285842896e-02
-1.270653866231441498e-02,-9.285269677639007568e-02,9.739411622285842896e-02
-1.249605417251586914e-02,-9.293010830879211426e-02,9.732869267463684082e-02
-1.249605417251586914e-02,-9.293010830879211426e-02,9.732869267463684082e-02
-1.228490099310874939e-02,-9.300725907087326050e-02,9.726312011480331421e-02
-1.228490099310874939e-02,-9.300725907087326050e-02,9.726312011480331421e-02
-1.207306329160928726e-02,-9.308416396379470825e-02,9.719736129045486450e-02
-1.207306329160928726e-02,-9.308416396379470825e-02,9.719736129045486450e-02
-1.186055317521095276e-02,-9.316083043813705444e-02,9.713145345449447632e-02
-1.186055317521095276e-02,-9.316083043813705444e-02,9.713145345449447632e-02
-1.164735294878482819e-02,-9.323722124099731445e-02,9.706538170576095581e-02
-1.164735294878482819e-02,-9.323722124099731445e-02,9.706538170576095581e-02
-1.143345795571804047e-02,-9.331335127353668213e-02,9.699913114309310913e-02
-1.143345795571804047e-02,-9.331335127353668213e-02,9.699913114309310913e-02
-1.121886726468801498e-02,-9.338924288749694824e-02,9.693273156881332397e-02
-1.121886726468801498e-02,-9.338924288749694824e-02,9.693273156881332397e-02
-1.100357342511415482e-02,-9.346486628055572510e-02,9.686616808176040649e-02
-1.100357342511415482e-02,-9.346486628055572510e-02,9.686616808176040649e-02
-1.078758109360933304e-02,-9.354024380445480347e-02,9.679944068193435669e-02
-1.078758109360933304e-02,-9.354024380445480347e-02,9.679944068193435669e-02
-1.057087443768978119e-02,-9.361535310745239258e-02,9.673254936933517456e-02
-1.057087443768978119e-02,-9.361535310745239258e-02,9.673254936933517456e-02
-1.035346277058124542e-02,-9.369020164012908936e-02,9.666550159454345703e-02
-1.035346277058124542e-02,-9.369020164012908936e-02,9.666550159454345703e-02
-1.013532280921936035e-02,-9.376479685306549072e-02,9.659828990697860718e-02
-1.013532280921936035e-02,-9.376479685306549072e-02,9.659828990697860718e-02
-9.916467592120170593e-03,-9.383912384510040283e-02,9.653093665838241577e-02
-9.916467592120170593e-03,-9.383912384510040283e-02,9.653093665838241577e-02
-9.696875698864459991e-03,-9.391319006681442261e-02,9.646339714527130127e-02
-9.696875698864459991e-03,-9.391319006681442261e-02,9.646339714527130127e-02
-9.476552717387676239e-03,-9.398700296878814697e-02,9.639570116996765137e-02
-9.476552717387676239e-03,-9.398700296878814697e-02,9.639570116996765137e-02
-9.255496785044670105e-03,-9.406054764986038208e-02,9.632787108421325684e-02
-9.255496785044670105e-03,-9.406054764986038208e-02,9.632787108421325684e-02
-9.033702313899993896e-03,-9.413382411003112793e-02,9.625986218452453613e-02
-9.033702313899993896e-03,-9.413382411003112793e-02,9.625986218452453613e-02
-8.811156265437602997e-03,-9.420683979988098145e-02,9.619170427322387695e-02
-8.811156265437602997e-03,-9.420683979988098145e-02,9.619170427322387695e-02
-8.587864227592945099e-03,-9.427960216999053955e-02,9.612338989973068237e-02
-8.587864227592945099e-03,-9.427960216999053955e-02,9.612338989973068237e-02
-8.363812230527400970e-03,-9.435208141803741455e-02,9.605491906404495239e-02
-8.363812230527400970e-03,-9.435208141803741455e-02,9.605491906404495239e-02
-8.138999342918395996e-03,-9.442430734634399414e-02,9.598629921674728394e-02
-8.138999342918395996e-03,-9.442430734634399414e-02,9.598629921674728394e-02
-7.913431152701377869e-03,-9.449625760316848755e-02,9.591750800609588623e-02
-7.913431152701377869e-03,-9.449625760316848755e-02,9.591750800609588623e-02
-7.687086239457130432e-03,-9.456794708967208862e-02,9.584857523441314697e-02
-7.687086239457130432e-03,-9.456794708967208862e-02,9.584857523441314697e-02
-7.459974382072687149e-03,-9.463936090469360352e-02,9.577947854995727539e-02
-7.459974382072687149e-03,-9.463936090469360352e-02,9.577947854995727539e-02
-7.232081610709428787e-03,-9.471050649881362915e-02,9.571025520563125610e-02
-7.232081610709428787e-03,-9.471050649881362915e-02,9.571025520563125610e-02
-7.003406994044780731e-03,-9.478138387203216553e-02,9.564085304737091064e-02
-7.003406994044780731e-03,-9.478138387203216553e-02,9.564085304737091064e-02
-6.773940287530422211e-03,-9.485200047492980957e-02,9.557130932807922363e-02
-6.773940287530422211e-03,-9.485200047492980957e-02,9.557130932807922363e-02
-6.543691735714673996e-03,-9.492233395576477051e-02,9.550161659717559814e-02
-6.543691735714673996e-03,-9.492233395576477051e-02,9.550161659717559814e-02
-6.312645506113767624e-03,-9.499239921569824219e-02,9.543175995349884033e-02
-6.312645506113767624e-03,-9.499239921569824219e-02,9.543175995349884033e-02
-6.080792285501956940e-03,-9.506218880414962769e-02,9.536176174879074097e-02
-6.080792285501956940e-03,-9.506218880414962769e-02,9.536176174879074097e-02
-5.848140921443700790e-03,-9.513171762228012085e-02,9.529162198305130005e-02
-5.848140921443700790e-03,-9.513171762228012085e-02,9.529162198305130005e-02
-5.614676978439092636e-03,-9.520095586776733398e-02,9.522131830453872681e-02
-5.614676978439092636e-03,-9.520095586776733398e-02,9.522131830453872681e-02
-5.380398128181695938e-03,-9.526992589235305786e-02,9.515088051557540894e-02
-5.380398128181695938e-03,-9.526992589235305786e-02,9.515088051557540894e-02
-5.145301576703786850e-03,-9.533861279487609863e-02,9.508027881383895874e-02
-5.145301576703786850e-03,-9.533861279487609863e-02,9.508027881383895874e-02
-4.909380804747343063e-03,-9.540703892707824707e-02,9.500955045223236084e-02
-4.909380804747343063e-03,-9.540703892707824707e-02,9.500955045223236084e-02
-4.672639537602663040e-03,-9.547517448663711548e-02,9.493865072727203369e-02
-4.672639537602663040e-03,-9.547517448663711548e-02,9.493865072727203369e-02
-4.435060545802116394e-03,-9.554303437471389771e-02,9.486762434244155884e-02
-4.435060545802116394e-03,-9.554303437471389771e-02,9.486762434244155884e-02
-4.196646623313426971e-03,-9.561062604188919067e-02,9.479644894599914551e-02
-4.196646623313426971e-03,-9.561062604188919067e-02,9.479644894599914551e-02
-3.957383800297975540e-03,-9.567792713642120361e-02,9.472513198852539062e-02
-3.957383800297975540e-03,-9.567792713642120361e-02,9.472513198852539062e-02
-3.717280458658933640e-03,-9.574496001005172729e-02,9.465365856885910034e-02
-3.717280458658933640e-03,-9.574496001005172729e-02,9.465365856885910034e-02
-3.476327983662486076e-03,-9.581170231103897095e-02,9.458205103874206543e-02
-3.476327983662486076e-03,-9.581170231103897095e-02,9.458205103874206543e-02
-3.234526608139276505e-03,-9.587816894054412842e-02,9.451029449701309204e-02
-3.234526608139276505e-03,-9.587816894054412842e-02,9.451029449701309204e-02
-2.991856541484594345e-03,-9.594435244798660278e-02,9.443838894367218018e-02
-2.991856541484594345e-03,-9.594435244798660278e-02,9.443838894367218018e-02
-2.748331753537058830e-03,-9.601025283336639404e-02,9.436634927988052368e-02
-2.748331753537058830e-03,-9.601025283336639404e-02,9.436634927988052368e-02
-2.503932453691959381e-03,-9.607587009668350220e-02,9.429417550563812256e-02
-2.503932453691959381e-03,-9.607587009668350220e-02,9.429417550563812256e-02
-2.258658874779939651e-03,-9.614120423793792725e-02,9.422185271978378296e-02
-2.258658874779939651e-03,-9.614120423793792725e-02,9.422185271978378296e-02
-2.012507990002632141e-03,-9.620626270771026611e-02,9.414938837289810181e-02
-2.012507990002632141e-03,-9.620626270771026611e-02,9.414938837289810181e-02
-1.765474444255232811e-03,-9.627100825309753418e-02,9.407677501440048218e-02
-1.765474444255232811e-03,-9.627100825309753418e-02,9.407677501440048218e-02
-1.517558004707098007e-03,-9.633549302816390991e-02,9.400403499603271484e-02
-1.517558004707098007e-03,-9.633549302816390991e-02,9.400403499603271484e-02
-1.268750173039734364e-03,-9.639967232942581177e-02,9.393115341663360596e-02
-1.268750173039734364e-03,-9.639967232942581177e-02,9.393115341663360596e-02
-1.019042683765292168e-03,-9.646359086036682129e-02,9.385813027620315552e-02
-1.019042683765292168e-03,-9.646359086036682129e-02,9.385813027620315552e-02
-7.684325100854039192e-04,-9.652719646692276001e-02,9.378497302532196045e-02
-7.684325100854039192e-04,-9.652719646692276001e-02,9.378497302532196045e-02
-5.169197684153914452e-04,-9.659052640199661255e-02,9.371167421340942383e-02
-5.169197684153914452e-04,-9.659052640199661255e-02,9.371167421340942383e-02
-2.645100466907024384e-04,-9.665356576442718506e-02,9.363824129104614258e-02
-2.645100466907024384e-04,-9.665356576442718506e-02,9.363824129104614258e-02
-1.117520969273755327e-05,-9.671630710363388062e-02,9.356467425823211670e-02
-1.117520969273755327e-05,-9.671630710363388062e-02,9.356467425823211670e-02
2.430791500955820084e-04,-9.677876532077789307e-02,9.349096566438674927e-02
2.430791500955820084e-04,-9.677876532077789307e-02,9.349096566438674927e-02
4.982473910786211491e-04,-9.684091806411743164e-02,9.341713786125183105e-02
4.982473910786211491e-04,-9.684091806411743164e-02,9.341713786125183105e-02
7.543520769104361534e-04,-9.690278768539428711e-02,9.334316104650497437e-02
7.543520769104361534e-04,-9.690278768539428711e-02,9.334316104650497437e-02
1.011387561447918415e-03,-9.696436673402786255e-02,9.326905012130737305e-02
1.011387561447918415e-03,-9.696436673402786255e-02,9.326905012130737305e-02
1.269353786483407021e-03,-9.702565521001815796e-02,9.319481253623962402e-02
1.269353786483407021e-03,-9.702565521001815796e-02,9.319481253623962402e-02
1.528267748653888702e-03,-9.708663821220397949e-02,9.312043339014053345e-02
1.528267748653888702e-03,-9.708663821220397949e-02,9.312043339014053345e-02
1.788123860023915768e-03,-9.714733809232711792e-02,9.304593503475189209e-02
1.788123860023915768e-03,-9.714733809232711792e-02,9.304593503475189209e-02
2.048933412879705429e-03,-9.720773249864578247e-02,9.297129511833190918e-02
2.048933412879705429e-03,-9.720773249864578247e-02,9.297129511833190918e-02
2.310701645910739899e-03,-9.726782888174057007e-02,9.289652854204177856e-02
2.310701645910739899e-03,-9.726782888174057007e-02,9.289652854204177856e-02
2.573417965322732925e-03,-9.732764214277267456e-02,9.282162785530090332e-02
2.573417965322732925e-03,-9.732764214277267456e-02,9.282162785530090332e-02
2.837104257196187973e-03,-9.738714247941970825e-02,9.274660050868988037e-02
2.837104257196187973e-03,-9.738714247941970825e-02,9.274660050868988037e-02
3.101749811321496964e-03,-9.744634479284286499e-02,9.267143905162811279e-02
3.101749811321496964e-03,-9.744634479284286499e-02,9.267143905162811279e-02
3.367376746609807014e-03,-9.750525653362274170e-02,9.259615838527679443e-02
3.367376746609807014e-03,-9.750525653362274170e-02,9.259615838527679443e-02
3.633985295891761780e-03,-9.756386280059814453e-02,9.252073615789413452e-02
3.633985295891761780e-03,-9.756386280059814453e-02,9.252073615789413452e-02
3.901575459167361259e-03,-9.762216359376907349e-02,9.244519472122192383e-02
3.901575459167361259e-03,-9.762216359376907349e-02,9.244519472122192383e-02
4.170147236436605453e-03,-9.768017381429672241e-02,9.236952662467956543e-02
4.170147236436605453e-03,-9.768017381429672241e-02,9.236952662467956543e-02
4.439705982804298401e-03,-9.773787111043930054e-02,9.229371696710586548e-02
4.439705982804298401e-03,-9.773787111043930054e-02,9.229371696710586548e-02
4.710263572633266449e-03,-9.779526293277740479e-02,9.221780300140380859e-02
4.710263572633266449e-03,-9.779526293277740479e-02,9.221780300140380859e-02
4.981819540262222290e-03,-9.785236418247222900e-02,9.214175492525100708e-02
4.981819540262222290e-03,-9.785236418247222900e-02,9.214175492525100708e-02
5.254387855529785156e-03,-9.790914505720138550e-02,9.206558018922805786e-02
5.254387855529785156e-03,-9.790914505720138550e-02,9.206558018922805786e-02
5.527960602194070816e-03,-9.796563535928726196e-02,9.198927134275436401e-02
5.527960602194070816e-03,-9.796563535928726196e-02,9.198927134275436401e-02
5.802540108561515808e-03,-9.802181273698806763e-02,9.191285818815231323e-02
5.802540108561515808e-03,-9.802181273698806763e-02,9.191285818815231323e-02
6.078149192035198212e-03,-9.807768464088439941e-02,9.183631837368011475e-02
6.078149192035198212e-03,-9.807768464088439941e-02,9.183631837368011475e-02
6.354771088808774948e-03,-9.813325107097625732e-02,9.175964444875717163e-02
6.354771088808774948e-03,-9.813325107097625732e-02,9.175964444875717163e-02
6.632428150624036789e-03,-9.818851202726364136e-02,9.168285876512527466e-02
6.632428150624036789e-03,-9.818851202726364136e-02,9.168285876512527466e-02
6.911111529916524887e-03,-9.824345260858535767e-02,9.160594642162322998e-02
6.911111529916524887e-03,-9.824345260858535767e-02,9.160594642162322998e-02
7.190838921815156937e-03,-9.829809516668319702e-02,9.152890741825103760e-02
7.190838921815156937e-03,-9.829809516668319702e-02,9.152890741825103760e-02
7.471601013094186783e-03,-9.835241734981536865e-02,9.145175665616989136e-02
7.471601013094186783e-03,-9.835241734981536865e-02,9.145175665616989136e-02
7.753412704914808273e-03,-9.840644150972366333e-02,9.137449413537979126e-02
7.753412704914808273e-03,-9.840644150972366333e-02,9.137449413537979126e-02
8.036270737648010254e-03,-9.846014529466629028e-02,9.129709750413894653e-02
8.036270737648010254e-03,-9.846014529466629028e-02,9.129709750413894653e-02
8.320177905261516571e-03,-9.851353615522384644e-02,9.121958166360855103e-02
8.320177905261516571e-03,-9.851353615522384644e-02,9.121958166360855103e-02
8.605151437222957611e-03,-9.856661409139633179e-02,9.114196151494979858e-02
8.605151437222957611e-03,-9.856661409139633179e-02,9.114196151494979858e-02
8.891185745596885681e-03,-9.861938655376434326e-02,9.106420725584030151e-02
8.891185745596885681e-03,-9.861938655376434326e-02,9.106420725584030151e-02
9.178296662867069244e-03,-9.867183864116668701e-02,9.098634868860244751e-02
9.178296662867069244e-03,-9.867183864116668701e-02,9.098634868860244751e-02
9.466472081840038300e-03,-9.872397035360336304e-02,9.090836346149444580e-02
9.466472081840038300e-03,-9.872397035360336304e-02,9.090836346149444580e-02
9.755724109709262848e-03,-9.877578914165496826e-02,9.083026647567749023e-02
9.755724109709262848e-03,-9.877578914165496826e-02,9.083026647567749023e-02
1.004606019705533981e-02,-9.882729500532150269e-02,9.075205773115158081e-02
1.004606019705533981e-02,-9.882729500532150269e-02,9.075205773115158081e-02
1.033748406916856766e-02,-9.887849539518356323e-02,9.067372232675552368e-02
1.033748406916856766e-02,-9.887849539518356323e-02,9.067372232675552368e-02
1.062999386340379715e-02,-9.892935305833816528e-02,9.059529006481170654e-02
1.062999386340379715e-02,-9.892935305833816528e-02,9.059529006481170654e-02
1.092360727488994598e-02,-9.897991269826889038e-02,9.051673114299774170e-02
1.092360727488994598e-02,-9.897991269826889038e-02,9.051673114299774170e-02
1.121831685304641724e-02,-9.903014451265335083e-02,9.043806791305541992e-02
1.121831685304641724e-02,-9.903014451265335083e-02,9.043806791305541992e-02
1.151412725448608398e-02,-9.908005595207214355e-02,9.035928547382354736e-02
1.151412725448608398e-02,-9.908005595207214355e-02,9.035928547382354736e-02
1.181105151772499084e-02,-9.912963956594467163e-02,9.028039127588272095e-02
1.181105151772499084e-02,-9.912963956594467163e-02,9.028039127588272095e-02
1.210908778011798859e-02,-9.917891025543212891e-02,9.020138531923294067e-02
1.210908778011798859e-02,-9.917891025543212891e-02,9.020138531923294067e-02
1.240823417901992798e-02,-9.922785311937332153e-02,9.012227505445480347e-02
1.240823417901992798e-02,-9.922785311937332153e-02,9.012227505445480347e-02
1.270851865410804749e-02,-9.927648305892944336e-02,9.004305303096771240e-02
1.270851865410804749e-02,-9.927648305892944336e-02,9.004305303096771240e-02
1.300991605967283249e-02,-9.932478517293930054e-02,8.996371924877166748e-02
1.300991605967283249e-02,-9.932478517293930054e-02,8.996371924877166748e-02
1.331245061010122299e-02,-9.937275201082229614e-02,8.988427370786666870e-02
1.331245061010122299e-02,-9.937275201082229614e-02,8.988427370786666870e-02
1.361612509936094284e-02,-9.942041337490081787e-02,8.980472385883331299e-02
1.361612509936094284e-02,-9.942041337490081787e-02,8.980472385883331299e-02
1.392093300819396973e-02,-9.946773201227188110e-02,8.972505480051040649e-02
1.392093300819396973e-02,-9.946773201227188110e-02,8.972505480051040649e-02
1.422688830643892288e-02,-9.951473027467727661e-02,8.964528888463973999e-02
1.422688830643892288e-02,-9.951473027467727661e-02,8.964528888463973999e-02
1.453399844467639923e-02,-9.956139326095581055e-02,8.956541866064071655e-02
1.453399844467639923e-02,-9.956139326095581055e-02,8.956541866064071655e-02
1.484225876629352570e-02,-9.960774332284927368e-02,8.948542922735214233e-02
1.484225876629352570e-02,-9.960774332284927368e-02,8.948542922735214233e-02
1.515168137848377228e-02,-9.965376555919647217e-02,8.940535038709640503e-02
1.515168137848377228e-02,-9.965376555919647217e-02,8.940535038709640503e-02
1.546226534992456436e-02,-9.969943761825561523e-02,8.932515233755111694e-02
1.546226534992456436e-02,-9.969943761825561523e-02,8.932515233755111694e-02
1.577401533722877502e-02,-9.974480420351028442e-02,8.924484997987747192e-02
1.577401533722877502e-02,-9.974480420351028442e-02,8.924484997987747192e-02
1.608693785965442657e-02,-9.978982806205749512e-02,8.916445076465606689e-02
1.608693785965442657e-02,-9.978982806205749512e-02,8.916445076465606689e-02
1.640103943645954132e-02,-9.983452409505844116e-02,8.908394724130630493e-02
1.640103943645954132e-02,-9.983452409505844116e-02,8.908394724130630493e-02
1.671632565557956696e-02,-9.987888485193252563e-02,8.900333940982818604e-02
1.671632565557956696e-02,-9.987888485193252563e-02,8.900333940982818604e-02
1.703279465436935425e-02,-9.992291033267974854e-02,8.892262727022171021e-02
1.703279465436935425e-02,-9.992291033267974854e-02,8.892262727022171021e-02
1.735045574605464935e-02,-9.996660053730010986e-02,8.884181082248687744e-02
1.735045574605464935e-02,-9.996660053730010986e-02,8.884181082248687744e-02
1.766931638121604919e-02,-1.000099629163742065e-01,8.876089751720428467e-02
1.766931638121604919e-02,-1.000099629163742065e-01,8.876089751720428467e-02
1.798936910927295685e-02,-1.000529900193214417e-01,8.867988735437393188e-02
1.798936910927295685e-02,-1.000529900193214417e-01,8.867988735437393188e-02
1.831062883138656616e-02,-1.000956818461418152e-01,8.859876543283462524e-02
1.831062883138656616e-02,-1.000956818461418152e-01,8.859876543283462524e-02
1.863309182226657867e-02,-1.001380309462547302e-01,8.851754665374755859e-02
1.863309182226657867e-02,-1.001380309462547302e-01,8.851754665374755859e-02
1.895677857100963593e-02,-1.001800447702407837e-01,8.843623846769332886e-02
1.895677857100963593e-02,-1.001800447702407837e-01,8.843623846769332886e-02
1.928167417645454407e-02,-1.002217307686805725e-01,8.835481852293014526e-02
1.928167417645454407e-02,-1.002217307686805725e-01,8.835481852293014526e-02
1.960779726505279541e-02,-1.002630740404129028e-01,8.827331662178039551e-02
1.960779726505279541e-02,-1.002630740404129028e-01,8.827331662178039551e-02
1.993514783680438995e-02,-1.003040745854377747e-01,8.819170296192169189e-02
1.993514783680438995e-02,-1.003040745854377747e-01,8.819170296192169189e-02
2.026372775435447693e-02,-1.003447324037551880e-01,8.810999244451522827e-02
2.026372775435447693e-02,-1.003447324037551880e-01,8.810999244451522827e-02
2.059354260563850403e-02,-1.003850549459457397e-01,8.802819252014160156e-02
2.059354260563850403e-02,-1.003850549459457397e-01,8.802819252014160156e-02
2.092460170388221741e-02,-1.004250273108482361e-01,8.794629573822021484e-02
2.092460170388221741e-02,-1.004250273108482361e-01,8.794629573822021484e-02
2.125690318644046783e-02,-1.004646793007850647e-01,8.786430954933166504e-02
2.125690318644046783e-02,-1.004646793007850647e-01,8.786430954933166504e-02
2.159045264124870300e-02,-1.005039587616920471e-01,8.778221905231475830e-02
2.159045264124870300e-02,-1.005039587616920471e-01,8.778221905231475830e-02
2.192525938153266907e-02,-1.005429178476333618e-01,8.770003914833068848e-02
2.192525938153266907e-02,-1.005429178476333618e-01,8.770003914833068848e-02
2.226132899522781372e-02,-1.005815267562866211e-01,8.761776238679885864e-02
2.226132899522781372e-02,-1.005815267562866211e-01,8.761776238679885864e-02
2.259865216910839081e-02,-1.006197854876518250e-01,8.753538876771926880e-02
2.259865216910839081e-02,-1.006197854876518250e-01,8.753538876771926880e-02
2.293725498020648956e-02,-1.006577089428901672e-01,8.745292574167251587e-02
2.293725498020648956e-02,-1.006577089428901672e-01,8.745292574167251587e-02
2.327712439000606537e-02,-1.006952673196792603e-01,8.737038075923919678e-02
2.327712439000606537e-02,-1.006952673196792603e-01,8.737038075923919678e-02
2.361826784908771515e-02,-1.007324978709220886e-01,8.728773146867752075e-02
2.361826784908771515e-02,-1.007324978709220886e-01,8.728773146867752075e-02
2.396069653332233429e-02,-1.007693707942962646e-01,8.720500022172927856e-02
2.396069653332233429e-02,-1.007693707942962646e-01,8.720500022172927856e-02
2.430440671741962433e-02,-1.008059009909629822e-01,8.712217211723327637e-02
2.430440671741962433e-02,-1.008059009909629822e-01,8.712217211723327637e-02
2.464941143989562988e-02,-1.008420735597610474e-01,8.703926205635070801e-02
2.464941143989562988e-02,-1.008420735597610474e-01,8.703926205635070801e-02
2.499570883810520172e-02,-1.008779034018516541e-01,8.695625513792037964e-02
2.499570883810520172e-02,-1.008779034018516541e-01,8.695625513792037964e-02
2.534330822527408600e-02,-1.009133756160736084e-01,8.687315881252288818e-02
2.534330822527408600e-02,-1.009133756160736084e-01,8.687315881252288818e-02
2.569221332669258118e-02,-1.009485125541687012e-01,8.678998798131942749e-02
2.569221332669258118e-02,-1.009485125541687012e-01,8.678998798131942749e-02
2.604242600500583649e-02,-1.009832844138145447e-01,8.670672029256820679e-02
2.604242600500583649e-02,-1.009832844138145447e-01,8.670672029256820679e-02
2.639394439756870270e-02,-1.010177060961723328e-01,8.662335574626922607e-02
2.639394439756870270e-02,-1.010177060961723328e-01,8.662335574626922607e-02
2.674678713083267212e-02,-1.010517701506614685e-01,8.653992414474487305e-02
2.674678713083267212e-02,-1.010517701506614685e-01,8.653992414474487305e-02
2.710095606744289398e-02,-1.010854914784431458e-01,8.645640313625335693e-02
2.710095606744289398e-02,-1.010854914784431458e-01,8.645640313625335693e-02
2.745645307004451752e-02,-1.011188551783561707e-01,8.637278527021408081e-02
2.745645307004451752e-02,-1.011188551783561707e-01,8.637278527021408081e-02
2.781327068805694580e-02,-1.011518537998199463e-01,8.628908544778823853e-02
2.781327068805694580e-02,-1.011518537998199463e-01,8.628908544778823853e-02
2.817142754793167114e-02,-1.011844947934150696e-01,8.620531111955642700e-02
2.817142754793167114e-02,-1.011844947934150696e-01,8.620531111955642700e-02
2.853092551231384277e-02,-1.012167856097221375e-01,8.612143993377685547e-02
2.853092551231384277e-02,-1.012167856097221375e-01,8.612143993377685547e-02
2.889177389442920685e-02,-1.012487262487411499e-01,8.603749424219131470e-02
2.889177389442920685e-02,-1.012487262487411499e-01,8.603749424219131470e-02
2.925397269427776337e-02,-1.012803018093109131e-01,8.595346659421920776e-02
2.925397269427776337e-02,-1.012803018093109131e-01,8.595346659421920776e-02
2.961752004921436310e-02,-1.013115122914314270e-01,8.586935698986053467e-02
2.961752004921436310e-02,-1.013115122914314270e-01,8.586935698986053467e-02
2.998242340981960297e-02,-1.013423800468444824e-01,8.578516542911529541e-02
2.998242340981960297e-02,-1.013423800468444824e-01,8.578516542911529541e-02
3.034869767725467682e-02,-1.013728603720664978e-01,8.570089191198348999e-02
3.034869767725467682e-02,-1.013728603720664978e-01,8.570089191198348999e-02
3.071633353829383850e-02,-1.014029979705810547e-01,8.561653643846511841e-02
3.071633353829383850e-02,-1.014029979705810547e-01,8.561653643846511841e-02
3.108534216880798340e-02,-1.014327704906463623e-01,8.553209900856018066e-02
3.108534216880798340e-02,-1.014327704906463623e-01,8.553209900856018066e-02
3.145572915673255920e-02,-1.014621853828430176e-01,8.544760197401046753e-02
3.145572915673255920e-02,-1.014621853828430176e-01,8.544760197401046753e-02
3.182749077677726746e-02,-1.014912277460098267e-01,8.536300063133239746e-02
3.182749077677726746e-02,-1.014912277460098267e-01,8.536300063133239746e-02
3.220064193010330200e-02,-1.015199199318885803e-01,8.527833968400955200e-02
3.220064193010330200e-02,-1.015199199318885803e-01,8.527833968400955200e-02
3.257519379258155823e-02,-1.015482246875762939e-01,8.519359678030014038e-02
3.257519379258155823e-02,-1.015482246875762939e-01,8.519359678030014038e-02
3.295113146305084229e-02,-1.015761867165565491e-01,8.510877192020416260e-02
3.295113146305084229e-02,-1.015761867165565491e-01,8.510877192020416260e-02
3.332846984267234802e-02,-1.016037687659263611e-01,8.502387255430221558e-02
3.332846984267234802e-02,-1.016037687659263611e-01,8.502387255430221558e-02
3.370721638202667236e-02,-1.016309782862663269e-01,8.493890613317489624e-02
3.370721638202667236e-02,-1.016309782862663269e-01,8.493890613317489624e-02
3.408737108111381531e-02,-1.016578450798988342e-01,8.485385030508041382e-02
3.408737108111381531e-02,-1.016578450798988342e-01,8.485385030508041382e-02
3.446893021464347839e-02,-1.016843244433403015e-01,8.476873487234115601e-02
3.446893021464347839e-02,-1.016843244433403015e-01,8.476873487234115601e-02
3.485191613435745239e-02,-1.017104312777519226e-01,8.468353003263473511e-02
3.485191613435745239e-02,-1.017104312777519226e-01,8.468353003263473511e-02
3.523631766438484192e-02,-1.017361804842948914e-01,8.459826558828353882e-02
3.523631766438484192e-02,-1.017361804842948914e-01,8.459826558828353882e-02
3.562214598059654236e-02,-1.017615646123886108e-01,8.451291918754577637e-02
3.562214598059654236e-02,-1.017615646123886108e-01,8.451291918754577637e-02
3.600941225886344910e-02,-1.017865687608718872e-01,8.442750573158264160e-02
3.600941225886344910e-02,-1.017865687608718872e-01,8.442750573158264160e-02
3.639810904860496521e-02,-1.018112078309059143e-01,8.434201776981353760e-02
3.639810904860496521e-02,-1.018112078309059143e-01,8.434201776981353760e-02
3.678824752569198608e-02,-1.018354669213294983e-01,8.425645530223846436e-02
3.678824752569198608e-02,-1.018354669213294983e-01,8.425645530223846436e-02
3.717983141541481018e-02,-1.018593460321426392e-01,8.417082577943801880e-02
3.717983141541481018e-02,-1.018593460321426392e-01,8.417082577943801880e-02
3.757286816835403442e-02,-1.018828526139259338e-01,8.408512920141220093e-02
3.757286816835403442e-02,-1.018828526139259338e-01,8.408512920141220093e-02
3.796735033392906189e-02,-1.019060015678405762e-01,8.399936556816101074e-02
3.796735033392906189e-02,-1.019060015678405762e-01,8.399936556816101074e-02
3.836329653859138489e-02,-1.019287556409835815e-01,8.391352742910385132e-02
3.836329653859138489e-02,-1.019287556409835815e-01,8.391352742910385132e-02
3.876070678234100342e-02,-1.019511446356773376e-01,8.382762223482131958e-02
3.876070678234100342e-02,-1.019511446356773376e-01,8.382762223482131958e-02
3.915958106517791748e-02,-1.019731536507606506e-01,8.374164998531341553e-02
3.915958106517791748e-02,-1.019731536507606506e-01,8.374164998531341553e-02
3.955992311239242554e-02,-1.019947975873947144e-01,8.365560322999954224e-02
3.955992311239242554e-02,-1.019947975873947144e-01,8.365560322999954224e-02
3.996174409985542297e-02,-1.020160391926765442e-01,8.356949687004089355e-02
3.996174409985542297e-02,-1.020160391926765442e-01,8.356949687004089355e-02
4.036505520343780518e-02,-1.020369231700897217e-01,8.348332345485687256e-02
4.036505520343780518e-02,-1.020369231700897217e-01,8.348332345485687256e-02
4.076984524726867676e-02,-1.020574122667312622e-01,8.339709043502807617e-02
4.076984524726867676e-02,-1.020574122667312622e-01,8.339709043502807617e-02
4.117613658308982849e-02,-1.020775288343429565e-01,8.331079035997390747e-02
4.117613658308982849e-02,-1.020775288343429565e-01,8.331079035997390747e-02
4.158390685915946960e-02,-1.020972579717636108e-01,8.322441577911376953e-02
4.158390685915946960e-02,-1.020972579717636108e-01,8.322441577911376953e-02
4.199318215250968933e-02,-1.021166220307350159e-01,8.313798159360885620e-02
4.199318215250968933e-02,-1.021166220307350159e-01,8.313798159360885620e-02
4.240395501255989075e-02,-1.021355837583541870e-01,8.305148035287857056e-02
4.240395501255989075e-02,-1.021355837583541870e-01,8.305148035287857056e-02
4.281625151634216309e-02,-1.021541655063629150e-01,8.296492695808410645e-02
4.281625151634216309e-02,-1.021541655063629150e-01,8.296492695808410645e-02
4.323004558682441711e-02,-1.021723821759223938e-01,8.287829905748367310e-02
4.323004558682441711e-02,-1.021723821759223938e-01,8.287829905748367310e-02
4.364537075161933899e-02,-1.021902039647102356e-01,8.279162645339965820e-02
4.364537075161933899e-02,-1.021902039647102356e-01,8.279162645339965820e-02
4.406221583485603333e-02,-1.022076234221458435e-01,8.270487934350967407e-02
4.406221583485603333e-02,-1.022076234221458435e-01,8.270487934350967407e-02
4.448058083653450012e-02,-1.022246852517127991e-01,8.261807262897491455e-02
4.448058083653450012e-02,-1.022246852517127991e-01,8.261807262897491455e-02
4.490047320723533630e-02,-1.022413372993469238e-01,8.253121376037597656e-02
4.490047320723533630e-02,-1.022413372993469238e-01,8.253121376037597656e-02
4.532191529870033264e-02,-1.022576168179512024e-01,8.244428783655166626e-02
4.532191529870033264e-02,-1.022576168179512024e-01,8.244428783655166626e-02
4.574488475918769836e-02,-1.022735014557838440e-01,8.235730230808258057e-02
4.574488475918769836e-02,-1.022735014557838440e-01,8.235730230808258057e-02
4.616940021514892578e-02,-1.022890061140060425e-01,8.227027207612991333e-02
4.616940021514892578e-02,-1.022890061140060425e-01,8.227027207612991333e-02
4.659547284245491028e-02,-1.023041084408760071e-01,8.218317478895187378e-02
4.659547284245491028e-02,-1.023041084408760071e-01,8.218317478895187378e-02
4.702309519052505493e-02,-1.023188233375549316e-01,8.209601789712905884e-02
4.702309519052505493e-02,-1.023188233375549316e-01,8.209601789712905884e-02
4.745227098464965820e-02,-1.023331508040428162e-01,8.200880140066146851e-02
4.745227098464965820e-02,-1.023331508040428162e-01,8.200880140066146851e-02
4.788301512598991394e-02,-1.023470982909202576e-01,8.192153275012969971e-02
4.788301512598991394e-02,-1.023470982909202576e-01,8.192153275012969971e-02
4.831532388925552368e-02,-1.023606359958648682e-01,8.183421194553375244e-02
4.831532388925552368e-02,-1.023606359958648682e-01,8.183421194553375244e-02
4.874921217560768127e-02,-1.023737788200378418e-01,8.174683898687362671e-02
4.874921217560768127e-02,-1.023737788200378418e-01,8.174683898687362671e-02
4.918466508388519287e-02,-1.023865416646003723e-01,8.165939897298812866e-02
4.918466508388519287e-02,-1.023865416646003723e-01,8.165939897298812866e-02
4.962171241641044617e-02,-1.023989096283912659e-01,8.157191425561904907e-02
4.962171241641044617e-02,-1.023989096283912659e-01,8.157191425561904907e-02
5.006033182144165039e-02,-1.024108678102493286e-01,8.148437738418579102e-02
5.006033182144165039e-02,-1.024108678102493286e-01,8.148437738418579102e-02
5.050055310130119324e-02,-1.024224385619163513e-01,8.139678090810775757e-02
5.050055310130119324e-02,-1.024224385619163513e-01,8.139678090810775757e-02
5.094236135482788086e-02,-1.024336144328117371e-01,8.130913972854614258e-02
5.094236135482788086e-02,-1.024336144328117371e-01,8.130913972854614258e-02
5.138577148318290710e-02,-1.024443879723548889e-01,8.122144639492034912e-02
5.138577148318290710e-02,-1.024443879723548889e-01,8.122144639492034912e-02
5.183078348636627197e-02,-1.024547740817070007e-01,8.113370090723037720e-02
5.183078348636627197e-02,-1.024547740817070007e-01,8.113370090723037720e-02
5.227740108966827393e-02,-1.024647504091262817e-01,8.104590326547622681e-02
5.227740108966827393e-02,-1.024647504091262817e-01,8.104590326547622681e-02
5.272563919425010681e-02,-1.024743318557739258e-01,8.095805346965789795e-02
5.272563919425010681e-02,-1.024743318557739258e-01,8.095805346965789795e-02
5.317549780011177063e-02,-1.024835109710693359e-01,8.087015897035598755e-02
5.317549780011177063e-02,-1.024835109710693359e-01,8.087015897035598755e-02
5.362696573138237000e-02,-1.024922877550125122e-01,8.078221231698989868e-02
5.362696573138237000e-02,-1.024922877550125122e-01,8.078221231698989868e-02
5.408006906509399414e-02,-1.025006622076034546e-01,8.069422096014022827e-02
5.408006906509399414e-02,-1.025006622076034546e-01,8.069422096014022827e-02
5.453480035066604614e-02,-1.025086492300033569e-01,8.060617744922637939e-02
5.453480035066604614e-02,-1.025086492300033569e-01,8.060617744922637939e-02
5.499117076396942139e-02,-1.025162190198898315e-01,8.051809668540954590e-02
5.499117076396942139e-02,-1.025162190198898315e-01,8.051809668540954590e-02
5.544916912913322449e-02,-1.025233939290046692e-01,8.042995631694793701e-02
5.544916912913322449e-02,-1.025233939290046692e-01,8.042995631694793701e-02
5.590882152318954468e-02,-1.025301516056060791e-01,8.034177869558334351e-02
5.590882152318954468e-02,-1.025301516056060791e-01,8.034177869558334351e-02
5.637012794613838196e-02,-1.025365144014358521e-01,8.025354892015457153e-02
5.637012794613838196e-02,-1.025365144014358521e-01,8.025354892015457153e-02
5.683307349681854248e-02,-1.025424674153327942e-01,8.016528189182281494e-02
5.683307349681854248e-02,-1.025424674153327942e-01,8.016528189182281494e-02
5.729768797755241394e-02,-1.025480180978775024e-01,8.007696270942687988e-02
5.729768797755241394e-02,-1.025480180978775024e-01,8.007696270942687988e-02
5.776396766304969788e-02,-1.025531589984893799e-01,7.998861372470855713e-02
5.776396766304969788e-02,-1.025531589984893799e-01,7.998861372470855713e-02
5.823191627860069275e-02,-1.025578975677490234e-01,7.990020513534545898e-02
5.823191627860069275e-02,-1.025578975677490234e-01,7.990020513534545898e-02
5.870152264833450317e-02,-1.025622114539146423e-01,7.981175929307937622e-02
5.870152264833450317e-02,-1.025622114539146423e-01,7.981175929307937622e-02
5.917281657457351685e-02,-1.025661379098892212e-01,7.972327619791030884e-02
5.917281657457351685e-02,-1.025661379098892212e-01,7.972327619791030884e-02
5.964579060673713684e-02,-1.025696322321891785e-01,7.963474839925765991e-02
5.964579060673713684e-02,-1.025696322321891785e-01,7.963474839925765991e-02
6.012044101953506470e-02,-1.025727316737174988e-01,7.954618334770202637e-02
6.012044101953506470e-02,-1.025727316737174988e-01,7.954618334770202637e-02
6.059678271412849426e-02,-1.025754213333129883e-01,7.945757359266281128e-02
6.059678271412849426e-02,-1.025754213333129883e-01,7.945757359266281128e-02
6.107483059167861938e-02,-1.025776863098144531e-01,7.936892658472061157e-02
6.107483059167861938e-02,-1.025776863098144531e-01,7.936892658472061157e-02
6.155456975102424622e-02,-1.025795415043830872e-01,7.928023487329483032e-02
6.155456975102424622e-02,-1.025795415043830872e-01,7.928023487329483032e-02
6.203601136803627014e-02,-1.025809794664382935e-01,7.919150590896606445e-02
6.203601136803627014e-02,-1.025809794664382935e-01,7.919150590896606445e-02
6.251917034387588501e-02,-1.025820225477218628e-01,7.910273969173431396e-02
6.251917034387588501e-02,-1.025820225477218628e-01,7.910273969173431396e-02
6.300403177738189697e-02,-1.025826260447502136e-01,7.901394367218017578e-02
6.300403177738189697e-02,-1.025826260447502136e-01,7.901394367218017578e-02
6.349060684442520142e-02,-1.025828346610069275e-01,7.892509549856185913e-02
6.349060684442520142e-02,-1.025828346610069275e-01,7.892509549856185913e-02
6.397891789674758911e-02,-1.025826036930084229e-01,7.883622497320175171e-02
6.397891789674758911e-02,-1.025826036930084229e-01,7.883622497320175171e-02
6.446895003318786621e-02,-1.025819778442382812e-01,7.874730974435806274e-02
6.446895003318786621e-02,-1.025819778442382812e-01,7.874730974435806274e-02
6.496070325374603271e-02,-1.025809347629547119e-01,7.865837216377258301e-02
6.496070325374603271e-02,-1.025809347629547119e-01,7.865837216377258301e-02
6.545420736074447632e-02,-1.025794669985771179e-01,7.856938987970352173e-02
6.545420736074447632e-02,-1.025794669985771179e-01,7.856938987970352173e-02
6.594944000244140625e-02,-1.025775745511054993e-01,7.848037034273147583e-02
6.594944000244140625e-02,-1.025775745511054993e-01,7.848037034273147583e-02
6.644641607999801636e-02,-1.025752648711204529e-01,7.839132100343704224e-02
6.644641607999801636e-02,-1.025752648711204529e-01,7.839132100343704224e-02
6.694515794515609741e-02,-1.025725305080413818e-01,7.830224186182022095e-02
6.694515794515609741e-02,-1.025725305080413818e-01,7.830224186182022095e-02
6.744562834501266479e-02,-1.025693863630294800e-01,7.821312546730041504e-02
6.744562834501266479e-02,-1.025693863630294800e-01,7.821312546730041504e-02
6.794787198305130005e-02,-1.025658100843429565e-01,7.812397927045822144e-02
6.794787198305130005e-02,-1.025658100843429565e-01,7.812397927045822144e-02
6.845188140869140625e-02,-1.025618240237236023e-01,7.803479582071304321e-02
6.845188140869140625e-02,-1.025618240237236023e-01,7.803479582071304321e-02
6.895764917135238647e-02,-1.025573983788490295e-01,7.794559746980667114e-02
6.895764917135238647e-02,-1.025573983788490295e-01,7.794559746980667114e-02
6.946520507335662842e-02,-1.025525480508804321e-01,7.785635441541671753e-02
6.946520507335662842e-02,-1.025525480508804321e-01,7.785635441541671753e-02
6.997451186180114746e-02,-1.025472804903984070e-01,7.776708155870437622e-02
6.997451186180114746e-02,-1.025472804903984070e-01,7.776708155870437622e-02
7.048560678958892822e-02,-1.025415807962417603e-01,7.767778635025024414e-02
7.048560678958892822e-02,-1.025415807962417603e-01,7.767778635025024414e-02
7.099849730730056763e-02,-1.025354713201522827e-01,7.758845388889312744e-02
7.099849730730056763e-02,-1.025354713201522827e-01,7.758845388889312744e-02
7.151316851377487183e-02,-1.025289222598075867e-01,7.749909907579421997e-02
7.151316851377487183e-02,-1.025289222598075867e-01,7.749909907579421997e-02
7.202963531017303467e-02,-1.025219410657882690e-01,7.740971446037292480e-02
7.202963531017303467e-02,-1.025219410657882690e-01,7.740971446037292480e-02
7.254790514707565308e-02,-1.025145500898361206e-01,7.732031494379043579e-02
7.254790514707565308e-02,-1.025145500898361206e-01,7.732031494379043579e-02
7.306797802448272705e-02,-1.025067120790481567e-01,7.723087817430496216e-02
7.306797802448272705e-02,-1.025067120790481567e-01,7.723087817430496216e-02
7.358984649181365967e-02,-1.024984419345855713e-01,7.714141905307769775e-02
7.358984649181365967e-02,-1.024984419345855713e-01,7.714141905307769775e-02
7.411354780197143555e-02,-1.024897545576095581e-01,7.705193012952804565e-02
7.411354780197143555e-02,-1.024897545576095581e-01,7.705193012952804565e-02
7.463905960321426392e-02,-1.024806350469589233e-01,7.696241885423660278e-02
7.463905960321426392e-02,-1.024806350469589233e-01,7.696241885423660278e-02
7.516638189554214478e-02,-1.024710685014724731e-01,7.687287777662277222e-02
7.516638189554214478e-02,-1.024710685014724731e-01,7.687287777662277222e-02
7.569554448127746582e-02,-1.024610847234725952e-01,7.678331434726715088e-02
7.569554448127746582e-02,-1.024610847234725952e-01,7.678331434726715088e-02
7.622652500867843628e-02,-1.024506688117980957e-01,7.669374346733093262e-02
7.622652500867843628e-02,-1.024506688117980957e-01,7.669374346733093262e-02
7.675935328006744385e-02,-1.024398058652877808e-01,7.660413533449172974e-02
7.675935328006744385e-02,-1.024398058652877808e-01,7.660413533449172974e-02
7.729402184486389160e-02,-1.024285107851028442e-01,7.651451230049133301e-02
7.729402184486389160e-02,-1.024285107851028442e-01,7.651451230049133301e-02
7.783052325248718262e-02,-1.024167984724044800e-01,7.642486691474914551e-02
7.783052325248718262e-02,-1.024167984724044800e-01,7.642486691474914551e-02
7.836887985467910767e-02,-1.024046391248703003e-01,7.633519172668457031e-02
7.836887985467910767e-02,-1.024046391248703003e-01,7.633519172668457031e-02
7.890907675027847290e-02,-1.023920252919197083e-01,7.624550908803939819e-02
7.890907675027847290e-02,-1.023920252919197083e-01,7.624550908803939819e-02
7.945115119218826294e-02,-1.023789942264556885e-01,7.615580409765243530e-02
7.945115119218826294e-02,-1.023789942264556885e-01,7.615580409765243530e-02
7.999507337808609009e-02,-1.023655235767364502e-01,7.606606930494308472e-02
7.999507337808609009e-02,-1.023655235767364502e-01,7.606606930494308472e-02
8.054087311029434204e-02,-1.023515984416007996e-01,7.597633451223373413e-02
8.054087311029434204e-02,-1.023515984416007996e-01,7.597633451223373413e-02
8.108853548765182495e-02,-1.023372486233711243e-01,7.588656246662139893e-02
8.108853548765182495e-02,-1.023372486233711243e-01,7.588656246662139893e-02
8.163807541131973267e-02,-1.023224592208862305e-01,7.579678297042846680e-02
8.163807541131973267e-02,-1.023224592208862305e-01,7.579678297042846680e-02
8.218951523303985596e-02,-1.023072153329849243e-01,7.570698857307434082e-02
8.218951523303985596e-02,-1.023072153329849243e-01,7.570698857307434082e-02
8.274282515048980713e-02,-1.022915467619895935e-01,7.561717182397842407e-02
8.274282515048980713e-02,-1.022915467619895935e-01,7.561717182397842407e-02
8.329802751541137695e-02,-1.022754237055778503e-01,7.552734762430191040e-02
8.329802751541137695e-02,-1.022754237055778503e-01,7.552734762430191040e-02
8.385511487722396851e-02,-1.022588610649108887e-01,7.543749362230300903e-02
8.385511487722396851e-02,-1.022588610649108887e-01,7.543749362230300903e-02
8.441410958766937256e-02,-1.022418588399887085e-01,7.534764707088470459e-02
8.441410958766937256e-02,-1.022418588399887085e-01,7.534764707088470459e-02
8.497499674558639526e-02,-1.022244021296501160e-01,7.525777071714401245e-02
8.497499674558639526e-02,-1.022244021296501160e-01,7.525777071714401245e-02
8.553779870271682739e-02,-1.022064983844757080e-01,7.516787946224212646e-02
8.553779870271682739e-02,-1.022064983844757080e-01,7.516787946224212646e-02
8.610251545906066895e-02,-1.021881550550460815e-01,7.507798075675964355e-02
8.610251545906066895e-02,-1.021881550550460815e-01,7.507798075675964355e-02
8.666913956403732300e-02,-1.021693646907806396e-01,7.498807460069656372e-02
8.666913956403732300e-02,-1.021693646907806396e-01,7.498807460069656372e-02
8.723770081996917725e-02,-1.021501272916793823e-01,7.489813864231109619e-02
8.723770081996917725e-02,-1.021501272916793823e-01,7.489813864231109619e-02
8.780817687511444092e-02,-1.021304428577423096e-01,7.480821013450622559e-02
8.780817687511444092e-02,-1.021304428577423096e-01,7.480821013450622559e-02
8.838059008121490479e-02,-1.021103039383888245e-01,7.471826672554016113e-02
8.838059008121490479e-02,-1.021103039383888245e-01,7.471826672554016113e-02
8.895494043827056885e-02,-1.020897254347801208e-01,7.462831586599349976e-02
8.895494043827056885e-02,-1.020897254347801208e-01,7.462831586599349976e-02
8.953122794628143311e-02,-1.020686924457550049e-01,7.453835010528564453e-02
8.953122794628143311e-02,-1.020686924457550049e-01,7.453835010528564453e-02
9.010945260524749756e-02,-1.020471975207328796e-01,7.444836944341659546e-02
9.010945260524749756e-02,-1.020471975207328796e-01,7.444836944341659546e-02
9.068963676691055298e-02,-1.020252555608749390e-01,7.435838878154754639e-02
9.068963676691055298e-02,-1.020252555608749390e-01,7.435838878154754639e-02
9.127176553010940552e-02,-1.020028740167617798e-01,7.426839321851730347e-02
9.127176553010940552e-02,-1.020028740167617798e-01,7.426839321851730347e-02
9.185584634542465210e-02,-1.019800230860710144e-01,7.417839765548706055e-02
9.185584634542465210e-02,-1.019800230860710144e-01,7.417839765548706055e-02
9.244190156459808350e-02,-1.019567251205444336e-01,7.408840209245681763e-02
9.244190156459808350e-02,-1.019567251205444336e-01,7.408840209245681763e-02
9.302992373704910278e-02,-1.019329801201820374e-01,7.399839162826538086e-02
9.302992373704910278e-02,-1.019329801201820374e-01,7.399839162826538086e-02
9.361991286277770996e-02,-1.019087806344032288e-01,7.390837371349334717e-02
9.361991286277770996e-02,-1.019087806344032288e-01,7.390837371349334717e-02
9.421186894178390503e-02,-1.018841117620468140e-01,7.381834834814071655e-02
9.421186894178390503e-02,-1.018841117620468140e-01,7.381834834814071655e-02
9.480582177639007568e-02,-1.018589884042739868e-01,7.372833043336868286e-02
9.480582177639007568e-02,-1.018589884042739868e-01,7.372833043336868286e-02
9.540174901485443115e-02,-1.018334105610847473e-01,7.363829016685485840e-02
9.540174901485443115e-02,-1.018334105610847473e-01,7.363829016685485840e-02
9.599966555833816528e-02,-1.018073707818984985e-01,7.354825735092163086e-02
9.599966555833816528e-02,-1.018073707818984985e-01,7.354825735092163086e-02
9.659958630800247192e-02,-1.017808765172958374e-01,7.345822453498840332e-02
9.659958630800247192e-02,-1.017808765172958374e-01,7.345822453498840332e-02
9.720148891210556030e-02,-1.017539277672767639e-01,7.336819171905517578e-02
9.720148891210556030e-02,-1.017539277672767639e-01,7.336819171905517578e-02
9.780541807413101196e-02,-1.017265096306800842e-01,7.327815145254135132e-02
9.780541807413101196e-02,-1.017265096306800842e-01,7.327815145254135132e-02
9.841133654117584229e-02,-1.016986295580863953e-01,7.318810373544692993e-02
9.841133654117584229e-02,-1.016986295580863953e-01,7.318810373544692993e-02
9.901926666498184204e-02,-1.016703024506568909e-01,7.309806346893310547e-02
9.901926666498184204e-02,-1.016703024506568909e-01,7.309806346893310547e-02
9.962922334671020508e-02,-1.016414985060691833e-01,7.300802320241928101e-02
9.962922334671020508e-02,-1.016414985060691833e-01,7.300802320241928101e-02
1.002412065863609314e-01,-1.016122400760650635e-01,7.291798293590545654e-02
1.002412065863609314e-01,-1.016122400760650635e-01,7.291798293590545654e-02
1.008552014827728271e-01,-1.015825048089027405e-01,7.282794266939163208e-02
1.008552014827728271e-01,-1.015825048089027405e-01,7.282794266939163208e-02
1.014712378382682800e-01,-1.015523225069046021e-01,7.273790985345840454e-02
1.014712378382682800e-01,-1.015523225069046021e-01,7.273790985345840454e-02
1.020892933011054993e-01,-1.015216559171676636e-01,7.264786958694458008e-02
1.020892933011054993e-01,-1.015216559171676636e-01,7.264786958694458008e-02
1.027093976736068726e-01,-1.014905422925949097e-01,7.255784422159194946e-02
1.027093976736068726e-01,-1.014905422925949097e-01,7.255784422159194946e-02
1.033315509557723999e-01,-1.014589443802833557e-01,7.246780395507812500e-02
1.033315509557723999e-01,-1.014589443802833557e-01,7.246780395507812500e-02
1.039557531476020813e-01,-1.014268919825553894e-01,7.237777858972549438e-02
1.039557531476020813e-01,-1.014268919825553894e-01,7.237777858972549438e-02
1.045820042490959167e-01,-1.013943701982498169e-01,7.228776067495346069e-02
1.045820042490959167e-01,-1.013943701982498169e-01,7.228776067495346069e-02
1.052102968096733093e-01,-1.013613790273666382e-01,7.219774276018142700e-02
1.052102968096733093e-01,-1.013613790273666382e-01,7.219774276018142700e-02
1.058406829833984375e-01,-1.013279110193252563e-01,7.210773229598999023e-02
1.058406829833984375e-01,-1.013279110193252563e-01,7.210773229598999023e-02
1.064731106162071228e-01,-1.012939736247062683e-01,7.201772183179855347e-02
1.064731106162071228e-01,-1.012939736247062683e-01,7.201772183179855347e-02
1.071076169610023499e-01,-1.012595742940902710e-01,7.192772626876831055e-02
1.071076169610023499e-01,-1.012595742940902710e-01,7.192772626876831055e-02
1.077442094683647156e-01,-1.012247055768966675e-01,7.183774560689926147e-02
1.077442094683647156e-01,-1.012247055768966675e-01,7.183774560689926147e-02
1.083828732371330261e-01,-1.011893674731254578e-01,7.174775749444961548e-02
1.083828732371330261e-01,-1.011893674731254578e-01,7.174775749444961548e-02
1.090236082673072815e-01,-1.011535301804542542e-01,7.165778428316116333e-02
1.090236082673072815e-01,-1.011535301804542542e-01,7.165778428316116333e-02
1.096664592623710632e-01,-1.011172384023666382e-01,7.156781852245330811e-02
1.096664592623710632e-01,-1.011172384023666382e-01,7.156781852245330811e-02
1.103113964200019836e-01,-1.010804697871208191e-01,7.147786021232604980e-02
1.103113964200019836e-01,-1.010804697871208191e-01,7.147786021232604980e-02
1.109584048390388489e-01,-1.010432243347167969e-01,7.138791680335998535e-02
1.109584048390388489e-01,-1.010432243347167969e-01,7.138791680335998535e-02
1.116075515747070312e-01,-1.010055094957351685e-01,7.129798084497451782e-02
1.116075515747070312e-01,-1.010055094957351685e-01,7.129798084497451782e-02
1.122587919235229492e-01,-1.009673178195953369e-01,7.120805978775024414e-02
1.122587919235229492e-01,-1.009673178195953369e-01,7.120805978775024414e-02
1.129121556878089905e-01,-1.009286418557167053e-01,7.111814618110656738e-02
1.129121556878089905e-01,-1.009286418557167053e-01,7.111814618110656738e-02
1.135676279664039612e-01,-1.008894890546798706e-01,7.102824747562408447e-02
1.135676279664039612e-01,-1.008894890546798706e-01,7.102824747562408447e-02
1.142252087593078613e-01,-1.008498594164848328e-01,7.093836367130279541e-02
1.142252087593078613e-01,-1.008498594164848328e-01,7.093836367130279541e-02
1.148849278688430786e-01,-1.008097454905509949e-01,7.084848731756210327e-02
1.148849278688430786e-01,-1.008097454905509949e-01,7.084848731756210327e-02
1.155467778444290161e-01,-1.007691621780395508e-01,7.075862586498260498e-02
1.155467778444290161e-01,-1.007691621780395508e-01,7.075862586498260498e-02
1.162107661366462708e-01,-1.007280945777893066e-01,7.066878676414489746e-02
1.162107661366462708e-01,-1.007280945777893066e-01,7.066878676414489746e-02
1.168768778443336487e-01,-1.006865352392196655e-01,7.057894766330718994e-02
1.168768778443336487e-01,-1.006865352392196655e-01,7.057894766330718994e-02
1.175451353192329407e-01,-1.006445065140724182e-01,7.048913091421127319e-02
1.175451353192329407e-01,-1.006445065140724182e-01,7.048913091421127319e-02
1.182155609130859375e-01,-1.006019935011863708e-01,7.039934396743774414e-02
1.182155609130859375e-01,-1.006019935011863708e-01,7.039934396743774414e-02
1.188881099224090576e-01,-1.005589887499809265e-01,7.030955702066421509e-02
1.188881099224090576e-01,-1.005589887499809265e-01,7.030955702066421509e-02
1.195628419518470764e-01,-1.005154997110366821e-01,7.021979242563247681e-02
1.195628419518470764e-01,-1.005154997110366821e-01,7.021979242563247681e-02
1.202397197484970093e-01,-1.004715338349342346e-01,7.013004273176193237e-02
1.202397197484970093e-01,-1.004715338349342346e-01,7.013004273176193237e-02
1.209187880158424377e-01,-1.004270687699317932e-01,7.004031538963317871e-02
1.209187880158424377e-01,-1.004270687699317932e-01,7.004031538963317871e-02
1.216000020503997803e-01,-1.003821343183517456e-01,6.995061784982681274e-02
1.216000020503997803e-01,-1.003821343183517456e-01,6.995061784982681274e-02
1.222833916544914246e-01,-1.003367081284523010e-01,6.986092031002044678e-02
1.222833916544914246e-01,-1.003367081284523010e-01,6.986092031002044678e-02
1.229689791798591614e-01,-1.002907827496528625e-01,6.977125257253646851e-02
1.229689791798591614e-01,-1.002907827496528625e-01,6.977125257253646851e-02
1.236567497253417969e-01,-1.002443879842758179e-01,6.968160718679428101e-02
1.236567497253417969e-01,-1.002443879842758179e-01,6.968160718679428101e-02
1.243467032909393311e-01,-1.001974865794181824e-01,6.959197670221328735e-02
1.243467032909393311e-01,-1.001974865794181824e-01,6.959197670221328735e-02
1.250388473272323608e-01,-1.001501008868217468e-01,6.950237601995468140e-02
1.250388473272323608e-01,-1.001501008868217468e-01,6.950237601995468140e-02
1.257331967353820801e-01,-1.001022309064865112e-01,6.941279023885726929e-02
1.257331967353820801e-01,-1.001022309064865112e-01,6.941279023885726929e-02
1.264297366142272949e-01,-1.000538617372512817e-01,6.932323426008224487e-02
1.264297366142272949e-01,-1.000538617372512817e-01,6.932323426008224487e-02
1.271284967660903931e-01,-1.000050008296966553e-01,6.923370063304901123e-02
1.271284967660903931e-01,-1.000050008296966553e-01,6.923370063304901123e-02
1.278294622898101807e-01,-9.995564818382263184e-02,6.914418190717697144e-02
1.278294622898101807e-01,-9.995564818382263184e-02,6.914418190717697144e-02
1.285326331853866577e-01,-9.990580379962921143e-02,6.905470043420791626e-02
1.285326331853866577e-01,-9.990580379962921143e-02,6.905470043420791626e-02
1.292380541563034058e-01,-9.985546022653579712e-02,6.896523386240005493e-02
1.292380541563034058e-01,-9.985546022653579712e-02,6.896523386240005493e-02
1.299456954002380371e-01,-9.980463236570358276e-02,6.887579709291458130e-02
1.299456954002380371e-01,-9.980463236570358276e-02,6.887579709291458130e-02
1.306555420160293579e-01,-9.975329786539077759e-02,6.878638267517089844e-02
1.306555420160293579e-01,-9.975329786539077759e-02,6.878638267517089844e-02
1.313676536083221436e-01,-9.970146417617797852e-02,6.869700551033020020e-02
1.313676536083221436e-01,-9.970146417617797852e-02,6.869700551033020020e-02
1.320819705724716187e-01,-9.964915364980697632e-02,6.860765069723129272e-02
1.320819705724716187e-01,-9.964915364980697632e-02,6.860765069723129272e-02
1.327985525131225586e-01,-9.959632903337478638e-02,6.851831823587417603e-02
1.327985525131225586e-01,-9.959632903337478638e-02,6.851831823587417603e-02
1.335173845291137695e-01,-9.954300522804260254e-02,6.842902302742004395e-02
1.335173845291137695e-01,-9.954300522804260254e-02,6.842902302742004395e-02
1.342384666204452515e-01,-9.948918968439102173e-02,6.833975762128829956e-02
1.342384666204452515e-01,-9.948918968439102173e-02,6.833975762128829956e-02
1.349617838859558105e-01,-9.943486750125885010e-02,6.825051456689834595e-02
1.349617838859558105e-01,-9.943486750125885010e-02,6.825051456689834595e-02
1.356873959302902222e-01,-9.938004612922668457e-02,6.816130131483078003e-02
1.356873959302902222e-01,-9.938004612922668457e-02,6.816130131483078003e-02
1.364152580499649048e-01,-9.932472556829452515e-02,6.807212531566619873e-02
1.364152580499649048e-01,-9.932472556829452515e-02,6.807212531566619873e-02
1.371453851461410522e-01,-9.926889836788177490e-02,6.798297166824340820e-02
1.371453851461410522e-01,-9.926889836788177490e-02,6.798297166824340820e-02
1.378778070211410522e-01,-9.921257942914962769e-02,6.789386272430419922e-02
1.378778070211410522e-01,-9.921257942914962769e-02,6.789386272430419922e-02
1.386124938726425171e-01,-9.915573894977569580e-02,6.780477613210678101e-02
1.386124938726425171e-01,-9.915573894977569580e-02,6.780477613210678101e-02
1.393494606018066406e-01,-9.909839928150177002e-02,6.771572679281234741e-02
1.393494606018066406e-01,-9.909839928150177002e-02,6.771572679281234741e-02
1.400887370109558105e-01,-9.904056787490844727e-02,6.762670725584030151e-02
1.400887370109558105e-01,-9.904056787490844727e-02,6.762670725584030151e-02
1.408302932977676392e-01,-9.898222237825393677e-02,6.753772497177124023e-02
1.408302932977676392e-01,-9.898222237825393677e-02,6.753772497177124023e-02
1.415741443634033203e-01,-9.892337769269943237e-02,6.744877994060516357e-02
1.415741443634033203e-01,-9.892337769269943237e-02,6.744877994060516357e-02
1.423203051090240479e-01,-9.886401891708374023e-02,6.735986471176147461e-02
1.423203051090240479e-01,-9.886401891708374023e-02,6.735986471176147461e-02
1.430687755346298218e-01,-9.880415350198745728e-02,6.727098673582077026e-02
1.430687755346298218e-01,-9.880415350198745728e-02,6.727098673582077026e-02
1.438195556402206421e-01,-9.874377399682998657e-02,6.718214601278305054e-02
1.438195556402206421e-01,-9.874377399682998657e-02,6.718214601278305054e-02
1.445726454257965088e-01,-9.868289530277252197e-02,6.709334254264831543e-02
1.445726454257965088e-01,-9.868289530277252197e-02,6.709334254264831543e-02
1.453280597925186157e-01,-9.862150251865386963e-02,6.700457632541656494e-02
1.453280597925186157e-01,-9.862150251865386963e-02,6.700457632541656494e-02
1.460858136415481567e-01,-9.855959564447402954e-02,6.691585481166839600e-02
1.460858136415481567e-01,-9.855959564447402954e-02,6.691585481166839600e-02
1.468458771705627441e-01,-9.849718213081359863e-02,6.682716310024261475e-02
1.468458771705627441e-01,-9.849718213081359863e-02,6.682716310024261475e-02
1.476082950830459595e-01,-9.843426197767257690e-02,6.673851609230041504e-02
1.476082950830459595e-01,-9.843426197767257690e-02,6.673851609230041504e-02
1.483730226755142212e-01,-9.837082028388977051e-02,6.664989888668060303e-02
1.483730226755142212e-01,-9.837082028388977051e-02,6.664989888668060303e-02
1.491401046514511108e-01,-9.830687195062637329e-02,6.656133383512496948e-02
1.491401046514511108e-01,-9.830687195062637329e-02,6.656133383512496948e-02
1.499095410108566284e-01,-9.824239462614059448e-02,6.647279858589172363e-02
1.499095410108566284e-01,-9.824239462614059448e-02,6.647279858589172363e-02
1.506813466548919678e-01,-9.817741811275482178e-02,6.638431549072265625e-02
1.506813466548919678e-01,-9.817741811275482178e-02,6.638431549072265625e-02
1.514554917812347412e-01,-9.811192750930786133e-02,6.629586964845657349e-02
1.514554917812347412e-01,-9.811192750930786133e-02,6.629586964845657349e-02
1.522319912910461426e-01,-9.804590791463851929e-02,6.620746105909347534e-02
1.522319912910461426e-01,-9.804590791463851929e-02,6.620746105909347534e-02
1.530108749866485596e-01,-9.797938168048858643e-02,6.611911207437515259e-02
1.530108749866485596e-01,-9.797938168048858643e-02,6.611911207437515259e-02
