-3.914181515574455261e-02,5.303698405623435974e-02,-3.221129998564720154e-02
-3.914181515574455261e-02,5.303698405623435974e-02,-3.221129998564720154e-02
-3.898270800709724426e-02,5.275322496891021729e-02,-3.237504139542579651e-02
-3.898270800709724426e-02,5.275322496891021729e-02,-3.237504139542579651e-02
-3.882434219121932983e-02,5.246890708804130554e-02,-3.253956511616706848e-02
-3.882434219121932983e-02,5.246890708804130554e-02,-3.253956511616706848e-02
-3.866671770811080933e-02,5.218401178717613220e-02,-3.270487487316131592e-02
-3.866671770811080933e-02,5.218401178717613220e-02,-3.270487487316131592e-02
-3.850983083248138428e-02,5.189857259392738342e-02,-3.287096321582794189e-02
-3.850983083248138428e-02,5.189857259392738342e-02,-3.287096321582794189e-02
-3.835368156433105469e-02,5.161256343126296997e-02,-3.303782269358634949e-02
-3.835368156433105469e-02,5.161256343126296997e-02,-3.303782269358634949e-02
-3.819826990365982056e-02,5.132599920034408569e-02,-3.320546075701713562e-02
-3.819826990365982056e-02,5.132599920034408569e-02,-3.320546075701713562e-02
-3.804359585046768188e-02,5.103887245059013367e-02,-3.337386995553970337e-02
-3.804359585046768188e-02,5.103887245059013367e-02,-3.337386995553970337e-02
-3.788965940475463867e-02,5.075119808316230774e-02,-3.354303911328315735e-02
-3.788965940475463867e-02,5.075119808316230774e-02,-3.354303911328315735e-02
-3.773645684123039246e-02,5.046296119689941406e-02,-3.371297568082809448e-02
-3.773645684123039246e-02,5.046296119689941406e-02,-3.371297568082809448e-02
-3.758398070931434631e-02,5.017416924238204956e-02,-3.388366848230361938e-02
-3.758398070931434631e-02,5.017416924238204956e-02,-3.388366848230361938e-02
-3.743224218487739563e-02,4.988483339548110962e-02,-3.405511751770973206e-02
-3.743224218487739563e-02,4.988483339548110962e-02,-3.405511751770973206e-02
-3.728123754262924194e-02,4.959494993090629578e-02,-3.422731906175613403e-02
-3.728123754262924194e-02,4.959494993090629578e-02,-3.422731906175613403e-02
-3.713096305727958679e-02,4.930451139807701111e-02,-3.440026938915252686e-02
-3.713096305727958679e-02,4.930451139807701111e-02,-3.440026938915252686e-02
-3.698141127824783325e-02,4.901351779699325562e-02,-3.457396849989891052e-02
-3.698141127824783325e-02,4.901351779699325562e-02,-3.457396849989891052e-02
-3.683259338140487671e-02,4.872198402881622314e-02,-3.474840521812438965e-02
-3.683259338140487671e-02,4.872198402881622314e-02,-3.474840521812438965e-02
-3.668450564146041870e-02,4.842989891767501831e-02,-3.492358326911926270e-02
-3.668450564146041870e-02,4.842989891767501831e-02,-3.492358326911926270e-02
-3.653714060783386230e-02,4.813726618885993958e-02,-3.509949520230293274e-02
-3.653714060783386230e-02,4.813726618885993958e-02,-3.509949520230293274e-02
-3.639050200581550598e-02,4.784409329295158386e-02,-3.527614846825599670e-02
-3.639050200581550598e-02,4.784409329295158386e-02,-3.527614846825599670e-02
-3.624458983540534973e-02,4.755038022994995117e-02,-3.545352071523666382e-02
-3.624458983540534973e-02,4.755038022994995117e-02,-3.545352071523666382e-02
-3.609939664602279663e-02,4.725612327456474304e-02,-3.563161939382553101e-02
-3.609939664602279663e-02,4.725612327456474304e-02,-3.563161939382553101e-02
-3.595492988824844360e-02,4.696132987737655640e-02,-3.581044450402259827e-02
-3.595492988824844360e-02,4.696132987737655640e-02,-3.581044450402259827e-02
-3.581118583679199219e-02,4.666598886251449585e-02,-3.598998859524726868e-02
-3.581118583679199219e-02,4.666598886251449585e-02,-3.598998859524726868e-02
-3.566815704107284546e-02,4.637012258172035217e-02,-3.617024421691894531e-02
-3.566815704107284546e-02,4.637012258172035217e-02,-3.617024421691894531e-02
-3.552585095167160034e-02,4.607370868325233459e-02,-3.635121509432792664e-02
-3.552585095167160034e-02,4.607370868325233459e-02,-3.635121509432792664e-02
-3.538426756858825684e-02,4.577677324414253235e-02,-3.653289750218391418e-02
-3.538426756858825684e-02,4.577677324414253235e-02,-3.653289750218391418e-02
-3.524339571595191956e-02,4.547928646206855774e-02,-3.671528398990631104e-02
-3.524339571595191956e-02,4.547928646206855774e-02,-3.671528398990631104e-02
-3.510324656963348389e-02,4.518127813935279846e-02,-3.689837083220481873e-02
-3.510324656963348389e-02,4.518127813935279846e-02,-3.689837083220481873e-02
-3.496380895376205444e-02,4.488273337483406067e-02,-3.708215430378913879e-02
-3.496380895376205444e-02,4.488273337483406067e-02,-3.708215430378913879e-02
-3.482508286833763123e-02,4.458365961909294128e-02,-3.726663812994956970e-02
-3.482508286833763123e-02,4.458365961909294128e-02,-3.726663812994956970e-02
-3.468707576394081116e-02,4.428406059741973877e-02,-3.745181486010551453e-02
-3.468707576394081116e-02,4.428406059741973877e-02,-3.745181486010551453e-02
-3.454978391528129578e-02,4.398392885923385620e-02,-3.763767704367637634e-02
-3.454978391528129578e-02,4.398392885923385620e-02,-3.763767704367637634e-02
-3.441319987177848816e-02,4.368327558040618896e-02,-3.782422468066215515e-02
-3.441319987177848816e-02,4.368327558040618896e-02,-3.782422468066215515e-02
-3.427732735872268677e-02,4.338208585977554321e-02,-3.801145777106285095e-02
-3.427732735872268677e-02,4.338208585977554321e-02,-3.801145777106285095e-02
-3.414216265082359314e-02,4.308038204908370972e-02,-3.819936141371726990e-02
-3.414216265082359314e-02,4.308038204908370972e-02,-3.819936141371726990e-02
-3.400770947337150574e-02,4.277814552187919617e-02,-3.838795050978660583e-02
-3.400770947337150574e-02,4.277814552187919617e-02,-3.838795050978660583e-02
-3.387396410107612610e-02,4.247539862990379333e-02,-3.857721015810966492e-02
-3.387396410107612610e-02,4.247539862990379333e-02,-3.857721015810966492e-02
-3.374092653393745422e-02,4.217212274670600891e-02,-3.876713290810585022e-02
-3.374092653393745422e-02,4.217212274670600891e-02,-3.876713290810585022e-02
-3.360859304666519165e-02,4.186833649873733521e-02,-3.895772621035575867e-02
-3.360859304666519165e-02,4.186833649873733521e-02,-3.895772621035575867e-02
-3.347696363925933838e-02,4.156402498483657837e-02,-3.914898261427879333e-02
-3.347696363925933838e-02,4.156402498483657837e-02,-3.914898261427879333e-02
-3.334603831171989441e-02,4.125919565558433533e-02,-3.934089466929435730e-02
-3.334603831171989441e-02,4.125919565558433533e-02,-3.934089466929435730e-02
-3.321581706404685974e-02,4.095385223627090454e-02,-3.953346237540245056e-02
-3.321581706404685974e-02,4.095385223627090454e-02,-3.953346237540245056e-02
-3.308629989624023438e-02,4.064799472689628601e-02,-3.972668573260307312e-02
-3.308629989624023438e-02,4.064799472689628601e-02,-3.972668573260307312e-02
-3.295747563242912292e-02,4.034162312746047974e-02,-3.992055356502532959e-02
-3.295747563242912292e-02,4.034162312746047974e-02,-3.992055356502532959e-02
-3.282935917377471924e-02,4.003474116325378418e-02,-4.011506214737892151e-02
-3.282935917377471924e-02,4.003474116325378418e-02,-4.011506214737892151e-02
-3.270193934440612793e-02,3.972735255956649780e-02,-4.031022265553474426e-02
-3.270193934440612793e-02,3.972735255956649780e-02,-4.031022265553474426e-02
-3.257522359490394592e-02,3.941944241523742676e-02,-4.050601646304130554e-02
-3.257522359490394592e-02,3.941944241523742676e-02,-4.050601646304130554e-02
-3.244919702410697937e-02,3.911103680729866028e-02,-4.070244729518890381e-02
-3.244919702410697937e-02,3.911103680729866028e-02,-4.070244729518890381e-02
-3.232387080788612366e-02,3.880212083458900452e-02,-4.089951142668724060e-02
-3.232387080788612366e-02,3.880212083458900452e-02,-4.089951142668724060e-02
-3.219923749566078186e-02,3.849269449710845947e-02,-4.109720140695571899e-02
-3.219923749566078186e-02,3.849269449710845947e-02,-4.109720140695571899e-02
-3.207530081272125244e-02,3.818276524543762207e-02,-4.129551723599433899e-02
-3.207530081272125244e-02,3.818276524543762207e-02,-4.129551723599433899e-02
-3.195205330848693848e-02,3.787232562899589539e-02,-4.149445146322250366e-02
-3.195205330848693848e-02,3.787232562899589539e-02,-4.149445146322250366e-02
-3.182949870824813843e-02,3.756139799952507019e-02,-4.169400781393051147e-02
-3.182949870824813843e-02,3.756139799952507019e-02,-4.169400781393051147e-02
-3.170764073729515076e-02,3.724995627999305725e-02,-4.189418256282806396e-02
-3.170764073729515076e-02,3.724995627999305725e-02,-4.189418256282806396e-02
-3.158646821975708008e-02,3.693802282214164734e-02,-4.209496080875396729e-02
-3.158646821975708008e-02,3.693802282214164734e-02,-4.209496080875396729e-02
-3.146598488092422485e-02,3.662559017539024353e-02,-4.229635000228881836e-02
-3.146598488092422485e-02,3.662559017539024353e-02,-4.229635000228881836e-02
-3.134618699550628662e-02,3.631265461444854736e-02,-4.249835386872291565e-02
-3.134618699550628662e-02,3.631265461444854736e-02,-4.249835386872291565e-02
-3.122708573937416077e-02,3.599923476576805115e-02,-4.270095378160476685e-02
-3.122708573937416077e-02,3.599923476576805115e-02,-4.270095378160476685e-02
-3.110866807401180267e-02,3.568530827760696411e-02,-4.290414974093437195e-02
-3.110866807401180267e-02,3.568530827760696411e-02,-4.290414974093437195e-02
-3.099092654883861542e-02,3.537089005112648010e-02,-4.310793802142143250e-02
-3.099092654883861542e-02,3.537089005112648010e-02,-4.310793802142143250e-02
-3.087387606501579285e-02,3.505597636103630066e-02,-4.331232607364654541e-02
-3.087387606501579285e-02,3.505597636103630066e-02,-4.331232607364654541e-02
-3.075751103460788727e-02,3.474057838320732117e-02,-4.351729527115821838e-02
-3.075751103460788727e-02,3.474057838320732117e-02,-4.351729527115821838e-02
-3.064182586967945099e-02,3.442469239234924316e-02,-4.372286051511764526e-02
-3.064182586967945099e-02,3.442469239234924316e-02,-4.372286051511764526e-02
-3.052682243287563324e-02,3.410831466317176819e-02,-4.392899572849273682e-02
-3.052682243287563324e-02,3.410831466317176819e-02,-4.392899572849273682e-02
-3.041250072419643402e-02,3.379144892096519470e-02,-4.413571581244468689e-02
-3.041250072419643402e-02,3.379144892096519470e-02,-4.413571581244468689e-02
-3.029885888099670410e-02,3.347409144043922424e-02,-4.434300959110260010e-02
-3.029885888099670410e-02,3.347409144043922424e-02,-4.434300959110260010e-02
-3.018588945269584656e-02,3.315625339746475220e-02,-4.455086961388587952e-02
-3.018588945269584656e-02,3.315625339746475220e-02,-4.455086961388587952e-02
-3.007360175251960754e-02,3.283793106675148010e-02,-4.475930333137512207e-02
-3.007360175251960754e-02,3.283793106675148010e-02,-4.475930333137512207e-02
-2.996199019253253937e-02,3.251912817358970642e-02,-4.496829956769943237e-02
-2.996199019253253937e-02,3.251912817358970642e-02,-4.496829956769943237e-02
-2.985106036067008972e-02,3.219984099268913269e-02,-4.517786577343940735e-02
-2.985106036067008972e-02,3.219984099268913269e-02,-4.517786577343940735e-02
-2.974079549312591553e-02,3.188007697463035583e-02,-4.538797587156295776e-02
-2.974079549312591553e-02,3.188007697463035583e-02,-4.538797587156295776e-02
-2.963120676577091217e-02,3.155982866883277893e-02,-4.559865221381187439e-02
-2.963120676577091217e-02,3.155982866883277893e-02,-4.559865221381187439e-02
-2.952229231595993042e-02,3.123911097645759583e-02,-4.580987617373466492e-02
-2.952229231595993042e-02,3.123911097645759583e-02,-4.580987617373466492e-02
-2.941405214369297028e-02,3.091790527105331421e-02,-4.602164775133132935e-02
-2.941405214369297028e-02,3.091790527105331421e-02,-4.602164775133132935e-02
-2.930647879838943481e-02,3.059623576700687408e-02,-4.623396322131156921e-02
-2.930647879838943481e-02,3.059623576700687408e-02,-4.623396322131156921e-02
-2.919957414269447327e-02,3.027408570051193237e-02,-4.644683003425598145e-02
-2.919957414269447327e-02,3.027408570051193237e-02,-4.644683003425598145e-02
-2.909334003925323486e-02,2.995146065950393677e-02,-4.666022583842277527e-02
-2.909334003925323486e-02,2.995146065950393677e-02,-4.666022583842277527e-02
-2.898777090013027191e-02,2.962836623191833496e-02,-4.687414690852165222e-02
-2.898777090013027191e-02,2.962836623191833496e-02,-4.687414690852165222e-02
-2.888287045061588287e-02,2.930480241775512695e-02,-4.708861559629440308e-02
-2.888287045061588287e-02,2.930480241775512695e-02,-4.708861559629440308e-02
-2.877863869071006775e-02,2.898076735436916351e-02,-4.730361327528953552e-02
-2.877863869071006775e-02,2.898076735436916351e-02,-4.730361327528953552e-02
-2.867507003247737885e-02,2.865627035498619080e-02,-4.751912876963615417e-02
-2.867507003247737885e-02,2.865627035498619080e-02,-4.751912876963615417e-02
-2.857216075062751770e-02,2.833129651844501495e-02,-4.773516207933425903e-02
-2.857216075062751770e-02,2.833129651844501495e-02,-4.773516207933425903e-02
-2.846991643309593201e-02,2.800586447119712830e-02,-4.795171692967414856e-02
-2.846991643309593201e-02,2.800586447119712830e-02,-4.795171692967414856e-02
-2.836833707988262177e-02,2.767996676266193390e-02,-4.816878959536552429e-02
-2.836833707988262177e-02,2.767996676266193390e-02,-4.816878959536552429e-02
-2.826741337776184082e-02,2.735360339283943176e-02,-4.838636890053749084e-02
-2.826741337776184082e-02,2.735360339283943176e-02,-4.838636890053749084e-02
-2.816715650260448456e-02,2.702678367495536804e-02,-4.860446602106094360e-02
-2.816715650260448456e-02,2.702678367495536804e-02,-4.860446602106094360e-02
-2.806754969060420990e-02,2.669950015842914581e-02,-4.882305860519409180e-02
-2.806754969060420990e-02,2.669950015842914581e-02,-4.882305860519409180e-02
-2.796860970556735992e-02,2.637175656855106354e-02,-4.904215410351753235e-02
-2.796860970556735992e-02,2.637175656855106354e-02,-4.904215410351753235e-02
-2.787032350897789001e-02,2.604355476796627045e-02,-4.926174879074096680e-02
-2.787032350897789001e-02,2.604355476796627045e-02,-4.926174879074096680e-02
-2.777268923819065094e-02,2.571489475667476654e-02,-4.948183521628379822e-02
-2.777268923819065094e-02,2.571489475667476654e-02,-4.948183521628379822e-02
-2.767571248114109039e-02,2.538577839732170105e-02,-4.970241338014602661e-02
-2.767571248114109039e-02,2.538577839732170105e-02,-4.970241338014602661e-02
-2.757938951253890991e-02,2.505621314048767090e-02,-4.992347955703735352e-02
-2.757938951253890991e-02,2.505621314048767090e-02,-4.992347955703735352e-02
-2.748372219502925873e-02,2.472619153559207916e-02,-5.014503374695777893e-02
-2.748372219502925873e-02,2.472619153559207916e-02,-5.014503374695777893e-02
-2.738869935274124146e-02,2.439571358263492584e-02,-5.036706849932670593e-02
-2.738869935274124146e-02,2.439571358263492584e-02,-5.036706849932670593e-02
-2.729433588683605194e-02,2.406479045748710632e-02,-5.058958008885383606e-02
-2.729433588683605194e-02,2.406479045748710632e-02,-5.058958008885383606e-02
-2.720061689615249634e-02,2.373341843485832214e-02,-5.081256106495857239e-02
-2.720061689615249634e-02,2.373341843485832214e-02,-5.081256106495857239e-02
-2.710754983127117157e-02,2.340159192681312561e-02,-5.103602260351181030e-02
-2.710754983127117157e-02,2.340159192681312561e-02,-5.103602260351181030e-02
-2.701513096690177917e-02,2.306932769715785980e-02,-5.125994980335235596e-02
-2.701513096690177917e-02,2.306932769715785980e-02,-5.125994980335235596e-02
-2.692335657775402069e-02,2.273660525679588318e-02,-5.148433893918991089e-02
-2.692335657775402069e-02,2.273660525679588318e-02,-5.148433893918991089e-02
-2.683223038911819458e-02,2.240344323217868805e-02,-5.170918628573417664e-02
-2.683223038911819458e-02,2.240344323217868805e-02,-5.170918628573417664e-02
-2.674174681305885315e-02,2.206983976066112518e-02,-5.193449184298515320e-02
-2.674174681305885315e-02,2.206983976066112518e-02,-5.193449184298515320e-02
-2.665191143751144409e-02,2.173579297959804535e-02,-5.216026306152343750e-02
-2.665191143751144409e-02,2.173579297959804535e-02,-5.216026306152343750e-02
-2.656271681189537048e-02,2.140130102634429932e-02,-5.238647758960723877e-02
-2.656271681189537048e-02,2.140130102634429932e-02,-5.238647758960723877e-02
-2.647416293621063232e-02,2.106637880206108093e-02,-5.261313915252685547e-02
-2.647416293621063232e-02,2.106637880206108093e-02,-5.261313915252685547e-02
-2.638625353574752808e-02,2.073101326823234558e-02,-5.284024775028228760e-02
-2.638625353574752808e-02,2.073101326823234558e-02,-5.284024775028228760e-02
-2.629898302257061005e-02,2.039520442485809326e-02,-5.306779593229293823e-02
-2.629898302257061005e-02,2.039520442485809326e-02,-5.306779593229293823e-02
-2.621234953403472900e-02,2.005896903574466705e-02,-5.329577252268791199e-02
-2.621234953403472900e-02,2.005896903574466705e-02,-5.329577252268791199e-02
-2.612636052072048187e-02,1.972229219973087311e-02,-5.352419614791870117e-02
-2.612636052072048187e-02,1.972229219973087311e-02,-5.352419614791870117e-02
-2.604100108146667480e-02,1.938518136739730835e-02,-5.375304445624351501e-02
-2.604100108146667480e-02,1.938518136739730835e-02,-5.375304445624351501e-02
-2.595628425478935242e-02,1.904763840138912201e-02,-5.398232117295265198e-02
-2.595628425478935242e-02,1.904763840138912201e-02,-5.398232117295265198e-02
-2.587219513952732086e-02,1.870966702699661255e-02,-5.421203002333641052e-02
-2.587219513952732086e-02,1.870966702699661255e-02,-5.421203002333641052e-02
-2.578874304890632629e-02,1.837126538157463074e-02,-5.444214865565299988e-02
-2.578874304890632629e-02,1.837126538157463074e-02,-5.444214865565299988e-02
-2.570592984557151794e-02,1.803243160247802734e-02,-5.467268824577331543e-02
-2.570592984557151794e-02,1.803243160247802734e-02,-5.467268824577331543e-02
-2.562374435365200043e-02,1.769317500293254852e-02,-5.490363761782646179e-02
-2.562374435365200043e-02,1.769317500293254852e-02,-5.490363761782646179e-02
-2.554218843579292297e-02,1.735348626971244812e-02,-5.513501539826393127e-02
-2.554218843579292297e-02,1.735348626971244812e-02,-5.513501539826393127e-02
-2.546126767992973328e-02,1.701337471604347229e-02,-5.536678433418273926e-02
-2.546126767992973328e-02,1.701337471604347229e-02,-5.536678433418273926e-02
-2.538097091019153595e-02,1.667284034192562103e-02,-5.559895932674407959e-02
-2.538097091019153595e-02,1.667284034192562103e-02,-5.559895932674407959e-02
-2.530130743980407715e-02,1.633188501000404358e-02,-5.583154410123825073e-02
-2.530130743980407715e-02,1.633188501000404358e-02,-5.583154410123825073e-02
-2.522226981818675995e-02,1.599050685763359070e-02,-5.606451630592346191e-02
-2.522226981818675995e-02,1.599050685763359070e-02,-5.606451630592346191e-02
-2.514385804533958435e-02,1.564870402216911316e-02,-5.629788339138031006e-02
-2.514385804533958435e-02,1.564870402216911316e-02,-5.629788339138031006e-02
-2.506607025861740112e-02,1.530648861080408096e-02,-5.653165280818939209e-02
-2.506607025861740112e-02,1.530648861080408096e-02,-5.653165280818939209e-02
-2.498890832066535950e-02,1.496384944766759872e-02,-5.676580220460891724e-02
-2.498890832066535950e-02,1.496384944766759872e-02,-5.676580220460891724e-02
-2.491237036883831024e-02,1.462079491466283798e-02,-5.700033158063888550e-02
-2.491237036883831024e-02,1.462079491466283798e-02,-5.700033158063888550e-02
-2.483645640313625336e-02,1.427733059972524643e-02,-5.723523721098899841e-02
-2.483645640313625336e-02,1.427733059972524643e-02,-5.723523721098899841e-02
-2.476116083562374115e-02,1.393344439566135406e-02,-5.747053027153015137e-02
-2.476116083562374115e-02,1.393344439566135406e-02,-5.747053027153015137e-02
-2.468648925423622131e-02,1.358914840966463089e-02,-5.770619958639144897e-02
-2.468648925423622131e-02,1.358914840966463089e-02,-5.770619958639144897e-02
-2.461243420839309692e-02,1.324444077908992767e-02,-5.794224143028259277e-02
-2.461243420839309692e-02,1.324444077908992767e-02,-5.794224143028259277e-02
-2.453899756073951721e-02,1.289932429790496826e-02,-5.817864090204238892e-02
-2.453899756073951721e-02,1.289932429790496826e-02,-5.817864090204238892e-02
-2.446618117392063141e-02,1.255379617214202881e-02,-5.841540917754173279e-02
-2.446618117392063141e-02,1.255379617214202881e-02,-5.841540917754173279e-02
-2.439397573471069336e-02,1.220786012709140778e-02,-5.865253508090972900e-02
-2.439397573471069336e-02,1.220786012709140778e-02,-5.865253508090972900e-02
-2.432239614427089691e-02,1.186152081936597824e-02,-5.889001861214637756e-02
-2.432239614427089691e-02,1.186152081936597824e-02,-5.889001861214637756e-02
-2.425142377614974976e-02,1.151477079838514328e-02,-5.912785604596138000e-02
-2.425142377614974976e-02,1.151477079838514328e-02,-5.912785604596138000e-02
-2.418106235563755035e-02,1.116761658340692520e-02,-5.936605110764503479e-02
-2.418106235563755035e-02,1.116761658340692520e-02,-5.936605110764503479e-02
-2.411131933331489563e-02,1.082006562501192093e-02,-5.960458144545555115e-02
-2.411131933331489563e-02,1.082006562501192093e-02,-5.960458144545555115e-02
-2.404218912124633789e-02,1.047210581600666046e-02,-5.984347313642501831e-02
-2.404218912124633789e-02,1.047210581600666046e-02,-5.984347313642501831e-02
-2.397366613149642944e-02,1.012375112622976303e-02,-6.008268892765045166e-02
-2.397366613149642944e-02,1.012375112622976303e-02,-6.008268892765045166e-02
-2.390575408935546875e-02,9.774989448487758636e-03,-6.032225489616394043e-02
-2.390575408935546875e-02,9.774989448487758636e-03,-6.032225489616394043e-02
-2.383844740688800812e-02,9.425836615264415741e-03,-6.056214496493339539e-02
-2.383844740688800812e-02,9.425836615264415741e-03,-6.056214496493339539e-02
-2.377175167202949524e-02,9.076281450688838959e-03,-6.080236658453941345e-02
-2.377175167202949524e-02,9.076281450688838959e-03,-6.080236658453941345e-02
-2.370566129684448242e-02,8.726331405341625214e-03,-6.104291602969169617e-02
-2.370566129684448242e-02,8.726331405341625214e-03,-6.104291602969169617e-02
-2.364018000662326813e-02,8.375991135835647583e-03,-6.128378584980964661e-02
-2.364018000662326813e-02,8.375991135835647583e-03,-6.128378584980964661e-02
-2.357530221343040466e-02,8.025253191590309143e-03,-6.152497977018356323e-02
-2.357530221343040466e-02,8.025253191590309143e-03,-6.152497977018356323e-02
-2.351102419197559357e-02,7.674121297895908356e-03,-6.176649406552314758e-02
-2.351102419197559357e-02,7.674121297895908356e-03,-6.176649406552314758e-02
-2.344735711812973022e-02,7.322603836655616760e-03,-6.200831755995750427e-02
-2.344735711812973022e-02,7.322603836655616760e-03,-6.200831755995750427e-02
-2.338428422808647156e-02,6.970693357288837433e-03,-6.225045397877693176e-02
-2.338428422808647156e-02,6.970693357288837433e-03,-6.225045397877693176e-02
-2.332181297242641449e-02,6.618395913392305374e-03,-6.249289959669113159e-02
-2.332181297242641449e-02,6.618395913392305374e-03,-6.249289959669113159e-02
-2.325994521379470825e-02,6.265713367611169815e-03,-6.273564696311950684e-02
-2.325994521379470825e-02,6.265713367611169815e-03,-6.273564696311950684e-02
-2.319867722690105438e-02,5.912639666348695755e-03,-6.297869980335235596e-02
-2.319867722690105438e-02,5.912639666348695755e-03,-6.297869980335235596e-02
-2.313799969851970673e-02,5.559180397540330887e-03,-6.322205066680908203e-02
-2.313799969851970673e-02,5.559180397540330887e-03,-6.322205066680908203e-02
-2.307792566716670990e-02,5.205345340073108673e-03,-6.346567720174789429e-02
-2.307792566716670990e-02,5.205345340073108673e-03,-6.346567720174789429e-02
-2.301845140755176544e-02,4.851122386753559113e-03,-6.370960921049118042e-02
-2.301845140755176544e-02,4.851122386753559113e-03,-6.370960921049118042e-02
-2.295956201851367950e-02,4.496518056839704514e-03,-6.395382434129714966e-02
-2.295956201851367950e-02,4.496518056839704514e-03,-6.395382434129714966e-02
-2.290127426385879517e-02,4.141537472605705261e-03,-6.419832259416580200e-02
-2.290127426385879517e-02,4.141537472605705261e-03,-6.419832259416580200e-02
-2.284357696771621704e-02,3.786174347624182701e-03,-6.444310396909713745e-02
-2.284357696771621704e-02,3.786174347624182701e-03,-6.444310396909713745e-02
-2.278647013008594513e-02,3.430434036999940872e-03,-6.468815356492996216e-02
-2.278647013008594513e-02,3.430434036999940872e-03,-6.468815356492996216e-02
-2.272995561361312866e-02,3.074317006394267082e-03,-6.493348628282546997e-02
-2.272995561361312866e-02,3.074317006394267082e-03,-6.493348628282546997e-02
-2.267403528094291687e-02,2.717826515436172485e-03,-6.517908722162246704e-02
-2.267403528094291687e-02,2.717826515436172485e-03,-6.517908722162246704e-02
-2.261869609355926514e-02,2.360961399972438812e-03,-6.542494893074035645e-02
-2.261869609355926514e-02,2.360961399972438812e-03,-6.542494893074035645e-02
-2.256395108997821808e-02,2.003725850954651833e-03,-6.567108631134033203e-02
-2.256395108997821808e-02,2.003725850954651833e-03,-6.567108631134033203e-02
-2.250979281961917877e-02,1.646113232709467411e-03,-6.591746956110000610e-02
-2.250979281961917877e-02,1.646113232709467411e-03,-6.591746956110000610e-02
-2.245621755719184875e-02,1.288138795644044876e-03,-6.616412103176116943e-02
-2.245621755719184875e-02,1.288138795644044876e-03,-6.616412103176116943e-02
-2.240322902798652649e-02,9.297898504883050919e-04,-6.641102582216262817e-02
-2.240322902798652649e-02,9.297898504883050919e-04,-6.641102582216262817e-02
-2.235082723200321198e-02,5.710742552764713764e-04,-6.665817648172378540e-02
-2.235082723200321198e-02,5.710742552764713764e-04,-6.665817648172378540e-02
-2.229900658130645752e-02,2.119913406204432249e-04,-6.690557301044464111e-02
-2.229900658130645752e-02,2.119913406204432249e-04,-6.690557301044464111e-02
-2.224776707589626312e-02,-1.474555028835311532e-04,-6.715321540832519531e-02
-2.224776707589626312e-02,-1.474555028835311532e-04,-6.715321540832519531e-02
-2.219711244106292725e-02,-5.072652711533010006e-04,-6.740109622478485107e-02
-2.219711244106292725e-02,-5.072652711533010006e-04,-6.740109622478485107e-02
-2.214703336358070374e-02,-8.674412965774536133e-04,-6.764920800924301147e-02
-2.214703336358070374e-02,-8.674412965774536133e-04,-6.764920800924301147e-02
-2.209753543138504028e-02,-1.227974542416632175e-03,-6.789756566286087036e-02
-2.209753543138504028e-02,-1.227974542416632175e-03,-6.789756566286087036e-02
-2.204861491918563843e-02,-1.588872284628450871e-03,-6.814614683389663696e-02
-2.204861491918563843e-02,-1.588872284628450871e-03,-6.814614683389663696e-02
-2.200027368962764740e-02,-1.950128353200852871e-03,-6.839496642351150513e-02
-2.200027368962764740e-02,-1.950128353200852871e-03,-6.839496642351150513e-02
-2.195250801742076874e-02,-2.311741933226585388e-03,-6.864398717880249023e-02
-2.195250801742076874e-02,-2.311741933226585388e-03,-6.864398717880249023e-02
-2.190531790256500244e-02,-2.673710929229855537e-03,-6.889323890209197998e-02
-2.190531790256500244e-02,-2.673710929229855537e-03,-6.889323890209197998e-02
-2.185870334506034851e-02,-3.036032896488904953e-03,-6.914270669221878052e-02
-2.185870334506034851e-02,-3.036032896488904953e-03,-6.914270669221878052e-02
-2.181266061961650848e-02,-3.398715285584330559e-03,-6.939239054918289185e-02
-2.181266061961650848e-02,-3.398715285584330559e-03,-6.939239054918289185e-02
-2.176718972623348236e-02,-3.761747619137167931e-03,-6.964228302240371704e-02
-2.176718972623348236e-02,-3.761747619137167931e-03,-6.964228302240371704e-02
-2.172229252755641937e-02,-4.125129897147417068e-03,-6.989238411188125610e-02
-2.172229252755641937e-02,-4.125129897147417068e-03,-6.989238411188125610e-02
-2.167796343564987183e-02,-4.488866776227951050e-03,-7.014267891645431519e-02
-2.167796343564987183e-02,-4.488866776227951050e-03,-7.014267891645431519e-02
-2.163420617580413818e-02,-4.852950107306241989e-03,-7.039318233728408813e-02
-2.163420617580413818e-02,-4.852950107306241989e-03,-7.039318233728408813e-02
-2.159101516008377075e-02,-5.217382218688726425e-03,-7.064387947320938110e-02
-2.159101516008377075e-02,-5.217382218688726425e-03,-7.064387947320938110e-02
-2.154839038848876953e-02,-5.582160782068967819e-03,-7.089477032423019409e-02
-2.154839038848876953e-02,-5.582160782068967819e-03,-7.089477032423019409e-02
-2.150633744895458221e-02,-5.947286263108253479e-03,-7.114585489034652710e-02
-2.150633744895458221e-02,-5.947286263108253479e-03,-7.114585489034652710e-02
-2.146484702825546265e-02,-6.312755867838859558e-03,-7.139711827039718628e-02
-2.146484702825546265e-02,-6.312755867838859558e-03,-7.139711827039718628e-02
-2.142392285168170929e-02,-6.678564939647912979e-03,-7.164857536554336548e-02
-2.142392285168170929e-02,-6.678564939647912979e-03,-7.164857536554336548e-02
-2.138355746865272522e-02,-7.044723723083734512e-03,-7.190020382404327393e-02
-2.138355746865272522e-02,-7.044723723083734512e-03,-7.190020382404327393e-02
-2.134375646710395813e-02,-7.411220576614141464e-03,-7.215201854705810547e-02
-2.134375646710395813e-02,-7.411220576614141464e-03,-7.215201854705810547e-02
-2.130452170968055725e-02,-7.778049912303686142e-03,-7.240399718284606934e-02
-2.130452170968055725e-02,-7.778049912303686142e-03,-7.240399718284606934e-02
-2.126584202051162720e-02,-8.145226165652275085e-03,-7.265613973140716553e-02
-2.126584202051162720e-02,-8.145226165652275085e-03,-7.265613973140716553e-02
-2.122772671282291412e-02,-8.512733504176139832e-03,-7.290846109390258789e-02
-2.122772671282291412e-02,-8.512733504176139832e-03,-7.290846109390258789e-02
-2.119016647338867188e-02,-8.880581706762313843e-03,-7.316094636917114258e-02
-2.119016647338867188e-02,-8.880581706762313843e-03,-7.316094636917114258e-02
-2.115316502749919891e-02,-9.248763322830200195e-03,-7.341358065605163574e-02
-2.115316502749919891e-02,-9.248763322830200195e-03,-7.341358065605163574e-02
-2.111672051250934601e-02,-9.617279283702373505e-03,-7.366637885570526123e-02
-2.111672051250934601e-02,-9.617279283702373505e-03,-7.366637885570526123e-02
-2.108083292841911316e-02,-9.986122138798236847e-03,-7.391932606697082520e-02
-2.108083292841911316e-02,-9.986122138798236847e-03,-7.391932606697082520e-02
-2.104549668729305267e-02,-1.035530492663383484e-02,-7.417242228984832764e-02
-2.104549668729305267e-02,-1.035530492663383484e-02,-7.417242228984832764e-02
-2.101071737706661224e-02,-1.072481181472539902e-02,-7.442566752433776855e-02
-2.101071737706661224e-02,-1.072481181472539902e-02,-7.442566752433776855e-02
-2.097648940980434418e-02,-1.109464652836322784e-02,-7.467905431985855103e-02
-2.097648940980434418e-02,-1.109464652836322784e-02,-7.467905431985855103e-02
-2.094281651079654694e-02,-1.146480813622474670e-02,-7.493259012699127197e-02
-2.094281651079654694e-02,-1.146480813622474670e-02,-7.493259012699127197e-02
-2.090968936681747437e-02,-1.183529943227767944e-02,-7.518625259399414062e-02
-2.090968936681747437e-02,-1.183529943227767944e-02,-7.518625259399414062e-02
-2.087711356580257416e-02,-1.220611482858657837e-02,-7.544004172086715698e-02
-2.087711356580257416e-02,-1.220611482858657837e-02,-7.544004172086715698e-02
-2.084508724510669708e-02,-1.257725339382886887e-02,-7.569397240877151489e-02
-2.084508724510669708e-02,-1.257725339382886887e-02,-7.569397240877151489e-02
-2.081361040472984314e-02,-1.294871140271425247e-02,-7.594802230596542358e-02
-2.081361040472984314e-02,-1.294871140271425247e-02,-7.594802230596542358e-02
-2.078267931938171387e-02,-1.332049071788787842e-02,-7.620219886302947998e-02
-2.078267931938171387e-02,-1.332049071788787842e-02,-7.620219886302947998e-02
-2.075229585170745850e-02,-1.369259227067232132e-02,-7.645649462938308716e-02
-2.075229585170745850e-02,-1.369259227067232132e-02,-7.645649462938308716e-02
-2.072245255112648010e-02,-1.406501606106758118e-02,-7.671090215444564819e-02
-2.072245255112648010e-02,-1.406501606106758118e-02,-7.671090215444564819e-02
-2.069315500557422638e-02,-1.443775370717048645e-02,-7.696542888879776001e-02
-2.069315500557422638e-02,-1.443775370717048645e-02,-7.696542888879776001e-02
-2.066440507769584656e-02,-1.481080614030361176e-02,-7.722005993127822876e-02
-2.066440507769584656e-02,-1.481080614030361176e-02,-7.722005993127822876e-02
-2.063619345426559448e-02,-1.518417801707983017e-02,-7.747480273246765137e-02
-2.063619345426559448e-02,-1.518417801707983017e-02,-7.747480273246765137e-02
-2.060852199792861938e-02,-1.555785816162824631e-02,-7.772964984178543091e-02
-2.060852199792861938e-02,-1.555785816162824631e-02,-7.772964984178543091e-02
-2.058138884603977203e-02,-1.593185588717460632e-02,-7.798458635807037354e-02
-2.058138884603977203e-02,-1.593185588717460632e-02,-7.798458635807037354e-02
-2.055479958653450012e-02,-1.630616560578346252e-02,-7.823962718248367310e-02
-2.055479958653450012e-02,-1.630616560578346252e-02,-7.823962718248367310e-02
-2.052874304354190826e-02,-1.668077893555164337e-02,-7.849474996328353882e-02
-2.052874304354190826e-02,-1.668077893555164337e-02,-7.849474996328353882e-02
-2.050323225557804108e-02,-1.705570705235004425e-02,-7.874996960163116455e-02
-2.050323225557804108e-02,-1.705570705235004425e-02,-7.874996960163116455e-02
-2.047824859619140625e-02,-1.743094064295291901e-02,-7.900528609752655029e-02
-2.047824859619140625e-02,-1.743094064295291901e-02,-7.900528609752655029e-02
-2.045380696654319763e-02,-1.780648157000541687e-02,-7.926067709922790527e-02
-2.045380696654319763e-02,-1.780648157000541687e-02,-7.926067709922790527e-02
-2.042989619076251984e-02,-1.818232797086238861e-02,-7.951614260673522949e-02
-2.042989619076251984e-02,-1.818232797086238861e-02,-7.951614260673522949e-02
-2.040651440620422363e-02,-1.855848170816898346e-02,-7.977167516946792603e-02
-2.040651440620422363e-02,-1.855848170816898346e-02,-7.977167516946792603e-02
-2.038367092609405518e-02,-1.893493160605430603e-02,-8.002730458974838257e-02
-2.038367092609405518e-02,-1.893493160605430603e-02,-8.002730458974838257e-02
-2.036135643720626831e-02,-1.931169070303440094e-02,-8.028298616409301758e-02
-2.036135643720626831e-02,-1.931169070303440094e-02,-8.028298616409301758e-02
-2.033957280218601227e-02,-1.968874409794807434e-02,-8.053873479366302490e-02
-2.033957280218601227e-02,-1.968874409794807434e-02,-8.053873479366302490e-02
-2.031831815838813782e-02,-2.006609924137592316e-02,-8.079455792903900146e-02
-2.031831815838813782e-02,-2.006609924137592316e-02,-8.079455792903900146e-02
-2.029759064316749573e-02,-2.044375240802764893e-02,-8.105042576789855957e-02
-2.029759064316749573e-02,-2.044375240802764893e-02,-8.105042576789855957e-02
-2.027739025652408600e-02,-2.082169800996780396e-02,-8.130636066198348999e-02
-2.027739025652408600e-02,-2.082169800996780396e-02,-8.130636066198348999e-02
-2.025771886110305786e-02,-2.119994349777698517e-02,-8.156234025955200195e-02
-2.025771886110305786e-02,-2.119994349777698517e-02,-8.156234025955200195e-02
-2.023857086896896362e-02,-2.157848328351974487e-02,-8.181837201118469238e-02
-2.023857086896896362e-02,-2.157848328351974487e-02,-8.181837201118469238e-02
-2.021994814276695251e-02,-2.195731736719608307e-02,-8.207444101572036743e-02
-2.021994814276695251e-02,-2.195731736719608307e-02,-8.207444101572036743e-02
-2.020184695720672607e-02,-2.233643643558025360e-02,-8.233056962490081787e-02
-2.020184695720672607e-02,-2.233643643558025360e-02,-8.233056962490081787e-02
-2.018426917493343353e-02,-2.271585352718830109e-02,-8.258672803640365601e-02
-2.018426917493343353e-02,-2.271585352718830109e-02,-8.258672803640365601e-02
-2.016721293330192566e-02,-2.309555746614933014e-02,-8.284291625022888184e-02
-2.016721293330192566e-02,-2.309555746614933014e-02,-8.284291625022888184e-02
-2.015067823231220245e-02,-2.347555011510848999e-02,-8.309914916753768921e-02
-2.015067823231220245e-02,-2.347555011510848999e-02,-8.309914916753768921e-02
-2.013466134667396545e-02,-2.385582961142063141e-02,-8.335540443658828735e-02
-2.013466134667396545e-02,-2.385582961142063141e-02,-8.335540443658828735e-02
-2.011916227638721466e-02,-2.423639036715030670e-02,-8.361169695854187012e-02
-2.011916227638721466e-02,-2.423639036715030670e-02,-8.361169695854187012e-02
-2.010418288409709930e-02,-2.461724169552326202e-02,-8.386798948049545288e-02
-2.010418288409709930e-02,-2.461724169552326202e-02,-8.386798948049545288e-02
-2.008971758186817169e-02,-2.499837614595890045e-02,-8.412431180477142334e-02
-2.008971758186817169e-02,-2.499837614595890045e-02,-8.412431180477142334e-02
-2.007576823234558105e-02,-2.537978999316692352e-02,-8.438065648078918457e-02
-2.007576823234558105e-02,-2.537978999316692352e-02,-8.438065648078918457e-02
-2.006233483552932739e-02,-2.576148882508277893e-02,-8.463700860738754272e-02
-2.006233483552932739e-02,-2.576148882508277893e-02,-8.463700860738754272e-02
-2.004941366612911224e-02,-2.614346705377101898e-02,-8.489337563514709473e-02
-2.004941366612911224e-02,-2.614346705377101898e-02,-8.489337563514709473e-02
-2.003700658679008484e-02,-2.652571909129619598e-02,-8.514973521232604980e-02
-2.003700658679008484e-02,-2.652571909129619598e-02,-8.514973521232604980e-02
-2.002510987222194672e-02,-2.690825052559375763e-02,-8.540610969066619873e-02
-2.002510987222194672e-02,-2.690825052559375763e-02,-8.540610969066619873e-02
-2.001372352242469788e-02,-2.729105390608310699e-02,-8.566247671842575073e-02
-2.001372352242469788e-02,-2.729105390608310699e-02,-8.566247671842575073e-02
-2.000284753739833832e-02,-2.767413482069969177e-02,-8.591883629560470581e-02
-2.000284753739833832e-02,-2.767413482069969177e-02,-8.591883629560470581e-02
-1.999247819185256958e-02,-2.805748954415321350e-02,-8.617519587278366089e-02
-1.999247819185256958e-02,-2.805748954415321350e-02,-8.617519587278366089e-02
-1.998261921107769012e-02,-2.844112180173397064e-02,-8.643153309822082520e-02
-1.998261921107769012e-02,-2.844112180173397064e-02,-8.643153309822082520e-02
-1.997326873242855072e-02,-2.882501855492591858e-02,-8.668787032365798950e-02
-1.997326873242855072e-02,-2.882501855492591858e-02,-8.668787032365798950e-02
-1.996441744267940521e-02,-2.920918911695480347e-02,-8.694417774677276611e-02
-1.996441744267940521e-02,-2.920918911695480347e-02,-8.694417774677276611e-02
-1.995607651770114899e-02,-2.959362231194972992e-02,-8.720047026872634888e-02
-1.995607651770114899e-02,-2.959362231194972992e-02,-8.720047026872634888e-02
-1.994823664426803589e-02,-2.997832372784614563e-02,-8.745673298835754395e-02
-1.994823664426803589e-02,-2.997832372784614563e-02,-8.745673298835754395e-02
-1.994089782238006592e-02,-3.036329895257949829e-02,-8.771297335624694824e-02
-1.994089782238006592e-02,-3.036329895257949829e-02,-8.771297335624694824e-02
-1.993406563997268677e-02,-3.074853494763374329e-02,-8.796918392181396484e-02
-1.993406563997268677e-02,-3.074853494763374329e-02,-8.796918392181396484e-02
-1.992773078382015228e-02,-3.113403543829917908e-02,-8.822536468505859375e-02
-1.992773078382015228e-02,-3.113403543829917908e-02,-8.822536468505859375e-02
-1.992189697921276093e-02,-3.151979669928550720e-02,-8.848148584365844727e-02
-1.992189697921276093e-02,-3.151979669928550720e-02,-8.848148584365844727e-02
-1.991656236350536346e-02,-3.190581500530242920e-02,-8.873759210109710693e-02
-1.991656236350536346e-02,-3.190581500530242920e-02,-8.873759210109710693e-02
-1.991172321140766144e-02,-3.229209780693054199e-02,-8.899363875389099121e-02
-1.991172321140766144e-02,-3.229209780693054199e-02,-8.899363875389099121e-02
-1.990738324820995331e-02,-3.267864510416984558e-02,-8.924963325262069702e-02
-1.990738324820995331e-02,-3.267864510416984558e-02,-8.924963325262069702e-02
-1.990353874862194061e-02,-3.306544199585914612e-02,-8.950559794902801514e-02
-1.990353874862194061e-02,-3.306544199585914612e-02,-8.950559794902801514e-02
-1.990018598735332489e-02,-3.345249220728874207e-02,-8.976148068904876709e-02
-1.990018598735332489e-02,-3.345249220728874207e-02,-8.976148068904876709e-02
-1.989733055233955383e-02,-3.383981063961982727e-02,-9.001732617616653442e-02
-1.989733055233955383e-02,-3.383981063961982727e-02,-9.001732617616653442e-02
-1.989496871829032898e-02,-3.422737866640090942e-02,-9.027309715747833252e-02
-1.989496871829032898e-02,-3.422737866640090942e-02,-9.027309715747833252e-02
-1.989309675991535187e-02,-3.461519256234169006e-02,-9.052880853414535522e-02
-1.989309675991535187e-02,-3.461519256234169006e-02,-9.052880853414535522e-02
-1.989171653985977173e-02,-3.500325605273246765e-02,-9.078445285558700562e-02
-1.989171653985977173e-02,-3.500325605273246765e-02,-9.078445285558700562e-02
-1.989082619547843933e-02,-3.539158031344413757e-02,-9.104003757238388062e-02
-1.989082619547843933e-02,-3.539158031344413757e-02,-9.104003757238388062e-02
-1.989042386412620544e-02,-3.578014671802520752e-02,-9.129552543163299561e-02
-1.989042386412620544e-02,-3.578014671802520752e-02,-9.129552543163299561e-02
-1.989050954580307007e-02,-3.616896644234657288e-02,-9.155093878507614136e-02
-1.989050954580307007e-02,-3.616896644234657288e-02,-9.155093878507614136e-02
-1.989108510315418243e-02,-3.655802831053733826e-02,-9.180628508329391479e-02
-1.989108510315418243e-02,-3.655802831053733826e-02,-9.180628508329391479e-02
-1.989214494824409485e-02,-3.694733604788780212e-02,-9.206154197454452515e-02
-1.989214494824409485e-02,-3.694733604788780212e-02,-9.206154197454452515e-02
-1.989369094371795654e-02,-3.733688592910766602e-02,-9.231670200824737549e-02
-1.989369094371795654e-02,-3.733688592910766602e-02,-9.231670200824737549e-02
-1.989571750164031982e-02,-3.772667795419692993e-02,-9.257177263498306274e-02
-1.989571750164031982e-02,-3.772667795419692993e-02,-9.257177263498306274e-02
-1.989823020994663239e-02,-3.811671957373619080e-02,-9.282676875591278076e-02
-1.989823020994663239e-02,-3.811671957373619080e-02,-9.282676875591278076e-02
-1.990122161805629730e-02,-3.850699961185455322e-02,-9.308163076639175415e-02
-1.990122161805629730e-02,-3.850699961185455322e-02,-9.308163076639175415e-02
-1.990469917654991150e-02,-3.889751434326171875e-02,-9.333641827106475830e-02
-1.990469917654991150e-02,-3.889751434326171875e-02,-9.333641827106475830e-02
-1.990865357220172882e-02,-3.928826749324798584e-02,-9.359109401702880859e-02
-1.990865357220172882e-02,-3.928826749324798584e-02,-9.359109401702880859e-02
-1.991308853030204773e-02,-3.967926278710365295e-02,-9.384565055370330811e-02
-1.991308853030204773e-02,-3.967926278710365295e-02,-9.384565055370330811e-02
-1.991800218820571899e-02,-4.007048904895782471e-02,-9.410010278224945068e-02
-1.991800218820571899e-02,-4.007048904895782471e-02,-9.410010278224945068e-02
-1.992339082062244415e-02,-4.046195372939109802e-02,-9.435446560382843018e-02
-1.992339082062244415e-02,-4.046195372939109802e-02,-9.435446560382843018e-02
-1.992925442755222321e-02,-4.085364937782287598e-02,-9.460867196321487427e-02
-1.992925442755222321e-02,-4.085364937782287598e-02,-9.460867196321487427e-02
-1.993559859693050385e-02,-4.124557599425315857e-02,-9.486278146505355835e-02
-1.993559859693050385e-02,-4.124557599425315857e-02,-9.486278146505355835e-02
-1.994241401553153992e-02,-4.163773357868194580e-02,-9.511674195528030396e-02
-1.994241401553153992e-02,-4.163773357868194580e-02,-9.511674195528030396e-02
-1.994970254600048065e-02,-4.203011840581893921e-02,-9.537059813737869263e-02
-1.994970254600048065e-02,-4.203011840581893921e-02,-9.537059813737869263e-02
-1.995746418833732605e-02,-4.242273420095443726e-02,-9.562431275844573975e-02
-1.995746418833732605e-02,-4.242273420095443726e-02,-9.562431275844573975e-02
-1.996569521725177765e-02,-4.281557723879814148e-02,-9.587789326906204224e-02
-1.996569521725177765e-02,-4.281557723879814148e-02,-9.587789326906204224e-02
-1.997439935803413391e-02,-4.320864379405975342e-02,-9.613133966922760010e-02
-1.997439935803413391e-02,-4.320864379405975342e-02,-9.613133966922760010e-02
-1.998357102274894714e-02,-4.360193759202957153e-02,-9.638464450836181641e-02
-1.998357102274894714e-02,-4.360193759202957153e-02,-9.638464450836181641e-02
-1.999321021139621735e-02,-4.399545490741729736e-02,-9.663779288530349731e-02
-1.999321021139621735e-02,-4.399545490741729736e-02,-9.663779288530349731e-02
-2.000331692397594452e-02,-4.438918828964233398e-02,-9.689079225063323975e-02
-2.000331692397594452e-02,-4.438918828964233398e-02,-9.689079225063323975e-02
-2.001389302313327789e-02,-4.478314891457557678e-02,-9.714365005493164062e-02
-2.001389302313327789e-02,-4.478314891457557678e-02,-9.714365005493164062e-02
-2.002493105828762054e-02,-4.517732933163642883e-02,-9.739634394645690918e-02
-2.002493105828762054e-02,-4.517732933163642883e-02,-9.739634394645690918e-02
-2.003643475472927094e-02,-4.557172954082489014e-02,-9.764889627695083618e-02
-2.003643475472927094e-02,-4.557172954082489014e-02,-9.764889627695083618e-02
-2.004840597510337830e-02,-4.596633836627006531e-02,-9.790126979351043701e-02
-2.004840597510337830e-02,-4.596633836627006531e-02,-9.790126979351043701e-02
-2.006083540618419647e-02,-4.636117070913314819e-02,-9.815347939729690552e-02
-2.006083540618419647e-02,-4.636117070913314819e-02,-9.815347939729690552e-02
-2.007372677326202393e-02,-4.675621911883354187e-02,-9.840553253889083862e-02
-2.007372677326202393e-02,-4.675621911883354187e-02,-9.840553253889083862e-02
-2.008707635104656219e-02,-4.715147241950035095e-02,-9.865740686655044556e-02
-2.008707635104656219e-02,-4.715147241950035095e-02,-9.865740686655044556e-02
-2.010088972747325897e-02,-4.754694923758506775e-02,-9.890911728143692017e-02
-2.010088972747325897e-02,-4.754694923758506775e-02,-9.890911728143692017e-02
-2.011515945196151733e-02,-4.794263094663619995e-02,-9.916064143180847168e-02
-2.011515945196151733e-02,-4.794263094663619995e-02,-9.916064143180847168e-02
-2.012988738715648651e-02,-4.833852872252464294e-02,-9.941197186708450317e-02
-2.012988738715648651e-02,-4.833852872252464294e-02,-9.941197186708450317e-02
-2.014507167041301727e-02,-4.873462393879890442e-02,-9.966312348842620850e-02
-2.014507167041301727e-02,-4.873462393879890442e-02,-9.966312348842620850e-02
-2.016071230173110962e-02,-4.913092777132987976e-02,-9.991407394409179688e-02
-2.016071230173110962e-02,-4.913092777132987976e-02,-9.991407394409179688e-02
-2.017680741846561432e-02,-4.952744767069816589e-02,-1.001648604869842529e-01
-2.017680741846561432e-02,-4.952744767069816589e-02,-1.001648604869842529e-01
-2.019335329532623291e-02,-4.992416501045227051e-02,-1.004154458642005920e-01
-2.019335329532623291e-02,-4.992416501045227051e-02,-1.004154458642005920e-01
-2.021035738289356232e-02,-5.032109469175338745e-02,-1.006658077239990234e-01
-2.021035738289356232e-02,-5.032109469175338745e-02,-1.006658077239990234e-01
-2.022780664265155792e-02,-5.071821436285972595e-02,-1.009160056710243225e-01
-2.022780664265155792e-02,-5.071821436285972595e-02,-1.009160056710243225e-01
-2.024571038782596588e-02,-5.111554637551307678e-02,-1.011659801006317139e-01
-2.024571038782596588e-02,-5.111554637551307678e-02,-1.011659801006317139e-01
-2.026406675577163696e-02,-5.151307582855224609e-02,-1.014157310128211975e-01
-2.026406675577163696e-02,-5.151307582855224609e-02,-1.014157310128211975e-01
-2.028286457061767578e-02,-5.191079899668693542e-02,-1.016652807593345642e-01
-2.028286457061767578e-02,-5.191079899668693542e-02,-1.016652807593345642e-01
-2.030211500823497772e-02,-5.230871587991714478e-02,-1.019146144390106201e-01
-2.030211500823497772e-02,-5.230871587991714478e-02,-1.019146144390106201e-01
-2.032181434333324432e-02,-5.270683765411376953e-02,-1.021637469530105591e-01
-2.032181434333324432e-02,-5.270683765411376953e-02,-1.021637469530105591e-01
-2.034195326268672943e-02,-5.310515314340591431e-02,-1.024126186966896057e-01
-2.034195326268672943e-02,-5.310515314340591431e-02,-1.024126186966896057e-01
-2.036254107952117920e-02,-5.350366979837417603e-02,-1.026612892746925354e-01
-2.036254107952117920e-02,-5.350366979837417603e-02,-1.026612892746925354e-01
-2.038357034325599670e-02,-5.390236526727676392e-02,-1.029097363352775574e-01
-2.038357034325599670e-02,-5.390236526727676392e-02,-1.029097363352775574e-01
-2.040504291653633118e-02,-5.430126190185546875e-02,-1.031579449772834778e-01
-2.040504291653633118e-02,-5.430126190185546875e-02,-1.031579449772834778e-01
-2.042696066200733185e-02,-5.470035225152969360e-02,-1.034059226512908936e-01
-2.042696066200733185e-02,-5.470035225152969360e-02,-1.034059226512908936e-01
-2.044931426644325256e-02,-5.509962141513824463e-02,-1.036536470055580139e-01
-2.044931426644325256e-02,-5.509962141513824463e-02,-1.036536470055580139e-01
-2.047210931777954102e-02,-5.549908056855201721e-02,-1.039011403918266296e-01
-2.047210931777954102e-02,-5.549908056855201721e-02,-1.039011403918266296e-01
-2.049534581601619720e-02,-5.589873343706130981e-02,-1.041483953595161438e-01
-2.049534581601619720e-02,-5.589873343706130981e-02,-1.041483953595161438e-01
-2.051902003586292267e-02,-5.629856511950492859e-02,-1.043953895568847656e-01
-2.051902003586292267e-02,-5.629856511950492859e-02,-1.043953895568847656e-01
-2.054313011467456818e-02,-5.669858679175376892e-02,-1.046421453356742859e-01
-2.054313011467456818e-02,-5.669858679175376892e-02,-1.046421453356742859e-01
-2.056767418980598450e-02,-5.709878355264663696e-02,-1.048886179924011230e-01
-2.056767418980598450e-02,-5.709878355264663696e-02,-1.048886179924011230e-01
-2.059265784919261932e-02,-5.749917030334472656e-02,-1.051348596811294556e-01
-2.059265784919261932e-02,-5.749917030334472656e-02,-1.051348596811294556e-01
-2.061806991696357727e-02,-5.789972841739654541e-02,-1.053808256983757019e-01
-2.061806991696357727e-02,-5.789972841739654541e-02,-1.053808256983757019e-01
-2.064391970634460449e-02,-5.830046907067298889e-02,-1.056265234947204590e-01
-2.064391970634460449e-02,-5.830046907067298889e-02,-1.056265234947204590e-01
-2.067019976675510406e-02,-5.870139598846435547e-02,-1.058719679713249207e-01
-2.067019976675510406e-02,-5.870139598846435547e-02,-1.058719679713249207e-01
-2.069691009819507599e-02,-5.910249054431915283e-02,-1.061171293258666992e-01
-2.069691009819507599e-02,-5.910249054431915283e-02,-1.061171293258666992e-01
-2.072405256330966949e-02,-5.950376763939857483e-02,-1.063620150089263916e-01
-2.072405256330966949e-02,-5.950376763939857483e-02,-1.063620150089263916e-01
-2.075162157416343689e-02,-5.990521237254142761e-02,-1.066066250205039978e-01
-2.075162157416343689e-02,-5.990521237254142761e-02,-1.066066250205039978e-01
-2.077962085604667664e-02,-6.030682846903800964e-02,-1.068509444594383240e-01
-2.077962085604667664e-02,-6.030682846903800964e-02,-1.068509444594383240e-01
-2.080804482102394104e-02,-6.070861965417861938e-02,-1.070949882268905640e-01
-2.080804482102394104e-02,-6.070861965417861938e-02,-1.070949882268905640e-01
-2.083689905703067780e-02,-6.111058592796325684e-02,-1.073387339711189270e-01
-2.083689905703067780e-02,-6.111058592796325684e-02,-1.073387339711189270e-01
-2.086617425084114075e-02,-6.151272356510162354e-02,-1.075821742415428162e-01
-2.086617425084114075e-02,-6.151272356510162354e-02,-1.075821742415428162e-01
-2.089587599039077759e-02,-6.191502138972282410e-02,-1.078253537416458130e-01
-2.089587599039077759e-02,-6.191502138972282410e-02,-1.078253537416458130e-01
-2.092599868774414062e-02,-6.231749430298805237e-02,-1.080682203173637390e-01
-2.092599868774414062e-02,-6.231749430298805237e-02,-1.080682203173637390e-01
-2.095654606819152832e-02,-6.272012740373611450e-02,-1.083107814192771912e-01
-2.095654606819152832e-02,-6.272012740373611450e-02,-1.083107814192771912e-01
-2.098751254379749298e-02,-6.312292069196701050e-02,-1.085530221462249756e-01
-2.098751254379749298e-02,-6.312292069196701050e-02,-1.085530221462249756e-01
-2.101889997720718384e-02,-6.352588534355163574e-02,-1.087949797511100769e-01
-2.101889997720718384e-02,-6.352588534355163574e-02,-1.087949797511100769e-01
-2.105070650577545166e-02,-6.392900645732879639e-02,-1.090366095304489136e-01
-2.105070650577545166e-02,-6.392900645732879639e-02,-1.090366095304489136e-01
-2.108293212950229645e-02,-6.433229893445968628e-02,-1.092779263854026794e-01
-2.108293212950229645e-02,-6.433229893445968628e-02,-1.092779263854026794e-01
-2.111557498574256897e-02,-6.473574042320251465e-02,-1.095189228653907776e-01
-2.111557498574256897e-02,-6.473574042320251465e-02,-1.095189228653907776e-01
-2.114863507449626923e-02,-6.513934582471847534e-02,-1.097595915198326111e-01
-2.114863507449626923e-02,-6.513934582471847534e-02,-1.097595915198326111e-01
-2.118211053311824799e-02,-6.554310768842697144e-02,-1.099999547004699707e-01
-2.118211053311824799e-02,-6.554310768842697144e-02,-1.099999547004699707e-01
-2.121599949896335602e-02,-6.594702601432800293e-02,-1.102399602532386780e-01
-2.121599949896335602e-02,-6.594702601432800293e-02,-1.102399602532386780e-01
-2.125030197203159332e-02,-6.635109335184097290e-02,-1.104796603322029114e-01
-2.125030197203159332e-02,-6.635109335184097290e-02,-1.104796603322029114e-01
-2.128501608967781067e-02,-6.675532460212707520e-02,-1.107190176844596863e-01
-2.128501608967781067e-02,-6.675532460212707520e-02,-1.107190176844596863e-01
-2.132014185190200806e-02,-6.715969741344451904e-02,-1.109580174088478088e-01
-2.132014185190200806e-02,-6.715969741344451904e-02,-1.109580174088478088e-01
-2.135567925870418549e-02,-6.756422668695449829e-02,-1.111966967582702637e-01
-2.135567925870418549e-02,-6.756422668695449829e-02,-1.111966967582702637e-01
-2.139162458479404449e-02,-6.796890497207641602e-02,-1.114350184798240662e-01
-2.139162458479404449e-02,-6.796890497207641602e-02,-1.114350184798240662e-01
-2.142797969281673431e-02,-6.837373971939086914e-02,-1.116729900240898132e-01
-2.142797969281673431e-02,-6.837373971939086914e-02,-1.116729900240898132e-01
-2.146474085748195648e-02,-6.877870857715606689e-02,-1.119106113910675049e-01
-2.146474085748195648e-02,-6.877870857715606689e-02,-1.119106113910675049e-01
-2.150190807878971100e-02,-6.918383389711380005e-02,-1.121478676795959473e-01
-2.150190807878971100e-02,-6.918383389711380005e-02,-1.121478676795959473e-01
-2.153948321938514709e-02,-6.958910077810287476e-02,-1.123847812414169312e-01
-2.153948321938514709e-02,-6.958910077810287476e-02,-1.123847812414169312e-01
-2.157746069133281708e-02,-6.999450922012329102e-02,-1.126213222742080688e-01
-2.157746069133281708e-02,-6.999450922012329102e-02,-1.126213222742080688e-01
-2.161584608256816864e-02,-7.040006667375564575e-02,-1.128574982285499573e-01
-2.161584608256816864e-02,-7.040006667375564575e-02,-1.128574982285499573e-01
-2.165462821722030640e-02,-7.080575823783874512e-02,-1.130933016538619995e-01
-2.165462821722030640e-02,-7.080575823783874512e-02,-1.130933016538619995e-01
-2.169381268322467804e-02,-7.121159136295318604e-02,-1.133287474513053894e-01
-2.169381268322467804e-02,-7.121159136295318604e-02,-1.133287474513053894e-01
-2.173340320587158203e-02,-7.161756604909896851e-02,-1.135638132691383362e-01
-2.173340320587158203e-02,-7.161756604909896851e-02,-1.135638132691383362e-01
-2.177339047193527222e-02,-7.202368229627609253e-02,-1.137984842061996460e-01
-2.177339047193527222e-02,-7.202368229627609253e-02,-1.137984842061996460e-01
-2.181377448141574860e-02,-7.242992520332336426e-02,-1.140327900648117065e-01
-2.181377448141574860e-02,-7.242992520332336426e-02,-1.140327900648117065e-01
-2.185455709695816040e-02,-7.283630967140197754e-02,-1.142667010426521301e-01
-2.185455709695816040e-02,-7.283630967140197754e-02,-1.142667010426521301e-01
-2.189573459327220917e-02,-7.324283570051193237e-02,-1.145002096891403198e-01
-2.189573459327220917e-02,-7.324283570051193237e-02,-1.145002096891403198e-01
-2.193731255829334259e-02,-7.364948093891143799e-02,-1.147333458065986633e-01
-2.193731255829334259e-02,-7.364948093891143799e-02,-1.147333458065986633e-01
-2.197928167879581451e-02,-7.405626773834228516e-02,-1.149660795927047729e-01
-2.197928167879581451e-02,-7.405626773834228516e-02,-1.149660795927047729e-01
-2.202164568006992340e-02,-7.446318119764328003e-02,-1.151984035968780518e-01
-2.202164568006992340e-02,-7.446318119764328003e-02,-1.151984035968780518e-01
-2.206440083682537079e-02,-7.487022131681442261e-02,-1.154303401708602905e-01
-2.206440083682537079e-02,-7.487022131681442261e-02,-1.154303401708602905e-01
-2.210754901170730591e-02,-7.527738809585571289e-02,-1.156618595123291016e-01
-2.210754901170730591e-02,-7.527738809585571289e-02,-1.156618595123291016e-01
-2.215109206736087799e-02,-7.568468898534774780e-02,-1.158929765224456787e-01
-2.215109206736087799e-02,-7.568468898534774780e-02,-1.158929765224456787e-01
-2.219501882791519165e-02,-7.609210163354873657e-02,-1.161236763000488281e-01
-2.219501882791519165e-02,-7.609210163354873657e-02,-1.161236763000488281e-01
-2.223933860659599304e-02,-7.649965584278106689e-02,-1.163539662957191467e-01
-2.223933860659599304e-02,-7.649965584278106689e-02,-1.163539662957191467e-01
-2.228404395282268524e-02,-7.690732181072235107e-02,-1.165838316082954407e-01
-2.228404395282268524e-02,-7.690732181072235107e-02,-1.165838316082954407e-01
-2.232913859188556671e-02,-7.731510698795318604e-02,-1.168132647871971130e-01
-2.232913859188556671e-02,-7.731510698795318604e-02,-1.168132647871971130e-01
-2.237461507320404053e-02,-7.772302627563476562e-02,-1.170422881841659546e-01
-2.237461507320404053e-02,-7.772302627563476562e-02,-1.170422881841659546e-01
-2.242047898471355438e-02,-7.813105732202529907e-02,-1.172708645462989807e-01
-2.242047898471355438e-02,-7.813105732202529907e-02,-1.172708645462989807e-01
-2.246672660112380981e-02,-7.853920757770538330e-02,-1.174990162253379822e-01
-2.246672660112380981e-02,-7.853920757770538330e-02,-1.174990162253379822e-01
-2.251335605978965759e-02,-7.894746959209442139e-02,-1.177267357707023621e-01
-2.251335605978965759e-02,-7.894746959209442139e-02,-1.177267357707023621e-01
-2.256036922335624695e-02,-7.935585081577301025e-02,-1.179540157318115234e-01
-2.256036922335624695e-02,-7.935585081577301025e-02,-1.179540157318115234e-01
-2.260776236653327942e-02,-7.976434379816055298e-02,-1.181808486580848694e-01
-2.260776236653327942e-02,-7.976434379816055298e-02,-1.181808486580848694e-01
-2.265553548932075500e-02,-8.017295598983764648e-02,-1.184072270989418030e-01
-2.265553548932075500e-02,-8.017295598983764648e-02,-1.184072270989418030e-01
-2.270368672907352448e-02,-8.058167994022369385e-02,-1.186331808567047119e-01
-2.270368672907352448e-02,-8.058167994022369385e-02,-1.186331808567047119e-01
-2.275221794843673706e-02,-8.099051564931869507e-02,-1.188586503267288208e-01
-2.275221794843673706e-02,-8.099051564931869507e-02,-1.188586503267288208e-01
-2.280112728476524353e-02,-8.139944821596145630e-02,-1.190836727619171143e-01
-2.280112728476524353e-02,-8.139944821596145630e-02,-1.190836727619171143e-01
-2.285040915012359619e-02,-8.180849999189376831e-02,-1.193082407116889954e-01
-2.285040915012359619e-02,-8.180849999189376831e-02,-1.193082407116889954e-01
-2.290007099509239197e-02,-8.221766352653503418e-02,-1.195323541760444641e-01
-2.290007099509239197e-02,-8.221766352653503418e-02,-1.195323541760444641e-01
-2.295010164380073547e-02,-8.262691646814346313e-02,-1.197559833526611328e-01
-2.295010164380073547e-02,-8.262691646814346313e-02,-1.197559833526611328e-01
-2.300050482153892517e-02,-8.303629606962203979e-02,-1.199791505932807922e-01
-2.300050482153892517e-02,-8.303629606962203979e-02,-1.199791505932807922e-01
-2.305128611624240875e-02,-8.344576507806777954e-02,-1.202018409967422485e-01
-2.305128611624240875e-02,-8.344576507806777954e-02,-1.202018409967422485e-01
-2.310243621468544006e-02,-8.385534584522247314e-02,-1.204240769147872925e-01
-2.310243621468544006e-02,-8.385534584522247314e-02,-1.204240769147872925e-01
-2.315395511686801910e-02,-8.426502346992492676e-02,-1.206458061933517456e-01
-2.315395511686801910e-02,-8.426502346992492676e-02,-1.206458061933517456e-01
-2.320584468543529510e-02,-8.467478305101394653e-02,-1.208670511841773987e-01
-2.320584468543529510e-02,-8.467478305101394653e-02,-1.208670511841773987e-01
-2.325809933245182037e-02,-8.508466184139251709e-02,-1.210878193378448486e-01
-2.325809933245182037e-02,-8.508466184139251709e-02,-1.210878193378448486e-01
-2.331072464585304260e-02,-8.549463003873825073e-02,-1.213081032037734985e-01
-2.331072464585304260e-02,-8.549463003873825073e-02,-1.213081032037734985e-01
-2.336371690034866333e-02,-8.590470254421234131e-02,-1.215278878808021545e-01
-2.336371690034866333e-02,-8.590470254421234131e-02,-1.215278878808021545e-01
-2.341706864535808563e-02,-8.631485700607299805e-02,-1.217471733689308167e-01
-2.341706864535808563e-02,-8.631485700607299805e-02,-1.217471733689308167e-01
-2.347079291939735413e-02,-8.672512322664260864e-02,-1.219659596681594849e-01
-2.347079291939735413e-02,-8.672512322664260864e-02,-1.219659596681594849e-01
-2.352487295866012573e-02,-8.713547885417938232e-02,-1.221842467784881592e-01
-2.352487295866012573e-02,-8.713547885417938232e-02,-1.221842467784881592e-01
-2.357932180166244507e-02,-8.754590153694152832e-02,-1.224020272493362427e-01
-2.357932180166244507e-02,-8.754590153694152832e-02,-1.224020272493362427e-01
-2.363412827253341675e-02,-8.795643597841262817e-02,-1.226192936301231384e-01
-2.363412827253341675e-02,-8.795643597841262817e-02,-1.226192936301231384e-01
-2.368929609656333923e-02,-8.836705237627029419e-02,-1.228360533714294434e-01
-2.368929609656333923e-02,-8.836705237627029419e-02,-1.228360533714294434e-01
-2.374482154846191406e-02,-8.877775818109512329e-02,-1.230522990226745605e-01
-2.374482154846191406e-02,-8.877775818109512329e-02,-1.230522990226745605e-01
-2.380070835351943970e-02,-8.918854594230651855e-02,-1.232680082321166992e-01
-2.380070835351943970e-02,-8.918854594230651855e-02,-1.232680082321166992e-01
-2.385695092380046844e-02,-8.959943056106567383e-02,-1.234832033514976501e-01
-2.385695092380046844e-02,-8.959943056106567383e-02,-1.234832033514976501e-01
-2.391354925930500031e-02,-9.001038968563079834e-02,-1.236978620290756226e-01
-2.391354925930500031e-02,-9.001038968563079834e-02,-1.236978620290756226e-01
-2.397050336003303528e-02,-9.042143076658248901e-02,-1.239120066165924072e-01
-2.397050336003303528e-02,-9.042143076658248901e-02,-1.239120066165924072e-01
-2.402781508862972260e-02,-9.083256125450134277e-02,-1.241255998611450195e-01
-2.402781508862972260e-02,-9.083256125450134277e-02,-1.241255998611450195e-01
-2.408547326922416687e-02,-9.124375879764556885e-02,-1.243386715650558472e-01
-2.408547326922416687e-02,-9.124375879764556885e-02,-1.243386715650558472e-01
-2.414349094033241272e-02,-9.165505319833755493e-02,-1.245511919260025024e-01
-2.414349094033241272e-02,-9.165505319833755493e-02,-1.245511919260025024e-01
-2.420185692608356476e-02,-9.206641465425491333e-02,-1.247631907463073730e-01
-2.420185692608356476e-02,-9.206641465425491333e-02,-1.247631907463073730e-01
-2.426057681441307068e-02,-9.247784316539764404e-02,-1.249746009707450867e-01
-2.426057681441307068e-02,-9.247784316539764404e-02,-1.249746009707450867e-01
-2.431963942945003510e-02,-9.288936108350753784e-02,-1.251854896545410156e-01
-2.431963942945003510e-02,-9.288936108350753784e-02,-1.251854896545410156e-01
-2.437905780971050262e-02,-9.330096095800399780e-02,-1.253958195447921753e-01
-2.437905780971050262e-02,-9.330096095800399780e-02,-1.253958195447921753e-01
-2.443882077932357788e-02,-9.371262043714523315e-02,-1.256056129932403564e-01
-2.443882077932357788e-02,-9.371262043714523315e-02,-1.256056129932403564e-01
-2.449893020093441010e-02,-9.412435442209243774e-02,-1.258148252964019775e-01
-2.449893020093441010e-02,-9.412435442209243774e-02,-1.258148252964019775e-01
-2.455938607454299927e-02,-9.453614801168441772e-02,-1.260234713554382324e-01
-2.455938607454299927e-02,-9.453614801168441772e-02,-1.260234713554382324e-01
-2.462018653750419617e-02,-9.494802355766296387e-02,-1.262315511703491211e-01
-2.462018653750419617e-02,-9.494802355766296387e-02,-1.262315511703491211e-01
-2.468132972717285156e-02,-9.535995870828628540e-02,-1.264390647411346436e-01
-2.468132972717285156e-02,-9.535995870828628540e-02,-1.264390647411346436e-01
-2.474281564354896545e-02,-9.577196091413497925e-02,-1.266459971666336060e-01
-2.474281564354896545e-02,-9.577196091413497925e-02,-1.266459971666336060e-01
-2.480464428663253784e-02,-9.618405252695083618e-02,-1.268523782491683960e-01
-2.480464428663253784e-02,-9.618405252695083618e-02,-1.268523782491683960e-01
-2.486681379377841949e-02,-9.659618139266967773e-02,-1.270581483840942383e-01
-2.486681379377841949e-02,-9.659618139266967773e-02,-1.270581483840942383e-01
-2.492932230234146118e-02,-9.700837731361389160e-02,-1.272633373737335205e-01
-2.492932230234146118e-02,-9.700837731361389160e-02,-1.272633373737335205e-01
-2.499216794967651367e-02,-9.742064774036407471e-02,-1.274679601192474365e-01
-2.499216794967651367e-02,-9.742064774036407471e-02,-1.274679601192474365e-01
-2.505535446107387543e-02,-9.783296287059783936e-02,-1.276719719171524048e-01
-2.505535446107387543e-02,-9.783296287059783936e-02,-1.276719719171524048e-01
-2.511887624859809875e-02,-9.824535250663757324e-02,-1.278754025697708130e-01
-2.511887624859809875e-02,-9.824535250663757324e-02,-1.278754025697708130e-01
-2.518273517489433289e-02,-9.865780174732208252e-02,-1.280782520771026611e-01
-2.518273517489433289e-02,-9.865780174732208252e-02,-1.280782520771026611e-01
-2.524692937731742859e-02,-9.907028824090957642e-02,-1.282804608345031738e-01
-2.524692937731742859e-02,-9.907028824090957642e-02,-1.282804608345031738e-01
-2.531145326793193817e-02,-9.948283433914184570e-02,-1.284820884466171265e-01
-2.531145326793193817e-02,-9.948283433914184570e-02,-1.284820884466171265e-01
-2.537631429731845856e-02,-9.989545494318008423e-02,-1.286831200122833252e-01
-2.537631429731845856e-02,-9.989545494318008423e-02,-1.286831200122833252e-01
-2.544150501489639282e-02,-1.003081202507019043e-01,-1.288835257291793823e-01
-2.544150501489639282e-02,-1.003081202507019043e-01,-1.288835257291793823e-01
-2.550702728331089020e-02,-1.007208302617073059e-01,-1.290833055973052979e-01
-2.550702728331089020e-02,-1.007208302617073059e-01,-1.290833055973052979e-01
-2.557287923991680145e-02,-1.011335924267768860e-01,-1.292824745178222656e-01
-2.557287923991680145e-02,-1.011335924267768860e-01,-1.292824745178222656e-01
-2.563906088471412659e-02,-1.015464141964912415e-01,-1.294810473918914795e-01
-2.563906088471412659e-02,-1.015464141964912415e-01,-1.294810473918914795e-01
-2.570557035505771637e-02,-1.019592732191085815e-01,-1.296789795160293579e-01
-2.570557035505771637e-02,-1.019592732191085815e-01,-1.296789795160293579e-01
-2.577240765094757080e-02,-1.023721843957901001e-01,-1.298762708902359009e-01
-2.577240765094757080e-02,-1.023721843957901001e-01,-1.298762708902359009e-01
-2.583956904709339142e-02,-1.027851328253746033e-01,-1.300729513168334961e-01
-2.583956904709339142e-02,-1.027851328253746033e-01,-1.300729513168334961e-01
-2.590705826878547668e-02,-1.031981334090232849e-01,-1.302689909934997559e-01
-2.590705826878547668e-02,-1.031981334090232849e-01,-1.302689909934997559e-01
-2.597486600279808044e-02,-1.036111861467361450e-01,-1.304643899202346802e-01
-2.597486600279808044e-02,-1.036111861467361450e-01,-1.304643899202346802e-01
-2.604300156235694885e-02,-1.040242612361907959e-01,-1.306591480970382690e-01
-2.604300156235694885e-02,-1.040242612361907959e-01,-1.306591480970382690e-01
-2.611145749688148499e-02,-1.044373959302902222e-01,-1.308532655239105225e-01
-2.611145749688148499e-02,-1.044373959302902222e-01,-1.308532655239105225e-01
-2.618023380637168884e-02,-1.048505678772926331e-01,-1.310467422008514404e-01
-2.618023380637168884e-02,-1.048505678772926331e-01,-1.310467422008514404e-01
-2.624933607876300812e-02,-1.052637696266174316e-01,-1.312395632266998291e-01
-2.624933607876300812e-02,-1.052637696266174316e-01,-1.312395632266998291e-01
-2.631875127553939819e-02,-1.056770086288452148e-01,-1.314317286014556885e-01
-2.631875127553939819e-02,-1.056770086288452148e-01,-1.314317286014556885e-01
-2.638848684728145599e-02,-1.060902923345565796e-01,-1.316232532262802124e-01
-2.638848684728145599e-02,-1.060902923345565796e-01,-1.316232532262802124e-01
-2.645853906869888306e-02,-1.065036058425903320e-01,-1.318140774965286255e-01
-2.645853906869888306e-02,-1.065036058425903320e-01,-1.318140774965286255e-01
-2.652890607714653015e-02,-1.069169640541076660e-01,-1.320042610168457031e-01
-2.652890607714653015e-02,-1.069169640541076660e-01,-1.320042610168457031e-01
-2.659958973526954651e-02,-1.073303371667861938e-01,-1.321937739849090576e-01
-2.659958973526954651e-02,-1.073303371667861938e-01,-1.321937739849090576e-01
-2.667058818042278290e-02,-1.077437475323677063e-01,-1.323826164007186890e-01
-2.667058818042278290e-02,-1.077437475323677063e-01,-1.323826164007186890e-01
-2.674189768731594086e-02,-1.081571877002716064e-01,-1.325707882642745972e-01
-2.674189768731594086e-02,-1.081571877002716064e-01,-1.325707882642745972e-01
-2.681352198123931885e-02,-1.085706576704978943e-01,-1.327582895755767822e-01
-2.681352198123931885e-02,-1.085706576704978943e-01,-1.327582895755767822e-01
-2.688545733690261841e-02,-1.089841648936271667e-01,-1.329451054334640503e-01
-2.688545733690261841e-02,-1.089841648936271667e-01,-1.329451054334640503e-01
-2.695770189166069031e-02,-1.093976795673370361e-01,-1.331312209367752075e-01
-2.695770189166069031e-02,-1.093976795673370361e-01,-1.331312209367752075e-01
-2.703025564551353455e-02,-1.098112389445304871e-01,-1.333166509866714478e-01
-2.703025564551353455e-02,-1.098112389445304871e-01,-1.333166509866714478e-01
-2.710312046110630035e-02,-1.102248206734657288e-01,-1.335014104843139648e-01
-2.710312046110630035e-02,-1.102248206734657288e-01,-1.335014104843139648e-01
-2.717629075050354004e-02,-1.106384098529815674e-01,-1.336854696273803711e-01
-2.717629075050354004e-02,-1.106384098529815674e-01,-1.336854696273803711e-01
-2.724976651370525360e-02,-1.110520213842391968e-01,-1.338688135147094727e-01
-2.724976651370525360e-02,-1.110520213842391968e-01,-1.338688135147094727e-01
-2.732354775071144104e-02,-1.114656627178192139e-01,-1.340514719486236572e-01
-2.732354775071144104e-02,-1.114656627178192139e-01,-1.340514719486236572e-01
-2.739763446152210236e-02,-1.118793338537216187e-01,-1.342334151268005371e-01
-2.739763446152210236e-02,-1.118793338537216187e-01,-1.342334151268005371e-01
-2.747202292084693909e-02,-1.122929975390434265e-01,-1.344146728515625000e-01
-2.747202292084693909e-02,-1.122929975390434265e-01,-1.344146728515625000e-01
-2.754671312868595123e-02,-1.127066984772682190e-01,-1.345952004194259644e-01
-2.754671312868595123e-02,-1.127066984772682190e-01,-1.345952004194259644e-01
-2.762171067297458649e-02,-1.131204068660736084e-01,-1.347750276327133179e-01
-2.762171067297458649e-02,-1.131204068660736084e-01,-1.347750276327133179e-01
-2.769700251519680023e-02,-1.135341227054595947e-01,-1.349541246891021729e-01
-2.769700251519680023e-02,-1.135341227054595947e-01,-1.349541246891021729e-01
-2.777259610593318939e-02,-1.139478534460067749e-01,-1.351325064897537231e-01
-2.777259610593318939e-02,-1.139478534460067749e-01,-1.351325064897537231e-01
-2.784848958253860474e-02,-1.143616065382957458e-01,-1.353101581335067749e-01
-2.784848958253860474e-02,-1.143616065382957458e-01,-1.353101581335067749e-01
-2.792467735707759857e-02,-1.147753670811653137e-01,-1.354870796203613281e-01
-2.792467735707759857e-02,-1.147753670811653137e-01,-1.354870796203613281e-01
-2.800116315484046936e-02,-1.151891276240348816e-01,-1.356632709503173828e-01
-2.800116315484046936e-02,-1.151891276240348816e-01,-1.356632709503173828e-01
-2.807794883847236633e-02,-1.156029030680656433e-01,-1.358387470245361328e-01
-2.807794883847236633e-02,-1.156029030680656433e-01,-1.358387470245361328e-01
-2.815502509474754333e-02,-1.160166859626770020e-01,-1.360134780406951904e-01
-2.815502509474754333e-02,-1.160166859626770020e-01,-1.360134780406951904e-01
-2.823239192366600037e-02,-1.164304688572883606e-01,-1.361874639987945557e-01
-2.823239192366600037e-02,-1.164304688572883606e-01,-1.361874639987945557e-01
-2.831005491316318512e-02,-1.168442666530609131e-01,-1.363606899976730347e-01
-2.831005491316318512e-02,-1.168442666530609131e-01,-1.363606899976730347e-01
-2.838801220059394836e-02,-1.172580644488334656e-01,-1.365331858396530151e-01
-2.838801220059394836e-02,-1.172580644488334656e-01,-1.365331858396530151e-01
-2.846625633537769318e-02,-1.176718696951866150e-01,-1.367049217224121094e-01
-2.846625633537769318e-02,-1.176718696951866150e-01,-1.367049217224121094e-01
-2.854478918015956879e-02,-1.180856600403785706e-01,-1.368758976459503174e-01
-2.854478918015956879e-02,-1.180856600403785706e-01,-1.368758976459503174e-01
-2.862361073493957520e-02,-1.184994578361511230e-01,-1.370461285114288330e-01
-2.862361073493957520e-02,-1.184994578361511230e-01,-1.370461285114288330e-01
-2.870272472500801086e-02,-1.189132481813430786e-01,-1.372155994176864624e-01
-2.870272472500801086e-02,-1.189132481813430786e-01,-1.372155994176864624e-01
-2.878212183713912964e-02,-1.193270459771156311e-01,-1.373842954635620117e-01
-2.878212183713912964e-02,-1.193270459771156311e-01,-1.373842954635620117e-01
-2.886180579662322998e-02,-1.197408288717269897e-01,-1.375522315502166748e-01
-2.886180579662322998e-02,-1.197408288717269897e-01,-1.375522315502166748e-01
-2.894177660346031189e-02,-1.201546266674995422e-01,-1.377193927764892578e-01
-2.894177660346031189e-02,-1.201546266674995422e-01,-1.377193927764892578e-01
-2.902203053236007690e-02,-1.205683946609497070e-01,-1.378857940435409546e-01
-2.902203053236007690e-02,-1.205683946609497070e-01,-1.378857940435409546e-01
-2.910256199538707733e-02,-1.209821701049804688e-01,-1.380513906478881836e-01
-2.910256199538707733e-02,-1.209821701049804688e-01,-1.380513906478881836e-01
-2.918338030576705933e-02,-1.213959231972694397e-01,-1.382162123918533325e-01
-2.918338030576705933e-02,-1.213959231972694397e-01,-1.382162123918533325e-01
-2.926447615027427673e-02,-1.218096762895584106e-01,-1.383802443742752075e-01
-2.926447615027427673e-02,-1.218096762895584106e-01,-1.383802443742752075e-01
-2.934585325419902802e-02,-1.222234144806861877e-01,-1.385435163974761963e-01
-2.934585325419902802e-02,-1.222234144806861877e-01,-1.385435163974761963e-01
-2.942751161754131317e-02,-1.226371303200721741e-01,-1.387059688568115234e-01
-2.942751161754131317e-02,-1.226371303200721741e-01,-1.387059688568115234e-01
-2.950944565236568451e-02,-1.230508461594581604e-01,-1.388676315546035767e-01
-2.950944565236568451e-02,-1.230508461594581604e-01,-1.388676315546035767e-01
-2.959165722131729126e-02,-1.234645396471023560e-01,-1.390285193920135498e-01
-2.959165722131729126e-02,-1.234645396471023560e-01,-1.390285193920135498e-01
-2.967414446175098419e-02,-1.238782182335853577e-01,-1.391885727643966675e-01
-2.967414446175098419e-02,-1.238782182335853577e-01,-1.391885727643966675e-01
-2.975690551102161407e-02,-1.242918819189071655e-01,-1.393478512763977051e-01
-2.975690551102161407e-02,-1.242918819189071655e-01,-1.393478512763977051e-01
-2.983994036912918091e-02,-1.247055158019065857e-01,-1.395062804222106934e-01
-2.983994036912918091e-02,-1.247055158019065857e-01,-1.395062804222106934e-01
-2.992325276136398315e-02,-1.251191496849060059e-01,-1.396639347076416016e-01
-2.992325276136398315e-02,-1.251191496849060059e-01,-1.396639347076416016e-01
-3.000683337450027466e-02,-1.255327463150024414e-01,-1.398207694292068481e-01
-3.000683337450027466e-02,-1.255327463150024414e-01,-1.398207694292068481e-01
-3.009068593382835388e-02,-1.259463280439376831e-01,-1.399767696857452393e-01
-3.009068593382835388e-02,-1.259463280439376831e-01,-1.399767696857452393e-01
-3.017480857670307159e-02,-1.263598948717117310e-01,-1.401319801807403564e-01
-3.017480857670307159e-02,-1.263598948717117310e-01,-1.401319801807403564e-01
-3.025920130312442780e-02,-1.267734169960021973e-01,-1.402863413095474243e-01
-3.025920130312442780e-02,-1.267734169960021973e-01,-1.402863413095474243e-01
-3.034385852515697479e-02,-1.271869242191314697e-01,-1.404398828744888306e-01
-3.034385852515697479e-02,-1.271869242191314697e-01,-1.404398828744888306e-01
-3.042878583073616028e-02,-1.276004016399383545e-01,-1.405925750732421875e-01
-3.042878583073616028e-02,-1.276004016399383545e-01,-1.405925750732421875e-01
-3.051397949457168579e-02,-1.280138492584228516e-01,-1.407444328069686890e-01
-3.051397949457168579e-02,-1.280138492584228516e-01,-1.407444328069686890e-01
-3.059943579137325287e-02,-1.284272521734237671e-01,-1.408954858779907227e-01
-3.059943579137325287e-02,-1.284272521734237671e-01,-1.408954858779907227e-01
-3.068515844643115997e-02,-1.288406550884246826e-01,-1.410456746816635132e-01
-3.068515844643115997e-02,-1.288406550884246826e-01,-1.410456746816635132e-01
-3.077114745974540710e-02,-1.292539983987808228e-01,-1.411950141191482544e-01
-3.077114745974540710e-02,-1.292539983987808228e-01,-1.411950141191482544e-01
-3.085738979279994965e-02,-1.296673268079757690e-01,-1.413435041904449463e-01
-3.085738979279994965e-02,-1.296673268079757690e-01,-1.413435041904449463e-01
-3.094390220940113068e-02,-1.300806105136871338e-01,-1.414911597967147827e-01
-3.094390220940113068e-02,-1.300806105136871338e-01,-1.414911597967147827e-01
-3.103066980838775635e-02,-1.304938644170761108e-01,-1.416379362344741821e-01
-3.103066980838775635e-02,-1.304938644170761108e-01,-1.416379362344741821e-01
-3.111770004034042358e-02,-1.309070885181427002e-01,-1.417838782072067261e-01
-3.111770004034042358e-02,-1.309070885181427002e-01,-1.417838782072067261e-01
-3.120498731732368469e-02,-1.313202530145645142e-01,-1.419289410114288330e-01
-3.120498731732368469e-02,-1.313202530145645142e-01,-1.419289410114288330e-01
-3.129252791404724121e-02,-1.317333877086639404e-01,-1.420731544494628906e-01
-3.129252791404724121e-02,-1.317333877086639404e-01,-1.420731544494628906e-01
-3.138032928109169006e-02,-1.321464926004409790e-01,-1.422164887189865112e-01
-3.138032928109169006e-02,-1.321464926004409790e-01,-1.422164887189865112e-01
-3.146838396787643433e-02,-1.325595378875732422e-01,-1.423589438199996948e-01
-3.146838396787643433e-02,-1.325595378875732422e-01,-1.423589438199996948e-01
-3.155669197440147400e-02,-1.329725533723831177e-01,-1.425005495548248291e-01
-3.155669197440147400e-02,-1.329725533723831177e-01,-1.425005495548248291e-01
-3.164525330066680908e-02,-1.333855092525482178e-01,-1.426412612199783325e-01
-3.164525330066680908e-02,-1.333855092525482178e-01,-1.426412612199783325e-01
-3.173407539725303650e-02,-1.337984353303909302e-01,-1.427810788154602051e-01
-3.173407539725303650e-02,-1.337984353303909302e-01,-1.427810788154602051e-01
-3.182313963770866394e-02,-1.342113018035888672e-01,-1.429200172424316406e-01
-3.182313963770866394e-02,-1.342113018035888672e-01,-1.429200172424316406e-01
-3.191245719790458679e-02,-1.346241235733032227e-01,-1.430580765008926392e-01
-3.191245719790458679e-02,-1.346241235733032227e-01,-1.430580765008926392e-01
-3.200202435255050659e-02,-1.350369155406951904e-01,-1.431952565908432007e-01
-3.200202435255050659e-02,-1.350369155406951904e-01,-1.431952565908432007e-01
-3.209184110164642334e-02,-1.354496330022811890e-01,-1.433315128087997437e-01
-3.209184110164642334e-02,-1.354496330022811890e-01,-1.433315128087997437e-01
-3.218189999461174011e-02,-1.358623057603836060e-01,-1.434668898582458496e-01
-3.218189999461174011e-02,-1.358623057603836060e-01,-1.434668898582458496e-01
-3.227220848202705383e-02,-1.362749189138412476e-01,-1.436013430356979370e-01
-3.227220848202705383e-02,-1.362749189138412476e-01,-1.436013430356979370e-01
-3.236276656389236450e-02,-1.366874873638153076e-01,-1.437349021434783936e-01
-3.236276656389236450e-02,-1.366874873638153076e-01,-1.437349021434783936e-01
-3.245356678962707520e-02,-1.370999962091445923e-01,-1.438675671815872192e-01
-3.245356678962707520e-02,-1.370999962091445923e-01,-1.438675671815872192e-01
-3.254460915923118591e-02,-1.375124454498291016e-01,-1.439993083477020264e-01
-3.254460915923118591e-02,-1.375124454498291016e-01,-1.439993083477020264e-01
-3.263589367270469666e-02,-1.379248350858688354e-01,-1.441301256418228149e-01
-3.263589367270469666e-02,-1.379248350858688354e-01,-1.441301256418228149e-01
-3.272742033004760742e-02,-1.383371800184249878e-01,-1.442600339651107788e-01
-3.272742033004760742e-02,-1.383371800184249878e-01,-1.442600339651107788e-01
-3.281918913125991821e-02,-1.387494504451751709e-01,-1.443890184164047241e-01
-3.281918913125991821e-02,-1.387494504451751709e-01,-1.443890184164047241e-01
-3.291119635105133057e-02,-1.391616761684417725e-01,-1.445170789957046509e-01
-3.291119635105133057e-02,-1.391616761684417725e-01,-1.445170789957046509e-01
-3.300343826413154602e-02,-1.395738273859024048e-01,-1.446442157030105591e-01
-3.300343826413154602e-02,-1.395738273859024048e-01,-1.446442157030105591e-01
-3.309592604637145996e-02,-1.399859040975570679e-01,-1.447703987360000610e-01
-3.309592604637145996e-02,-1.399859040975570679e-01,-1.447703987360000610e-01
-3.318864479660987854e-02,-1.403979361057281494e-01,-1.448956578969955444e-01
-3.318864479660987854e-02,-1.403979361057281494e-01,-1.448956578969955444e-01
-3.328160196542739868e-02,-1.408098638057708740e-01,-1.450199931859970093e-01
-3.328160196542739868e-02,-1.408098638057708740e-01,-1.450199931859970093e-01
-3.337479382753372192e-02,-1.412217617034912109e-01,-1.451433748006820679e-01
-3.337479382753372192e-02,-1.412217617034912109e-01,-1.451433748006820679e-01
-3.346821665763854980e-02,-1.416335701942443848e-01,-1.452658176422119141e-01
-3.346821665763854980e-02,-1.416335701942443848e-01,-1.452658176422119141e-01
-3.356187418103218079e-02,-1.420453339815139771e-01,-1.453873068094253540e-01
-3.356187418103218079e-02,-1.420453339815139771e-01,-1.453873068094253540e-01
-3.365576267242431641e-02,-1.424570232629776001e-01,-1.455078423023223877e-01
-3.365576267242431641e-02,-1.424570232629776001e-01,-1.455078423023223877e-01
-3.374988585710525513e-02,-1.428686082363128662e-01,-1.456274241209030151e-01
-3.374988585710525513e-02,-1.428686082363128662e-01,-1.456274241209030151e-01
-3.384423255920410156e-02,-1.432801485061645508e-01,-1.457460373640060425e-01
-3.384423255920410156e-02,-1.432801485061645508e-01,-1.457460373640060425e-01
-3.393881022930145264e-02,-1.436915844678878784e-01,-1.458636969327926636e-01
-3.393881022930145264e-02,-1.436915844678878784e-01,-1.458636969327926636e-01
-3.403361514210700989e-02,-1.441029608249664307e-01,-1.459803879261016846e-01
-3.403361514210700989e-02,-1.441029608249664307e-01,-1.459803879261016846e-01
-3.412865102291107178e-02,-1.445142775774002075e-01,-1.460961252450942993e-01
-3.412865102291107178e-02,-1.445142775774002075e-01,-1.460961252450942993e-01
-3.422391042113304138e-02,-1.449254900217056274e-01,-1.462108790874481201e-01
-3.422391042113304138e-02,-1.449254900217056274e-01,-1.462108790874481201e-01
-3.431939333677291870e-02,-1.453366279602050781e-01,-1.463246494531631470e-01
-3.431939333677291870e-02,-1.453366279602050781e-01,-1.463246494531631470e-01
-3.441509976983070374e-02,-1.457476913928985596e-01,-1.464374512434005737e-01
-3.441509976983070374e-02,-1.457476913928985596e-01,-1.464374512434005737e-01
-3.451102972030639648e-02,-1.461586803197860718e-01,-1.465492546558380127e-01
-3.451102972030639648e-02,-1.461586803197860718e-01,-1.465492546558380127e-01
-3.460718318819999695e-02,-1.465695798397064209e-01,-1.466600894927978516e-01
-3.460718318819999695e-02,-1.465695798397064209e-01,-1.466600894927978516e-01
-3.470355644822120667e-02,-1.469803750514984131e-01,-1.467699259519577026e-01
-3.470355644822120667e-02,-1.469803750514984131e-01,-1.467699259519577026e-01
-3.480014950037002563e-02,-1.473910957574844360e-01,-1.468787640333175659e-01
-3.480014950037002563e-02,-1.473910957574844360e-01,-1.468787640333175659e-01
-3.489696234464645386e-02,-1.478017419576644897e-01,-1.469866335391998291e-01
-3.489696234464645386e-02,-1.478017419576644897e-01,-1.469866335391998291e-01
-3.499399498105049133e-02,-1.482122987508773804e-01,-1.470934897661209106e-01
-3.499399498105049133e-02,-1.482122987508773804e-01,-1.470934897661209106e-01
-3.509123995900154114e-02,-1.486227512359619141e-01,-1.471993327140808105e-01
-3.509123995900154114e-02,-1.486227512359619141e-01,-1.471993327140808105e-01
-3.518870845437049866e-02,-1.490331143140792847e-01,-1.473041921854019165e-01
-3.518870845437049866e-02,-1.490331143140792847e-01,-1.473041921854019165e-01
-3.528638556599617004e-02,-1.494433879852294922e-01,-1.474080234766006470e-01
-3.528638556599617004e-02,-1.494433879852294922e-01,-1.474080234766006470e-01
-3.538427874445915222e-02,-1.498535722494125366e-01,-1.475108414888381958e-01
-3.538427874445915222e-02,-1.498535722494125366e-01,-1.475108414888381958e-01
-3.548238426446914673e-02,-1.502636522054672241e-01,-1.476126611232757568e-01
-3.548238426446914673e-02,-1.502636522054672241e-01,-1.476126611232757568e-01
-3.558069840073585510e-02,-1.506736427545547485e-01,-1.477134376764297485e-01
-3.558069840073585510e-02,-1.506736427545547485e-01,-1.477134376764297485e-01
-3.567923232913017273e-02,-1.510835438966751099e-01,-1.478132158517837524e-01
-3.567923232913017273e-02,-1.510835438966751099e-01,-1.478132158517837524e-01
-3.577796742320060730e-02,-1.514933407306671143e-01,-1.479119509458541870e-01
-3.577796742320060730e-02,-1.514933407306671143e-01,-1.479119509458541870e-01
-3.587691485881805420e-02,-1.519030332565307617e-01,-1.480096578598022461e-01
-3.587691485881805420e-02,-1.519030332565307617e-01,-1.480096578598022461e-01
-3.597607463598251343e-02,-1.523126214742660522e-01,-1.481063365936279297e-01
-3.597607463598251343e-02,-1.523126214742660522e-01,-1.481063365936279297e-01
-3.607543930411338806e-02,-1.527221202850341797e-01,-1.482019871473312378e-01
-3.607543930411338806e-02,-1.527221202850341797e-01,-1.482019871473312378e-01
-3.617501258850097656e-02,-1.531315147876739502e-01,-1.482965946197509766e-01
-3.617501258850097656e-02,-1.531315147876739502e-01,-1.482965946197509766e-01
-3.627478703856468201e-02,-1.535407900810241699e-01,-1.483901441097259521e-01
-3.627478703856468201e-02,-1.535407900810241699e-01,-1.483901441097259521e-01
-3.637477010488510132e-02,-1.539499610662460327e-01,-1.484826654195785522e-01
-3.637477010488510132e-02,-1.539499610662460327e-01,-1.484826654195785522e-01
-3.647495061159133911e-02,-1.543590426445007324e-01,-1.485741287469863892e-01
-3.647495061159133911e-02,-1.543590426445007324e-01,-1.485741287469863892e-01
-3.657533228397369385e-02,-1.547680050134658813e-01,-1.486645340919494629e-01
-3.657533228397369385e-02,-1.547680050134658813e-01,-1.486645340919494629e-01
-3.667592257261276245e-02,-1.551768630743026733e-01,-1.487539112567901611e-01
-3.667592257261276245e-02,-1.551768630743026733e-01,-1.487539112567901611e-01
-3.677671030163764954e-02,-1.555856168270111084e-01,-1.488422006368637085e-01
-3.677671030163764954e-02,-1.555856168270111084e-01,-1.488422006368637085e-01
-3.687769174575805664e-02,-1.559942513704299927e-01,-1.489294320344924927e-01
-3.687769174575805664e-02,-1.559942513704299927e-01,-1.489294320344924927e-01
-3.697888180613517761e-02,-1.564027667045593262e-01,-1.490156054496765137e-01
-3.697888180613517761e-02,-1.564027667045593262e-01,-1.490156054496765137e-01
-3.708026185631752014e-02,-1.568111777305603027e-01,-1.491007059812545776e-01
-3.708026185631752014e-02,-1.568111777305603027e-01,-1.491007059812545776e-01
-3.718183934688568115e-02,-1.572194695472717285e-01,-1.491847187280654907e-01
-3.718183934688568115e-02,-1.572194695472717285e-01,-1.491847187280654907e-01
-3.728361427783966064e-02,-1.576276272535324097e-01,-1.492676883935928345e-01
-3.728361427783966064e-02,-1.576276272535324097e-01,-1.492676883935928345e-01
-3.738558664917945862e-02,-1.580356806516647339e-01,-1.493495553731918335e-01
-3.738558664917945862e-02,-1.580356806516647339e-01,-1.493495553731918335e-01
-3.748774528503417969e-02,-1.584436148405075073e-01,-1.494303345680236816e-01
-3.748774528503417969e-02,-1.584436148405075073e-01,-1.494303345680236816e-01
-3.759010136127471924e-02,-1.588514447212219238e-01,-1.495100557804107666e-01
-3.759010136127471924e-02,-1.588514447212219238e-01,-1.495100557804107666e-01
-3.769264742732048035e-02,-1.592591255903244019e-01,-1.495886594057083130e-01
-3.769264742732048035e-02,-1.592591255903244019e-01,-1.495886594057083130e-01
-3.779538348317146301e-02,-1.596667021512985229e-01,-1.496661603450775146e-01
-3.779538348317146301e-02,-1.596667021512985229e-01,-1.496661603450775146e-01
-3.789831325411796570e-02,-1.600741446018218994e-01,-1.497426033020019531e-01
-3.789831325411796570e-02,-1.600741446018218994e-01,-1.497426033020019531e-01
-3.800142556428909302e-02,-1.604814678430557251e-01,-1.498179286718368530e-01
-3.800142556428909302e-02,-1.604814678430557251e-01,-1.498179286718368530e-01
-3.810472786426544189e-02,-1.608886718750000000e-01,-1.498921364545822144e-01
-3.810472786426544189e-02,-1.608886718750000000e-01,-1.498921364545822144e-01
-3.820822015404701233e-02,-1.612957268953323364e-01,-1.499652713537216187e-01
-3.820822015404701233e-02,-1.612957268953323364e-01,-1.499652713537216187e-01
-3.831189125776290894e-02,-1.617026776075363159e-01,-1.500372737646102905e-01
-3.831189125776290894e-02,-1.617026776075363159e-01,-1.500372737646102905e-01
-3.841575607657432556e-02,-1.621094793081283569e-01,-1.501081585884094238e-01
-3.841575607657432556e-02,-1.621094793081283569e-01,-1.501081585884094238e-01
-3.851979225873947144e-02,-1.625161617994308472e-01,-1.501779407262802124e-01
-3.851979225873947144e-02,-1.625161617994308472e-01,-1.501779407262802124e-01
-3.862402215600013733e-02,-1.629227101802825928e-01,-1.502465903759002686e-01
-3.862402215600013733e-02,-1.629227101802825928e-01,-1.502465903759002686e-01
-3.872843086719512939e-02,-1.633291244506835938e-01,-1.503141224384307861e-01
-3.872843086719512939e-02,-1.633291244506835938e-01,-1.503141224384307861e-01
-3.883301466703414917e-02,-1.637353897094726562e-01,-1.503805518150329590e-01
-3.883301466703414917e-02,-1.637353897094726562e-01,-1.503805518150329590e-01
-3.893778473138809204e-02,-1.641415357589721680e-01,-1.504458189010620117e-01
-3.893778473138809204e-02,-1.641415357589721680e-01,-1.504458189010620117e-01
-3.904272988438606262e-02,-1.645475327968597412e-01,-1.505099534988403320e-01
-3.904272988438606262e-02,-1.645475327968597412e-01,-1.505099534988403320e-01
-3.914785385131835938e-02,-1.649534106254577637e-01,-1.505729705095291138e-01
-3.914785385131835938e-02,-1.649534106254577637e-01,-1.505729705095291138e-01
-3.925315663218498230e-02,-1.653591245412826538e-01,-1.506348252296447754e-01
-3.925315663218498230e-02,-1.653591245412826538e-01,-1.506348252296447754e-01
-3.935863450169563293e-02,-1.657647043466567993e-01,-1.506955772638320923e-01
-3.935863450169563293e-02,-1.657647043466567993e-01,-1.506955772638320923e-01
-3.946428745985031128e-02,-1.661701500415802002e-01,-1.507551372051239014e-01
-3.946428745985031128e-02,-1.661701500415802002e-01,-1.507551372051239014e-01
-3.957011178135871887e-02,-1.665754318237304688e-01,-1.508135795593261719e-01
-3.957011178135871887e-02,-1.665754318237304688e-01,-1.508135795593261719e-01
-3.967611119151115417e-02,-1.669805943965911865e-01,-1.508708447217941284e-01
-3.967611119151115417e-02,-1.669805943965911865e-01,-1.508708447217941284e-01
-3.978227823972702026e-02,-1.673855930566787720e-01,-1.509269773960113525e-01
-3.978227823972702026e-02,-1.673855930566787720e-01,-1.509269773960113525e-01
-3.988862037658691406e-02,-1.677904576063156128e-01,-1.509819179773330688e-01
-3.988862037658691406e-02,-1.677904576063156128e-01,-1.509819179773330688e-01
-3.999513387680053711e-02,-1.681951731443405151e-01,-1.510357111692428589e-01
-3.999513387680053711e-02,-1.681951731443405151e-01,-1.510357111692428589e-01
-4.010181501507759094e-02,-1.685997247695922852e-01,-1.510883569717407227e-01
-4.010181501507759094e-02,-1.685997247695922852e-01,-1.510883569717407227e-01
-4.020866006612777710e-02,-1.690041422843933105e-01,-1.511398106813430786e-01
-4.020866006612777710e-02,-1.690041422843933105e-01,-1.511398106813430786e-01
-4.031567648053169250e-02,-1.694083809852600098e-01,-1.511901021003723145e-01
-4.031567648053169250e-02,-1.694083809852600098e-01,-1.511901021003723145e-01
-4.042286053299903870e-02,-1.698125004768371582e-01,-1.512392014265060425e-01
-4.042286053299903870e-02,-1.698125004768371582e-01,-1.512392014265060425e-01
-4.053020477294921875e-02,-1.702164560556411743e-01,-1.512871384620666504e-01
-4.053020477294921875e-02,-1.702164560556411743e-01,-1.512871384620666504e-01
-4.063771292567253113e-02,-1.706202328205108643e-01,-1.513338834047317505e-01
-4.063771292567253113e-02,-1.706202328205108643e-01,-1.513338834047317505e-01
-4.074538871645927429e-02,-1.710238605737686157e-01,-1.513794511556625366e-01
-4.074538871645927429e-02,-1.710238605737686157e-01,-1.513794511556625366e-01
-4.085322096943855286e-02,-1.714273393154144287e-01,-1.514238119125366211e-01
-4.085322096943855286e-02,-1.714273393154144287e-01,-1.514238119125366211e-01
-4.096122086048126221e-02,-1.718306690454483032e-01,-1.514670103788375854e-01
-4.096122086048126221e-02,-1.718306690454483032e-01,-1.514670103788375854e-01
-4.106937348842620850e-02,-1.722338199615478516e-01,-1.515089720487594604e-01
-4.106937348842620850e-02,-1.722338199615478516e-01,-1.515089720487594604e-01
-4.117769375443458557e-02,-1.726368218660354614e-01,-1.515497416257858276e-01
-4.117769375443458557e-02,-1.726368218660354614e-01,-1.515497416257858276e-01
-4.128616303205490112e-02,-1.730396598577499390e-01,-1.515893191099166870e-01
-4.128616303205490112e-02,-1.730396598577499390e-01,-1.515893191099166870e-01
-4.139479622244834900e-02,-1.734423190355300903e-01,-1.516277045011520386e-01
-4.139479622244834900e-02,-1.734423190355300903e-01,-1.516277045011520386e-01
-4.150358214974403381e-02,-1.738448292016983032e-01,-1.516648679971694946e-01
-4.150358214974403381e-02,-1.738448292016983032e-01,-1.516648679971694946e-01
-4.161253198981285095e-02,-1.742471605539321899e-01,-1.517008095979690552e-01
-4.161253198981285095e-02,-1.742471605539321899e-01,-1.517008095979690552e-01
-4.172162339091300964e-02,-1.746493428945541382e-01,-1.517355442047119141e-01
-4.172162339091300964e-02,-1.746493428945541382e-01,-1.517355442047119141e-01
-4.183087497949600220e-02,-1.750513166189193726e-01,-1.517690569162368774e-01
-4.183087497949600220e-02,-1.750513166189193726e-01,-1.517690569162368774e-01
-4.194027185440063477e-02,-1.754531562328338623e-01,-1.518013477325439453e-01
-4.194027185440063477e-02,-1.754531562328338623e-01,-1.518013477325439453e-01
-4.204982519149780273e-02,-1.758548021316528320e-01,-1.518324166536331177e-01
-4.204982519149780273e-02,-1.758548021316528320e-01,-1.518324166536331177e-01
-4.215953126549720764e-02,-1.762562990188598633e-01,-1.518622189760208130e-01
-4.215953126549720764e-02,-1.762562990188598633e-01,-1.518622189760208130e-01
-4.226938262581825256e-02,-1.766576170921325684e-01,-1.518908292055130005e-01
-4.226938262581825256e-02,-1.766576170921325684e-01,-1.518908292055130005e-01
-4.237938299775123596e-02,-1.770587265491485596e-01,-1.519181877374649048e-01
-4.237938299775123596e-02,-1.770587265491485596e-01,-1.519181877374649048e-01
-4.248953610658645630e-02,-1.774596869945526123e-01,-1.519442945718765259e-01
-4.248953610658645630e-02,-1.774596869945526123e-01,-1.519442945718765259e-01
-4.259982705116271973e-02,-1.778604686260223389e-01,-1.519691795110702515e-01
-4.259982705116271973e-02,-1.778604686260223389e-01,-1.519691795110702515e-01
-4.271027073264122009e-02,-1.782610863447189331e-01,-1.519928276538848877e-01
-4.271027073264122009e-02,-1.782610863447189331e-01,-1.519928276538848877e-01
-4.282085597515106201e-02,-1.786614954471588135e-01,-1.520151793956756592e-01
-4.282085597515106201e-02,-1.786614954471588135e-01,-1.520151793956756592e-01
-4.293158277869224548e-02,-1.790617406368255615e-01,-1.520363092422485352e-01
-4.293158277869224548e-02,-1.790617406368255615e-01,-1.520363092422485352e-01
-4.304245114326477051e-02,-1.794617921113967896e-01,-1.520561724901199341e-01
-4.304245114326477051e-02,-1.794617921113967896e-01,-1.520561724901199341e-01
-4.315346106886863708e-02,-1.798616498708724976e-01,-1.520747989416122437e-01
-4.315346106886863708e-02,-1.798616498708724976e-01,-1.520747989416122437e-01
-4.326461628079414368e-02,-1.802613437175750732e-01,-1.520921438932418823e-01
-4.326461628079414368e-02,-1.802613437175750732e-01,-1.520921438932418823e-01
-4.337590560317039490e-02,-1.806608438491821289e-01,-1.521081924438476562e-01
-4.337590560317039490e-02,-1.806608438491821289e-01,-1.521081924438476562e-01
-4.348734021186828613e-02,-1.810601502656936646e-01,-1.521230190992355347e-01
-4.348734021186828613e-02,-1.810601502656936646e-01,-1.521230190992355347e-01
-4.359890893101692200e-02,-1.814592778682708740e-01,-1.521365493535995483e-01
-4.359890893101692200e-02,-1.814592778682708740e-01,-1.521365493535995483e-01
-4.371060803532600403e-02,-1.818581968545913696e-01,-1.521487981081008911e-01
-4.371060803532600403e-02,-1.818581968545913696e-01,-1.521487981081008911e-01
-4.382244870066642761e-02,-1.822569668292999268e-01,-1.521597951650619507e-01
-4.382244870066642761e-02,-1.822569668292999268e-01,-1.521597951650619507e-01
-4.393442720174789429e-02,-1.826554983854293823e-01,-1.521694660186767578e-01
-4.393442720174789429e-02,-1.826554983854293823e-01,-1.521694660186767578e-01
-4.404653608798980713e-02,-1.830538511276245117e-01,-1.521778851747512817e-01
-4.404653608798980713e-02,-1.830538511276245117e-01,-1.521778851747512817e-01
-4.415877535939216614e-02,-1.834520250558853149e-01,-1.521849930286407471e-01
-4.415877535939216614e-02,-1.834520250558853149e-01,-1.521849930286407471e-01
-4.427114874124526978e-02,-1.838499754667282104e-01,-1.521908044815063477e-01
-4.427114874124526978e-02,-1.838499754667282104e-01,-1.521908044815063477e-01
-4.438365250825881958e-02,-1.842477619647979736e-01,-1.521953344345092773e-01
-4.438365250825881958e-02,-1.842477619647979736e-01,-1.521953344345092773e-01
-4.449628666043281555e-02,-1.846453249454498291e-01,-1.521985679864883423e-01
-4.449628666043281555e-02,-1.846453249454498291e-01,-1.521985679864883423e-01
-4.460904374718666077e-02,-1.850426793098449707e-01,-1.522004753351211548e-01
-4.460904374718666077e-02,-1.850426793098449707e-01,-1.522004753351211548e-01
-4.472193494439125061e-02,-1.854398548603057861e-01,-1.522011011838912964e-01
-4.472193494439125061e-02,-1.854398548603057861e-01,-1.522011011838912964e-01
-4.483494907617568970e-02,-1.858368217945098877e-01,-1.522004008293151855e-01
-4.483494907617568970e-02,-1.858368217945098877e-01,-1.522004008293151855e-01
-4.494808986783027649e-02,-1.862335652112960815e-01,-1.521983742713928223e-01
-4.494808986783027649e-02,-1.862335652112960815e-01,-1.521983742713928223e-01
-4.506136104464530945e-02,-1.866301447153091431e-01,-1.521950513124465942e-01
-4.506136104464530945e-02,-1.866301447153091431e-01,-1.521950513124465942e-01
-4.517474770545959473e-02,-1.870264858007431030e-01,-1.521903872489929199e-01
-4.517474770545959473e-02,-1.870264858007431030e-01,-1.521903872489929199e-01
-4.528826475143432617e-02,-1.874226331710815430e-01,-1.521844118833541870e-01
-4.528826475143432617e-02,-1.874226331710815430e-01,-1.521844118833541870e-01
-4.540189728140830994e-02,-1.878185719251632690e-01,-1.521771103143692017e-01
-4.540189728140830994e-02,-1.878185719251632690e-01,-1.521771103143692017e-01
-4.551565274596214294e-02,-1.882142871618270874e-01,-1.521684974431991577e-01
-4.551565274596214294e-02,-1.882142871618270874e-01,-1.521684974431991577e-01
-4.562952741980552673e-02,-1.886097937822341919e-01,-1.521585285663604736e-01
-4.562952741980552673e-02,-1.886097937822341919e-01,-1.521585285663604736e-01
-4.574352130293846130e-02,-1.890051066875457764e-01,-1.521472334861755371e-01
-4.574352130293846130e-02,-1.890051066875457764e-01,-1.521472334861755371e-01
-4.585763439536094666e-02,-1.894001811742782593e-01,-1.521345674991607666e-01
-4.585763439536094666e-02,-1.894001811742782593e-01,-1.521345674991607666e-01
-4.597186297178268433e-02,-1.897950619459152222e-01,-1.521205753087997437e-01
-4.597186297178268433e-02,-1.897950619459152222e-01,-1.521205753087997437e-01
-4.608620703220367432e-02,-1.901897341012954712e-01,-1.521052718162536621e-01
-4.608620703220367432e-02,-1.901897341012954712e-01,-1.521052718162536621e-01
-4.620067030191421509e-02,-1.905841827392578125e-01,-1.520885527133941650e-01
-4.620067030191421509e-02,-1.905841827392578125e-01,-1.520885527133941650e-01
-4.631523787975311279e-02,-1.909783780574798584e-01,-1.520705223083496094e-01
-4.631523787975311279e-02,-1.909783780574798584e-01,-1.520705223083496094e-01
-4.642992839217185974e-02,-1.913724094629287720e-01,-1.520511358976364136e-01
-4.642992839217185974e-02,-1.913724094629287720e-01,-1.520511358976364136e-01
-4.654472693800926208e-02,-1.917661726474761963e-01,-1.520303785800933838e-01
-4.654472693800926208e-02,-1.917661726474761963e-01,-1.520303785800933838e-01
-4.665964096784591675e-02,-1.921597421169281006e-01,-1.520082503557205200e-01
-4.665964096784591675e-02,-1.921597421169281006e-01,-1.520082503557205200e-01
-4.677465930581092834e-02,-1.925530880689620972e-01,-1.519847512245178223e-01
-4.677465930581092834e-02,-1.925530880689620972e-01,-1.519847512245178223e-01
-4.688978567719459534e-02,-1.929462105035781860e-01,-1.519598960876464844e-01
-4.688978567719459534e-02,-1.929462105035781860e-01,-1.519598960876464844e-01
-4.700502380728721619e-02,-1.933390945196151733e-01,-1.519336551427841187e-01
-4.700502380728721619e-02,-1.933390945196151733e-01,-1.519336551427841187e-01
-4.712037369608879089e-02,-1.937317550182342529e-01,-1.519060432910919189e-01
-4.712037369608879089e-02,-1.937317550182342529e-01,-1.519060432910919189e-01
-4.723582044243812561e-02,-1.941241919994354248e-01,-1.518770605325698853e-01
-4.723582044243812561e-02,-1.941241919994354248e-01,-1.518770605325698853e-01
-4.735137522220611572e-02,-1.945163905620574951e-01,-1.518466770648956299e-01
-4.735137522220611572e-02,-1.945163905620574951e-01,-1.518466770648956299e-01
-4.746704176068305969e-02,-1.949083507061004639e-01,-1.518149226903915405e-01
-4.746704176068305969e-02,-1.949083507061004639e-01,-1.518149226903915405e-01
-4.758280143141746521e-02,-1.953000873327255249e-01,-1.517817676067352295e-01
-4.758280143141746521e-02,-1.953000873327255249e-01,-1.517817676067352295e-01
-4.769866168498992920e-02,-1.956916004419326782e-01,-1.517471969127655029e-01
-4.769866168498992920e-02,-1.956916004419326782e-01,-1.517471969127655029e-01
-4.781462997198104858e-02,-1.960828900337219238e-01,-1.517112553119659424e-01
-4.781462997198104858e-02,-1.960828900337219238e-01,-1.517112553119659424e-01
-4.793069139122962952e-02,-1.964739263057708740e-01,-1.516738981008529663e-01
-4.793069139122962952e-02,-1.964739263057708740e-01,-1.516738981008529663e-01
-4.804686084389686584e-02,-1.968647092580795288e-01,-1.516351401805877686e-01
-4.804686084389686584e-02,-1.968647092580795288e-01,-1.516351401805877686e-01
-4.816312342882156372e-02,-1.972552835941314697e-01,-1.515949815511703491e-01
-4.816312342882156372e-02,-1.972552835941314697e-01,-1.515949815511703491e-01
-4.827948287129402161e-02,-1.976456344127655029e-01,-1.515534222126007080e-01
-4.827948287129402161e-02,-1.976456344127655029e-01,-1.515534222126007080e-01
-4.839594289660453796e-02,-1.980356872081756592e-01,-1.515104174613952637e-01
-4.839594289660453796e-02,-1.980356872081756592e-01,-1.515104174613952637e-01
-4.851249605417251587e-02,-1.984255462884902954e-01,-1.514660120010375977e-01
-4.851249605417251587e-02,-1.984255462884902954e-01,-1.514660120010375977e-01
-4.862914234399795532e-02,-1.988151520490646362e-01,-1.514202058315277100e-01
-4.862914234399795532e-02,-1.988151520490646362e-01,-1.514202058315277100e-01
-4.874588176608085632e-02,-1.992045193910598755e-01,-1.513729542493820190e-01
-4.874588176608085632e-02,-1.992045193910598755e-01,-1.513729542493820190e-01
-4.886271804571151733e-02,-1.995936185121536255e-01,-1.513242721557617188e-01
-4.886271804571151733e-02,-1.995936185121536255e-01,-1.513242721557617188e-01
-4.897964000701904297e-02,-1.999825090169906616e-01,-1.512741595506668091e-01
-4.897964000701904297e-02,-1.999825090169906616e-01,-1.512741595506668091e-01
-4.909665882587432861e-02,-2.003711014986038208e-01,-1.512226313352584839e-01
-4.909665882587432861e-02,-2.003711014986038208e-01,-1.512226313352584839e-01
-4.921375960111618042e-02,-2.007594853639602661e-01,-1.511696279048919678e-01
-4.921375960111618042e-02,-2.007594853639602661e-01,-1.511696279048919678e-01
-4.933094978332519531e-02,-2.011476010084152222e-01,-1.511152237653732300e-01
-4.933094978332519531e-02,-2.011476010084152222e-01,-1.511152237653732300e-01
-4.944823682308197021e-02,-2.015354633331298828e-01,-1.510593444108963013e-01
-4.944823682308197021e-02,-2.015354633331298828e-01,-1.510593444108963013e-01
-4.956559464335441589e-02,-2.019230723381042480e-01,-1.510020345449447632e-01
-4.956559464335441589e-02,-2.019230723381042480e-01,-1.510020345449447632e-01
-4.968304932117462158e-02,-2.023104578256607056e-01,-1.509432792663574219e-01
-4.968304932117462158e-02,-2.023104578256607056e-01,-1.509432792663574219e-01
-4.980058595538139343e-02,-2.026975601911544800e-01,-1.508830338716506958e-01
-4.980058595538139343e-02,-2.026975601911544800e-01,-1.508830338716506958e-01
-4.991820454597473145e-02,-2.030844092369079590e-01,-1.508213728666305542e-01
-4.991820454597473145e-02,-2.030844092369079590e-01,-1.508213728666305542e-01
-5.003591254353523254e-02,-2.034710049629211426e-01,-1.507582366466522217e-01
-5.003591254353523254e-02,-2.034710049629211426e-01,-1.507582366466522217e-01
-5.015368759632110596e-02,-2.038573622703552246e-01,-1.506936401128768921e-01
-5.015368759632110596e-02,-2.038573622703552246e-01,-1.506936401128768921e-01
-5.027155205607414246e-02,-2.042434215545654297e-01,-1.506275534629821777e-01
-5.027155205607414246e-02,-2.042434215545654297e-01,-1.506275534629821777e-01
-5.038950219750404358e-02,-2.046292275190353394e-01,-1.505600214004516602e-01
-5.038950219750404358e-02,-2.046292275190353394e-01,-1.505600214004516602e-01
-5.050752311944961548e-02,-2.050147950649261475e-01,-1.504909992218017578e-01
-5.050752311944961548e-02,-2.050147950649261475e-01,-1.504909992218017578e-01
-5.062562599778175354e-02,-2.054000943899154663e-01,-1.504205018281936646e-01
-5.062562599778175354e-02,-2.054000943899154663e-01,-1.504205018281936646e-01
-5.074380338191986084e-02,-2.057851105928421021e-01,-1.503485143184661865e-01
-5.074380338191986084e-02,-2.057851105928421021e-01,-1.503485143184661865e-01
-5.086205154657363892e-02,-2.061698585748672485e-01,-1.502750664949417114e-01
-5.086205154657363892e-02,-2.061698585748672485e-01,-1.502750664949417114e-01
-5.098038166761398315e-02,-2.065543681383132935e-01,-1.502000987529754639e-01
-5.098038166761398315e-02,-2.065543681383132935e-01,-1.502000987529754639e-01
-5.109878629446029663e-02,-2.069385796785354614e-01,-1.501236706972122192e-01
-5.109878629446029663e-02,-2.069385796785354614e-01,-1.501236706972122192e-01
-5.121725425124168396e-02,-2.073225378990173340e-01,-1.500457376241683960e-01
-5.121725425124168396e-02,-2.073225378990173340e-01,-1.500457376241683960e-01
-5.133580416440963745e-02,-2.077062129974365234e-01,-1.499662995338439941e-01
-5.133580416440963745e-02,-2.077062129974365234e-01,-1.499662995338439941e-01
-5.145441740751266479e-02,-2.080896347761154175e-01,-1.498853713274002075e-01
-5.145441740751266479e-02,-2.080896347761154175e-01,-1.498853713274002075e-01
-5.157310888171195984e-02,-2.084727734327316284e-01,-1.498029232025146484e-01
-5.157310888171195984e-02,-2.084727734327316284e-01,-1.498029232025146484e-01
-5.169185623526573181e-02,-2.088556438684463501e-01,-1.497189700603485107e-01
-5.169185623526573181e-02,-2.088556438684463501e-01,-1.497189700603485107e-01
-5.181068554520606995e-02,-2.092382162809371948e-01,-1.496335268020629883e-01
-5.181068554520606995e-02,-2.092382162809371948e-01,-1.496335268020629883e-01
-5.192957445979118347e-02,-2.096205204725265503e-01,-1.495465487241744995e-01
-5.192957445979118347e-02,-2.096205204725265503e-01,-1.495465487241744995e-01
-5.204853042960166931e-02,-2.100025415420532227e-01,-1.494580507278442383e-01
-5.204853042960166931e-02,-2.100025415420532227e-01,-1.494580507278442383e-01
-5.216754600405693054e-02,-2.103843092918395996e-01,-1.493680477142333984e-01
-5.216754600405693054e-02,-2.103843092918395996e-01,-1.493680477142333984e-01
-5.228663235902786255e-02,-2.107657790184020996e-01,-1.492764949798583984e-01
-5.228663235902786255e-02,-2.107657790184020996e-01,-1.492764949798583984e-01
-5.240577459335327148e-02,-2.111469805240631104e-01,-1.491834223270416260e-01
-5.240577459335327148e-02,-2.111469805240631104e-01,-1.491834223270416260e-01
-5.252499133348464966e-02,-2.115278989076614380e-01,-1.490888297557830811e-01
-5.252499133348464966e-02,-2.115278989076614380e-01,-1.490888297557830811e-01
-5.264426022768020630e-02,-2.119085043668746948e-01,-1.489926874637603760e-01
-5.264426022768020630e-02,-2.119085043668746948e-01,-1.489926874637603760e-01
-5.276358872652053833e-02,-2.122888565063476562e-01,-1.488950252532958984e-01
-5.276358872652053833e-02,-2.122888565063476562e-01,-1.488950252532958984e-01
-5.288297683000564575e-02,-2.126688957214355469e-01,-1.487958133220672607e-01
-5.288297683000564575e-02,-2.126688957214355469e-01,-1.487958133220672607e-01
-5.300242453813552856e-02,-2.130486518144607544e-01,-1.486950516700744629e-01
-5.300242453813552856e-02,-2.130486518144607544e-01,-1.486950516700744629e-01
-5.312192812561988831e-02,-2.134281396865844727e-01,-1.485927402973175049e-01
-5.312192812561988831e-02,-2.134281396865844727e-01,-1.485927402973175049e-01
-5.324148759245872498e-02,-2.138073295354843140e-01,-1.484888792037963867e-01
-5.324148759245872498e-02,-2.138073295354843140e-01,-1.484888792037963867e-01
-5.336110293865203857e-02,-2.141862213611602783e-01,-1.483834683895111084e-01
-5.336110293865203857e-02,-2.141862213611602783e-01,-1.483834683895111084e-01
-5.348077043890953064e-02,-2.145648002624511719e-01,-1.482764929533004761e-01
-5.348077043890953064e-02,-2.145648002624511719e-01,-1.482764929533004761e-01
-5.360049381852149963e-02,-2.149431109428405762e-01,-1.481679528951644897e-01
-5.360049381852149963e-02,-2.149431109428405762e-01,-1.481679528951644897e-01
-5.372026935219764709e-02,-2.153211236000061035e-01,-1.480578631162643433e-01
-5.372026935219764709e-02,-2.153211236000061035e-01,-1.480578631162643433e-01
-5.384009703993797302e-02,-2.156988531351089478e-01,-1.479461938142776489e-01
-5.384009703993797302e-02,-2.156988531351089478e-01,-1.479461938142776489e-01
-5.395997315645217896e-02,-2.160762399435043335e-01,-1.478329598903656006e-01
-5.395997315645217896e-02,-2.160762399435043335e-01,-1.478329598903656006e-01
-5.407989770174026489e-02,-2.164533734321594238e-01,-1.477181464433670044e-01
-5.407989770174026489e-02,-2.164533734321594238e-01,-1.477181464433670044e-01
-5.419987067580223083e-02,-2.168301790952682495e-01,-1.476017534732818604e-01
-5.419987067580223083e-02,-2.168301790952682495e-01,-1.476017534732818604e-01
-5.431988462805747986e-02,-2.172066867351531982e-01,-1.474837660789489746e-01
-5.431988462805747986e-02,-2.172066867351531982e-01,-1.474837660789489746e-01
-5.443995445966720581e-02,-2.175829112529754639e-01,-1.473642140626907349e-01
-5.443995445966720581e-02,-2.175829112529754639e-01,-1.473642140626907349e-01
-5.456006899476051331e-02,-2.179588228464126587e-01,-1.472430676221847534e-01
-5.456006899476051331e-02,-2.179588228464126587e-01,-1.472430676221847534e-01
-5.468022450804710388e-02,-2.183344215154647827e-01,-1.471203267574310303e-01
-5.468022450804710388e-02,-2.183344215154647827e-01,-1.471203267574310303e-01
-5.480042099952697754e-02,-2.187097072601318359e-01,-1.469959765672683716e-01
-5.480042099952697754e-02,-2.187097072601318359e-01,-1.469959765672683716e-01
-5.492066219449043274e-02,-2.190847098827362061e-01,-1.468700468540191650e-01
-5.492066219449043274e-02,-2.190847098827362061e-01,-1.468700468540191650e-01
-5.504094436764717102e-02,-2.194593697786331177e-01,-1.467425227165222168e-01
-5.504094436764717102e-02,-2.194593697786331177e-01,-1.467425227165222168e-01
-5.516126751899719238e-02,-2.198337763547897339e-01,-1.466133892536163330e-01
-5.516126751899719238e-02,-2.198337763547897339e-01,-1.466133892536163330e-01
-5.528163164854049683e-02,-2.202078402042388916e-01,-1.464826315641403198e-01
-5.528163164854049683e-02,-2.202078402042388916e-01,-1.464826315641403198e-01
-5.540203303098678589e-02,-2.205815762281417847e-01,-1.463502645492553711e-01
-5.540203303098678589e-02,-2.205815762281417847e-01,-1.463502645492553711e-01
-5.552246794104576111e-02,-2.209550142288208008e-01,-1.462162882089614868e-01
-5.552246794104576111e-02,-2.209550142288208008e-01,-1.462162882089614868e-01
-5.564295127987861633e-02,-2.213281393051147461e-01,-1.460807025432586670e-01
-5.564295127987861633e-02,-2.213281393051147461e-01,-1.460807025432586670e-01
-5.576346069574356079e-02,-2.217009216547012329e-01,-1.459434628486633301e-01
-5.576346069574356079e-02,-2.217009216547012329e-01,-1.459434628486633301e-01
-5.588400363922119141e-02,-2.220734059810638428e-01,-1.458046287298202515e-01
-5.588400363922119141e-02,-2.220734059810638428e-01,-1.458046287298202515e-01
-5.600458011031150818e-02,-2.224455773830413818e-01,-1.456641703844070435e-01
-5.600458011031150818e-02,-2.224455773830413818e-01,-1.456641703844070435e-01
-5.612519383430480957e-02,-2.228174358606338501e-01,-1.455220431089401245e-01
-5.612519383430480957e-02,-2.228174358606338501e-01,-1.455220431089401245e-01
-5.624583736062049866e-02,-2.231889516115188599e-01,-1.453783214092254639e-01
-5.624583736062049866e-02,-2.231889516115188599e-01,-1.453783214092254639e-01
-5.636650696396827698e-02,-2.235601395368576050e-01,-1.452329456806182861e-01
-5.636650696396827698e-02,-2.235601395368576050e-01,-1.452329456806182861e-01
-5.648721009492874146e-02,-2.239310443401336670e-01,-1.450859159231185913e-01
-5.648721009492874146e-02,-2.239310443401336670e-01,-1.450859159231185913e-01
-5.660793930292129517e-02,-2.243016064167022705e-01,-1.449372619390487671e-01
-5.660793930292129517e-02,-2.243016064167022705e-01,-1.449372619390487671e-01
-5.672869458794593811e-02,-2.246718257665634155e-01,-1.447869241237640381e-01
-5.672869458794593811e-02,-2.246718257665634155e-01,-1.447869241237640381e-01
-5.684947967529296875e-02,-2.250417172908782959e-01,-1.446349620819091797e-01
-5.684947967529296875e-02,-2.250417172908782959e-01,-1.446349620819091797e-01
-5.697028711438179016e-02,-2.254112809896469116e-01,-1.444813460111618042e-01
-5.697028711438179016e-02,-2.254112809896469116e-01,-1.444813460111618042e-01
-5.709112435579299927e-02,-2.257805615663528442e-01,-1.443260610103607178e-01
-5.709112435579299927e-02,-2.257805615663528442e-01,-1.443260610103607178e-01
-5.721198394894599915e-02,-2.261494696140289307e-01,-1.441691219806671143e-01
-5.721198394894599915e-02,-2.261494696140289307e-01,-1.441691219806671143e-01
-5.733286216855049133e-02,-2.265180498361587524e-01,-1.440105140209197998e-01
-5.733286216855049133e-02,-2.265180498361587524e-01,-1.440105140209197998e-01
-5.745377019047737122e-02,-2.268863022327423096e-01,-1.438502520322799683e-01
-5.745377019047737122e-02,-2.268863022327423096e-01,-1.438502520322799683e-01
-5.757469683885574341e-02,-2.272542119026184082e-01,-1.436882764101028442e-01
-5.757469683885574341e-02,-2.272542119026184082e-01,-1.436882764101028442e-01
-5.769564211368560791e-02,-2.276217937469482422e-01,-1.435246616601943970e-01
-5.769564211368560791e-02,-2.276217937469482422e-01,-1.435246616601943970e-01
-5.781659856438636780e-02,-2.279890179634094238e-01,-1.433593630790710449e-01
-5.781659856438636780e-02,-2.279890179634094238e-01,-1.433593630790710449e-01
-5.793757736682891846e-02,-2.283559143543243408e-01,-1.431923657655715942e-01
-5.793757736682891846e-02,-2.283559143543243408e-01,-1.431923657655715942e-01
-5.805857479572296143e-02,-2.287224829196929932e-01,-1.430236846208572388e-01
-5.805857479572296143e-02,-2.287224829196929932e-01,-1.430236846208572388e-01
-5.817959085106849670e-02,-2.290887236595153809e-01,-1.428533345460891724e-01
-5.817959085106849670e-02,-2.290887236595153809e-01,-1.428533345460891724e-01
-5.830061435699462891e-02,-2.294545918703079224e-01,-1.426812857389450073e-01
-5.830061435699462891e-02,-2.294545918703079224e-01,-1.426812857389450073e-01
-5.842165648937225342e-02,-2.298201173543930054e-01,-1.425075381994247437e-01
-5.842165648937225342e-02,-2.298201173543930054e-01,-1.425075381994247437e-01
-5.854271352291107178e-02,-2.301853448152542114e-01,-1.423320919275283813e-01
-5.854271352291107178e-02,-2.301853448152542114e-01,-1.423320919275283813e-01
-5.866377428174018860e-02,-2.305501699447631836e-01,-1.421549320220947266e-01
-5.866377428174018860e-02,-2.305501699447631836e-01,-1.421549320220947266e-01
-5.878485366702079773e-02,-2.309146672487258911e-01,-1.419760882854461670e-01
-5.878485366702079773e-02,-2.309146672487258911e-01,-1.419760882854461670e-01
-5.890593677759170532e-02,-2.312788367271423340e-01,-1.417955011129379272e-01
-5.890593677759170532e-02,-2.312788367271423340e-01,-1.417955011129379272e-01
-5.902703478932380676e-02,-2.316426634788513184e-01,-1.416132301092147827e-01
-5.902703478932380676e-02,-2.316426634788513184e-01,-1.416132301092147827e-01
-5.914814025163650513e-02,-2.320060878992080688e-01,-1.414292454719543457e-01
-5.914814025163650513e-02,-2.320060878992080688e-01,-1.414292454719543457e-01
-5.926924571394920349e-02,-2.323692291975021362e-01,-1.412435322999954224e-01
-5.926924571394920349e-02,-2.323692291975021362e-01,-1.412435322999954224e-01
-5.939036607742309570e-02,-2.327319681644439697e-01,-1.410560905933380127e-01
-5.939036607742309570e-02,-2.327319681644439697e-01,-1.410560905933380127e-01
-5.951148271560668945e-02,-2.330943793058395386e-01,-1.408669352531433105e-01
-5.951148271560668945e-02,-2.330943793058395386e-01,-1.408669352531433105e-01
-5.963261425495147705e-02,-2.334564328193664551e-01,-1.406760364770889282e-01
-5.963261425495147705e-02,-2.334564328193664551e-01,-1.406760364770889282e-01
-5.975374206900596619e-02,-2.338181138038635254e-01,-1.404834091663360596e-01
-5.975374206900596619e-02,-2.338181138038635254e-01,-1.404834091663360596e-01
-5.987486988306045532e-02,-2.341794371604919434e-01,-1.402890533208847046e-01
-5.987486988306045532e-02,-2.341794371604919434e-01,-1.402890533208847046e-01
-5.999600514769554138e-02,-2.345403730869293213e-01,-1.400929689407348633e-01
-5.999600514769554138e-02,-2.345403730869293213e-01,-1.400929689407348633e-01
-6.011713296175003052e-02,-2.349009960889816284e-01,-1.398951113224029541e-01
-6.011713296175003052e-02,-2.349009960889816284e-01,-1.398951113224029541e-01
-6.023826450109481812e-02,-2.352612316608428955e-01,-1.396955251693725586e-01
-6.023826450109481812e-02,-2.352612316608428955e-01,-1.396955251693725586e-01
-6.035939604043960571e-02,-2.356211245059967041e-01,-1.394941955804824829e-01
-6.035939604043960571e-02,-2.356211245059967041e-01,-1.394941955804824829e-01
-6.048051640391349792e-02,-2.359806299209594727e-01,-1.392911076545715332e-01
-6.048051640391349792e-02,-2.359806299209594727e-01,-1.392911076545715332e-01
-6.060164421796798706e-02,-2.363398224115371704e-01,-1.390862762928009033e-01
-6.060164421796798706e-02,-2.363398224115371704e-01,-1.390862762928009033e-01
-6.072276085615158081e-02,-2.366986125707626343e-01,-1.388796418905258179e-01
-6.072276085615158081e-02,-2.366986125707626343e-01,-1.388796418905258179e-01
-6.084387004375457764e-02,-2.370570152997970581e-01,-1.386712938547134399e-01
-6.084387004375457764e-02,-2.370570152997970581e-01,-1.386712938547134399e-01
-6.096497550606727600e-02,-2.374150902032852173e-01,-1.384611576795578003e-01
-6.096497550606727600e-02,-2.374150902032852173e-01,-1.384611576795578003e-01
-6.108606979250907898e-02,-2.377727627754211426e-01,-1.382492631673812866e-01
-6.108606979250907898e-02,-2.377727627754211426e-01,-1.382492631673812866e-01
-6.120716035366058350e-02,-2.381300628185272217e-01,-1.380355805158615112e-01
-6.120716035366058350e-02,-2.381300628185272217e-01,-1.380355805158615112e-01
-6.132823601365089417e-02,-2.384870201349258423e-01,-1.378201395273208618e-01
-6.132823601365089417e-02,-2.384870201349258423e-01,-1.378201395273208618e-01
-6.144931167364120483e-02,-2.388435751199722290e-01,-1.376029103994369507e-01
-6.144931167364120483e-02,-2.388435751199722290e-01,-1.376029103994369507e-01
-6.157036125659942627e-02,-2.391997724771499634e-01,-1.373838931322097778e-01
-6.157036125659942627e-02,-2.391997724771499634e-01,-1.373838931322097778e-01
-6.169140711426734924e-02,-2.395555824041366577e-01,-1.371630877256393433e-01
-6.169140711426734924e-02,-2.395555824041366577e-01,-1.371630877256393433e-01
-6.181243434548377991e-02,-2.399110198020935059e-01,-1.369405090808868408e-01
-6.181243434548377991e-02,-2.399110198020935059e-01,-1.369405090808868408e-01
-6.193345040082931519e-02,-2.402660995721817017e-01,-1.367161273956298828e-01
-6.193345040082931519e-02,-2.402660995721817017e-01,-1.367161273956298828e-01
-6.205445155501365662e-02,-2.406207770109176636e-01,-1.364899575710296631e-01
-6.205445155501365662e-02,-2.406207770109176636e-01,-1.364899575710296631e-01
-6.217543035745620728e-02,-2.409750670194625854e-01,-1.362619549036026001e-01
-6.217543035745620728e-02,-2.409750670194625854e-01,-1.362619549036026001e-01
-6.229640170931816101e-02,-2.413290143013000488e-01,-1.360321938991546631e-01
-6.229640170931816101e-02,-2.413290143013000488e-01,-1.360321938991546631e-01
-6.241734698414802551e-02,-2.416825294494628906e-01,-1.358006000518798828e-01
-6.241734698414802551e-02,-2.416825294494628906e-01,-1.358006000518798828e-01
-6.253826618194580078e-02,-2.420356720685958862e-01,-1.355672031641006470e-01
-6.253826618194580078e-02,-2.420356720685958862e-01,-1.355672031641006470e-01
-6.265918165445327759e-02,-2.423884421586990356e-01,-1.353320032358169556e-01
-6.265918165445327759e-02,-2.423884421586990356e-01,-1.353320032358169556e-01
-6.278005987405776978e-02,-2.427408397197723389e-01,-1.350949704647064209e-01
-6.278005987405776978e-02,-2.427408397197723389e-01,-1.350949704647064209e-01
-6.290093064308166504e-02,-2.430928051471710205e-01,-1.348561346530914307e-01
-6.290093064308166504e-02,-2.430928051471710205e-01,-1.348561346530914307e-01
-6.302176415920257568e-02,-2.434444129467010498e-01,-1.346154808998107910e-01
-6.302176415920257568e-02,-2.434444129467010498e-01,-1.346154808998107910e-01
-6.314257532358169556e-02,-2.437956035137176514e-01,-1.343729794025421143e-01
-6.314257532358169556e-02,-2.437956035137176514e-01,-1.343729794025421143e-01
-6.326336413621902466e-02,-2.441464364528656006e-01,-1.341286450624465942e-01
-6.326336413621902466e-02,-2.441464364528656006e-01,-1.341286450624465942e-01
-6.338413059711456299e-02,-2.444968670606613159e-01,-1.338824927806854248e-01
-6.338413059711456299e-02,-2.444968670606613159e-01,-1.338824927806854248e-01
-6.350486725568771362e-02,-2.448469102382659912e-01,-1.336345076560974121e-01
-6.350486725568771362e-02,-2.448469102382659912e-01,-1.336345076560974121e-01
-6.362557411193847656e-02,-2.451965212821960449e-01,-1.333846598863601685e-01
-6.362557411193847656e-02,-2.451965212821960449e-01,-1.333846598863601685e-01
-6.374625116586685181e-02,-2.455457597970962524e-01,-1.331329941749572754e-01
-6.374625116586685181e-02,-2.455457597970962524e-01,-1.331329941749572754e-01
-6.386689096689224243e-02,-2.458945959806442261e-01,-1.328794658184051514e-01
-6.386689096689224243e-02,-2.458945959806442261e-01,-1.328794658184051514e-01
-6.398750841617584229e-02,-2.462430298328399658e-01,-1.326240897178649902e-01
-6.398750841617584229e-02,-2.462430298328399658e-01,-1.326240897178649902e-01
-6.410809606313705444e-02,-2.465910911560058594e-01,-1.323668658733367920e-01
-6.410809606313705444e-02,-2.465910911560058594e-01,-1.323668658733367920e-01
-6.422864645719528198e-02,-2.469387203454971313e-01,-1.321077793836593628e-01
-6.422864645719528198e-02,-2.469387203454971313e-01,-1.321077793836593628e-01
-6.434915959835052490e-02,-2.472859472036361694e-01,-1.318468451499938965e-01
-6.434915959835052490e-02,-2.472859472036361694e-01,-1.318468451499938965e-01
-6.446964293718338013e-02,-2.476327866315841675e-01,-1.315840333700180054e-01
-6.446964293718338013e-02,-2.476327866315841675e-01,-1.315840333700180054e-01
-6.459008157253265381e-02,-2.479792237281799316e-01,-1.313193887472152710e-01
-6.459008157253265381e-02,-2.479792237281799316e-01,-1.313193887472152710e-01
-6.471049040555953979e-02,-2.483252137899398804e-01,-1.310528367757797241e-01
-6.471049040555953979e-02,-2.483252137899398804e-01,-1.310528367757797241e-01
-6.483086198568344116e-02,-2.486708313226699829e-01,-1.307844221591949463e-01
-6.483086198568344116e-02,-2.486708313226699829e-01,-1.307844221591949463e-01
-6.495119631290435791e-02,-2.490160465240478516e-01,-1.305141299962997437e-01
-6.495119631290435791e-02,-2.490160465240478516e-01,-1.305141299962997437e-01
-6.507148593664169312e-02,-2.493608295917510986e-01,-1.302419453859329224e-01
-6.507148593664169312e-02,-2.493608295917510986e-01,-1.302419453859329224e-01
-6.519173085689544678e-02,-2.497052103281021118e-01,-1.299678981304168701e-01
-6.519173085689544678e-02,-2.497052103281021118e-01,-1.299678981304168701e-01
-6.531193852424621582e-02,-2.500491738319396973e-01,-1.296919733285903931e-01
-6.531193852424621582e-02,-2.500491738319396973e-01,-1.296919733285903931e-01
-6.543210148811340332e-02,-2.503927350044250488e-01,-1.294141411781311035e-01
-6.543210148811340332e-02,-2.503927350044250488e-01,-1.294141411781311035e-01
-6.555221974849700928e-02,-2.507358491420745850e-01,-1.291344314813613892e-01
-6.555221974849700928e-02,-2.507358491420745850e-01,-1.291344314813613892e-01
-6.567229330539703369e-02,-2.510786056518554688e-01,-1.288527995347976685e-01
-6.567229330539703369e-02,-2.510786056518554688e-01,-1.288527995347976685e-01
-6.579232215881347656e-02,-2.514209151268005371e-01,-1.285692751407623291e-01
-6.579232215881347656e-02,-2.514209151268005371e-01,-1.285692751407623291e-01
-6.591230630874633789e-02,-2.517627775669097900e-01,-1.282838582992553711e-01
-6.591230630874633789e-02,-2.517627775669097900e-01,-1.282838582992553711e-01
-6.603223085403442383e-02,-2.521042525768280029e-01,-1.279965192079544067e-01
-6.603223085403442383e-02,-2.521042525768280029e-01,-1.279965192079544067e-01
-6.615211814641952515e-02,-2.524452805519104004e-01,-1.277072727680206299e-01
-6.615211814641952515e-02,-2.524452805519104004e-01,-1.277072727680206299e-01
-6.627195328474044800e-02,-2.527858912944793701e-01,-1.274161338806152344e-01
-6.627195328474044800e-02,-2.527858912944793701e-01,-1.274161338806152344e-01
-6.639173626899719238e-02,-2.531261146068572998e-01,-1.271230578422546387e-01
-6.639173626899719238e-02,-2.531261146068572998e-01,-1.271230578422546387e-01
-6.651146709918975830e-02,-2.534658908843994141e-01,-1.268280744552612305e-01
-6.651146709918975830e-02,-2.534658908843994141e-01,-1.268280744552612305e-01
-6.663115322589874268e-02,-2.538052201271057129e-01,-1.265311688184738159e-01
-6.663115322589874268e-02,-2.538052201271057129e-01,-1.265311688184738159e-01
-6.675077229738235474e-02,-2.541441619396209717e-01,-1.262323260307312012e-01
-6.675077229738235474e-02,-2.541441619396209717e-01,-1.262323260307312012e-01
-6.687033921480178833e-02,-2.544826269149780273e-01,-1.259315460920333862e-01
-6.687033921480178833e-02,-2.544826269149780273e-01,-1.259315460920333862e-01
-6.698984652757644653e-02,-2.548207044601440430e-01,-1.256288439035415649e-01
-6.698984652757644653e-02,-2.548207044601440430e-01,-1.256288439035415649e-01
-6.710930913686752319e-02,-2.551583349704742432e-01,-1.253242045640945435e-01
-6.710930913686752319e-02,-2.551583349704742432e-01,-1.253242045640945435e-01
-6.722870469093322754e-02,-2.554955184459686279e-01,-1.250176280736923218e-01
-6.722870469093322754e-02,-2.554955184459686279e-01,-1.250176280736923218e-01
-6.734805554151535034e-02,-2.558322846889495850e-01,-1.247090995311737061e-01
-6.734805554151535034e-02,-2.558322846889495850e-01,-1.247090995311737061e-01
-6.746732443571090698e-02,-2.561686336994171143e-01,-1.243986263871192932e-01
-6.746732443571090698e-02,-2.561686336994171143e-01,-1.243986263871192932e-01
-6.758654862642288208e-02,-2.565045058727264404e-01,-1.240862011909484863e-01
-6.758654862642288208e-02,-2.565045058727264404e-01,-1.240862011909484863e-01
-6.770570576190948486e-02,-2.568399608135223389e-01,-1.237718388438224792e-01
-6.770570576190948486e-02,-2.568399608135223389e-01,-1.237718388438224792e-01
-6.782479584217071533e-02,-2.571749985218048096e-01,-1.234555020928382874e-01
-6.782479584217071533e-02,-2.571749985218048096e-01,-1.234555020928382874e-01
-6.794383376836776733e-02,-2.575095593929290771e-01,-1.231372058391571045e-01
-6.794383376836776733e-02,-2.575095593929290771e-01,-1.231372058391571045e-01
-6.806279718875885010e-02,-2.578437030315399170e-01,-1.228169500827789307e-01
-6.806279718875885010e-02,-2.578437030315399170e-01,-1.228169500827789307e-01
-6.818169355392456055e-02,-2.581773698329925537e-01,-1.224947199225425720e-01
-6.818169355392456055e-02,-2.581773698329925537e-01,-1.224947199225425720e-01
-6.830053031444549561e-02,-2.585106492042541504e-01,-1.221705302596092224e-01
-6.830053031444549561e-02,-2.585106492042541504e-01,-1.221705302596092224e-01
-6.841929256916046143e-02,-2.588434517383575439e-01,-1.218443661928176880e-01
-6.841929256916046143e-02,-2.588434517383575439e-01,-1.218443661928176880e-01
-6.853798776865005493e-02,-2.591758370399475098e-01,-1.215162351727485657e-01
-6.853798776865005493e-02,-2.591758370399475098e-01,-1.215162351727485657e-01
-6.865662336349487305e-02,-2.595077455043792725e-01,-1.211861073970794678e-01
-6.865662336349487305e-02,-2.595077455043792725e-01,-1.211861073970794678e-01
-6.877517700195312500e-02,-2.598391771316528320e-01,-1.208539903163909912e-01
-6.877517700195312500e-02,-2.598391771316528320e-01,-1.208539903163909912e-01
-6.889366358518600464e-02,-2.601702213287353516e-01,-1.205199062824249268e-01
-6.889366358518600464e-02,-2.601702213287353516e-01,-1.205199062824249268e-01
-6.901207566261291504e-02,-2.605007886886596680e-01,-1.201838105916976929e-01
-6.901207566261291504e-02,-2.605007886886596680e-01,-1.201838105916976929e-01
-6.913042068481445312e-02,-2.608309090137481689e-01,-1.198457404971122742e-01
-6.913042068481445312e-02,-2.608309090137481689e-01,-1.198457404971122742e-01
-6.924868375062942505e-02,-2.611605525016784668e-01,-1.195056587457656860e-01
-6.924868375062942505e-02,-2.611605525016784668e-01,-1.195056587457656860e-01
-6.936687231063842773e-02,-2.614897489547729492e-01,-1.191635876893997192e-01
-6.936687231063842773e-02,-2.614897489547729492e-01,-1.191635876893997192e-01
-6.948498636484146118e-02,-2.618185281753540039e-01,-1.188195049762725830e-01
-6.948498636484146118e-02,-2.618185281753540039e-01,-1.188195049762725830e-01
-6.960301846265792847e-02,-2.621468007564544678e-01,-1.184734180569648743e-01
-6.960301846265792847e-02,-2.621468007564544678e-01,-1.184734180569648743e-01
-6.972098350524902344e-02,-2.624746561050415039e-01,-1.181253194808959961e-01
-6.972098350524902344e-02,-2.624746561050415039e-01,-1.181253194808959961e-01
-6.983885914087295532e-02,-2.628020346164703369e-01,-1.177752166986465454e-01
-6.983885914087295532e-02,-2.628020346164703369e-01,-1.177752166986465454e-01
-6.995665282011032104e-02,-2.631289064884185791e-01,-1.174230799078941345e-01
-6.995665282011032104e-02,-2.631289064884185791e-01,-1.174230799078941345e-01
-7.007437199354171753e-02,-2.634554207324981689e-01,-1.170689240097999573e-01
-7.007437199354171753e-02,-2.634554207324981689e-01,-1.170689240097999573e-01
-7.019200176000595093e-02,-2.637813985347747803e-01,-1.167127713561058044e-01
-7.019200176000595093e-02,-2.637813985347747803e-01,-1.167127713561058044e-01
-7.030954957008361816e-02,-2.641068994998931885e-01,-1.163545548915863037e-01
-7.030954957008361816e-02,-2.641068994998931885e-01,-1.163545548915863037e-01
-7.042701542377471924e-02,-2.644320130348205566e-01,-1.159943193197250366e-01
-7.042701542377471924e-02,-2.644320130348205566e-01,-1.159943193197250366e-01
-7.054440677165985107e-02,-2.647565901279449463e-01,-1.156320646405220032e-01
-7.054440677165985107e-02,-2.647565901279449463e-01,-1.156320646405220032e-01
-7.066170126199722290e-02,-2.650807201862335205e-01,-1.152677536010742188e-01
-7.066170126199722290e-02,-2.650807201862335205e-01,-1.152677536010742188e-01
-7.077890634536743164e-02,-2.654043734073638916e-01,-1.149014234542846680e-01
-7.077890634536743164e-02,-2.654043734073638916e-01,-1.149014234542846680e-01
-7.089602947235107422e-02,-2.657275497913360596e-01,-1.145330294966697693e-01
-7.089602947235107422e-02,-2.657275497913360596e-01,-1.145330294966697693e-01
-7.101305574178695679e-02,-2.660503089427947998e-01,-1.141625940799713135e-01
-7.101305574178695679e-02,-2.660503089427947998e-01,-1.141625940799713135e-01
-7.112999260425567627e-02,-2.663725316524505615e-01,-1.137901172041893005e-01
-7.112999260425567627e-02,-2.663725316524505615e-01,-1.137901172041893005e-01
-7.124684005975723267e-02,-2.666943073272705078e-01,-1.134155616164207458e-01
-7.124684005975723267e-02,-2.666943073272705078e-01,-1.134155616164207458e-01
-7.136359810829162598e-02,-2.670156061649322510e-01,-1.130389720201492310e-01
-7.136359810829162598e-02,-2.670156061649322510e-01,-1.130389720201492310e-01
-7.148025929927825928e-02,-2.673364281654357910e-01,-1.126603186130523682e-01
-7.148025929927825928e-02,-2.673364281654357910e-01,-1.126603186130523682e-01
-7.159682363271713257e-02,-2.676567435264587402e-01,-1.122795939445495605e-01
-7.159682363271713257e-02,-2.676567435264587402e-01,-1.122795939445495605e-01
-7.171329855918884277e-02,-2.679766416549682617e-01,-1.118968054652214050e-01
-7.171329855918884277e-02,-2.679766416549682617e-01,-1.118968054652214050e-01
-7.182966917753219604e-02,-2.682960033416748047e-01,-1.115119457244873047e-01
-7.182966917753219604e-02,-2.682960033416748047e-01,-1.115119457244873047e-01
-7.194595038890838623e-02,-2.686148881912231445e-01,-1.111250072717666626e-01
-7.194595038890838623e-02,-2.686148881912231445e-01,-1.111250072717666626e-01
-7.206213474273681641e-02,-2.689333260059356689e-01,-1.107359975576400757e-01
-7.206213474273681641e-02,-2.689333260059356689e-01,-1.107359975576400757e-01
-7.217822223901748657e-02,-2.692512869834899902e-01,-1.103449165821075439e-01
-7.217822223901748657e-02,-2.692512869834899902e-01,-1.103449165821075439e-01
-7.229420542716979980e-02,-2.695687413215637207e-01,-1.099517270922660828e-01
-7.229420542716979980e-02,-2.695687413215637207e-01,-1.099517270922660828e-01
-7.241008430719375610e-02,-2.698856890201568604e-01,-1.095564588904380798e-01
-7.241008430719375610e-02,-2.698856890201568604e-01,-1.095564588904380798e-01
-7.252586632966995239e-02,-2.702021598815917969e-01,-1.091591119766235352e-01
-7.252586632966995239e-02,-2.702021598815917969e-01,-1.091591119766235352e-01
-7.264154404401779175e-02,-2.705181539058685303e-01,-1.087596639990806580e-01
-7.264154404401779175e-02,-2.705181539058685303e-01,-1.087596639990806580e-01
-7.275711745023727417e-02,-2.708336710929870605e-01,-1.083581149578094482e-01
-7.275711745023727417e-02,-2.708336710929870605e-01,-1.083581149578094482e-01
-7.287258654832839966e-02,-2.711486816406250000e-01,-1.079544723033905029e-01
-7.287258654832839966e-02,-2.711486816406250000e-01,-1.079544723033905029e-01
-7.298794388771057129e-02,-2.714632153511047363e-01,-1.075487211346626282e-01
-7.298794388771057129e-02,-2.714632153511047363e-01,-1.075487211346626282e-01
-7.310320436954498291e-02,-2.717772126197814941e-01,-1.071408614516258240e-01
-7.310320436954498291e-02,-2.717772126197814941e-01,-1.071408614516258240e-01
-7.321834564208984375e-02,-2.720907330513000488e-01,-1.067308858036994934e-01
-7.321834564208984375e-02,-2.720907330513000488e-01,-1.067308858036994934e-01
-7.333339005708694458e-02,-2.724038064479827881e-01,-1.063188016414642334e-01
-7.333339005708694458e-02,-2.724038064479827881e-01,-1.063188016414642334e-01
-7.344830781221389771e-02,-2.727163136005401611e-01,-1.059045940637588501e-01
-7.344830781221389771e-02,-2.727163136005401611e-01,-1.059045940637588501e-01
-7.356312870979309082e-02,-2.730283439159393311e-01,-1.054882705211639404e-01
-7.356312870979309082e-02,-2.730283439159393311e-01,-1.054882705211639404e-01
-7.367783784866333008e-02,-2.733398675918579102e-01,-1.050698235630989075e-01
-7.367783784866333008e-02,-2.733398675918579102e-01,-1.050698235630989075e-01
-7.379242777824401855e-02,-2.736509144306182861e-01,-1.046492457389831543e-01
-7.379242777824401855e-02,-2.736509144306182861e-01,-1.046492457389831543e-01
-7.390691339969635010e-02,-2.739614546298980713e-01,-1.042265444993972778e-01
-7.390691339969635010e-02,-2.739614546298980713e-01,-1.042265444993972778e-01
-7.402127236127853394e-02,-2.742714881896972656e-01,-1.038017049431800842e-01
-7.402127236127853394e-02,-2.742714881896972656e-01,-1.038017049431800842e-01
-7.413551956415176392e-02,-2.745810151100158691e-01,-1.033747345209121704e-01
-7.413551956415176392e-02,-2.745810151100158691e-01,-1.033747345209121704e-01
-7.424964755773544312e-02,-2.748900353908538818e-01,-1.029456108808517456e-01
-7.424964755773544312e-02,-2.748900353908538818e-01,-1.029456108808517456e-01
-7.436366379261016846e-02,-2.751985490322113037e-01,-1.025143414735794067e-01
-7.436366379261016846e-02,-2.751985490322113037e-01,-1.025143414735794067e-01
-7.447756081819534302e-02,-2.755065560340881348e-01,-1.020809262990951538e-01
-7.447756081819534302e-02,-2.755065560340881348e-01,-1.020809262990951538e-01
-7.459133863449096680e-02,-2.758140563964843750e-01,-1.016453653573989868e-01
-7.459133863449096680e-02,-2.758140563964843750e-01,-1.016453653573989868e-01
-7.470498979091644287e-02,-2.761210501194000244e-01,-1.012076511979103088e-01
-7.470498979091644287e-02,-2.761210501194000244e-01,-1.012076511979103088e-01
-7.481852918863296509e-02,-2.764275372028350830e-01,-1.007677689194679260e-01
-7.481852918863296509e-02,-2.764275372028350830e-01,-1.007677689194679260e-01
-7.493192702531814575e-02,-2.767334878444671631e-01,-1.003257334232330322e-01
-7.493192702531814575e-02,-2.767334878444671631e-01,-1.003257334232330322e-01
-7.504522800445556641e-02,-2.770389616489410400e-01,-9.988153725862503052e-02
-7.504522800445556641e-02,-2.770389616489410400e-01,-9.988153725862503052e-02
-7.515838742256164551e-02,-2.773438692092895508e-01,-9.943515807390213013e-02
-7.515838742256164551e-02,-2.773438692092895508e-01,-9.943515807390213013e-02
-7.527142018079757690e-02,-2.776482701301574707e-01,-9.898661822080612183e-02
-7.527142018079757690e-02,-2.776482701301574707e-01,-9.898661822080612183e-02
-7.538432627916336060e-02,-2.779521644115447998e-01,-9.853590279817581177e-02
-7.538432627916336060e-02,-2.779521644115447998e-01,-9.853590279817581177e-02
-7.549711316823959351e-02,-2.782555520534515381e-01,-9.808301925659179688e-02
-7.549711316823959351e-02,-2.782555520534515381e-01,-9.808301925659179688e-02
-7.560976594686508179e-02,-2.785584330558776855e-01,-9.762794524431228638e-02
-7.560976594686508179e-02,-2.785584330558776855e-01,-9.762794524431228638e-02
-7.572229206562042236e-02,-2.788607478141784668e-01,-9.717068076133728027e-02
-7.572229206562042236e-02,-2.788607478141784668e-01,-9.717068076133728027e-02
-7.583468407392501831e-02,-2.791625857353210449e-01,-9.671123325824737549e-02
-7.583468407392501831e-02,-2.791625857353210449e-01,-9.671123325824737549e-02
-7.594694942235946655e-02,-2.794638574123382568e-01,-9.624958783388137817e-02
-7.594694942235946655e-02,-2.794638574123382568e-01,-9.624958783388137817e-02
-7.605908066034317017e-02,-2.797646224498748779e-01,-9.578575193881988525e-02
-7.605908066034317017e-02,-2.797646224498748779e-01,-9.578575193881988525e-02
-7.617107033729553223e-02,-2.800648808479309082e-01,-9.531973302364349365e-02
-7.617107033729553223e-02,-2.800648808479309082e-01,-9.531973302364349365e-02
-7.628294080495834351e-02,-2.803645431995391846e-01,-9.485149383544921875e-02
-7.628294080495834351e-02,-2.803645431995391846e-01,-9.485149383544921875e-02
-7.639466971158981323e-02,-2.806637585163116455e-01,-9.438106417655944824e-02
-7.639466971158981323e-02,-2.806637585163116455e-01,-9.438106417655944824e-02
-7.650625705718994141e-02,-2.809624075889587402e-01,-9.390841424465179443e-02
-7.650625705718994141e-02,-2.809624075889587402e-01,-9.390841424465179443e-02
-7.661771029233932495e-02,-2.812605202198028564e-01,-9.343355894088745117e-02
-7.661771029233932495e-02,-2.812605202198028564e-01,-9.343355894088745117e-02
-7.672902196645736694e-02,-2.815580964088439941e-01,-9.295649081468582153e-02
-7.672902196645736694e-02,-2.815580964088439941e-01,-9.295649081468582153e-02
-7.684019953012466431e-02,-2.818551659584045410e-01,-9.247718751430511475e-02
-7.684019953012466431e-02,-2.818551659584045410e-01,-9.247718751430511475e-02
-7.695122808218002319e-02,-2.821516990661621094e-01,-9.199567884206771851e-02
-7.695122808218002319e-02,-2.821516990661621094e-01,-9.199567884206771851e-02
-7.706212997436523438e-02,-2.824476361274719238e-01,-9.151194244623184204e-02
-7.706212997436523438e-02,-2.824476361274719238e-01,-9.151194244623184204e-02
-7.717288285493850708e-02,-2.827431261539459229e-01,-9.102597832679748535e-02
-7.717288285493850708e-02,-2.827431261539459229e-01,-9.102597832679748535e-02
-7.728348672389984131e-02,-2.830380201339721680e-01,-9.053777903318405151e-02
-7.728348672389984131e-02,-2.830380201339721680e-01,-9.053777903318405151e-02
-7.739395648241043091e-02,-2.833323776721954346e-01,-9.004735201597213745e-02
-7.739395648241043091e-02,-2.833323776721954346e-01,-9.004735201597213745e-02
-7.750427722930908203e-02,-2.836261987686157227e-01,-8.955468237400054932e-02
-7.750427722930908203e-02,-2.836261987686157227e-01,-8.955468237400054932e-02
-7.761444896459579468e-02,-2.839195132255554199e-01,-8.905977755784988403e-02
-7.761444896459579468e-02,-2.839195132255554199e-01,-8.905977755784988403e-02
-7.772446423768997192e-02,-2.842122316360473633e-01,-8.856261521577835083e-02
-7.772446423768997192e-02,-2.842122316360473633e-01,-8.856261521577835083e-02
-7.783434540033340454e-02,-2.845044434070587158e-01,-8.806321024894714355e-02
-7.783434540033340454e-02,-2.845044434070587158e-01,-8.806321024894714355e-02
-7.794407755136489868e-02,-2.847960889339447021e-01,-8.756155520677566528e-02
-7.794407755136489868e-02,-2.847960889339447021e-01,-8.756155520677566528e-02
-7.805364578962326050e-02,-2.850871682167053223e-01,-8.705764263868331909e-02
-7.805364578962326050e-02,-2.850871682167053223e-01,-8.705764263868331909e-02
-7.816308736801147461e-02,-2.853777408599853516e-01,-8.655147999525070190e-02
-7.816308736801147461e-02,-2.853777408599853516e-01,-8.655147999525070190e-02
-7.827235013246536255e-02,-2.856677472591400146e-01,-8.604304492473602295e-02
-7.827235013246536255e-02,-2.856677472591400146e-01,-8.604304492473602295e-02
-7.838147133588790894e-02,-2.859571874141693115e-01,-8.553234487771987915e-02
-7.838147133588790894e-02,-2.859571874141693115e-01,-8.553234487771987915e-02
-7.849044352769851685e-02,-2.862460911273956299e-01,-8.501938730478286743e-02
-7.849044352769851685e-02,-2.862460911273956299e-01,-8.501938730478286743e-02
-7.859925925731658936e-02,-2.865344285964965820e-01,-8.450414985418319702e-02
-7.859925925731658936e-02,-2.865344285964965820e-01,-8.450414985418319702e-02
-7.870791107416152954e-02,-2.868222296237945557e-01,-8.398663997650146484e-02
-7.870791107416152954e-02,-2.868222296237945557e-01,-8.398663997650146484e-02
-7.881642132997512817e-02,-2.871094644069671631e-01,-8.346685022115707397e-02
-7.881642132997512817e-02,-2.871094644069671631e-01,-8.346685022115707397e-02
-7.892475277185440063e-02,-2.873961329460144043e-01,-8.294478058815002441e-02
-7.892475277185440063e-02,-2.873961329460144043e-01,-8.294478058815002441e-02
-7.903294265270233154e-02,-2.876822650432586670e-01,-8.242041617631912231e-02
-7.903294265270233154e-02,-2.876822650432586670e-01,-8.242041617631912231e-02
-7.914096117019653320e-02,-2.879678308963775635e-01,-8.189377933740615845e-02
-7.914096117019653320e-02,-2.879678308963775635e-01,-8.189377933740615845e-02
-7.924883067607879639e-02,-2.882528305053710938e-01,-8.136484026908874512e-02
-7.924883067607879639e-02,-2.882528305053710938e-01,-8.136484026908874512e-02
-7.935652881860733032e-02,-2.885372638702392578e-01,-8.083360642194747925e-02
-7.935652881860733032e-02,-2.885372638702392578e-01,-8.083360642194747925e-02
-7.946406304836273193e-02,-2.888211309909820557e-01,-8.030007779598236084e-02
-7.946406304836273193e-02,-2.888211309909820557e-01,-8.030007779598236084e-02
-7.957144081592559814e-02,-2.891044616699218750e-01,-7.976423949003219604e-02
-7.957144081592559814e-02,-2.891044616699218750e-01,-7.976423949003219604e-02
-7.967864722013473511e-02,-2.893872261047363281e-01,-7.922609895467758179e-02
-7.967864722013473511e-02,-2.893872261047363281e-01,-7.922609895467758179e-02
-7.978568971157073975e-02,-2.896693646907806396e-01,-7.868565618991851807e-02
-7.978568971157073975e-02,-2.896693646907806396e-01,-7.868565618991851807e-02
-7.989255338907241821e-02,-2.899509668350219727e-01,-7.814290374517440796e-02
-7.989255338907241821e-02,-2.899509668350219727e-01,-7.814290374517440796e-02
-7.999927550554275513e-02,-2.902320325374603271e-01,-7.759782671928405762e-02
-7.999927550554275513e-02,-2.902320325374603271e-01,-7.759782671928405762e-02
-8.010580390691757202e-02,-2.905125021934509277e-01,-7.705043256282806396e-02
-8.010580390691757202e-02,-2.905125021934509277e-01,-7.705043256282806396e-02
-8.021217584609985352e-02,-2.907924056053161621e-01,-7.650072872638702393e-02
-8.021217584609985352e-02,-2.907924056053161621e-01,-7.650072872638702393e-02
-8.031837642192840576e-02,-2.910717427730560303e-01,-7.594868540763854980e-02
-8.031837642192840576e-02,-2.910717427730560303e-01,-7.594868540763854980e-02
-8.042439818382263184e-02,-2.913504838943481445e-01,-7.539431750774383545e-02
-8.042439818382263184e-02,-2.913504838943481445e-01,-7.539431750774383545e-02
-8.053026348352432251e-02,-2.916286587715148926e-01,-7.483761757612228394e-02
-8.053026348352432251e-02,-2.916286587715148926e-01,-7.483761757612228394e-02
-8.063594251871109009e-02,-2.919062674045562744e-01,-7.427857816219329834e-02
-8.063594251871109009e-02,-2.919062674045562744e-01,-7.427857816219329834e-02
-8.074145019054412842e-02,-2.921832799911499023e-01,-7.371719926595687866e-02
-8.074145019054412842e-02,-2.921832799911499023e-01,-7.371719926595687866e-02
-8.084677904844284058e-02,-2.924597263336181641e-01,-7.315348833799362183e-02
-8.084677904844284058e-02,-2.924597263336181641e-01,-7.315348833799362183e-02
-8.095192909240722656e-02,-2.927355766296386719e-01,-7.258743047714233398e-02
-8.095192909240722656e-02,-2.927355766296386719e-01,-7.258743047714233398e-02
-8.105690777301788330e-02,-2.930108904838562012e-01,-7.201901823282241821e-02
-8.105690777301788330e-02,-2.930108904838562012e-01,-7.201901823282241821e-02
-8.116169273853302002e-02,-2.932855486869812012e-01,-7.144825160503387451e-02
-8.116169273853302002e-02,-2.932855486869812012e-01,-7.144825160503387451e-02
-8.126632124185562134e-02,-2.935596704483032227e-01,-7.087513804435729980e-02
-8.126632124185562134e-02,-2.935596704483032227e-01,-7.087513804435729980e-02
-8.137075603008270264e-02,-2.938332259654998779e-01,-7.029965519905090332e-02
-8.137075603008270264e-02,-2.938332259654998779e-01,-7.029965519905090332e-02
-8.147501200437545776e-02,-2.941061258316040039e-01,-6.972182542085647583e-02
-8.147501200437545776e-02,-2.941061258316040039e-01,-6.972182542085647583e-02
-8.157908916473388672e-02,-2.943785190582275391e-01,-6.914161890745162964e-02
-8.157908916473388672e-02,-2.943785190582275391e-01,-6.914161890745162964e-02
-8.168297260999679565e-02,-2.946502864360809326e-01,-6.855904310941696167e-02
-8.168297260999679565e-02,-2.946502864360809326e-01,-6.855904310941696167e-02
-8.178668469190597534e-02,-2.949214577674865723e-01,-6.797409057617187500e-02
-8.178668469190597534e-02,-2.949214577674865723e-01,-6.797409057617187500e-02
-8.189020305871963501e-02,-2.951920032501220703e-01,-6.738677620887756348e-02
-8.189020305871963501e-02,-2.951920032501220703e-01,-6.738677620887756348e-02
-8.199354261159896851e-02,-2.954620122909545898e-01,-6.679707765579223633e-02
-8.199354261159896851e-02,-2.954620122909545898e-01,-6.679707765579223633e-02
-8.209668099880218506e-02,-2.957314252853393555e-01,-6.620499491691589355e-02
-8.209668099880218506e-02,-2.957314252853393555e-01,-6.620499491691589355e-02
-8.219963312149047852e-02,-2.960002124309539795e-01,-6.561052054166793823e-02
-8.219963312149047852e-02,-2.960002124309539795e-01,-6.561052054166793823e-02
-8.230241388082504272e-02,-2.962684333324432373e-01,-6.501366943120956421e-02
-8.230241388082504272e-02,-2.962684333324432373e-01,-6.501366943120956421e-02
-8.240498602390289307e-02,-2.965360581874847412e-01,-6.441441923379898071e-02
-8.240498602390289307e-02,-2.965360581874847412e-01,-6.441441923379898071e-02
-8.250737190246582031e-02,-2.968030571937561035e-01,-6.381277740001678467e-02
-8.250737190246582031e-02,-2.968030571937561035e-01,-6.381277740001678467e-02
-8.260956406593322754e-02,-2.970694601535797119e-01,-6.320872902870178223e-02
-8.260956406593322754e-02,-2.970694601535797119e-01,-6.320872902870178223e-02
-8.271156251430511475e-02,-2.973352968692779541e-01,-6.260228157043457031e-02
-8.271156251430511475e-02,-2.973352968692779541e-01,-6.260228157043457031e-02
-8.281337469816207886e-02,-2.976004779338836670e-01,-6.199343129992485046e-02
-8.281337469816207886e-02,-2.976004779338836670e-01,-6.199343129992485046e-02
-8.291497826576232910e-02,-2.978650927543640137e-01,-6.138217449188232422e-02
-8.291497826576232910e-02,-2.978650927543640137e-01,-6.138217449188232422e-02
-8.301639556884765625e-02,-2.981290519237518311e-01,-6.076849997043609619e-02
-8.301639556884765625e-02,-2.981290519237518311e-01,-6.076849997043609619e-02
-8.311761915683746338e-02,-2.983924746513366699e-01,-6.015240773558616638e-02
-8.311761915683746338e-02,-2.983924746513366699e-01,-6.015240773558616638e-02
-8.321863412857055664e-02,-2.986552715301513672e-01,-5.953390151262283325e-02
-8.321863412857055664e-02,-2.986552715301513672e-01,-5.953390151262283325e-02
-8.331946283578872681e-02,-2.989174425601959229e-01,-5.891297385096549988e-02
-8.331946283578872681e-02,-2.989174425601959229e-01,-5.891297385096549988e-02
-8.342007547616958618e-02,-2.991790175437927246e-01,-5.828961730003356934e-02
-8.342007547616958618e-02,-2.991790175437927246e-01,-5.828961730003356934e-02
-8.352050185203552246e-02,-2.994399666786193848e-01,-5.766382813453674316e-02
-8.352050185203552246e-02,-2.994399666786193848e-01,-5.766382813453674316e-02
-8.362071216106414795e-02,-2.997003197669982910e-01,-5.703561380505561829e-02
-8.362071216106414795e-02,-2.997003197669982910e-01,-5.703561380505561829e-02
-8.372072875499725342e-02,-2.999600470066070557e-01,-5.640495941042900085e-02
-8.372072875499725342e-02,-2.999600470066070557e-01,-5.640495941042900085e-02
-8.382052928209304810e-02,-3.002191483974456787e-01,-5.577186495065689087e-02
-8.382052928209304810e-02,-3.002191483974456787e-01,-5.577186495065689087e-02
-8.392013609409332275e-02,-3.004776835441589355e-01,-5.513633042573928833e-02
-8.392013609409332275e-02,-3.004776835441589355e-01,-5.513633042573928833e-02
-8.401953428983688354e-02,-3.007355630397796631e-01,-5.449835211038589478e-02
-8.401953428983688354e-02,-3.007355630397796631e-01,-5.449835211038589478e-02
-8.411873131990432739e-02,-3.009928166866302490e-01,-5.385791510343551636e-02
-8.411873131990432739e-02,-3.009928166866302490e-01,-5.385791510343551636e-02
-8.421771228313446045e-02,-3.012494742870330811e-01,-5.321503058075904846e-02
-8.421771228313446045e-02,-3.012494742870330811e-01,-5.321503058075904846e-02
-8.431649208068847656e-02,-3.015055060386657715e-01,-5.256969481706619263e-02
-8.431649208068847656e-02,-3.015055060386657715e-01,-5.256969481706619263e-02
-8.441504836082458496e-02,-3.017608821392059326e-01,-5.192188918590545654e-02
-8.441504836082458496e-02,-3.017608821392059326e-01,-5.192188918590545654e-02
-8.451340347528457642e-02,-3.020156919956207275e-01,-5.127163231372833252e-02
-8.451340347528457642e-02,-3.020156919956207275e-01,-5.127163231372833252e-02
-8.461154252290725708e-02,-3.022698462009429932e-01,-5.061890929937362671e-02
-8.461154252290725708e-02,-3.022698462009429932e-01,-5.061890929937362671e-02
-8.470947295427322388e-02,-3.025233745574951172e-01,-4.996370896697044373e-02
-8.470947295427322388e-02,-3.025233745574951172e-01,-4.996370896697044373e-02
-8.480718731880187988e-02,-3.027762770652770996e-01,-4.930603876709938049e-02
-8.480718731880187988e-02,-3.027762770652770996e-01,-4.930603876709938049e-02
-8.490469306707382202e-02,-3.030285537242889404e-01,-4.864589497447013855e-02
-8.490469306707382202e-02,-3.030285537242889404e-01,-4.864589497447013855e-02
-8.500196784734725952e-02,-3.032802045345306396e-01,-4.798327013850212097e-02
-8.500196784734725952e-02,-3.032802045345306396e-01,-4.798327013850212097e-02
-8.509904146194458008e-02,-3.035312294960021973e-01,-4.731816053390502930e-02
-8.509904146194458008e-02,-3.035312294960021973e-01,-4.731816053390502930e-02
-8.519588410854339600e-02,-3.037815988063812256e-01,-4.665056988596916199e-02
-8.519588410854339600e-02,-3.037815988063812256e-01,-4.665056988596916199e-02
-8.529251068830490112e-02,-3.040313720703125000e-01,-4.598048329353332520e-02
-8.529251068830490112e-02,-3.040313720703125000e-01,-4.598048329353332520e-02
-8.538892120122909546e-02,-3.042804598808288574e-01,-4.530790448188781738e-02
-8.538892120122909546e-02,-3.042804598808288574e-01,-4.530790448188781738e-02
-8.548510819673538208e-02,-3.045289814472198486e-01,-4.463283717632293701e-02
-8.548510819673538208e-02,-3.045289814472198486e-01,-4.463283717632293701e-02
-8.558108657598495483e-02,-3.047768175601959229e-01,-4.395526647567749023e-02
-8.558108657598495483e-02,-3.047768175601959229e-01,-4.395526647567749023e-02
-8.567683398723602295e-02,-3.050240278244018555e-01,-4.327519237995147705e-02
-8.567683398723602295e-02,-3.050240278244018555e-01,-4.327519237995147705e-02
-8.577235043048858643e-02,-3.052705824375152588e-01,-4.259261488914489746e-02
-8.577235043048858643e-02,-3.052705824375152588e-01,-4.259261488914489746e-02
-8.586764335632324219e-02,-3.055165410041809082e-01,-4.190752282738685608e-02
-8.586764335632324219e-02,-3.055165410041809082e-01,-4.190752282738685608e-02
-8.596271276473999023e-02,-3.057618141174316406e-01,-4.121991991996765137e-02
-8.596271276473999023e-02,-3.057618141174316406e-01,-4.121991991996765137e-02
-8.605755865573883057e-02,-3.060064613819122314e-01,-4.052980244159698486e-02
-8.605755865573883057e-02,-3.060064613819122314e-01,-4.052980244159698486e-02
-8.615217357873916626e-02,-3.062504529953002930e-01,-3.983716294169425964e-02
-8.615217357873916626e-02,-3.062504529953002930e-01,-3.983716294169425964e-02
-8.624655753374099731e-02,-3.064938187599182129e-01,-3.914200142025947571e-02
-8.624655753374099731e-02,-3.064938187599182129e-01,-3.914200142025947571e-02
-8.634071052074432373e-02,-3.067364990711212158e-01,-3.844431415200233459e-02
-8.634071052074432373e-02,-3.067364990711212158e-01,-3.844431415200233459e-02
-8.643463999032974243e-02,-3.069785833358764648e-01,-3.774409368634223938e-02
-8.643463999032974243e-02,-3.069785833358764648e-01,-3.774409368634223938e-02
-8.652833849191665649e-02,-3.072200119495391846e-01,-3.704134747385978699e-02
-8.652833849191665649e-02,-3.072200119495391846e-01,-3.704134747385978699e-02
-8.662179857492446899e-02,-3.074607551097869873e-01,-3.633605688810348511e-02
-8.662179857492446899e-02,-3.074607551097869873e-01,-3.633605688810348511e-02
-8.671502768993377686e-02,-3.077009022235870361e-01,-3.562823310494422913e-02
-8.671502768993377686e-02,-3.077009022235870361e-01,-3.562823310494422913e-02
-8.680803328752517700e-02,-3.079403638839721680e-01,-3.491786494851112366e-02
-8.680803328752517700e-02,-3.079403638839721680e-01,-3.491786494851112366e-02
-8.690078556537628174e-02,-3.081791400909423828e-01,-3.420494496822357178e-02
-8.690078556537628174e-02,-3.081791400909423828e-01,-3.420494496822357178e-02
-8.699331432580947876e-02,-3.084172904491424561e-01,-3.348948061466217041e-02
-8.699331432580947876e-02,-3.084172904491424561e-01,-3.348948061466217041e-02
7.563672028481960297e-03,2.408063411712646484e-02,-7.932102307677268982e-03
7.563672028481960297e-03,2.408063411712646484e-02,-7.932102307677268982e-03
7.832270115613937378e-03,2.422081120312213898e-02,-8.007238619029521942e-03
7.832270115613937378e-03,2.422081120312213898e-02,-8.007238619029521942e-03
8.099308237433433533e-03,2.435982599854469299e-02,-8.081995882093906403e-03
8.099308237433433533e-03,2.435982599854469299e-02,-8.081995882093906403e-03
8.364791050553321838e-03,2.449768781661987305e-02,-8.156374096870422363e-03
8.364791050553321838e-03,2.449768781661987305e-02,-8.156374096870422363e-03
8.628719486296176910e-03,2.463439106941223145e-02,-8.230372332036495209e-03
8.628719486296176910e-03,2.463439106941223145e-02,-8.230372332036495209e-03
8.891099132597446442e-03,2.476994320750236511e-02,-8.303991518914699554e-03
8.891099132597446442e-03,2.476994320750236511e-02,-8.303991518914699554e-03
9.151931852102279663e-03,2.490434795618057251e-02,-8.377228863537311554e-03
9.151931852102279663e-03,2.490434795618057251e-02,-8.377228863537311554e-03
9.411219507455825806e-03,2.503759972751140594e-02,-8.450088091194629669e-03
9.411219507455825806e-03,2.503759972751140594e-02,-8.450088091194629669e-03
9.668966755270957947e-03,2.516970969736576080e-02,-8.522562682628631592e-03
9.668966755270957947e-03,2.516970969736576080e-02,-8.522562682628631592e-03
9.925178252160549164e-03,2.530068531632423401e-02,-8.594654500484466553e-03
9.925178252160549164e-03,2.530068531632423401e-02,-8.594654500484466553e-03
1.017985399812459946e-02,2.543051540851593018e-02,-8.666365407407283783e-03
1.017985399812459946e-02,2.543051540851593018e-02,-8.666365407407283783e-03
1.043299864977598190e-02,2.555921301245689392e-02,-8.737690746784210205e-03
1.043299864977598190e-02,2.555921301245689392e-02,-8.737690746784210205e-03
1.068461500108242035e-02,2.568677626550197601e-02,-8.808632381260395050e-03
1.068461500108242035e-02,2.568677626550197601e-02,-8.808632381260395050e-03
1.093470677733421326e-02,2.581320516765117645e-02,-8.879189379513263702e-03
1.093470677733421326e-02,2.581320516765117645e-02,-8.879189379513263702e-03
1.118327677249908447e-02,2.593850903213024139e-02,-8.949360810220241547e-03
1.118327677249908447e-02,2.593850903213024139e-02,-8.949360810220241547e-03
1.143032684922218323e-02,2.606268972158432007e-02,-9.019144810736179352e-03
1.143032684922218323e-02,2.606268972158432007e-02,-9.019144810736179352e-03
1.167586259543895721e-02,2.618574909865856171e-02,-9.088544175028800964e-03
1.167586259543895721e-02,2.618574909865856171e-02,-9.088544175028800964e-03
1.191988680511713028e-02,2.630768343806266785e-02,-9.157554246485233307e-03
1.191988680511713028e-02,2.630768343806266785e-02,-9.157554246485233307e-03
1.216240134090185165e-02,2.642850391566753387e-02,-9.226176887750625610e-03
1.216240134090185165e-02,2.642850391566753387e-02,-9.226176887750625610e-03
1.240340806543827057e-02,2.654821053147315979e-02,-9.294411167502403259e-03
1.240340806543827057e-02,2.654821053147315979e-02,-9.294411167502403259e-03
1.264291070401668549e-02,2.666679956018924713e-02,-9.362257085740566254e-03
1.264291070401668549e-02,2.666679956018924713e-02,-9.362257085740566254e-03
1.288091577589511871e-02,2.678428217768669128e-02,-9.429712779819965363e-03
1.288091577589511871e-02,2.678428217768669128e-02,-9.429712779819965363e-03
1.311742328107357025e-02,2.690066397190093994e-02,-9.496776387095451355e-03
1.311742328107357025e-02,2.690066397190093994e-02,-9.496776387095451355e-03
1.335243694484233856e-02,2.701593562960624695e-02,-9.563450701534748077e-03
1.335243694484233856e-02,2.701593562960624695e-02,-9.563450701534748077e-03
1.358596235513687134e-02,2.713011018931865692e-02,-9.629731997847557068e-03
1.358596235513687134e-02,2.713011018931865692e-02,-9.629731997847557068e-03
1.381799858063459396e-02,2.724318392574787140e-02,-9.695623070001602173e-03
1.381799858063459396e-02,2.724318392574787140e-02,-9.695623070001602173e-03
1.404854934662580490e-02,2.735516428947448730e-02,-9.761121124029159546e-03
1.404854934662580490e-02,2.735516428947448730e-02,-9.761121124029159546e-03
1.427762117236852646e-02,2.746604941785335541e-02,-9.826223365962505341e-03
1.427762117236852646e-02,2.746604941785335541e-02,-9.826223365962505341e-03
1.450521033257246017e-02,2.757584489881992340e-02,-9.890934452414512634e-03
1.450521033257246017e-02,2.757584489881992340e-02,-9.890934452414512634e-03
1.473132893443107605e-02,2.768455818295478821e-02,-9.955247864127159119e-03
1.473132893443107605e-02,2.768455818295478821e-02,-9.955247864127159119e-03
1.495597697794437408e-02,2.779217809438705444e-02,-1.001916639506816864e-02
1.495597697794437408e-02,2.779217809438705444e-02,-1.001916639506816864e-02
1.517915260046720505e-02,2.789872325956821442e-02,-1.008269190788269043e-02
1.517915260046720505e-02,2.789872325956821442e-02,-1.008269190788269043e-02
1.540086511522531509e-02,2.800418250262737274e-02,-1.014581881463527679e-02
1.540086511522531509e-02,2.800418250262737274e-02,-1.014581881463527679e-02
1.562111452221870422e-02,2.810857072472572327e-02,-1.020854804664850235e-02
1.562111452221870422e-02,2.810857072472572327e-02,-1.020854804664850235e-02
1.583990268409252167e-02,2.821187861263751984e-02,-1.027088053524494171e-02
1.583990268409252167e-02,2.821187861263751984e-02,-1.027088053524494171e-02
1.605723798274993896e-02,2.831411734223365784e-02,-1.033281441777944565e-02
1.605723798274993896e-02,2.831411734223365784e-02,-1.033281441777944565e-02
1.627311669290065765e-02,2.841529436409473419e-02,-1.039434876292943954e-02
1.627311669290065765e-02,2.841529436409473419e-02,-1.039434876292943954e-02
1.648754999041557312e-02,2.851539663970470428e-02,-1.045548450201749802e-02
1.648754999041557312e-02,2.851539663970470428e-02,-1.045548450201749802e-02
1.670053228735923767e-02,2.861443907022476196e-02,-1.051621884107589722e-02
1.670053228735923767e-02,2.861443907022476196e-02,-1.051621884107589722e-02
1.691207475960254669e-02,2.871242165565490723e-02,-1.057655364274978638e-02
1.691207475960254669e-02,2.871242165565490723e-02,-1.057655364274978638e-02
1.712217368185520172e-02,2.880934439599514008e-02,-1.063648611307144165e-02
1.712217368185520172e-02,2.880934439599514008e-02,-1.063648611307144165e-02
1.733083836734294891e-02,2.890521287918090820e-02,-1.069601718336343765e-02
1.733083836734294891e-02,2.890521287918090820e-02,-1.069601718336343765e-02
1.753806509077548981e-02,2.900003083050251007e-02,-1.075514592230319977e-02
1.753806509077548981e-02,2.900003083050251007e-02,-1.075514592230319977e-02
1.774386130273342133e-02,2.909379638731479645e-02,-1.081387046724557877e-02
1.774386130273342133e-02,2.909379638731479645e-02,-1.081387046724557877e-02
1.794823072850704193e-02,2.918651327490806580e-02,-1.087219268083572388e-02
1.794823072850704193e-02,2.918651327490806580e-02,-1.087219268083572388e-02
1.815117709338665009e-02,2.927819080650806427e-02,-1.093010883778333664e-02
1.815117709338665009e-02,2.927819080650806427e-02,-1.093010883778333664e-02
1.835269853472709656e-02,2.936882153153419495e-02,-1.098761986941099167e-02
1.835269853472709656e-02,2.936882153153419495e-02,-1.098761986941099167e-02
1.855280250310897827e-02,2.945841848850250244e-02,-1.104472577571868896e-02
1.855280250310897827e-02,2.945841848850250244e-02,-1.104472577571868896e-02
1.875149272382259369e-02,2.954697608947753906e-02,-1.110142562538385391e-02
1.875149272382259369e-02,2.954697608947753906e-02,-1.110142562538385391e-02
1.894876919686794281e-02,2.963449992239475250e-02,-1.115771755576133728e-02
1.894876919686794281e-02,2.963449992239475250e-02,-1.115771755576133728e-02
1.914463378489017487e-02,2.972098998725414276e-02,-1.121360436081886292e-02
1.914463378489017487e-02,2.972098998725414276e-02,-1.121360436081886292e-02
1.933909393846988678e-02,2.980645373463630676e-02,-1.126908138394355774e-02
1.933909393846988678e-02,2.980645373463630676e-02,-1.126908138394355774e-02
1.953215524554252625e-02,2.989089488983154297e-02,-1.132414862513542175e-02
1.953215524554252625e-02,2.989089488983154297e-02,-1.132414862513542175e-02
1.972381025552749634e-02,2.997431531548500061e-02,-1.137880701571702957e-02
1.972381025552749634e-02,2.997431531548500061e-02,-1.137880701571702957e-02
1.991407386958599091e-02,3.005670756101608276e-02,-1.143305748701095581e-02
1.991407386958599091e-02,3.005670756101608276e-02,-1.143305748701095581e-02
2.010294236242771149e-02,3.013808466494083405e-02,-1.148689538240432739e-02
2.010294236242771149e-02,3.013808466494083405e-02,-1.148689538240432739e-02
2.029042132198810577e-02,3.021845221519470215e-02,-1.154032349586486816e-02
2.029042132198810577e-02,3.021845221519470215e-02,-1.154032349586486816e-02
2.047651074826717377e-02,3.029780276119709015e-02,-1.159333810210227966e-02
2.047651074826717377e-02,3.029780276119709015e-02,-1.159333810210227966e-02
2.066121809184551239e-02,3.037614375352859497e-02,-1.164594106376171112e-02
2.066121809184551239e-02,3.037614375352859497e-02,-1.164594106376171112e-02
2.084454149007797241e-02,3.045348078012466431e-02,-1.169813144952058792e-02
2.084454149007797241e-02,3.045348078012466431e-02,-1.169813144952058792e-02
2.102649025619029999e-02,3.052981384098529816e-02,-1.174990646541118622e-02
2.102649025619029999e-02,3.052981384098529816e-02,-1.174990646541118622e-02
2.120706252753734589e-02,3.060514479875564575e-02,-1.180126890540122986e-02
2.120706252753734589e-02,3.060514479875564575e-02,-1.180126890540122986e-02
2.138626389205455780e-02,3.067947365343570709e-02,-1.185221783816814423e-02
2.138626389205455780e-02,3.067947365343570709e-02,-1.185221783816814423e-02
2.156409434974193573e-02,3.075280971825122833e-02,-1.190274953842163086e-02
2.156409434974193573e-02,3.075280971825122833e-02,-1.190274953842163086e-02
2.174056135118007660e-02,3.082515299320220947e-02,-1.195286307483911514e-02
2.174056135118007660e-02,3.082515299320220947e-02,-1.195286307483911514e-02
2.191566675901412964e-02,3.089650534093379974e-02,-1.200256496667861938e-02
2.191566675901412964e-02,3.089650534093379974e-02,-1.200256496667861938e-02
2.208941243588924408e-02,3.096686862409114838e-02,-1.205184590071439743e-02
2.208941243588924408e-02,3.096686862409114838e-02,-1.205184590071439743e-02
2.226180024445056915e-02,3.103624656796455383e-02,-1.210070960223674774e-02
2.226180024445056915e-02,3.103624656796455383e-02,-1.210070960223674774e-02
2.243283763527870178e-02,3.110464476048946381e-02,-1.214915513992309570e-02
2.243283763527870178e-02,3.110464476048946381e-02,-1.214915513992309570e-02
2.260252460837364197e-02,3.117206506431102753e-02,-1.219718158245086670e-02
2.260252460837364197e-02,3.117206506431102753e-02,-1.219718158245086670e-02
2.277086488902568817e-02,3.123850375413894653e-02,-1.224478799849748611e-02
2.277086488902568817e-02,3.123850375413894653e-02,-1.224478799849748611e-02
2.293786220252513885e-02,3.130396828055381775e-02,-1.229197345674037933e-02
2.293786220252513885e-02,3.130396828055381775e-02,-1.229197345674037933e-02
2.310352027416229248e-02,3.136846050620079041e-02,-1.233873888850212097e-02
2.310352027416229248e-02,3.136846050620079041e-02,-1.233873888850212097e-02
2.326783724129199982e-02,3.143198788166046143e-02,-1.238508243113756180e-02
2.326783724129199982e-02,3.143198788166046143e-02,-1.238508243113756180e-02
2.343082241714000702e-02,3.149454295635223389e-02,-1.243100315332412720e-02
2.343082241714000702e-02,3.149454295635223389e-02,-1.243100315332412720e-02
2.359247580170631409e-02,3.155613690614700317e-02,-1.247650291770696640e-02
2.359247580170631409e-02,3.155613690614700317e-02,-1.247650291770696640e-02
2.375280484557151794e-02,3.161677718162536621e-02,-1.252157893031835556e-02
2.375280484557151794e-02,3.161677718162536621e-02,-1.252157893031835556e-02
2.391180209815502167e-02,3.167644515633583069e-02,-1.256623025983572006e-02
2.391180209815502167e-02,3.167644515633583069e-02,-1.256623025983572006e-02
2.406948059797286987e-02,3.173517063260078430e-02,-1.261045690625905991e-02
2.406948059797286987e-02,3.173517063260078430e-02,-1.261045690625905991e-02
2.422584593296051025e-02,3.179293870925903320e-02,-1.265425886958837509e-02
2.422584593296051025e-02,3.179293870925903320e-02,-1.265425886958837509e-02
2.438089065253734589e-02,3.184975311160087585e-02,-1.269763521850109100e-02
2.438089065253734589e-02,3.184975311160087585e-02,-1.269763521850109100e-02
2.453462779521942139e-02,3.190562501549720764e-02,-1.274058315902948380e-02
2.453462779521942139e-02,3.190562501549720764e-02,-1.274058315902948380e-02
2.468704804778099060e-02,3.196055069565773010e-02,-1.278310548514127731e-02
2.468704804778099060e-02,3.196055069565773010e-02,-1.278310548514127731e-02
2.483816817402839661e-02,3.201453387737274170e-02,-1.282519940286874771e-02
2.483816817402839661e-02,3.201453387737274170e-02,-1.282519940286874771e-02
2.498798444867134094e-02,3.206757456064224243e-02,-1.286686770617961884e-02
2.498798444867134094e-02,3.206757456064224243e-02,-1.286686770617961884e-02
2.513650059700012207e-02,3.211968392133712769e-02,-1.290810387581586838e-02
2.513650059700012207e-02,3.211968392133712769e-02,-1.290810387581586838e-02
2.528372220695018768e-02,3.217085823416709900e-02,-1.294891070574522018e-02
2.528372220695018768e-02,3.217085823416709900e-02,-1.294891070574522018e-02
2.542964741587638855e-02,3.222109377384185791e-02,-1.298928912729024887e-02
2.542964741587638855e-02,3.222109377384185791e-02,-1.298928912729024887e-02
2.557428181171417236e-02,3.227040916681289673e-02,-1.302923634648323059e-02
2.557428181171417236e-02,3.227040916681289673e-02,-1.302923634648323059e-02
2.571763470768928528e-02,3.231879696249961853e-02,-1.306875143200159073e-02
2.571763470768928528e-02,3.231879696249961853e-02,-1.306875143200159073e-02
2.585970051586627960e-02,3.236626088619232178e-02,-1.310783531516790390e-02
2.585970051586627960e-02,3.236626088619232178e-02,-1.310783531516790390e-02
2.600048482418060303e-02,3.241280466318130493e-02,-1.314648613333702087e-02
2.600048482418060303e-02,3.241280466318130493e-02,-1.314648613333702087e-02
2.613998763263225555e-02,3.245842829346656799e-02,-1.318470574915409088e-02
2.613998763263225555e-02,3.245842829346656799e-02,-1.318470574915409088e-02
2.627821639180183411e-02,3.250314295291900635e-02,-1.322248857468366623e-02
2.627821639180183411e-02,3.250314295291900635e-02,-1.322248857468366623e-02
2.641518041491508484e-02,3.254693746566772461e-02,-1.325983926653862000e-02
2.641518041491508484e-02,3.254693746566772461e-02,-1.325983926653862000e-02
2.655087038874626160e-02,3.258982673287391663e-02,-1.329675409942865372e-02
2.655087038874626160e-02,3.258982673287391663e-02,-1.329675409942865372e-02
2.668529562652111053e-02,3.263180702924728394e-02,-1.333323307335376740e-02
2.668529562652111053e-02,3.263180702924728394e-02,-1.333323307335376740e-02
2.681845985352993011e-02,3.267288208007812500e-02,-1.336927432566881180e-02
2.681845985352993011e-02,3.267288208007812500e-02,-1.336927432566881180e-02
2.695036679506301880e-02,3.271305933594703674e-02,-1.340488437563180923e-02
2.695036679506301880e-02,3.271305933594703674e-02,-1.340488437563180923e-02
2.708101458847522736e-02,3.275233879685401917e-02,-1.344005111604928970e-02
2.708101458847522736e-02,3.275233879685401917e-02,-1.344005111604928970e-02
2.721041068434715271e-02,3.279071301221847534e-02,-1.347478106617927551e-02
2.721041068434715271e-02,3.279071301221847534e-02,-1.347478106617927551e-02
2.733855694532394409e-02,3.282820433378219604e-02,-1.350907422602176666e-02
2.733855694532394409e-02,3.282820433378219604e-02,-1.350907422602176666e-02
2.746545895934104919e-02,3.286479786038398743e-02,-1.354292687028646469e-02
2.746545895934104919e-02,3.286479786038398743e-02,-1.354292687028646469e-02
2.759111486375331879e-02,3.290050476789474487e-02,-1.357633806765079498e-02
2.759111486375331879e-02,3.290050476789474487e-02,-1.357633806765079498e-02
2.771552838385105133e-02,3.293532878160476685e-02,-1.360931247472763062e-02
2.771552838385105133e-02,3.293532878160476685e-02,-1.360931247472763062e-02
2.783871069550514221e-02,3.296926617622375488e-02,-1.364184450358152390e-02
2.783871069550514221e-02,3.296926617622375488e-02,-1.364184450358152390e-02
2.796065621078014374e-02,3.300232812762260437e-02,-1.367393322288990021e-02
2.796065621078014374e-02,3.300232812762260437e-02,-1.367393322288990021e-02
2.808137238025665283e-02,3.303450345993041992e-02,-1.370558049529790878e-02
2.808137238025665283e-02,3.303450345993041992e-02,-1.370558049529790878e-02
2.820085547864437103e-02,3.306581452488899231e-02,-1.373678445816040039e-02
2.820085547864437103e-02,3.306581452488899231e-02,-1.373678445816040039e-02
2.831912226974964142e-02,3.309625014662742615e-02,-1.376754604279994965e-02
2.831912226974964142e-02,3.309625014662742615e-02,-1.376754604279994965e-02
2.843616157770156860e-02,3.312581405043601990e-02,-1.379786152392625809e-02
2.843616157770156860e-02,3.312581405043601990e-02,-1.379786152392625809e-02
2.855198457837104797e-02,3.315451368689537048e-02,-1.382773369550704956e-02
2.855198457837104797e-02,3.315451368689537048e-02,-1.382773369550704956e-02
2.866659313440322876e-02,3.318234905600547791e-02,-1.385716069489717484e-02
2.866659313440322876e-02,3.318234905600547791e-02,-1.385716069489717484e-02
2.877998910844326019e-02,3.320932388305664062e-02,-1.388614065945148468e-02
2.877998910844326019e-02,3.320932388305664062e-02,-1.388614065945148468e-02
2.889217436313629150e-02,3.323543816804885864e-02,-1.391467545181512833e-02
2.889217436313629150e-02,3.323543816804885864e-02,-1.391467545181512833e-02
2.900315821170806885e-02,3.326069563627243042e-02,-1.394276134669780731e-02
2.900315821170806885e-02,3.326069563627243042e-02,-1.394276134669780731e-02
2.911293320357799530e-02,3.328510373830795288e-02,-1.397040113806724548e-02
2.911293320357799530e-02,3.328510373830795288e-02,-1.397040113806724548e-02
2.922151610255241394e-02,3.330865874886512756e-02,-1.399759296327829361e-02
2.922151610255241394e-02,3.330865874886512756e-02,-1.399759296327829361e-02
2.932889200747013092e-02,3.333136066794395447e-02,-1.402433402836322784e-02
2.932889200747013092e-02,3.333136066794395447e-02,-1.402433402836322784e-02
2.943508140742778778e-02,3.335322439670562744e-02,-1.405062340199947357e-02
2.943508140742778778e-02,3.335322439670562744e-02,-1.405062340199947357e-02
2.954008243978023529e-02,3.337424620985984802e-02,-1.407646667212247849e-02
2.954008243978023529e-02,3.337424620985984802e-02,-1.407646667212247849e-02
2.964389137923717499e-02,3.339442238211631775e-02,-1.410185731947422028e-02
2.964389137923717499e-02,3.339442238211631775e-02,-1.410185731947422028e-02
2.974651940166950226e-02,3.341377153992652893e-02,-1.412679441273212433e-02
2.974651940166950226e-02,3.341377153992652893e-02,-1.412679441273212433e-02
2.984796836972236633e-02,3.343228250741958618e-02,-1.415128260850906372e-02
2.984796836972236633e-02,3.343228250741958618e-02,-1.415128260850906372e-02
2.994823455810546875e-02,3.344995900988578796e-02,-1.417531818151473999e-02
2.994823455810546875e-02,3.344995900988578796e-02,-1.417531818151473999e-02
3.004732914268970490e-02,3.346680849790573120e-02,-1.419889740645885468e-02
3.004732914268970490e-02,3.346680849790573120e-02,-1.419889740645885468e-02
3.014525212347507477e-02,3.348283097147941589e-02,-1.422202587127685547e-02
3.014525212347507477e-02,3.348283097147941589e-02,-1.422202587127685547e-02
3.024200908839702606e-02,3.349803015589714050e-02,-1.424469705671072006e-02
3.024200908839702606e-02,3.349803015589714050e-02,-1.424469705671072006e-02
3.033760003745555878e-02,3.351240232586860657e-02,-1.426691655069589615e-02
3.033760003745555878e-02,3.351240232586860657e-02,-1.426691655069589615e-02
3.043202497065067291e-02,3.352596983313560486e-02,-1.428867876529693604e-02
3.043202497065067291e-02,3.352596983313560486e-02,-1.428867876529693604e-02
3.052528947591781616e-02,3.353870660066604614e-02,-1.430998370051383972e-02
3.052528947591781616e-02,3.353870660066604614e-02,-1.430998370051383972e-02
3.061740472912788391e-02,3.355063870549201965e-02,-1.433083135634660721e-02
3.061740472912788391e-02,3.355063870549201965e-02,-1.433083135634660721e-02
3.070836700499057770e-02,3.356176614761352539e-02,-1.435122266411781311e-02
3.070836700499057770e-02,3.356176614761352539e-02,-1.435122266411781311e-02
3.079817630350589752e-02,3.357207775115966797e-02,-1.437115576118230820e-02
3.079817630350589752e-02,3.357207775115966797e-02,-1.437115576118230820e-02
3.088684193789958954e-02,3.358158841729164124e-02,-1.439062878489494324e-02
3.088684193789958954e-02,3.358158841729164124e-02,-1.439062878489494324e-02
3.097436018288135529e-02,3.359029442071914673e-02,-1.440964452922344208e-02
3.097436018288135529e-02,3.359029442071914673e-02,-1.440964452922344208e-02
3.106074780225753784e-02,3.359820321202278137e-02,-1.442819740623235703e-02
3.106074780225753784e-02,3.359820321202278137e-02,-1.442819740623235703e-02
3.114598989486694336e-02,3.360531479120254517e-02,-1.444629207253456116e-02
3.114598989486694336e-02,3.360531479120254517e-02,-1.444629207253456116e-02
3.123010322451591492e-02,3.361163288354873657e-02,-1.446392294019460678e-02
3.123010322451591492e-02,3.361163288354873657e-02,-1.446392294019460678e-02
3.131308034062385559e-02,3.361715376377105713e-02,-1.448109280318021774e-02
3.131308034062385559e-02,3.361715376377105713e-02,-1.448109280318021774e-02
3.139492869377136230e-02,3.362189605832099915e-02,-1.449780166149139404e-02
3.139492869377136230e-02,3.362189605832099915e-02,-1.449780166149139404e-02
3.147565945982933044e-02,3.362584486603736877e-02,-1.451404672116041183e-02
3.147565945982933044e-02,3.362584486603736877e-02,-1.451404672116041183e-02
3.155526891350746155e-02,3.362901881337165833e-02,-1.452982891350984573e-02
3.155526891350746155e-02,3.362901881337165833e-02,-1.452982891350984573e-02
3.163375332951545715e-02,3.363140299916267395e-02,-1.454514451324939728e-02
3.163375332951545715e-02,3.363140299916267395e-02,-1.454514451324939728e-02
3.171112760901451111e-02,3.363301604986190796e-02,-1.455999817699193954e-02
3.171112760901451111e-02,3.363301604986190796e-02,-1.455999817699193954e-02
3.178738802671432495e-02,3.363385051488876343e-02,-1.457438524812459946e-02
3.178738802671432495e-02,3.363385051488876343e-02,-1.457438524812459946e-02
3.186253830790519714e-02,3.363391384482383728e-02,-1.458830479532480240e-02
3.186253830790519714e-02,3.363391384482383728e-02,-1.458830479532480240e-02
3.193658590316772461e-02,3.363320603966712952e-02,-1.460175774991512299e-02
3.193658590316772461e-02,3.363320603966712952e-02,-1.460175774991512299e-02
3.200953081250190735e-02,3.363173827528953552e-02,-1.461474690586328506e-02
3.200953081250190735e-02,3.363173827528953552e-02,-1.461474690586328506e-02
3.208137676119804382e-02,3.362949565052986145e-02,-1.462726294994354248e-02
3.208137676119804382e-02,3.362949565052986145e-02,-1.462726294994354248e-02
3.215212747454643250e-02,3.362650051712989807e-02,-1.463931426405906677e-02
3.215212747454643250e-02,3.362650051712989807e-02,-1.463931426405906677e-02
3.222177922725677490e-02,3.362274542450904846e-02,-1.465089432895183563e-02
3.222177922725677490e-02,3.362274542450904846e-02,-1.465089432895183563e-02
3.229034692049026489e-02,3.361822664737701416e-02,-1.466200686991214752e-02
3.229034692049026489e-02,3.361822664737701416e-02,-1.466200686991214752e-02
3.235782310366630554e-02,3.361295908689498901e-02,-1.467264443635940552e-02
3.235782310366630554e-02,3.361295908689498901e-02,-1.467264443635940552e-02
3.242421895265579224e-02,3.360694274306297302e-02,-1.468281354755163193e-02
3.242421895265579224e-02,3.360694274306297302e-02,-1.468281354755163193e-02
3.248953074216842651e-02,3.360017389059066772e-02,-1.469251140952110291e-02
3.248953074216842651e-02,3.360017389059066772e-02,-1.469251140952110291e-02
3.255376964807510376e-02,3.359265998005867004e-02,-1.470173988491296768e-02
3.255376964807510376e-02,3.359265998005867004e-02,-1.470173988491296768e-02
3.261692821979522705e-02,3.358440473675727844e-02,-1.471048966050148010e-02
3.261692821979522705e-02,3.358440473675727844e-02,-1.471048966050148010e-02
3.267902135848999023e-02,3.357541188597679138e-02,-1.471877098083496094e-02
3.267902135848999023e-02,3.357541188597679138e-02,-1.471877098083496094e-02
3.274004161357879639e-02,3.356568142771720886e-02,-1.472657639533281326e-02
3.274004161357879639e-02,3.356568142771720886e-02,-1.472657639533281326e-02
3.279999643564224243e-02,3.355520591139793396e-02,-1.473390497267246246e-02
3.279999643564224243e-02,3.355520591139793396e-02,-1.473390497267246246e-02
3.285889700055122375e-02,3.354401141405105591e-02,-1.474076136946678162e-02
3.285889700055122375e-02,3.354401141405105591e-02,-1.474076136946678162e-02
3.291673213243484497e-02,3.353208675980567932e-02,-1.474714092910289764e-02
3.291673213243484497e-02,3.353208675980567932e-02,-1.474714092910289764e-02
3.297351300716400146e-02,3.351942822337150574e-02,-1.475304272025823593e-02
3.297351300716400146e-02,3.351942822337150574e-02,-1.475304272025823593e-02
3.302924335002899170e-02,3.350605070590972900e-02,-1.475846953690052032e-02
3.302924335002899170e-02,3.350605070590972900e-02,-1.475846953690052032e-02
3.308391943573951721e-02,3.349195048213005066e-02,-1.476341672241687775e-02
3.308391943573951721e-02,3.349195048213005066e-02,-1.476341672241687775e-02
3.313755244016647339e-02,3.347713127732276917e-02,-1.476788707077503204e-02
3.313755244016647339e-02,3.347713127732276917e-02,-1.476788707077503204e-02
3.319014236330986023e-02,3.346160054206848145e-02,-1.477187685668468475e-02
3.319014236330986023e-02,3.346160054206848145e-02,-1.477187685668468475e-02
3.324169665575027466e-02,3.344534710049629211e-02,-1.477538980543613434e-02
3.324169665575027466e-02,3.344534710049629211e-02,-1.477538980543613434e-02
3.329220786690711975e-02,3.342839330434799194e-02,-1.477841939777135849e-02
3.329220786690711975e-02,3.342839330434799194e-02,-1.477841939777135849e-02
3.334168344736099243e-02,3.341072797775268555e-02,-1.478097122162580490e-02
3.334168344736099243e-02,3.341072797775268555e-02,-1.478097122162580490e-02
3.339013084769248962e-02,3.339235484600067139e-02,-1.478303689509630203e-02
3.339013084769248962e-02,3.339235484600067139e-02,-1.478303689509630203e-02
3.343755751848220825e-02,3.337328135967254639e-02,-1.478462573140859604e-02
3.343755751848220825e-02,3.337328135967254639e-02,-1.478462573140859604e-02
3.348395228385925293e-02,3.335351124405860901e-02,-1.478572841733694077e-02
3.348395228385925293e-02,3.335351124405860901e-02,-1.478572841733694077e-02
3.352932631969451904e-02,3.333304077386856079e-02,-1.478634960949420929e-02
3.352932631969451904e-02,3.333304077386856079e-02,-1.478634960949420929e-02
3.357368335127830505e-02,3.331187367439270020e-02,-1.478648558259010315e-02
3.357368335127830505e-02,3.331187367439270020e-02,-1.478648558259010315e-02
3.361702710390090942e-02,3.329001739621162415e-02,-1.478613913059234619e-02
3.361702710390090942e-02,3.329001739621162415e-02,-1.478613913059234619e-02
3.365935757756233215e-02,3.326747566461563110e-02,-1.478530559688806534e-02
3.365935757756233215e-02,3.326747566461563110e-02,-1.478530559688806534e-02
3.370067849755287170e-02,3.324424847960472107e-02,-1.478398870676755905e-02
3.370067849755287170e-02,3.324424847960472107e-02,-1.478398870676755905e-02
3.374099731445312500e-02,3.322033211588859558e-02,-1.478218287229537964e-02
3.374099731445312500e-02,3.322033211588859558e-02,-1.478218287229537964e-02
3.378031030297279358e-02,3.319573774933815002e-02,-1.477989181876182556e-02
3.378031030297279358e-02,3.319573774933815002e-02,-1.477989181876182556e-02
3.381862863898277283e-02,3.317046165466308594e-02,-1.477711275219917297e-02
3.381862863898277283e-02,3.317046165466308594e-02,-1.477711275219917297e-02
3.385594859719276428e-02,3.314451873302459717e-02,-1.477384567260742188e-02
3.385594859719276428e-02,3.314451873302459717e-02,-1.477384567260742188e-02
3.389227017760276794e-02,3.311789408326148987e-02,-1.477008964866399765e-02
3.389227017760276794e-02,3.311789408326148987e-02,-1.477008964866399765e-02
3.392760455608367920e-02,3.309060633182525635e-02,-1.476584654301404953e-02
3.392760455608367920e-02,3.309060633182525635e-02,-1.476584654301404953e-02
3.396195545792579651e-02,3.306264802813529968e-02,-1.476111169904470444e-02
3.396195545792579651e-02,3.306264802813529968e-02,-1.476111169904470444e-02
3.399531915783882141e-02,3.303402662277221680e-02,-1.475588418543338776e-02
3.399531915783882141e-02,3.303402662277221680e-02,-1.475588418543338776e-02
3.402770310640335083e-02,3.300474211573600769e-02,-1.475016865879297256e-02
3.402770310640335083e-02,3.300474211573600769e-02,-1.475016865879297256e-02
3.405911102890968323e-02,3.297479450702667236e-02,-1.474396046251058578e-02
3.405911102890968323e-02,3.297479450702667236e-02,-1.474396046251058578e-02
3.408954665064811707e-02,3.294419497251510620e-02,-1.473725959658622742e-02
3.408954665064811707e-02,3.294419497251510620e-02,-1.473725959658622742e-02
3.411900997161865234e-02,3.291293978691101074e-02,-1.473006606101989746e-02
3.411900997161865234e-02,3.291293978691101074e-02,-1.473006606101989746e-02
3.414750471711158752e-02,3.288103640079498291e-02,-1.472237892448902130e-02
3.414750471711158752e-02,3.288103640079498291e-02,-1.472237892448902130e-02
3.417503088712692261e-02,3.284848481416702271e-02,-1.471419539302587509e-02
3.417503088712692261e-02,3.284848481416702271e-02,-1.471419539302587509e-02
3.420159965753555298e-02,3.281528502702713013e-02,-1.470552012324333191e-02
3.420159965753555298e-02,3.281528502702713013e-02,-1.470552012324333191e-02
3.422720730304718018e-02,3.278143703937530518e-02,-1.469634566456079483e-02
3.422720730304718018e-02,3.278143703937530518e-02,-1.469634566456079483e-02
3.425186127424240112e-02,3.274695947766304016e-02,-1.468668039888143539e-02
3.425186127424240112e-02,3.274695947766304016e-02,-1.468668039888143539e-02
3.427555784583091736e-02,3.271183744072914124e-02,-1.467651315033435822e-02
3.427555784583091736e-02,3.271183744072914124e-02,-1.467651315033435822e-02
3.429831564426422119e-02,3.267607465386390686e-02,-1.466585230082273483e-02
3.429831564426422119e-02,3.267607465386390686e-02,-1.466585230082273483e-02
3.432011604309082031e-02,3.263969346880912781e-02,-1.465469133108854294e-02
3.432011604309082031e-02,3.263969346880912781e-02,-1.465469133108854294e-02
3.434098139405250549e-02,3.260267525911331177e-02,-1.464303303509950638e-02
3.434098139405250549e-02,3.260267525911331177e-02,-1.464303303509950638e-02
3.436090424656867981e-02,3.256502747535705566e-02,-1.463087741285562515e-02
3.436090424656867981e-02,3.256502747535705566e-02,-1.463087741285562515e-02
3.437988460063934326e-02,3.252676129341125488e-02,-1.461821887642145157e-02
3.437988460063934326e-02,3.252676129341125488e-02,-1.461821887642145157e-02
3.439793735742568970e-02,3.248786926269531250e-02,-1.460505928844213486e-02
3.439793735742568970e-02,3.248786926269531250e-02,-1.460505928844213486e-02
3.441506251692771912e-02,3.244836255908012390e-02,-1.459140237420797348e-02
3.441506251692771912e-02,3.244836255908012390e-02,-1.459140237420797348e-02
3.443125262856483459e-02,3.240823373198509216e-02,-1.457724254578351974e-02
3.443125262856483459e-02,3.240823373198509216e-02,-1.457724254578351974e-02
3.444653004407882690e-02,3.236749768257141113e-02,-1.456258073449134827e-02
3.444653004407882690e-02,3.236749768257141113e-02,-1.456258073449134827e-02
3.446087613701820374e-02,3.232614696025848389e-02,-1.454741694033145905e-02
3.446087613701820374e-02,3.232614696025848389e-02,-1.454741694033145905e-02
3.447430580854415894e-02,3.228418901562690735e-02,-1.453174650669097900e-02
3.447430580854415894e-02,3.228418901562690735e-02,-1.453174650669097900e-02
3.448682650923728943e-02,3.224162384867668152e-02,-1.451557502150535583e-02
3.448682650923728943e-02,3.224162384867668152e-02,-1.451557502150535583e-02
3.449842706322669983e-02,3.219845890998840332e-02,-1.449889969080686569e-02
3.449842706322669983e-02,3.219845890998840332e-02,-1.449889969080686569e-02
3.450912237167358398e-02,3.215469419956207275e-02,-1.448171492666006088e-02
3.450912237167358398e-02,3.215469419956207275e-02,-1.448171492666006088e-02
3.451891243457794189e-02,3.211032971739768982e-02,-1.446402817964553833e-02
3.451891243457794189e-02,3.211032971739768982e-02,-1.446402817964553833e-02
3.452780097723007202e-02,3.206537291407585144e-02,-1.444583386182785034e-02
3.452780097723007202e-02,3.206537291407585144e-02,-1.444583386182785034e-02
3.453579172492027283e-02,3.201982378959655762e-02,-1.442713290452957153e-02
3.453579172492027283e-02,3.201982378959655762e-02,-1.442713290452957153e-02
3.454288467764854431e-02,3.197368234395980835e-02,-1.440792344510555267e-02
3.454288467764854431e-02,3.197368234395980835e-02,-1.440792344510555267e-02
3.454908728599548340e-02,3.192695975303649902e-02,-1.438820548355579376e-02
3.454908728599548340e-02,3.192695975303649902e-02,-1.438820548355579376e-02
3.455439582467079163e-02,3.187964856624603271e-02,-1.436797901988029480e-02
3.455439582467079163e-02,3.187964856624603271e-02,-1.436797901988029480e-02
3.455881774425506592e-02,3.183175995945930481e-02,-1.434724312275648117e-02
3.455881774425506592e-02,3.183175995945930481e-02,-1.434724312275648117e-02
3.456236049532890320e-02,3.178329393267631531e-02,-1.432599872350692749e-02
3.456236049532890320e-02,3.178329393267631531e-02,-1.432599872350692749e-02
3.456501662731170654e-02,3.173424676060676575e-02,-1.430424116551876068e-02
3.456501662731170654e-02,3.173424676060676575e-02,-1.430424116551876068e-02
3.456680476665496826e-02,3.168462961912155151e-02,-1.428197417408227921e-02
3.456680476665496826e-02,3.168462961912155151e-02,-1.428197417408227921e-02
3.456771373748779297e-02,3.163444250822067261e-02,-1.425919402390718460e-02
3.456771373748779297e-02,3.163444250822067261e-02,-1.425919402390718460e-02
3.456775099039077759e-02,3.158368170261383057e-02,-1.423590257763862610e-02
3.456775099039077759e-02,3.158368170261383057e-02,-1.423590257763862610e-02
3.456691652536392212e-02,3.153236210346221924e-02,-1.421209610998630524e-02
3.456691652536392212e-02,3.153236210346221924e-02,-1.421209610998630524e-02
3.456522896885871887e-02,3.148048371076583862e-02,-1.418777834624052048e-02
3.456522896885871887e-02,3.148048371076583862e-02,-1.418777834624052048e-02
3.456266596913337708e-02,3.142803907394409180e-02,-1.416294369846582413e-02
3.456266596913337708e-02,3.142803907394409180e-02,-1.416294369846582413e-02
3.455924987792968750e-02,3.137504309415817261e-02,-1.413759402930736542e-02
3.455924987792968750e-02,3.137504309415817261e-02,-1.413759402930736542e-02
3.455498069524765015e-02,3.132148832082748413e-02,-1.411173213273286819e-02
3.455498069524765015e-02,3.132148832082748413e-02,-1.411173213273286819e-02
3.454985842108726501e-02,3.126738220453262329e-02,-1.408534869551658630e-02
3.454985842108726501e-02,3.126738220453262329e-02,-1.408534869551658630e-02
3.454388305544853210e-02,3.121272847056388855e-02,-1.405845209956169128e-02
3.454388305544853210e-02,3.121272847056388855e-02,-1.405845209956169128e-02
3.453706949949264526e-02,3.115753084421157837e-02,-1.403103768825531006e-02
3.453706949949264526e-02,3.115753084421157837e-02,-1.403103768825531006e-02
3.452940657734870911e-02,3.110178373754024506e-02,-1.400310546159744263e-02
3.452940657734870911e-02,3.110178373754024506e-02,-1.400310546159744263e-02
3.452090919017791748e-02,3.104550391435623169e-02,-1.397465541958808899e-02
3.452090919017791748e-02,3.104550391435623169e-02,-1.397465541958808899e-02
3.451156988739967346e-02,3.098868206143379211e-02,-1.394568290561437607e-02
3.451156988739967346e-02,3.098868206143379211e-02,-1.394568290561437607e-02
3.450139984488487244e-02,3.093132190406322479e-02,-1.391619350761175156e-02
3.450139984488487244e-02,3.093132190406322479e-02,-1.391619350761175156e-02
3.449039533734321594e-02,3.087343461811542511e-02,-1.388618256896734238e-02
3.449039533734321594e-02,3.087343461811542511e-02,-1.388618256896734238e-02
3.447857126593589783e-02,3.081501275300979614e-02,-1.385564822703599930e-02
3.447857126593589783e-02,3.081501275300979614e-02,-1.385564822703599930e-02
3.446591645479202271e-02,3.075606748461723328e-02,-1.382459513843059540e-02
3.446591645479202271e-02,3.075606748461723328e-02,-1.382459513843059540e-02
3.445244580507278442e-02,3.069659322500228882e-02,-1.379301864653825760e-02
3.445244580507278442e-02,3.069659322500228882e-02,-1.379301864653825760e-02
3.443815559148788452e-02,3.063659928739070892e-02,-1.376092061400413513e-02
3.443815559148788452e-02,3.063659928739070892e-02,-1.376092061400413513e-02
3.442304581403732300e-02,3.057608939707279205e-02,-1.372829824686050415e-02
3.442304581403732300e-02,3.057608939707279205e-02,-1.372829824686050415e-02
3.440713137388229370e-02,3.051505610346794128e-02,-1.369515154510736465e-02
3.440713137388229370e-02,3.051505610346794128e-02,-1.369515154510736465e-02
3.439039736986160278e-02,3.045351244509220123e-02,-1.366148144006729126e-02
3.439039736986160278e-02,3.045351244509220123e-02,-1.366148144006729126e-02
3.437286987900733948e-02,3.039146028459072113e-02,-1.362728420644998550e-02
3.437286987900733948e-02,3.039146028459072113e-02,-1.362728420644998550e-02
3.435454145073890686e-02,3.032890148460865021e-02,-1.359256170690059662e-02
3.435454145073890686e-02,3.032890148460865021e-02,-1.359256170690059662e-02
3.433540835976600647e-02,3.026583045721054077e-02,-1.355731301009654999e-02
3.433540835976600647e-02,3.026583045721054077e-02,-1.355731301009654999e-02
3.431547805666923523e-02,3.020226024091243744e-02,-1.352153718471527100e-02
3.431547805666923523e-02,3.020226024091243744e-02,-1.352153718471527100e-02
3.429475799202919006e-02,3.013818711042404175e-02,-1.348523329943418503e-02
3.429475799202919006e-02,3.013818711042404175e-02,-1.348523329943418503e-02
3.427325189113616943e-02,3.007361665368080139e-02,-1.344839856028556824e-02
3.427325189113616943e-02,3.007361665368080139e-02,-1.344839856028556824e-02
3.425094857811927795e-02,3.000855445861816406e-02,-1.341103669255971909e-02
3.425094857811927795e-02,3.000855445861816406e-02,-1.341103669255971909e-02
3.422786667943000793e-02,2.994299679994583130e-02,-1.337314676493406296e-02
3.422786667943000793e-02,2.994299679994583130e-02,-1.337314676493406296e-02
3.420401364564895630e-02,2.987695112824440002e-02,-1.333472598344087601e-02
3.420401364564895630e-02,2.987695112824440002e-02,-1.333472598344087601e-02
3.417937085032463074e-02,2.981041744351387024e-02,-1.329577248543500900e-02
3.417937085032463074e-02,2.981041744351387024e-02,-1.329577248543500900e-02
3.415395319461822510e-02,2.974340133368968964e-02,-1.325628906488418579e-02
3.415395319461822510e-02,2.974340133368968964e-02,-1.325628906488418579e-02
3.412777930498123169e-02,2.967590093612670898e-02,-1.321627199649810791e-02
3.412777930498123169e-02,2.967590093612670898e-02,-1.321627199649810791e-02
3.410082310438156128e-02,2.960792742669582367e-02,-1.317572407424449921e-02
3.410082310438156128e-02,2.960792742669582367e-02,-1.317572407424449921e-02
3.407311066985130310e-02,2.953947335481643677e-02,-1.313464250415563583e-02
3.407311066985130310e-02,2.953947335481643677e-02,-1.313464250415563583e-02
3.404463082551956177e-02,2.947054430842399597e-02,-1.309302635490894318e-02
3.404463082551956177e-02,2.947054430842399597e-02,-1.309302635490894318e-02
3.401539847254753113e-02,2.940114773809909821e-02,-1.305087469518184662e-02
3.401539847254753113e-02,2.940114773809909821e-02,-1.305087469518184662e-02
3.398540988564491272e-02,2.933128550648689270e-02,-1.300819031894207001e-02
3.398540988564491272e-02,2.933128550648689270e-02,-1.300819031894207001e-02
3.395466506481170654e-02,2.926095202565193176e-02,-1.296496856957674026e-02
3.395466506481170654e-02,2.926095202565193176e-02,-1.296496856957674026e-02
3.392317518591880798e-02,2.919016033411026001e-02,-1.292121224105358124e-02
3.392317518591880798e-02,2.919016033411026001e-02,-1.292121224105358124e-02
3.389093652367591858e-02,2.911890484392642975e-02,-1.287691667675971985e-02
3.389093652367591858e-02,2.911890484392642975e-02,-1.287691667675971985e-02
3.385795652866363525e-02,2.904719486832618713e-02,-1.283208467066287994e-02
3.385795652866363525e-02,2.904719486832618713e-02,-1.283208467066287994e-02
3.382423892617225647e-02,2.897503040730953217e-02,-1.278671436011791229e-02
3.382423892617225647e-02,2.897503040730953217e-02,-1.278671436011791229e-02
3.378977999091148376e-02,2.890241332352161407e-02,-1.274080667644739151e-02
3.378977999091148376e-02,2.890241332352161407e-02,-1.274080667644739151e-02
3.375458717346191406e-02,2.882934547960758209e-02,-1.269435603171586990e-02
3.375458717346191406e-02,2.882934547960758209e-02,-1.269435603171586990e-02
3.371867164969444275e-02,2.875583060085773468e-02,-1.264736801385879517e-02
3.371867164969444275e-02,2.875583060085773468e-02,-1.264736801385879517e-02
3.368202224373817444e-02,2.868187986314296722e-02,-1.259983889758586884e-02
3.368202224373817444e-02,2.868187986314296722e-02,-1.259983889758586884e-02
3.364465013146400452e-02,2.860748022794723511e-02,-1.255176682025194168e-02
3.364465013146400452e-02,2.860748022794723511e-02,-1.255176682025194168e-02
3.360656276345252991e-02,2.853264845907688141e-02,-1.250315643846988678e-02
3.360656276345252991e-02,2.853264845907688141e-02,-1.250315643846988678e-02
3.356775268912315369e-02,2.845737151801586151e-02,-1.245400123298168182e-02
3.356775268912315369e-02,2.845737151801586151e-02,-1.245400123298168182e-02
3.352823108434677124e-02,2.838167734444141388e-02,-1.240430306643247604e-02
3.352823108434677124e-02,2.838167734444141388e-02,-1.240430306643247604e-02
3.348799794912338257e-02,2.830553986132144928e-02,-1.235406287014484406e-02
3.348799794912338257e-02,2.830553986132144928e-02,-1.235406287014484406e-02
3.344705328345298767e-02,2.822897769510746002e-02,-1.230327598750591278e-02
3.344705328345298767e-02,2.822897769510746002e-02,-1.230327598750591278e-02
3.340540081262588501e-02,2.815198525786399841e-02,-1.225194614380598068e-02
3.340540081262588501e-02,2.815198525786399841e-02,-1.225194614380598068e-02
3.336305171251296997e-02,2.807458117604255676e-02,-1.220006868243217468e-02
3.336305171251296997e-02,2.807458117604255676e-02,-1.220006868243217468e-02
3.332000225782394409e-02,2.799674682319164276e-02,-1.214764639735221863e-02
3.332000225782394409e-02,2.799674682319164276e-02,-1.214764639735221863e-02
3.327625244855880737e-02,2.791850082576274872e-02,-1.209467649459838867e-02
3.327625244855880737e-02,2.791850082576274872e-02,-1.209467649459838867e-02
3.323181346058845520e-02,2.783984318375587463e-02,-1.204115897417068481e-02
3.323181346058845520e-02,2.783984318375587463e-02,-1.204115897417068481e-02
3.318669274449348450e-02,2.776077017188072205e-02,-1.198709663003683090e-02
3.318669274449348450e-02,2.776077017188072205e-02,-1.198709663003683090e-02
3.314087167382240295e-02,2.768129110336303711e-02,-1.193248294293880463e-02
3.314087167382240295e-02,2.768129110336303711e-02,-1.193248294293880463e-02
3.309437632560729980e-02,2.760140597820281982e-02,-1.187732163816690445e-02
3.309437632560729980e-02,2.760140597820281982e-02,-1.187732163816690445e-02
3.304719924926757812e-02,2.752112038433551788e-02,-1.182160992175340652e-02
3.304719924926757812e-02,2.752112038433551788e-02,-1.182160992175340652e-02
3.299935162067413330e-02,2.744043059647083282e-02,-1.176534779369831085e-02
3.299935162067413330e-02,2.744043059647083282e-02,-1.176534779369831085e-02
3.295082226395606995e-02,2.735934033989906311e-02,-1.170853618532419205e-02
3.295082226395606995e-02,2.735934033989906311e-02,-1.170853618532419205e-02
3.290161862969398499e-02,2.727785520255565643e-02,-1.165116950869560242e-02
3.290161862969398499e-02,2.727785520255565643e-02,-1.165116950869560242e-02
3.285174816846847534e-02,2.719598077237606049e-02,-1.159325148910284042e-02
3.285174816846847534e-02,2.719598077237606049e-02,-1.159325148910284042e-02
3.280121833086013794e-02,2.711371146142482758e-02,-1.153478212654590607e-02
3.280121833086013794e-02,2.711371146142482758e-02,-1.153478212654590607e-02
3.275003284215927124e-02,2.703105844557285309e-02,-1.147575955837965012e-02
3.275003284215927124e-02,2.703105844557285309e-02,-1.147575955837965012e-02
3.269818052649497986e-02,2.694802545011043549e-02,-1.141618192195892334e-02
3.269818052649497986e-02,2.694802545011043549e-02,-1.141618192195892334e-02
3.264566883444786072e-02,2.686460316181182861e-02,-1.135604828596115112e-02
3.264566883444786072e-02,2.686460316181182861e-02,-1.135604828596115112e-02
3.259251266717910767e-02,2.678080461919307709e-02,-1.129536237567663193e-02
3.259251266717910767e-02,2.678080461919307709e-02,-1.129536237567663193e-02
3.253870457410812378e-02,2.669663168489933014e-02,-1.123411767184734344e-02
3.253870457410812378e-02,2.669663168489933014e-02,-1.123411767184734344e-02
3.248425573110580444e-02,2.661208249628543854e-02,-1.117231976240873337e-02
3.248425573110580444e-02,2.661208249628543854e-02,-1.117231976240873337e-02
3.242915868759155273e-02,2.652716264128684998e-02,-1.110996399074792862e-02
3.242915868759155273e-02,2.652716264128684998e-02,-1.110996399074792862e-02
3.237342834472656250e-02,2.644187770783901215e-02,-1.104704849421977997e-02
3.237342834472656250e-02,2.644187770783901215e-02,-1.104704849421977997e-02
3.231705352663993835e-02,2.635622397065162659e-02,-1.098357699811458588e-02
3.231705352663993835e-02,2.635622397065162659e-02,-1.098357699811458588e-02
3.226005285978317261e-02,2.627020515501499176e-02,-1.091954391449689865e-02
3.226005285978317261e-02,2.627020515501499176e-02,-1.091954391449689865e-02
3.220241144299507141e-02,2.618383057415485382e-02,-1.085495110601186752e-02
3.220241144299507141e-02,2.618383057415485382e-02,-1.085495110601186752e-02
3.214415907859802246e-02,2.609709650278091431e-02,-1.078980043530464172e-02
3.214415907859802246e-02,2.609709650278091431e-02,-1.078980043530464172e-02
3.208526596426963806e-02,2.601000852882862091e-02,-1.072408724576234818e-02
3.208526596426963806e-02,2.601000852882862091e-02,-1.072408724576234818e-02
3.202576562762260437e-02,2.592256292700767517e-02,-1.065781433135271072e-02
3.202576562762260437e-02,2.592256292700767517e-02,-1.065781433135271072e-02
3.196563944220542908e-02,2.583477459847927094e-02,-1.059097796678543091e-02
3.196563944220542908e-02,2.583477459847927094e-02,-1.059097796678543091e-02
3.190489858388900757e-02,2.574663423001766205e-02,-1.052358001470565796e-02
3.190489858388900757e-02,2.574663423001766205e-02,-1.052358001470565796e-02
3.184355795383453369e-02,2.565815299749374390e-02,-1.045561861246824265e-02
3.184355795383453369e-02,2.565815299749374390e-02,-1.045561861246824265e-02
3.178159520030021667e-02,2.556933462619781494e-02,-1.038709376007318497e-02
3.178159520030021667e-02,2.556933462619781494e-02,-1.038709376007318497e-02
3.171903267502784729e-02,2.548016794025897980e-02,-1.031800359487533569e-02
3.171903267502784729e-02,2.548016794025897980e-02,-1.031800359487533569e-02
3.165586665272712708e-02,2.539067156612873077e-02,-1.024834811687469482e-02
3.165586665272712708e-02,2.539067156612873077e-02,-1.024834811687469482e-02
3.159210458397865295e-02,2.530084364116191864e-02,-1.017812639474868774e-02
3.159210458397865295e-02,2.530084364116191864e-02,-1.017812639474868774e-02
3.152774646878242493e-02,2.521068044006824493e-02,-1.010734215378761292e-02
3.152774646878242493e-02,2.521068044006824493e-02,-1.010734215378761292e-02
3.146279603242874146e-02,2.512018941342830658e-02,-1.003598701208829880e-02
3.146279603242874146e-02,2.512018941342830658e-02,-1.003598701208829880e-02
3.139726072549819946e-02,2.502937614917755127e-02,-9.964065626263618469e-03
3.139726072549819946e-02,2.502937614917755127e-02,-9.964065626263618469e-03
3.133112937211990356e-02,2.493823878467082977e-02,-9.891577064990997314e-03
3.133112937211990356e-02,2.493823878467082977e-02,-9.891577064990997314e-03
3.126442059874534607e-02,2.484677918255329132e-02,-9.818518534302711487e-03
3.126442059874534607e-02,2.484677918255329132e-02,-9.818518534302711487e-03
3.119712881743907928e-02,2.475500665605068207e-02,-9.744890965521335602e-03
3.119712881743907928e-02,2.475500665605068207e-02,-9.744890965521335602e-03
3.112926147878170013e-02,2.466291934251785278e-02,-9.670691564679145813e-03
3.112926147878170013e-02,2.466291934251785278e-02,-9.670691564679145813e-03
3.106082417070865631e-02,2.457051724195480347e-02,-9.595926851034164429e-03
3.106082417070865631e-02,2.457051724195480347e-02,-9.595926851034164429e-03
3.099181316792964935e-02,2.447780407965183258e-02,-9.520586580038070679e-03
3.099181316792964935e-02,2.447780407965183258e-02,-9.520586580038070679e-03
3.092223405838012695e-02,2.438479103147983551e-02,-9.444676339626312256e-03
3.092223405838012695e-02,2.438479103147983551e-02,-9.444676339626312256e-03
3.085209056735038757e-02,2.429147064685821533e-02,-9.368193335831165314e-03
3.085209056735038757e-02,2.429147064685821533e-02,-9.368193335831165314e-03
3.078138083219528198e-02,2.419784478843212128e-02,-9.291136637330055237e-03
3.078138083219528198e-02,2.419784478843212128e-02,-9.291136637330055237e-03
3.071012534201145172e-02,2.410392835736274719e-02,-9.213506244122982025e-03
3.071012534201145172e-02,2.410392835736274719e-02,-9.213506244122982025e-03
3.063830174505710602e-02,2.400971204042434692e-02,-9.135301224887371063e-03
3.063830174505710602e-02,2.400971204042434692e-02,-9.135301224887371063e-03
3.056593239307403564e-02,2.391520701348781586e-02,-9.056524373590946198e-03
3.056593239307403564e-02,2.391520701348781586e-02,-9.056524373590946198e-03
3.049301542341709137e-02,2.382040955126285553e-02,-8.977169170975685120e-03
3.049301542341709137e-02,2.382040955126285553e-02,-8.977169170975685120e-03
3.041955269873142242e-02,2.372532151639461517e-02,-8.897239342331886292e-03
3.041955269873142242e-02,2.372532151639461517e-02,-8.897239342331886292e-03
3.034554608166217804e-02,2.362995408475399017e-02,-8.816733956336975098e-03
3.034554608166217804e-02,2.362995408475399017e-02,-8.816733956336975098e-03
3.027099929749965668e-02,2.353429980576038361e-02,-8.735649287700653076e-03
3.027099929749965668e-02,2.353429980576038361e-02,-8.735649287700653076e-03
3.019591607153415680e-02,2.343836985528469086e-02,-8.653986267745494843e-03
3.019591607153415680e-02,2.343836985528469086e-02,-8.653986267745494843e-03
3.012030757963657379e-02,2.334215864539146423e-02,-8.571745827794075012e-03
3.012030757963657379e-02,2.334215864539146423e-02,-8.571745827794075012e-03
3.004415892064571381e-02,2.324567548930644989e-02,-8.488927036523818970e-03
3.004415892064571381e-02,2.324567548930644989e-02,-8.488927036523818970e-03
2.996748872101306915e-02,2.314892411231994629e-02,-8.405527099967002869e-03
2.996748872101306915e-02,2.314892411231994629e-02,-8.405527099967002869e-03
2.989029139280319214e-02,2.305189706385135651e-02,-8.321546949446201324e-03
2.989029139280319214e-02,2.305189706385135651e-02,-8.321546949446201324e-03
2.981257811188697815e-02,2.295461297035217285e-02,-8.236986584961414337e-03
2.981257811188697815e-02,2.295461297035217285e-02,-8.236986584961414337e-03
2.973434515297412872e-02,2.285705879330635071e-02,-8.151845075190067291e-03
2.973434515297412872e-02,2.285705879330635071e-02,-8.151845075190067291e-03
2.965559996664524078e-02,2.275924570858478546e-02,-8.066122420132160187e-03
2.965559996664524078e-02,2.275924570858478546e-02,-8.066122420132160187e-03
2.957633510231971741e-02,2.266117185354232788e-02,-7.979813031852245331e-03
2.957633510231971741e-02,2.266117185354232788e-02,-7.979813031852245331e-03
2.949656918644905090e-02,2.256284840404987335e-02,-7.892923429608345032e-03
2.949656918644905090e-02,2.256284840404987335e-02,-7.892923429608345032e-03
2.941630035638809204e-02,2.246427163481712341e-02,-7.805449422448873520e-03
2.941630035638809204e-02,2.246427163481712341e-02,-7.805449422448873520e-03
2.933552302420139313e-02,2.236544340848922729e-02,-7.717389613389968872e-03
2.933552302420139313e-02,2.236544340848922729e-02,-7.717389613389968872e-03
2.925425209105014801e-02,2.226636745035648346e-02,-7.628744468092918396e-03
2.925425209105014801e-02,2.226636745035648346e-02,-7.628744468092918396e-03
2.917248569428920746e-02,2.216704748570919037e-02,-7.539516314864158630e-03
2.917248569428920746e-02,2.216704748570919037e-02,-7.539516314864158630e-03
2.909022197127342224e-02,2.206748537719249725e-02,-7.449699565768241882e-03
2.909022197127342224e-02,2.206748537719249725e-02,-7.449699565768241882e-03
2.900747582316398621e-02,2.196768671274185181e-02,-7.359298411756753922e-03
2.900747582316398621e-02,2.196768671274185181e-02,-7.359298411756753922e-03
2.892423421144485474e-02,2.186764776706695557e-02,-7.268304936587810516e-03
2.892423421144485474e-02,2.186764776706695557e-02,-7.268304936587810516e-03
2.884052507579326630e-02,2.176737971603870392e-02,-7.176727522164583206e-03
2.884052507579326630e-02,2.176737971603870392e-02,-7.176727522164583206e-03
2.875632420182228088e-02,2.166687510907649994e-02,-7.084558252245187759e-03
2.875632420182228088e-02,2.166687510907649994e-02,-7.084558252245187759e-03
2.867165021598339081e-02,2.156614884734153748e-02,-6.991800852119922638e-03
2.867165021598339081e-02,2.156614884734153748e-02,-6.991800852119922638e-03
2.858650311827659607e-02,2.146518975496292114e-02,-6.898452993482351303e-03
2.858650311827659607e-02,2.146518975496292114e-02,-6.898452993482351303e-03
2.850087732076644897e-02,2.136401459574699402e-02,-6.804514676332473755e-03
2.850087732076644897e-02,2.136401459574699402e-02,-6.804514676332473755e-03
2.841478958725929260e-02,2.126261219382286072e-02,-6.709985435009002686e-03
2.841478958725929260e-02,2.126261219382286072e-02,-6.709985435009002686e-03
2.832824364304542542e-02,2.116099745035171509e-02,-6.614862009882926941e-03
2.832824364304542542e-02,2.116099745035171509e-02,-6.614862009882926941e-03
2.824123017489910126e-02,2.105916664004325867e-02,-6.519149523228406906e-03
2.824123017489910126e-02,2.105916664004325867e-02,-6.519149523228406906e-03
2.815375849604606628e-02,2.095712535083293915e-02,-6.422840990126132965e-03
2.815375849604606628e-02,2.095712535083293915e-02,-6.422840990126132965e-03
2.806583605706691742e-02,2.085487358272075653e-02,-6.325940601527690887e-03
2.806583605706691742e-02,2.085487358272075653e-02,-6.325940601527690887e-03
2.797745913267135620e-02,2.075241319835186005e-02,-6.228446960449218750e-03
2.797745913267135620e-02,2.075241319835186005e-02,-6.228446960449218750e-03
2.788863703608512878e-02,2.064975164830684662e-02,-6.130356341600418091e-03
2.788863703608512878e-02,2.064975164830684662e-02,-6.130356341600418091e-03
2.779936417937278748e-02,2.054688520729541779e-02,-6.031669210642576218e-03
2.779936417937278748e-02,2.054688520729541779e-02,-6.031669210642576218e-03
2.770964987576007843e-02,2.044382132589817047e-02,-5.932386033236980438e-03
2.770964987576007843e-02,2.044382132589817047e-02,-5.932386033236980438e-03
2.761949598789215088e-02,2.034056186676025391e-02,-5.832508206367492676e-03
2.761949598789215088e-02,2.034056186676025391e-02,-5.832508206367492676e-03
2.752890996634960175e-02,2.023711241781711578e-02,-5.732032470405101776e-03
2.752890996634960175e-02,2.023711241781711578e-02,-5.732032470405101776e-03
2.743788808584213257e-02,2.013346552848815918e-02,-5.630956497043371201e-03
2.743788808584213257e-02,2.013346552848815918e-02,-5.630956497043371201e-03
2.734643965959548950e-02,2.002963796257972717e-02,-5.529284477233886719e-03
2.734643965959548950e-02,2.002963796257972717e-02,-5.529284477233886719e-03
2.725455723702907562e-02,1.992562226951122284e-02,-5.427013617008924484e-03
2.725455723702907562e-02,1.992562226951122284e-02,-5.427013617008924484e-03
2.716225571930408478e-02,1.982141844928264618e-02,-5.324142053723335266e-03
2.716225571930408478e-02,1.982141844928264618e-02,-5.324142053723335266e-03
2.706953883171081543e-02,1.971704699099063873e-02,-5.220665596425533295e-03
2.706953883171081543e-02,1.971704699099063873e-02,-5.220665596425533295e-03
2.697639912366867065e-02,1.961248926818370819e-02,-5.116594024002552032e-03
2.697639912366867065e-02,1.961248926818370819e-02,-5.116594024002552032e-03
2.688284032046794891e-02,1.950776018202304840e-02,-5.011918488889932632e-03
2.688284032046794891e-02,1.950776018202304840e-02,-5.011918488889932632e-03
2.678887546062469482e-02,1.940285600721836090e-02,-4.906642250716686249e-03
2.678887546062469482e-02,1.940285600721836090e-02,-4.906642250716686249e-03
2.669450454413890839e-02,1.929778791964054108e-02,-4.800759721547365189e-03
2.669450454413890839e-02,1.929778791964054108e-02,-4.800759721547365189e-03
2.659973129630088806e-02,1.919254846870899200e-02,-4.694276954978704453e-03
2.659973129630088806e-02,1.919254846870899200e-02,-4.694276954978704453e-03
2.650455199182033539e-02,1.908715255558490753e-02,-4.587190225720405579e-03
2.650455199182033539e-02,1.908715255558490753e-02,-4.587190225720405579e-03
2.640897408127784729e-02,1.898158900439739227e-02,-4.479496739804744720e-03
2.640897408127784729e-02,1.898158900439739227e-02,-4.479496739804744720e-03
2.631300128996372223e-02,1.887586899101734161e-02,-4.371196962893009186e-03
2.631300128996372223e-02,1.887586899101734161e-02,-4.371196962893009186e-03
2.621663361787796021e-02,1.876999437808990479e-02,-4.262293223291635513e-03
2.621663361787796021e-02,1.876999437808990479e-02,-4.262293223291635513e-03
2.611988224089145660e-02,1.866396889090538025e-02,-4.152784124016761780e-03
2.611988224089145660e-02,1.866396889090538025e-02,-4.152784124016761780e-03
2.602274343371391296e-02,1.855779252946376801e-02,-4.042663145810365677e-03
2.602274343371391296e-02,1.855779252946376801e-02,-4.042663145810365677e-03
2.592521905899047852e-02,1.845146156847476959e-02,-3.931938204914331436e-03
2.592521905899047852e-02,1.845146156847476959e-02,-3.931938204914331436e-03
2.582731656730175018e-02,1.834499277174472809e-02,-3.820605110377073288e-03
2.582731656730175018e-02,1.834499277174472809e-02,-3.820605110377073288e-03
2.572903037071228027e-02,1.823838055133819580e-02,-3.708662232384085655e-03
2.572903037071228027e-02,1.823838055133819580e-02,-3.708662232384085655e-03
2.563038282096385956e-02,1.813162863254547119e-02,-3.596108872443437576e-03
2.563038282096385956e-02,1.813162863254547119e-02,-3.596108872443437576e-03
2.553135901689529419e-02,1.802473887801170349e-02,-3.482946427538990974e-03
2.553135901689529419e-02,1.802473887801170349e-02,-3.482946427538990974e-03
2.543197013437747955e-02,1.791771873831748962e-02,-3.369173733517527580e-03
2.543197013437747955e-02,1.791771873831748962e-02,-3.369173733517527580e-03
2.533221617341041565e-02,1.781056262552738190e-02,-3.254786366596817970e-03
2.533221617341041565e-02,1.781056262552738190e-02,-3.254786366596817970e-03
2.523210085928440094e-02,1.770328171551227570e-02,-3.139789914712309837e-03
2.523210085928440094e-02,1.770328171551227570e-02,-3.139789914712309837e-03
2.513162791728973389e-02,1.759587414562702179e-02,-3.024178789928555489e-03
2.513162791728973389e-02,1.759587414562702179e-02,-3.024178789928555489e-03
2.503079548478126526e-02,1.748833991587162018e-02,-2.907954622060060501e-03
2.503079548478126526e-02,1.748833991587162018e-02,-2.907954622060060501e-03
2.492961660027503967e-02,1.738068833947181702e-02,-2.791117411106824875e-03
2.492961660027503967e-02,1.738068833947181702e-02,-2.791117411106824875e-03
2.482808753848075867e-02,1.727291755378246307e-02,-2.673667157068848610e-03
2.482808753848075867e-02,1.727291755378246307e-02,-2.673667157068848610e-03
2.472621574997901917e-02,1.716503687202930450e-02,-2.555599436163902283e-03
2.472621574997901917e-02,1.716503687202930450e-02,-2.555599436163902283e-03
2.462400123476982117e-02,1.705703325569629669e-02,-2.436917508020997047e-03
2.462400123476982117e-02,1.705703325569629669e-02,-2.436917508020997047e-03
2.452144399285316467e-02,1.694893091917037964e-02,-2.317618113011121750e-03
2.452144399285316467e-02,1.694893091917037964e-02,-2.317618113011121750e-03
2.441855333745479584e-02,1.684071309864521027e-02,-2.197701716795563698e-03
2.441855333745479584e-02,1.684071309864521027e-02,-2.197701716795563698e-03
2.431532740592956543e-02,1.673239469528198242e-02,-2.077168319374322891e-03
2.431532740592956543e-02,1.673239469528198242e-02,-2.077168319374322891e-03
2.421177737414836884e-02,1.662397570908069611e-02,-1.956017455086112022e-03
2.421177737414836884e-02,1.662397570908069611e-02,-1.956017455086112022e-03
2.410789951682090759e-02,1.651545427739620209e-02,-1.834246912039816380e-03
2.410789951682090759e-02,1.651545427739620209e-02,-1.834246912039816380e-03
2.400369383394718170e-02,1.640684157609939575e-02,-1.711857737973332405e-03
2.400369383394718170e-02,1.640684157609939575e-02,-1.711857737973332405e-03
2.389916963875293732e-02,1.629812829196453094e-02,-1.588847488164901733e-03
2.389916963875293732e-02,1.629812829196453094e-02,-1.588847488164901733e-03
2.379433065652847290e-02,1.618932746350765228e-02,-1.465218607336282730e-03
2.379433065652847290e-02,1.618932746350765228e-02,-1.465218607336282730e-03
2.368917502462863922e-02,1.608044095337390900e-02,-1.340965856797993183e-03
2.368917502462863922e-02,1.608044095337390900e-02,-1.340965856797993183e-03
2.358371019363403320e-02,1.597146689891815186e-02,-1.216093311086297035e-03
2.358371019363403320e-02,1.597146689891815186e-02,-1.216093311086297035e-03
2.347793243825435638e-02,1.586240902543067932e-02,-1.090596895664930344e-03
2.347793243825435638e-02,1.586240902543067932e-02,-1.090596895664930344e-03
2.337185665965080261e-02,1.575327292084693909e-02,-9.644779493100941181e-04
2.337185665965080261e-02,1.575327292084693909e-02,-9.644779493100941181e-04
2.326547540724277496e-02,1.564405485987663269e-02,-8.377350750379264355e-04
2.326547540724277496e-02,1.564405485987663269e-02,-8.377350750379264355e-04
2.315879613161087036e-02,1.553477067500352859e-02,-7.103669922798871994e-04
2.315879613161087036e-02,1.553477067500352859e-02,-7.103669922798871994e-04
2.305182442069053650e-02,1.542540919035673141e-02,-5.823763785883784294e-04
2.305182442069053650e-02,1.542540919035673141e-02,-5.823763785883784294e-04
2.294455841183662415e-02,1.531597971916198730e-02,-4.537591885309666395e-04
2.294455841183662415e-02,1.531597971916198730e-02,-4.537591885309666395e-04
2.283700555562973022e-02,1.520647853612899780e-02,-3.245154512114822865e-04
2.283700555562973022e-02,1.520647853612899780e-02,-3.245154512114822865e-04
2.272916398942470551e-02,1.509691867977380753e-02,-1.946464763022959232e-04
2.272916398942470551e-02,1.509691867977380753e-02,-1.946464763022959232e-04
2.262104116380214691e-02,1.498729642480611801e-02,-6.414826202671974897e-05
2.262104116380214691e-02,1.498729642480611801e-02,-6.414826202671974897e-05
2.251263707876205444e-02,1.487761735916137695e-02,6.697651406284421682e-05
2.251263707876205444e-02,1.487761735916137695e-02,6.697651406284421682e-05
2.240395918488502502e-02,1.476787868887186050e-02,1.987305440707132220e-04
2.240395918488502502e-02,1.476787868887186050e-02,1.987305440707132220e-04
2.229500375688076019e-02,1.465808507055044174e-02,3.311138134449720383e-04
2.229500375688076019e-02,1.465808507055044174e-02,3.311138134449720383e-04
2.218578197062015533e-02,1.454824674874544144e-02,4.641263221856206656e-04
2.218578197062015533e-02,1.454824674874544144e-02,4.641263221856206656e-04
2.207629196345806122e-02,1.443835906684398651e-02,5.977694527246057987e-04
2.207629196345806122e-02,1.443835906684398651e-02,5.977694527246057987e-04
2.196653932332992554e-02,1.432842761278152466e-02,7.320431177504360676e-04
2.196653932332992554e-02,1.432842761278152466e-02,7.320431177504360676e-04
2.185652405023574829e-02,1.421844586730003357e-02,8.669500821270048618e-04
2.185652405023574829e-02,1.421844586730003357e-02,8.669500821270048618e-04
2.174624800682067871e-02,1.410843245685100555e-02,1.002487610094249249e-03
2.174624800682067871e-02,1.410843245685100555e-02,1.002487610094249249e-03
2.163572236895561218e-02,1.399838179349899292e-02,1.138658495619893074e-03
2.163572236895561218e-02,1.399838179349899292e-02,1.138658495619893074e-03
2.152494341135025024e-02,1.388829387724399567e-02,1.275462564080953598e-03
2.152494341135025024e-02,1.388829387724399567e-02,1.275462564080953598e-03
2.141391485929489136e-02,1.377817522734403610e-02,1.412901212461292744e-03
2.141391485929489136e-02,1.377817522734403610e-02,1.412901212461292744e-03
2.130264230072498322e-02,1.366802863776683807e-02,1.550974557176232338e-03
2.130264230072498322e-02,1.366802863776683807e-02,1.550974557176232338e-03
2.119113132357597351e-02,1.355785224586725235e-02,1.689682481810450554e-03
2.119113132357597351e-02,1.355785224586725235e-02,1.689682481810450554e-03
2.107937447726726532e-02,1.344765163958072662e-02,1.829029060900211334e-03
2.107937447726726532e-02,1.344765163958072662e-02,1.829029060900211334e-03
2.096738666296005249e-02,1.333743892610073090e-02,1.969007542356848717e-03
2.096738666296005249e-02,1.333743892610073090e-02,1.969007542356848717e-03
2.085516601800918579e-02,1.322720199823379517e-02,2.109624678269028664e-03
2.085516601800918579e-02,1.322720199823379517e-02,2.109624678269028664e-03
2.074271254241466522e-02,1.311694923788309097e-02,2.250881865620613098e-03
2.074271254241466522e-02,1.311694923788309097e-02,2.250881865620613098e-03
2.063003554940223694e-02,1.300668343901634216e-02,2.392776310443878174e-03
2.063003554940223694e-02,1.300668343901634216e-02,2.392776310443878174e-03
2.051713317632675171e-02,1.289640739560127258e-02,2.535305218771100044e-03
2.051713317632675171e-02,1.289640739560127258e-02,2.535305218771100044e-03
2.040401287376880646e-02,1.278612576425075531e-02,2.678480930626392365e-03
2.040401287376880646e-02,1.278612576425075531e-02,2.678480930626392365e-03
2.029067277908325195e-02,1.267583854496479034e-02,2.822291338816285133e-03
2.029067277908325195e-02,1.267583854496479034e-02,2.822291338816285133e-03
2.017712406814098358e-02,1.256554853171110153e-02,2.966745756566524506e-03
2.017712406814098358e-02,1.256554853171110153e-02,2.966745756566524506e-03
2.006335929036140442e-02,1.245526224374771118e-02,3.111841389909386635e-03
2.006335929036140442e-02,1.245526224374771118e-02,3.111841389909386635e-03
1.994938775897026062e-02,1.234497688710689545e-02,3.257577074691653252e-03
1.994938775897026062e-02,1.234497688710689545e-02,3.257577074691653252e-03
1.983521319925785065e-02,1.223469711840152740e-02,3.403955372050404549e-03
1.983521319925785065e-02,1.223469711840152740e-02,3.403955372050404549e-03
1.972083561122417450e-02,1.212442666292190552e-02,3.550976281985640526e-03
1.972083561122417450e-02,1.212442666292190552e-02,3.550976281985640526e-03
1.960626058280467987e-02,1.201416645199060440e-02,3.698643995448946953e-03
1.960626058280467987e-02,1.201416645199060440e-02,3.698643995448946953e-03
1.949148811399936676e-02,1.190392207354307175e-02,3.846954321488738060e-03
1.949148811399936676e-02,1.190392207354307175e-02,3.846954321488738060e-03
1.937652565538883209e-02,1.179369725286960602e-02,3.995909821242094040e-03
1.937652565538883209e-02,1.179369725286960602e-02,3.995909821242094040e-03
1.926137320697307587e-02,1.168348453938961029e-02,4.145510960370302200e-03
1.926137320697307587e-02,1.168348453938961029e-02,4.145510960370302200e-03
1.914603821933269501e-02,1.157330069690942764e-02,4.295758437365293503e-03
1.914603821933269501e-02,1.157330069690942764e-02,4.295758437365293503e-03
1.903051882982254028e-02,1.146313920617103577e-02,4.446654114872217178e-03
1.903051882982254028e-02,1.146313920617103577e-02,4.446654114872217178e-03
1.891481690108776093e-02,1.135300379246473312e-02,4.598195198923349380e-03
1.891481690108776093e-02,1.135300379246473312e-02,4.598195198923349380e-03
1.879894733428955078e-02,1.124290190637111664e-02,4.750384483486413956e-03
1.879894733428955078e-02,1.124290190637111664e-02,4.750384483486413956e-03
1.868289522826671600e-02,1.113283354789018631e-02,4.903224296867847443e-03
1.868289522826671600e-02,1.113283354789018631e-02,4.903224296867847443e-03
1.856667734682559967e-02,1.102279964834451675e-02,5.056709516793489456e-03
1.856667734682559967e-02,1.102279964834451675e-02,5.056709516793489456e-03
1.845029182732105255e-02,1.091280393302440643e-02,5.210849456489086151e-03
1.845029182732105255e-02,1.091280393302440643e-02,5.210849456489086151e-03
1.833374425768852234e-02,1.080284919589757919e-02,5.365638528019189835e-03
1.833374425768852234e-02,1.080284919589757919e-02,5.365638528019189835e-03
1.821702904999256134e-02,1.069293450564146042e-02,5.521077197045087814e-03
1.821702904999256134e-02,1.069293450564146042e-02,5.521077197045087814e-03
1.810016110539436340e-02,1.058306824415922165e-02,5.677169188857078552e-03
1.810016110539436340e-02,1.058306824415922165e-02,5.677169188857078552e-03
1.798313856124877930e-02,1.047325134277343750e-02,5.833910778164863586e-03
1.798313856124877930e-02,1.047325134277343750e-02,5.833910778164863586e-03
1.786596700549125671e-02,1.036349125206470490e-02,5.991309415549039841e-03
1.786596700549125671e-02,1.036349125206470490e-02,5.991309415549039841e-03
1.774864271283149719e-02,1.025377959012985229e-02,6.149359047412872314e-03
1.774864271283149719e-02,1.025377959012985229e-02,6.149359047412872314e-03
1.763118058443069458e-02,1.014413125813007355e-02,6.308062002062797546e-03
1.763118058443069458e-02,1.014413125813007355e-02,6.308062002062797546e-03
1.751356944441795349e-02,1.003453880548477173e-02,6.467421073466539383e-03
1.751356944441795349e-02,1.003453880548477173e-02,6.467421073466539383e-03
1.739581674337387085e-02,9.925005026161670685e-03,6.627436261624097824e-03
1.739581674337387085e-02,9.925005026161670685e-03,6.627436261624097824e-03
1.727793738245964050e-02,9.815541096031665802e-03,6.788107566535472870e-03
1.727793738245964050e-02,9.815541096031665802e-03,6.788107566535472870e-03
1.715992204844951630e-02,9.706148877739906311e-03,6.949435919523239136e-03
1.715992204844951630e-02,9.706148877739906311e-03,6.949435919523239136e-03
1.704177260398864746e-02,9.596820920705795288e-03,7.111420854926109314e-03
1.704177260398864746e-02,9.596820920705795288e-03,7.111420854926109314e-03
1.692350581288337708e-02,9.487566538155078888e-03,7.274061441421508789e-03
1.692350581288337708e-02,9.487566538155078888e-03,7.274061441421508789e-03
1.680510863661766052e-02,9.378387592732906342e-03,7.437363732606172562e-03
1.680510863661766052e-02,9.378387592732906342e-03,7.437363732606172562e-03
1.668659225106239319e-02,9.269296191632747650e-03,7.601324468851089478e-03
1.668659225106239319e-02,9.269296191632747650e-03,7.601324468851089478e-03
1.656796410679817200e-02,9.160283021628856659e-03,7.765943184494972229e-03
1.656796410679817200e-02,9.160283021628856659e-03,7.765943184494972229e-03
1.644921116530895233e-02,9.051346220076084137e-03,7.931223139166831970e-03
1.644921116530895233e-02,9.051346220076084137e-03,7.931223139166831970e-03
1.633035577833652496e-02,8.942503482103347778e-03,8.097162470221519470e-03
1.633035577833652496e-02,8.942503482103347778e-03,8.097162470221519470e-03
1.621139422059059143e-02,8.833750151097774506e-03,8.263765834271907806e-03
1.621139422059059143e-02,8.833750151097774506e-03,8.263765834271907806e-03
1.609232649207115173e-02,8.725083433091640472e-03,8.431031368672847748e-03
1.609232649207115173e-02,8.725083433091640472e-03,8.431031368672847748e-03
1.597315445542335510e-02,8.616515435278415680e-03,8.598958142101764679e-03
1.597315445542335510e-02,8.616515435278415680e-03,8.598958142101764679e-03
1.585388742387294769e-02,8.508045226335525513e-03,8.767548017203807831e-03
1.585388742387294769e-02,8.508045226335525513e-03,8.767548017203807831e-03
1.573452353477478027e-02,8.399671874940395355e-03,8.936801925301551819e-03
1.573452353477478027e-02,8.399671874940395355e-03,8.936801925301551819e-03
1.561507023870944977e-02,8.291409350931644440e-03,9.106720797717571259e-03
1.561507023870944977e-02,8.291409350931644440e-03,9.106720797717571259e-03
1.549552381038665771e-02,8.183247409760951996e-03,9.277305565774440765e-03
1.549552381038665771e-02,8.183247409760951996e-03,9.277305565774440765e-03
1.537589635699987411e-02,8.075194433331489563e-03,9.448556229472160339e-03
1.537589635699987411e-02,8.075194433331489563e-03,9.448556229472160339e-03
1.525618229061365128e-02,7.967253215610980988e-03,9.620474651455879211e-03
1.525618229061365128e-02,7.967253215610980988e-03,9.620474651455879211e-03
1.513639464974403381e-02,7.859422825276851654e-03,9.793057106435298920e-03
1.513639464974403381e-02,7.859422825276851654e-03,9.793057106435298920e-03
1.501652691513299942e-02,7.751712109893560410e-03,9.966309182345867157e-03
1.501652691513299942e-02,7.751712109893560410e-03,9.966309182345867157e-03
1.489658840000629425e-02,7.644122932106256485e-03,1.014022715389728546e-02
1.489658840000629425e-02,7.644122932106256485e-03,1.014022715389728546e-02
1.477657724171876907e-02,7.536652497947216034e-03,1.031481567770242691e-02
1.477657724171876907e-02,7.536652497947216034e-03,1.031481567770242691e-02
1.465649995952844620e-02,7.429304067045450211e-03,1.049007289111614227e-02
1.465649995952844620e-02,7.429304067045450211e-03,1.049007289111614227e-02
1.453635934740304947e-02,7.322086952626705170e-03,1.066600065678358078e-02
1.453635934740304947e-02,7.322086952626705170e-03,1.066600065678358078e-02
1.441615540534257889e-02,7.214996963739395142e-03,1.084259897470474243e-02
1.441615540534257889e-02,7.214996963739395142e-03,1.084259897470474243e-02
1.429589558392763138e-02,7.108043879270553589e-03,1.101986784487962723e-02
1.429589558392763138e-02,7.108043879270553589e-03,1.101986784487962723e-02
1.417558174580335617e-02,7.001223508268594742e-03,1.119781099259853363e-02
1.417558174580335617e-02,7.001223508268594742e-03,1.119781099259853363e-02
1.405522134155035019e-02,6.894540041685104370e-03,1.137642562389373779e-02
1.405522134155035019e-02,6.894540041685104370e-03,1.137642562389373779e-02
1.393480598926544189e-02,6.787996273487806320e-03,1.155571360141038895e-02
1.393480598926544189e-02,6.787996273487806320e-03,1.155571360141038895e-02
1.381434593349695206e-02,6.681599654257297516e-03,1.173567585647106171e-02
1.381434593349695206e-02,6.681599654257297516e-03,1.173567585647106171e-02
1.369385328143835068e-02,6.575348321348428726e-03,1.191630586981773376e-02
1.369385328143835068e-02,6.575348321348428726e-03,1.191630586981773376e-02
1.357330847531557083e-02,6.469243206083774567e-03,1.209762133657932281e-02
1.357330847531557083e-02,6.469243206083774567e-03,1.209762133657932281e-02
1.345273479819297791e-02,6.363290827721357346e-03,1.227960642427206039e-02
1.345273479819297791e-02,6.363290827721357346e-03,1.227960642427206039e-02
1.333212759345769882e-02,6.257494445890188217e-03,1.246226765215396881e-02
1.333212759345769882e-02,6.257494445890188217e-03,1.246226765215396881e-02
1.321149338036775589e-02,6.151853129267692566e-03,1.264560595154762268e-02
1.321149338036775589e-02,6.151853129267692566e-03,1.264560595154762268e-02
1.309083402156829834e-02,6.046373397111892700e-03,1.282962132245302200e-02
1.309083402156829834e-02,6.046373397111892700e-03,1.282962132245302200e-02
1.297014672309160233e-02,5.941052921116352081e-03,1.301431655883789062e-02
1.297014672309160233e-02,5.941052921116352081e-03,1.301431655883789062e-02
1.284944172948598862e-02,5.835896357893943787e-03,1.319969072937965393e-02
1.284944172948598862e-02,5.835896357893943787e-03,1.319969072937965393e-02
1.272871997207403183e-02,5.730910226702690125e-03,1.338574197143316269e-02
1.272871997207403183e-02,5.730910226702690125e-03,1.338574197143316269e-02
1.260798517614603043e-02,5.626096855849027634e-03,1.357247121632099152e-02
1.260798517614603043e-02,5.626096855849027634e-03,1.357247121632099152e-02
1.248724386096000671e-02,5.521455779671669006e-03,1.375988498330116272e-02
1.248724386096000671e-02,5.521455779671669006e-03,1.375988498330116272e-02
1.236648764461278915e-02,5.416985601186752319e-03,1.394798047840595245e-02
1.236648764461278915e-02,5.416985601186752319e-03,1.394798047840595245e-02
1.224573235958814621e-02,5.312695633620023727e-03,1.413675583899021149e-02
1.224573235958814621e-02,5.312695633620023727e-03,1.413675583899021149e-02
1.212497241795063019e-02,5.208590533584356308e-03,1.432621199637651443e-02
1.212497241795063019e-02,5.208590533584356308e-03,1.432621199637651443e-02
1.200421527028083801e-02,5.104667507112026215e-03,1.451634895056486130e-02
1.200421527028083801e-02,5.104667507112026215e-03,1.451634895056486130e-02
1.188346091657876968e-02,5.000928416848182678e-03,1.470717508345842361e-02
1.188346091657876968e-02,5.000928416848182678e-03,1.470717508345842361e-02
1.176272146403789520e-02,4.897380713373422623e-03,1.489868666976690292e-02
1.176272146403789520e-02,4.897380713373422623e-03,1.489868666976690292e-02
1.164198759943246841e-02,4.794023465365171432e-03,1.509087439626455307e-02
1.164198759943246841e-02,4.794023465365171432e-03,1.509087439626455307e-02
1.152126863598823547e-02,4.690866451710462570e-03,1.528375409543514252e-02
1.152126863598823547e-02,4.690866451710462570e-03,1.528375409543514252e-02
1.140057295560836792e-02,4.587900824844837189e-03,1.547731924802064896e-02
1.140057295560836792e-02,4.587900824844837189e-03,1.547731924802064896e-02
1.127989310771226883e-02,4.485138226300477982e-03,1.567156985402107239e-02
1.127989310771226883e-02,4.485138226300477982e-03,1.567156985402107239e-02
1.115923747420310974e-02,4.382573068141937256e-03,1.586650684475898743e-02
1.115923747420310974e-02,4.382573068141937256e-03,1.586650684475898743e-02
1.103860884904861450e-02,4.280218854546546936e-03,1.606213115155696869e-02
1.103860884904861450e-02,4.280218854546546936e-03,1.606213115155696869e-02
1.091801188886165619e-02,4.178070928901433945e-03,1.625844649970531464e-02
1.091801188886165619e-02,4.178070928901433945e-03,1.625844649970531464e-02
1.079744845628738403e-02,4.076134879142045975e-03,1.645544916391372681e-02
1.079744845628738403e-02,4.076134879142045975e-03,1.645544916391372681e-02
1.067691948264837265e-02,3.974409308284521103e-03,1.665314100682735443e-02
1.067691948264837265e-02,3.974409308284521103e-03,1.665314100682735443e-02
1.055642869323492050e-02,3.872899571433663368e-03,1.685152389109134674e-02
1.055642869323492050e-02,3.872899571433663368e-03,1.685152389109134674e-02
1.043598353862762451e-02,3.771614748984575272e-03,1.705059595406055450e-02
1.043598353862762451e-02,3.771614748984575272e-03,1.705059595406055450e-02
1.031558308750391006e-02,3.670547390356659889e-03,1.725035905838012695e-02
1.031558308750391006e-02,3.670547390356659889e-03,1.725035905838012695e-02
1.019523013383150101e-02,3.569701453670859337e-03,1.745082065463066101e-02
1.019523013383150101e-02,3.569701453670859337e-03,1.745082065463066101e-02
1.007493119686841965e-02,3.469086019322276115e-03,1.765196584165096283e-02
1.007493119686841965e-02,3.469086019322276115e-03,1.765196584165096283e-02
9.954690933227539062e-03,3.368702717125415802e-03,1.785381324589252472e-02
9.954690933227539062e-03,3.368702717125415802e-03,1.785381324589252472e-02
9.834502823650836945e-03,3.268545959144830704e-03,1.805634796619415283e-02
9.834502823650836945e-03,3.268545959144830704e-03,1.805634796619415283e-02
9.714377112686634064e-03,3.168623894453048706e-03,1.825958117842674255e-02
9.714377112686634064e-03,3.168623894453048706e-03,1.825958117842674255e-02
9.594318456947803497e-03,3.068944904953241348e-03,1.846350729465484619e-02
9.594318456947803497e-03,3.068944904953241348e-03,1.846350729465484619e-02
9.474321268498897552e-03,2.969503169879317284e-03,1.866812817752361298e-02
9.474321268498897552e-03,2.969503169879317284e-03,1.866812817752361298e-02
9.354402311146259308e-03,2.870304975658655167e-03,1.887344755232334137e-02
9.354402311146259308e-03,2.870304975658655167e-03,1.887344755232334137e-02
9.234555065631866455e-03,2.771355910226702690e-03,1.907946169376373291e-02
9.234555065631866455e-03,2.771355910226702690e-03,1.907946169376373291e-02
9.114786982536315918e-03,2.672650385648012161e-03,1.928617432713508606e-02
9.114786982536315918e-03,2.672650385648012161e-03,1.928617432713508606e-02
8.995098061859607697e-03,2.574197482317686081e-03,1.949358917772769928e-02
8.995098061859607697e-03,2.574197482317686081e-03,1.949358917772769928e-02
8.875491097569465637e-03,2.475996036082506180e-03,1.970169693231582642e-02
8.875491097569465637e-03,2.475996036082506180e-03,1.970169693231582642e-02
8.755971677601337433e-03,2.378060715273022652e-03,1.991050504148006439e-02
8.755971677601337433e-03,2.378060715273022652e-03,1.991050504148006439e-02
8.636536076664924622e-03,2.280375221744179726e-03,2.012001536786556244e-02
8.636536076664924622e-03,2.280375221744179726e-03,2.012001536786556244e-02
8.517202921211719513e-03,2.182956086471676826e-03,2.033022418618202209e-02
8.517202921211719513e-03,2.182956086471676826e-03,2.033022418618202209e-02
8.397959172725677490e-03,2.085798187181353569e-03,2.054113708436489105e-02
8.397959172725677490e-03,2.085798187181353569e-03,2.054113708436489105e-02
8.278816938400268555e-03,1.988911768421530724e-03,2.075275033712387085e-02
8.278816938400268555e-03,1.988911768421530724e-03,2.075275033712387085e-02
8.159773424267768860e-03,1.892289146780967712e-03,2.096506394445896149e-02
8.159773424267768860e-03,1.892289146780967712e-03,2.096506394445896149e-02
8.040837012231349945e-03,1.795944641344249249e-03,2.117808163166046143e-02
8.040837012231349945e-03,1.795944641344249249e-03,2.117808163166046143e-02
7.922009564936161041e-03,1.699873246252536774e-03,2.139180526137351990e-02
7.922009564936161041e-03,1.699873246252536774e-03,2.139180526137351990e-02
7.803292479366064072e-03,1.604081480763852596e-03,2.160623110830783844e-02
7.803292479366064072e-03,1.604081480763852596e-03,2.160623110830783844e-02
7.684690412133932114e-03,1.508565852418541908e-03,2.182136103510856628e-02
7.684690412133932114e-03,1.508565852418541908e-03,2.182136103510856628e-02
7.566208485513925552e-03,1.413339632563292980e-03,2.203720062971115112e-02
7.566208485513925552e-03,1.413339632563292980e-03,2.203720062971115112e-02
7.447848096489906311e-03,1.318399910815060139e-03,2.225374244153499603e-02
7.447848096489906311e-03,1.318399910815060139e-03,2.225374244153499603e-02
7.329608313739299774e-03,1.223744242452085018e-03,2.247099205851554871e-02
7.329608313739299774e-03,1.223744242452085018e-03,2.247099205851554871e-02
7.211497053503990173e-03,1.129384152591228485e-03,2.268894948065280914e-02
7.211497053503990173e-03,1.129384152591228485e-03,2.268894948065280914e-02
7.093513384461402893e-03,1.035313471220433712e-03,2.290761284530162811e-02
7.093513384461402893e-03,1.035313471220433712e-03,2.290761284530162811e-02
6.975668482482433319e-03,9.415469830855727196e-04,2.312698587775230408e-02
6.975668482482433319e-03,9.415469830855727196e-04,2.312698587775230408e-02
6.857954896986484528e-03,8.480784017592668533e-04,2.334706671535968781e-02
6.857954896986484528e-03,8.480784017592668533e-04,2.334706671535968781e-02
6.740381475538015366e-03,7.549062720499932766e-04,2.356786094605922699e-02
6.740381475538015366e-03,7.549062720499932766e-04,2.356786094605922699e-02
6.622951477766036987e-03,6.620404310524463654e-04,2.378936111927032471e-02
6.622951477766036987e-03,6.620404310524463654e-04,2.378936111927032471e-02
6.505669560283422470e-03,5.694875726476311684e-04,2.401157468557357788e-02
6.505669560283422470e-03,5.694875726476311684e-04,2.401157468557357788e-02
6.388538517057895660e-03,4.772415559273213148e-04,2.423449978232383728e-02
6.388538517057895660e-03,4.772415559273213148e-04,2.423449978232383728e-02
6.271555088460445404e-03,3.853084926959127188e-04,2.445813827216625214e-02
6.271555088460445404e-03,3.853084926959127188e-04,2.445813827216625214e-02
6.154729053378105164e-03,2.936934179160743952e-04,2.468248829245567322e-02
6.154729053378105164e-03,2.936934179160743952e-04,2.468248829245567322e-02
6.038060411810874939e-03,2.023946581175550818e-04,2.490755170583724976e-02
6.038060411810874939e-03,2.023946581175550818e-04,2.490755170583724976e-02
5.921551957726478577e-03,1.114172191591933370e-04,2.513332851231098175e-02
5.921551957726478577e-03,1.114172191591933370e-04,2.513332851231098175e-02
5.805211141705513000e-03,2.076714736176654696e-05,2.535982243716716766e-02
5.805211141705513000e-03,2.076714736176654696e-05,2.535982243716716766e-02
5.689037032425403595e-03,-6.956192373763769865e-05,2.558702789247035980e-02
5.689037032425403595e-03,-6.956192373763769865e-05,2.558702789247035980e-02
5.573030561208724976e-03,-1.595575886312872171e-04,2.581495232880115509e-02
5.573030561208724976e-03,-1.595575886312872171e-04,2.581495232880115509e-02
5.457207094877958298e-03,-2.492202038411051035e-04,2.604359202086925507e-02
5.457207094877958298e-03,-2.492202038411051035e-04,2.604359202086925507e-02
5.341553594917058945e-03,-3.385530726518481970e-04,2.627294883131980896e-02
5.341553594917058945e-03,-3.385530726518481970e-04,2.627294883131980896e-02
5.226078443229198456e-03,-4.275465034879744053e-04,2.650302648544311523e-02
5.226078443229198456e-03,-4.275465034879744053e-04,2.650302648544311523e-02
5.110792350023984909e-03,-5.161988083273172379e-04,2.673381567001342773e-02
5.110792350023984909e-03,-5.161988083273172379e-04,2.673381567001342773e-02
4.995692521333694458e-03,-6.045066402293741703e-04,2.696532383561134338e-02
4.995692521333694458e-03,-6.045066402293741703e-04,2.696532383561134338e-02
4.880776163190603256e-03,-6.924723857082426548e-04,2.719755843281745911e-02
4.880776163190603256e-03,-6.924723857082426548e-04,2.719755843281745911e-02
4.766062833368778229e-03,-7.800878956913948059e-04,2.743051014840602875e-02
4.766062833368778229e-03,-7.800878956913948059e-04,2.743051014840602875e-02
4.651536233723163605e-03,-8.673559641465544701e-04,2.766418270766735077e-02
4.651536233723163605e-03,-8.673559641465544701e-04,2.766418270766735077e-02
4.537213128060102463e-03,-9.542677435092628002e-04,2.789857983589172363e-02
4.537213128060102463e-03,-9.542677435092628002e-04,2.789857983589172363e-02
4.423092585057020187e-03,-1.040823408402502537e-03,2.813369221985340118e-02
4.423092585057020187e-03,-1.040823408402502537e-03,2.813369221985340118e-02
4.309177864342927933e-03,-1.127017429098486900e-03,2.836952917277812958e-02
4.309177864342927933e-03,-1.127017429098486900e-03,2.836952917277812958e-02
4.195468965917825699e-03,-1.212854520417749882e-03,2.860609441995620728e-02
4.195468965917825699e-03,-1.212854520417749882e-03,2.860609441995620728e-02
4.081971477717161179e-03,-1.298328046686947346e-03,2.884337492287158966e-02
4.081971477717161179e-03,-1.298328046686947346e-03,2.884337492287158966e-02
3.968691453337669373e-03,-1.383429975248873234e-03,2.908138744533061981e-02
3.968691453337669373e-03,-1.383429975248873234e-03,2.908138744533061981e-02
3.855627495795488358e-03,-1.468161586672067642e-03,2.932012081146240234e-02
3.855627495795488358e-03,-1.468161586672067642e-03,2.932012081146240234e-02
3.742781002074480057e-03,-1.552525558508932590e-03,2.955958247184753418e-02
3.742781002074480057e-03,-1.552525558508932590e-03,2.955958247184753418e-02
3.630167804658412933e-03,-1.636513159610331059e-03,2.979976497590541840e-02
3.630167804658412933e-03,-1.636513159610331059e-03,2.979976497590541840e-02
3.517774399369955063e-03,-1.720121828839182854e-03,3.004067949950695038e-02
3.517774399369955063e-03,-1.720121828839182854e-03,3.004067949950695038e-02
3.405612194910645485e-03,-1.803353428840637207e-03,3.028232045471668243e-02
3.405612194910645485e-03,-1.803353428840637207e-03,3.028232045471668243e-02
3.293686313554644585e-03,-1.886197249405086040e-03,3.052469156682491302e-02
3.293686313554644585e-03,-1.886197249405086040e-03,3.052469156682491302e-02
3.181999083608388901e-03,-1.968652708455920219e-03,3.076778724789619446e-02
3.181999083608388901e-03,-1.968652708455920219e-03,3.076778724789619446e-02
3.070545848459005356e-03,-2.050726441666483879e-03,3.101161308586597443e-02
3.070545848459005356e-03,-2.050726441666483879e-03,3.101161308586597443e-02
2.959337318316102028e-03,-2.132409019395709038e-03,3.125617280602455139e-02
2.959337318316102028e-03,-2.132409019395709038e-03,3.125617280602455139e-02
2.848378615453839302e-03,-2.213690662756562233e-03,3.150145709514617920e-02
2.848378615453839302e-03,-2.213690662756562233e-03,3.150145709514617920e-02
2.737665083259344101e-03,-2.294582314789295197e-03,3.174747899174690247e-02
2.737665083259344101e-03,-2.294582314789295197e-03,3.174747899174690247e-02
2.627206733450293541e-03,-2.375072799623012543e-03,3.199422731995582581e-02
2.627206733450293541e-03,-2.375072799623012543e-03,3.199422731995582581e-02
2.516999142244458199e-03,-2.455160254612565041e-03,3.224170953035354614e-02
2.516999142244458199e-03,-2.455160254612565041e-03,3.224170953035354614e-02
2.407052787020802498e-03,-2.534843049943447113e-03,3.248992189764976501e-02
2.407052787020802498e-03,-2.534843049943447113e-03,3.248992189764976501e-02
2.297367667779326439e-03,-2.614120021462440491e-03,3.273887187242507935e-02
2.297367667779326439e-03,-2.614120021462440491e-03,3.273887187242507935e-02
2.187949838116765022e-03,-2.692983252927660942e-03,3.298855945467948914e-02
2.187949838116765022e-03,-2.692983252927660942e-03,3.298855945467948914e-02
2.078795339912176132e-03,-2.771438332274556160e-03,3.323896974325180054e-02
2.078795339912176132e-03,-2.771438332274556160e-03,3.323896974325180054e-02
1.969913952052593231e-03,-2.849476411938667297e-03,3.349012881517410278e-02
1.969913952052593231e-03,-2.849476411938667297e-03,3.349012881517410278e-02
1.861307537183165550e-03,-2.927097724750638008e-03,3.374201804399490356e-02
1.861307537183165550e-03,-2.927097724750638008e-03,3.374201804399490356e-02
1.752979122102260590e-03,-3.004295751452445984e-03,3.399464488029479980e-02
1.752979122102260590e-03,-3.004295751452445984e-03,3.399464488029479980e-02
1.644931500777602196e-03,-3.081069327890872955e-03,3.424800559878349304e-02
1.644931500777602196e-03,-3.081069327890872955e-03,3.424800559878349304e-02
1.537164673209190369e-03,-3.157416824251413345e-03,3.450210765004158020e-02
1.537164673209190369e-03,-3.157416824251413345e-03,3.450210765004158020e-02
1.429684343747794628e-03,-3.233335446566343307e-03,3.475695103406906128e-02
1.429684343747794628e-03,-3.233335446566343307e-03,3.475695103406906128e-02
1.322498428635299206e-03,-3.308826358988881111e-03,3.501252457499504089e-02
1.322498428635299206e-03,-3.308826358988881111e-03,3.501252457499504089e-02
1.215601339936256409e-03,-3.383881179615855217e-03,3.526884317398071289e-02
1.215601339936256409e-03,-3.383881179615855217e-03,3.526884317398071289e-02
1.109004719182848930e-03,-3.458496415987610817e-03,3.552589938044548035e-02
1.109004719182848930e-03,-3.458496415987610817e-03,3.552589938044548035e-02
1.002702629193663597e-03,-3.532671136781573296e-03,3.578370064496994019e-02
1.002702629193663597e-03,-3.532671136781573296e-03,3.578370064496994019e-02
8.967034518718719482e-04,-3.606409067288041115e-03,3.604224324226379395e-02
8.967034518718719482e-04,-3.606409067288041115e-03,3.604224324226379395e-02
7.910158601589500904e-04,-3.679696703329682350e-03,3.630152717232704163e-02
7.910158601589500904e-04,-3.679696703329682350e-03,3.630152717232704163e-02
6.856257678009569645e-04,-3.752540331333875656e-03,3.656155243515968323e-02
6.856257678009569645e-04,-3.752540331333875656e-03,3.656155243515968323e-02
5.805523833259940147e-04,-3.824932035058736801e-03,3.682232648134231567e-02
5.805523833259940147e-04,-3.824932035058736801e-03,3.682232648134231567e-02
4.757979186251759529e-04,-3.896869253367185593e-03,3.708383440971374512e-02
4.757979186251759529e-04,-3.896869253367185593e-03,3.708383440971374512e-02
3.713580663315951824e-04,-3.968352451920509338e-03,3.734608739614486694e-02
3.713580663315951824e-04,-3.968352451920509338e-03,3.734608739614486694e-02
2.672405971679836512e-04,-4.039376974105834961e-03,3.760908916592597961e-02
2.672405971679836512e-04,-4.039376974105834961e-03,3.760908916592597961e-02
1.634484506212174892e-04,-4.109936300665140152e-03,3.787284344434738159e-02
1.634484506212174892e-04,-4.109936300665140152e-03,3.787284344434738159e-02
5.997598054818809032e-05,-4.180038347840309143e-03,3.813733905553817749e-02
5.997598054818809032e-05,-4.180038347840309143e-03,3.813733905553817749e-02
-4.315537444199435413e-05,-4.249667283147573471e-03,3.840257599949836731e-02
-4.315537444199435413e-05,-4.249667283147573471e-03,3.840257599949836731e-02
-1.459553313907235861e-04,-4.318825900554656982e-03,3.866856917738914490e-02
-1.459553313907235861e-04,-4.318825900554656982e-03,3.866856917738914490e-02
-2.484245633240789175e-04,-4.387521184980869293e-03,3.893531113862991333e-02
-2.484245633240789175e-04,-4.387521184980869293e-03,3.893531113862991333e-02
-3.505496715661138296e-04,-4.455735441297292709e-03,3.920279070734977722e-02
-3.505496715661138296e-04,-4.455735441297292709e-03,3.920279070734977722e-02
-4.523303068708628416e-04,-4.523475188761949539e-03,3.947103023529052734e-02
-4.523303068708628416e-04,-4.523475188761949539e-03,3.947103023529052734e-02
-5.537657998502254486e-04,-4.590731114149093628e-03,3.974001854658126831e-02
-5.537657998502254486e-04,-4.590731114149093628e-03,3.974001854658126831e-02
-6.548514356836676598e-04,-4.657507408410310745e-03,4.000975191593170166e-02
-6.548514356836676598e-04,-4.657507408410310745e-03,4.000975191593170166e-02
-7.555868360213935375e-04,-4.723798483610153198e-03,4.028024151921272278e-02
-7.555868360213935375e-04,-4.723798483610153198e-03,4.028024151921272278e-02
-8.559667621739208698e-04,-4.789598286151885986e-03,4.055147990584373474e-02
-8.559667621739208698e-04,-4.789598286151885986e-03,4.055147990584373474e-02
-9.559881291352212429e-04,-4.854907747358083725e-03,4.082347452640533447e-02
-9.559881291352212429e-04,-4.854907747358083725e-03,4.082347452640533447e-02
-1.055645523592829704e-03,-4.919725004583597183e-03,4.109622165560722351e-02
-1.055645523592829704e-03,-4.919725004583597183e-03,4.109622165560722351e-02
-1.154941390268504620e-03,-4.984049592167139053e-03,4.136971756815910339e-02
-1.154941390268504620e-03,-4.984049592167139053e-03,4.136971756815910339e-02
-1.253865193575620651e-03,-5.047866608947515488e-03,4.164397343993186951e-02
-1.253865193575620651e-03,-5.047866608947515488e-03,4.164397343993186951e-02
-1.352419494651257992e-03,-5.111189559102058411e-03,4.191898182034492493e-02
-1.352419494651257992e-03,-5.111189559102058411e-03,4.191898182034492493e-02
-1.450598705559968948e-03,-5.174005404114723206e-03,4.219474270939826965e-02
-1.450598705559968948e-03,-5.174005404114723206e-03,4.219474270939826965e-02
-1.548402593471109867e-03,-5.236313212662935257e-03,4.247126355767250061e-02
-1.548402593471109867e-03,-5.236313212662935257e-03,4.247126355767250061e-02
-1.645825803279876709e-03,-5.298112519085407257e-03,4.274854436516761780e-02
-1.645825803279876709e-03,-5.298112519085407257e-03,4.274854436516761780e-02
-1.742863212712109089e-03,-5.359400529414415359e-03,4.302657768130302429e-02
-1.742863212712109089e-03,-5.359400529414415359e-03,4.302657768130302429e-02
-1.839516684412956238e-03,-5.420173052698373795e-03,4.330537095665931702e-02
-1.839516684412956238e-03,-5.420173052698373795e-03,4.330537095665931702e-02
-1.935778651386499405e-03,-5.480424035340547562e-03,4.358492046594619751e-02
-1.935778651386499405e-03,-5.480424035340547562e-03,4.358492046594619751e-02
-2.031646203249692917e-03,-5.540156736969947815e-03,4.386522993445396423e-02
-2.031646203249692917e-03,-5.540156736969947815e-03,4.386522993445396423e-02
-2.127116546034812927e-03,-5.599368829280138016e-03,4.414630308747291565e-02
-2.127116546034812927e-03,-5.599368829280138016e-03,4.414630308747291565e-02
-2.222188981249928474e-03,-5.658051930367946625e-03,4.442813247442245483e-02
-2.222188981249928474e-03,-5.658051930367946625e-03,4.442813247442245483e-02
-2.316859085112810135e-03,-5.716208834201097488e-03,4.471072182059288025e-02
-2.316859085112810135e-03,-5.716208834201097488e-03,4.471072182059288025e-02
-2.411123597994446754e-03,-5.773830227553844452e-03,4.499407485127449036e-02
-2.411123597994446754e-03,-5.773830227553844452e-03,4.499407485127449036e-02
-2.504976699128746986e-03,-5.830918904393911362e-03,4.527819529175758362e-02
-2.504976699128746986e-03,-5.830918904393911362e-03,4.527819529175758362e-02
-2.598421415314078331e-03,-5.887473933398723602e-03,4.556307196617126465e-02
-2.598421415314078331e-03,-5.887473933398723602e-03,4.556307196617126465e-02
-2.691451925784349442e-03,-5.943488795310258865e-03,4.584871977567672729e-02
-2.691451925784349442e-03,-5.943488795310258865e-03,4.584871977567672729e-02
-2.784063573926687241e-03,-5.998958367854356766e-03,4.613512009382247925e-02
-2.784063573926687241e-03,-5.998958367854356766e-03,4.613512009382247925e-02
-2.876252634450793266e-03,-6.053887307643890381e-03,4.642229154706001282e-02
-2.876252634450793266e-03,-6.053887307643890381e-03,4.642229154706001282e-02
-2.968016546219587326e-03,-6.108267698436975479e-03,4.671022668480873108e-02
-2.968016546219587326e-03,-6.108267698436975479e-03,4.671022668480873108e-02
-3.059355542063713074e-03,-6.162095814943313599e-03,4.699892923235893250e-02
-3.059355542063713074e-03,-6.162095814943313599e-03,4.699892923235893250e-02
-3.150264034047722816e-03,-6.215372122824192047e-03,4.728839173913002014e-02
-3.150264034047722816e-03,-6.215372122824192047e-03,4.728839173913002014e-02
-3.240735968574881554e-03,-6.268094759434461594e-03,4.757863655686378479e-02
-3.240735968574881554e-03,-6.268094759434461594e-03,4.757863655686378479e-02
-3.330772276967763901e-03,-6.320256739854812622e-03,4.786963388323783875e-02
-3.330772276967763901e-03,-6.320256739854812622e-03,4.786963388323783875e-02
-3.420369466766715050e-03,-6.371860392391681671e-03,4.816140606999397278e-02
-3.420369466766715050e-03,-6.371860392391681671e-03,4.816140606999397278e-02
-3.509524744004011154e-03,-6.422898266464471817e-03,4.845394566655158997e-02
-3.509524744004011154e-03,-6.422898266464471817e-03,4.845394566655158997e-02
-3.598230192437767982e-03,-6.473369896411895752e-03,4.874725639820098877e-02
-3.598230192437767982e-03,-6.473369896411895752e-03,4.874725639820098877e-02
-3.686485346406698227e-03,-6.523272953927516937e-03,4.904134199023246765e-02
-3.686485346406698227e-03,-6.523272953927516937e-03,4.904134199023246765e-02
-3.774290904402732849e-03,-6.572604645043611526e-03,4.933618754148483276e-02
-3.774290904402732849e-03,-6.572604645043611526e-03,4.933618754148483276e-02
-3.861640579998493195e-03,-6.621359847486019135e-03,4.963181540369987488e-02
-3.861640579998493195e-03,-6.621359847486019135e-03,4.963181540369987488e-02
-3.948529716581106186e-03,-6.669539958238601685e-03,4.992820695042610168e-02
-3.948529716581106186e-03,-6.669539958238601685e-03,4.992820695042610168e-02
-4.034956917166709900e-03,-6.717141252011060715e-03,5.022537708282470703e-02
-4.034956917166709900e-03,-6.717141252011060715e-03,5.022537708282470703e-02
-4.120923113077878952e-03,-6.764160003513097763e-03,5.052331462502479553e-02
-4.120923113077878952e-03,-6.764160003513097763e-03,5.052331462502479553e-02
-4.206417128443717957e-03,-6.810590624809265137e-03,5.082203820347785950e-02
-4.206417128443717957e-03,-6.810590624809265137e-03,5.082203820347785950e-02
-4.291442222893238068e-03,-6.856436375528573990e-03,5.112152546644210815e-02
-4.291442222893238068e-03,-6.856436375528573990e-03,5.112152546644210815e-02
-4.375992342829704285e-03,-6.901689805090427399e-03,5.142178386449813843e-02
-4.375992342829704285e-03,-6.901689805090427399e-03,5.142178386449813843e-02
-4.460064228624105453e-03,-6.946349982172250748e-03,5.172282457351684570e-02
-4.460064228624105453e-03,-6.946349982172250748e-03,5.172282457351684570e-02
-4.543655086308717728e-03,-6.990416906774044037e-03,5.202464759349822998e-02
-4.543655086308717728e-03,-6.990416906774044037e-03,5.202464759349822998e-02
-4.626757930964231491e-03,-7.033880334347486496e-03,5.232723429799079895e-02
-4.626757930964231491e-03,-7.033880334347486496e-03,5.232723429799079895e-02
-4.709383007138967514e-03,-7.076746318489313126e-03,5.263060703873634338e-02
-4.709383007138967514e-03,-7.076746318489313126e-03,5.263060703873634338e-02
-4.791510757058858871e-03,-7.119007408618927002e-03,5.293475463986396790e-02
-4.791510757058858871e-03,-7.119007408618927002e-03,5.293475463986396790e-02
-4.873146302998065948e-03,-7.160658016800880432e-03,5.323968455195426941e-02
-4.873146302998065948e-03,-7.160658016800880432e-03,5.323968455195426941e-02
-4.954288247972726822e-03,-7.201705593615770340e-03,5.354538932442665100e-02
-4.954288247972726822e-03,-7.201705593615770340e-03,5.354538932442665100e-02
-5.034929141402244568e-03,-7.242138497531414032e-03,5.385187640786170959e-02
-5.034929141402244568e-03,-7.242138497531414032e-03,5.385187640786170959e-02
-5.115067120641469955e-03,-7.281957194209098816e-03,5.415914207696914673e-02
-5.115067120641469955e-03,-7.281957194209098816e-03,5.415914207696914673e-02
-5.194701720029115677e-03,-7.321157027035951614e-03,5.446719005703926086e-02
-5.194701720029115677e-03,-7.321157027035951614e-03,5.446719005703926086e-02
-5.273822229355573654e-03,-7.359734270721673965e-03,5.477602779865264893e-02
-5.273822229355573654e-03,-7.359734270721673965e-03,5.477602779865264893e-02
-5.352433305233716965e-03,-7.397694978863000870e-03,5.508564040064811707e-02
-5.352433305233716965e-03,-7.397694978863000870e-03,5.508564040064811707e-02
-5.430530756711959839e-03,-7.435025647282600403e-03,5.539603531360626221e-02
-5.430530756711959839e-03,-7.435025647282600403e-03,5.539603531360626221e-02
-5.508109927177429199e-03,-7.471727207303047180e-03,5.570721253752708435e-02
-5.508109927177429199e-03,-7.471727207303047180e-03,5.570721253752708435e-02
-5.585168953984975815e-03,-7.507803849875926971e-03,5.601917207241058350e-02
-5.585168953984975815e-03,-7.507803849875926971e-03,5.601917207241058350e-02
-5.661701317876577377e-03,-7.543241605162620544e-03,5.633192509412765503e-02
-5.661701317876577377e-03,-7.543241605162620544e-03,5.633192509412765503e-02
-5.737707018852233887e-03,-7.578044664114713669e-03,5.664545670151710510e-02
-5.737707018852233887e-03,-7.578044664114713669e-03,5.664545670151710510e-02
-5.813177675008773804e-03,-7.612207904458045959e-03,5.695978179574012756e-02
-5.813177675008773804e-03,-7.612207904458045959e-03,5.695978179574012756e-02
-5.888117011636495590e-03,-7.645728066563606262e-03,5.727489292621612549e-02
-5.888117011636495590e-03,-7.645728066563606262e-03,5.727489292621612549e-02
-5.962522700428962708e-03,-7.678603753447532654e-03,5.759077519178390503e-02
-5.962522700428962708e-03,-7.678603753447532654e-03,5.759077519178390503e-02
-6.036385428160429001e-03,-7.710836827754974365e-03,5.790746584534645081e-02
-6.036385428160429001e-03,-7.710836827754974365e-03,5.790746584534645081e-02
-6.109703797847032547e-03,-7.742418907582759857e-03,5.822493880987167358e-02
-6.109703797847032547e-03,-7.742418907582759857e-03,5.822493880987167358e-02
-6.182476878166198730e-03,-7.773341611027717590e-03,5.854319408535957336e-02
-6.182476878166198730e-03,-7.773341611027717590e-03,5.854319408535957336e-02
-6.254701409488916397e-03,-7.803616113960742950e-03,5.886223912239074707e-02
-6.254701409488916397e-03,-7.803616113960742950e-03,5.886223912239074707e-02
-6.326371803879737854e-03,-7.833229377865791321e-03,5.918208137154579163e-02
-6.326371803879737854e-03,-7.833229377865791321e-03,5.918208137154579163e-02
-6.397489458322525024e-03,-7.862185128033161163e-03,5.950270965695381165e-02
-6.397489458322525024e-03,-7.862185128033161163e-03,5.950270965695381165e-02
-6.468042265623807907e-03,-7.890475913882255554e-03,5.982413887977600098e-02
-6.468042265623807907e-03,-7.890475913882255554e-03,5.982413887977600098e-02
-6.538037676364183426e-03,-7.918102666735649109e-03,6.014635041356086731e-02
-6.538037676364183426e-03,-7.918102666735649109e-03,6.014635041356086731e-02
-6.607468239963054657e-03,-7.945058867335319519e-03,6.046935543417930603e-02
-6.607468239963054657e-03,-7.945058867335319519e-03,6.046935543417930603e-02
-6.676325574517250061e-03,-7.971341721713542938e-03,6.079316139221191406e-02
-6.676325574517250061e-03,-7.971341721713542938e-03,6.079316139221191406e-02
-6.744615733623504639e-03,-7.996952161192893982e-03,6.111775711178779602e-02
-6.744615733623504639e-03,-7.996952161192893982e-03,6.111775711178779602e-02
-6.812329869717359543e-03,-8.021887391805648804e-03,6.144314259290695190e-02
-6.812329869717359543e-03,-8.021887391805648804e-03,6.144314259290695190e-02
-6.879470311105251312e-03,-8.046144619584083557e-03,6.176932901144027710e-02
-6.879470311105251312e-03,-8.046144619584083557e-03,6.176932901144027710e-02
-6.946025416254997253e-03,-8.069714531302452087e-03,6.209630891680717468e-02
-6.946025416254997253e-03,-8.069714531302452087e-03,6.209630891680717468e-02
-7.011995185166597366e-03,-8.092602714896202087e-03,6.242408603429794312e-02
-7.011995185166597366e-03,-8.092602714896202087e-03,6.242408603429794312e-02
-7.077381014823913574e-03,-8.114803582429885864e-03,6.275266408920288086e-02
-7.077381014823913574e-03,-8.114803582429885864e-03,6.275266408920288086e-02
-7.142173126339912415e-03,-8.136310614645481110e-03,6.308203190565109253e-02
-7.142173126339912415e-03,-8.136310614645481110e-03,6.308203190565109253e-02
-7.206375245004892349e-03,-8.157130330801010132e-03,6.341220438480377197e-02
-7.206375245004892349e-03,-8.157130330801010132e-03,6.341220438480377197e-02
-7.269982248544692993e-03,-8.177252486348152161e-03,6.374317407608032227e-02
-7.269982248544692993e-03,-8.177252486348152161e-03,6.374317407608032227e-02
-7.332987152040004730e-03,-8.196674287319183350e-03,6.407494097948074341e-02
-7.332987152040004730e-03,-8.196674287319183350e-03,6.407494097948074341e-02
-7.395389489829540253e-03,-8.215397596359252930e-03,6.440751254558563232e-02
-7.395389489829540253e-03,-8.215397596359252930e-03,6.440751254558563232e-02
-7.457186467945575714e-03,-8.233415894210338593e-03,6.474088132381439209e-02
-7.457186467945575714e-03,-8.233415894210338593e-03,6.474088132381439209e-02
-7.518371567130088806e-03,-8.250726386904716492e-03,6.507505476474761963e-02
-7.518371567130088806e-03,-8.250726386904716492e-03,6.507505476474761963e-02
-7.578947581350803375e-03,-8.267330005764961243e-03,6.541002541780471802e-02
-7.578947581350803375e-03,-8.267330005764961243e-03,6.541002541780471802e-02
-7.638910319656133652e-03,-8.283220231533050537e-03,6.574579328298568726e-02
-7.638910319656133652e-03,-8.283220231533050537e-03,6.574579328298568726e-02
-7.698249537497758865e-03,-8.298397064208984375e-03,6.608238071203231812e-02
-7.698249537497758865e-03,-8.298397064208984375e-03,6.608238071203231812e-02
-7.756969891488552094e-03,-8.312855847179889679e-03,6.641976535320281982e-02
-7.756969891488552094e-03,-8.312855847179889679e-03,6.641976535320281982e-02
-7.815067656338214874e-03,-8.326599374413490295e-03,6.675794720649719238e-02
-7.815067656338214874e-03,-8.326599374413490295e-03,6.675794720649719238e-02
-7.872533053159713745e-03,-8.339613676071166992e-03,6.709694117307662964e-02
-7.872533053159713745e-03,-8.339613676071166992e-03,6.709694117307662964e-02
-7.929369807243347168e-03,-8.351905271410942078e-03,6.743673235177993774e-02
-7.929369807243347168e-03,-8.351905271410942078e-03,6.743673235177993774e-02
-7.985573261976242065e-03,-8.363471366465091705e-03,6.777733564376831055e-02
-7.985573261976242065e-03,-8.363471366465091705e-03,6.777733564376831055e-02
-8.041139692068099976e-03,-8.374302648007869720e-03,6.811875104904174805e-02
-8.041139692068099976e-03,-8.374302648007869720e-03,6.811875104904174805e-02
-8.096065372228622437e-03,-8.384403772652149200e-03,6.846097111701965332e-02
-8.096065372228622437e-03,-8.384403772652149200e-03,6.846097111701965332e-02
-8.150346577167510986e-03,-8.393769152462482452e-03,6.880399584770202637e-02
-8.150346577167510986e-03,-8.393769152462482452e-03,6.880399584770202637e-02
-8.203981444239616394e-03,-8.402393199503421783e-03,6.914783269166946411e-02
-8.203981444239616394e-03,-8.402393199503421783e-03,6.914783269166946411e-02
-8.256967179477214813e-03,-8.410276845097541809e-03,6.949247419834136963e-02
-8.256967179477214813e-03,-8.410276845097541809e-03,6.949247419834136963e-02
-8.309300988912582397e-03,-8.417418226599693298e-03,6.983792036771774292e-02
-8.309300988912582397e-03,-8.417418226599693298e-03,6.983792036771774292e-02
-8.360980078577995300e-03,-8.423811756074428558e-03,7.018419355154037476e-02
-8.360980078577995300e-03,-8.423811756074428558e-03,7.018419355154037476e-02
-8.411995135247707367e-03,-8.429455570876598358e-03,7.053126394748687744e-02
-8.411995135247707367e-03,-8.429455570876598358e-03,7.053126394748687744e-02
-8.462350815534591675e-03,-8.434347808361053467e-03,7.087914645671844482e-02
-8.462350815534591675e-03,-8.434347808361053467e-03,7.087914645671844482e-02
-8.512041531503200531e-03,-8.438481017947196960e-03,7.122785598039627075e-02
-8.512041531503200531e-03,-8.438481017947196960e-03,7.122785598039627075e-02
-8.561063557863235474e-03,-8.441862650215625763e-03,7.157736271619796753e-02
-8.561063557863235474e-03,-8.441862650215625763e-03,7.157736271619796753e-02
-8.609413169324398041e-03,-8.444482460618019104e-03,7.192768901586532593e-02
-8.609413169324398041e-03,-8.444482460618019104e-03,7.192768901586532593e-02
-8.657092228531837463e-03,-8.446338586509227753e-03,7.227883487939834595e-02
-8.657092228531837463e-03,-8.446338586509227753e-03,7.227883487939834595e-02
-8.704088628292083740e-03,-8.447429165244102478e-03,7.263078540563583374e-02
-8.704088628292083740e-03,-8.447429165244102478e-03,7.263078540563583374e-02
-8.750404231250286102e-03,-8.447746746242046356e-03,7.298355549573898315e-02
-8.750404231250286102e-03,-8.447746746242046356e-03,7.298355549573898315e-02
-8.796034380793571472e-03,-8.447298780083656311e-03,7.333714514970779419e-02
-8.796034380793571472e-03,-8.447298780083656311e-03,7.333714514970779419e-02
-8.840983733534812927e-03,-8.446076884865760803e-03,7.369154691696166992e-02
-8.840983733534812927e-03,-8.446076884865760803e-03,7.369154691696166992e-02
-8.885235525667667389e-03,-8.444077335298061371e-03,7.404676824808120728e-02
-8.885235525667667389e-03,-8.444077335298061371e-03,7.404676824808120728e-02
-8.928799070417881012e-03,-8.441299200057983398e-03,7.440280169248580933e-02
-8.928799070417881012e-03,-8.441299200057983398e-03,7.440280169248580933e-02
-8.971662260591983795e-03,-8.437740616500377655e-03,7.475966215133666992e-02
-8.971662260591983795e-03,-8.437740616500377655e-03,7.475966215133666992e-02
-9.013827890157699585e-03,-8.433397859334945679e-03,7.511734217405319214e-02
-9.013827890157699585e-03,-8.433397859334945679e-03,7.511734217405319214e-02
-9.055291302502155304e-03,-8.428263477981090546e-03,7.547582685947418213e-02
-9.055291302502155304e-03,-8.428263477981090546e-03,7.547582685947418213e-02
-9.096049703657627106e-03,-8.422344923019409180e-03,7.583513855934143066e-02
-9.096049703657627106e-03,-8.422344923019409180e-03,7.583513855934143066e-02
-9.136095643043518066e-03,-8.415628224611282349e-03,7.619528472423553467e-02
-9.136095643043518066e-03,-8.415628224611282349e-03,7.619528472423553467e-02
-9.175430983304977417e-03,-8.408120833337306976e-03,7.655624300241470337e-02
-9.175430983304977417e-03,-8.408120833337306976e-03,7.655624300241470337e-02
-9.214047342538833618e-03,-8.399811573326587677e-03,7.691802084445953369e-02
-9.214047342538833618e-03,-8.399811573326587677e-03,7.691802084445953369e-02
-9.251952171325683594e-03,-8.390703238546848297e-03,7.728061825037002563e-02
-9.251952171325683594e-03,-8.390703238546848297e-03,7.728061825037002563e-02
-9.289130568504333496e-03,-8.380793035030364990e-03,7.764404267072677612e-02
-9.289130568504333496e-03,-8.380793035030364990e-03,7.764404267072677612e-02
-9.325584396719932556e-03,-8.370074443519115448e-03,7.800830155611038208e-02
-9.325584396719932556e-03,-8.370074443519115448e-03,7.800830155611038208e-02
-9.361309930682182312e-03,-8.358548395335674286e-03,7.837337255477905273e-02
-9.361309930682182312e-03,-8.358548395335674286e-03,7.837337255477905273e-02
-9.396309033036231995e-03,-8.346210233867168427e-03,7.873927056789398193e-02
-9.396309033036231995e-03,-8.346210233867168427e-03,7.873927056789398193e-02
-9.430569596588611603e-03,-8.333060890436172485e-03,7.910599559545516968e-02
-9.430569596588611603e-03,-8.333060890436172485e-03,7.910599559545516968e-02
-9.464094415307044983e-03,-8.319091051816940308e-03,7.947354763746261597e-02
-9.464094415307044983e-03,-8.319091051816940308e-03,7.947354763746261597e-02
-9.496876038610935211e-03,-8.304304443299770355e-03,7.984193414449691772e-02
-9.496876038610935211e-03,-8.304304443299770355e-03,7.984193414449691772e-02
-9.528916329145431519e-03,-8.288690820336341858e-03,8.021112531423568726e-02
-9.528916329145431519e-03,-8.288690820336341858e-03,8.021112531423568726e-02
-9.560209698975086212e-03,-8.272261358797550201e-03,8.058116585016250610e-02
-9.560209698975086212e-03,-8.272261358797550201e-03,8.058116585016250610e-02
-9.590754285454750061e-03,-8.254993706941604614e-03,8.095203340053558350e-02
-9.590754285454750061e-03,-8.254993706941604614e-03,8.095203340053558350e-02
-9.620546363294124603e-03,-8.236900903284549713e-03,8.132372796535491943e-02
-9.620546363294124603e-03,-8.236900903284549713e-03,8.132372796535491943e-02
-9.649576619267463684e-03,-8.217974565923213959e-03,8.169624954462051392e-02
-9.649576619267463684e-03,-8.217974565923213959e-03,8.169624954462051392e-02
-9.677854366600513458e-03,-8.198212832212448120e-03,8.206960558891296387e-02
-9.677854366600513458e-03,-8.198212832212448120e-03,8.206960558891296387e-02
-9.705367498099803925e-03,-8.177614770829677582e-03,8.244378864765167236e-02
-9.705367498099803925e-03,-8.177614770829677582e-03,8.244378864765167236e-02
-9.732116013765335083e-03,-8.156173862516880035e-03,8.281880617141723633e-02
-9.732116013765335083e-03,-8.156173862516880035e-03,8.281880617141723633e-02
-9.758094325661659241e-03,-8.133887313306331635e-03,8.319465070962905884e-02
-9.758094325661659241e-03,-8.133887313306331635e-03,8.319465070962905884e-02
-9.783303365111351013e-03,-8.110756985843181610e-03,8.357133716344833374e-02
-9.783303365111351013e-03,-8.110756985843181610e-03,8.357133716344833374e-02
-9.807733818888664246e-03,-8.086777292191982269e-03,8.394885063171386719e-02
-9.807733818888664246e-03,-8.086777292191982269e-03,8.394885063171386719e-02
-9.831389412283897400e-03,-8.061946369707584381e-03,8.432719856500625610e-02
-9.831389412283897400e-03,-8.061946369707584381e-03,8.432719856500625610e-02
-9.854263626039028168e-03,-8.036260493099689484e-03,8.470638841390609741e-02
-9.854263626039028168e-03,-8.036260493099689484e-03,8.470638841390609741e-02
-9.876353666186332703e-03,-8.009715005755424500e-03,8.508641272783279419e-02
-9.876353666186332703e-03,-8.009715005755424500e-03,8.508641272783279419e-02
-9.897654876112937927e-03,-7.982308976352214813e-03,8.546726405620574951e-02
-9.897654876112937927e-03,-7.982308976352214813e-03,8.546726405620574951e-02
-9.918165393173694611e-03,-7.954045198857784271e-03,8.584896475076675415e-02
-9.918165393173694611e-03,-7.954045198857784271e-03,8.584896475076675415e-02
-9.937884286046028137e-03,-7.924913428723812103e-03,8.623149245977401733e-02
-9.937884286046028137e-03,-7.924913428723812103e-03,8.623149245977401733e-02
-9.956805966794490814e-03,-7.894912734627723694e-03,8.661485463380813599e-02
-9.956805966794490814e-03,-7.894912734627723694e-03,8.661485463380813599e-02
-9.974926710128784180e-03,-7.864042185246944427e-03,8.699906617403030396e-02
-9.974926710128784180e-03,-7.864042185246944427e-03,8.699906617403030396e-02
-9.992244653403759003e-03,-7.832298055291175842e-03,8.738411217927932739e-02
-9.992244653403759003e-03,-7.832298055291175842e-03,8.738411217927932739e-02
-1.000875514000654221e-02,-7.799679413437843323e-03,8.777000010013580322e-02
-1.000875514000654221e-02,-7.799679413437843323e-03,8.777000010013580322e-02
-1.002445816993713379e-02,-7.766179274767637253e-03,8.815672993659973145e-02
-1.002445816993713379e-02,-7.766179274767637253e-03,8.815672993659973145e-02
-1.003935001790523529e-02,-7.731801364570856094e-03,8.854428678750991821e-02
-1.003935001790523529e-02,-7.731801364570856094e-03,8.854428678750991821e-02
-1.005342416465282440e-02,-7.696535438299179077e-03,8.893270045518875122e-02
-1.005342416465282440e-02,-7.696535438299179077e-03,8.893270045518875122e-02
-1.006668154150247574e-02,-7.660382427275180817e-03,8.932196348905563354e-02
-1.006668154150247574e-02,-7.660382427275180817e-03,8.932196348905563354e-02
-1.007911656051874161e-02,-7.623344194144010544e-03,8.971205353736877441e-02
-1.007911656051874161e-02,-7.623344194144010544e-03,8.971205353736877441e-02
-1.009072549641132355e-02,-7.585410960018634796e-03,9.010297805070877075e-02
-1.009072549641132355e-02,-7.585410960018634796e-03,9.010297805070877075e-02
-1.010150741785764694e-02,-7.546584121882915497e-03,9.049477428197860718e-02
-1.010150741785764694e-02,-7.546584121882915497e-03,9.049477428197860718e-02
-1.011145766824483871e-02,-7.506859954446554184e-03,9.088739007711410522e-02
-1.011145766824483871e-02,-7.506859954446554184e-03,9.088739007711410522e-02
-1.012057438492774963e-02,-7.466233801096677780e-03,9.128086268901824951e-02
-1.012057438492774963e-02,-7.466233801096677780e-03,9.128086268901824951e-02
-1.012885384261608124e-02,-7.424704730510711670e-03,9.167519211769104004e-02
-1.012885384261608124e-02,-7.424704730510711670e-03,9.167519211769104004e-02
-1.013628952205181122e-02,-7.382271811366081238e-03,9.207034856081008911e-02
-1.013628952205181122e-02,-7.382271811366081238e-03,9.207034856081008911e-02
-1.014288514852523804e-02,-7.338926196098327637e-03,9.246636927127838135e-02
-1.014288514852523804e-02,-7.338926196098327637e-03,9.246636927127838135e-02
-1.014863140881061554e-02,-7.294673472642898560e-03,9.286323189735412598e-02
-1.014863140881061554e-02,-7.294673472642898560e-03,9.286323189735412598e-02
-1.015353016555309296e-02,-7.249506190419197083e-03,9.326093643903732300e-02
-1.015353016555309296e-02,-7.249506190419197083e-03,9.326093643903732300e-02
-1.015757396817207336e-02,-7.203423418104648590e-03,9.365949779748916626e-02
-1.015757396817207336e-02,-7.203423418104648590e-03,9.365949779748916626e-02
-1.016076188534498215e-02,-7.156419102102518082e-03,9.405890107154846191e-02
-1.016076188534498215e-02,-7.156419102102518082e-03,9.405890107154846191e-02
-1.016309298574924469e-02,-7.108493242412805557e-03,9.445916116237640381e-02
-1.016309298574924469e-02,-7.108493242412805557e-03,9.445916116237640381e-02
-1.016455888748168945e-02,-7.059645373374223709e-03,9.486026316881179810e-02
-1.016455888748168945e-02,-7.059645373374223709e-03,9.486026316881179810e-02
-1.016515679657459259e-02,-7.009868044406175613e-03,9.526222199201583862e-02
-1.016515679657459259e-02,-7.009868044406175613e-03,9.526222199201583862e-02
-1.016489136964082718e-02,-6.959158927202224731e-03,9.566503763198852539e-02
-1.016489136964082718e-02,-6.959158927202224731e-03,9.566503763198852539e-02
-1.016375329345464706e-02,-6.907520815730094910e-03,9.606869518756866455e-02
-1.016375329345464706e-02,-6.907520815730094910e-03,9.606869518756866455e-02
-1.016173791140317917e-02,-6.854945793747901917e-03,9.647320955991744995e-02
-1.016173791140317917e-02,-6.854945793747901917e-03,9.647320955991744995e-02
-1.015884336084127426e-02,-6.801432929933071136e-03,9.687858819961547852e-02
-1.015884336084127426e-02,-6.801432929933071136e-03,9.687858819961547852e-02
-1.015507243573665619e-02,-6.746982224285602570e-03,9.728481620550155640e-02
-1.015507243573665619e-02,-6.746982224285602570e-03,9.728481620550155640e-02
-1.015041023492813110e-02,-6.691580638289451599e-03,9.769187867641448975e-02
-1.015041023492813110e-02,-6.691580638289451599e-03,9.769187867641448975e-02
-1.014486886560916901e-02,-6.635239347815513611e-03,9.809982776641845703e-02
-1.014486886560916901e-02,-6.635239347815513611e-03,9.809982776641845703e-02
-1.013843063265085220e-02,-6.577949970960617065e-03,9.850861877202987671e-02
-1.013843063265085220e-02,-6.577949970960617065e-03,9.850861877202987671e-02
-1.013110112398862839e-02,-6.519706454128026962e-03,9.891827404499053955e-02
-1.013110112398862839e-02,-6.519706454128026962e-03,9.891827404499053955e-02
-1.012287195771932602e-02,-6.460507400333881378e-03,9.932877868413925171e-02
-1.012287195771932602e-02,-6.460507400333881378e-03,9.932877868413925171e-02
-1.011374499648809433e-02,-6.400350481271743774e-03,9.974014759063720703e-02
-1.011374499648809433e-02,-6.400350481271743774e-03,9.974014759063720703e-02
-1.010371651500463486e-02,-6.339238490909337997e-03,1.001523658633232117e-01
-1.010371651500463486e-02,-6.339238490909337997e-03,1.001523658633232117e-01
-1.009277999401092529e-02,-6.277162116020917892e-03,1.005654558539390564e-01
-1.009277999401092529e-02,-6.277162116020917892e-03,1.005654558539390564e-01
-1.008093263953924179e-02,-6.214120425283908844e-03,1.009793877601623535e-01
-1.008093263953924179e-02,-6.214120425283908844e-03,1.009793877601623535e-01
-1.006817724555730820e-02,-6.150112953037023544e-03,1.013941913843154907e-01
-1.006817724555730820e-02,-6.150112953037023544e-03,1.013941913843154907e-01
-1.005450356751680374e-02,-6.085134577006101608e-03,1.018098518252372742e-01
-1.005450356751680374e-02,-6.085134577006101608e-03,1.018098518252372742e-01
-1.003991160541772842e-02,-6.019182968884706497e-03,1.022263839840888977e-01
-1.003991160541772842e-02,-6.019182968884706497e-03,1.022263839840888977e-01
-1.002439577132463455e-02,-5.952253472059965134e-03,1.026437729597091675e-01
-1.002439577132463455e-02,-5.952253472059965134e-03,1.026437729597091675e-01
-1.000795420259237289e-02,-5.884345620870590210e-03,1.030620262026786804e-01
-1.000795420259237289e-02,-5.884345620870590210e-03,1.030620262026786804e-01
-9.990585967898368835e-03,-5.815461277961730957e-03,1.034811437129974365e-01
-9.990585967898368835e-03,-5.815461277961730957e-03,1.034811437129974365e-01
-9.972287341952323914e-03,-5.745588336139917374e-03,1.039011180400848389e-01
-9.972287341952323914e-03,-5.745588336139917374e-03,1.039011180400848389e-01
-9.953054599463939667e-03,-5.674730055034160614e-03,1.043219640851020813e-01
-9.953054599463939667e-03,-5.674730055034160614e-03,1.043219640851020813e-01
-9.932884015142917633e-03,-5.602883175015449524e-03,1.047436818480491638e-01
-9.932884015142917633e-03,-5.602883175015449524e-03,1.047436818480491638e-01
-9.911774657666683197e-03,-5.530049093067646027e-03,1.051662489771842957e-01
-9.911774657666683197e-03,-5.530049093067646027e-03,1.051662489771842957e-01
-9.889719076454639435e-03,-5.456211045384407043e-03,1.055896878242492676e-01
-9.889719076454639435e-03,-5.456211045384407043e-03,1.055896878242492676e-01
-9.866715408861637115e-03,-5.381382070481777191e-03,1.060140058398246765e-01
-9.866715408861637115e-03,-5.381382070481777191e-03,1.060140058398246765e-01
-9.842764586210250854e-03,-5.305551458150148392e-03,1.064391881227493286e-01
-9.842764586210250854e-03,-5.305551458150148392e-03,1.064391881227493286e-01
-9.817855432629585266e-03,-5.228716414421796799e-03,1.068652272224426270e-01
-9.817855432629585266e-03,-5.228716414421796799e-03,1.068652272224426270e-01
-9.791993536055088043e-03,-5.150876473635435104e-03,1.072921454906463623e-01
-9.791993536055088043e-03,-5.150876473635435104e-03,1.072921454906463623e-01
-9.765173308551311493e-03,-5.072030238807201385e-03,1.077199280261993408e-01
-9.765173308551311493e-03,-5.072030238807201385e-03,1.077199280261993408e-01
-9.737390093505382538e-03,-4.992173518985509872e-03,1.081485897302627563e-01
-9.737390093505382538e-03,-4.992173518985509872e-03,1.081485897302627563e-01
-9.708640165627002716e-03,-4.911303985863924026e-03,1.085781157016754150e-01
-9.708640165627002716e-03,-4.911303985863924026e-03,1.085781157016754150e-01
-9.678921662271022797e-03,-4.829417448490858078e-03,1.090085059404373169e-01
-9.678921662271022797e-03,-4.829417448490858078e-03,1.090085059404373169e-01
-9.648231789469718933e-03,-4.746509715914726257e-03,1.094397753477096558e-01
-9.648231789469718933e-03,-4.746509715914726257e-03,1.094397753477096558e-01
-9.616562165319919586e-03,-4.662582650780677795e-03,1.098719388246536255e-01
-9.616562165319919586e-03,-4.662582650780677795e-03,1.098719388246536255e-01
-9.583918377757072449e-03,-4.577630199491977692e-03,1.103049442172050476e-01
-9.583918377757072449e-03,-4.577630199491977692e-03,1.103049442172050476e-01
-9.550293907523155212e-03,-4.491651430726051331e-03,1.107388287782669067e-01
-9.550293907523155212e-03,-4.491651430726051331e-03,1.107388287782669067e-01
-9.515684098005294800e-03,-4.404646344482898712e-03,1.111735999584197998e-01
-9.515684098005294800e-03,-4.404646344482898712e-03,1.111735999584197998e-01
-9.480087086558341980e-03,-4.316605627536773682e-03,1.116092354059219360e-01
-9.480087086558341980e-03,-4.316605627536773682e-03,1.116092354059219360e-01
-9.443499147891998291e-03,-4.227530211210250854e-03,1.120457500219345093e-01
-9.443499147891998291e-03,-4.227530211210250854e-03,1.120457500219345093e-01
-9.405917488038539886e-03,-4.137416370213031769e-03,1.124831512570381165e-01
-9.405917488038539886e-03,-4.137416370213031769e-03,1.124831512570381165e-01
-9.367335587739944458e-03,-4.046261776238679886e-03,1.129214093089103699e-01
-9.367335587739944458e-03,-4.046261776238679886e-03,1.129214093089103699e-01
-9.327759034931659698e-03,-3.954066894948482513e-03,1.133605614304542542e-01
-9.327759034931659698e-03,-3.954066894948482513e-03,1.133605614304542542e-01
-9.287177585065364838e-03,-3.860825905576348305e-03,1.138005927205085754e-01
-9.287177585065364838e-03,-3.860825905576348305e-03,1.138005927205085754e-01
-9.245588444173336029e-03,-3.766534151509404182e-03,1.142414882779121399e-01
-9.245588444173336029e-03,-3.766534151509404182e-03,1.142414882779121399e-01
-9.202988818287849426e-03,-3.671191865578293800e-03,1.146832779049873352e-01
-9.202988818287849426e-03,-3.671191865578293800e-03,1.146832779049873352e-01
-9.159376844763755798e-03,-3.574795089662075043e-03,1.151259467005729675e-01
-9.159376844763755798e-03,-3.574795089662075043e-03,1.151259467005729675e-01
-9.114748798310756683e-03,-3.477342426776885986e-03,1.155694872140884399e-01
-9.114748798310756683e-03,-3.477342426776885986e-03,1.155694872140884399e-01
-9.069105610251426697e-03,-3.378832479938864708e-03,1.160139068961143494e-01
-9.069105610251426697e-03,-3.378832479938864708e-03,1.160139068961143494e-01
-9.022439830005168915e-03,-3.279258497059345245e-03,1.164592131972312927e-01
-9.022439830005168915e-03,-3.279258497059345245e-03,1.164592131972312927e-01
-8.974744006991386414e-03,-3.178617917001247406e-03,1.169054135680198669e-01
-8.974744006991386414e-03,-3.178617917001247406e-03,1.169054135680198669e-01
-8.926024660468101501e-03,-3.076916094869375229e-03,1.173524856567382812e-01
-8.926024660468101501e-03,-3.076916094869375229e-03,1.173524856567382812e-01
-8.876270614564418793e-03,-2.974142320454120636e-03,1.178004443645477295e-01
-8.876270614564418793e-03,-2.974142320454120636e-03,1.178004443645477295e-01
-8.825483731925487518e-03,-2.870293799787759781e-03,1.182492896914482117e-01
-8.825483731925487518e-03,-2.870293799787759781e-03,1.182492896914482117e-01
-8.773659355938434601e-03,-2.765367971733212471e-03,1.186990141868591309e-01
-8.773659355938434601e-03,-2.765367971733212471e-03,1.186990141868591309e-01
-8.720795623958110809e-03,-2.659367397427558899e-03,1.191496327519416809e-01
-8.720795623958110809e-03,-2.659367397427558899e-03,1.191496327519416809e-01
-8.666886948049068451e-03,-2.552284160628914833e-03,1.196011230349540710e-01
-8.666886948049068451e-03,-2.552284160628914833e-03,1.196011230349540710e-01
-8.611926808953285217e-03,-2.444115467369556427e-03,1.200535148382186890e-01
-8.611926808953285217e-03,-2.444115467369556427e-03,1.200535148382186890e-01
-8.555923588573932648e-03,-2.334866905584931374e-03,1.205067858099937439e-01
-8.555923588573932648e-03,-2.334866905584931374e-03,1.205067858099937439e-01
-8.498860523104667664e-03,-2.224524505436420441e-03,1.209609508514404297e-01
-8.498860523104667664e-03,-2.224524505436420441e-03,1.209609508514404297e-01
-8.440745063126087189e-03,-2.113095717504620552e-03,1.214159950613975525e-01
-8.440745063126087189e-03,-2.113095717504620552e-03,1.214159950613975525e-01
-8.381568826735019684e-03,-2.000566571950912476e-03,1.218719258904457092e-01
-8.381568826735019684e-03,-2.000566571950912476e-03,1.218719258904457092e-01
-8.321327157318592072e-03,-1.886941259726881981e-03,1.223287656903266907e-01
-8.321327157318592072e-03,-1.886941259726881981e-03,1.223287656903266907e-01
-8.260026574134826660e-03,-1.772222458384931087e-03,1.227864772081375122e-01
-8.260026574134826660e-03,-1.772222458384931087e-03,1.227864772081375122e-01
-8.197649382054805756e-03,-1.656394219025969505e-03,1.232450976967811584e-01
-8.197649382054805756e-03,-1.656394219025969505e-03,1.232450976967811584e-01
-8.134203962981700897e-03,-1.539462944492697716e-03,1.237046048045158386e-01
-8.134203962981700897e-03,-1.539462944492697716e-03,1.237046048045158386e-01
-8.069682866334915161e-03,-1.421424909494817257e-03,1.241649910807609558e-01
-8.069682866334915161e-03,-1.421424909494817257e-03,1.241649910807609558e-01
-8.004084229469299316e-03,-1.302278600633144379e-03,1.246262714266777039e-01
-8.004084229469299316e-03,-1.302278600633144379e-03,1.246262714266777039e-01
-7.937403395771980286e-03,-1.182016101665794849e-03,1.250884681940078735e-01
-7.937403395771980286e-03,-1.182016101665794849e-03,1.250884681940078735e-01
-7.869636639952659607e-03,-1.060635899193584919e-03,1.255515515804290771e-01
-7.869636639952659607e-03,-1.060635899193584919e-03,1.255515515804290771e-01
-7.800784427672624588e-03,-9.381407871842384338e-04,1.260155141353607178e-01
-7.800784427672624588e-03,-9.381407871842384338e-04,1.260155141353607178e-01
-7.730840239673852921e-03,-8.145254105329513550e-04,1.264803856611251831e-01
-7.730840239673852921e-03,-8.145254105329513550e-04,1.264803856611251831e-01
-7.659801747649908066e-03,-6.897856364957988262e-04,1.269461363554000854e-01
-7.659801747649908066e-03,-6.897856364957988262e-04,1.269461363554000854e-01
-7.587665691971778870e-03,-5.639162263832986355e-04,1.274127960205078125e-01
-7.587665691971778870e-03,-5.639162263832986355e-04,1.274127960205078125e-01
-7.514433003962039948e-03,-4.369211383163928986e-04,1.278803497552871704e-01
-7.514433003962039948e-03,-4.369211383163928986e-04,1.278803497552871704e-01
-7.440091110765933990e-03,-3.087896329816430807e-04,1.283487975597381592e-01
-7.440091110765933990e-03,-3.087896329816430807e-04,1.283487975597381592e-01
-7.364646997302770615e-03,-1.795257703633978963e-04,1.288181692361831665e-01
-7.364646997302770615e-03,-1.795257703633978963e-04,1.288181692361831665e-01
-7.288093212991952896e-03,-4.912952863378450274e-05,1.292883902788162231e-01
-7.288093212991952896e-03,-4.912952863378450274e-05,1.292883902788162231e-01
-7.210424169898033142e-03,8.241519390139728785e-05,1.297595649957656860e-01
-7.210424169898033142e-03,8.241519390139728785e-05,1.297595649957656860e-01
-7.131638936698436737e-03,2.150990039808675647e-04,1.302316039800643921e-01
-7.131638936698436737e-03,2.150990039808675647e-04,1.302316039800643921e-01
-7.051740307360887527e-03,3.489245718810707331e-04,1.307045519351959229e-01
-7.051740307360887527e-03,3.489245718810707331e-04,1.307045519351959229e-01
-6.970711518079042435e-03,4.839053144678473473e-04,1.311784088611602783e-01
-6.970711518079042435e-03,4.839053144678473473e-04,1.311784088611602783e-01
-6.888562347739934921e-03,6.200331845320761204e-04,1.316531747579574585e-01
-6.888562347739934921e-03,6.200331845320761204e-04,1.316531747579574585e-01
-6.805284880101680756e-03,7.573122857138514519e-04,1.321288198232650757e-01
-6.805284880101680756e-03,7.573122857138514519e-04,1.321288198232650757e-01
-6.720874458551406860e-03,8.957491954788565636e-04,1.326053887605667114e-01
-6.720874458551406860e-03,8.957491954788565636e-04,1.326053887605667114e-01
-6.635329220443964005e-03,1.035347930155694485e-03,1.330828517675399780e-01
-6.635329220443964005e-03,1.035347930155694485e-03,1.330828517675399780e-01
-6.548646371811628342e-03,1.176104648038744926e-03,1.335612237453460693e-01
-6.548646371811628342e-03,1.176104648038744926e-03,1.335612237453460693e-01
-6.460821256041526794e-03,1.318028545938432217e-03,1.340405046939849854e-01
-6.460821256041526794e-03,1.318028545938432217e-03,1.340405046939849854e-01
-6.371855270117521286e-03,1.461117062717676163e-03,1.345206946134567261e-01
-6.371855270117521286e-03,1.461117062717676163e-03,1.345206946134567261e-01
-6.281739100813865662e-03,1.605378231033682823e-03,1.350017637014389038e-01
-6.281739100813865662e-03,1.605378231033682823e-03,1.350017637014389038e-01
-6.190476007759571075e-03,1.750806579366326332e-03,1.354837566614151001e-01
-6.190476007759571075e-03,1.750806579366326332e-03,1.354837566614151001e-01
-6.098054815083742142e-03,1.897415728308260441e-03,1.359666585922241211e-01
-6.098054815083742142e-03,1.897415728308260441e-03,1.359666585922241211e-01
-6.004479713737964630e-03,2.045199973508715630e-03,1.364504545927047729e-01
-6.004479713737964630e-03,2.045199973508715630e-03,1.364504545927047729e-01
-5.909745115786790848e-03,2.194163855165243149e-03,1.369351893663406372e-01
-5.909745115786790848e-03,2.194163855165243149e-03,1.369351893663406372e-01
-5.813847295939922333e-03,2.344309585168957710e-03,1.374208033084869385e-01
-5.813847295939922333e-03,2.344309585168957710e-03,1.374208033084869385e-01
-5.716783925890922546e-03,2.495645312592387199e-03,1.379073560237884521e-01
-5.716783925890922546e-03,2.495645312592387199e-03,1.379073560237884521e-01
-5.618551280349493027e-03,2.648165915161371231e-03,1.383948028087615967e-01
-5.618551280349493027e-03,2.648165915161371231e-03,1.383948028087615967e-01
-5.519146565347909927e-03,2.801877679303288460e-03,1.388831585645675659e-01
-5.519146565347909927e-03,2.801877679303288460e-03,1.388831585645675659e-01
-5.418565124273300171e-03,2.956786425784230232e-03,1.393724232912063599e-01
-5.418565124273300171e-03,2.956786425784230232e-03,1.393724232912063599e-01
-5.316804163157939911e-03,3.112890524789690971e-03,1.398626118898391724e-01
-5.316804163157939911e-03,3.112890524789690971e-03,1.398626118898391724e-01
-5.213865544646978378e-03,3.270194167271256447e-03,1.403537094593048096e-01
-5.213865544646978378e-03,3.270194167271256447e-03,1.403537094593048096e-01
-5.109739024192094803e-03,3.428698517382144928e-03,1.408457159996032715e-01
-5.109739024192094803e-03,3.428698517382144928e-03,1.408457159996032715e-01
-5.004428327083587646e-03,3.588406369090080261e-03,1.413386464118957520e-01
-5.004428327083587646e-03,3.588406369090080261e-03,1.413386464118957520e-01
-4.897923208773136139e-03,3.749324474483728409e-03,1.418324857950210571e-01
-4.897923208773136139e-03,3.749324474483728409e-03,1.418324857950210571e-01
-4.790224134922027588e-03,3.911453764885663986e-03,1.423272490501403809e-01
-4.790224134922027588e-03,3.911453764885663986e-03,1.423272490501403809e-01
-4.681329708546400070e-03,4.074792377650737762e-03,1.428229212760925293e-01
-4.681329708546400070e-03,4.074792377650737762e-03,1.428229212760925293e-01
-4.571232944726943970e-03,4.239346366375684738e-03,1.433195173740386963e-01
-4.571232944726943970e-03,4.239346366375684738e-03,1.433195173740386963e-01
-4.459934309124946594e-03,4.405119922012090683e-03,1.438170075416564941e-01
-4.459934309124946594e-03,4.405119922012090683e-03,1.438170075416564941e-01
-4.347426351159811020e-03,4.572115838527679443e-03,1.443154364824295044e-01
-4.347426351159811020e-03,4.572115838527679443e-03,1.443154364824295044e-01
-4.233711399137973785e-03,4.740331321954727173e-03,1.448147743940353394e-01
-4.233711399137973785e-03,4.740331321954727173e-03,1.448147743940353394e-01
-4.118782002478837967e-03,4.909778479486703873e-03,1.453150361776351929e-01
-4.118782002478837967e-03,4.909778479486703873e-03,1.453150361776351929e-01
-4.002638161182403564e-03,5.080450326204299927e-03,1.458162218332290649e-01
-4.002638161182403564e-03,5.080450326204299927e-03,1.458162218332290649e-01
-3.885275218635797501e-03,5.252352915704250336e-03,1.463183164596557617e-01
-3.885275218635797501e-03,5.252352915704250336e-03,1.463183164596557617e-01
-3.766687121242284775e-03,5.425495095551013947e-03,1.468213498592376709e-01
-3.766687121242284775e-03,5.425495095551013947e-03,1.468213498592376709e-01
-3.646875265985727310e-03,5.599871277809143066e-03,1.473252922296524048e-01
-3.646875265985727310e-03,5.599871277809143066e-03,1.473252922296524048e-01
-3.525835927575826645e-03,5.775486119091510773e-03,1.478301584720611572e-01
-3.525835927575826645e-03,5.775486119091510773e-03,1.478301584720611572e-01
-3.403563518077135086e-03,5.952344741672277451e-03,1.483359485864639282e-01
-3.403563518077135086e-03,5.952344741672277451e-03,1.483359485864639282e-01
-3.280056873336434364e-03,6.130446679890155792e-03,1.488426625728607178e-01
-3.280056873336434364e-03,6.130446679890155792e-03,1.488426625728607178e-01
-3.155311569571495056e-03,6.309799384325742722e-03,1.493503153324127197e-01
-3.155311569571495056e-03,6.309799384325742722e-03,1.493503153324127197e-01
-3.029325511306524277e-03,6.490398664027452469e-03,1.498588621616363525e-01
-3.029325511306524277e-03,6.490398664027452469e-03,1.498588621616363525e-01
-2.902097068727016449e-03,6.672252435237169266e-03,1.503683477640151978e-01
-2.902097068727016449e-03,6.672252435237169266e-03,1.503683477640151978e-01
-2.773619256913661957e-03,6.855363026261329651e-03,1.508787572383880615e-01
-2.773619256913661957e-03,6.855363026261329651e-03,1.508787572383880615e-01
-2.643891144543886185e-03,7.039733696728944778e-03,1.513900905847549438e-01
-2.643891144543886185e-03,7.039733696728944778e-03,1.513900905847549438e-01
-2.512911334633827209e-03,7.225362583994865417e-03,1.519023627042770386e-01
-2.512911334633827209e-03,7.225362583994865417e-03,1.519023627042770386e-01
-2.380673075094819069e-03,7.412256672978401184e-03,1.524155586957931519e-01
-2.380673075094819069e-03,7.412256672978401184e-03,1.524155586957931519e-01
-2.247173339128494263e-03,7.600419223308563232e-03,1.529296934604644775e-01
-2.247173339128494263e-03,7.600419223308563232e-03,1.529296934604644775e-01
-2.112412825226783752e-03,7.789847906678915024e-03,1.534447371959686279e-01
-2.112412825226783752e-03,7.789847906678915024e-03,1.534447371959686279e-01
-1.976386876776814461e-03,7.980549708008766174e-03,1.539607048034667969e-01
-1.976386876776814461e-03,7.980549708008766174e-03,1.539607048034667969e-01
-1.839090371504426003e-03,8.172527886927127838e-03,1.544776260852813721e-01
-1.839090371504426003e-03,8.172527886927127838e-03,1.544776260852813721e-01
-1.700521912425756454e-03,8.365780115127563477e-03,1.549954563379287720e-01
-1.700521912425756454e-03,8.365780115127563477e-03,1.549954563379287720e-01
-1.560678938403725624e-03,8.560311980545520782e-03,1.555142253637313843e-01
-1.560678938403725624e-03,8.560311980545520782e-03,1.555142253637313843e-01
-1.419554580934345722e-03,8.756134659051895142e-03,1.560339480638504028e-01
-1.419554580934345722e-03,8.756134659051895142e-03,1.560339480638504028e-01
-1.277151750400662422e-03,8.953233249485492706e-03,1.565545797348022461e-01
-1.277151750400662422e-03,8.953233249485492706e-03,1.565545797348022461e-01
-1.133462181314826012e-03,9.151627309620380402e-03,1.570761501789093018e-01
-1.133462181314826012e-03,9.151627309620380402e-03,1.570761501789093018e-01
-9.884831961244344711e-04,9.351307526230812073e-03,1.575986593961715698e-01
-9.884831961244344711e-04,9.351307526230812073e-03,1.575986593961715698e-01
-8.422162500210106373e-04,9.552281349897384644e-03,1.581220924854278564e-01
-8.422162500210106373e-04,9.552281349897384644e-03,1.581220924854278564e-01
-6.946532521396875381e-04,9.754555299878120422e-03,1.586464792490005493e-01
-6.946532521396875381e-04,9.754555299878120422e-03,1.586464792490005493e-01
-5.457942024804651737e-04,9.958123788237571716e-03,1.591717749834060669e-01
-5.457942024804651737e-04,9.958123788237571716e-03,1.591717749834060669e-01
-3.956323780585080385e-04,1.016299705952405930e-02,1.596980392932891846e-01
-3.956323780585080385e-04,1.016299705952405930e-02,1.596980392932891846e-01
-2.441691176500171423e-04,1.036917511373758316e-02,1.602252274751663208e-01
-2.441691176500171423e-04,1.036917511373758316e-02,1.602252274751663208e-01
-9.139772009802982211e-05,1.057665422558784485e-02,1.607533395290374756e-01
-9.139772009802982211e-05,1.057665422558784485e-02,1.607533395290374756e-01
6.268314609769731760e-05,1.078544650226831436e-02,1.612824052572250366e-01
6.268314609769731760e-05,1.078544650226831436e-02,1.612824052572250366e-01
2.180775190936401486e-04,1.099555660039186478e-02,1.618123948574066162e-01
2.180775190936401486e-04,1.099555660039186478e-02,1.618123948574066162e-01
3.747867303900420666e-04,1.120697706937789917e-02,1.623433381319046021e-01
3.747867303900420666e-04,1.120697706937789917e-02,1.623433381319046021e-01
5.328175029717385769e-04,1.141971442848443985e-02,1.628752201795578003e-01
5.328175029717385769e-04,1.141971442848443985e-02,1.628752201795578003e-01
6.921684835106134415e-04,1.163377240300178528e-02,1.634080260992050171e-01
6.921684835106134415e-04,1.163377240300178528e-02,1.634080260992050171e-01
8.528463658876717091e-04,1.184915471822023392e-02,1.639417856931686401e-01
8.528463658876717091e-04,1.184915471822023392e-02,1.639417856931686401e-01
1.014851150102913380e-03,1.206586509943008423e-02,1.644764840602874756e-01
1.014851150102913380e-03,1.206586509943008423e-02,1.644764840602874756e-01
1.178189646452665329e-03,1.228390075266361237e-02,1.650121361017227173e-01
1.178189646452665329e-03,1.228390075266361237e-02,1.650121361017227173e-01
1.342861680313944817e-03,1.250326726585626602e-02,1.655487120151519775e-01
1.342861680313944817e-03,1.250326726585626602e-02,1.655487120151519775e-01
1.508872723206877708e-03,1.272397395223379135e-02,1.660862416028976440e-01
1.508872723206877708e-03,1.272397395223379135e-02,1.660862416028976440e-01
1.676224172115325928e-03,1.294600777328014374e-02,1.666247248649597168e-01
1.676224172115325928e-03,1.294600777328014374e-02,1.666247248649597168e-01
1.844919868744909763e-03,1.316938735544681549e-02,1.671641469001770020e-01
1.844919868744909763e-03,1.316938735544681549e-02,1.671641469001770020e-01
2.014965284615755081e-03,1.339410617947578430e-02,1.677045077085494995e-01
2.014965284615755081e-03,1.339410617947578430e-02,1.677045077085494995e-01
2.186357975006103516e-03,1.362017355859279633e-02,1.682458072900772095e-01
2.186357975006103516e-03,1.362017355859279633e-02,1.682458072900772095e-01
2.359108300879597664e-03,1.384758111089468002e-02,1.687880605459213257e-01
2.359108300879597664e-03,1.384758111089468002e-02,1.687880605459213257e-01
2.533213701099157333e-03,1.407634653151035309e-02,1.693312823772430420e-01
2.533213701099157333e-03,1.407634653151035309e-02,1.693312823772430420e-01
2.708676736801862717e-03,1.430646143853664398e-02,1.698754280805587769e-01
2.708676736801862717e-03,1.430646143853664398e-02,1.698754280805587769e-01
2.885505789890885353e-03,1.453793141990900040e-02,1.704205274581909180e-01
2.885505789890885353e-03,1.453793141990900040e-02,1.704205274581909180e-01
3.063698532059788704e-03,1.477076113224029541e-02,1.709665656089782715e-01
3.063698532059788704e-03,1.477076113224029541e-02,1.709665656089782715e-01
3.243261948227882385e-03,1.500494964420795441e-02,1.715135723352432251e-01
3.243261948227882385e-03,1.500494964420795441e-02,1.715135723352432251e-01
3.424199065193533897e-03,1.524050068110227585e-02,1.720615178346633911e-01
3.424199065193533897e-03,1.524050068110227585e-02,1.720615178346633911e-01
3.606510348618030548e-03,1.547742355614900589e-02,1.726104319095611572e-01
3.606510348618030548e-03,1.547742355614900589e-02,1.726104319095611572e-01
3.790202550590038300e-03,1.571571268141269684e-02,1.731602847576141357e-01
3.790202550590038300e-03,1.571571268141269684e-02,1.731602847576141357e-01
3.975274972617626190e-03,1.595537364482879639e-02,1.737110912799835205e-01
3.975274972617626190e-03,1.595537364482879639e-02,1.737110912799835205e-01
4.161730408668518066e-03,1.619640737771987915e-02,1.742628514766693115e-01
4.161730408668518066e-03,1.619640737771987915e-02,1.742628514766693115e-01
4.349575378000736237e-03,1.643881760537624359e-02,1.748155355453491211e-01
4.349575378000736237e-03,1.643881760537624359e-02,1.748155355453491211e-01
4.538812674582004547e-03,1.668260805308818817e-02,1.753692179918289185e-01
4.538812674582004547e-03,1.668260805308818817e-02,1.753692179918289185e-01
4.729442764073610306e-03,1.692778244614601135e-02,1.759238392114639282e-01
4.729442764073610306e-03,1.692778244614601135e-02,1.759238392114639282e-01
4.921474028378725052e-03,1.717434264719486237e-02,1.764794290065765381e-01
4.921474028378725052e-03,1.717434264719486237e-02,1.764794290065765381e-01
5.114900879561901093e-03,1.742229051887989044e-02,1.770359426736831665e-01
5.114900879561901093e-03,1.742229051887989044e-02,1.770359426736831665e-01
5.309734959155321121e-03,1.767162606120109558e-02,1.775934249162673950e-01
5.309734959155321121e-03,1.767162606120109558e-02,1.775934249162673950e-01
5.505975335836410522e-03,1.792236045002937317e-02,1.781518906354904175e-01
5.505975335836410522e-03,1.792236045002937317e-02,1.781518906354904175e-01
5.703623872250318527e-03,1.817448250949382782e-02,1.787112802267074585e-01
5.703623872250318527e-03,1.817448250949382782e-02,1.787112802267074585e-01
5.902687087655067444e-03,1.842801086604595184e-02,1.792716383934020996e-01
5.902687087655067444e-03,1.842801086604595184e-02,1.792716383934020996e-01
6.103166379034519196e-03,1.868293434381484985e-02,1.798329502344131470e-01
6.103166379034519196e-03,1.868293434381484985e-02,1.798329502344131470e-01
6.305065006017684937e-03,1.893926784396171570e-02,1.803952306509017944e-01
6.305065006017684937e-03,1.893926784396171570e-02,1.803952306509017944e-01
6.508387159556150436e-03,1.919700391590595245e-02,1.809584796428680420e-01
6.508387159556150436e-03,1.919700391590595245e-02,1.809584796428680420e-01
6.713133305311203003e-03,1.945615001022815704e-02,1.815226674079895020e-01
6.713133305311203003e-03,1.945615001022815704e-02,1.815226674079895020e-01
6.919308565557003021e-03,1.971670798957347870e-02,1.820878088474273682e-01
6.919308565557003021e-03,1.971670798957347870e-02,1.820878088474273682e-01
7.126917131245136261e-03,1.997868344187736511e-02,1.826539486646652222e-01
7.126917131245136261e-03,1.997868344187736511e-02,1.826539486646652222e-01
7.335960865020751953e-03,2.024207264184951782e-02,1.832210421562194824e-01
7.335960865020751953e-03,2.024207264184951782e-02,1.832210421562194824e-01
7.546440698206424713e-03,2.050688304007053375e-02,1.837891042232513428e-01
7.546440698206424713e-03,2.050688304007053375e-02,1.837891042232513428e-01
7.758364081382751465e-03,2.077311836183071136e-02,1.843580752611160278e-01
7.758364081382751465e-03,2.077311836183071136e-02,1.843580752611160278e-01
7.971731014549732208e-03,2.104077674448490143e-02,1.849280595779418945e-01
7.971731014549732208e-03,2.104077674448490143e-02,1.849280595779418945e-01
8.186544291675090790e-03,2.130986377596855164e-02,1.854990124702453613e-01
8.186544291675090790e-03,2.130986377596855164e-02,1.854990124702453613e-01
8.402810432016849518e-03,2.158038318157196045e-02,1.860709190368652344e-01
8.402810432016849518e-03,2.158038318157196045e-02,1.860709190368652344e-01
8.620528504252433777e-03,2.185233496129512787e-02,1.866437792778015137e-01
8.620528504252433777e-03,2.185233496129512787e-02,1.866437792778015137e-01
8.839705027639865875e-03,2.212572470307350159e-02,1.872176229953765869e-01
8.839705027639865875e-03,2.212572470307350159e-02,1.872176229953765869e-01
9.060340933501720428e-03,2.240055240690708160e-02,1.877924501895904541e-01
9.060340933501720428e-03,2.240055240690708160e-02,1.877924501895904541e-01
9.282439015805721283e-03,2.267681993544101715e-02,1.883682310581207275e-01
9.282439015805721283e-03,2.267681993544101715e-02,1.883682310581207275e-01
9.506004862487316132e-03,2.295453473925590515e-02,1.889449506998062134e-01
9.506004862487316132e-03,2.295453473925590515e-02,1.889449506998062134e-01
9.731040336191654205e-03,2.323369681835174561e-02,1.895226687192916870e-01
9.731040336191654205e-03,2.323369681835174561e-02,1.895226687192916870e-01
9.957548230886459351e-03,2.351430617272853851e-02,1.901013553142547607e-01
9.957548230886459351e-03,2.351430617272853851e-02,1.901013553142547607e-01
1.018553134053945541e-02,2.379637025296688080e-02,1.906810253858566284e-01
1.018553134053945541e-02,2.379637025296688080e-02,1.906810253858566284e-01
1.041499432176351547e-02,2.407988719642162323e-02,1.912616193294525146e-01
1.041499432176351547e-02,2.407988719642162323e-02,1.912616193294525146e-01
1.064593717455863953e-02,2.436486445367336273e-02,1.918432116508483887e-01
1.064593717455863953e-02,2.436486445367336273e-02,1.918432116508483887e-01
1.087836828082799911e-02,2.465130202472209930e-02,1.924257874488830566e-01
1.087836828082799911e-02,2.465130202472209930e-02,1.924257874488830566e-01
1.111228577792644501e-02,2.493919990956783295e-02,1.930093616247177124e-01
1.111228577792644501e-02,2.493919990956783295e-02,1.930093616247177124e-01
1.134769339114427567e-02,2.522856369614601135e-02,1.935938596725463867e-01
1.134769339114427567e-02,2.522856369614601135e-02,1.935938596725463867e-01
1.158459857106208801e-02,2.551940269768238068e-02,1.941793709993362427e-01
1.158459857106208801e-02,2.551940269768238068e-02,1.941793709993362427e-01
1.182299852371215820e-02,2.581170760095119476e-02,1.947657912969589233e-01
1.182299852371215820e-02,2.581170760095119476e-02,1.947657912969589233e-01
1.206289976835250854e-02,2.610548771917819977e-02,1.953532397747039795e-01
1.206289976835250854e-02,2.610548771917819977e-02,1.953532397747039795e-01
1.230430603027343750e-02,2.640074118971824646e-02,1.959416419267654419e-01
1.230430603027343750e-02,2.640074118971824646e-02,1.959416419267654419e-01
1.254721824079751968e-02,2.669748105108737946e-02,1.965310573577880859e-01
1.254721824079751968e-02,2.669748105108737946e-02,1.965310573577880859e-01
1.279164198786020279e-02,2.699569426476955414e-02,1.971214115619659424e-01
1.279164198786020279e-02,2.699569426476955414e-02,1.971214115619659424e-01
1.303758006542921066e-02,2.729540131986141205e-02,1.977127641439437866e-01
1.303758006542921066e-02,2.729540131986141205e-02,1.977127641439437866e-01
1.328503061085939407e-02,2.759659104049205780e-02,1.983050704002380371e-01
1.328503061085939407e-02,2.759659104049205780e-02,1.983050704002380371e-01
1.353400293737649918e-02,2.789927087724208832e-02,1.988984048366546631e-01
1.353400293737649918e-02,2.789927087724208832e-02,1.988984048366546631e-01
1.378449983894824982e-02,2.820344641804695129e-02,1.994926631450653076e-01
1.378449983894824982e-02,2.820344641804695129e-02,1.994926631450653076e-01
1.403652038425207138e-02,2.850911393761634827e-02,2.000879347324371338e-01
1.403652038425207138e-02,2.850911393761634827e-02,2.000879347324371338e-01
1.429007016122341156e-02,2.881628088653087616e-02,2.006842046976089478e-01
1.429007016122341156e-02,2.881628088653087616e-02,2.006842046976089478e-01
1.454515103250741959e-02,2.912495285272598267e-02,2.012814134359359741e-01
1.454515103250741959e-02,2.912495285272598267e-02,2.012814134359359741e-01
1.480176951736211777e-02,2.943512424826622009e-02,2.018796056509017944e-01
1.480176951736211777e-02,2.943512424826622009e-02,2.018796056509017944e-01
1.505992282181978226e-02,2.974680066108703613e-02,2.024788111448287964e-01
1.505992282181978226e-02,2.974680066108703613e-02,2.024788111448287964e-01
1.531961932778358459e-02,3.005998767912387848e-02,2.030790001153945923e-01
1.531961932778358459e-02,3.005998767912387848e-02,2.030790001153945923e-01
1.558086089789867401e-02,3.037468716502189636e-02,2.036801278591156006e-01
1.558086089789867401e-02,3.037468716502189636e-02,2.036801278591156006e-01
1.584365032613277435e-02,3.069090098142623901e-02,2.042822837829589844e-01
1.584365032613277435e-02,3.069090098142623901e-02,2.042822837829589844e-01
1.610798947513103485e-02,3.100863285362720490e-02,2.048854380846023560e-01
1.610798947513103485e-02,3.100863285362720490e-02,2.048854380846023560e-01
1.637388579547405243e-02,3.132788464426994324e-02,2.054895460605621338e-01
1.637388579547405243e-02,3.132788464426994324e-02,2.054895460605621338e-01
1.664133556187152863e-02,3.164865449070930481e-02,2.060946375131607056e-01
1.664133556187152863e-02,3.164865449070930481e-02,2.060946375131607056e-01
-1.555068343877792358e-01,1.324464976787567139e-01,-5.654682219028472900e-02
-1.555068343877792358e-01,1.324464976787567139e-01,-5.654682219028472900e-02
-1.551657617092132568e-01,1.322747468948364258e-01,-5.660648643970489502e-02
-1.551657617092132568e-01,1.322747468948364258e-01,-5.660648643970489502e-02
-1.548253148794174194e-01,1.321026682853698730e-01,-5.666524544358253479e-02
-1.548253148794174194e-01,1.321026682853698730e-01,-5.666524544358253479e-02
-1.544854789972305298e-01,1.319302022457122803e-01,-5.672309175133705139e-02
-1.544854789972305298e-01,1.319302022457122803e-01,-5.672309175133705139e-02
-1.541462540626525879e-01,1.317574083805084229e-01,-5.678004771471023560e-02
-1.541462540626525879e-01,1.317574083805084229e-01,-5.678004771471023560e-02
-1.538076400756835938e-01,1.315842419862747192e-01,-5.683609470725059509e-02
-1.538076400756835938e-01,1.315842419862747192e-01,-5.683609470725059509e-02
-1.534696370363235474e-01,1.314107328653335571e-01,-5.689124763011932373e-02
-1.534696370363235474e-01,1.314107328653335571e-01,-5.689124763011932373e-02
-1.531322747468948364e-01,1.312368810176849365e-01,-5.694551020860671997e-02
-1.531322747468948364e-01,1.312368810176849365e-01,-5.694551020860671997e-02
-1.527954787015914917e-01,1.310626864433288574e-01,-5.699887126684188843e-02
-1.527954787015914917e-01,1.310626864433288574e-01,-5.699887126684188843e-02
-1.524592936038970947e-01,1.308881491422653198e-01,-5.705135315656661987e-02
-1.524592936038970947e-01,1.308881491422653198e-01,-5.705135315656661987e-02
-1.521237343549728394e-01,1.307132542133331299e-01,-5.710293352603912354e-02
-1.521237343549728394e-01,1.307132542133331299e-01,-5.710293352603912354e-02
-1.517887413501739502e-01,1.305380314588546753e-01,-5.715363845229148865e-02
-1.517887413501739502e-01,1.305380314588546753e-01,-5.715363845229148865e-02
-1.514543592929840088e-01,1.303624808788299561e-01,-5.720344930887222290e-02
-1.514543592929840088e-01,1.303624808788299561e-01,-5.720344930887222290e-02
-1.511205732822418213e-01,1.301865726709365845e-01,-5.725238844752311707e-02
-1.511205732822418213e-01,1.301865726709365845e-01,-5.725238844752311707e-02
-1.507873684167861938e-01,1.300103515386581421e-01,-5.730044469237327576e-02
-1.507873684167861938e-01,1.300103515386581421e-01,-5.730044469237327576e-02
-1.504547595977783203e-01,1.298337876796722412e-01,-5.734762549400329590e-02
-1.504547595977783203e-01,1.298337876796722412e-01,-5.734762549400329590e-02
-1.501227468252182007e-01,1.296568959951400757e-01,-5.739394202828407288e-02
-1.501227468252182007e-01,1.296568959951400757e-01,-5.739394202828407288e-02
-1.497912704944610596e-01,1.294796764850616455e-01,-5.743937566876411438e-02
-1.497912704944610596e-01,1.294796764850616455e-01,-5.743937566876411438e-02
-1.494604200124740601e-01,1.293021291494369507e-01,-5.748394131660461426e-02
-1.494604200124740601e-01,1.293021291494369507e-01,-5.748394131660461426e-02
-1.491301357746124268e-01,1.291242539882659912e-01,-5.752764269709587097e-02
-1.491301357746124268e-01,1.291242539882659912e-01,-5.752764269709587097e-02
-1.488004177808761597e-01,1.289460510015487671e-01,-5.757047235965728760e-02
-1.488004177808761597e-01,1.289460510015487671e-01,-5.757047235965728760e-02
-1.484712809324264526e-01,1.287675201892852783e-01,-5.761245638132095337e-02
-1.484712809324264526e-01,1.287675201892852783e-01,-5.761245638132095337e-02
-1.481427252292633057e-01,1.285886913537979126e-01,-5.765357241034507751e-02
-1.481427252292633057e-01,1.285886913537979126e-01,-5.765357241034507751e-02
-1.478147059679031372e-01,1.284095346927642822e-01,-5.769382789731025696e-02
-1.478147059679031372e-01,1.284095346927642822e-01,-5.769382789731025696e-02
-1.474872827529907227e-01,1.282300651073455811e-01,-5.773323401808738708e-02
-1.474872827529907227e-01,1.282300651073455811e-01,-5.773323401808738708e-02
-1.471604257822036743e-01,1.280502676963806152e-01,-5.777179077267646790e-02
-1.471604257822036743e-01,1.280502676963806152e-01,-5.777179077267646790e-02
-1.468341052532196045e-01,1.278701722621917725e-01,-5.780949071049690247e-02
-1.468341052532196045e-01,1.278701722621917725e-01,-5.780949071049690247e-02
-1.465083509683609009e-01,1.276897490024566650e-01,-5.784634873270988464e-02
-1.465083509683609009e-01,1.276897490024566650e-01,-5.784634873270988464e-02
-1.461831629276275635e-01,1.275090426206588745e-01,-5.788235366344451904e-02
-1.461831629276275635e-01,1.275090426206588745e-01,-5.788235366344451904e-02
-1.458584964275360107e-01,1.273280084133148193e-01,-5.791751667857170105e-02
-1.458584964275360107e-01,1.273280084133148193e-01,-5.791751667857170105e-02
-1.455344110727310181e-01,1.271466761827468872e-01,-5.795184895396232605e-02
-1.455344110727310181e-01,1.271466761827468872e-01,-5.795184895396232605e-02
-1.452108770608901978e-01,1.269650310277938843e-01,-5.798533558845520020e-02
-1.452108770608901978e-01,1.269650310277938843e-01,-5.798533558845520020e-02
-1.448878645896911621e-01,1.267831027507781982e-01,-5.801798775792121887e-02
-1.448878645896911621e-01,1.267831027507781982e-01,-5.801798775792121887e-02
-1.445654034614562988e-01,1.266008615493774414e-01,-5.804981291294097900e-02
-1.445654034614562988e-01,1.266008615493774414e-01,-5.804981291294097900e-02
-1.442434787750244141e-01,1.264183223247528076e-01,-5.808079615235328674e-02
-1.442434787750244141e-01,1.264183223247528076e-01,-5.808079615235328674e-02
-1.439220905303955078e-01,1.262354850769042969e-01,-5.811095610260963440e-02
-1.439220905303955078e-01,1.262354850769042969e-01,-5.811095610260963440e-02
-1.436012387275695801e-01,1.260523647069931030e-01,-5.814030021429061890e-02
-1.436012387275695801e-01,1.260523647069931030e-01,-5.814030021429061890e-02
-1.432809233665466309e-01,1.258689463138580322e-01,-5.816879868507385254e-02
-1.432809233665466309e-01,1.258689463138580322e-01,-5.816879868507385254e-02
-1.429611295461654663e-01,1.256852298974990845e-01,-5.819649621844291687e-02
-1.429611295461654663e-01,1.256852298974990845e-01,-5.819649621844291687e-02
-1.426418721675872803e-01,1.255012452602386475e-01,-5.822335928678512573e-02
-1.426418721675872803e-01,1.255012452602386475e-01,-5.822335928678512573e-02
-1.423231363296508789e-01,1.253169476985931396e-01,-5.824941024184226990e-02
-1.423231363296508789e-01,1.253169476985931396e-01,-5.824941024184226990e-02
-1.420049220323562622e-01,1.251323819160461426e-01,-5.827465653419494629e-02
-1.420049220323562622e-01,1.251323819160461426e-01,-5.827465653419494629e-02
-1.416872441768646240e-01,1.249475330114364624e-01,-5.829907581210136414e-02
-1.416872441768646240e-01,1.249475330114364624e-01,-5.829907581210136414e-02
-1.413700580596923828e-01,1.247623711824417114e-01,-5.832269787788391113e-02
-1.413700580596923828e-01,1.247623711824417114e-01,-5.832269787788391113e-02
-1.410533934831619263e-01,1.245769709348678589e-01,-5.834550783038139343e-02
-1.410533934831619263e-01,1.245769709348678589e-01,-5.834550783038139343e-02
-1.407372355461120605e-01,1.243912726640701294e-01,-5.836751684546470642e-02
-1.407372355461120605e-01,1.243912726640701294e-01,-5.836751684546470642e-02
-1.404215991497039795e-01,1.242053061723709106e-01,-5.838871374726295471e-02
-1.404215991497039795e-01,1.242053061723709106e-01,-5.838871374726295471e-02
-1.401064693927764893e-01,1.240190491080284119e-01,-5.840911716222763062e-02
-1.401064693927764893e-01,1.240190491080284119e-01,-5.840911716222763062e-02
-1.397918313741683960e-01,1.238325461745262146e-01,-5.842872709035873413e-02
-1.397918313741683960e-01,1.238325461745262146e-01,-5.842872709035873413e-02
-1.394777148962020874e-01,1.236457526683807373e-01,-5.844753980636596680e-02
-1.394777148962020874e-01,1.236457526683807373e-01,-5.844753980636596680e-02
-1.391640901565551758e-01,1.234586909413337708e-01,-5.846556648612022400e-02
-1.391640901565551758e-01,1.234586909413337708e-01,-5.846556648612022400e-02
-1.388509422540664673e-01,1.232713684439659119e-01,-5.848278105258941650e-02
-1.388509422540664673e-01,1.232713684439659119e-01,-5.848278105258941650e-02
-1.385383158922195435e-01,1.230837702751159668e-01,-5.849923193454742432e-02
-1.385383158922195435e-01,1.230837702751159668e-01,-5.849923193454742432e-02
-1.382261663675308228e-01,1.228959262371063232e-01,-5.851488560438156128e-02
-1.382261663675308228e-01,1.228959262371063232e-01,-5.851488560438156128e-02
-1.379145234823226929e-01,1.227077990770339966e-01,-5.852975323796272278e-02
-1.379145234823226929e-01,1.227077990770339966e-01,-5.852975323796272278e-02
-1.376033425331115723e-01,1.225194334983825684e-01,-5.854383856058120728e-02
-1.376033425331115723e-01,1.225194334983825684e-01,-5.854383856058120728e-02
-1.372926533222198486e-01,1.223307922482490540e-01,-5.855715274810791016e-02
-1.372926533222198486e-01,1.223307922482490540e-01,-5.855715274810791016e-02
-1.369824558496475220e-01,1.221419125795364380e-01,-5.856969580054283142e-02
-1.369824558496475220e-01,1.221419125795364380e-01,-5.856969580054283142e-02
-1.366727352142333984e-01,1.219527572393417358e-01,-5.858144909143447876e-02
-1.366727352142333984e-01,1.219527572393417358e-01,-5.858144909143447876e-02
-1.363634914159774780e-01,1.217633560299873352e-01,-5.859244614839553833e-02
-1.363634914159774780e-01,1.217633560299873352e-01,-5.859244614839553833e-02
-1.360546946525573730e-01,1.215737089514732361e-01,-5.860265716910362244e-02
-1.360546946525573730e-01,1.215737089514732361e-01,-5.860265716910362244e-02
-1.357464045286178589e-01,1.213838160037994385e-01,-5.861211568117141724e-02
-1.357464045286178589e-01,1.213838160037994385e-01,-5.861211568117141724e-02
-1.354385614395141602e-01,1.211936697363853455e-01,-5.862081050872802734e-02
-1.354385614395141602e-01,1.211936697363853455e-01,-5.862081050872802734e-02
-1.351311951875686646e-01,1.210032701492309570e-01,-5.862873420119285583e-02
-1.351311951875686646e-01,1.210032701492309570e-01,-5.862873420119285583e-02
-1.348243057727813721e-01,1.208126470446586609e-01,-5.863590911030769348e-02
-1.348243057727813721e-01,1.208126470446586609e-01,-5.863590911030769348e-02
-1.345178633928298950e-01,1.206217631697654724e-01,-5.864231288433074951e-02
-1.345178633928298950e-01,1.206217631697654724e-01,-5.864231288433074951e-02
-1.342118829488754272e-01,1.204306632280349731e-01,-5.864797905087471008e-02
-1.342118829488754272e-01,1.204306632280349731e-01,-5.864797905087471008e-02
-1.339063644409179688e-01,1.202393025159835815e-01,-5.865288525819778442e-02
-1.339063644409179688e-01,1.202393025159835815e-01,-5.865288525819778442e-02
-1.336012631654739380e-01,1.200477182865142822e-01,-5.865703523159027100e-02
-1.336012631654739380e-01,1.200477182865142822e-01,-5.865703523159027100e-02
-1.332966536283493042e-01,1.198558881878852844e-01,-5.866044759750366211e-02
-1.332966536283493042e-01,1.198558881878852844e-01,-5.866044759750366211e-02
-1.329924911260604858e-01,1.196638345718383789e-01,-5.866310745477676392e-02
-1.329924911260604858e-01,1.196638345718383789e-01,-5.866310745477676392e-02
-1.326887458562850952e-01,1.194715499877929688e-01,-5.866502597928047180e-02
-1.326887458562850952e-01,1.194715499877929688e-01,-5.866502597928047180e-02
-1.323854625225067139e-01,1.192790344357490540e-01,-5.866620689630508423e-02
-1.323854625225067139e-01,1.192790344357490540e-01,-5.866620689630508423e-02
-1.320826262235641479e-01,1.190862804651260376e-01,-5.866663902997970581e-02
-1.320826262235641479e-01,1.190862804651260376e-01,-5.866663902997970581e-02
-1.317802220582962036e-01,1.188933104276657104e-01,-5.866635218262672424e-02
-1.317802220582962036e-01,1.188933104276657104e-01,-5.866635218262672424e-02
-1.314782500267028809e-01,1.187001168727874756e-01,-5.866532027721405029e-02
-1.314782500267028809e-01,1.187001168727874756e-01,-5.866532027721405029e-02
-1.311767399311065674e-01,1.185067147016525269e-01,-5.866356566548347473e-02
-1.311767399311065674e-01,1.185067147016525269e-01,-5.866356566548347473e-02
-1.308756172657012939e-01,1.183130815625190735e-01,-5.866108089685440063e-02
-1.308756172657012939e-01,1.183130815625190735e-01,-5.866108089685440063e-02
-1.305749565362930298e-01,1.181192249059677124e-01,-5.865786597132682800e-02
-1.305749565362930298e-01,1.181192249059677124e-01,-5.865786597132682800e-02
-1.302746981382369995e-01,1.179251521825790405e-01,-5.865393206477165222e-02
-1.302746981382369995e-01,1.179251521825790405e-01,-5.865393206477165222e-02
-1.299748718738555908e-01,1.177308782935142517e-01,-5.864927545189857483e-02
-1.299748718738555908e-01,1.177308782935142517e-01,-5.864927545189857483e-02
-1.296754479408264160e-01,1.175363659858703613e-01,-5.864389240741729736e-02
-1.296754479408264160e-01,1.175363659858703613e-01,-5.864389240741729736e-02
-1.293764710426330566e-01,1.173416599631309509e-01,-5.863780155777931213e-02
-1.293764710426330566e-01,1.173416599631309509e-01,-5.863780155777931213e-02
-1.290779113769531250e-01,1.171467453241348267e-01,-5.863098800182342529e-02
-1.290779113769531250e-01,1.171467453241348267e-01,-5.863098800182342529e-02
-1.287797540426254272e-01,1.169516220688819885e-01,-5.862347036600112915e-02
-1.287797540426254272e-01,1.169516220688819885e-01,-5.862347036600112915e-02
-1.284819990396499634e-01,1.167562976479530334e-01,-5.861524492502212524e-02
-1.284819990396499634e-01,1.167562976479530334e-01,-5.861524492502212524e-02
-1.281846612691879272e-01,1.165607646107673645e-01,-5.860630422830581665e-02
-1.281846612691879272e-01,1.165607646107673645e-01,-5.860630422830581665e-02
-1.278877258300781250e-01,1.163650229573249817e-01,-5.859666317701339722e-02
-1.278877258300781250e-01,1.163650229573249817e-01,-5.859666317701339722e-02
-1.275911927223205566e-01,1.161690950393676758e-01,-5.858631804585456848e-02
-1.275911927223205566e-01,1.161690950393676758e-01,-5.858631804585456848e-02
-1.272950768470764160e-01,1.159729734063148499e-01,-5.857526510953903198e-02
-1.272950768470764160e-01,1.159729734063148499e-01,-5.857526510953903198e-02
-1.269993335008621216e-01,1.157766133546829224e-01,-5.856353417038917542e-02
-1.269993335008621216e-01,1.157766133546829224e-01,-5.856353417038917542e-02
-1.267040073871612549e-01,1.155800968408584595e-01,-5.855108797550201416e-02
-1.267040073871612549e-01,1.155800968408584595e-01,-5.855108797550201416e-02
-1.264090687036514282e-01,1.153833866119384766e-01,-5.853796377778053284e-02
-1.264090687036514282e-01,1.153833866119384766e-01,-5.853796377778053284e-02
-1.261145025491714478e-01,1.151864826679229736e-01,-5.852414295077323914e-02
-1.261145025491714478e-01,1.151864826679229736e-01,-5.852414295077323914e-02
-1.258203387260437012e-01,1.149893924593925476e-01,-5.850963667035102844e-02
-1.258203387260437012e-01,1.149893924593925476e-01,-5.850963667035102844e-02
-1.255265623331069946e-01,1.147920936346054077e-01,-5.849443748593330383e-02
-1.255265623331069946e-01,1.147920936346054077e-01,-5.849443748593330383e-02
-1.252331733703613281e-01,1.145946308970451355e-01,-5.847856402397155762e-02
-1.252331733703613281e-01,1.145946308970451355e-01,-5.847856402397155762e-02
-1.249401569366455078e-01,1.143969818949699402e-01,-5.846200883388519287e-02
-1.249401569366455078e-01,1.143969818949699402e-01,-5.846200883388519287e-02
-1.246475130319595337e-01,1.141991466283798218e-01,-5.844476819038391113e-02
-1.246475130319595337e-01,1.141991466283798218e-01,-5.844476819038391113e-02
-1.243552565574645996e-01,1.140011250972747803e-01,-5.842685699462890625e-02
-1.243552565574645996e-01,1.140011250972747803e-01,-5.842685699462890625e-02
-1.240633651614189148e-01,1.138029322028160095e-01,-5.840827152132987976e-02
-1.240633651614189148e-01,1.138029322028160095e-01,-5.840827152132987976e-02
-1.237718388438224792e-01,1.136045530438423157e-01,-5.838901549577713013e-02
-1.237718388438224792e-01,1.136045530438423157e-01,-5.838901549577713013e-02
-1.234806850552558899e-01,1.134060323238372803e-01,-5.836908891797065735e-02
-1.234806850552558899e-01,1.134060323238372803e-01,-5.836908891797065735e-02
-1.231899037957191467e-01,1.132073029875755310e-01,-5.834849551320075989e-02
-1.231899037957191467e-01,1.132073029875755310e-01,-5.834849551320075989e-02
-1.228994801640510559e-01,1.130084246397018433e-01,-5.832723900675773621e-02
-1.228994801640510559e-01,1.130084246397018433e-01,-5.832723900675773621e-02
-1.226093992590904236e-01,1.128093600273132324e-01,-5.830531567335128784e-02
-1.226093992590904236e-01,1.128093600273132324e-01,-5.830531567335128784e-02
-1.223196908831596375e-01,1.126101240515708923e-01,-5.828273668885231018e-02
-1.223196908831596375e-01,1.126101240515708923e-01,-5.828273668885231018e-02
-1.220303401350975037e-01,1.124107316136360168e-01,-5.825950205326080322e-02
-1.220303401350975037e-01,1.124107316136360168e-01,-5.825950205326080322e-02
-1.217413544654846191e-01,1.122111901640892029e-01,-5.823560804128646851e-02
-1.217413544654846191e-01,1.122111901640892029e-01,-5.823560804128646851e-02
-1.214527115225791931e-01,1.120114699006080627e-01,-5.821106955409049988e-02
-1.214527115225791931e-01,1.120114699006080627e-01,-5.821106955409049988e-02
-1.211643889546394348e-01,1.118115931749343872e-01,-5.818586796522140503e-02
-1.211643889546394348e-01,1.118115931749343872e-01,-5.818586796522140503e-02
-1.208764314651489258e-01,1.116115525364875793e-01,-5.816002935171127319e-02
-1.208764314651489258e-01,1.116115525364875793e-01,-5.816002935171127319e-02
-1.205888241529464722e-01,1.114113777875900269e-01,-5.813354998826980591e-02
-1.205888241529464722e-01,1.114113777875900269e-01,-5.813354998826980591e-02
-1.203015521168708801e-01,1.112110391259193420e-01,-5.810641869902610779e-02
-1.203015521168708801e-01,1.112110391259193420e-01,-5.810641869902610779e-02
-1.200146079063415527e-01,1.110105291008949280e-01,-5.807864665985107422e-02
-1.200146079063415527e-01,1.110105291008949280e-01,-5.807864665985107422e-02
-1.197279915213584900e-01,1.108098849654197693e-01,-5.805024132132530212e-02
-1.197279915213584900e-01,1.108098849654197693e-01,-5.805024132132530212e-02
-1.194417178630828857e-01,1.106090843677520752e-01,-5.802119895815849304e-02
-1.194417178630828857e-01,1.106090843677520752e-01,-5.802119895815849304e-02
-1.191557943820953369e-01,1.104081422090530396e-01,-5.799151957035064697e-02
-1.191557943820953369e-01,1.104081422090530396e-01,-5.799151957035064697e-02
-1.188701689243316650e-01,1.102070435881614685e-01,-5.796121433377265930e-02
-1.188701689243316650e-01,1.102070435881614685e-01,-5.796121433377265930e-02
-1.185848712921142578e-01,1.100058108568191528e-01,-5.793027952313423157e-02
-1.185848712921142578e-01,1.100058108568191528e-01,-5.793027952313423157e-02
-1.182999238371849060e-01,1.098044365644454956e-01,-5.789871886372566223e-02
-1.182999238371849060e-01,1.098044365644454956e-01,-5.789871886372566223e-02
-1.180152595043182373e-01,1.096029132604598999e-01,-5.786652863025665283e-02
-1.180152595043182373e-01,1.096029132604598999e-01,-5.786652863025665283e-02
-1.177309229969978333e-01,1.094012558460235596e-01,-5.783372372388839722e-02
-1.177309229969978333e-01,1.094012558460235596e-01,-5.783372372388839722e-02
-1.174469143152236938e-01,1.091994643211364746e-01,-5.780029296875000000e-02
-1.174469143152236938e-01,1.091994643211364746e-01,-5.780029296875000000e-02
-1.171631962060928345e-01,1.089975386857986450e-01,-5.776624754071235657e-02
-1.171631962060928345e-01,1.089975386857986450e-01,-5.776624754071235657e-02
-1.168798059225082397e-01,1.087954789400100708e-01,-5.773159489035606384e-02
-1.168798059225082397e-01,1.087954789400100708e-01,-5.773159489035606384e-02
-1.165967211127281189e-01,1.085932999849319458e-01,-5.769632756710052490e-02
-1.165967211127281189e-01,1.085932999849319458e-01,-5.769632756710052490e-02
-1.163139417767524719e-01,1.083909720182418823e-01,-5.766044184565544128e-02
-1.163139417767524719e-01,1.083909720182418823e-01,-5.766044184565544128e-02
-1.160314455628395081e-01,1.081885173916816711e-01,-5.762395262718200684e-02
-1.160314455628395081e-01,1.081885173916816711e-01,-5.762395262718200684e-02
-1.157492622733116150e-01,1.079859584569931030e-01,-5.758686363697052002e-02
-1.157492622733116150e-01,1.079859584569931030e-01,-5.758686363697052002e-02
-1.154673844575881958e-01,1.077832579612731934e-01,-5.754916742444038391e-02
-1.154673844575881958e-01,1.077832579612731934e-01,-5.754916742444038391e-02
-1.151857823133468628e-01,1.075804382562637329e-01,-5.751087516546249390e-02
-1.151857823133468628e-01,1.075804382562637329e-01,-5.751087516546249390e-02
-1.149044781923294067e-01,1.073774993419647217e-01,-5.747199058532714844e-02
-1.149044781923294067e-01,1.073774993419647217e-01,-5.747199058532714844e-02
-1.146234720945358276e-01,1.071744486689567566e-01,-5.743250250816345215e-02
-1.146234720945358276e-01,1.071744486689567566e-01,-5.743250250816345215e-02
-1.143427342176437378e-01,1.069712862372398376e-01,-5.739242956042289734e-02
-1.143427342176437378e-01,1.069712862372398376e-01,-5.739242956042289734e-02
-1.140623018145561218e-01,1.067679822444915771e-01,-5.735174939036369324e-02
-1.140623018145561218e-01,1.067679822444915771e-01,-5.735174939036369324e-02
-1.137821376323699951e-01,1.065645813941955566e-01,-5.731049925088882446e-02
-1.137821376323699951e-01,1.065645813941955566e-01,-5.731049925088882446e-02
-1.135022565722465515e-01,1.063610762357711792e-01,-5.726865679025650024e-02
-1.135022565722465515e-01,1.063610762357711792e-01,-5.726865679025650024e-02
-1.132226511836051941e-01,1.061574518680572510e-01,-5.722622573375701904e-02
-1.132226511836051941e-01,1.061574518680572510e-01,-5.722622573375701904e-02
-1.129433140158653259e-01,1.059537157416343689e-01,-5.718321725726127625e-02
-1.129433140158653259e-01,1.059537157416343689e-01,-5.718321725726127625e-02
-1.126642674207687378e-01,1.057498827576637268e-01,-5.713963136076927185e-02
-1.126642674207687378e-01,1.057498827576637268e-01,-5.713963136076927185e-02
-1.123854741454124451e-01,1.055459529161453247e-01,-5.709546804428100586e-02
-1.123854741454124451e-01,1.055459529161453247e-01,-5.709546804428100586e-02
-1.121069565415382385e-01,1.053419187664985657e-01,-5.705073103308677673e-02
-1.121069565415382385e-01,1.053419187664985657e-01,-5.705073103308677673e-02
-1.118286773562431335e-01,1.051377579569816589e-01,-5.700542405247688293e-02
-1.118286773562431335e-01,1.051377579569816589e-01,-5.700542405247688293e-02
-1.115506887435913086e-01,1.049335226416587830e-01,-5.695954337716102600e-02
-1.115506887435913086e-01,1.049335226416587830e-01,-5.695954337716102600e-02
-1.112729385495185852e-01,1.047291904687881470e-01,-5.691310763359069824e-02
-1.112729385495185852e-01,1.047291904687881470e-01,-5.691310763359069824e-02
-1.109954640269279480e-01,1.045247539877891541e-01,-5.686609447002410889e-02
-1.109954640269279480e-01,1.045247539877891541e-01,-5.686609447002410889e-02
-1.107182204723358154e-01,1.043202355504035950e-01,-5.681852251291275024e-02
-1.107182204723358154e-01,1.043202355504035950e-01,-5.681852251291275024e-02
-1.104412451386451721e-01,1.041156277060508728e-01,-5.677039921283721924e-02
-1.104412451386451721e-01,1.041156277060508728e-01,-5.677039921283721924e-02
-1.101645156741142273e-01,1.039109155535697937e-01,-5.672170966863632202e-02
-1.101645156741142273e-01,1.039109155535697937e-01,-5.672170966863632202e-02
-1.098880395293235779e-01,1.037061363458633423e-01,-5.667246878147125244e-02
-1.098880395293235779e-01,1.037061363458633423e-01,-5.667246878147125244e-02
-1.096117869019508362e-01,1.035012528300285339e-01,-5.662268027663230896e-02
-1.096117869019508362e-01,1.035012528300285339e-01,-5.662268027663230896e-02
-1.093357875943183899e-01,1.032962948083877563e-01,-5.657232925295829773e-02
-1.093357875943183899e-01,1.032962948083877563e-01,-5.657232925295829773e-02
-1.090600267052650452e-01,1.030912399291992188e-01,-5.652144551277160645e-02
-1.090600267052650452e-01,1.030912399291992188e-01,-5.652144551277160645e-02
-1.087845042347908020e-01,1.028861105442047119e-01,-5.647001042962074280e-02
-1.087845042347908020e-01,1.028861105442047119e-01,-5.647001042962074280e-02
-1.085091978311538696e-01,1.026809215545654297e-01,-5.641802772879600525e-02
-1.085091978311538696e-01,1.026809215545654297e-01,-5.641802772879600525e-02
-1.082341447472572327e-01,1.024756431579589844e-01,-5.636550858616828918e-02
-1.082341447472572327e-01,1.024756431579589844e-01,-5.636550858616828918e-02
-1.079593151807785034e-01,1.022702977061271667e-01,-5.631245300173759460e-02
-1.079593151807785034e-01,1.022702977061271667e-01,-5.631245300173759460e-02
-1.076846942305564880e-01,1.020648702979087830e-01,-5.625885725021362305e-02
-1.076846942305564880e-01,1.020648702979087830e-01,-5.625885725021362305e-02
-1.074103042483329773e-01,1.018593758344650269e-01,-5.620472878217697144e-02
-1.074103042483329773e-01,1.018593758344650269e-01,-5.620472878217697144e-02
-1.071361526846885681e-01,1.016537994146347046e-01,-5.615006759762763977e-02
-1.071361526846885681e-01,1.016537994146347046e-01,-5.615006759762763977e-02
-1.068621873855590820e-01,1.014481708407402039e-01,-5.609487742185592651e-02
-1.068621873855590820e-01,1.014481708407402039e-01,-5.609487742185592651e-02
-1.065884754061698914e-01,1.012424752116203308e-01,-5.603916943073272705e-02
-1.065884754061698914e-01,1.012424752116203308e-01,-5.603916943073272705e-02
-1.063149645924568176e-01,1.010367125272750854e-01,-5.598293617367744446e-02
-1.063149645924568176e-01,1.010367125272750854e-01,-5.598293617367744446e-02
-1.060416400432586670e-01,1.008308902382850647e-01,-5.592617392539978027e-02
-1.060416400432586670e-01,1.008308902382850647e-01,-5.592617392539978027e-02
-1.057685613632202148e-01,1.006250008940696716e-01,-5.586889386177062988e-02
-1.057685613632202148e-01,1.006250008940696716e-01,-5.586889386177062988e-02
-1.054956540465354919e-01,1.004190593957901001e-01,-5.581109970808029175e-02
-1.054956540465354919e-01,1.004190593957901001e-01,-5.581109970808029175e-02
-1.052229627966880798e-01,1.002130508422851562e-01,-5.575279891490936279e-02
-1.052229627966880798e-01,1.002130508422851562e-01,-5.575279891490936279e-02
-1.049504801630973816e-01,1.000069901347160339e-01,-5.569397285580635071e-02
-1.049504801630973816e-01,1.000069901347160339e-01,-5.569397285580635071e-02
-1.046781837940216064e-01,9.980089217424392700e-02,-5.563464388251304626e-02
-1.046781837940216064e-01,9.980089217424392700e-02,-5.563464388251304626e-02
-1.044060960412025452e-01,9.959474205970764160e-02,-5.557480454444885254e-02
-1.044060960412025452e-01,9.959474205970764160e-02,-5.557480454444885254e-02
-1.041341722011566162e-01,9.938853234052658081e-02,-5.551446229219436646e-02
-1.041341722011566162e-01,9.938853234052658081e-02,-5.551446229219436646e-02
-1.038624793291091919e-01,9.918227791786193848e-02,-5.545362085103988647e-02
-1.038624793291091919e-01,9.918227791786193848e-02,-5.545362085103988647e-02
-1.035909429192543030e-01,9.897596389055252075e-02,-5.539227649569511414e-02
-1.035909429192543030e-01,9.897596389055252075e-02,-5.539227649569511414e-02
-1.033195927739143372e-01,9.876962006092071533e-02,-5.533043295145034790e-02
-1.033195927739143372e-01,9.876962006092071533e-02,-5.533043295145034790e-02
-1.030484437942504883e-01,9.856323152780532837e-02,-5.526809394359588623e-02
-1.030484437942504883e-01,9.856323152780532837e-02,-5.526809394359588623e-02
-1.027774587273597717e-01,9.835679829120635986e-02,-5.520526319742202759e-02
-1.027774587273597717e-01,9.835679829120635986e-02,-5.520526319742202759e-02
-1.025066673755645752e-01,9.815033525228500366e-02,-5.514194071292877197e-02
-1.025066673755645752e-01,9.815033525228500366e-02,-5.514194071292877197e-02
-1.022360324859619141e-01,9.794383496046066284e-02,-5.507813766598701477e-02
-1.022360324859619141e-01,9.794383496046066284e-02,-5.507813766598701477e-02
-1.019655838608741760e-01,9.773729741573333740e-02,-5.501383915543556213e-02
-1.019655838608741760e-01,9.773729741573333740e-02,-5.501383915543556213e-02
-1.016953140497207642e-01,9.753071516752243042e-02,-5.494906380772590637e-02
-1.016953140497207642e-01,9.753071516752243042e-02,-5.494906380772590637e-02
-1.014251857995986938e-01,9.732412546873092651e-02,-5.488379672169685364e-02
-1.014251857995986938e-01,9.732412546873092651e-02,-5.488379672169685364e-02
-1.011552438139915466e-01,9.711749106645584106e-02,-5.481807142496109009e-02
-1.011552438139915466e-01,9.711749106645584106e-02,-5.481807142496109009e-02
-1.008854508399963379e-01,9.691084176301956177e-02,-5.475185066461563110e-02
-1.008854508399963379e-01,9.691084176301956177e-02,-5.475185066461563110e-02
-1.006158366799354553e-01,9.670414775609970093e-02,-5.468516424298286438e-02
-1.006158366799354553e-01,9.670414775609970093e-02,-5.468516424298286438e-02
-1.003463640809059143e-01,9.649743139743804932e-02,-5.461800843477249146e-02
-1.003463640809059143e-01,9.649743139743804932e-02,-5.461800843477249146e-02
-1.000770404934883118e-01,9.629070758819580078e-02,-5.455037578940391541e-02
-1.000770404934883118e-01,9.629070758819580078e-02,-5.455037578940391541e-02
-9.980789572000503540e-02,9.608396142721176147e-02,-5.448228120803833008e-02
-9.980789572000503540e-02,9.608396142721176147e-02,-5.448228120803833008e-02
-9.953886270523071289e-02,9.587718546390533447e-02,-5.441372469067573547e-02
-9.953886270523071289e-02,9.587718546390533447e-02,-5.441372469067573547e-02
-9.927000105381011963e-02,9.567040205001831055e-02,-5.434470623731613159e-02
-9.927000105381011963e-02,9.567040205001831055e-02,-5.434470623731613159e-02
-9.900128096342086792e-02,9.546360373497009277e-02,-5.427521839737892151e-02
-9.900128096342086792e-02,9.546360373497009277e-02,-5.427521839737892151e-02
-9.873270243406295776e-02,9.525678306818008423e-02,-5.420528352260589600e-02
-9.873270243406295776e-02,9.525678306818008423e-02,-5.420528352260589600e-02
-9.846425801515579224e-02,9.504995495080947876e-02,-5.413489043712615967e-02
-9.846425801515579224e-02,9.504995495080947876e-02,-5.413489043712615967e-02
-9.819596260786056519e-02,9.484312683343887329e-02,-5.406404286623001099e-02
-9.819596260786056519e-02,9.484312683343887329e-02,-5.406404286623001099e-02
-9.792779386043548584e-02,9.463628381490707397e-02,-5.399274826049804688e-02
-9.792779386043548584e-02,9.463628381490707397e-02,-5.399274826049804688e-02
-9.765976667404174805e-02,9.442944079637527466e-02,-5.392100661993026733e-02
-9.765976667404174805e-02,9.442944079637527466e-02,-5.392100661993026733e-02
-9.739185124635696411e-02,9.422258287668228149e-02,-5.384882166981697083e-02
-9.739185124635696411e-02,9.422258287668228149e-02,-5.384882166981697083e-02
-9.712406992912292480e-02,9.401571750640869141e-02,-5.377618595957756042e-02
-9.712406992912292480e-02,9.401571750640869141e-02,-5.377618595957756042e-02
-9.685641527175903320e-02,9.380886703729629517e-02,-5.370311811566352844e-02
-9.685641527175903320e-02,9.380886703729629517e-02,-5.370311811566352844e-02
-9.658887982368469238e-02,9.360201656818389893e-02,-5.362961068749427795e-02
-9.658887982368469238e-02,9.360201656818389893e-02,-5.362961068749427795e-02
-9.632147848606109619e-02,9.339516609907150269e-02,-5.355565994977951050e-02
-9.632147848606109619e-02,9.339516609907150269e-02,-5.355565994977951050e-02
-9.605418890714645386e-02,9.318833053112030029e-02,-5.348128452897071838e-02
-9.605418890714645386e-02,9.318833053112030029e-02,-5.348128452897071838e-02
-9.578700363636016846e-02,9.298148751258850098e-02,-5.340646579861640930e-02
-9.578700363636016846e-02,9.298148751258850098e-02,-5.340646579861640930e-02
-9.551993012428283691e-02,9.277465939521789551e-02,-5.333123728632926941e-02
-9.551993012428283691e-02,9.277465939521789551e-02,-5.333123728632926941e-02
-9.525296837091445923e-02,9.256782382726669312e-02,-5.325556546449661255e-02
-9.525296837091445923e-02,9.256782382726669312e-02,-5.325556546449661255e-02
-9.498610347509384155e-02,9.236102551221847534e-02,-5.317948386073112488e-02
-9.498610347509384155e-02,9.236102551221847534e-02,-5.317948386073112488e-02
-9.471936523914337158e-02,9.215423464775085449e-02,-5.310296267271041870e-02
-9.471936523914337158e-02,9.215423464775085449e-02,-5.310296267271041870e-02
-9.445270895957946777e-02,9.194745123386383057e-02,-5.302603542804718018e-02
-9.445270895957946777e-02,9.194745123386383057e-02,-5.302603542804718018e-02
-9.418616443872451782e-02,9.174069762229919434e-02,-5.294869095087051392e-02
-9.418616443872451782e-02,9.174069762229919434e-02,-5.294869095087051392e-02
-9.391969442367553711e-02,9.153395146131515503e-02,-5.287092924118041992e-02
-9.391969442367553711e-02,9.153395146131515503e-02,-5.287092924118041992e-02
-9.365335106849670410e-02,9.132724255323410034e-02,-5.279275774955749512e-02
-9.365335106849670410e-02,9.132724255323410034e-02,-5.279275774955749512e-02
-9.338707476854324341e-02,9.112054109573364258e-02,-5.271417275071144104e-02
-9.338707476854324341e-02,9.112054109573364258e-02,-5.271417275071144104e-02
-9.312090277671813965e-02,9.091389179229736328e-02,-5.263517796993255615e-02
-9.312090277671813965e-02,9.091389179229736328e-02,-5.263517796993255615e-02
-9.285481274127960205e-02,9.070724248886108398e-02,-5.255578830838203430e-02
-9.285481274127960205e-02,9.070724248886108398e-02,-5.255578830838203430e-02
-9.258880466222763062e-02,9.050062298774719238e-02,-5.247599259018898010e-02
-9.258880466222763062e-02,9.050062298774719238e-02,-5.247599259018898010e-02
-9.232287853956222534e-02,9.029403328895568848e-02,-5.239579826593399048e-02
-9.232287853956222534e-02,9.029403328895568848e-02,-5.239579826593399048e-02
-9.205703437328338623e-02,9.008748084306716919e-02,-5.231520161032676697e-02
-9.205703437328338623e-02,9.008748084306716919e-02,-5.231520161032676697e-02
-9.179127216339111328e-02,8.988096565008163452e-02,-5.223420634865760803e-02
-9.179127216339111328e-02,8.988096565008163452e-02,-5.223420634865760803e-02
-9.152556210756301880e-02,8.967448770999908447e-02,-5.215283483266830444e-02
-9.152556210756301880e-02,8.967448770999908447e-02,-5.215283483266830444e-02
-9.125993400812149048e-02,8.946804702281951904e-02,-5.207105353474617004e-02
-9.125993400812149048e-02,8.946804702281951904e-02,-5.207105353474617004e-02
-9.099438786506652832e-02,8.926164358854293823e-02,-5.198889970779418945e-02
-9.099438786506652832e-02,8.926164358854293823e-02,-5.198889970779418945e-02
-9.072888642549514771e-02,8.905528485774993896e-02,-5.190634354948997498e-02
-9.072888642549514771e-02,8.905528485774993896e-02,-5.190634354948997498e-02
-9.046345949172973633e-02,8.884896337985992432e-02,-5.182341858744621277e-02
-9.046345949172973633e-02,8.884896337985992432e-02,-5.182341858744621277e-02
-9.019809961318969727e-02,8.864268660545349121e-02,-5.174009874463081360e-02
-9.019809961318969727e-02,8.864268660545349121e-02,-5.174009874463081360e-02
-8.993278443813323975e-02,8.843646198511123657e-02,-5.165641754865646362e-02
-8.993278443813323975e-02,8.843646198511123657e-02,-5.165641754865646362e-02
-8.966753631830215454e-02,8.823028206825256348e-02,-5.157235264778137207e-02
-8.966753631830215454e-02,8.823028206825256348e-02,-5.157235264778137207e-02
-8.940233290195465088e-02,8.802415430545806885e-02,-5.148790031671524048e-02
-8.940233290195465088e-02,8.802415430545806885e-02,-5.148790031671524048e-02
-8.913718909025192261e-02,8.781807124614715576e-02,-5.140309780836105347e-02
-8.913718909025192261e-02,8.781807124614715576e-02,-5.140309780836105347e-02
-8.887208998203277588e-02,8.761205524206161499e-02,-5.131791159510612488e-02
-8.887208998203277588e-02,8.761205524206161499e-02,-5.131791159510612488e-02
-8.860704302787780762e-02,8.740608394145965576e-02,-5.123236030340194702e-02
-8.860704302787780762e-02,8.740608394145965576e-02,-5.123236030340194702e-02
-8.834202587604522705e-02,8.720018714666366577e-02,-5.114645510911941528e-02
-8.834202587604522705e-02,8.720018714666366577e-02,-5.114645510911941528e-02
-8.807706087827682495e-02,8.699433505535125732e-02,-5.106018111109733582e-02
-8.807706087827682495e-02,8.699433505535125732e-02,-5.106018111109733582e-02
-8.781213313341140747e-02,8.678854256868362427e-02,-5.097353830933570862e-02
-8.781213313341140747e-02,8.678854256868362427e-02,-5.097353830933570862e-02
-8.754722774028778076e-02,8.658282458782196045e-02,-5.088655650615692139e-02
-8.754722774028778076e-02,8.658282458782196045e-02,-5.088655650615692139e-02
-8.728236705064773560e-02,8.637715876102447510e-02,-5.079920217394828796e-02
-8.728236705064773560e-02,8.637715876102447510e-02,-5.079920217394828796e-02
-8.701754361391067505e-02,8.617157489061355591e-02,-5.071149766445159912e-02
-8.701754361391067505e-02,8.617157489061355591e-02,-5.071149766445159912e-02
-8.675274252891540527e-02,8.596604317426681519e-02,-5.062345415353775024e-02
-8.675274252891540527e-02,8.596604317426681519e-02,-5.062345415353775024e-02
-8.648796379566192627e-02,8.576058596372604370e-02,-5.053506419062614441e-02
-8.648796379566192627e-02,8.576058596372604370e-02,-5.053506419062614441e-02
-8.622321486473083496e-02,8.555521070957183838e-02,-5.044631287455558777e-02
-8.622321486473083496e-02,8.555521070957183838e-02,-5.044631287455558777e-02
-8.595848083496093750e-02,8.534990251064300537e-02,-5.035723745822906494e-02
-8.595848083496093750e-02,8.534990251064300537e-02,-5.035723745822906494e-02
-8.569376170635223389e-02,8.514467626810073853e-02,-5.026781186461448669e-02
-8.569376170635223389e-02,8.514467626810073853e-02,-5.026781186461448669e-02
-8.542906492948532104e-02,8.493951708078384399e-02,-5.017804354429244995e-02
-8.542906492948532104e-02,8.493951708078384399e-02,-5.017804354429244995e-02
-8.516438305377960205e-02,8.473444730043411255e-02,-5.008793994784355164e-02
-8.516438305377960205e-02,8.473444730043411255e-02,-5.008793994784355164e-02
-8.489970117807388306e-02,8.452945947647094727e-02,-4.999751225113868713e-02
-8.489970117807388306e-02,8.452945947647094727e-02,-4.999751225113868713e-02
-8.463504165410995483e-02,8.432454615831375122e-02,-4.990674927830696106e-02
-8.463504165410995483e-02,8.432454615831375122e-02,-4.990674927830696106e-02
-8.437037467956542969e-02,8.411972224712371826e-02,-4.981565475463867188e-02
-8.437037467956542969e-02,8.411972224712371826e-02,-4.981565475463867188e-02
-8.410571515560150146e-02,8.391498774290084839e-02,-4.972423613071441650e-02
-8.410571515560150146e-02,8.391498774290084839e-02,-4.972423613071441650e-02
-8.384105563163757324e-02,8.371034264564514160e-02,-4.963249713182449341e-02
-8.384105563163757324e-02,8.371034264564514160e-02,-4.963249713182449341e-02
-8.357639610767364502e-02,8.350577950477600098e-02,-4.954043030738830566e-02
-8.357639610767364502e-02,8.350577950477600098e-02,-4.954043030738830566e-02
-8.331172913312911987e-02,8.330131322145462036e-02,-4.944804683327674866e-02
-8.331172913312911987e-02,8.330131322145462036e-02,-4.944804683327674866e-02
-8.304705470800399780e-02,8.309693634510040283e-02,-4.935534298419952393e-02
-8.304705470800399780e-02,8.309693634510040283e-02,-4.935534298419952393e-02
-8.278237283229827881e-02,8.289266377687454224e-02,-4.926233366131782532e-02
-8.278237283229827881e-02,8.289266377687454224e-02,-4.926233366131782532e-02
-8.251767605543136597e-02,8.268848806619644165e-02,-4.916900396347045898e-02
-8.251767605543136597e-02,8.268848806619644165e-02,-4.916900396347045898e-02
-8.225296437740325928e-02,8.248440176248550415e-02,-4.907537251710891724e-02
-8.225296437740325928e-02,8.248440176248550415e-02,-4.907537251710891724e-02
-8.198823034763336182e-02,8.228042721748352051e-02,-4.898142442107200623e-02
-8.198823034763336182e-02,8.228042721748352051e-02,-4.898142442107200623e-02
-8.172349631786346436e-02,8.207655698060989380e-02,-4.888717830181121826e-02
-8.172349631786346436e-02,8.207655698060989380e-02,-4.888717830181121826e-02
-8.145872503519058228e-02,8.187277615070343018e-02,-4.879262670874595642e-02
-8.145872503519058228e-02,8.187277615070343018e-02,-4.879262670874595642e-02
-8.119392395019531250e-02,8.166911453008651733e-02,-4.869776964187622070e-02
-8.119392395019531250e-02,8.166911453008651733e-02,-4.869776964187622070e-02
-8.092910051345825195e-02,8.146556466817855835e-02,-4.860262945294380188e-02
-8.092910051345825195e-02,8.146556466817855835e-02,-4.860262945294380188e-02
-8.066424727439880371e-02,8.126212656497955322e-02,-4.850717633962631226e-02
-8.066424727439880371e-02,8.126212656497955322e-02,-4.850717633962631226e-02
-8.039936423301696777e-02,8.105878531932830811e-02,-4.841144755482673645e-02
-8.039936423301696777e-02,8.105878531932830811e-02,-4.841144755482673645e-02
-8.013445138931274414e-02,8.085557073354721069e-02,-4.831542074680328369e-02
-8.013445138931274414e-02,8.085557073354721069e-02,-4.831542074680328369e-02
-7.986948639154434204e-02,8.065247535705566406e-02,-4.821909964084625244e-02
-7.986948639154434204e-02,8.065247535705566406e-02,-4.821909964084625244e-02
-7.960448414087295532e-02,8.044948428869247437e-02,-4.812250286340713501e-02
-7.960448414087295532e-02,8.044948428869247437e-02,-4.812250286340713501e-02
-7.933944463729858398e-02,8.024662733078002930e-02,-4.802561178803443909e-02
-7.933944463729858398e-02,8.024662733078002930e-02,-4.802561178803443909e-02
-7.907436043024063110e-02,8.004388213157653809e-02,-4.792844876646995544e-02
-7.907436043024063110e-02,8.004388213157653809e-02,-4.792844876646995544e-02
-7.880923151969909668e-02,7.984124869108200073e-02,-4.783099889755249023e-02
-7.880923151969909668e-02,7.984124869108200073e-02,-4.783099889755249023e-02
-7.854403555393218994e-02,7.963875681161880493e-02,-4.773328080773353577e-02
-7.854403555393218994e-02,7.963875681161880493e-02,-4.773328080773353577e-02
-7.827880978584289551e-02,7.943638414144515991e-02,-4.763528704643249512e-02
-7.827880978584289551e-02,7.943638414144515991e-02,-4.763528704643249512e-02
-7.801350206136703491e-02,7.923414558172225952e-02,-4.753701761364936829e-02
-7.801350206136703491e-02,7.923414558172225952e-02,-4.753701761364936829e-02
-7.774814963340759277e-02,7.903204858303070068e-02,-4.743847995996475220e-02
-7.774814963340759277e-02,7.903204858303070068e-02,-4.743847995996475220e-02
-7.748274505138397217e-02,7.883005589246749878e-02,-4.733967781066894531e-02
-7.748274505138397217e-02,7.883005589246749878e-02,-4.733967781066894531e-02
-7.721728086471557617e-02,7.862821966409683228e-02,-4.724061489105224609e-02
-7.721728086471557617e-02,7.862821966409683228e-02,-4.724061489105224609e-02
-7.695174217224121094e-02,7.842651009559631348e-02,-4.714128747582435608e-02
-7.695174217224121094e-02,7.842651009559631348e-02,-4.714128747582435608e-02
-7.668612152338027954e-02,7.822494208812713623e-02,-4.704169556498527527e-02
-7.668612152338027954e-02,7.822494208812713623e-02,-4.704169556498527527e-02
-7.642044872045516968e-02,7.802350074052810669e-02,-4.694185033440589905e-02
-7.642044872045516968e-02,7.802350074052810669e-02,-4.694185033440589905e-02
-7.615470141172409058e-02,7.782221585512161255e-02,-4.684174805879592896e-02
-7.615470141172409058e-02,7.782221585512161255e-02,-4.684174805879592896e-02
-7.588887214660644531e-02,7.762107253074645996e-02,-4.674139618873596191e-02
-7.588887214660644531e-02,7.762107253074645996e-02,-4.674139618873596191e-02
-7.562297582626342773e-02,7.742007076740264893e-02,-4.664079099893569946e-02
-7.562297582626342773e-02,7.742007076740264893e-02,-4.664079099893569946e-02
-7.535698264837265015e-02,7.721921056509017944e-02,-4.653993621468544006e-02
-7.535698264837265015e-02,7.721921056509017944e-02,-4.653993621468544006e-02
-7.509091496467590332e-02,7.701850682497024536e-02,-4.643884673714637756e-02
-7.509091496467590332e-02,7.701850682497024536e-02,-4.643884673714637756e-02
-7.482476532459259033e-02,7.681794464588165283e-02,-4.633749648928642273e-02
-7.482476532459259033e-02,7.681794464588165283e-02,-4.633749648928642273e-02
-7.455851137638092041e-02,7.661754637956619263e-02,-4.623592272400856018e-02
-7.455851137638092041e-02,7.661754637956619263e-02,-4.623592272400856018e-02
-7.429218292236328125e-02,7.641728967428207397e-02,-4.613409936428070068e-02
-7.429218292236328125e-02,7.641728967428207397e-02,-4.613409936428070068e-02
-7.402575761079788208e-02,7.621719688177108765e-02,-4.603205248713493347e-02
-7.402575761079788208e-02,7.621719688177108765e-02,-4.603205248713493347e-02
-7.375923544168472290e-02,7.601726055145263672e-02,-4.592976346611976624e-02
-7.375923544168472290e-02,7.601726055145263672e-02,-4.592976346611976624e-02
-7.349260896444320679e-02,7.581748813390731812e-02,-4.582723602652549744e-02
-7.349260896444320679e-02,7.581748813390731812e-02,-4.582723602652549744e-02
-7.322588562965393066e-02,7.561787217855453491e-02,-4.572449252009391785e-02
-7.322588562965393066e-02,7.561787217855453491e-02,-4.572449252009391785e-02
-7.295905798673629761e-02,7.541841268539428711e-02,-4.562151432037353516e-02
-7.295905798673629761e-02,7.541841268539428711e-02,-4.562151432037353516e-02
-7.269212603569030762e-02,7.521911710500717163e-02,-4.551832377910614014e-02
-7.269212603569030762e-02,7.521911710500717163e-02,-4.551832377910614014e-02
-7.242508977651596069e-02,7.502000033855438232e-02,-4.541490226984024048e-02
-7.242508977651596069e-02,7.502000033855438232e-02,-4.541490226984024048e-02
-7.215793430805206299e-02,7.482104748487472534e-02,-4.531126096844673157e-02
-7.215793430805206299e-02,7.482104748487472534e-02,-4.531126096844673157e-02
-7.189066708087921143e-02,7.462225854396820068e-02,-4.520740360021591187e-02
-7.189066708087921143e-02,7.462225854396820068e-02,-4.520740360021591187e-02
-7.162328809499740601e-02,7.442366331815719604e-02,-4.510333389043807983e-02
-7.162328809499740601e-02,7.442366331815719604e-02,-4.510333389043807983e-02
-7.135578244924545288e-02,7.422521710395812988e-02,-4.499905183911323547e-02
-7.135578244924545288e-02,7.422521710395812988e-02,-4.499905183911323547e-02
-7.108817249536514282e-02,7.402694970369338989e-02,-4.489456489682197571e-02
-7.108817249536514282e-02,7.402694970369338989e-02,-4.489456489682197571e-02
-7.082041352987289429e-02,7.382887601852416992e-02,-4.478986561298370361e-02
-7.082041352987289429e-02,7.382887601852416992e-02,-4.478986561298370361e-02
-7.055254280567169189e-02,7.363096624612808228e-02,-4.468495398759841919e-02
-7.055254280567169189e-02,7.363096624612808228e-02,-4.468495398759841919e-02
-7.028454542160034180e-02,7.343324273824691772e-02,-4.457985237240791321e-02
-7.028454542160034180e-02,7.343324273824691772e-02,-4.457985237240791321e-02
-7.001641392707824707e-02,7.323569804430007935e-02,-4.447454586625099182e-02
-7.001641392707824707e-02,7.323569804430007935e-02,-4.447454586625099182e-02
-6.974814832210540771e-02,7.303833961486816406e-02,-4.436904191970825195e-02
-6.974814832210540771e-02,7.303833961486816406e-02,-4.436904191970825195e-02
-6.947974860668182373e-02,7.284118235111236572e-02,-4.426333680748939514e-02
-6.947974860668182373e-02,7.284118235111236572e-02,-4.426333680748939514e-02
-6.921119987964630127e-02,7.264419645071029663e-02,-4.415744543075561523e-02
-6.921119987964630127e-02,7.264419645071029663e-02,-4.415744543075561523e-02
-6.894251704216003418e-02,7.244740426540374756e-02,-4.405136406421661377e-02
-6.894251704216003418e-02,7.244740426540374756e-02,-4.405136406421661377e-02
-6.867368519306182861e-02,7.225080579519271851e-02,-4.394509643316268921e-02
-6.867368519306182861e-02,7.225080579519271851e-02,-4.394509643316268921e-02
-6.840472668409347534e-02,7.205440104007720947e-02,-4.383863508701324463e-02
-6.840472668409347534e-02,7.205440104007720947e-02,-4.383863508701324463e-02
-6.813559681177139282e-02,7.185819745063781738e-02,-4.373199492692947388e-02
-6.813559681177139282e-02,7.185819745063781738e-02,-4.373199492692947388e-02
-6.786631792783737183e-02,7.166218012571334839e-02,-4.362516850233078003e-02
-6.786631792783737183e-02,7.166218012571334839e-02,-4.362516850233078003e-02
-6.759689003229141235e-02,7.146637141704559326e-02,-4.351817071437835693e-02
-6.759689003229141235e-02,7.146637141704559326e-02,-4.351817071437835693e-02
-6.732730567455291748e-02,7.127074897289276123e-02,-4.341099411249160767e-02
-6.732730567455291748e-02,7.127074897289276123e-02,-4.341099411249160767e-02
-6.705757230520248413e-02,7.107535004615783691e-02,-4.330363869667053223e-02
-6.705757230520248413e-02,7.107535004615783691e-02,-4.330363869667053223e-02
-6.678766012191772461e-02,7.088014483451843262e-02,-4.319612309336662292e-02
-6.678766012191772461e-02,7.088014483451843262e-02,-4.319612309336662292e-02
-6.651759147644042969e-02,7.068515568971633911e-02,-4.308842495083808899e-02
-6.651759147644042969e-02,7.068515568971633911e-02,-4.308842495083808899e-02
-6.624735146760940552e-02,7.049036026000976562e-02,-4.298056662082672119e-02
-6.624735146760940552e-02,7.049036026000976562e-02,-4.298056662082672119e-02
-6.597694754600524902e-02,7.029578089714050293e-02,-4.287254065275192261e-02
-6.597694754600524902e-02,7.029578089714050293e-02,-4.287254065275192261e-02
-6.570636481046676636e-02,7.010141015052795410e-02,-4.276435822248458862e-02
-6.570636481046676636e-02,7.010141015052795410e-02,-4.276435822248458862e-02
-6.543560326099395752e-02,6.990725547075271606e-02,-4.265600815415382385e-02
-6.543560326099395752e-02,6.990725547075271606e-02,-4.265600815415382385e-02
-6.516468524932861328e-02,6.971332430839538574e-02,-4.254750907421112061e-02
-6.516468524932861328e-02,6.971332430839538574e-02,-4.254750907421112061e-02
-6.489357352256774902e-02,6.951960176229476929e-02,-4.243885353207588196e-02
-6.489357352256774902e-02,6.951960176229476929e-02,-4.243885353207588196e-02
-6.462228298187255859e-02,6.932610273361206055e-02,-4.233004152774810791e-02
-6.462228298187255859e-02,6.932610273361206055e-02,-4.233004152774810791e-02
-6.435080617666244507e-02,6.913282722234725952e-02,-4.222108423709869385e-02
-6.435080617666244507e-02,6.913282722234725952e-02,-4.222108423709869385e-02
-6.407914310693740845e-02,6.893977522850036621e-02,-4.211197048425674438e-02
-6.407914310693740845e-02,6.893977522850036621e-02,-4.211197048425674438e-02
-6.380728632211685181e-02,6.874693930149078369e-02,-4.200271889567375183e-02
-6.380728632211685181e-02,6.874693930149078369e-02,-4.200271889567375183e-02
-6.353523582220077515e-02,6.855433434247970581e-02,-4.189331829547882080e-02
-6.353523582220077515e-02,6.855433434247970581e-02,-4.189331829547882080e-02
-6.326299905776977539e-02,6.836196035146713257e-02,-4.178378731012344360e-02
-6.326299905776977539e-02,6.836196035146713257e-02,-4.178378731012344360e-02
-6.299056112766265869e-02,6.816981732845306396e-02,-4.167411103844642639e-02
-6.299056112766265869e-02,6.816981732845306396e-02,-4.167411103844642639e-02
-6.271792203187942505e-02,6.797789782285690308e-02,-4.156429693102836609e-02
-6.271792203187942505e-02,6.797789782285690308e-02,-4.156429693102836609e-02
-6.244509294629096985e-02,6.778622418642044067e-02,-4.145435243844985962e-02
-6.244509294629096985e-02,6.778622418642044067e-02,-4.145435243844985962e-02
-6.217204034328460693e-02,6.759477406740188599e-02,-4.134427383542060852e-02
-6.217204034328460693e-02,6.759477406740188599e-02,-4.134427383542060852e-02
-6.189879029989242554e-02,6.740356981754302979e-02,-4.123406857252120972e-02
-6.189879029989242554e-02,6.740356981754302979e-02,-4.123406857252120972e-02
-6.162533164024353027e-02,6.721259653568267822e-02,-4.112374410033226013e-02
-6.162533164024353027e-02,6.721259653568267822e-02,-4.112374410033226013e-02
-6.135165691375732422e-02,6.702186912298202515e-02,-4.101328924298286438e-02
-6.135165691375732422e-02,6.702186912298202515e-02,-4.101328924298286438e-02
-6.107776984572410583e-02,6.683138757944107056e-02,-4.090270772576332092e-02
-6.107776984572410583e-02,6.683138757944107056e-02,-4.090270772576332092e-02
-6.080365926027297974e-02,6.664115190505981445e-02,-4.079201444983482361e-02
-6.080365926027297974e-02,6.664115190505981445e-02,-4.079201444983482361e-02
-6.052934005856513977e-02,6.645115464925765991e-02,-4.068120196461677551e-02
-6.052934005856513977e-02,6.645115464925765991e-02,-4.068120196461677551e-02
-6.025478988885879517e-02,6.626141071319580078e-02,-4.057027399539947510e-02
-6.025478988885879517e-02,6.626141071319580078e-02,-4.057027399539947510e-02
-5.998001247644424438e-02,6.607191264629364014e-02,-4.045923426747322083e-02
-5.998001247644424438e-02,6.607191264629364014e-02,-4.045923426747322083e-02
-5.970501154661178589e-02,6.588266789913177490e-02,-4.034808278083801270e-02
-5.970501154661178589e-02,6.588266789913177490e-02,-4.034808278083801270e-02
-5.942977964878082275e-02,6.569369137287139893e-02,-4.023682698607444763e-02
-5.942977964878082275e-02,6.569369137287139893e-02,-4.023682698607444763e-02
-5.915431305766105652e-02,6.550495326519012451e-02,-4.012546688318252563e-02
-5.915431305766105652e-02,6.550495326519012451e-02,-4.012546688318252563e-02
-5.887861922383308411e-02,6.531647592782974243e-02,-4.001400247216224670e-02
-5.887861922383308411e-02,6.531647592782974243e-02,-4.001400247216224670e-02
-5.860267579555511475e-02,6.512825191020965576e-02,-3.990243747830390930e-02
-5.860267579555511475e-02,6.512825191020965576e-02,-3.990243747830390930e-02
-5.832649767398834229e-02,6.494030356407165527e-02,-3.979077562689781189e-02
-5.832649767398834229e-02,6.494030356407165527e-02,-3.979077562689781189e-02
-5.805007368326187134e-02,6.475260853767395020e-02,-3.967902064323425293e-02
-5.805007368326187134e-02,6.475260853767395020e-02,-3.967902064323425293e-02
-5.777341499924659729e-02,6.456518173217773438e-02,-3.956717252731323242e-02
-5.777341499924659729e-02,6.456518173217773438e-02,-3.956717252731323242e-02
-5.749649554491043091e-02,6.437802314758300781e-02,-3.945522755384445190e-02
-5.749649554491043091e-02,6.437802314758300781e-02,-3.945522755384445190e-02
-5.721933767199516296e-02,6.419113278388977051e-02,-3.934320062398910522e-02
-5.721933767199516296e-02,6.419113278388977051e-02,-3.934320062398910522e-02
-5.694191902875900269e-02,6.400450319051742554e-02,-3.923108428716659546e-02
-5.694191902875900269e-02,6.400450319051742554e-02,-3.923108428716659546e-02
-5.666424706578254700e-02,6.381815671920776367e-02,-3.911888599395751953e-02
-5.666424706578254700e-02,6.381815671920776367e-02,-3.911888599395751953e-02
-5.638631433248519897e-02,6.363207846879959106e-02,-3.900660574436187744e-02
-5.638631433248519897e-02,6.363207846879959106e-02,-3.900660574436187744e-02
-5.610812082886695862e-02,6.344627588987350464e-02,-3.889424726366996765e-02
-5.610812082886695862e-02,6.344627588987350464e-02,-3.889424726366996765e-02
-5.582967028021812439e-02,6.326074898242950439e-02,-3.878181055188179016e-02
-5.582967028021812439e-02,6.326074898242950439e-02,-3.878181055188179016e-02
-5.555095151066780090e-02,6.307550519704818726e-02,-3.866929933428764343e-02
-5.555095151066780090e-02,6.307550519704818726e-02,-3.866929933428764343e-02
-5.527196079492568970e-02,6.289053708314895630e-02,-3.855671733617782593e-02
-5.527196079492568970e-02,6.289053708314895630e-02,-3.855671733617782593e-02
-5.499269813299179077e-02,6.270585954189300537e-02,-3.844407200813293457e-02
-5.499269813299179077e-02,6.270585954189300537e-02,-3.844407200813293457e-02
-5.471317097544670105e-02,6.252145767211914062e-02,-3.833135589957237244e-02
-5.471317097544670105e-02,6.252145767211914062e-02,-3.833135589957237244e-02
-5.443336069583892822e-02,6.233736127614974976e-02,-3.821856901049613953e-02
-5.443336069583892822e-02,6.233736127614974976e-02,-3.821856901049613953e-02
-5.415327474474906921e-02,6.215352937579154968e-02,-3.810573741793632507e-02
-5.415327474474906921e-02,6.215352937579154968e-02,-3.810573741793632507e-02
-5.387290194630622864e-02,6.196999549865722656e-02,-3.799282386898994446e-02
-5.387290194630622864e-02,6.196999549865722656e-02,-3.799282386898994446e-02
-5.359225720167160034e-02,6.178675964474678040e-02,-3.787986189126968384e-02
-5.359225720167160034e-02,6.178675964474678040e-02,-3.787986189126968384e-02
-5.331132188439369202e-02,6.160381436347961426e-02,-3.776684775948524475e-02
-5.331132188439369202e-02,6.160381436347961426e-02,-3.776684775948524475e-02
-5.303009599447250366e-02,6.142116338014602661e-02,-3.765378147363662720e-02
-5.303009599447250366e-02,6.142116338014602661e-02,-3.765378147363662720e-02
-5.274857953190803528e-02,6.123880296945571899e-02,-3.754066303372383118e-02
-5.274857953190803528e-02,6.123880296945571899e-02,-3.754066303372383118e-02
-5.246677249670028687e-02,6.105675175786018372e-02,-3.742749243974685669e-02
-5.246677249670028687e-02,6.105675175786018372e-02,-3.742749243974685669e-02
-5.218466743826866150e-02,6.087499856948852539e-02,-3.731428086757659912e-02
-5.218466743826866150e-02,6.087499856948852539e-02,-3.731428086757659912e-02
-5.190226063132286072e-02,6.069354340434074402e-02,-3.720102831721305847e-02
-5.190226063132286072e-02,6.069354340434074402e-02,-3.720102831721305847e-02
-5.161955580115318298e-02,6.051240116357803345e-02,-3.708773851394653320e-02
-5.161955580115318298e-02,6.051240116357803345e-02,-3.708773851394653320e-02
-5.133654922246932983e-02,6.033156067132949829e-02,-3.697440400719642639e-02
-5.133654922246932983e-02,6.033156067132949829e-02,-3.697440400719642639e-02
-5.105323344469070435e-02,6.015103310346603394e-02,-3.686102852225303650e-02
-5.105323344469070435e-02,6.015103310346603394e-02,-3.686102852225303650e-02
-5.076960846781730652e-02,5.997080355882644653e-02,-3.674762696027755737e-02
-5.076960846781730652e-02,5.997080355882644653e-02,-3.674762696027755737e-02
-5.048567429184913635e-02,5.979089438915252686e-02,-3.663419559597969055e-02
-5.048567429184913635e-02,5.979089438915252686e-02,-3.663419559597969055e-02
-5.020141974091529846e-02,5.961129814386367798e-02,-3.652073070406913757e-02
-5.020141974091529846e-02,5.961129814386367798e-02,-3.652073070406913757e-02
-4.991686344146728516e-02,5.943202599883079529e-02,-3.640724346041679382e-02
-4.991686344146728516e-02,5.943202599883079529e-02,-3.640724346041679382e-02
-4.963197931647300720e-02,5.925304815173149109e-02,-3.629372641444206238e-02
-4.963197931647300720e-02,5.925304815173149109e-02,-3.629372641444206238e-02
-4.934677109122276306e-02,5.907440930604934692e-02,-3.618019819259643555e-02
-4.934677109122276306e-02,5.907440930604934692e-02,-3.618019819259643555e-02
-4.906124249100685120e-02,5.889609456062316895e-02,-3.606664016842842102e-02
-4.906124249100685120e-02,5.889609456062316895e-02,-3.606664016842842102e-02
-4.877538979053497314e-02,5.871809646487236023e-02,-3.595307096838951111e-02
-4.877538979053497314e-02,5.871809646487236023e-02,-3.595307096838951111e-02
-4.848919808864593506e-02,5.854041501879692078e-02,-3.583947941660881042e-02
-4.848919808864593506e-02,5.854041501879692078e-02,-3.583947941660881042e-02
-4.820268601179122925e-02,5.836306884884834290e-02,-3.572588413953781128e-02
-4.820268601179122925e-02,5.836306884884834290e-02,-3.572588413953781128e-02
-4.791583493351936340e-02,5.818604677915573120e-02,-3.561227396130561829e-02
-4.791583493351936340e-02,5.818604677915573120e-02,-3.561227396130561829e-02
-4.762865975499153137e-02,5.800935253500938416e-02,-3.549866005778312683e-02
-4.762865975499153137e-02,5.800935253500938416e-02,-3.549866005778312683e-02
-4.734112694859504700e-02,5.783299729228019714e-02,-3.538503870368003845e-02
-4.734112694859504700e-02,5.783299729228019714e-02,-3.538503870368003845e-02
-4.705326631665229797e-02,5.765696987509727478e-02,-3.527140989899635315e-02
-4.705326631665229797e-02,5.765696987509727478e-02,-3.527140989899635315e-02
-4.676505178213119507e-02,5.748127773404121399e-02,-3.515779227018356323e-02
-4.676505178213119507e-02,5.748127773404121399e-02,-3.515779227018356323e-02
-4.647649079561233521e-02,5.730592086911201477e-02,-3.504416719079017639e-02
-4.647649079561233521e-02,5.730592086911201477e-02,-3.504416719079017639e-02
-4.618758335709571838e-02,5.713091045618057251e-02,-3.493055328726768494e-02
-4.618758335709571838e-02,5.713091045618057251e-02,-3.493055328726768494e-02
-4.589832946658134460e-02,5.695623904466629028e-02,-3.481694683432579041e-02
-4.589832946658134460e-02,5.695623904466629028e-02,-3.481694683432579041e-02
-4.560871422290802002e-02,5.678191035985946655e-02,-3.470334783196449280e-02
-4.560871422290802002e-02,5.678191035985946655e-02,-3.470334783196449280e-02
-4.531874507665634155e-02,5.660791695117950439e-02,-3.458975255489349365e-02
-4.531874507665634155e-02,5.660791695117950439e-02,-3.458975255489349365e-02
-4.502841830253601074e-02,5.643428489565849304e-02,-3.447618708014488220e-02
-4.502841830253601074e-02,5.643428489565849304e-02,-3.447618708014488220e-02
-4.473772644996643066e-02,5.626099184155464172e-02,-3.436262905597686768e-02
-4.473772644996643066e-02,5.626099184155464172e-02,-3.436262905597686768e-02
-4.444667324423789978e-02,5.608804896473884583e-02,-3.424908593297004700e-02
-4.444667324423789978e-02,5.608804896473884583e-02,-3.424908593297004700e-02
-4.415524378418922424e-02,5.591546744108200073e-02,-3.413557261228561401e-02
-4.415524378418922424e-02,5.591546744108200073e-02,-3.413557261228561401e-02
-4.386345669627189636e-02,5.574322119355201721e-02,-3.402207046747207642e-02
-4.386345669627189636e-02,5.574322119355201721e-02,-3.402207046747207642e-02
-4.357128590345382690e-02,5.557133629918098450e-02,-3.390860557556152344e-02
-4.357128590345382690e-02,5.557133629918098450e-02,-3.390860557556152344e-02
-4.327875375747680664e-02,5.539982393383979797e-02,-3.379516303539276123e-02
-4.327875375747680664e-02,5.539982393383979797e-02,-3.379516303539276123e-02
-4.298583418130874634e-02,5.522865802049636841e-02,-3.368175402283668518e-02
-4.298583418130874634e-02,5.522865802049636841e-02,-3.368175402283668518e-02
-4.269253835082054138e-02,5.505784600973129272e-02,-3.356837853789329529e-02
-4.269253835082054138e-02,5.505784600973129272e-02,-3.356837853789329529e-02
-4.239885881543159485e-02,5.488741025328636169e-02,-3.345503658056259155e-02
-4.239885881543159485e-02,5.488741025328636169e-02,-3.345503658056259155e-02
-4.210479930043220520e-02,5.471733957529067993e-02,-3.334173932671546936e-02
-4.210479930043220520e-02,5.471733957529067993e-02,-3.334173932671546936e-02
-4.181034862995147705e-02,5.454762279987335205e-02,-3.322847560048103333e-02
-4.181034862995147705e-02,5.454762279987335205e-02,-3.322847560048103333e-02
-4.151550680398941040e-02,5.437828600406646729e-02,-3.311525657773017883e-02
-4.151550680398941040e-02,5.437828600406646729e-02,-3.311525657773017883e-02
-4.122027754783630371e-02,5.420931056141853333e-02,-3.300207853317260742e-02
-4.122027754783630371e-02,5.420931056141853333e-02,-3.300207853317260742e-02
-4.092465341091156006e-02,5.404071137309074402e-02,-3.288894891738891602e-02
-4.092465341091156006e-02,5.404071137309074402e-02,-3.288894891738891602e-02
-4.062862694263458252e-02,5.387248098850250244e-02,-3.277587145566940308e-02
-4.062862694263458252e-02,5.387248098850250244e-02,-3.277587145566940308e-02
-4.033220931887626648e-02,5.370463058352470398e-02,-3.266284614801406860e-02
-4.033220931887626648e-02,5.370463058352470398e-02,-3.266284614801406860e-02
-4.003538563847541809e-02,5.353715643286705017e-02,-3.254987671971321106e-02
-4.003538563847541809e-02,5.353715643286705017e-02,-3.254987671971321106e-02
-3.973815590143203735e-02,5.337006598711013794e-02,-3.243696317076683044e-02
-3.973815590143203735e-02,5.337006598711013794e-02,-3.243696317076683044e-02
-3.944051265716552734e-02,5.320334807038307190e-02,-3.232410550117492676e-02
-3.944051265716552734e-02,5.320334807038307190e-02,-3.232410550117492676e-02
-3.914246708154678345e-02,5.303702130913734436e-02,-3.221131488680839539e-02
-3.914246708154678345e-02,5.303702130913734436e-02,-3.221131488680839539e-02
-3.884400054812431335e-02,5.287106707692146301e-02,-3.209858015179634094e-02
-3.884400054812431335e-02,5.287106707692146301e-02,-3.209858015179634094e-02
-3.854512795805931091e-02,5.270550400018692017e-02,-3.198591992259025574e-02
-3.854512795805931091e-02,5.270550400018692017e-02,-3.198591992259025574e-02
-3.824583441019058228e-02,5.254033580422401428e-02,-3.187332302331924438e-02
-3.824583441019058228e-02,5.254033580422401428e-02,-3.187332302331924438e-02
-3.794611990451812744e-02,5.237554758787155151e-02,-3.176080062985420227e-02
-3.794611990451812744e-02,5.237554758787155151e-02,-3.176080062985420227e-02
-3.764598816633224487e-02,5.221115797758102417e-02,-3.164835274219512939e-02
-3.764598816633224487e-02,5.221115797758102417e-02,-3.164835274219512939e-02
-3.734541684389114380e-02,5.204716697335243225e-02,-3.153597936034202576e-02
-3.734541684389114380e-02,5.204716697335243225e-02,-3.153597936034202576e-02
-3.704443573951721191e-02,5.188356339931488037e-02,-3.142368420958518982e-02
-3.704443573951721191e-02,5.188356339931488037e-02,-3.142368420958518982e-02
-3.674301505088806152e-02,5.172035843133926392e-02,-3.131146356463432312e-02
-3.674301505088806152e-02,5.172035843133926392e-02,-3.131146356463432312e-02
-3.644115850329399109e-02,5.155755579471588135e-02,-3.119933605194091797e-02
-3.644115850329399109e-02,5.155755579471588135e-02,-3.119933605194091797e-02
-3.613887354731559753e-02,5.139514803886413574e-02,-3.108729235827922821e-02
-3.613887354731559753e-02,5.139514803886413574e-02,-3.108729235827922821e-02
-3.583614900708198547e-02,5.123314261436462402e-02,-3.097533248364925385e-02
-3.583614900708198547e-02,5.123314261436462402e-02,-3.097533248364925385e-02
-3.553298488259315491e-02,5.107154697179794312e-02,-3.086346574127674103e-02
-3.553298488259315491e-02,5.107154697179794312e-02,-3.086346574127674103e-02
-3.522937372326850891e-02,5.091035738587379456e-02,-3.075168654322624207e-02
-3.522937372326850891e-02,5.091035738587379456e-02,-3.075168654322624207e-02
-3.492531552910804749e-02,5.074957013130187988e-02,-3.064000606536865234e-02
-3.492531552910804749e-02,5.074957013130187988e-02,-3.064000606536865234e-02
-3.462082147598266602e-02,5.058919638395309448e-02,-3.052842430770397186e-02
-3.462082147598266602e-02,5.058919638395309448e-02,-3.052842430770397186e-02
-3.431586176156997681e-02,5.042923614382743835e-02,-3.041693940758705139e-02
-3.431586176156997681e-02,5.042923614382743835e-02,-3.041693940758705139e-02
-3.401045873761177063e-02,5.026968568563461304e-02,-3.030555881559848785e-02
-3.401045873761177063e-02,5.026968568563461304e-02,-3.030555881559848785e-02
-3.370459377765655518e-02,5.011055245995521545e-02,-3.019428253173828125e-02
-3.370459377765655518e-02,5.011055245995521545e-02,-3.019428253173828125e-02
-3.339827805757522583e-02,4.995183646678924561e-02,-3.008311055600643158e-02
-3.339827805757522583e-02,4.995183646678924561e-02,-3.008311055600643158e-02
-3.309149667620658875e-02,4.979353398084640503e-02,-2.997205033898353577e-02
-3.309149667620658875e-02,4.979353398084640503e-02,-2.997205033898353577e-02
-3.278424963355064392e-02,4.963566362857818604e-02,-2.986110188066959381e-02
-3.278424963355064392e-02,4.963566362857818604e-02,-2.986110188066959381e-02
-3.247654810547828674e-02,4.947820305824279785e-02,-2.975026518106460571e-02
-3.247654810547828674e-02,4.947820305824279785e-02,-2.975026518106460571e-02
-3.216836601495742798e-02,4.932117834687232971e-02,-2.963954955339431763e-02
-3.216836601495742798e-02,4.932117834687232971e-02,-2.963954955339431763e-02
-3.185971826314926147e-02,4.916457831859588623e-02,-2.952894754707813263e-02
-3.185971826314926147e-02,4.916457831859588623e-02,-2.952894754707813263e-02
-3.155059367418289185e-02,4.900840297341346741e-02,-2.941846847534179688e-02
-3.155059367418289185e-02,4.900840297341346741e-02,-2.941846847534179688e-02
-3.124099783599376678e-02,4.885264858603477478e-02,-2.930811792612075806e-02
-3.124099783599376678e-02,4.885264858603477478e-02,-2.930811792612075806e-02
-3.093091957271099091e-02,4.869733750820159912e-02,-2.919788658618927002e-02
-3.093091957271099091e-02,4.869733750820159912e-02,-2.919788658618927002e-02
-3.062036633491516113e-02,4.854245856404304504e-02,-2.908778563141822815e-02
-3.062036633491516113e-02,4.854245856404304504e-02,-2.908778563141822815e-02
-3.030932135879993439e-02,4.838801175355911255e-02,-2.897781319916248322e-02
-3.030932135879993439e-02,4.838801175355911255e-02,-2.897781319916248322e-02
-2.999779954552650452e-02,4.823401197791099548e-02,-2.886797860264778137e-02
-2.999779954552650452e-02,4.823401197791099548e-02,-2.886797860264778137e-02
-2.968577854335308075e-02,4.808043316006660461e-02,-2.875827252864837646e-02
-2.968577854335308075e-02,4.808043316006660461e-02,-2.875827252864837646e-02
-2.937327884137630463e-02,4.792730510234832764e-02,-2.864870987832546234e-02
-2.937327884137630463e-02,4.792730510234832764e-02,-2.864870987832546234e-02
-2.906027808785438538e-02,4.777462035417556763e-02,-2.853928692638874054e-02
-2.906027808785438538e-02,4.777462035417556763e-02,-2.853928692638874054e-02
-2.874678187072277069e-02,4.762237891554832458e-02,-2.843000181019306183e-02
-2.874678187072277069e-02,4.762237891554832458e-02,-2.843000181019306183e-02
-2.843278646469116211e-02,4.747058823704719543e-02,-2.832086384296417236e-02
-2.843278646469116211e-02,4.747058823704719543e-02,-2.832086384296417236e-02
-2.811829000711441040e-02,4.731923714280128479e-02,-2.821187861263751984e-02
-2.811829000711441040e-02,4.731923714280128479e-02,-2.821187861263751984e-02
-2.780328877270221710e-02,4.716834053397178650e-02,-2.810304611921310425e-02
-2.780328877270221710e-02,4.716834053397178650e-02,-2.810304611921310425e-02
-2.748778648674488068e-02,4.701789841055870056e-02,-2.799435518682003021e-02
-2.748778648674488068e-02,4.701789841055870056e-02,-2.799435518682003021e-02
-2.717176824808120728e-02,4.686790704727172852e-02,-2.788582257926464081e-02
-2.717176824808120728e-02,4.686790704727172852e-02,-2.788582257926464081e-02
-2.685524336993694305e-02,4.671836271882057190e-02,-2.777744457125663757e-02
-2.685524336993694305e-02,4.671836271882057190e-02,-2.777744457125663757e-02
-2.653820440173149109e-02,4.656928032636642456e-02,-2.766922675073146820e-02
-2.653820440173149109e-02,4.656928032636642456e-02,-2.766922675073146820e-02
-2.622064761817455292e-02,4.642066732048988342e-02,-2.756117098033428192e-02
-2.622064761817455292e-02,4.642066732048988342e-02,-2.756117098033428192e-02
-2.590257488191127777e-02,4.627250880002975464e-02,-2.745328098535537720e-02
-2.590257488191127777e-02,4.627250880002975464e-02,-2.745328098535537720e-02
-2.558397687971591949e-02,4.612480476498603821e-02,-2.734555676579475403e-02
-2.558397687971591949e-02,4.612480476498603821e-02,-2.734555676579475403e-02
-2.526485361158847809e-02,4.597757011651992798e-02,-2.723800204694271088e-02
-2.526485361158847809e-02,4.597757011651992798e-02,-2.723800204694271088e-02
-2.494521252810955048e-02,4.583080485463142395e-02,-2.713061869144439697e-02
-2.494521252810955048e-02,4.583080485463142395e-02,-2.713061869144439697e-02
-2.462502941489219666e-02,4.568450525403022766e-02,-2.702340297400951385e-02
-2.462502941489219666e-02,4.568450525403022766e-02,-2.702340297400951385e-02
-2.430432103574275970e-02,4.553867504000663757e-02,-2.691637165844440460e-02
-2.430432103574275970e-02,4.553867504000663757e-02,-2.691637165844440460e-02
-2.398307994008064270e-02,4.539331793785095215e-02,-2.680951543152332306e-02
-2.398307994008064270e-02,4.539331793785095215e-02,-2.680951543152332306e-02
-2.366130612790584564e-02,4.524843394756317139e-02,-2.670283429324626923e-02
-2.366130612790584564e-02,4.524843394756317139e-02,-2.670283429324626923e-02
-2.333898842334747314e-02,4.510401934385299683e-02,-2.659634500741958618e-02
-2.333898842334747314e-02,4.510401934385299683e-02,-2.659634500741958618e-02
-2.301612496376037598e-02,4.496008902788162231e-02,-2.649003267288208008e-02
-2.301612496376037598e-02,4.496008902788162231e-02,-2.649003267288208008e-02
-2.269272133708000183e-02,4.481663927435874939e-02,-2.638391405344009399e-02
-2.269272133708000183e-02,4.481663927435874939e-02,-2.638391405344009399e-02
-2.236876823008060455e-02,4.467366263270378113e-02,-2.627798542380332947e-02
-2.236876823008060455e-02,4.467366263270378113e-02,-2.627798542380332947e-02
-2.204426750540733337e-02,4.453117027878761292e-02,-2.617224678397178650e-02
-2.204426750540733337e-02,4.453117027878761292e-02,-2.617224678397178650e-02
-2.171922288835048676e-02,4.438916221261024475e-02,-2.606670185923576355e-02
-2.171922288835048676e-02,4.438916221261024475e-02,-2.606670185923576355e-02
-2.139361202716827393e-02,4.424764215946197510e-02,-2.596135810017585754e-02
-2.139361202716827393e-02,4.424764215946197510e-02,-2.596135810017585754e-02
-2.106745168566703796e-02,4.410661011934280396e-02,-2.585621178150177002e-02
-2.106745168566703796e-02,4.410661011934280396e-02,-2.585621178150177002e-02
-2.074072882533073425e-02,4.396606236696243286e-02,-2.575126849114894867e-02
-2.074072882533073425e-02,4.396606236696243286e-02,-2.575126849114894867e-02
-2.041344344615936279e-02,4.382601752877235413e-02,-2.564653195440769196e-02
-2.041344344615936279e-02,4.382601752877235413e-02,-2.564653195440769196e-02
-2.008559927344322205e-02,4.368646070361137390e-02,-2.554199844598770142e-02
-2.008559927344322205e-02,4.368646070361137390e-02,-2.554199844598770142e-02
-1.975717768073081970e-02,4.354739561676979065e-02,-2.543767541646957397e-02
-1.975717768073081970e-02,4.354739561676979065e-02,-2.543767541646957397e-02
-1.942819170653820038e-02,4.340883344411849976e-02,-2.533356286585330963e-02
-1.942819170653820038e-02,4.340883344411849976e-02,-2.533356286585330963e-02
-1.909863762557506561e-02,4.327076673507690430e-02,-2.522966638207435608e-02
-1.909863762557506561e-02,4.327076673507690430e-02,-2.522966638207435608e-02
-1.876850798726081848e-02,4.313319921493530273e-02,-2.512598782777786255e-02
-1.876850798726081848e-02,4.313319921493530273e-02,-2.512598782777786255e-02
-1.843778975307941437e-02,4.299613088369369507e-02,-2.502252347767353058e-02
-1.843778975307941437e-02,4.299613088369369507e-02,-2.502252347767353058e-02
-1.810650341212749481e-02,4.285957664251327515e-02,-2.491928078234195709e-02
-1.810650341212749481e-02,4.285957664251327515e-02,-2.491928078234195709e-02
-1.777462847530841827e-02,4.272352531552314758e-02,-2.481626346707344055e-02
-1.777462847530841827e-02,4.272352531552314758e-02,-2.481626346707344055e-02
-1.744217984378337860e-02,4.258798435330390930e-02,-2.471347525715827942e-02
-1.744217984378337860e-02,4.258798435330390930e-02,-2.471347525715827942e-02
-1.710912957787513733e-02,4.245295003056526184e-02,-2.461091056466102600e-02
-1.710912957787513733e-02,4.245295003056526184e-02,-2.461091056466102600e-02
-1.677550002932548523e-02,4.231841862201690674e-02,-2.450857684016227722e-02
-1.677550002932548523e-02,4.231841862201690674e-02,-2.450857684016227722e-02
-1.644127257168292999e-02,4.218440875411033630e-02,-2.440647594630718231e-02
-1.644127257168292999e-02,4.218440875411033630e-02,-2.440647594630718231e-02
-1.610645093023777008e-02,4.205091297626495361e-02,-2.430460974574089050e-02
-1.610645093023777008e-02,4.205091297626495361e-02,-2.430460974574089050e-02
-1.577103510499000549e-02,4.191793501377105713e-02,-2.420298568904399872e-02
-1.577103510499000549e-02,4.191793501377105713e-02,-2.420298568904399872e-02
-1.543500926345586777e-02,4.178547859191894531e-02,-2.410159818828105927e-02
-1.543500926345586777e-02,4.178547859191894531e-02,-2.410159818828105927e-02
-1.509839296340942383e-02,4.165353626012802124e-02,-2.400045469403266907e-02
-1.509839296340942383e-02,4.165353626012802124e-02,-2.400045469403266907e-02
-1.476116478443145752e-02,4.152211919426918030e-02,-2.389955520629882812e-02
-1.476116478443145752e-02,4.152211919426918030e-02,-2.389955520629882812e-02
-1.442333869636058807e-02,4.139122739434242249e-02,-2.379890345036983490e-02
-1.442333869636058807e-02,4.139122739434242249e-02,-2.379890345036983490e-02
-1.408489048480987549e-02,4.126085713505744934e-02,-2.369850315153598785e-02
-1.408489048480987549e-02,4.126085713505744934e-02,-2.369850315153598785e-02
-1.374583225697278976e-02,4.113102331757545471e-02,-2.359835058450698853e-02
-1.374583225697278976e-02,4.113102331757545471e-02,-2.359835058450698853e-02
-1.340616028755903244e-02,4.100170731544494629e-02,-2.349845878779888153e-02
-1.340616028755903244e-02,4.100170731544494629e-02,-2.349845878779888153e-02
-1.306587550789117813e-02,4.087293148040771484e-02,-2.339881658554077148e-02
-1.306587550789117813e-02,4.087293148040771484e-02,-2.339881658554077148e-02
-1.272496115416288376e-02,4.074469208717346191e-02,-2.329943887889385223e-02
-1.272496115416288376e-02,4.074469208717346191e-02,-2.329943887889385223e-02
-1.238342933356761932e-02,4.061697795987129211e-02,-2.320031821727752686e-02
-1.238342933356761932e-02,4.061697795987129211e-02,-2.320031821727752686e-02
-1.204126887023448944e-02,4.048981145024299622e-02,-2.310146763920783997e-02
-1.204126887023448944e-02,4.048981145024299622e-02,-2.310146763920783997e-02
-1.169848721474409103e-02,4.036317020654678345e-02,-2.300287783145904541e-02
-1.169848721474409103e-02,4.036317020654678345e-02,-2.300287783145904541e-02
-1.135507412254810333e-02,4.023708030581474304e-02,-2.290455996990203857e-02
-1.135507412254810333e-02,4.023708030581474304e-02,-2.290455996990203857e-02
-1.101102493703365326e-02,4.011153057217597961e-02,-2.280651032924652100e-02
-1.101102493703365326e-02,4.011153057217597961e-02,-2.280651032924652100e-02
-1.066633500158786774e-02,3.998652100563049316e-02,-2.270873636007308960e-02
-1.066633500158786774e-02,3.998652100563049316e-02,-2.270873636007308960e-02
-1.032101083546876907e-02,3.986206650733947754e-02,-2.261123619973659515e-02
-1.032101083546876907e-02,3.986206650733947754e-02,-2.261123619973659515e-02
-9.975051507353782654e-03,3.973815590143203735e-02,-2.251401543617248535e-02
-9.975051507353782654e-03,3.973815590143203735e-02,-2.251401543617248535e-02
-9.628451429307460785e-03,3.961478918790817261e-02,-2.241707593202590942e-02
-9.628451429307460785e-03,3.961478918790817261e-02,-2.241707593202590942e-02
-9.281201288104057312e-03,3.949197381734848022e-02,-2.232041954994201660e-02
-9.281201288104057312e-03,3.949197381734848022e-02,-2.232041954994201660e-02
-8.933296427130699158e-03,3.936971724033355713e-02,-2.222405001521110535e-02
-8.933296427130699158e-03,3.936971724033355713e-02,-2.222405001521110535e-02
-8.584749884903430939e-03,3.924801200628280640e-02,-2.212796546518802643e-02
-8.584749884903430939e-03,3.924801200628280640e-02,-2.212796546518802643e-02
-8.235543034970760345e-03,3.912686929106712341e-02,-2.203217521309852600e-02
-8.235543034970760345e-03,3.912686929106712341e-02,-2.203217521309852600e-02
-7.885682396590709686e-03,3.900628536939620972e-02,-2.193667180836200714e-02
-7.885682396590709686e-03,3.900628536939620972e-02,-2.193667180836200714e-02
-7.535169366747140884e-03,3.888625279068946838e-02,-2.184146642684936523e-02
-7.535169366747140884e-03,3.888625279068946838e-02,-2.184146642684936523e-02
-7.183988112956285477e-03,3.876679390668869019e-02,-2.174655906856060028e-02
-7.183988112956285477e-03,3.876679390668869019e-02,-2.174655906856060028e-02
-6.832146551460027695e-03,3.864789381623268127e-02,-2.165194600820541382e-02
-6.832146551460027695e-03,3.864789381623268127e-02,-2.165194600820541382e-02
-6.479639559984207153e-03,3.852955996990203857e-02,-2.155763842165470123e-02
-6.479639559984207153e-03,3.852955996990203857e-02,-2.155763842165470123e-02
-6.126464810222387314e-03,3.841179236769676208e-02,-2.146363817155361176e-02
-6.126464810222387314e-03,3.841179236769676208e-02,-2.146363817155361176e-02
-5.772613454610109329e-03,3.829459100961685181e-02,-2.136994153261184692e-02
-5.772613454610109329e-03,3.829459100961685181e-02,-2.136994153261184692e-02
-5.418096669018268585e-03,3.817796707153320312e-02,-2.127655223011970520e-02
-5.418096669018268585e-03,3.817796707153320312e-02,-2.127655223011970520e-02
-5.062901414930820465e-03,3.806191682815551758e-02,-2.118347957730293274e-02
-5.062901414930820465e-03,3.806191682815551758e-02,-2.118347957730293274e-02
-4.707026761025190353e-03,3.794644027948379517e-02,-2.109071612358093262e-02
-4.707026761025190353e-03,3.794644027948379517e-02,-2.109071612358093262e-02
-4.350470844656229019e-03,3.783153370022773743e-02,-2.099827304482460022e-02
-4.350470844656229019e-03,3.783153370022773743e-02,-2.099827304482460022e-02
-3.993233200162649155e-03,3.771721199154853821e-02,-2.090614475309848785e-02
-3.993233200162649155e-03,3.771721199154853821e-02,-2.090614475309848785e-02
-3.635305911302566528e-03,3.760347887873649597e-02,-2.081434428691864014e-02
-3.635305911302566528e-03,3.760347887873649597e-02,-2.081434428691864014e-02
-3.276691772043704987e-03,3.749031201004981995e-02,-2.072285860776901245e-02
-3.276691772043704987e-03,3.749031201004981995e-02,-2.072285860776901245e-02
-2.917387988418340683e-03,3.737773746252059937e-02,-2.063170261681079865e-02
-2.917387988418340683e-03,3.737773746252059937e-02,-2.063170261681079865e-02
-2.557386644184589386e-03,3.726575523614883423e-02,-2.054088003933429718e-02
-2.557386644184589386e-03,3.726575523614883423e-02,-2.054088003933429718e-02
-2.196690067648887634e-03,3.715435042977333069e-02,-2.045037969946861267e-02
-2.196690067648887634e-03,3.715435042977333069e-02,-2.045037969946861267e-02
-1.835301402024924755e-03,3.704354166984558105e-02,-2.036021277308464050e-02
-1.835301402024924755e-03,3.704354166984558105e-02,-2.036021277308464050e-02
-1.473206910304725170e-03,3.693331778049468994e-02,-2.027038857340812683e-02
-1.473206910304725170e-03,3.693331778049468994e-02,-2.027038857340812683e-02
-1.110406708903610706e-03,3.682369366288185120e-02,-2.018089592456817627e-02
-1.110406708903610706e-03,3.682369366288185120e-02,-2.018089592456817627e-02
-7.468981784768402576e-04,3.671466186642646790e-02,-2.009174600243568420e-02
-7.468981784768402576e-04,3.671466186642646790e-02,-2.009174600243568420e-02
-3.826838510576635599e-04,3.660622611641883850e-02,-2.000293694436550140e-02
-3.826838510576635599e-04,3.660622611641883850e-02,-2.000293694436550140e-02
-1.775843702489510179e-05,3.649838641285896301e-02,-1.991447433829307556e-02
-1.775843702489510179e-05,3.649838641285896301e-02,-1.991447433829307556e-02
3.478780563455075026e-04,3.639115393161773682e-02,-1.982635818421840668e-02
3.478780563455075026e-04,3.639115393161773682e-02,-1.982635818421840668e-02
7.142390822991728783e-04,3.628452122211456299e-02,-1.973859034478664398e-02
7.142390822991728783e-04,3.628452122211456299e-02,-1.973859034478664398e-02
1.081311143934726715e-03,3.617849200963973999e-02,-1.965117827057838440e-02
1.081311143934726715e-03,3.617849200963973999e-02,-1.965117827057838440e-02
1.449110452085733414e-03,3.607307001948356628e-02,-1.956412009894847870e-02
1.449110452085733414e-03,3.607307001948356628e-02,-1.956412009894847870e-02
1.817631535232067108e-03,3.596825152635574341e-02,-1.947741396725177765e-02
1.817631535232067108e-03,3.596825152635574341e-02,-1.947741396725177765e-02
2.186874393373727798e-03,3.586404398083686829e-02,-1.939106918871402740e-02
2.186874393373727798e-03,3.586404398083686829e-02,-1.939106918871402740e-02
2.556855324655771255e-03,3.576045110821723938e-02,-1.930508762598037720e-02
2.556855324655771255e-03,3.576045110821723938e-02,-1.930508762598037720e-02
2.927563386037945747e-03,3.565746545791625977e-02,-1.921946741640567780e-02
2.927563386037945747e-03,3.565746545791625977e-02,-1.921946741640567780e-02
3.299006726592779160e-03,3.555510193109512329e-02,-1.913421414792537689e-02
3.299006726592779160e-03,3.555510193109512329e-02,-1.913421414792537689e-02
3.671185113489627838e-03,3.545334935188293457e-02,-1.904933154582977295e-02
3.671185113489627838e-03,3.545334935188293457e-02,-1.904933154582977295e-02
4.044104367494583130e-03,3.535222262144088745e-02,-1.896481961011886597e-02
4.044104367494583130e-03,3.535222262144088745e-02,-1.896481961011886597e-02
4.417764022946357727e-03,3.525171056389808655e-02,-1.888068020343780518e-02
4.417764022946357727e-03,3.525171056389808655e-02,-1.888068020343780518e-02
4.792166873812675476e-03,3.515182062983512878e-02,-1.879692077636718750e-02
4.792166873812675476e-03,3.515182062983512878e-02,-1.879692077636718750e-02
5.167318508028984070e-03,3.505255281925201416e-02,-1.871353015303611755e-02
5.167318508028984070e-03,3.505255281925201416e-02,-1.871353015303611755e-02
5.543224513530731201e-03,3.495391458272933960e-02,-1.863052323460578918e-02
5.543224513530731201e-03,3.495391458272933960e-02,-1.863052323460578918e-02
5.919876042753458023e-03,3.485590592026710510e-02,-1.854790560901165009e-02
5.919876042753458023e-03,3.485590592026710510e-02,-1.854790560901165009e-02
6.297287065535783768e-03,3.475851938128471375e-02,-1.846566610038280487e-02
6.297287065535783768e-03,3.475851938128471375e-02,-1.846566610038280487e-02
6.675449665635824203e-03,3.466176986694335938e-02,-1.838381960988044739e-02
6.675449665635824203e-03,3.466176986694335938e-02,-1.838381960988044739e-02
7.054371293634176254e-03,3.456565737724304199e-02,-1.830236054956912994e-02
7.054371293634176254e-03,3.456565737724304199e-02,-1.830236054956912994e-02
7.434060331434011459e-03,3.447017073631286621e-02,-1.822129450738430023e-02
7.434060331434011459e-03,3.447017073631286621e-02,-1.822129450738430023e-02
7.814517244696617126e-03,3.437532484531402588e-02,-1.814062334597110748e-02
7.814517244696617126e-03,3.437532484531402588e-02,-1.814062334597110748e-02
8.195730857551097870e-03,3.428111970424652100e-02,-1.806035079061985016e-02
8.195730857551097870e-03,3.428111970424652100e-02,-1.806035079061985016e-02
8.577716536819934845e-03,3.418755158782005310e-02,-1.798047311604022980e-02
8.577716536819934845e-03,3.418755158782005310e-02,-1.798047311604022980e-02
8.960475213825702667e-03,3.409462794661521912e-02,-1.790100149810314178e-02
8.960475213825702667e-03,3.409462794661521912e-02,-1.790100149810314178e-02
9.344018064439296722e-03,3.400234505534172058e-02,-1.782193221151828766e-02
9.344018064439296722e-03,3.400234505534172058e-02,-1.782193221151828766e-02
9.728328324854373932e-03,3.391071408987045288e-02,-1.774327084422111511e-02
9.728328324854373932e-03,3.391071408987045288e-02,-1.774327084422111511e-02
1.011341623961925507e-02,3.381972759962081909e-02,-1.766501925885677338e-02
1.011341623961925507e-02,3.381972759962081909e-02,-1.766501925885677338e-02
1.049929298460483551e-02,3.372939303517341614e-02,-1.758718118071556091e-02
1.049929298460483551e-02,3.372939303517341614e-02,-1.758718118071556091e-02
1.088594831526279449e-02,3.363970667123794556e-02,-1.750975474715232849e-02
1.088594831526279449e-02,3.363970667123794556e-02,-1.750975474715232849e-02
1.127340365201234818e-02,3.355067223310470581e-02,-1.743274368345737457e-02
1.127340365201234818e-02,3.355067223310470581e-02,-1.743274368345737457e-02
1.166163943707942963e-02,3.346229344606399536e-02,-1.735615357756614685e-02
1.166163943707942963e-02,3.346229344606399536e-02,-1.735615357756614685e-02
1.205066405236721039e-02,3.337457031011581421e-02,-1.727998070418834686e-02
1.205066405236721039e-02,3.337457031011581421e-02,-1.727998070418834686e-02
1.244049053639173508e-02,3.328750655055046082e-02,-1.720423623919487000e-02
1.244049053639173508e-02,3.328750655055046082e-02,-1.720423623919487000e-02
1.283111702650785446e-02,3.320110589265823364e-02,-1.712891459465026855e-02
1.283111702650785446e-02,3.320110589265823364e-02,-1.712891459465026855e-02
1.322253234684467316e-02,3.311536833643913269e-02,-1.705401577055454254e-02
1.322253234684467316e-02,3.311536833643913269e-02,-1.705401577055454254e-02
1.361476350575685501e-02,3.303029388189315796e-02,-1.697955653071403503e-02
1.361476350575685501e-02,3.303029388189315796e-02,-1.697955653071403503e-02
1.400778908282518387e-02,3.294587880373001099e-02,-1.690552756190299988e-02
1.400778908282518387e-02,3.294587880373001099e-02,-1.690552756190299988e-02
1.440163049846887589e-02,3.286214172840118408e-02,-1.683193445205688477e-02
1.440163049846887589e-02,3.286214172840118408e-02,-1.683193445205688477e-02
1.479627378284931183e-02,3.277906775474548340e-02,-1.675877533853054047e-02
1.479627378284931183e-02,3.277906775474548340e-02,-1.675877533853054047e-02
1.519173849374055862e-02,3.269666433334350586e-02,-1.668605580925941467e-02
1.519173849374055862e-02,3.269666433334350586e-02,-1.668605580925941467e-02
1.558801624923944473e-02,3.261493146419525146e-02,-1.661378517746925354e-02
1.558801624923944473e-02,3.261493146419525146e-02,-1.661378517746925354e-02
1.598510518670082092e-02,3.253388032317161560e-02,-1.654195599257946014e-02
1.598510518670082092e-02,3.253388032317161560e-02,-1.654195599257946014e-02
1.638302206993103027e-02,3.245350345969200134e-02,-1.647057384252548218e-02
1.638302206993103027e-02,3.245350345969200134e-02,-1.647057384252548218e-02
1.678176037967205048e-02,3.237380087375640869e-02,-1.639964058995246887e-02
1.678176037967205048e-02,3.237380087375640869e-02,-1.639964058995246887e-02
1.718131639063358307e-02,3.229478374123573303e-02,-1.632915809750556946e-02
1.718131639063358307e-02,3.229478374123573303e-02,-1.632915809750556946e-02
1.758171059191226959e-02,3.221644833683967590e-02,-1.625913195312023163e-02
1.758171059191226959e-02,3.221644833683967590e-02,-1.625913195312023163e-02
1.798293180763721466e-02,3.213879466056823730e-02,-1.618956774473190308e-02
1.798293180763721466e-02,3.213879466056823730e-02,-1.618956774473190308e-02
1.838498376309871674e-02,3.206183388829231262e-02,-1.612045615911483765e-02
1.838498376309871674e-02,3.206183388829231262e-02,-1.612045615911483765e-02
1.878787390887737274e-02,3.198555111885070801e-02,-1.605180278420448303e-02
1.878787390887737274e-02,3.198555111885070801e-02,-1.605180278420448303e-02
1.919160038232803345e-02,3.190996125340461731e-02,-1.598362252116203308e-02
1.919160038232803345e-02,3.190996125340461731e-02,-1.598362252116203308e-02
1.959617435932159424e-02,3.183506429195404053e-02,-1.591590046882629395e-02
1.959617435932159424e-02,3.183506429195404053e-02,-1.591590046882629395e-02
2.000158093869686127e-02,3.176085650920867920e-02,-1.584864780306816101e-02
2.000158093869686127e-02,3.176085650920867920e-02,-1.584864780306816101e-02
2.040784060955047607e-02,3.168734908103942871e-02,-1.578187383711338043e-02
2.040784060955047607e-02,3.168734908103942871e-02,-1.578187383711338043e-02
2.081494778394699097e-02,3.161453083157539368e-02,-1.571556553244590759e-02
2.081494778394699097e-02,3.161453083157539368e-02,-1.571556553244590759e-02
2.122290432453155518e-02,3.154241666197776794e-02,-1.564973779022693634e-02
2.122290432453155518e-02,3.154241666197776794e-02,-1.564973779022693634e-02
2.163170836865901947e-02,3.147099912166595459e-02,-1.558438315987586975e-02
2.163170836865901947e-02,3.147099912166595459e-02,-1.558438315987586975e-02
2.204137854278087616e-02,3.140029311180114746e-02,-1.551951561123132706e-02
2.204137854278087616e-02,3.140029311180114746e-02,-1.551951561123132706e-02
2.245189622044563293e-02,3.133028000593185425e-02,-1.545512489974498749e-02
2.245189622044563293e-02,3.133028000593185425e-02,-1.545512489974498749e-02
2.286328747868537903e-02,3.126097843050956726e-02,-1.539122313261032104e-02
2.286328747868537903e-02,3.126097843050956726e-02,-1.539122313261032104e-02
2.327552437782287598e-02,3.119238093495368958e-02,-1.532780379056930542e-02
2.327552437782287598e-02,3.119238093495368958e-02,-1.532780379056930542e-02
2.368864417076110840e-02,3.112449310719966888e-02,-1.526487991213798523e-02
2.368864417076110840e-02,3.112449310719966888e-02,-1.526487991213798523e-02
2.410262636840343475e-02,3.105732239782810211e-02,-1.520244963467121124e-02
2.410262636840343475e-02,3.105732239782810211e-02,-1.520244963467121124e-02
2.451748400926589966e-02,3.099085949361324310e-02,-1.514051388949155807e-02
2.451748400926589966e-02,3.099085949361324310e-02,-1.514051388949155807e-02
2.493321523070335388e-02,3.092510998249053955e-02,-1.507906988263130188e-02
2.493321523070335388e-02,3.092510998249053955e-02,-1.507906988263130188e-02
2.534981071949005127e-02,3.086007945239543915e-02,-1.501812878996133804e-02
2.534981071949005127e-02,3.086007945239543915e-02,-1.501812878996133804e-02
2.576729096472263336e-02,3.079576604068279266e-02,-1.495768874883651733e-02
2.576729096472263336e-02,3.079576604068279266e-02,-1.495768874883651733e-02
2.618565782904624939e-02,3.073217347264289856e-02,-1.489775814116001129e-02
2.618565782904624939e-02,3.073217347264289856e-02,-1.489775814116001129e-02
2.660490758717060089e-02,3.066930547356605530e-02,-1.483832858502864838e-02
2.660490758717060089e-02,3.066930547356605530e-02,-1.483832858502864838e-02
2.702503465116024017e-02,3.060716018080711365e-02,-1.477940659970045090e-02
2.702503465116024017e-02,3.060716018080711365e-02,-1.477940659970045090e-02
2.744605578482151031e-02,3.054573945701122284e-02,-1.472100429236888885e-02
2.744605578482151031e-02,3.054573945701122284e-02,-1.472100429236888885e-02
2.786797098815441132e-02,3.048504702746868134e-02,-1.466310583055019379e-02
2.786797098815441132e-02,3.048504702746868134e-02,-1.466310583055019379e-02
2.829077839851379395e-02,3.042508102953433990e-02,-1.460572890937328339e-02
2.829077839851379395e-02,3.042508102953433990e-02,-1.460572890937328339e-02
2.871447987854480743e-02,3.036584891378879547e-02,-1.454887166619300842e-02
2.871447987854480743e-02,3.036584891378879547e-02,-1.454887166619300842e-02
2.913907729089260101e-02,3.030735068023204803e-02,-1.449253316968679428e-02
2.913907729089260101e-02,3.030735068023204803e-02,-1.449253316968679428e-02
2.956458181142807007e-02,3.024958819150924683e-02,-1.443671714514493942e-02
2.956458181142807007e-02,3.024958819150924683e-02,-1.443671714514493942e-02
2.999099344015121460e-02,3.019256144762039185e-02,-1.438143476843833923e-02
2.999099344015121460e-02,3.019256144762039185e-02,-1.438143476843833923e-02
3.041830472648143768e-02,3.013626858592033386e-02,-1.432667020708322525e-02
3.041830472648143768e-02,3.013626858592033386e-02,-1.432667020708322525e-02
3.084652870893478394e-02,3.008072078227996826e-02,-1.427244208753108978e-02
3.084652870893478394e-02,3.008072078227996826e-02,-1.427244208753108978e-02
3.127566725015640259e-02,3.002591617405414581e-02,-1.421874482184648514e-02
3.127566725015640259e-02,3.002591617405414581e-02,-1.421874482184648514e-02
3.170571476221084595e-02,2.997185103595256805e-02,-1.416558120399713516e-02
3.170571476221084595e-02,2.997185103595256805e-02,-1.416558120399713516e-02
3.213667869567871094e-02,2.991853095591068268e-02,-1.411295495927333832e-02
3.213667869567871094e-02,2.991853095591068268e-02,-1.411295495927333832e-02
3.256856650114059448e-02,2.986596338450908661e-02,-1.406087260693311691e-02
3.256856650114059448e-02,2.986596338450908661e-02,-1.406087260693311691e-02
3.300136700272560120e-02,2.981414459645748138e-02,-1.400933228433132172e-02
3.300136700272560120e-02,2.981414459645748138e-02,-1.400933228433132172e-02
3.343509510159492493e-02,2.976307086646556854e-02,-1.395833678543567657e-02
3.343509510159492493e-02,2.976307086646556854e-02,-1.395833678543567657e-02
3.386975079774856567e-02,2.971275523304939270e-02,-1.390788517892360687e-02
3.386975079774856567e-02,2.971275523304939270e-02,-1.390788517892360687e-02
3.430533781647682190e-02,2.966319024562835693e-02,-1.385798398405313492e-02
3.430533781647682190e-02,2.966319024562835693e-02,-1.385798398405313492e-02
3.474185615777969360e-02,2.961438521742820740e-02,-1.380863785743713379e-02
3.474185615777969360e-02,2.961438521742820740e-02,-1.380863785743713379e-02
3.517930582165718079e-02,2.956634201109409332e-02,-1.375984214246273041e-02
3.517930582165718079e-02,2.956634201109409332e-02,-1.375984214246273041e-02
3.561769798398017883e-02,2.951905131340026855e-02,-1.371160615235567093e-02
3.561769798398017883e-02,2.951905131340026855e-02,-1.371160615235567093e-02
3.605702891945838928e-02,2.947252802550792694e-02,-1.366392802447080612e-02
3.605702891945838928e-02,2.947252802550792694e-02,-1.366392802447080612e-02
3.649730235338211060e-02,2.942676469683647156e-02,-1.361680962145328522e-02
3.649730235338211060e-02,2.942676469683647156e-02,-1.361680962145328522e-02
3.693850710988044739e-02,2.938177064061164856e-02,-1.357025746256113052e-02
3.693850710988044739e-02,2.938177064061164856e-02,-1.357025746256113052e-02
3.738067299127578735e-02,2.933754399418830872e-02,-1.352427061647176743e-02
3.738067299127578735e-02,2.933754399418830872e-02,-1.352427061647176743e-02
3.782378509640693665e-02,2.929408475756645203e-02,-1.347885373979806900e-02
3.782378509640693665e-02,2.929408475756645203e-02,-1.347885373979806900e-02
3.826784715056419373e-02,2.925139665603637695e-02,-1.343400496989488602e-02
3.826784715056419373e-02,2.925139665603637695e-02,-1.343400496989488602e-02
3.871287032961845398e-02,2.920948341488838196e-02,-1.338973268866539001e-02
3.871287032961845398e-02,2.920948341488838196e-02,-1.338973268866539001e-02
3.915884345769882202e-02,2.916834130883216858e-02,-1.334603689610958099e-02
3.915884345769882202e-02,2.916834130883216858e-02,-1.334603689610958099e-02
3.960578143596649170e-02,2.912797965109348297e-02,-1.330291666090488434e-02
3.960578143596649170e-02,2.912797965109348297e-02,-1.330291666090488434e-02
4.005367681384086609e-02,2.908839099109172821e-02,-1.326037477701902390e-02
4.005367681384086609e-02,2.908839099109172821e-02,-1.326037477701902390e-02
4.050253704190254211e-02,2.904958836734294891e-02,-1.321842055767774582e-02
4.050253704190254211e-02,2.904958836734294891e-02,-1.321842055767774582e-02
4.095236584544181824e-02,2.901156432926654816e-02,-1.317704934626817703e-02
4.095236584544181824e-02,2.901156432926654816e-02,-1.317704934626817703e-02
4.140316694974899292e-02,2.897432446479797363e-02,-1.313626393675804138e-02
4.140316694974899292e-02,2.897432446479797363e-02,-1.313626393675804138e-02
4.185494035482406616e-02,2.893787436187267303e-02,-1.309607271105051041e-02
4.185494035482406616e-02,2.893787436187267303e-02,-1.309607271105051041e-02
4.230768978595733643e-02,2.890220656991004944e-02,-1.305647287517786026e-02
4.230768978595733643e-02,2.890220656991004944e-02,-1.305647287517786026e-02
4.276141524314880371e-02,2.886732853949069977e-02,-1.301746536046266556e-02
4.276141524314880371e-02,2.886732853949069977e-02,-1.301746536046266556e-02
4.321611300110816956e-02,2.883324585855007172e-02,-1.297905854880809784e-02
4.321611300110816956e-02,2.883324585855007172e-02,-1.297905854880809784e-02
4.367180168628692627e-02,2.879994921386241913e-02,-1.294124871492385864e-02
4.367180168628692627e-02,2.879994921386241913e-02,-1.294124871492385864e-02
4.412847012281417847e-02,2.876745536923408508e-02,-1.290403772145509720e-02
4.412847012281417847e-02,2.876745536923408508e-02,-1.290403772145509720e-02
4.458613321185112000e-02,2.873575128614902496e-02,-1.286743488162755966e-02
4.458613321185112000e-02,2.873575128614902496e-02,-1.286743488162755966e-02
4.504477605223655701e-02,2.870485000312328339e-02,-1.283144019544124603e-02
4.504477605223655701e-02,2.870485000312328339e-02,-1.283144019544124603e-02
4.550442472100257874e-02,2.867474406957626343e-02,-1.279604993760585785e-02
4.550442472100257874e-02,2.867474406957626343e-02,-1.279604993760585785e-02
4.596506059169769287e-02,2.864544279873371124e-02,-1.276127528399229050e-02
4.596506059169769287e-02,2.864544279873371124e-02,-1.276127528399229050e-02
4.642668738961219788e-02,2.861694432795047760e-02,-1.272711344063282013e-02
4.642668738961219788e-02,2.861694432795047760e-02,-1.272711344063282013e-02
4.688932374119758606e-02,2.858925051987171173e-02,-1.269356533885002136e-02
4.688932374119758606e-02,2.858925051987171173e-02,-1.269356533885002136e-02
4.735296592116355896e-02,2.856236882507801056e-02,-1.266063842922449112e-02
4.735296592116355896e-02,2.856236882507801056e-02,-1.266063842922449112e-02
4.781760275363922119e-02,2.853629179298877716e-02,-1.262833457440137863e-02
4.781760275363922119e-02,2.853629179298877716e-02,-1.262833457440137863e-02
4.828325286507606506e-02,2.851102873682975769e-02,-1.259664818644523621e-02
4.828325286507606506e-02,2.851102873682975769e-02,-1.259664818644523621e-02
4.874991998076438904e-02,2.848657406866550446e-02,-1.256559416651725769e-02
4.874991998076438904e-02,2.848657406866550446e-02,-1.256559416651725769e-02
4.921758919954299927e-02,2.846293710172176361e-02,-1.253516320139169693e-02
4.921758919954299927e-02,2.846293710172176361e-02,-1.253516320139169693e-02
4.968628287315368652e-02,2.844011783599853516e-02,-1.250536460429430008e-02
4.968628287315368652e-02,2.844011783599853516e-02,-1.250536460429430008e-02
5.015598610043525696e-02,2.841811999678611755e-02,-1.247619930654764175e-02
5.015598610043525696e-02,2.841811999678611755e-02,-1.247619930654764175e-02
5.062671005725860596e-02,2.839693427085876465e-02,-1.244766730815172195e-02
5.062671005725860596e-02,2.839693427085876465e-02,-1.244766730815172195e-02
5.109846964478492737e-02,2.837657555937767029e-02,-1.241977419704198837e-02
5.109846964478492737e-02,2.837657555937767029e-02,-1.241977419704198837e-02
5.157123506069183350e-02,2.835703641176223755e-02,-1.239252276718616486e-02
5.157123506069183350e-02,2.835703641176223755e-02,-1.239252276718616486e-02
5.204503983259201050e-02,2.833832427859306335e-02,-1.236590929329395294e-02
5.204503983259201050e-02,2.833832427859306335e-02,-1.236590929329395294e-02
5.251988023519515991e-02,2.832044474780559540e-02,-1.233994401991367340e-02
5.251988023519515991e-02,2.832044474780559540e-02,-1.233994401991367340e-02
5.299574881792068481e-02,2.830339036881923676e-02,-1.231462694704532623e-02
5.299574881792068481e-02,2.830339036881923676e-02,-1.231462694704532623e-02
5.347264930605888367e-02,2.828716300427913666e-02,-1.228995621204376221e-02
5.347264930605888367e-02,2.828716300427913666e-02,-1.228995621204376221e-02
5.395059287548065186e-02,2.827177383005619049e-02,-1.226594112813472748e-02
5.395059287548065186e-02,2.827177383005619049e-02,-1.226594112813472748e-02
5.442957580089569092e-02,2.825722098350524902e-02,-1.224257890135049820e-02
5.442957580089569092e-02,2.825722098350524902e-02,-1.224257890135049820e-02
5.490959435701370239e-02,2.824350073933601379e-02,-1.221987046301364899e-02
5.490959435701370239e-02,2.824350073933601379e-02,-1.221987046301364899e-02
5.539066717028617859e-02,2.823061682283878326e-02,-1.219782419502735138e-02
5.539066717028617859e-02,2.823061682283878326e-02,-1.219782419502735138e-02
5.587278679013252258e-02,2.821858040988445282e-02,-1.217643637210130692e-02
5.587278679013252258e-02,2.821858040988445282e-02,-1.217643637210130692e-02
5.635596066713333130e-02,2.820738032460212708e-02,-1.215571444481611252e-02
5.635596066713333130e-02,2.820738032460212708e-02,-1.215571444481611252e-02
5.684018880128860474e-02,2.819702215492725372e-02,-1.213566027581691742e-02
5.684018880128860474e-02,2.819702215492725372e-02,-1.213566027581691742e-02
5.732546746730804443e-02,2.818751148879528046e-02,-1.211627293378114700e-02
5.732546746730804443e-02,2.818751148879528046e-02,-1.211627293378114700e-02
5.781180411577224731e-02,2.817885018885135651e-02,-1.209755521267652512e-02
5.781180411577224731e-02,2.817885018885135651e-02,-1.209755521267652512e-02
5.829920992255210876e-02,2.817103639245033264e-02,-1.207951270043849945e-02
5.829920992255210876e-02,2.817103639245033264e-02,-1.207951270043849945e-02
5.878766626119613647e-02,2.816407009959220886e-02,-1.206214446574449539e-02
5.878766626119613647e-02,2.816407009959220886e-02,-1.206214446574449539e-02
5.927719548344612122e-02,2.815796248614788055e-02,-1.204545702785253525e-02
5.927719548344612122e-02,2.815796248614788055e-02,-1.204545702785253525e-02
5.976779386401176453e-02,2.815270423889160156e-02,-1.202944666147232056e-02
5.976779386401176453e-02,2.815270423889160156e-02,-1.202944666147232056e-02
6.025946885347366333e-02,2.814830839633941650e-02,-1.201412174850702286e-02
6.025946885347366333e-02,2.814830839633941650e-02,-1.201412174850702286e-02
6.075220927596092224e-02,2.814476564526557922e-02,-1.199948135763406754e-02
6.075220927596092224e-02,2.814476564526557922e-02,-1.199948135763406754e-02
6.124601885676383972e-02,2.814208902418613434e-02,-1.198552642017602921e-02
6.124601885676383972e-02,2.814208902418613434e-02,-1.198552642017602921e-02
6.174091994762420654e-02,2.814026921987533569e-02,-1.197226252406835556e-02
6.174091994762420654e-02,2.814026921987533569e-02,-1.197226252406835556e-02
6.223690137267112732e-02,2.813931368291378021e-02,-1.195969153195619583e-02
6.223690137267112732e-02,2.813931368291378021e-02,-1.195969153195619583e-02
6.273396313190460205e-02,2.813922241330146790e-02,-1.194781716912984848e-02
6.273396313190460205e-02,2.813922241330146790e-02,-1.194781716912984848e-02
6.323210895061492920e-02,2.814000099897384644e-02,-1.193663757294416428e-02
6.323210895061492920e-02,2.814000099897384644e-02,-1.193663757294416428e-02
6.373135000467300415e-02,2.814164571464061737e-02,-1.192616019397974014e-02
6.373135000467300415e-02,2.814164571464061737e-02,-1.192616019397974014e-02
6.423167139291763306e-02,2.814416214823722839e-02,-1.191638037562370300e-02
6.423167139291763306e-02,2.814416214823722839e-02,-1.191638037562370300e-02
6.473311036825180054e-02,2.814755402505397797e-02,-1.190730836242437363e-02
6.473311036825180054e-02,2.814755402505397797e-02,-1.190730836242437363e-02
6.523562222719192505e-02,2.815181761980056763e-02,-1.189894136041402817e-02
6.523562222719192505e-02,2.815181761980056763e-02,-1.189894136041402817e-02
6.573923677206039429e-02,2.815695852041244507e-02,-1.189128030091524124e-02
6.573923677206039429e-02,2.815695852041244507e-02,-1.189128030091524124e-02
6.624396145343780518e-02,2.816298045217990875e-02,-1.188433635979890823e-02
6.624396145343780518e-02,2.816298045217990875e-02,-1.188433635979890823e-02
6.674978137016296387e-02,2.816988155245780945e-02,-1.187810488045215607e-02
6.674978137016296387e-02,2.816988155245780945e-02,-1.187810488045215607e-02
6.725671887397766113e-02,2.817766368389129639e-02,-1.187258865684270859e-02
6.725671887397766113e-02,2.817766368389129639e-02,-1.187258865684270859e-02
6.776475161314010620e-02,2.818632498383522034e-02,-1.186778862029314041e-02
6.776475161314010620e-02,2.818632498383522034e-02,-1.186778862029314041e-02
6.827390938997268677e-02,2.819587849080562592e-02,-1.186371594667434692e-02
6.827390938997268677e-02,2.819587849080562592e-02,-1.186371594667434692e-02
6.878417730331420898e-02,2.820631489157676697e-02,-1.186036132276058197e-02
6.878417730331420898e-02,2.820631489157676697e-02,-1.186036132276058197e-02
6.929555535316467285e-02,2.821763977408409119e-02,-1.185773313045501709e-02
6.929555535316467285e-02,2.821763977408409119e-02,-1.185773313045501709e-02
6.980805844068527222e-02,2.822986058890819550e-02,-1.185583323240280151e-02
6.980805844068527222e-02,2.822986058890819550e-02,-1.185583323240280151e-02
7.032167911529541016e-02,2.824296802282333374e-02,-1.185466349124908447e-02
7.032167911529541016e-02,2.824296802282333374e-02,-1.185466349124908447e-02
7.083643227815628052e-02,2.825697325170040131e-02,-1.185422576963901520e-02
7.083643227815628052e-02,2.825697325170040131e-02,-1.185422576963901520e-02
7.135230302810668945e-02,2.827187441289424896e-02,-1.185452658683061600e-02
7.135230302810668945e-02,2.827187441289424896e-02,-1.185452658683061600e-02
7.186929881572723389e-02,2.828767150640487671e-02,-1.185556408017873764e-02
7.186929881572723389e-02,2.828767150640487671e-02,-1.185556408017873764e-02
7.238744199275970459e-02,2.830437198281288147e-02,-1.185734011232852936e-02
7.238744199275970459e-02,2.830437198281288147e-02,-1.185734011232852936e-02
7.290671765804290771e-02,2.832197211682796478e-02,-1.185985840857028961e-02
7.290671765804290771e-02,2.832197211682796478e-02,-1.185985840857028961e-02
7.342711836099624634e-02,2.834047935903072357e-02,-1.186311990022659302e-02
7.342711836099624634e-02,2.834047935903072357e-02,-1.186311990022659302e-02
7.394865900278091431e-02,2.835988439619541168e-02,-1.186713203787803650e-02
7.394865900278091431e-02,2.835988439619541168e-02,-1.186713203787803650e-02
7.447135448455810547e-02,2.838020585477352142e-02,-1.187189295887947083e-02
7.447135448455810547e-02,2.838020585477352142e-02,-1.187189295887947083e-02
7.499518990516662598e-02,2.840143069624900818e-02,-1.187740638852119446e-02
7.499518990516662598e-02,2.840143069624900818e-02,-1.187740638852119446e-02
7.552017271518707275e-02,2.842356450855731964e-02,-1.188366673886775970e-02
7.552017271518707275e-02,2.842356450855731964e-02,-1.188366673886775970e-02
7.604630291461944580e-02,2.844662219285964966e-02,-1.189069263637065887e-02
7.604630291461944580e-02,2.844662219285964966e-02,-1.189069263637065887e-02
7.657358795404434204e-02,2.847058139741420746e-02,-1.189847290515899658e-02
7.657358795404434204e-02,2.847058139741420746e-02,-1.189847290515899658e-02
7.710202038288116455e-02,2.849546447396278381e-02,-1.190701872110366821e-02
7.710202038288116455e-02,2.849546447396278381e-02,-1.190701872110366821e-02
7.763162255287170410e-02,2.852126210927963257e-02,-1.191632449626922607e-02
7.763162255287170410e-02,2.852126210927963257e-02,-1.191632449626922607e-02
7.816237211227416992e-02,2.854797989130020142e-02,-1.192639768123626709e-02
7.816237211227416992e-02,2.854797989130020142e-02,-1.192639768123626709e-02
7.869428396224975586e-02,2.857561968266963959e-02,-1.193723734468221664e-02
7.869428396224975586e-02,2.857561968266963959e-02,-1.193723734468221664e-02
7.922737300395965576e-02,2.860418520867824554e-02,-1.194885466247797012e-02
7.922737300395965576e-02,2.860418520867824554e-02,-1.194885466247797012e-02
7.976160943508148193e-02,2.863367274403572083e-02,-1.196123659610748291e-02
7.976160943508148193e-02,2.863367274403572083e-02,-1.196123659610748291e-02
8.029703050851821899e-02,2.866409160196781158e-02,-1.197439897805452347e-02
8.029703050851821899e-02,2.866409160196781158e-02,-1.197439897805452347e-02
8.083362132310867310e-02,2.869543246924877167e-02,-1.198833715170621872e-02
8.083362132310867310e-02,2.869543246924877167e-02,-1.198833715170621872e-02
8.137138932943344116e-02,2.872770838439464569e-02,-1.200305670499801636e-02
8.137138932943344116e-02,2.872770838439464569e-02,-1.200305670499801636e-02
8.191032707691192627e-02,2.876092307269573212e-02,-1.201856136322021484e-02
8.191032707691192627e-02,2.876092307269573212e-02,-1.201856136322021484e-02
8.245046436786651611e-02,2.879506349563598633e-02,-1.203484926372766495e-02
8.245046436786651611e-02,2.879506349563598633e-02,-1.203484926372766495e-02
8.299175649881362915e-02,2.883014269173145294e-02,-1.205192599445581436e-02
8.299175649881362915e-02,2.883014269173145294e-02,-1.205192599445581436e-02
8.353425562381744385e-02,2.886615879833698273e-02,-1.206979155540466309e-02
8.353425562381744385e-02,2.886615879833698273e-02,-1.206979155540466309e-02
8.407793939113616943e-02,2.890311926603317261e-02,-1.208844687789678574e-02
8.407793939113616943e-02,2.890311926603317261e-02,-1.208844687789678574e-02
8.462280035018920898e-02,2.894101850688457489e-02,-1.210789941251277924e-02
8.462280035018920898e-02,2.894101850688457489e-02,-1.210789941251277924e-02
8.516887575387954712e-02,2.897986397147178650e-02,-1.212815102189779282e-02
8.516887575387954712e-02,2.897986397147178650e-02,-1.212815102189779282e-02
8.571612834930419922e-02,2.901964634656906128e-02,-1.214920077472925186e-02
8.571612834930419922e-02,2.901964634656906128e-02,-1.214920077472925186e-02
8.626458793878555298e-02,2.906038612127304077e-02,-1.217105146497488022e-02
8.626458793878555298e-02,2.906038612127304077e-02,-1.217105146497488022e-02
8.681423962116241455e-02,2.910206839442253113e-02,-1.219370774924755096e-02
8.681423962116241455e-02,2.910206839442253113e-02,-1.219370774924755096e-02
8.736509829759597778e-02,2.914470434188842773e-02,-1.221716869622468948e-02
8.736509829759597778e-02,2.914470434188842773e-02,-1.221716869622468948e-02
8.791715651750564575e-02,2.918829023838043213e-02,-1.224143803119659424e-02
8.791715651750564575e-02,2.918829023838043213e-02,-1.224143803119659424e-02
8.847043663263320923e-02,2.923283725976943970e-02,-1.226652041077613831e-02
8.847043663263320923e-02,2.923283725976943970e-02,-1.226652041077613831e-02
8.902491629123687744e-02,2.927833236753940582e-02,-1.229241490364074707e-02
8.902491629123687744e-02,2.927833236753940582e-02,-1.229241490364074707e-02
8.958060294389724731e-02,2.932479046285152435e-02,-1.231912802904844284e-02
8.958060294389724731e-02,2.932479046285152435e-02,-1.231912802904844284e-02
9.013753384351730347e-02,2.937220782041549683e-02,-1.234665792435407639e-02
9.013753384351730347e-02,2.937220782041549683e-02,-1.234665792435407639e-02
9.069564938545227051e-02,2.942058257758617401e-02,-1.237501017749309540e-02
9.069564938545227051e-02,2.942058257758617401e-02,-1.237501017749309540e-02
9.125499427318572998e-02,2.946992404758930206e-02,-1.240418385714292526e-02
9.125499427318572998e-02,2.946992404758930206e-02,-1.240418385714292526e-02
9.181556850671768188e-02,2.952022850513458252e-02,-1.243418455123901367e-02
9.181556850671768188e-02,2.952022850513458252e-02,-1.243418455123901367e-02
9.237735718488693237e-02,2.957150526344776154e-02,-1.246501412242650986e-02
9.237735718488693237e-02,2.957150526344776154e-02,-1.246501412242650986e-02
9.294039011001586914e-02,2.962374687194824219e-02,-1.249667443335056305e-02
9.294039011001586914e-02,2.962374687194824219e-02,-1.249667443335056305e-02
9.350464493036270142e-02,2.967696450650691986e-02,-1.252916175872087479e-02
9.350464493036270142e-02,2.967696450650691986e-02,-1.252916175872087479e-02
9.407013654708862305e-02,2.973114885389804840e-02,-1.256249099969863892e-02
9.407013654708862305e-02,2.973114885389804840e-02,-1.256249099969863892e-02
9.463687241077423096e-02,2.978630736470222473e-02,-1.259665377438068390e-02
9.463687241077423096e-02,2.978630736470222473e-02,-1.259665377438068390e-02
9.520483016967773438e-02,2.984244376420974731e-02,-1.263166032731533051e-02
9.520483016967773438e-02,2.984244376420974731e-02,-1.263166032731533051e-02
9.577403217554092407e-02,2.989955805242061615e-02,-1.266750786453485489e-02
9.577403217554092407e-02,2.989955805242061615e-02,-1.266750786453485489e-02
9.634448587894439697e-02,2.995765581727027893e-02,-1.270419452339410782e-02
9.634448587894439697e-02,2.995765581727027893e-02,-1.270419452339410782e-02
9.691617637872695923e-02,3.001672774553298950e-02,-1.274173241108655930e-02
9.691617637872695923e-02,3.001672774553298950e-02,-1.274173241108655930e-02
9.748912602663040161e-02,3.007679246366024017e-02,-1.278012432157993317e-02
9.748912602663040161e-02,3.007679246366024017e-02,-1.278012432157993317e-02
9.806331247091293335e-02,3.013783507049083710e-02,-1.281936094164848328e-02
9.806331247091293335e-02,3.013783507049083710e-02,-1.281936094164848328e-02
9.863877296447753906e-02,3.019986860454082489e-02,-1.285945903509855270e-02
9.863877296447753906e-02,3.019986860454082489e-02,-1.285945903509855270e-02
9.921547025442123413e-02,3.026289120316505432e-02,-1.290040835738182068e-02
9.921547025442123413e-02,3.026289120316505432e-02,-1.290040835738182068e-02
9.979342669248580933e-02,3.032690100371837616e-02,-1.294221635907888412e-02
9.979342669248580933e-02,3.032690100371837616e-02,-1.294221635907888412e-02
1.003726571798324585e-01,3.039190359413623810e-02,-1.298488676548004150e-02
1.003726571798324585e-01,3.039190359413623810e-02,-1.298488676548004150e-02
1.009531319141387939e-01,3.045790269970893860e-02,-1.302842050790786743e-02
1.009531319141387939e-01,3.045790269970893860e-02,-1.302842050790786743e-02
1.015348806977272034e-01,3.052490018308162689e-02,-1.307282131165266037e-02
1.015348806977272034e-01,3.052490018308162689e-02,-1.307282131165266037e-02
1.021179109811782837e-01,3.059289231896400452e-02,-1.311809103935956955e-02
1.021179109811782837e-01,3.059289231896400452e-02,-1.311809103935956955e-02
1.027022078633308411e-01,3.066188097000122070e-02,-1.316422782838344574e-02
1.027022078633308411e-01,3.066188097000122070e-02,-1.316422782838344574e-02
1.032877713441848755e-01,3.073187917470932007e-02,-1.321124285459518433e-02
1.032877713441848755e-01,3.073187917470932007e-02,-1.321124285459518433e-02
1.038746312260627747e-01,3.080287575721740723e-02,-1.325913053005933762e-02
1.038746312260627747e-01,3.080287575721740723e-02,-1.325913053005933762e-02
1.044627353549003601e-01,3.087487816810607910e-02,-1.330789644271135330e-02
1.044627353549003601e-01,3.087487816810607910e-02,-1.330789644271135330e-02
1.050521507859230042e-01,3.094788827002048492e-02,-1.335754711180925369e-02
1.050521507859230042e-01,3.094788827002048492e-02,-1.335754711180925369e-02
1.056428328156471252e-01,3.102190978825092316e-02,-1.340807694941759109e-02
1.056428328156471252e-01,3.102190978825092316e-02,-1.340807694941759109e-02
1.062347963452339172e-01,3.109693899750709534e-02,-1.345949154347181320e-02
1.062347963452339172e-01,3.109693899750709534e-02,-1.345949154347181320e-02
1.068280711770057678e-01,3.117297962307929993e-02,-1.351179555058479309e-02
1.068280711770057678e-01,3.117297962307929993e-02,-1.351179555058479309e-02
1.074226275086402893e-01,3.125003352761268616e-02,-1.356498617678880692e-02
1.074226275086402893e-01,3.125003352761268616e-02,-1.356498617678880692e-02
1.080184802412986755e-01,3.132810816168785095e-02,-1.361907366663217545e-02
1.080184802412986755e-01,3.132810816168785095e-02,-1.361907366663217545e-02
1.086156219244003296e-01,3.140719980001449585e-02,-1.367405243217945099e-02
1.086156219244003296e-01,3.140719980001449585e-02,-1.367405243217945099e-02
1.092140525579452515e-01,3.148730844259262085e-02,-1.372992806136608124e-02
1.092140525579452515e-01,3.148730844259262085e-02,-1.372992806136608124e-02
1.098137944936752319e-01,3.156844154000282288e-02,-1.378670241683721542e-02
1.098137944936752319e-01,3.156844154000282288e-02,-1.378670241683721542e-02
1.104148402810096741e-01,3.165059536695480347e-02,-1.384438388049602509e-02
1.104148402810096741e-01,3.165059536695480347e-02,-1.384438388049602509e-02
1.110172048211097717e-01,3.173377364873886108e-02,-1.390296407043933868e-02
1.110172048211097717e-01,3.173377364873886108e-02,-1.390296407043933868e-02
1.116208732128143311e-01,3.181798383593559265e-02,-1.396245136857032776e-02
1.116208732128143311e-01,3.181798383593559265e-02,-1.396245136857032776e-02
1.122258529067039490e-01,3.190321847796440125e-02,-1.402284950017929077e-02
1.122258529067039490e-01,3.190321847796440125e-02,-1.402284950017929077e-02
1.128321364521980286e-01,3.198948502540588379e-02,-1.408415753394365311e-02
1.128321364521980286e-01,3.198948502540588379e-02,-1.408415753394365311e-02
1.134397536516189575e-01,3.207678347826004028e-02,-1.414637826383113861e-02
1.134397536516189575e-01,3.207678347826004028e-02,-1.414637826383113861e-02
1.140486821532249451e-01,3.216512128710746765e-02,-1.420951820909976959e-02
1.140486821532249451e-01,3.216512128710746765e-02,-1.420951820909976959e-02
1.146589294075965881e-01,3.225448727607727051e-02,-1.427357550710439682e-02
1.146589294075965881e-01,3.225448727607727051e-02,-1.427357550710439682e-02
1.152705028653144836e-01,3.234489634633064270e-02,-1.433855388313531876e-02
1.152705028653144836e-01,3.234489634633064270e-02,-1.433855388313531876e-02
1.158834025263786316e-01,3.243634104728698730e-02,-1.440445519983768463e-02
1.158834025263786316e-01,3.243634104728698730e-02,-1.440445519983768463e-02
1.164976283907890320e-01,3.252882882952690125e-02,-1.447127945721149445e-02
1.164976283907890320e-01,3.252882882952690125e-02,-1.447127945721149445e-02
1.171132028102874756e-01,3.262236714363098145e-02,-1.453903689980506897e-02
1.171132028102874756e-01,3.262236714363098145e-02,-1.453903689980506897e-02
1.177300959825515747e-01,3.271694108843803406e-02,-1.460772007703781128e-02
1.177300959825515747e-01,3.271694108843803406e-02,-1.460772007703781128e-02
1.183483302593231201e-01,3.281256929039955139e-02,-1.467734016478061676e-02
1.183483302593231201e-01,3.281256929039955139e-02,-1.467734016478061676e-02
1.189679056406021118e-01,3.290923684835433960e-02,-1.474789343774318695e-02
1.189679056406021118e-01,3.290923684835433960e-02,-1.474789343774318695e-02
1.195888146758079529e-01,3.300696238875389099e-02,-1.481938455253839493e-02
1.195888146758079529e-01,3.300696238875389099e-02,-1.481938455253839493e-02
1.202110797166824341e-01,3.310573846101760864e-02,-1.489181630313396454e-02
1.202110797166824341e-01,3.310573846101760864e-02,-1.489181630313396454e-02
1.208346933126449585e-01,3.320557251572608948e-02,-1.496518868952989578e-02
1.208346933126449585e-01,3.320557251572608948e-02,-1.496518868952989578e-02
1.214596480131149292e-01,3.330645710229873657e-02,-1.503950450569391251e-02
1.214596480131149292e-01,3.330645710229873657e-02,-1.503950450569391251e-02
1.220859512686729431e-01,3.340839967131614685e-02,-1.511476933956146240e-02
1.220859512686729431e-01,3.340839967131614685e-02,-1.511476933956146240e-02
1.227136179804801941e-01,3.351140394806861877e-02,-1.519098039716482162e-02
1.227136179804801941e-01,3.351140394806861877e-02,-1.519098039716482162e-02
1.233426406979560852e-01,3.361547365784645081e-02,-1.526814978569746017e-02
1.233426406979560852e-01,3.361547365784645081e-02,-1.526814978569746017e-02
1.239730268716812134e-01,3.372059762477874756e-02,-1.534626819193363190e-02
1.239730268716812134e-01,3.372059762477874756e-02,-1.534626819193363190e-02
1.246047765016555786e-01,3.382679447531700134e-02,-1.542534399777650833e-02
1.246047765016555786e-01,3.382679447531700134e-02,-1.542534399777650833e-02
1.252378821372985840e-01,3.393405303359031677e-02,-1.550537999719381332e-02
1.252378821372985840e-01,3.393405303359031677e-02,-1.550537999719381332e-02
1.258723586797714233e-01,3.404238820075988770e-02,-1.558637712150812149e-02
1.258723586797714233e-01,3.404238820075988770e-02,-1.558637712150812149e-02
1.265082061290740967e-01,3.415178507566452026e-02,-1.566833816468715668e-02
1.265082061290740967e-01,3.415178507566452026e-02,-1.566833816468715668e-02
1.271454244852066040e-01,3.426226228475570679e-02,-1.575126312673091888e-02
1.271454244852066040e-01,3.426226228475570679e-02,-1.575126312673091888e-02
1.277840286493301392e-01,3.437380492687225342e-02,-1.583515852689743042e-02
1.277840286493301392e-01,3.437380492687225342e-02,-1.583515852689743042e-02
1.284239888191223145e-01,3.448642790317535400e-02,-1.592002436518669128e-02
1.284239888191223145e-01,3.448642790317535400e-02,-1.592002436518669128e-02
1.290653496980667114e-01,3.460013121366500854e-02,-1.600586250424385071e-02
1.290653496980667114e-01,3.460013121366500854e-02,-1.600586250424385071e-02
1.297080814838409424e-01,3.471491113305091858e-02,-1.609267666935920715e-02
1.297080814838409424e-01,3.471491113305091858e-02,-1.609267666935920715e-02
1.303521990776062012e-01,3.483077138662338257e-02,-1.618046872317790985e-02
1.303521990776062012e-01,3.483077138662338257e-02,-1.618046872317790985e-02
1.309977173805236816e-01,3.494771942496299744e-02,-1.626924239099025726e-02
1.309977173805236816e-01,3.494771942496299744e-02,-1.626924239099025726e-02
1.316446214914321899e-01,3.506575152277946472e-02,-1.635900139808654785e-02
1.316446214914321899e-01,3.506575152277946472e-02,-1.635900139808654785e-02
1.322929114103317261e-01,3.518486768007278442e-02,-1.644974015653133392e-02
1.322929114103317261e-01,3.518486768007278442e-02,-1.644974015653133392e-02
1.329425871372222900e-01,3.530507534742355347e-02,-1.654146611690521240e-02
1.329425871372222900e-01,3.530507534742355347e-02,-1.654146611690521240e-02
1.335936784744262695e-01,3.542637079954147339e-02,-1.663418859243392944e-02
1.335936784744262695e-01,3.542637079954147339e-02,-1.663418859243392944e-02
1.342461705207824707e-01,3.554875776171684265e-02,-1.672789640724658966e-02
1.342461705207824707e-01,3.554875776171684265e-02,-1.672789640724658966e-02
1.349000334739685059e-01,3.567223995923995972e-02,-1.682259887456893921e-02
1.349000334739685059e-01,3.567223995923995972e-02,-1.682259887456893921e-02
1.355553418397903442e-01,3.579682111740112305e-02,-1.691829971969127655e-02
1.355553418397903442e-01,3.579682111740112305e-02,-1.691829971969127655e-02
1.362120211124420166e-01,3.592249751091003418e-02,-1.701500453054904938e-02
1.362120211124420166e-01,3.592249751091003418e-02,-1.701500453054904938e-02
1.368701606988906860e-01,3.604927286505699158e-02,-1.711270585656166077e-02
1.368701606988906860e-01,3.604927286505699158e-02,-1.711270585656166077e-02
1.375296860933303833e-01,3.617715463042259216e-02,-1.721141487360000610e-02
1.375296860933303833e-01,3.617715463042259216e-02,-1.721141487360000610e-02
1.381906121969223022e-01,3.630613535642623901e-02,-1.731112785637378693e-02
1.381906121969223022e-01,3.630613535642623901e-02,-1.731112785637378693e-02
1.388529688119888306e-01,3.643621876835823059e-02,-1.741184853017330170e-02
1.388529688119888306e-01,3.643621876835823059e-02,-1.741184853017330170e-02
1.395167559385299683e-01,3.656741231679916382e-02,-1.751358620822429657e-02
1.395167559385299683e-01,3.656741231679916382e-02,-1.751358620822429657e-02
1.401819735765457153e-01,3.669971600174903870e-02,-1.761633343994617462e-02
1.401819735765457153e-01,3.669971600174903870e-02,-1.761633343994617462e-02
1.408485919237136841e-01,3.683312609791755676e-02,-1.772009395062923431e-02
1.408485919237136841e-01,3.683312609791755676e-02,-1.772009395062923431e-02
1.415166407823562622e-01,3.696765378117561340e-02,-1.782487705349922180e-02
1.415166407823562622e-01,3.696765378117561340e-02,-1.782487705349922180e-02
1.421861350536346436e-01,3.710329532623291016e-02,-1.793068274855613708e-02
1.421861350536346436e-01,3.710329532623291016e-02,-1.793068274855613708e-02
1.428570598363876343e-01,3.724005073308944702e-02,-1.803750731050968170e-02
1.428570598363876343e-01,3.724005073308944702e-02,-1.803750731050968170e-02
1.435294151306152344e-01,3.737792000174522400e-02,-1.814535818994045258e-02
1.435294151306152344e-01,3.737792000174522400e-02,-1.814535818994045258e-02
1.442032009363174438e-01,3.751691430807113647e-02,-1.825423911213874817e-02
1.442032009363174438e-01,3.751691430807113647e-02,-1.825423911213874817e-02
1.448784470558166504e-01,3.765702620148658752e-02,-1.836414821445941925e-02
1.448784470558166504e-01,3.765702620148658752e-02,-1.836414821445941925e-02
1.455551236867904663e-01,3.779826685786247253e-02,-1.847509294748306274e-02
1.455551236867904663e-01,3.779826685786247253e-02,-1.847509294748306274e-02
1.462332457304000854e-01,3.794062510132789612e-02,-1.858706958591938019e-02
1.462332457304000854e-01,3.794062510132789612e-02,-1.858706958591938019e-02
1.469128131866455078e-01,3.808411583304405212e-02,-1.870008371770381927e-02
1.469128131866455078e-01,3.808411583304405212e-02,-1.870008371770381927e-02
1.475938558578491211e-01,3.822873532772064209e-02,-1.881413906812667847e-02
1.475938558578491211e-01,3.822873532772064209e-02,-1.881413906812667847e-02
1.482763290405273438e-01,3.837447986006736755e-02,-1.892923749983310699e-02
1.482763290405273438e-01,3.837447986006736755e-02,-1.892923749983310699e-02
1.489602625370025635e-01,3.852136060595512390e-02,-1.904537901282310486e-02
1.489602625370025635e-01,3.852136060595512390e-02,-1.904537901282310486e-02
1.496456563472747803e-01,3.866938129067420959e-02,-1.916256919503211975e-02
1.496456563472747803e-01,3.866938129067420959e-02,-1.916256919503211975e-02
1.503325104713439941e-01,3.881852328777313232e-02,-1.928080618381500244e-02
1.503325104713439941e-01,3.881852328777313232e-02,-1.928080618381500244e-02
1.510208398103713989e-01,3.896881639957427979e-02,-1.940009742975234985e-02
1.510208398103713989e-01,3.896881639957427979e-02,-1.940009742975234985e-02
1.517106145620346069e-01,3.912024199962615967e-02,-1.952043920755386353e-02
1.517106145620346069e-01,3.912024199962615967e-02,-1.952043920755386353e-02
1.524018645286560059e-01,3.927281126379966736e-02,-1.964183896780014038e-02
1.524018645286560059e-01,3.927281126379966736e-02,-1.964183896780014038e-02
1.530945897102355957e-01,3.942652419209480286e-02,-1.976430043578147888e-02
1.530945897102355957e-01,3.942652419209480286e-02,-1.976430043578147888e-02
1.537888050079345703e-01,3.958138078451156616e-02,-1.988782174885272980e-02
1.537888050079345703e-01,3.958138078451156616e-02,-1.988782174885272980e-02
1.544844657182693481e-01,3.973738849163055420e-02,-2.001240663230419159e-02
1.544844657182693481e-01,3.973738849163055420e-02,-2.001240663230419159e-02
1.551816165447235107e-01,3.989453613758087158e-02,-2.013805694878101349e-02
1.551816165447235107e-01,3.989453613758087158e-02,-2.013805694878101349e-02
1.558802574872970581e-01,4.005284234881401062e-02,-2.026477828621864319e-02
1.558802574872970581e-01,4.005284234881401062e-02,-2.026477828621864319e-02
1.565803885459899902e-01,4.021229594945907593e-02,-2.039256691932678223e-02
1.565803885459899902e-01,4.021229594945907593e-02,-2.039256691932678223e-02
1.572819948196411133e-01,4.037290811538696289e-02,-2.052143029868602753e-02
1.572819948196411133e-01,4.037290811538696289e-02,-2.052143029868602753e-02
1.579850912094116211e-01,4.053467884659767151e-02,-2.065137028694152832e-02
1.579850912094116211e-01,4.053467884659767151e-02,-2.065137028694152832e-02
1.586896628141403198e-01,4.069759696722030640e-02,-2.078238129615783691e-02
1.586896628141403198e-01,4.069759696722030640e-02,-2.078238129615783691e-02
1.593957543373107910e-01,4.086168110370635986e-02,-2.091448195278644562e-02
1.593957543373107910e-01,4.086168110370635986e-02,-2.091448195278644562e-02
1.601033359766006470e-01,4.102692753076553345e-02,-2.104765921831130981e-02
1.601033359766006470e-01,4.102692753076553345e-02,-2.104765921831130981e-02
1.608124226331710815e-01,4.119333252310752869e-02,-2.118192613124847412e-02
1.608124226331710815e-01,4.119333252310752869e-02,-2.118192613124847412e-02
1.615229994058609009e-01,4.136090725660324097e-02,-2.131728082895278931e-02
1.615229994058609009e-01,4.136090725660324097e-02,-2.131728082895278931e-02
1.622350662946701050e-01,4.152964055538177490e-02,-2.145371958613395691e-02
1.622350662946701050e-01,4.152964055538177490e-02,-2.145371958613395691e-02
1.629486680030822754e-01,4.169955104589462280e-02,-2.159125171601772308e-02
1.629486680030822754e-01,4.169955104589462280e-02,-2.159125171601772308e-02
1.636637747287750244e-01,4.187063127756118774e-02,-2.172988466918468475e-02
1.636637747287750244e-01,4.187063127756118774e-02,-2.172988466918468475e-02
1.643804013729095459e-01,4.204288125038146973e-02,-2.186960913240909576e-02
1.643804013729095459e-01,4.204288125038146973e-02,-2.186960913240909576e-02
1.650985032320022583e-01,4.221630841493606567e-02,-2.201043441891670227e-02
1.650985032320022583e-01,4.221630841493606567e-02,-2.201043441891670227e-02
1.658181548118591309e-01,4.239090532064437866e-02,-2.215236052870750427e-02
1.658181548118591309e-01,4.239090532064437866e-02,-2.215236052870750427e-02
1.665393114089965820e-01,4.256668686866760254e-02,-2.229539491236209869e-02
1.665393114089965820e-01,4.256668686866760254e-02,-2.229539491236209869e-02
1.672620028257369995e-01,4.274364188313484192e-02,-2.243953198194503784e-02
1.672620028257369995e-01,4.274364188313484192e-02,-2.243953198194503784e-02
1.679861992597579956e-01,4.292177781462669373e-02,-2.258477546274662018e-02
1.679861992597579956e-01,4.292177781462669373e-02,-2.258477546274662018e-02
1.687119603157043457e-01,4.310110583901405334e-02,-2.273113094270229340e-02
1.687119603157043457e-01,4.310110583901405334e-02,-2.273113094270229340e-02
1.694392114877700806e-01,4.328160732984542847e-02,-2.287860400974750519e-02
1.694392114877700806e-01,4.328160732984542847e-02,-2.287860400974750519e-02
1.701680123805999756e-01,4.346330091357231140e-02,-2.302719093859195709e-02
1.701680123805999756e-01,4.346330091357231140e-02,-2.302719093859195709e-02
1.708983331918716431e-01,4.364618286490440369e-02,-2.317689545452594757e-02
1.708983331918716431e-01,4.364618286490440369e-02,-2.317689545452594757e-02
1.716302186250686646e-01,4.383025690913200378e-02,-2.332772500813007355e-02
1.716302186250686646e-01,4.383025690913200378e-02,-2.332772500813007355e-02
1.723635941743850708e-01,4.401551559567451477e-02,-2.347967214882373810e-02
1.723635941743850708e-01,4.401551559567451477e-02,-2.347967214882373810e-02
1.730985641479492188e-01,4.420198127627372742e-02,-2.363274618983268738e-02
1.730985641479492188e-01,4.420198127627372742e-02,-2.363274618983268738e-02
1.738350689411163330e-01,4.438963532447814941e-02,-2.378695085644721985e-02
1.738350689411163330e-01,4.438963532447814941e-02,-2.378695085644721985e-02
1.745731085538864136e-01,4.457848891615867615e-02,-2.394228242337703705e-02
1.745731085538864136e-01,4.457848891615867615e-02,-2.394228242337703705e-02
1.753127127885818481e-01,4.476854205131530762e-02,-2.409875206649303436e-02
1.753127127885818481e-01,4.476854205131530762e-02,-2.409875206649303436e-02
1.760538667440414429e-01,4.495979472994804382e-02,-2.425635233521461487e-02
1.760538667440414429e-01,4.495979472994804382e-02,-2.425635233521461487e-02
1.767965406179428101e-01,4.515225067734718323e-02,-2.441508695483207703e-02
1.767965406179428101e-01,4.515225067734718323e-02,-2.441508695483207703e-02
1.775408089160919189e-01,4.534591361880302429e-02,-2.457496523857116699e-02
1.775408089160919189e-01,4.534591361880302429e-02,-2.457496523857116699e-02
1.782866269350051880e-01,4.554077982902526855e-02,-2.473598904907703400e-02
1.782866269350051880e-01,4.554077982902526855e-02,-2.473598904907703400e-02
1.790340095758438110e-01,4.573685675859451294e-02,-2.489815466105937958e-02
1.790340095758438110e-01,4.573685675859451294e-02,-2.489815466105937958e-02
1.797829568386077881e-01,4.593414068222045898e-02,-2.506146952509880066e-02
1.797829568386077881e-01,4.593414068222045898e-02,-2.506146952509880066e-02
1.805334836244583130e-01,4.613263905048370361e-02,-2.522592619061470032e-02
1.805334836244583130e-01,4.613263905048370361e-02,-2.522592619061470032e-02
1.812855750322341919e-01,4.633235186338424683e-02,-2.539154328405857086e-02
1.812855750322341919e-01,4.633235186338424683e-02,-2.539154328405857086e-02
1.820392310619354248e-01,4.653328284621238708e-02,-2.555830776691436768e-02
1.820392310619354248e-01,4.653328284621238708e-02,-2.555830776691436768e-02
1.827944517135620117e-01,4.673542827367782593e-02,-2.572623267769813538e-02
1.827944517135620117e-01,4.673542827367782593e-02,-2.572623267769813538e-02
1.835512369871139526e-01,4.693879559636116028e-02,-2.589531615376472473e-02
1.835512369871139526e-01,4.693879559636116028e-02,-2.589531615376472473e-02
1.843096613883972168e-01,4.714338481426239014e-02,-2.606555819511413574e-02
1.843096613883972168e-01,4.714338481426239014e-02,-2.606555819511413574e-02
1.850696206092834473e-01,4.734918847680091858e-02,-2.623696252703666687e-02
1.850696206092834473e-01,4.734918847680091858e-02,-2.623696252703666687e-02
1.858311891555786133e-01,4.755622521042823792e-02,-2.640954032540321350e-02
1.858311891555786133e-01,4.755622521042823792e-02,-2.640954032540321350e-02
1.865943223237991333e-01,4.776449128985404968e-02,-2.658328041434288025e-02
1.865943223237991333e-01,4.776449128985404968e-02,-2.658328041434288025e-02
1.873590499162673950e-01,4.797397926449775696e-02,-2.675819396972656250e-02
1.873590499162673950e-01,4.797397926449775696e-02,-2.675819396972656250e-02
1.881254017353057861e-01,4.818469285964965820e-02,-2.693427912890911102e-02
1.881254017353057861e-01,4.818469285964965820e-02,-2.693427912890911102e-02
1.888933330774307251e-01,4.839665070176124573e-02,-2.711154147982597351e-02
1.888933330774307251e-01,4.839665070176124573e-02,-2.711154147982597351e-02
1.896628290414810181e-01,4.860983788967132568e-02,-2.728997915983200073e-02
1.896628290414810181e-01,4.860983788967132568e-02,-2.728997915983200073e-02
1.904339343309402466e-01,4.882425814867019653e-02,-2.746959589421749115e-02
1.904339343309402466e-01,4.882425814867019653e-02,-2.746959589421749115e-02
1.912066787481307983e-01,4.903991892933845520e-02,-2.765040099620819092e-02
1.912066787481307983e-01,4.903991892933845520e-02,-2.765040099620819092e-02
1.919810324907302856e-01,4.925682023167610168e-02,-2.783238701522350311e-02
1.919810324907302856e-01,4.925682023167610168e-02,-2.783238701522350311e-02
1.927569657564163208e-01,4.947496205568313599e-02,-2.801556326448917389e-02
1.927569657564163208e-01,4.947496205568313599e-02,-2.801556326448917389e-02
1.935345232486724854e-01,4.969434812664985657e-02,-2.819992788136005402e-02
1.935345232486724854e-01,4.969434812664985657e-02,-2.819992788136005402e-02
1.943136900663375854e-01,4.991497099399566650e-02,-2.838547900319099426e-02
1.943136900663375854e-01,4.991497099399566650e-02,-2.838547900319099426e-02
1.950944513082504272e-01,5.013684183359146118e-02,-2.857223339378833771e-02
1.950944513082504272e-01,5.013684183359146118e-02,-2.857223339378833771e-02
1.958768516778945923e-01,5.035996809601783752e-02,-2.876017987728118896e-02
1.958768516778945923e-01,5.035996809601783752e-02,-2.876017987728118896e-02
1.966608613729476929e-01,5.058434605598449707e-02,-2.894932962954044342e-02
1.966608613729476929e-01,5.058434605598449707e-02,-2.894932962954044342e-02
1.974465101957321167e-01,5.080997198820114136e-02,-2.913967892527580261e-02
1.974465101957321167e-01,5.080997198820114136e-02,-2.913967892527580261e-02
1.982337832450866699e-01,5.103684589266777039e-02,-2.933123335242271423e-02
1.982337832450866699e-01,5.103684589266777039e-02,-2.933123335242271423e-02
1.990226656198501587e-01,5.126498267054557800e-02,-2.952398918569087982e-02
1.990226656198501587e-01,5.126498267054557800e-02,-2.952398918569087982e-02
1.998132020235061646e-01,5.149437859654426575e-02,-2.971795760095119476e-02
1.998132020235061646e-01,5.149437859654426575e-02,-2.971795760095119476e-02
2.006053477525711060e-01,5.172502994537353516e-02,-2.991313859820365906e-02
2.006053477525711060e-01,5.172502994537353516e-02,-2.991313859820365906e-02
2.013991475105285645e-01,5.195694416761398315e-02,-3.010953217744827271e-02
2.013991475105285645e-01,5.195694416761398315e-02,-3.010953217744827271e-02
2.021946012973785400e-01,5.219011753797531128e-02,-3.030714206397533417e-02
2.021946012973785400e-01,5.219011753797531128e-02,-3.030714206397533417e-02
2.029916942119598389e-01,5.242455750703811646e-02,-3.050596825778484344e-02
2.029916942119598389e-01,5.242455750703811646e-02,-3.050596825778484344e-02
2.037904113531112671e-01,5.266027525067329407e-02,-3.070601634681224823e-02
2.037904113531112671e-01,5.266027525067329407e-02,-3.070601634681224823e-02
2.045907527208328247e-01,5.289724841713905334e-02,-3.090728633105754852e-02
2.045907527208328247e-01,5.289724841713905334e-02,-3.090728633105754852e-02
2.053927779197692871e-01,5.313548445701599121e-02,-3.110978379845619202e-02
2.053927779197692871e-01,5.313548445701599121e-02,-3.110978379845619202e-02
2.061964571475982666e-01,5.337501317262649536e-02,-3.131350874900817871e-02
2.061964571475982666e-01,5.337501317262649536e-02,-3.131350874900817871e-02
2.070017606019973755e-01,5.361580103635787964e-02,-3.151846304535865784e-02
2.070017606019973755e-01,5.361580103635787964e-02,-3.151846304535865784e-02
2.078087180852890015e-01,5.385787039995193481e-02,-3.172465041279792786e-02
2.078087180852890015e-01,5.385787039995193481e-02,-3.172465041279792786e-02
2.086173743009567261e-01,5.410122126340866089e-02,-3.193207457661628723e-02
2.086173743009567261e-01,5.410122126340866089e-02,-3.193207457661628723e-02
2.094276845455169678e-01,5.434584617614746094e-02,-3.214073553681373596e-02
2.094276845455169678e-01,5.434584617614746094e-02,-3.214073553681373596e-02
2.102396488189697266e-01,5.459175258874893188e-02,-3.235063701868057251e-02
2.102396488189697266e-01,5.459175258874893188e-02,-3.235063701868057251e-02
2.110532671213150024e-01,5.483893677592277527e-02,-3.256177529692649841e-02
2.110532671213150024e-01,5.483893677592277527e-02,-3.256177529692649841e-02
2.118685543537139893e-01,5.508740991353988647e-02,-3.277416527271270752e-02
2.118685543537139893e-01,5.508740991353988647e-02,-3.277416527271270752e-02
2.126855105161666870e-01,5.533717945218086243e-02,-3.298779577016830444e-02
2.126855105161666870e-01,5.533717945218086243e-02,-3.298779577016830444e-02
2.135041505098342896e-01,5.558822304010391235e-02,-3.320267796516418457e-02
2.135041505098342896e-01,5.558822304010391235e-02,-3.320267796516418457e-02
2.143244892358779907e-01,5.584056302905082703e-02,-3.341881558299064636e-02
2.143244892358779907e-01,5.584056302905082703e-02,-3.341881558299064636e-02
2.151464670896530151e-01,5.609418824315071106e-02,-3.363620117306709290e-02
2.151464670896530151e-01,5.609418824315071106e-02,-3.363620117306709290e-02
2.159701585769653320e-01,5.634912475943565369e-02,-3.385484591126441956e-02
2.159701585769653320e-01,5.634912475943565369e-02,-3.385484591126441956e-02
2.167955338954925537e-01,5.660534277558326721e-02,-3.407475352287292480e-02
2.167955338954925537e-01,5.660534277558326721e-02,-3.407475352287292480e-02
2.176225632429122925e-01,5.686285719275474548e-02,-3.429591655731201172e-02
2.176225632429122925e-01,5.686285719275474548e-02,-3.429591655731201172e-02
2.184513062238693237e-01,5.712167918682098389e-02,-3.451834246516227722e-02
2.184513062238693237e-01,5.712167918682098389e-02,-3.451834246516227722e-02
2.192817330360412598e-01,5.738179758191108704e-02,-3.474203869700431824e-02
2.192817330360412598e-01,5.738179758191108704e-02,-3.474203869700431824e-02
2.201138585805892944e-01,5.764321982860565186e-02,-3.496700152754783630e-02
2.201138585805892944e-01,5.764321982860565186e-02,-3.496700152754783630e-02
2.209476828575134277e-01,5.790594220161437988e-02,-3.519323468208312988e-02
2.209476828575134277e-01,5.790594220161437988e-02,-3.519323468208312988e-02
2.217831760644912720e-01,5.816997215151786804e-02,-3.542073816061019897e-02
2.217831760644912720e-01,5.816997215151786804e-02,-3.542073816061019897e-02
2.226204127073287964e-01,5.843531340360641479e-02,-3.564952313899993896e-02
2.226204127073287964e-01,5.843531340360641479e-02,-3.564952313899993896e-02
2.234593480825424194e-01,5.870196968317031860e-02,-3.587958216667175293e-02
2.234593480825424194e-01,5.870196968317031860e-02,-3.587958216667175293e-02
2.242999970912933350e-01,5.896993353962898254e-02,-3.611092269420623779e-02
2.242999970912933350e-01,5.896993353962898254e-02,-3.611092269420623779e-02
2.251423299312591553e-01,5.923921614885330200e-02,-3.634354844689369202e-02
2.251423299312591553e-01,5.923921614885330200e-02,-3.634354844689369202e-02
2.259863615036010742e-01,5.950979888439178467e-02,-3.657745197415351868e-02
2.259863615036010742e-01,5.950979888439178467e-02,-3.657745197415351868e-02
2.268321514129638672e-01,5.978171527385711670e-02,-3.681265562772750854e-02
2.268321514129638672e-01,5.978171527385711670e-02,-3.681265562772750854e-02
2.276796400547027588e-01,6.005495041608810425e-02,-3.704913333058357239e-02
2.276796400547027588e-01,6.005495041608810425e-02,-3.704913333058357239e-02
2.285288572311401367e-01,6.032950058579444885e-02,-3.728691488504409790e-02
2.285288572311401367e-01,6.032950058579444885e-02,-3.728691488504409790e-02
2.293797582387924194e-01,6.060536205768585205e-02,-3.752598166465759277e-02
2.293797582387924194e-01,6.060536205768585205e-02,-3.752598166465759277e-02
2.302324324846267700e-01,6.088257208466529846e-02,-3.776635602116584778e-02
2.302324324846267700e-01,6.088257208466529846e-02,-3.776635602116584778e-02
2.310867905616760254e-01,6.116109341382980347e-02,-3.800801932811737061e-02
2.310867905616760254e-01,6.116109341382980347e-02,-3.800801932811737061e-02
2.319429069757461548e-01,6.144094467163085938e-02,-3.825099021196365356e-02
2.319429069757461548e-01,6.144094467163085938e-02,-3.825099021196365356e-02
2.328007668256759644e-01,6.172212585806846619e-02,-3.849526494741439819e-02
2.328007668256759644e-01,6.172212585806846619e-02,-3.849526494741439819e-02
2.336603403091430664e-01,6.200464814901351929e-02,-3.874084353446960449e-02
2.336603403091430664e-01,6.200464814901351929e-02,-3.874084353446960449e-02
2.345216423273086548e-01,6.228849291801452637e-02,-3.898773342370986938e-02
2.345216423273086548e-01,6.228849291801452637e-02,-3.898773342370986938e-02
2.353846877813339233e-01,6.257367879152297974e-02,-3.923593088984489441e-02
2.353846877813339233e-01,6.257367879152297974e-02,-3.923593088984489441e-02
2.362495064735412598e-01,6.286020576953887939e-02,-3.948544710874557495e-02
2.362495064735412598e-01,6.286020576953887939e-02,-3.948544710874557495e-02
2.371160387992858887e-01,6.314805895090103149e-02,-3.973627462983131409e-02
2.371160387992858887e-01,6.314805895090103149e-02,-3.973627462983131409e-02
2.379843294620513916e-01,6.343726068735122681e-02,-3.998842090368270874e-02
2.379843294620513916e-01,6.343726068735122681e-02,-3.998842090368270874e-02
2.388543784618377686e-01,6.372781097888946533e-02,-4.024188965559005737e-02
2.388543784618377686e-01,6.372781097888946533e-02,-4.024188965559005737e-02
2.397261410951614380e-01,6.401970237493515015e-02,-4.049668088555335999e-02
2.397261410951614380e-01,6.401970237493515015e-02,-4.049668088555335999e-02
2.405996918678283691e-01,6.431293487548828125e-02,-4.075279831886291504e-02
2.405996918678283691e-01,6.431293487548828125e-02,-4.075279831886291504e-02
2.414750307798385620e-01,6.460752338171005249e-02,-4.101024568080902100e-02
2.414750307798385620e-01,6.460752338171005249e-02,-4.101024568080902100e-02
2.423520684242248535e-01,6.490346044301986694e-02,-4.126902297139167786e-02
2.423520684242248535e-01,6.490346044301986694e-02,-4.126902297139167786e-02
2.432309240102767944e-01,6.520074605941772461e-02,-4.152912646532058716e-02
2.432309240102767944e-01,6.520074605941772461e-02,-4.152912646532058716e-02
2.441114932298660278e-01,6.549938023090362549e-02,-4.179057106375694275e-02
2.441114932298660278e-01,6.549938023090362549e-02,-4.179057106375694275e-02
2.449938505887985229e-01,6.579938530921936035e-02,-4.205335304141044617e-02
2.449938505887985229e-01,6.579938530921936035e-02,-4.205335304141044617e-02
2.458779811859130859e-01,6.610073149204254150e-02,-4.231746867299079895e-02
2.458779811859130859e-01,6.610073149204254150e-02,-4.231746867299079895e-02
2.467638999223709106e-01,6.640344858169555664e-02,-4.258293285965919495e-02
2.467638999223709106e-01,6.640344858169555664e-02,-4.258293285965919495e-02
2.476515620946884155e-01,6.670752167701721191e-02,-4.284973815083503723e-02
2.476515620946884155e-01,6.670752167701721191e-02,-4.284973815083503723e-02
2.485409975051879883e-01,6.701295822858810425e-02,-4.311789199709892273e-02
2.485409975051879883e-01,6.701295822858810425e-02,-4.311789199709892273e-02
2.494322657585144043e-01,6.731976568698883057e-02,-4.338739812374114990e-02
2.494322657585144043e-01,6.731976568698883057e-02,-4.338739812374114990e-02
2.503252625465393066e-01,6.762792915105819702e-02,-4.365824535489082336e-02
2.503252625465393066e-01,6.762792915105819702e-02,-4.365824535489082336e-02
2.512200772762298584e-01,6.793747097253799438e-02,-4.393045976758003235e-02
2.512200772762298584e-01,6.793747097253799438e-02,-4.393045976758003235e-02
2.521166801452636719e-01,6.824836879968643188e-02,-4.420402273535728455e-02
2.521166801452636719e-01,6.824836879968643188e-02,-4.420402273535728455e-02
2.530150711536407471e-01,6.856064498424530029e-02,-4.447894915938377380e-02
2.530150711536407471e-01,6.856064498424530029e-02,-4.447894915938377380e-02
2.539152503013610840e-01,6.887429952621459961e-02,-4.475522786378860474e-02
2.539152503013610840e-01,6.887429952621459961e-02,-4.475522786378860474e-02
2.548171877861022949e-01,6.918932497501373291e-02,-4.503287747502326965e-02
2.548171877861022949e-01,6.918932497501373291e-02,-4.503287747502326965e-02
2.557209730148315430e-01,6.950572878122329712e-02,-4.531189426779747009e-02
2.557209730148315430e-01,6.950572878122329712e-02,-4.531189426779747009e-02
2.566265463829040527e-01,6.982351094484329224e-02,-4.559227079153060913e-02
2.566265463829040527e-01,6.982351094484329224e-02,-4.559227079153060913e-02
2.575339078903198242e-01,7.014267891645431519e-02,-4.587402939796447754e-02
2.575339078903198242e-01,7.014267891645431519e-02,-4.587402939796447754e-02
2.584430873394012451e-01,7.046322524547576904e-02,-4.615715518593788147e-02
2.584430873394012451e-01,7.046322524547576904e-02,-4.615715518593788147e-02
2.593540847301483154e-01,7.078515738248825073e-02,-4.644165560603141785e-02
2.593540847301483154e-01,7.078515738248825073e-02,-4.644165560603141785e-02
2.602668702602386475e-01,7.110847532749176025e-02,-4.672753438353538513e-02
2.602668702602386475e-01,7.110847532749176025e-02,-4.672753438353538513e-02
2.611815035343170166e-01,7.143318653106689453e-02,-4.701479151844978333e-02
2.611815035343170166e-01,7.143318653106689453e-02,-4.701479151844978333e-02
2.620979249477386475e-01,7.175928354263305664e-02,-4.730343446135520935e-02
2.620979249477386475e-01,7.175928354263305664e-02,-4.730343446135520935e-02
2.630161643028259277e-01,7.208676636219024658e-02,-4.759345948696136475e-02
2.630161643028259277e-01,7.208676636219024658e-02,-4.759345948696136475e-02
2.639362215995788574e-01,7.241564989089965820e-02,-4.788487404584884644e-02
2.639362215995788574e-01,7.241564989089965820e-02,-4.788487404584884644e-02
2.648581266403198242e-01,7.274593412876129150e-02,-4.817767813801765442e-02
2.648581266403198242e-01,7.274593412876129150e-02,-4.817767813801765442e-02
2.657818496227264404e-01,7.307760417461395264e-02,-4.847187921404838562e-02
2.657818496227264404e-01,7.307760417461395264e-02,-4.847187921404838562e-02
2.667073905467987061e-01,7.341067492961883545e-02,-4.876746982336044312e-02
2.667073905467987061e-01,7.341067492961883545e-02,-4.876746982336044312e-02
2.676347494125366211e-01,7.374516129493713379e-02,-4.906445741653442383e-02
2.676347494125366211e-01,7.374516129493713379e-02,-4.906445741653442383e-02
2.685639858245849609e-01,7.408103346824645996e-02,-4.936284571886062622e-02
2.685639858245849609e-01,7.408103346824645996e-02,-4.936284571886062622e-02
2.694950103759765625e-01,7.441831380128860474e-02,-4.966263473033905029e-02
2.694950103759765625e-01,7.441831380128860474e-02,-4.966263473033905029e-02
2.704278826713562012e-01,7.475700229406356812e-02,-4.996382445096969604e-02
2.704278826713562012e-01,7.475700229406356812e-02,-4.996382445096969604e-02
2.713626027107238770e-01,7.509709894657135010e-02,-5.026642233133316040e-02
2.713626027107238770e-01,7.509709894657135010e-02,-5.026642233133316040e-02
2.722992002964019775e-01,7.543860375881195068e-02,-5.057042837142944336e-02
2.722992002964019775e-01,7.543860375881195068e-02,-5.057042837142944336e-02
2.732376158237457275e-01,7.578153163194656372e-02,-5.087585002183914185e-02
2.732376158237457275e-01,7.578153163194656372e-02,-5.087585002183914185e-02
2.741778492927551270e-01,7.612585276365280151e-02,-5.118267983198165894e-02
2.741778492927551270e-01,7.612585276365280151e-02,-5.118267983198165894e-02
2.751199901103973389e-01,7.647161185741424561e-02,-5.149093270301818848e-02
2.751199901103973389e-01,7.647161185741424561e-02,-5.149093270301818848e-02
2.760639488697052002e-01,7.681877166032791138e-02,-5.180059745907783508e-02
2.760639488697052002e-01,7.681877166032791138e-02,-5.180059745907783508e-02
2.770097553730010986e-01,7.716735452413558960e-02,-5.211168527603149414e-02
2.770097553730010986e-01,7.716735452413558960e-02,-5.211168527603149414e-02
2.779574692249298096e-01,7.751736044883728027e-02,-5.242419242858886719e-02
2.779574692249298096e-01,7.751736044883728027e-02,-5.242419242858886719e-02
2.789070308208465576e-01,7.786878943443298340e-02,-5.273813009262084961e-02
2.789070308208465576e-01,7.786878943443298340e-02,-5.273813009262084961e-02
2.798584103584289551e-01,7.822164148092269897e-02,-5.305349454283714294e-02
2.798584103584289551e-01,7.822164148092269897e-02,-5.305349454283714294e-02
2.808116972446441650e-01,7.857592403888702393e-02,-5.337028577923774719e-02
2.808116972446441650e-01,7.857592403888702393e-02,-5.337028577923774719e-02
2.817668616771697998e-01,7.893162965774536133e-02,-5.368851497769355774e-02
2.817668616771697998e-01,7.893162965774536133e-02,-5.368851497769355774e-02
2.827238738536834717e-01,7.928876578807830811e-02,-5.400817841291427612e-02
2.827238738536834717e-01,7.928876578807830811e-02,-5.400817841291427612e-02
2.836827337741851807e-01,7.964733988046646118e-02,-5.432927235960960388e-02
2.836827337741851807e-01,7.964733988046646118e-02,-5.432927235960960388e-02
2.846435010433197021e-01,8.000733703374862671e-02,-5.465181171894073486e-02
2.846435010433197021e-01,8.000733703374862671e-02,-5.465181171894073486e-02
2.856061756610870361e-01,8.036877959966659546e-02,-5.497578904032707214e-02
2.856061756610870361e-01,8.036877959966659546e-02,-5.497578904032707214e-02
2.865706980228424072e-01,8.073165267705917358e-02,-5.530121922492980957e-02
2.865706980228424072e-01,8.073165267705917358e-02,-5.530121922492980957e-02
2.875371277332305908e-01,8.109597861766815186e-02,-5.562808364629745483e-02
2.875371277332305908e-01,8.109597861766815186e-02,-5.562808364629745483e-02
2.885054051876068115e-01,8.146172016859054565e-02,-5.595640465617179871e-02
2.885054051876068115e-01,8.146172016859054565e-02,-5.595640465617179871e-02
2.894755899906158447e-01,8.182892203330993652e-02,-5.628617852926254272e-02
2.894755899906158447e-01,8.182892203330993652e-02,-5.628617852926254272e-02
2.904476821422576904e-01,8.219756186008453369e-02,-5.661740526556968689e-02
2.904476821422576904e-01,8.219756186008453369e-02,-5.661740526556968689e-02
2.914216518402099609e-01,8.256765455007553101e-02,-5.695009231567382812e-02
2.914216518402099609e-01,8.256765455007553101e-02,-5.695009231567382812e-02
2.923975586891174316e-01,8.293919265270233154e-02,-5.728423595428466797e-02
2.923975586891174316e-01,8.293919265270233154e-02,-5.728423595428466797e-02
2.933753132820129395e-01,8.331218361854553223e-02,-5.761983618140220642e-02
2.933753132820129395e-01,8.331218361854553223e-02,-5.761983618140220642e-02
2.943549752235412598e-01,8.368661999702453613e-02,-5.795690044760704041e-02
2.943549752235412598e-01,8.368661999702453613e-02,-5.795690044760704041e-02
