1.062959581613540649e-01,-4.842067509889602661e-02,-3.948432579636573792e-02
1.062959581613540649e-01,-4.842067509889602661e-02,-3.948432579636573792e-02
1.063377931714057922e-01,-4.777467995882034302e-02,-3.908705711364746094e-02
1.063377931714057922e-01,-4.777467995882034302e-02,-3.908705711364746094e-02
1.063798516988754272e-01,-4.713022336363792419e-02,-3.869105502963066101e-02
1.063798516988754272e-01,-4.713022336363792419e-02,-3.869105502963066101e-02
1.064221113920211792e-01,-4.648732393980026245e-02,-3.829633072018623352e-02
1.064221113920211792e-01,-4.648732393980026245e-02,-3.829633072018623352e-02
1.064645871520042419e-01,-4.584595933556556702e-02,-3.790287673473358154e-02
1.064645871520042419e-01,-4.584595933556556702e-02,-3.790287673473358154e-02
1.065072789788246155e-01,-4.520614072680473328e-02,-3.751068934798240662e-02
1.065072789788246155e-01,-4.520614072680473328e-02,-3.751068934798240662e-02
1.065501570701599121e-01,-4.456786066293716431e-02,-3.711976110935211182e-02
1.065501570701599121e-01,-4.456786066293716431e-02,-3.711976110935211182e-02
1.065932735800743103e-01,-4.393111914396286011e-02,-3.673010319471359253e-02
1.065932735800743103e-01,-4.393111914396286011e-02,-3.673010319471359253e-02
1.066365763545036316e-01,-4.329589754343032837e-02,-3.634170442819595337e-02
1.066365763545036316e-01,-4.329589754343032837e-02,-3.634170442819595337e-02
1.066800877451896667e-01,-4.266221448779106140e-02,-3.595456853508949280e-02
1.066800877451896667e-01,-4.266221448779106140e-02,-3.595456853508949280e-02
1.067238077521324158e-01,-4.203005507588386536e-02,-3.556869179010391235e-02
1.067238077521324158e-01,-4.203005507588386536e-02,-3.556869179010391235e-02
1.067677363753318787e-01,-4.139941930770874023e-02,-3.518407791852951050e-02
1.067677363753318787e-01,-4.139941930770874023e-02,-3.518407791852951050e-02
1.068118736147880554e-01,-4.077029973268508911e-02,-3.480071574449539185e-02
1.068118736147880554e-01,-4.077029973268508911e-02,-3.480071574449539185e-02
1.068561971187591553e-01,-4.014270007610321045e-02,-3.441861644387245178e-02
1.068561971187591553e-01,-4.014270007610321045e-02,-3.441861644387245178e-02
1.069007292389869690e-01,-3.951661288738250732e-02,-3.403776884078979492e-02
1.069007292389869690e-01,-3.951661288738250732e-02,-3.403776884078979492e-02
1.069454625248908997e-01,-3.889203816652297974e-02,-3.365817293524742126e-02
1.069454625248908997e-01,-3.889203816652297974e-02,-3.365817293524742126e-02
1.069903969764709473e-01,-3.826897218823432922e-02,-3.327982127666473389e-02
1.069903969764709473e-01,-3.826897218823432922e-02,-3.327982127666473389e-02
1.070355176925659180e-01,-3.764740750193595886e-02,-3.290272504091262817e-02
1.070355176925659180e-01,-3.764740750193595886e-02,-3.290272504091262817e-02
1.070808395743370056e-01,-3.702734783291816711e-02,-3.252688050270080566e-02
1.070808395743370056e-01,-3.702734783291816711e-02,-3.252688050270080566e-02
1.071263700723648071e-01,-3.640878200531005859e-02,-3.215228393673896790e-02
1.071263700723648071e-01,-3.640878200531005859e-02,-3.215228393673896790e-02
1.071720942854881287e-01,-3.579171001911163330e-02,-3.177892416715621948e-02
1.071720942854881287e-01,-3.579171001911163330e-02,-3.177892416715621948e-02
1.072180196642875671e-01,-3.517613932490348816e-02,-3.140680864453315735e-02
1.072180196642875671e-01,-3.517613932490348816e-02,-3.140680864453315735e-02
1.072641238570213318e-01,-3.456205502152442932e-02,-3.103594295680522919e-02
1.072641238570213318e-01,-3.456205502152442932e-02,-3.103594295680522919e-02
1.073104217648506165e-01,-3.394944965839385986e-02,-3.066631592810153961e-02
1.073104217648506165e-01,-3.394944965839385986e-02,-3.066631592810153961e-02
1.073569208383560181e-01,-3.333833441138267517e-02,-3.029792942106723785e-02
1.073569208383560181e-01,-3.333833441138267517e-02,-3.029792942106723785e-02
1.074036061763763428e-01,-3.272870182991027832e-02,-2.993077598512172699e-02
1.074036061763763428e-01,-3.272870182991027832e-02,-2.993077598512172699e-02
1.074504777789115906e-01,-3.212054073810577393e-02,-2.956486120820045471e-02
1.074504777789115906e-01,-3.212054073810577393e-02,-2.956486120820045471e-02
1.074975505471229553e-01,-3.151385858654975891e-02,-2.920018322765827179e-02
1.074975505471229553e-01,-3.151385858654975891e-02,-2.920018322765827179e-02
1.075448021292686462e-01,-3.090864792466163635e-02,-2.883673645555973053e-02
1.075448021292686462e-01,-3.090864792466163635e-02,-2.883673645555973053e-02
1.075922548770904541e-01,-3.030490502715110779e-02,-2.847452089190483093e-02
1.075922548770904541e-01,-3.030490502715110779e-02,-2.847452089190483093e-02
1.076398789882659912e-01,-2.970262803137302399e-02,-2.811354026198387146e-02
1.076398789882659912e-01,-2.970262803137302399e-02,-2.811354026198387146e-02
1.076877042651176453e-01,-2.910181134939193726e-02,-2.775378711521625519e-02
1.076877042651176453e-01,-2.910181134939193726e-02,-2.775378711521625519e-02
1.077357083559036255e-01,-2.850245125591754913e-02,-2.739525586366653442e-02
1.077357083559036255e-01,-2.850245125591754913e-02,-2.739525586366653442e-02
1.077838838100433350e-01,-2.790455147624015808e-02,-2.703795954585075378e-02
1.077838838100433350e-01,-2.790455147624015808e-02,-2.703795954585075378e-02
1.078322455286979675e-01,-2.730810269713401794e-02,-2.668187953531742096e-02
1.078322455286979675e-01,-2.730810269713401794e-02,-2.668187953531742096e-02
1.078807935118675232e-01,-2.671310491859912872e-02,-2.632702887058258057e-02
1.078807935118675232e-01,-2.671310491859912872e-02,-2.632702887058258057e-02
1.079295277595520020e-01,-2.611955627799034119e-02,-2.597339451313018799e-02
1.079295277595520020e-01,-2.611955627799034119e-02,-2.597339451313018799e-02
1.079784259200096130e-01,-2.552744746208190918e-02,-2.562098391354084015e-02
1.079784259200096130e-01,-2.552744746208190918e-02,-2.562098391354084015e-02
1.080275326967239380e-01,-2.493678219616413116e-02,-2.526979520916938782e-02
1.080275326967239380e-01,-2.493678219616413116e-02,-2.526979520916938782e-02
1.080767884850502014e-01,-2.434755675494670868e-02,-2.491981908679008484e-02
1.080767884850502014e-01,-2.434755675494670868e-02,-2.491981908679008484e-02
1.081262379884719849e-01,-2.375976555049419403e-02,-2.457105740904808044e-02
1.081262379884719849e-01,-2.375976555049419403e-02,-2.457105740904808044e-02
1.081758588552474976e-01,-2.317340672016143799e-02,-2.422351203858852386e-02
1.081758588552474976e-01,-2.317340672016143799e-02,-2.422351203858852386e-02
1.082256659865379333e-01,-2.258847095072269440e-02,-2.387718111276626587e-02
1.082256659865379333e-01,-2.258847095072269440e-02,-2.387718111276626587e-02
1.082756221294403076e-01,-2.200496755540370941e-02,-2.353205718100070953e-02
1.082756221294403076e-01,-2.200496755540370941e-02,-2.353205718100070953e-02
1.083257570862770081e-01,-2.142288163304328918e-02,-2.318814583122730255e-02
1.083257570862770081e-01,-2.142288163304328918e-02,-2.318814583122730255e-02
1.083761006593704224e-01,-2.084222249686717987e-02,-2.284544333815574646e-02
1.083761006593704224e-01,-2.084222249686717987e-02,-2.284544333815574646e-02
1.084265857934951782e-01,-2.026297897100448608e-02,-2.250394970178604126e-02
1.084265857934951782e-01,-2.026297897100448608e-02,-2.250394970178604126e-02
1.084772497415542603e-01,-1.968514360487461090e-02,-2.216365560889244080e-02
1.084772497415542603e-01,-1.968514360487461090e-02,-2.216365560889244080e-02
1.085280776023864746e-01,-1.910872198641300201e-02,-2.182457037270069122e-02
1.085280776023864746e-01,-1.910872198641300201e-02,-2.182457037270069122e-02
1.085790768265724182e-01,-1.853371225297451019e-02,-2.148668467998504639e-02
1.085790768265724182e-01,-1.853371225297451019e-02,-2.148668467998504639e-02
1.086302474141120911e-01,-1.796010695397853851e-02,-2.115000225603580475e-02
1.086302474141120911e-01,-1.796010695397853851e-02,-2.115000225603580475e-02
1.086815744638442993e-01,-1.738789863884449005e-02,-2.081451751291751862e-02
1.086815744638442993e-01,-1.738789863884449005e-02,-2.081451751291751862e-02
1.087330803275108337e-01,-1.681708544492721558e-02,-2.048022858798503876e-02
1.087330803275108337e-01,-1.681708544492721558e-02,-2.048022858798503876e-02
1.087847352027893066e-01,-1.624767854809761047e-02,-2.014714106917381287e-02
1.087847352027893066e-01,-1.624767854809761047e-02,-2.014714106917381287e-02
1.088365763425827026e-01,-1.567965373396873474e-02,-1.981524564325809479e-02
1.088365763425827026e-01,-1.567965373396873474e-02,-1.981524564325809479e-02
1.088885739445686340e-01,-1.511302776634693146e-02,-1.948454417288303375e-02
1.088885739445686340e-01,-1.511302776634693146e-02,-1.948454417288303375e-02
1.089407280087471008e-01,-1.454777922481298447e-02,-1.915503293275833130e-02
1.089407280087471008e-01,-1.454777922481298447e-02,-1.915503293275833130e-02
1.089930534362792969e-01,-1.398392301052808762e-02,-1.882671751081943512e-02
1.089930534362792969e-01,-1.398392301052808762e-02,-1.882671751081943512e-02
1.090455278754234314e-01,-1.342144422233104706e-02,-1.849958673119544983e-02
1.090455278754234314e-01,-1.342144422233104706e-02,-1.849958673119544983e-02
1.090981736779212952e-01,-1.286034286022186279e-02,-1.817364431917667389e-02
1.090981736779212952e-01,-1.286034286022186279e-02,-1.817364431917667389e-02
1.091509684920310974e-01,-1.230060961097478867e-02,-1.784888654947280884e-02
1.091509684920310974e-01,-1.230060961097478867e-02,-1.784888654947280884e-02
1.092039197683334351e-01,-1.174225378781557083e-02,-1.752531528472900391e-02
1.092039197683334351e-01,-1.174225378781557083e-02,-1.752531528472900391e-02
1.092570349574089050e-01,-1.118526607751846313e-02,-1.720292866230010986e-02
1.092570349574089050e-01,-1.118526607751846313e-02,-1.720292866230010986e-02
1.093103066086769104e-01,-1.062964554876089096e-02,-1.688172295689582825e-02
1.093103066086769104e-01,-1.062964554876089096e-02,-1.688172295689582825e-02
1.093637347221374512e-01,-1.007538754492998123e-02,-1.656169630587100983e-02
1.093637347221374512e-01,-1.007538754492998123e-02,-1.656169630587100983e-02
1.094173118472099304e-01,-9.522490203380584717e-03,-1.624284870922565460e-02
1.094173118472099304e-01,-9.522490203380584717e-03,-1.624284870922565460e-02
1.094710454344749451e-01,-8.970945142209529877e-03,-1.592518016695976257e-02
1.094710454344749451e-01,-8.970945142209529877e-03,-1.592518016695976257e-02
1.095249280333518982e-01,-8.420753292739391327e-03,-1.560868229717016220e-02
1.095249280333518982e-01,-8.420753292739391327e-03,-1.560868229717016220e-02
1.095789596438407898e-01,-7.871909998357295990e-03,-1.529336348176002502e-02
1.095789596438407898e-01,-7.871909998357295990e-03,-1.529336348176002502e-02
1.096331551671028137e-01,-7.324419450014829636e-03,-1.497921533882617950e-02
1.096331551671028137e-01,-7.324419450014829636e-03,-1.497921533882617950e-02
1.096874848008155823e-01,-6.778267212212085724e-03,-1.466623973101377487e-02
1.096874848008155823e-01,-6.778267212212085724e-03,-1.466623973101377487e-02
1.097419783473014832e-01,-6.233464460819959641e-03,-1.435443293303251266e-02
1.097419783473014832e-01,-6.233464460819959641e-03,-1.435443293303251266e-02
1.097966060042381287e-01,-5.689993035048246384e-03,-1.404379867017269135e-02
1.097966060042381287e-01,-5.689993035048246384e-03,-1.404379867017269135e-02
1.098513826727867126e-01,-5.147856194525957108e-03,-1.373432576656341553e-02
1.098513826727867126e-01,-5.147856194525957108e-03,-1.373432576656341553e-02
1.099063158035278320e-01,-4.607057198882102966e-03,-1.342601981014013290e-02
1.099063158035278320e-01,-4.607057198882102966e-03,-1.342601981014013290e-02
1.099613830447196960e-01,-4.067581612616777420e-03,-1.311887893825769424e-02
1.099613830447196960e-01,-4.067581612616777420e-03,-1.311887893825769424e-02
1.100165843963623047e-01,-3.529437119141221046e-03,-1.281289942562580109e-02
1.100165843963623047e-01,-3.529437119141221046e-03,-1.281289942562580109e-02
1.100719422101974487e-01,-2.992610447108745575e-03,-1.250808127224445343e-02
1.100719422101974487e-01,-2.992610447108745575e-03,-1.250808127224445343e-02
1.101274490356445312e-01,-2.457110909745097160e-03,-1.220442261546850204e-02
1.101274490356445312e-01,-2.457110909745097160e-03,-1.220442261546850204e-02
1.101830899715423584e-01,-1.922921161167323589e-03,-1.190192438662052155e-02
1.101830899715423584e-01,-1.922921161167323589e-03,-1.190192438662052155e-02
1.102388650178909302e-01,-1.390047837048768997e-03,-1.160057913511991501e-02
1.102388650178909302e-01,-1.390047837048768997e-03,-1.160057913511991501e-02
1.102947890758514404e-01,-8.584805764257907867e-04,-1.130038965493440628e-02
1.102947890758514404e-01,-8.584805764257907867e-04,-1.130038965493440628e-02
1.103508397936820984e-01,-3.282282850705087185e-04,-1.100134942680597305e-02
1.103508397936820984e-01,-3.282282850705087185e-04,-1.100134942680597305e-02
1.104070395231246948e-01,2.007198199862614274e-04,-1.070347148925065994e-02
1.104070395231246948e-01,2.007198199862614274e-04,-1.070347148925065994e-02
1.104633733630180359e-01,7.283677114173769951e-04,-1.040673628449440002e-02
1.104633733630180359e-01,7.283677114173769951e-04,-1.040673628449440002e-02
1.105198562145233154e-01,1.254717237316071987e-03,-1.011115498840808868e-02
1.105198562145233154e-01,1.254717237316071987e-03,-1.011115498840808868e-02
1.105764433741569519e-01,1.779769081622362137e-03,-9.816718287765979767e-03
1.105764433741569519e-01,1.779769081622362137e-03,-9.816718287765979767e-03
1.106331869959831238e-01,2.303530229255557060e-03,-9.523426182568073273e-03
1.106331869959831238e-01,2.303530229255557060e-03,-9.523426182568073273e-03
1.106900498270988464e-01,2.825999399647116661e-03,-9.231284260749816895e-03
1.106900498270988464e-01,2.825999399647116661e-03,-9.231284260749816895e-03
1.107470616698265076e-01,3.347186371684074402e-03,-8.940282277762889862e-03
1.107470616698265076e-01,3.347186371684074402e-03,-8.940282277762889862e-03
1.108041852712631226e-01,3.867085091769695282e-03,-8.650419302284717560e-03
1.108041852712631226e-01,3.867085091769695282e-03,-8.650419302284717560e-03
1.108614504337310791e-01,4.385701846331357956e-03,-8.361700922250747681e-03
1.108614504337310791e-01,4.385701846331357956e-03,-8.361700922250747681e-03
1.109188571572303772e-01,4.903048742562532425e-03,-8.074118755757808685e-03
1.109188571572303772e-01,4.903048742562532425e-03,-8.074118755757808685e-03
1.109763607382774353e-01,5.419111810624599457e-03,-7.787674665451049805e-03
1.109763607382774353e-01,5.419111810624599457e-03,-7.787674665451049805e-03
1.110340133309364319e-01,5.933908279985189438e-03,-7.502370979636907578e-03
1.110340133309364319e-01,5.933908279985189438e-03,-7.502370979636907578e-03
1.110917925834655762e-01,6.447437219321727753e-03,-7.218194659799337387e-03
1.110917925834655762e-01,6.447437219321727753e-03,-7.218194659799337387e-03
1.111496910452842712e-01,6.959693506360054016e-03,-6.935156416147947311e-03
1.111496910452842712e-01,6.959693506360054016e-03,-6.935156416147947311e-03
1.112077087163925171e-01,7.470696233212947845e-03,-6.653245538473129272e-03
1.112077087163925171e-01,7.470696233212947845e-03,-6.653245538473129272e-03
1.112658530473709106e-01,7.980435155332088470e-03,-6.372466217726469040e-03
1.112658530473709106e-01,7.980435155332088470e-03,-6.372466217726469040e-03
1.113241314888000488e-01,8.488920517265796661e-03,-6.092814262956380844e-03
1.113241314888000488e-01,8.488920517265796661e-03,-6.092814262956380844e-03
1.113825216889381409e-01,8.996151387691497803e-03,-5.814288742840290070e-03
1.113825216889381409e-01,8.996151387691497803e-03,-5.814288742840290070e-03
1.114410385489463806e-01,9.502126835286617279e-03,-5.536891054362058640e-03
1.114410385489463806e-01,9.502126835286617279e-03,-5.536891054362058640e-03
1.114996746182441711e-01,1.000685896724462509e-02,-5.260617006570100784e-03
1.114996746182441711e-01,1.000685896724462509e-02,-5.260617006570100784e-03
1.115584224462509155e-01,1.051034405827522278e-02,-4.985467065125703812e-03
1.115584224462509155e-01,1.051034405827522278e-02,-4.985467065125703812e-03
1.116172894835472107e-01,1.101259235292673111e-02,-4.711434245109558105e-03
1.116172894835472107e-01,1.101259235292673111e-02,-4.711434245109558105e-03
1.116762757301330566e-01,1.151360198855400085e-02,-4.438523668795824051e-03
1.116762757301330566e-01,1.151360198855400085e-02,-4.438523668795824051e-03
1.117353811860084534e-01,1.201337017118930817e-02,-4.166730679571628571e-03
1.117353811860084534e-01,1.201337017118930817e-02,-4.166730679571628571e-03
1.117946058511734009e-01,1.251191366463899612e-02,-3.896052949130535126e-03
1.117946058511734009e-01,1.251191366463899612e-02,-3.896052949130535126e-03
1.118539348244667053e-01,1.300921943038702011e-02,-3.626492805778980255e-03
1.118539348244667053e-01,1.300921943038702011e-02,-3.626492805778980255e-03
1.119133755564689636e-01,1.350530888885259628e-02,-3.358043497428297997e-03
1.119133755564689636e-01,1.350530888885259628e-02,-3.358043497428297997e-03
1.119729429483413696e-01,1.400017179548740387e-02,-3.090704092755913734e-03
1.119729429483413696e-01,1.400017179548740387e-02,-3.090704092755913734e-03
1.120325997471809387e-01,1.449381187558174133e-02,-2.824481343850493431e-03
1.120325997471809387e-01,1.449381187558174133e-02,-2.824481343850493431e-03
1.120923832058906555e-01,1.498623751103878021e-02,-2.559366868808865547e-03
1.120923832058906555e-01,1.498623751103878021e-02,-2.559366868808865547e-03
1.121522858738899231e-01,1.547745242714881897e-02,-2.295356476679444313e-03
1.121522858738899231e-01,1.547745242714881897e-02,-2.295356476679444313e-03
1.122122853994369507e-01,1.596744731068611145e-02,-2.032455056905746460e-03
1.122122853994369507e-01,1.596744731068611145e-02,-2.032455056905746460e-03
1.122723817825317383e-01,1.645623706281185150e-02,-1.770656788721680641e-03
1.122723817825317383e-01,1.645623706281185150e-02,-1.770656788721680641e-03
1.123326048254966736e-01,1.694382727146148682e-02,-1.509961788542568684e-03
1.123326048254966736e-01,1.694382727146148682e-02,-1.509961788542568684e-03
1.123929321765899658e-01,1.743021421134471893e-02,-1.250370405614376068e-03
1.123929321765899658e-01,1.743021421134471893e-02,-1.250370405614376068e-03
1.124533489346504211e-01,1.791539415717124939e-02,-9.918813593685626984e-04
1.124533489346504211e-01,1.791539415717124939e-02,-9.918813593685626984e-04
1.125138700008392334e-01,1.839938573539257050e-02,-7.344858604483306408e-04
1.125138700008392334e-01,1.839938573539257050e-02,-7.344858604483306408e-04
1.125745177268981934e-01,1.888218335807323456e-02,-4.781887691933661699e-04
1.125745177268981934e-01,1.888218335807323456e-02,-4.781887691933661699e-04
1.126352325081825256e-01,1.936378702521324158e-02,-2.229884703410789371e-04
1.126352325081825256e-01,1.936378702521324158e-02,-2.229884703410789371e-04
1.126960888504981995e-01,1.984420977532863617e-02,3.111687328782863915e-05
1.126960888504981995e-01,1.984420977532863617e-02,3.111687328782863915e-05
1.127570196986198425e-01,2.032344043254852295e-02,2.841268142219632864e-04
1.127570196986198425e-01,2.032344043254852295e-02,2.841268142219632864e-04
1.128180548548698425e-01,2.080150134861469269e-02,5.360496579669415951e-04
1.128180548548698425e-01,2.080150134861469269e-02,5.360496579669415951e-04
1.128791943192481995e-01,2.127837762236595154e-02,7.868829416111111641e-04
1.128791943192481995e-01,2.127837762236595154e-02,7.868829416111111641e-04
1.129404380917549133e-01,2.175408229231834412e-02,1.036623842082917690e-03
1.129404380917549133e-01,2.175408229231834412e-02,1.036623842082917690e-03
1.130017638206481934e-01,2.222861349582672119e-02,1.285278587602078915e-03
1.130017638206481934e-01,2.222861349582672119e-02,1.285278587602078915e-03
1.130631789565086365e-01,2.270197682082653046e-02,1.532851252704858780e-03
1.130631789565086365e-01,2.270197682082653046e-02,1.532851252704858780e-03
1.131247058510780334e-01,2.317417412996292114e-02,1.779336715117096901e-03
1.131247058510780334e-01,2.317417412996292114e-02,1.779336715117096901e-03
1.131863221526145935e-01,2.364520728588104248e-02,2.024739515036344528e-03
1.131863221526145935e-01,2.364520728588104248e-02,2.024739515036344528e-03
1.132480204105377197e-01,2.411507815122604370e-02,2.269060583785176277e-03
1.132480204105377197e-01,2.411507815122604370e-02,2.269060583785176277e-03
1.133098229765892029e-01,2.458379976451396942e-02,2.512306906282901764e-03
1.133098229765892029e-01,2.458379976451396942e-02,2.512306906282901764e-03
1.133717074990272522e-01,2.505136467516422272e-02,2.754468703642487526e-03
1.133717074990272522e-01,2.505136467516422272e-02,2.754468703642487526e-03
1.134337037801742554e-01,2.551777847111225128e-02,2.995558781549334526e-03
1.134337037801742554e-01,2.551777847111225128e-02,2.995558781549334526e-03
1.134957745671272278e-01,2.598304115235805511e-02,3.235570387914776802e-03
1.134957745671272278e-01,2.598304115235805511e-02,3.235570387914776802e-03
1.135579198598861694e-01,2.644716762006282806e-02,3.474511671811342239e-03
1.135579198598861694e-01,2.644716762006282806e-02,3.474511671811342239e-03
1.136201769113540649e-01,2.691015042364597321e-02,3.712380072101950645e-03
1.136201769113540649e-01,2.691015042364597321e-02,3.712380072101950645e-03
1.136825010180473328e-01,2.737199142575263977e-02,3.949175123125314713e-03
1.136825010180473328e-01,2.737199142575263977e-02,3.949175123125314713e-03
1.137449145317077637e-01,2.783269248902797699e-02,4.184903111308813095e-03
1.137449145317077637e-01,2.783269248902797699e-02,4.184903111308813095e-03
1.138074249029159546e-01,2.829227037727832794e-02,4.419561475515365601e-03
1.138074249029159546e-01,2.829227037727832794e-02,4.419561475515365601e-03
1.138700172305107117e-01,2.875071205198764801e-02,4.653153475373983383e-03
1.138700172305107117e-01,2.875071205198764801e-02,4.653153475373983383e-03
1.139326915144920349e-01,2.920803986489772797e-02,4.885686561465263367e-03
1.139326915144920349e-01,2.920803986489772797e-02,4.885686561465263367e-03
1.139954328536987305e-01,2.966422960162162781e-02,5.117147695273160934e-03
1.139954328536987305e-01,2.966422960162162781e-02,5.117147695273160934e-03
1.140582635998725891e-01,3.011930547654628754e-02,5.347550846636295319e-03
1.140582635998725891e-01,3.011930547654628754e-02,5.347550846636295319e-03
1.141211763024330139e-01,3.057326935231685638e-02,5.576896015554666519e-03
1.141211763024330139e-01,3.057326935231685638e-02,5.576896015554666519e-03
1.141841709613800049e-01,3.102610446512699127e-02,5.805179011076688766e-03
1.141841709613800049e-01,3.102610446512699127e-02,5.805179011076688766e-03
1.142472401261329651e-01,3.147783875465393066e-02,6.032404024153947830e-03
1.142472401261329651e-01,3.147783875465393066e-02,6.032404024153947830e-03
1.143103912472724915e-01,3.192846849560737610e-02,6.258576642721891403e-03
1.143103912472724915e-01,3.192846849560737610e-02,6.258576642721891403e-03
1.143736168742179871e-01,3.237798437476158142e-02,6.483692675828933716e-03
1.143736168742179871e-01,3.237798437476158142e-02,6.483692675828933716e-03
1.144369170069694519e-01,3.282640129327774048e-02,6.707756314426660538e-03
1.144369170069694519e-01,3.282640129327774048e-02,6.707756314426660538e-03
1.145002916455268860e-01,3.327372297644615173e-02,6.930768024176359177e-03
1.145002916455268860e-01,3.327372297644615173e-02,6.930768024176359177e-03
1.145637407898902893e-01,3.371994569897651672e-02,7.152728270739316940e-03
1.145637407898902893e-01,3.371994569897651672e-02,7.152728270739316940e-03
1.146272569894790649e-01,3.416506946086883545e-02,7.373642642050981522e-03
1.146272569894790649e-01,3.416506946086883545e-02,7.373642642050981522e-03
1.146908402442932129e-01,3.460911288857460022e-02,7.593508344143629074e-03
1.146908402442932129e-01,3.460911288857460022e-02,7.593508344143629074e-03
1.147544905543327332e-01,3.505206480622291565e-02,7.812329567968845367e-03
1.147544905543327332e-01,3.505206480622291565e-02,7.812329567968845367e-03
1.148182377219200134e-01,3.549393266439437866e-02,8.030106313526630402e-03
1.148182377219200134e-01,3.549393266439437866e-02,8.030106313526630402e-03
1.148820295929908752e-01,3.593471646308898926e-02,8.246839046478271484e-03
1.148820295929908752e-01,3.593471646308898926e-02,8.246839046478271484e-03
1.149459034204483032e-01,3.637442737817764282e-02,8.462534286081790924e-03
1.149459034204483032e-01,3.637442737817764282e-02,8.462534286081790924e-03
1.150098443031311035e-01,3.681306540966033936e-02,8.677189238369464874e-03
1.150098443031311035e-01,3.681306540966033936e-02,8.677189238369464874e-03
1.150738447904586792e-01,3.725062683224678040e-02,8.890802040696144104e-03
1.150738447904586792e-01,3.725062683224678040e-02,8.890802040696144104e-03
1.151379048824310303e-01,3.768712282180786133e-02,9.103377349674701691e-03
1.151379048824310303e-01,3.768712282180786133e-02,9.103377349674701691e-03
1.152020394802093506e-01,3.812255337834358215e-02,9.314923547208309174e-03
1.152020394802093506e-01,3.812255337834358215e-02,9.314923547208309174e-03
1.152662336826324463e-01,3.855691105127334595e-02,9.525433182716369629e-03
1.152662336826324463e-01,3.855691105127334595e-02,9.525433182716369629e-03
1.153304949402809143e-01,3.899022191762924194e-02,9.734911844134330750e-03
1.153304949402809143e-01,3.899022191762924194e-02,9.734911844134330750e-03
1.153948083519935608e-01,3.942246362566947937e-02,9.943355806171894073e-03
1.153948083519935608e-01,3.942246362566947937e-02,9.943355806171894073e-03
1.154591813683509827e-01,3.985366597771644592e-02,1.015077438205480576e-02
1.154591813683509827e-01,3.985366597771644592e-02,1.015077438205480576e-02
1.155236288905143738e-01,4.028381407260894775e-02,1.035716198384761810e-02
1.155236288905143738e-01,4.028381407260894775e-02,1.035716198384761810e-02
1.155881285667419434e-01,4.071290791034698486e-02,1.056252326816320419e-02
1.155881285667419434e-01,4.071290791034698486e-02,1.056252326816320419e-02
1.156526878476142883e-01,4.114096239209175110e-02,1.076686475425958633e-02
1.156526878476142883e-01,4.114096239209175110e-02,1.076686475425958633e-02
1.157173067331314087e-01,4.156797006726264954e-02,1.097017899155616760e-02
1.157173067331314087e-01,4.156797006726264954e-02,1.097017899155616760e-02
1.157819703221321106e-01,4.199393838644027710e-02,1.117246970534324646e-02
1.157819703221321106e-01,4.199393838644027710e-02,1.117246970534324646e-02
1.158466860651969910e-01,4.241888225078582764e-02,1.137374341487884521e-02
1.158466860651969910e-01,4.241888225078582764e-02,1.137374341487884521e-02
1.159114763140678406e-01,4.284278675913810730e-02,1.157399639487266541e-02
1.159114763140678406e-01,4.284278675913810730e-02,1.157399639487266541e-02
1.159762889146804810e-01,4.326565936207771301e-02,1.177323516458272934e-02
1.159762889146804810e-01,4.326565936207771301e-02,1.177323516458272934e-02
1.160411834716796875e-01,4.368750751018524170e-02,1.197145227342844009e-02
1.160411834716796875e-01,4.368750751018524170e-02,1.197145227342844009e-02
1.161061003804206848e-01,4.410833492875099182e-02,1.216865703463554382e-02
1.161061003804206848e-01,4.410833492875099182e-02,1.216865703463554382e-02
1.161710992455482483e-01,4.452813416719436646e-02,1.236485037952661514e-02
1.161710992455482483e-01,4.452813416719436646e-02,1.236485037952661514e-02
1.162361279129981995e-01,4.494692757725715637e-02,1.256003230810165405e-02
1.162361279129981995e-01,4.494692757725715637e-02,1.256003230810165405e-02
1.163012087345123291e-01,4.536470398306846619e-02,1.275420375168323517e-02
1.163012087345123291e-01,4.536470398306846619e-02,1.275420375168323517e-02
1.163663491606712341e-01,4.578145965933799744e-02,1.294736564159393311e-02
1.163663491606712341e-01,4.578145965933799744e-02,1.294736564159393311e-02
1.164315193891525269e-01,4.619721695780754089e-02,1.313952077180147171e-02
1.164315193891525269e-01,4.619721695780754089e-02,1.313952077180147171e-02
1.164967343211174011e-01,4.661196097731590271e-02,1.333066914230585098e-02
1.164967343211174011e-01,4.661196097731590271e-02,1.333066914230585098e-02
1.165620088577270508e-01,4.702571779489517212e-02,1.352081540971994400e-02
1.165620088577270508e-01,4.702571779489517212e-02,1.352081540971994400e-02
1.166273280978202820e-01,4.743845760822296143e-02,1.370995957404375076e-02
1.166273280978202820e-01,4.743845760822296143e-02,1.370995957404375076e-02
1.166926696896553040e-01,4.785020649433135986e-02,1.389809790998697281e-02
1.166926696896553040e-01,4.785020649433135986e-02,1.389809790998697281e-02
1.167580708861351013e-01,4.826096817851066589e-02,1.408524159342050552e-02
1.167580708861351013e-01,4.826096817851066589e-02,1.408524159342050552e-02
1.168235093355178833e-01,4.867073148488998413e-02,1.427138317376375198e-02
1.168235093355178833e-01,4.867073148488998413e-02,1.427138317376375198e-02
1.168889924883842468e-01,4.907951131463050842e-02,1.445653103291988373e-02
1.168889924883842468e-01,4.907951131463050842e-02,1.445653103291988373e-02
1.169545054435729980e-01,4.948731139302253723e-02,1.464068517088890076e-02
1.169545054435729980e-01,4.948731139302253723e-02,1.464068517088890076e-02
1.170200556516647339e-01,4.989413172006607056e-02,1.482384279370307922e-02
1.170200556516647339e-01,4.989413172006607056e-02,1.482384279370307922e-02
1.170856580138206482e-01,5.029995739459991455e-02,1.500600669533014297e-02
1.170856580138206482e-01,5.029995739459991455e-02,1.500600669533014297e-02
1.171512752771377563e-01,5.070482566952705383e-02,1.518718153238296509e-02
1.171512752771377563e-01,5.070482566952705383e-02,1.518718153238296509e-02
1.172169446945190430e-01,5.110871791839599609e-02,1.536736823618412018e-02
1.172169446945190430e-01,5.110871791839599609e-02,1.536736823618412018e-02
1.172826364636421204e-01,5.151164159178733826e-02,1.554656866937875748e-02
1.172826364636421204e-01,5.151164159178733826e-02,1.554656866937875748e-02
1.173483878374099731e-01,5.191359296441078186e-02,1.572477817535400391e-02
1.173483878374099731e-01,5.191359296441078186e-02,1.572477817535400391e-02
1.174141392111778259e-01,5.231458693742752075e-02,1.590200513601303101e-02
1.174141392111778259e-01,5.231458693742752075e-02,1.590200513601303101e-02
1.174799501895904541e-01,5.271461978554725647e-02,1.607824862003326416e-02
1.174799501895904541e-01,5.271461978554725647e-02,1.607824862003326416e-02
1.175457611680030823e-01,5.311369523406028748e-02,1.625350862741470337e-02
1.175457611680030823e-01,5.311369523406028748e-02,1.625350862741470337e-02
1.176116317510604858e-01,5.351181700825691223e-02,1.642778888344764709e-02
1.176116317510604858e-01,5.351181700825691223e-02,1.642778888344764709e-02
1.176775172352790833e-01,5.390898883342742920e-02,1.660109125077724457e-02
1.176775172352790833e-01,5.390898883342742920e-02,1.660109125077724457e-02
1.177434325218200684e-01,5.430521070957183838e-02,1.677341200411319733e-02
1.177434325218200684e-01,5.430521070957183838e-02,1.677341200411319733e-02
1.178093850612640381e-01,5.470049008727073669e-02,1.694476231932640076e-02
1.178093850612640381e-01,5.470049008727073669e-02,1.694476231932640076e-02
1.178753376007080078e-01,5.509482696652412415e-02,1.711513474583625793e-02
1.178753376007080078e-01,5.509482696652412415e-02,1.711513474583625793e-02
1.179413348436355591e-01,5.548822507262229919e-02,1.728453487157821655e-02
1.179413348436355591e-01,5.548822507262229919e-02,1.728453487157821655e-02
1.180073618888854980e-01,5.588069185614585876e-02,1.745296455919742584e-02
1.180073618888854980e-01,5.588069185614585876e-02,1.745296455919742584e-02
1.180733963847160339e-01,5.627222731709480286e-02,1.762042567133903503e-02
1.180733963847160339e-01,5.627222731709480286e-02,1.762042567133903503e-02
1.181394681334495544e-01,5.666282400488853455e-02,1.778691634535789490e-02
1.181394681334495544e-01,5.666282400488853455e-02,1.778691634535789490e-02
1.182055547833442688e-01,5.705249682068824768e-02,1.795243658125400543e-02
1.182055547833442688e-01,5.705249682068824768e-02,1.795243658125400543e-02
1.182716488838195801e-01,5.744124948978424072e-02,1.811699382960796356e-02
1.182716488838195801e-01,5.744124948978424072e-02,1.811699382960796356e-02
1.183377876877784729e-01,5.782907828688621521e-02,1.828058622777462006e-02
1.183377876877784729e-01,5.782907828688621521e-02,1.828058622777462006e-02
1.184039339423179626e-01,5.821599066257476807e-02,1.844321563839912415e-02
1.184039339423179626e-01,5.821599066257476807e-02,1.844321563839912415e-02
1.184700950980186462e-01,5.860199034214019775e-02,1.860488578677177429e-02
1.184700950980186462e-01,5.860199034214019775e-02,1.860488578677177429e-02
1.185362711548805237e-01,5.898707360029220581e-02,1.876559294760227203e-02
1.185362711548805237e-01,5.898707360029220581e-02,1.876559294760227203e-02
1.186024770140647888e-01,5.937125533819198608e-02,1.892535015940666199e-02
1.186024770140647888e-01,5.937125533819198608e-02,1.892535015940666199e-02
1.186686828732490540e-01,5.975453555583953857e-02,1.908414252102375031e-02
1.186686828732490540e-01,5.975453555583953857e-02,1.908414252102375031e-02
1.187349036335945129e-01,6.013690680265426636e-02,1.924198307096958160e-02
1.187349036335945129e-01,6.013690680265426636e-02,1.924198307096958160e-02
1.188011541962623596e-01,6.051836907863616943e-02,1.939886808395385742e-02
1.188011541962623596e-01,6.051836907863616943e-02,1.939886808395385742e-02
1.188674047589302063e-01,6.089894846081733704e-02,1.955479942262172699e-02
1.188674047589302063e-01,6.089894846081733704e-02,1.955479942262172699e-02
1.189336702227592468e-01,6.127862632274627686e-02,1.970978081226348877e-02
1.189336702227592468e-01,6.127862632274627686e-02,1.970978081226348877e-02
1.189999431371688843e-01,6.165741756558418274e-02,1.986381411552429199e-02
1.189999431371688843e-01,6.165741756558418274e-02,1.986381411552429199e-02
1.190662235021591187e-01,6.203532963991165161e-02,2.001689933240413666e-02
1.190662235021591187e-01,6.203532963991165161e-02,2.001689933240413666e-02
1.191325262188911438e-01,6.241234764456748962e-02,2.016903646290302277e-02
1.191325262188911438e-01,6.241234764456748962e-02,2.016903646290302277e-02
1.191988214850425720e-01,6.278848648071289062e-02,2.032023109495639801e-02
1.191988214850425720e-01,6.278848648071289062e-02,2.032023109495639801e-02
1.192651167511940002e-01,6.316374987363815308e-02,2.047048136591911316e-02
1.192651167511940002e-01,6.316374987363815308e-02,2.047048136591911316e-02
1.193314418196678162e-01,6.353813409805297852e-02,2.061978541314601898e-02
1.193314418196678162e-01,6.353813409805297852e-02,2.061978541314601898e-02
1.193977445363998413e-01,6.391164660453796387e-02,2.076815441250801086e-02
1.193977445363998413e-01,6.391164660453796387e-02,2.076815441250801086e-02
1.194640770554542542e-01,6.428428739309310913e-02,2.091558277606964111e-02
1.194640770554542542e-01,6.428428739309310913e-02,2.091558277606964111e-02
1.195304021239280701e-01,6.465607136487960815e-02,2.106207236647605896e-02
1.195304021239280701e-01,6.465607136487960815e-02,2.106207236647605896e-02
1.195967271924018860e-01,6.502698361873626709e-02,2.120762877166271210e-02
1.195967271924018860e-01,6.502698361873626709e-02,2.120762877166271210e-02
1.196630671620368958e-01,6.539703905582427979e-02,2.135225199162960052e-02
1.196630671620368958e-01,6.539703905582427979e-02,2.135225199162960052e-02
1.197293922305107117e-01,6.576623767614364624e-02,2.149593643844127655e-02
1.197293922305107117e-01,6.576623767614364624e-02,2.149593643844127655e-02
1.197957172989845276e-01,6.613458693027496338e-02,2.163868956267833710e-02
1.197957172989845276e-01,6.613458693027496338e-02,2.163868956267833710e-02
1.198620423674583435e-01,6.650208681821823120e-02,2.178051695227622986e-02
1.198620423674583435e-01,6.650208681821823120e-02,2.178051695227622986e-02
1.199283674359321594e-01,6.686872988939285278e-02,2.192141488194465637e-02
1.199283674359321594e-01,6.686872988939285278e-02,2.192141488194465637e-02
1.199946850538253784e-01,6.723453104496002197e-02,2.206138335168361664e-02
1.199946850538253784e-01,6.723453104496002197e-02,2.206138335168361664e-02
1.200609877705574036e-01,6.759949773550033569e-02,2.220042608678340912e-02
1.200609877705574036e-01,6.759949773550033569e-02,2.220042608678340912e-02
1.201273053884506226e-01,6.796361505985260010e-02,2.233854308724403381e-02
1.201273053884506226e-01,6.796361505985260010e-02,2.233854308724403381e-02
1.201936081051826477e-01,6.832689046859741211e-02,2.247574180364608765e-02
1.201936081051826477e-01,6.832689046859741211e-02,2.247574180364608765e-02
1.202599108219146729e-01,6.868935376405715942e-02,2.261201478540897369e-02
1.202599108219146729e-01,6.868935376405715942e-02,2.261201478540897369e-02
1.203261911869049072e-01,6.905097514390945435e-02,2.274737507104873657e-02
1.203261911869049072e-01,6.905097514390945435e-02,2.274737507104873657e-02
1.203924715518951416e-01,6.941176950931549072e-02,2.288180775940418243e-02
1.203924715518951416e-01,6.941176950931549072e-02,2.288180775940418243e-02
1.204587519168853760e-01,6.977173686027526855e-02,2.301532775163650513e-02
1.204587519168853760e-01,6.977173686027526855e-02,2.301532775163650513e-02
1.205250099301338196e-01,7.013089209794998169e-02,2.314793318510055542e-02
1.205250099301338196e-01,7.013089209794998169e-02,2.314793318510055542e-02
1.205912530422210693e-01,7.048922777175903320e-02,2.327962592244148254e-02
1.205912530422210693e-01,7.048922777175903320e-02,2.327962592244148254e-02
1.206575036048889160e-01,7.084675133228302002e-02,2.341040410101413727e-02
1.206575036048889160e-01,7.084675133228302002e-02,2.341040410101413727e-02
1.207237243652343750e-01,7.120345532894134521e-02,2.354027330875396729e-02
1.207237243652343750e-01,7.120345532894134521e-02,2.354027330875396729e-02
1.207899376749992371e-01,7.155935466289520264e-02,2.366922795772552490e-02
1.207899376749992371e-01,7.155935466289520264e-02,2.366922795772552490e-02
1.208561137318611145e-01,7.191444933414459229e-02,2.379728108644485474e-02
1.208561137318611145e-01,7.191444933414459229e-02,2.379728108644485474e-02
1.209222972393035889e-01,7.226874679327011108e-02,2.392442338168621063e-02
1.209222972393035889e-01,7.226874679327011108e-02,2.392442338168621063e-02
1.209884583950042725e-01,7.262223958969116211e-02,2.405066415667533875e-02
1.209884583950042725e-01,7.262223958969116211e-02,2.405066415667533875e-02
1.210545897483825684e-01,7.297493517398834229e-02,2.417599968612194061e-02
1.210545897483825684e-01,7.297493517398834229e-02,2.417599968612194061e-02
1.211207211017608643e-01,7.332683354616165161e-02,2.430042997002601624e-02
1.211207211017608643e-01,7.332683354616165161e-02,2.430042997002601624e-02
1.211868152022361755e-01,7.367794215679168701e-02,2.442396432161331177e-02
1.211868152022361755e-01,7.367794215679168701e-02,2.442396432161331177e-02
1.212528944015502930e-01,7.402827590703964233e-02,2.454659901559352875e-02
1.212528944015502930e-01,7.402827590703964233e-02,2.454659901559352875e-02
1.213189586997032166e-01,7.437781244516372681e-02,2.466833405196666718e-02
1.213189586997032166e-01,7.437781244516372681e-02,2.466833405196666718e-02
1.213849857449531555e-01,7.472657412290573120e-02,2.478917129337787628e-02
1.213849857449531555e-01,7.472657412290573120e-02,2.478917129337787628e-02
1.214509904384613037e-01,7.507454603910446167e-02,2.490911446511745453e-02
1.214509904384613037e-01,7.507454603910446167e-02,2.490911446511745453e-02
1.215169802308082581e-01,7.542175054550170898e-02,2.502817288041114807e-02
1.215169802308082581e-01,7.542175054550170898e-02,2.502817288041114807e-02
1.215829551219940186e-01,7.576818764209747314e-02,2.514633350074291229e-02
1.215829551219940186e-01,7.576818764209747314e-02,2.514633350074291229e-02
1.216488778591156006e-01,7.611385732889175415e-02,2.526360005140304565e-02
1.216488778591156006e-01,7.611385732889175415e-02,2.526360005140304565e-02
1.217147782444953918e-01,7.645875215530395508e-02,2.537998370826244354e-02
1.217147782444953918e-01,7.645875215530395508e-02,2.537998370826244354e-02
1.217806711792945862e-01,7.680288702249526978e-02,2.549547515809535980e-02
1.217806711792945862e-01,7.680288702249526978e-02,2.549547515809535980e-02
1.218465119600296021e-01,7.714626938104629517e-02,2.561008743941783905e-02
1.218465119600296021e-01,7.714626938104629517e-02,2.561008743941783905e-02
1.219123303890228271e-01,7.748888432979583740e-02,2.572380751371383667e-02
1.219123303890228271e-01,7.748888432979583740e-02,2.572380751371383667e-02
1.219781190156936646e-01,7.783075422048568726e-02,2.583665214478969574e-02
1.219781190156936646e-01,7.783075422048568726e-02,2.583665214478969574e-02
1.220438703894615173e-01,7.817186415195465088e-02,2.594861388206481934e-02
1.220438703894615173e-01,7.817186415195465088e-02,2.594861388206481934e-02
1.221095919609069824e-01,7.851222157478332520e-02,2.605969086289405823e-02
1.221095919609069824e-01,7.851222157478332520e-02,2.605969086289405823e-02
1.221752837300300598e-01,7.885184139013290405e-02,2.616989426314830780e-02
1.221752837300300598e-01,7.885184139013290405e-02,2.616989426314830780e-02
1.222409531474113464e-01,7.919072359800338745e-02,2.627922035753726959e-02
1.222409531474113464e-01,7.919072359800338745e-02,2.627922035753726959e-02
1.223065555095672607e-01,7.952886819839477539e-02,2.638766728341579437e-02
1.223065555095672607e-01,7.952886819839477539e-02,2.638766728341579437e-02
1.223721355199813843e-01,7.986626029014587402e-02,2.649524435400962830e-02
1.223721355199813843e-01,7.986626029014587402e-02,2.649524435400962830e-02
1.224376782774925232e-01,8.020293712615966797e-02,2.660194970667362213e-02
1.224376782774925232e-01,8.020293712615966797e-02,2.660194970667362213e-02
1.225031912326812744e-01,8.053888380527496338e-02,2.670777961611747742e-02
1.225031912326812744e-01,8.053888380527496338e-02,2.670777961611747742e-02
1.225686520338058472e-01,8.087409287691116333e-02,2.681273967027664185e-02
1.225686520338058472e-01,8.087409287691116333e-02,2.681273967027664185e-02
1.226340755820274353e-01,8.120858669281005859e-02,2.691683731973171234e-02
1.226340755820274353e-01,8.120858669281005859e-02,2.691683731973171234e-02
1.226994544267654419e-01,8.154235035181045532e-02,2.702006325125694275e-02
1.226994544267654419e-01,8.154235035181045532e-02,2.702006325125694275e-02
1.227648034691810608e-01,8.187540620565414429e-02,2.712242864072322845e-02
1.227648034691810608e-01,8.187540620565414429e-02,2.712242864072322845e-02
1.228301078081130981e-01,8.220774680376052856e-02,2.722392417490482330e-02
1.228301078081130981e-01,8.220774680376052856e-02,2.722392417490482330e-02
1.228953450918197632e-01,8.253935724496841431e-02,2.732456102967262268e-02
1.228953450918197632e-01,8.253935724496841431e-02,2.732456102967262268e-02
1.229605600237846375e-01,8.287028223276138306e-02,2.742433920502662659e-02
1.229605600237846375e-01,8.287028223276138306e-02,2.742433920502662659e-02
1.230257153511047363e-01,8.320049941539764404e-02,2.752325497567653656e-02
1.230257153511047363e-01,8.320049941539764404e-02,2.752325497567653656e-02
1.230908408761024475e-01,8.353000134229660034e-02,2.762131579220294952e-02
1.230908408761024475e-01,8.353000134229660034e-02,2.762131579220294952e-02
1.231559142470359802e-01,8.385881036520004272e-02,2.771852351725101471e-02
1.231559142470359802e-01,8.385881036520004272e-02,2.771852351725101471e-02
1.232209280133247375e-01,8.418692648410797119e-02,2.781487070024013519e-02
1.232209280133247375e-01,8.418692648410797119e-02,2.781487070024013519e-02
1.232858896255493164e-01,8.451434969902038574e-02,2.791037037968635559e-02
1.232858896255493164e-01,8.451434969902038574e-02,2.791037037968635559e-02
1.233507990837097168e-01,8.484106510877609253e-02,2.800500951707363129e-02
1.233507990837097168e-01,8.484106510877609253e-02,2.800500951707363129e-02
1.234156787395477295e-01,8.516710996627807617e-02,2.809880115091800690e-02
1.234156787395477295e-01,8.516710996627807617e-02,2.809880115091800690e-02
1.234804913401603699e-01,8.549246191978454590e-02,2.819175459444522858e-02
1.234804913401603699e-01,8.549246191978454590e-02,2.819175459444522858e-02
1.235452592372894287e-01,8.581715822219848633e-02,2.828384749591350555e-02
1.235452592372894287e-01,8.581715822219848633e-02,2.828384749591350555e-02
1.236099526286125183e-01,8.614114671945571899e-02,2.837510034441947937e-02
1.236099526286125183e-01,8.614114671945571899e-02,2.837510034441947937e-02
1.236746087670326233e-01,8.646447211503982544e-02,2.846550755202770233e-02
1.236746087670326233e-01,8.646447211503982544e-02,2.846550755202770233e-02
1.237391978502273560e-01,8.678711205720901489e-02,2.855507098138332367e-02
1.237391978502273560e-01,8.678711205720901489e-02,2.855507098138332367e-02
1.238037422299385071e-01,8.710908889770507812e-02,2.864379994571208954e-02
1.238037422299385071e-01,8.710908889770507812e-02,2.864379994571208954e-02
1.238682344555854797e-01,8.743041753768920898e-02,2.873168140649795532e-02
1.238682344555854797e-01,8.743041753768920898e-02,2.873168140649795532e-02
1.239326447248458862e-01,8.775106072425842285e-02,2.881872840225696564e-02
1.239326447248458862e-01,8.775106072425842285e-02,2.881872840225696564e-02
1.239970028400421143e-01,8.807104825973510742e-02,2.890493161976337433e-02
1.239970028400421143e-01,8.807104825973510742e-02,2.890493161976337433e-02
1.240613013505935669e-01,8.839038759469985962e-02,2.899030596017837524e-02
1.240613013505935669e-01,8.839038759469985962e-02,2.899030596017837524e-02
1.241255328059196472e-01,8.870906382799148560e-02,2.907484211027622223e-02
1.241255328059196472e-01,8.870906382799148560e-02,2.907484211027622223e-02
1.241897195577621460e-01,8.902708441019058228e-02,2.915854752063751221e-02
1.241897195577621460e-01,8.902708441019058228e-02,2.915854752063751221e-02
1.242538243532180786e-01,8.934446424245834351e-02,2.924142777919769287e-02
1.242538243532180786e-01,8.934446424245834351e-02,2.924142777919769287e-02
1.243178695440292358e-01,8.966119587421417236e-02,2.932346612215042114e-02
1.243178695440292358e-01,8.966119587421417236e-02,2.932346612215042114e-02
1.243818551301956177e-01,8.997728675603866577e-02,2.940468862652778625e-02
1.243818551301956177e-01,8.997728675603866577e-02,2.940468862652778625e-02
1.244457662105560303e-01,9.029274433851242065e-02,2.948507852852344513e-02
1.244457662105560303e-01,9.029274433851242065e-02,2.948507852852344513e-02
1.245096176862716675e-01,9.060756862163543701e-02,2.956464514136314392e-02
1.245096176862716675e-01,9.060756862163543701e-02,2.956464514136314392e-02
1.245734021067619324e-01,9.092175215482711792e-02,2.964338660240173340e-02
1.245734021067619324e-01,9.092175215482711792e-02,2.964338660240173340e-02
1.246371045708656311e-01,9.123531728982925415e-02,2.972130849957466125e-02
1.246371045708656311e-01,9.123531728982925415e-02,2.972130849957466125e-02
1.247007399797439575e-01,9.154823422431945801e-02,2.979840338230133057e-02
1.247007399797439575e-01,9.154823422431945801e-02,2.979840338230133057e-02
1.247643157839775085e-01,9.186053276062011719e-02,2.987468801438808441e-02
1.247643157839775085e-01,9.186053276062011719e-02,2.987468801438808441e-02
1.248278170824050903e-01,9.217222034931182861e-02,2.995014935731887817e-02
1.248278170824050903e-01,9.217222034931182861e-02,2.995014935731887817e-02
1.248912289738655090e-01,9.248328953981399536e-02,3.002479858696460724e-02
1.248912289738655090e-01,9.248328953981399536e-02,3.002479858696460724e-02
1.249545812606811523e-01,9.279374033212661743e-02,3.009862825274467468e-02
1.249545812606811523e-01,9.279374033212661743e-02,3.009862825274467468e-02
1.250178515911102295e-01,9.310358017683029175e-02,3.017164394259452820e-02
1.250178515911102295e-01,9.310358017683029175e-02,3.017164394259452820e-02
1.250810623168945312e-01,9.341280907392501831e-02,3.024385124444961548e-02
1.250810623168945312e-01,9.341280907392501831e-02,3.024385124444961548e-02
1.251441836357116699e-01,9.372142702341079712e-02,3.031524829566478729e-02
1.251441836357116699e-01,9.372142702341079712e-02,3.031524829566478729e-02
1.252072304487228394e-01,9.402945637702941895e-02,3.038583882153034210e-02
1.252072304487228394e-01,9.402945637702941895e-02,3.038583882153034210e-02
1.252701878547668457e-01,9.433688223361968994e-02,3.045561350882053375e-02
1.252701878547668457e-01,9.433688223361968994e-02,3.045561350882053375e-02
1.253330856561660767e-01,9.464369714260101318e-02,3.052459284663200378e-02
1.253330856561660767e-01,9.464369714260101318e-02,3.052459284663200378e-02
1.253958940505981445e-01,9.494992345571517944e-02,3.059275820851325989e-02
1.253958940505981445e-01,9.494992345571517944e-02,3.059275820851325989e-02
1.254586130380630493e-01,9.525557607412338257e-02,3.066012822091579437e-02
1.254586130380630493e-01,9.525557607412338257e-02,3.066012822091579437e-02
1.255212575197219849e-01,9.556061774492263794e-02,3.072669170796871185e-02
1.255212575197219849e-01,9.556061774492263794e-02,3.072669170796871185e-02
1.255838274955749512e-01,9.586509317159652710e-02,3.079245612025260925e-02
1.255838274955749512e-01,9.586509317159652710e-02,3.079245612025260925e-02
1.256462931632995605e-01,9.616898000240325928e-02,3.085742518305778503e-02
1.256462931632995605e-01,9.616898000240325928e-02,3.085742518305778503e-02
1.257086843252182007e-01,9.647228568792343140e-02,3.092159330844879150e-02
1.257086843252182007e-01,9.647228568792343140e-02,3.092159330844879150e-02
1.257710009813308716e-01,9.677501767873764038e-02,3.098496794700622559e-02
1.257710009813308716e-01,9.677501767873764038e-02,3.098496794700622559e-02
1.258332133293151855e-01,9.707718342542648315e-02,3.104754537343978882e-02
1.258332133293151855e-01,9.707718342542648315e-02,3.104754537343978882e-02
1.258953362703323364e-01,9.737877547740936279e-02,3.110933676362037659e-02
1.258953362703323364e-01,9.737877547740936279e-02,3.110933676362037659e-02
1.259573996067047119e-01,9.767980873584747314e-02,3.117033280432224274e-02
1.259573996067047119e-01,9.767980873584747314e-02,3.117033280432224274e-02
1.260193288326263428e-01,9.798027575016021729e-02,3.123054280877113342e-02
1.260193288326263428e-01,9.798027575016021729e-02,3.123054280877113342e-02
1.260811984539031982e-01,9.828016161918640137e-02,3.128995746374130249e-02
1.260811984539031982e-01,9.828016161918640137e-02,3.128995746374130249e-02
1.261429786682128906e-01,9.857951849699020386e-02,3.134859353303909302e-02
1.261429786682128906e-01,9.857951849699020386e-02,3.134859353303909302e-02
1.262046545743942261e-01,9.887830168008804321e-02,3.140643984079360962e-02
1.262046545743942261e-01,9.887830168008804321e-02,3.140643984079360962e-02
1.262662410736083984e-01,9.917654097080230713e-02,3.146350383758544922e-02
1.262662410736083984e-01,9.917654097080230713e-02,3.146350383758544922e-02
1.263277232646942139e-01,9.947422891855239868e-02,3.151978924870491028e-02
1.263277232646942139e-01,9.947422891855239868e-02,3.151978924870491028e-02
1.263891309499740601e-01,9.977138042449951172e-02,3.157528117299079895e-02
1.263891309499740601e-01,9.977138042449951172e-02,3.157528117299079895e-02
1.264504343271255493e-01,1.000679805874824524e-01,3.163000568747520447e-02
1.264504343271255493e-01,1.000679805874824524e-01,3.163000568747520447e-02
1.265116333961486816e-01,1.003640443086624146e-01,3.168394789099693298e-02
1.265116333961486816e-01,1.003640443086624146e-01,3.168394789099693298e-02
1.265727132558822632e-01,1.006595641374588013e-01,3.173711523413658142e-02
1.265727132558822632e-01,1.006595641374588013e-01,3.173711523413658142e-02
1.266337335109710693e-01,1.009545475244522095e-01,3.178950399160385132e-02
1.266337335109710693e-01,1.009545475244522095e-01,3.178950399160385132e-02
1.266946345567703247e-01,1.012490317225456238e-01,3.184113278985023499e-02
1.266946345567703247e-01,1.012490317225456238e-01,3.184113278985023499e-02
1.267554610967636108e-01,1.015429571270942688e-01,3.189197927713394165e-02
1.267554610967636108e-01,1.015429571270942688e-01,3.189197927713394165e-02
1.268161386251449585e-01,1.018363758921623230e-01,3.194205090403556824e-02
1.268161386251449585e-01,1.018363758921623230e-01,3.194205090403556824e-02
1.268767565488815308e-01,1.021292656660079956e-01,3.199136257171630859e-02
1.268767565488815308e-01,1.021292656660079956e-01,3.199136257171630859e-02
1.269372403621673584e-01,1.024216413497924805e-01,3.203990310430526733e-02
1.269372403621673584e-01,1.024216413497924805e-01,3.203990310430526733e-02
1.269976496696472168e-01,1.027135103940963745e-01,3.208767995238304138e-02
1.269976496696472168e-01,1.027135103940963745e-01,3.208767995238304138e-02
1.270579248666763306e-01,1.030048504471778870e-01,3.213468939065933228e-02
1.270579248666763306e-01,1.030048504471778870e-01,3.213468939065933228e-02
1.271181106567382812e-01,1.032956913113594055e-01,3.218093886971473694e-02
1.271181106567382812e-01,1.032956913113594055e-01,3.218093886971473694e-02
1.271781772375106812e-01,1.035860255360603333e-01,3.222642093896865845e-02
1.271781772375106812e-01,1.035860255360603333e-01,3.222642093896865845e-02
1.272381395101547241e-01,1.038758605718612671e-01,3.227115422487258911e-02
1.272381395101547241e-01,1.038758605718612671e-01,3.227115422487258911e-02
1.272979974746704102e-01,1.041651889681816101e-01,3.231511637568473816e-02
1.272979974746704102e-01,1.041651889681816101e-01,3.231511637568473816e-02
1.273577511310577393e-01,1.044540256261825562e-01,3.235832229256629944e-02
1.273577511310577393e-01,1.044540256261825562e-01,3.235832229256629944e-02
1.274173855781555176e-01,1.047423556447029114e-01,3.240078315138816833e-02
1.274173855781555176e-01,1.047423556447029114e-01,3.240078315138816833e-02
1.274769157171249390e-01,1.050302088260650635e-01,3.244247660040855408e-02
1.274769157171249390e-01,1.050302088260650635e-01,3.244247660040855408e-02
1.275363266468048096e-01,1.053175628185272217e-01,3.248343244194984436e-02
1.275363266468048096e-01,1.053175628185272217e-01,3.248343244194984436e-02
1.275956183671951294e-01,1.056044474244117737e-01,3.252362459897994995e-02
1.275956183671951294e-01,1.056044474244117737e-01,3.252362459897994995e-02
1.276548057794570923e-01,1.058908328413963318e-01,3.256307169795036316e-02
1.276548057794570923e-01,1.058908328413963318e-01,3.256307169795036316e-02
1.277138739824295044e-01,1.061767637729644775e-01,3.260177746415138245e-02
1.277138739824295044e-01,1.061767637729644775e-01,3.260177746415138245e-02
1.277728080749511719e-01,1.064621955156326294e-01,3.263972699642181396e-02
1.277728080749511719e-01,1.064621955156326294e-01,3.263972699642181396e-02
1.278316527605056763e-01,1.067471727728843689e-01,3.267693519592285156e-02
1.278316527605056763e-01,1.067471727728843689e-01,3.267693519592285156e-02
1.278903633356094360e-01,1.070316731929779053e-01,3.271339833736419678e-02
1.278903633356094360e-01,1.070316731929779053e-01,3.271339833736419678e-02
1.279489547014236450e-01,1.073156967759132385e-01,3.274911642074584961e-02
1.279489547014236450e-01,1.073156967759132385e-01,3.274911642074584961e-02
1.280074417591094971e-01,1.075992658734321594e-01,3.278410062193870544e-02
1.280074417591094971e-01,1.075992658734321594e-01,3.278410062193870544e-02
1.280657798051834106e-01,1.078823730349540710e-01,3.281833976507186890e-02
1.280657798051834106e-01,1.078823730349540710e-01,3.281833976507186890e-02
1.281240135431289673e-01,1.081650257110595703e-01,3.285184130072593689e-02
1.281240135431289673e-01,1.081650257110595703e-01,3.285184130072593689e-02
1.281821280717849731e-01,1.084472164511680603e-01,3.288460895419120789e-02
1.281821280717849731e-01,1.084472164511680603e-01,3.288460895419120789e-02
1.282401233911514282e-01,1.087289601564407349e-01,3.291664272546768188e-02
1.282401233911514282e-01,1.087289601564407349e-01,3.291664272546768188e-02
1.282979846000671387e-01,1.090102642774581909e-01,3.294794633984565735e-02
1.282979846000671387e-01,1.090102642774581909e-01,3.294794633984565735e-02
1.283557116985321045e-01,1.092911139130592346e-01,3.297850862145423889e-02
1.283557116985321045e-01,1.092911139130592346e-01,3.297850862145423889e-02
1.284133344888687134e-01,1.095715239644050598e-01,3.300834447145462036e-02
1.284133344888687134e-01,1.095715239644050598e-01,3.300834447145462036e-02
1.284708082675933838e-01,1.098514944314956665e-01,3.303745388984680176e-02
1.284708082675933838e-01,1.098514944314956665e-01,3.303745388984680176e-02
1.285281479358673096e-01,1.101310327649116516e-01,3.306583687663078308e-02
1.285281479358673096e-01,1.101310327649116516e-01,3.306583687663078308e-02
1.285853832960128784e-01,1.104101315140724182e-01,3.309348970651626587e-02
1.285853832960128784e-01,1.104101315140724182e-01,3.309348970651626587e-02
1.286424845457077026e-01,1.106888130307197571e-01,3.312041983008384705e-02
1.286424845457077026e-01,1.106888130307197571e-01,3.312041983008384705e-02
1.286994367837905884e-01,1.109670475125312805e-01,3.314662724733352661e-02
1.286994367837905884e-01,1.109670475125312805e-01,3.314662724733352661e-02
1.287562549114227295e-01,1.112448573112487793e-01,3.317211195826530457e-02
1.287562549114227295e-01,1.112448573112487793e-01,3.317211195826530457e-02
1.288129538297653198e-01,1.115222573280334473e-01,3.319687396287918091e-02
1.288129538297653198e-01,1.115222573280334473e-01,3.319687396287918091e-02
1.288695186376571655e-01,1.117992401123046875e-01,3.322092443704605103e-02
1.288695186376571655e-01,1.117992401123046875e-01,3.322092443704605103e-02
1.289259493350982666e-01,1.120758131146430969e-01,3.324424847960472107e-02
1.289259493350982666e-01,1.120758131146430969e-01,3.324424847960472107e-02
1.289822161197662354e-01,1.123519539833068848e-01,3.326686844229698181e-02
1.289822161197662354e-01,1.123519539833068848e-01,3.326686844229698181e-02
1.290383785963058472e-01,1.126277074217796326e-01,3.328876942396163940e-02
1.290383785963058472e-01,1.126277074217796326e-01,3.328876942396163940e-02
1.290943920612335205e-01,1.129030510783195496e-01,3.330995514988899231e-02
1.290943920612335205e-01,1.129030510783195496e-01,3.330995514988899231e-02
1.291502714157104492e-01,1.131779849529266357e-01,3.333042934536933899e-02
1.291502714157104492e-01,1.131779849529266357e-01,3.333042934536933899e-02
1.292060166597366333e-01,1.134525090456008911e-01,3.335019573569297791e-02
1.292060166597366333e-01,1.134525090456008911e-01,3.335019573569297791e-02
1.292616128921508789e-01,1.137266531586647034e-01,3.336925059556961060e-02
1.292616128921508789e-01,1.137266531586647034e-01,3.336925059556961060e-02
1.293170601129531860e-01,1.140004023909568787e-01,3.338760510087013245e-02
1.293170601129531860e-01,1.140004023909568787e-01,3.338760510087013245e-02
1.293723732233047485e-01,1.142737418413162231e-01,3.340525180101394653e-02
1.293723732233047485e-01,1.142737418413162231e-01,3.340525180101394653e-02
1.294275373220443726e-01,1.145467162132263184e-01,3.342219442129135132e-02
1.294275373220443726e-01,1.145467162132263184e-01,3.342219442129135132e-02
1.294825673103332520e-01,1.148192957043647766e-01,3.343843668699264526e-02
1.294825673103332520e-01,1.148192957043647766e-01,3.343843668699264526e-02
1.295374482870101929e-01,1.150914952158927917e-01,3.345397114753723145e-02
1.295374482870101929e-01,1.150914952158927917e-01,3.345397114753723145e-02
1.295921802520751953e-01,1.153633221983909607e-01,3.346881270408630371e-02
1.295921802520751953e-01,1.153633221983909607e-01,3.346881270408630371e-02
1.296467632055282593e-01,1.156347617506980896e-01,3.348295390605926514e-02
1.296467632055282593e-01,1.156347617506980896e-01,3.348295390605926514e-02
1.297012120485305786e-01,1.159058362245559692e-01,3.349640220403671265e-02
1.297012120485305786e-01,1.159058362245559692e-01,3.349640220403671265e-02
1.297554820775985718e-01,1.161765307188034058e-01,3.350915014743804932e-02
1.297554820775985718e-01,1.161765307188034058e-01,3.350915014743804932e-02
1.298096328973770142e-01,1.164468675851821899e-01,3.352120518684387207e-02
1.298096328973770142e-01,1.164468675851821899e-01,3.352120518684387207e-02
1.298636198043823242e-01,1.167168393731117249e-01,3.353257477283477783e-02
1.298636198043823242e-01,1.167168393731117249e-01,3.353257477283477783e-02
1.299174576997756958e-01,1.169864535331726074e-01,3.354324772953987122e-02
1.299174576997756958e-01,1.169864535331726074e-01,3.354324772953987122e-02
1.299711465835571289e-01,1.172557100653648376e-01,3.355323523283004761e-02
1.299711465835571289e-01,1.172557100653648376e-01,3.355323523283004761e-02
1.300246715545654297e-01,1.175246164202690125e-01,3.356253355741500854e-02
1.300246715545654297e-01,1.175246164202690125e-01,3.356253355741500854e-02
1.300780475139617920e-01,1.177931502461433411e-01,3.357114270329475403e-02
1.300780475139617920e-01,1.177931502461433411e-01,3.357114270329475403e-02
1.301312744617462158e-01,1.180613562464714050e-01,3.357907384634017944e-02
1.301312744617462158e-01,1.180613562464714050e-01,3.357907384634017944e-02
1.301843374967575073e-01,1.183292046189308167e-01,3.358631953597068787e-02
1.301843374967575073e-01,1.183292046189308167e-01,3.358631953597068787e-02
1.302372366189956665e-01,1.185967102646827698e-01,3.359287977218627930e-02
1.302372366189956665e-01,1.185967102646827698e-01,3.359287977218627930e-02
1.302900016307830811e-01,1.188638955354690552e-01,3.359876200556755066e-02
1.302900016307830811e-01,1.188638955354690552e-01,3.359876200556755066e-02
1.303425878286361694e-01,1.191307231783866882e-01,3.360397368669509888e-02
1.303425878286361694e-01,1.191307231783866882e-01,3.360397368669509888e-02
1.303950101137161255e-01,1.193972304463386536e-01,3.360849991440773010e-02
1.303950101137161255e-01,1.193972304463386536e-01,3.360849991440773010e-02
1.304472833871841431e-01,1.196634098887443542e-01,3.361235186457633972e-02
1.304472833871841431e-01,1.196634098887443542e-01,3.361235186457633972e-02
1.304993778467178345e-01,1.199292466044425964e-01,3.361552581191062927e-02
1.304993778467178345e-01,1.199292466044425964e-01,3.361552581191062927e-02
1.305513232946395874e-01,1.201947629451751709e-01,3.361802920699119568e-02
1.305513232946395874e-01,1.201947629451751709e-01,3.361802920699119568e-02
1.306031048297882080e-01,1.204599589109420776e-01,3.361986577510833740e-02
1.306031048297882080e-01,1.204599589109420776e-01,3.361986577510833740e-02
1.306547224521636963e-01,1.207248568534851074e-01,3.362103179097175598e-02
1.306547224521636963e-01,1.207248568534851074e-01,3.362103179097175598e-02
1.307061761617660522e-01,1.209894195199012756e-01,3.362152352929115295e-02
1.307061761617660522e-01,1.209894195199012756e-01,3.362152352929115295e-02
1.307574510574340820e-01,1.212536767125129700e-01,3.362135216593742371e-02
1.307574510574340820e-01,1.212536767125129700e-01,3.362135216593742371e-02
1.308085620403289795e-01,1.215176209807395935e-01,3.362051397562026978e-02
1.308085620403289795e-01,1.215176209807395935e-01,3.362051397562026978e-02
1.308595240116119385e-01,1.217812597751617432e-01,3.361901268362998962e-02
1.308595240116119385e-01,1.217812597751617432e-01,3.361901268362998962e-02
1.309103071689605713e-01,1.220446005463600159e-01,3.361685201525688171e-02
1.309103071689605713e-01,1.220446005463600159e-01,3.361685201525688171e-02
1.309609115123748779e-01,1.223076283931732178e-01,3.361402824521064758e-02
1.309609115123748779e-01,1.223076283931732178e-01,3.361402824521064758e-02
1.310113370418548584e-01,1.225703582167625427e-01,3.361054509878158569e-02
1.310113370418548584e-01,1.225703582167625427e-01,3.361054509878158569e-02
1.310616135597229004e-01,1.228328198194503784e-01,3.360640630125999451e-02
1.310616135597229004e-01,1.228328198194503784e-01,3.360640630125999451e-02
1.311116963624954224e-01,1.230949610471725464e-01,3.360160440206527710e-02
1.311116963624954224e-01,1.230949610471725464e-01,3.360160440206527710e-02
1.311616003513336182e-01,1.233568266034126282e-01,3.359615802764892578e-02
1.311616003513336182e-01,1.233568266034126282e-01,3.359615802764892578e-02
1.312113553285598755e-01,1.236184164881706238e-01,3.359005227684974670e-02
1.312113553285598755e-01,1.236184164881706238e-01,3.359005227684974670e-02
1.312609314918518066e-01,1.238797158002853394e-01,3.358329087495803833e-02
1.312609314918518066e-01,1.238797158002853394e-01,3.358329087495803833e-02
1.313103139400482178e-01,1.241407319903373718e-01,3.357588499784469604e-02
1.313103139400482178e-01,1.241407319903373718e-01,3.357588499784469604e-02
1.313595175743103027e-01,1.244014725089073181e-01,3.356782346963882446e-02
1.313595175743103027e-01,1.244014725089073181e-01,3.356782346963882446e-02
1.314085572957992554e-01,1.246619448065757751e-01,3.355912119150161743e-02
1.314085572957992554e-01,1.246619448065757751e-01,3.355912119150161743e-02
1.314574033021926880e-01,1.249221488833427429e-01,3.354976698756217957e-02
1.314574033021926880e-01,1.249221488833427429e-01,3.354976698756217957e-02
1.315060853958129883e-01,1.251820921897888184e-01,3.353977575898170471e-02
1.315060853958129883e-01,1.251820921897888184e-01,3.353977575898170471e-02
1.315545737743377686e-01,1.254417598247528076e-01,3.352913632988929749e-02
1.315545737743377686e-01,1.254417598247528076e-01,3.352913632988929749e-02
1.316028833389282227e-01,1.257011741399765015e-01,3.351785615086555481e-02
1.316028833389282227e-01,1.257011741399765015e-01,3.351785615086555481e-02
1.316510140895843506e-01,1.259603202342987061e-01,3.350593522191047668e-02
1.316510140895843506e-01,1.259603202342987061e-01,3.350593522191047668e-02
1.316989511251449585e-01,1.262192130088806152e-01,3.349337726831436157e-02
1.316989511251449585e-01,1.262192130088806152e-01,3.349337726831436157e-02
1.317467093467712402e-01,1.264778673648834229e-01,3.348017856478691101e-02
1.317467093467712402e-01,1.264778673648834229e-01,3.348017856478691101e-02
1.317942738533020020e-01,1.267362684011459351e-01,3.346635028719902039e-02
1.317942738533020020e-01,1.267362684011459351e-01,3.346635028719902039e-02
1.318416744470596313e-01,1.269944161176681519e-01,3.345188871026039124e-02
1.318416744470596313e-01,1.269944161176681519e-01,3.345188871026039124e-02
1.318888515233993530e-01,1.272523254156112671e-01,3.343678265810012817e-02
1.318888515233993530e-01,1.272523254156112671e-01,3.343678265810012817e-02
1.319358646869659424e-01,1.275099962949752808e-01,3.342105448246002197e-02
1.319358646869659424e-01,1.275099962949752808e-01,3.342105448246002197e-02
1.319826841354370117e-01,1.277674287557601929e-01,3.340469300746917725e-02
1.319826841354370117e-01,1.277674287557601929e-01,3.340469300746917725e-02
1.320293247699737549e-01,1.280246227979660034e-01,3.338770568370819092e-02
1.320293247699737549e-01,1.280246227979660034e-01,3.338770568370819092e-02
1.320757418870925903e-01,1.282815933227539062e-01,3.337009251117706299e-02
1.320757418870925903e-01,1.282815933227539062e-01,3.337009251117706299e-02
1.321219950914382935e-01,1.285383403301239014e-01,3.335184603929519653e-02
1.321219950914382935e-01,1.285383403301239014e-01,3.335184603929519653e-02
1.321680396795272827e-01,1.287948638200759888e-01,3.333298116922378540e-02
1.321680396795272827e-01,1.287948638200759888e-01,3.333298116922378540e-02
1.322138905525207520e-01,1.290511637926101685e-01,3.331349790096282959e-02
1.322138905525207520e-01,1.290511637926101685e-01,3.331349790096282959e-02
1.322595477104187012e-01,1.293072402477264404e-01,3.329338878393173218e-02
1.322595477104187012e-01,1.293072402477264404e-01,3.329338878393173218e-02
1.323050111532211304e-01,1.295631080865859985e-01,3.327266126871109009e-02
1.323050111532211304e-01,1.295631080865859985e-01,3.327266126871109009e-02
1.323502808809280396e-01,1.298187524080276489e-01,3.325131535530090332e-02
1.323502808809280396e-01,1.298187524080276489e-01,3.325131535530090332e-02
1.323953419923782349e-01,1.300742030143737793e-01,3.322935476899147034e-02
1.323953419923782349e-01,1.300742030143737793e-01,3.322935476899147034e-02
1.324402093887329102e-01,1.303294301033020020e-01,3.320677950978279114e-02
1.324402093887329102e-01,1.303294301033020020e-01,3.320677950978279114e-02
1.324848830699920654e-01,1.305844783782958984e-01,3.318358585238456726e-02
1.324848830699920654e-01,1.305844783782958984e-01,3.318358585238456726e-02
1.325293630361557007e-01,1.308392882347106934e-01,3.315978869795799255e-02
1.325293630361557007e-01,1.308392882347106934e-01,3.315978869795799255e-02
1.325736194849014282e-01,1.310939341783523560e-01,3.313537314534187317e-02
1.325736194849014282e-01,1.310939341783523560e-01,3.313537314534187317e-02
1.326176971197128296e-01,1.313483715057373047e-01,3.311035037040710449e-02
1.326176971197128296e-01,1.313483715057373047e-01,3.311035037040710449e-02
1.326615512371063232e-01,1.316026300191879272e-01,3.308472037315368652e-02
1.326615512371063232e-01,1.316026300191879272e-01,3.308472037315368652e-02
1.327052116394042969e-01,1.318566948175430298e-01,3.305849060416221619e-02
1.327052116394042969e-01,1.318566948175430298e-01,3.305849060416221619e-02
1.327486634254455566e-01,1.321105659008026123e-01,3.303164616227149963e-02
1.327486634254455566e-01,1.321105659008026123e-01,3.303164616227149963e-02
1.327918916940689087e-01,1.323642730712890625e-01,3.300420194864273071e-02
1.327918916940689087e-01,1.323642730712890625e-01,3.300420194864273071e-02
1.328349262475967407e-01,1.326177865266799927e-01,3.297615796327590942e-02
1.328349262475967407e-01,1.326177865266799927e-01,3.297615796327590942e-02
1.328777521848678589e-01,1.328711211681365967e-01,3.294751420617103577e-02
1.328777521848678589e-01,1.328711211681365967e-01,3.294751420617103577e-02
1.329203695058822632e-01,1.331242918968200684e-01,3.291826695203781128e-02
1.329203695058822632e-01,1.331242918968200684e-01,3.291826695203781128e-02
1.329627782106399536e-01,1.333772838115692139e-01,3.288842737674713135e-02
1.329627782106399536e-01,1.333772838115692139e-01,3.288842737674713135e-02
1.330049932003021240e-01,1.336301118135452271e-01,3.285799175500869751e-02
1.330049932003021240e-01,1.336301118135452271e-01,3.285799175500869751e-02
1.330469697713851929e-01,1.338827759027481079e-01,3.282696008682250977e-02
1.330469697713851929e-01,1.338827759027481079e-01,3.282696008682250977e-02
1.330887377262115479e-01,1.341352909803390503e-01,3.279533237218856812e-02
1.330887377262115479e-01,1.341352909803390503e-01,3.279533237218856812e-02
1.331302970647811890e-01,1.343876421451568604e-01,3.276311978697776794e-02
1.331302970647811890e-01,1.343876421451568604e-01,3.276311978697776794e-02
1.331716477870941162e-01,1.346398293972015381e-01,3.273031860589981079e-02
1.331716477870941162e-01,1.346398293972015381e-01,3.273031860589981079e-02
1.332127749919891357e-01,1.348918676376342773e-01,3.269691765308380127e-02
1.332127749919891357e-01,1.348918676376342773e-01,3.269691765308380127e-02
1.332536935806274414e-01,1.351437568664550781e-01,3.266293928027153015e-02
1.332536935806274414e-01,1.351437568664550781e-01,3.266293928027153015e-02
1.332943886518478394e-01,1.353955119848251343e-01,3.262837231159210205e-02
1.332943886518478394e-01,1.353955119848251343e-01,3.262837231159210205e-02
1.333348602056503296e-01,1.356471031904220581e-01,3.259322419762611389e-02
1.333348602056503296e-01,1.356471031904220581e-01,3.259322419762611389e-02
1.333751231431961060e-01,1.358985751867294312e-01,3.255749121308326721e-02
1.333751231431961060e-01,1.358985751867294312e-01,3.255749121308326721e-02
1.334151476621627808e-01,1.361498981714248657e-01,3.252117708325386047e-02
1.334151476621627808e-01,1.361498981714248657e-01,3.252117708325386047e-02
1.334549635648727417e-01,1.364010870456695557e-01,3.248428553342819214e-02
1.334549635648727417e-01,1.364010870456695557e-01,3.248428553342819214e-02
1.334945559501647949e-01,1.366521567106246948e-01,3.244681656360626221e-02
1.334945559501647949e-01,1.366521567106246948e-01,3.244681656360626221e-02
1.335339248180389404e-01,1.369030922651290894e-01,3.240877017378807068e-02
1.335339248180389404e-01,1.369030922651290894e-01,3.240877017378807068e-02
1.335730701684951782e-01,1.371539086103439331e-01,3.237014263868331909e-02
1.335730701684951782e-01,1.371539086103439331e-01,3.237014263868331909e-02
1.336119920015335083e-01,1.374046057462692261e-01,3.233094513416290283e-02
1.336119920015335083e-01,1.374046057462692261e-01,3.233094513416290283e-02
1.336506754159927368e-01,1.376551687717437744e-01,3.229118138551712036e-02
1.336506754159927368e-01,1.376551687717437744e-01,3.229118138551712036e-02
1.336891502141952515e-01,1.379056274890899658e-01,3.225084394216537476e-02
1.336891502141952515e-01,1.379056274890899658e-01,3.225084394216537476e-02
1.337274014949798584e-01,1.381559669971466064e-01,3.220993652939796448e-02
1.337274014949798584e-01,1.381559669971466064e-01,3.220993652939796448e-02
1.337653994560241699e-01,1.384062021970748901e-01,3.216846287250518799e-02
1.337653994560241699e-01,1.384062021970748901e-01,3.216846287250518799e-02
1.338031888008117676e-01,1.386563479900360107e-01,3.212641552090644836e-02
1.338031888008117676e-01,1.386563479900360107e-01,3.212641552090644836e-02
1.338407397270202637e-01,1.389063745737075806e-01,3.208381310105323792e-02
1.338407397270202637e-01,1.389063745737075806e-01,3.208381310105323792e-02
1.338780522346496582e-01,1.391562819480895996e-01,3.204064071178436279e-02
1.338780522346496582e-01,1.391562819480895996e-01,3.204064071178436279e-02
1.339151412248611450e-01,1.394061148166656494e-01,3.199690952897071838e-02
1.339151412248611450e-01,1.394061148166656494e-01,3.199690952897071838e-02
1.339520066976547241e-01,1.396558582782745361e-01,3.195262327790260315e-02
1.339520066976547241e-01,1.396558582782745361e-01,3.195262327790260315e-02
1.339886188507080078e-01,1.399054974317550659e-01,3.190777078270912170e-02
1.339886188507080078e-01,1.399054974317550659e-01,3.190777078270912170e-02
1.340250074863433838e-01,1.401550322771072388e-01,3.186235949397087097e-02
1.340250074863433838e-01,1.401550322771072388e-01,3.186235949397087097e-02
1.340611428022384644e-01,1.404045075178146362e-01,3.181639686226844788e-02
1.340611428022384644e-01,1.404045075178146362e-01,3.181639686226844788e-02
1.340970695018768311e-01,1.406538933515548706e-01,3.176987916231155396e-02
1.340970695018768311e-01,1.406538933515548706e-01,3.176987916231155396e-02
1.341327279806137085e-01,1.409032046794891357e-01,3.172280639410018921e-02
1.341327279806137085e-01,1.409032046794891357e-01,3.172280639410018921e-02
1.341681629419326782e-01,1.411524415016174316e-01,3.167518600821495056e-02
1.341681629419326782e-01,1.411524415016174316e-01,3.167518600821495056e-02
1.342033594846725464e-01,1.414015889167785645e-01,3.162701055407524109e-02
1.342033594846725464e-01,1.414015889167785645e-01,3.162701055407524109e-02
1.342383176088333130e-01,1.416506916284561157e-01,3.157829493284225464e-02
1.342383176088333130e-01,1.416506916284561157e-01,3.157829493284225464e-02
1.342730522155761719e-01,1.418997198343276978e-01,3.152902796864509583e-02
1.342730522155761719e-01,1.418997198343276978e-01,3.152902796864509583e-02
1.343075037002563477e-01,1.421486735343933105e-01,3.147921711206436157e-02
1.343075037002563477e-01,1.421486735343933105e-01,3.147921711206436157e-02
1.343417316675186157e-01,1.423975527286529541e-01,3.142885491251945496e-02
1.343417316675186157e-01,1.423975527286529541e-01,3.142885491251945496e-02
1.343757063150405884e-01,1.426463872194290161e-01,3.137795627117156982e-02
1.343757063150405884e-01,1.426463872194290161e-01,3.137795627117156982e-02
1.344094425439834595e-01,1.428951919078826904e-01,3.132652118802070618e-02
1.344094425439834595e-01,1.428951919078826904e-01,3.132652118802070618e-02
1.344429403543472290e-01,1.431439220905303955e-01,3.127453848719596863e-02
1.344429403543472290e-01,1.431439220905303955e-01,3.127453848719596863e-02
1.344761848449707031e-01,1.433926075696945190e-01,3.122202306985855103e-02
1.344761848449707031e-01,1.433926075696945190e-01,3.122202306985855103e-02
1.345091909170150757e-01,1.436412483453750610e-01,3.116896562278270721e-02
1.345091909170150757e-01,1.436412483453750610e-01,3.116896562278270721e-02
1.345419287681579590e-01,1.438898295164108276e-01,3.111537732183933258e-02
1.345419287681579590e-01,1.438898295164108276e-01,3.111537732183933258e-02
1.345744132995605469e-01,1.441383808851242065e-01,3.106125444173812866e-02
1.345744132995605469e-01,1.441383808851242065e-01,3.106125444173812866e-02
1.346066594123840332e-01,1.443869024515151978e-01,3.100659884512424469e-02
1.346066594123840332e-01,1.443869024515151978e-01,3.100659884512424469e-02
1.346386522054672241e-01,1.446353942155838013e-01,3.095141053199768066e-02
1.346386522054672241e-01,1.446353942155838013e-01,3.095141053199768066e-02
1.346703916788101196e-01,1.448838412761688232e-01,3.089570067822933197e-02
1.346703916788101196e-01,1.448838412761688232e-01,3.089570067822933197e-02
1.347018778324127197e-01,1.451322734355926514e-01,3.083945624530315399e-02
1.347018778324127197e-01,1.451322734355926514e-01,3.083945624530315399e-02
1.347331106662750244e-01,1.453806906938552856e-01,3.078268654644489288e-02
1.347331106662750244e-01,1.453806906938552856e-01,3.078268654644489288e-02
1.347640901803970337e-01,1.456290632486343384e-01,3.072539530694484711e-02
1.347640901803970337e-01,1.456290632486343384e-01,3.072539530694484711e-02
1.347948163747787476e-01,1.458774209022521973e-01,3.066757321357727051e-02
1.347948163747787476e-01,1.458774209022521973e-01,3.066757321357727051e-02
1.348252594470977783e-01,1.461257636547088623e-01,3.060923330485820770e-02
1.348252594470977783e-01,1.461257636547088623e-01,3.060923330485820770e-02
1.348554790019989014e-01,1.463741064071655273e-01,3.055037744343280792e-02
1.348554790019989014e-01,1.463741064071655273e-01,3.055037744343280792e-02
1.348854303359985352e-01,1.466224193572998047e-01,3.049100004136562347e-02
1.348854303359985352e-01,1.466224193572998047e-01,3.049100004136562347e-02
1.349150985479354858e-01,1.468707323074340820e-01,3.043110296130180359e-02
1.349150985479354858e-01,1.468707323074340820e-01,3.043110296130180359e-02
1.349445283412933350e-01,1.471190452575683594e-01,3.037069365382194519e-02
1.349445283412933350e-01,1.471190452575683594e-01,3.037069365382194519e-02
1.349736899137496948e-01,1.473673731088638306e-01,3.030976653099060059e-02
1.349736899137496948e-01,1.473673731088638306e-01,3.030976653099060059e-02
1.350025981664657593e-01,1.476156860589981079e-01,3.024832904338836670e-02
1.350025981664657593e-01,1.476156860589981079e-01,3.024832904338836670e-02
1.350312232971191406e-01,1.478639990091323853e-01,3.018637932837009430e-02
1.350312232971191406e-01,1.478639990091323853e-01,3.018637932837009430e-02
1.350595951080322266e-01,1.481123417615890503e-01,3.012392111122608185e-02
1.350595951080322266e-01,1.481123417615890503e-01,3.012392111122608185e-02
1.350876986980438232e-01,1.483606696128845215e-01,3.006095066666603088e-02
1.350876986980438232e-01,1.483606696128845215e-01,3.006095066666603088e-02
1.351155340671539307e-01,1.486090421676635742e-01,2.999747730791568756e-02
1.351155340671539307e-01,1.486090421676635742e-01,2.999747730791568756e-02
1.351431012153625488e-01,1.488574147224426270e-01,2.993349358439445496e-02
1.351431012153625488e-01,1.488574147224426270e-01,2.993349358439445496e-02
1.351704001426696777e-01,1.491058021783828735e-01,2.986900880932807922e-02
1.351704001426696777e-01,1.491058021783828735e-01,2.986900880932807922e-02
1.351974308490753174e-01,1.493542343378067017e-01,2.980402298271656036e-02
1.351974308490753174e-01,1.493542343378067017e-01,2.980402298271656036e-02
1.352241933345794678e-01,1.496026664972305298e-01,2.973853424191474915e-02
1.352241933345794678e-01,1.496026664972305298e-01,2.973853424191474915e-02
1.352506726980209351e-01,1.498511433601379395e-01,2.967254631221294403e-02
1.352506726980209351e-01,1.498511433601379395e-01,2.967254631221294403e-02
1.352768987417221069e-01,1.500996649265289307e-01,2.960606105625629425e-02
1.352768987417221069e-01,1.500996649265289307e-01,2.960606105625629425e-02
1.353028565645217896e-01,1.503482013940811157e-01,2.953907661139965057e-02
1.353028565645217896e-01,1.503482013940811157e-01,2.953907661139965057e-02
1.353285163640975952e-01,1.505967825651168823e-01,2.947159670293331146e-02
1.353285163640975952e-01,1.505967825651168823e-01,2.947159670293331146e-02
1.353539228439331055e-01,1.508454084396362305e-01,2.940362878143787384e-02
1.353539228439331055e-01,1.508454084396362305e-01,2.940362878143787384e-02
1.353790313005447388e-01,1.510940790176391602e-01,2.933516167104244232e-02
1.353790313005447388e-01,1.510940790176391602e-01,2.933516167104244232e-02
1.354038715362548828e-01,1.513427942991256714e-01,2.926621027290821075e-02
1.354038715362548828e-01,1.513427942991256714e-01,2.926621027290821075e-02
1.354284435510635376e-01,1.515915691852569580e-01,2.919676341116428375e-02
1.354284435510635376e-01,1.515915691852569580e-01,2.919676341116428375e-02
1.354527175426483154e-01,1.518403887748718262e-01,2.912683598697185516e-02
1.354527175426483154e-01,1.518403887748718262e-01,2.912683598697185516e-02
1.354767233133316040e-01,1.520892679691314697e-01,2.905641496181488037e-02
1.354767233133316040e-01,1.520892679691314697e-01,2.905641496181488037e-02
1.355004608631134033e-01,1.523382067680358887e-01,2.898551337420940399e-02
1.355004608631134033e-01,1.523382067680358887e-01,2.898551337420940399e-02
1.355239152908325195e-01,1.525872200727462769e-01,2.891412563621997833e-02
1.355239152908325195e-01,1.525872200727462769e-01,2.891412563621997833e-02
1.355470567941665649e-01,1.528362929821014404e-01,2.884225919842720032e-02
1.355470567941665649e-01,1.528362929821014404e-01,2.884225919842720032e-02
1.355699449777603149e-01,1.530854254961013794e-01,2.876990847289562225e-02
1.355699449777603149e-01,1.530854254961013794e-01,2.876990847289562225e-02
1.355925351381301880e-01,1.533346474170684814e-01,2.869708277285099030e-02
1.355925351381301880e-01,1.533346474170684814e-01,2.869708277285099030e-02
1.356148421764373779e-01,1.535839438438415527e-01,2.862378209829330444e-02
1.356148421764373779e-01,1.535839438438415527e-01,2.862378209829330444e-02
1.356368660926818848e-01,1.538332998752593994e-01,2.855000086128711700e-02
1.356368660926818848e-01,1.538332998752593994e-01,2.855000086128711700e-02
1.356586068868637085e-01,1.540827304124832153e-01,2.847574651241302490e-02
1.356586068868637085e-01,1.540827304124832153e-01,2.847574651241302490e-02
1.356800496578216553e-01,1.543322652578353882e-01,2.840101532638072968e-02
1.356800496578216553e-01,1.543322652578353882e-01,2.840101532638072968e-02
1.357012093067169189e-01,1.545818895101547241e-01,2.832582034170627594e-02
1.357012093067169189e-01,1.545818895101547241e-01,2.832582034170627594e-02
1.357220709323883057e-01,1.548316031694412231e-01,2.825015038251876831e-02
1.357220709323883057e-01,1.548316031694412231e-01,2.825015038251876831e-02
1.357426494359970093e-01,1.550814062356948853e-01,2.817400917410850525e-02
1.357426494359970093e-01,1.550814062356948853e-01,2.817400917410850525e-02
1.357629299163818359e-01,1.553313136100769043e-01,2.809740602970123291e-02
1.357629299163818359e-01,1.553313136100769043e-01,2.809740602970123291e-02
1.357829272747039795e-01,1.555813103914260864e-01,2.802033536136150360e-02
1.357829272747039795e-01,1.555813103914260864e-01,2.802033536136150360e-02
1.358026415109634399e-01,1.558314114809036255e-01,2.794279903173446655e-02
1.358026415109634399e-01,1.558314114809036255e-01,2.794279903173446655e-02
1.358220428228378296e-01,1.560816168785095215e-01,2.786480449140071869e-02
1.358220428228378296e-01,1.560816168785095215e-01,2.786480449140071869e-02
1.358411461114883423e-01,1.563319414854049683e-01,2.778634615242481232e-02
1.358411461114883423e-01,1.563319414854049683e-01,2.778634615242481232e-02
1.358599513769149780e-01,1.565823554992675781e-01,2.770742587745189667e-02
1.358599513769149780e-01,1.565823554992675781e-01,2.770742587745189667e-02
1.358784735202789307e-01,1.568328887224197388e-01,2.762804925441741943e-02
1.358784735202789307e-01,1.568328887224197388e-01,2.762804925441741943e-02
1.358966976404190063e-01,1.570835411548614502e-01,2.754822000861167908e-02
1.358966976404190063e-01,1.570835411548614502e-01,2.754822000861167908e-02
1.359146088361740112e-01,1.573343425989151001e-01,2.746793068945407867e-02
1.359146088361740112e-01,1.573343425989151001e-01,2.746793068945407867e-02
1.359322369098663330e-01,1.575852334499359131e-01,2.738718688488006592e-02
1.359322369098663330e-01,1.575852334499359131e-01,2.738718688488006592e-02
1.359495520591735840e-01,1.578362584114074707e-01,2.730599604547023773e-02
1.359495520591735840e-01,1.578362584114074707e-01,2.730599604547023773e-02
1.359665691852569580e-01,1.580874174833297729e-01,2.722435258328914642e-02
1.359665691852569580e-01,1.580874174833297729e-01,2.722435258328914642e-02
1.359832733869552612e-01,1.583387106657028198e-01,2.714225836098194122e-02
1.359832733869552612e-01,1.583387106657028198e-01,2.714225836098194122e-02
1.359996795654296875e-01,1.585901528596878052e-01,2.705971524119377136e-02
1.359996795654296875e-01,1.585901528596878052e-01,2.705971524119377136e-02
1.360157877206802368e-01,1.588416993618011475e-01,2.697672881186008453e-02
1.360157877206802368e-01,1.588416993618011475e-01,2.697672881186008453e-02
1.360315978527069092e-01,1.590934097766876221e-01,2.689329534769058228e-02
1.360315978527069092e-01,1.590934097766876221e-01,2.689329534769058228e-02
1.360470801591873169e-01,1.593452692031860352e-01,2.680942229926586151e-02
1.360470801591873169e-01,1.593452692031860352e-01,2.680942229926586151e-02
1.360622644424438477e-01,1.595972776412963867e-01,2.672510407865047455e-02
1.360622644424438477e-01,1.595972776412963867e-01,2.672510407865047455e-02
1.360771507024765015e-01,1.598494350910186768e-01,2.664034441113471985e-02
1.360771507024765015e-01,1.598494350910186768e-01,2.664034441113471985e-02
1.360917240381240845e-01,1.601017266511917114e-01,2.655514888465404510e-02
1.360917240381240845e-01,1.601017266511917114e-01,2.655514888465404510e-02
1.361059546470642090e-01,1.603541821241378784e-01,2.646951004862785339e-02
1.361059546470642090e-01,1.603541821241378784e-01,2.646951004862785339e-02
1.361199170351028442e-01,1.606068313121795654e-01,2.638344094157218933e-02
1.361199170351028442e-01,1.606068313121795654e-01,2.638344094157218933e-02
1.361335515975952148e-01,1.608595848083496094e-01,2.629693597555160522e-02
1.361335515975952148e-01,1.608595848083496094e-01,2.629693597555160522e-02
1.361468583345413208e-01,1.611125469207763672e-01,2.620999701321125031e-02
1.361468583345413208e-01,1.611125469207763672e-01,2.620999701321125031e-02
1.361598819494247437e-01,1.613656878471374512e-01,2.612262405455112457e-02
1.361598819494247437e-01,1.613656878471374512e-01,2.612262405455112457e-02
1.361725628376007080e-01,1.616189628839492798e-01,2.603482827544212341e-02
1.361725628376007080e-01,1.616189628839492798e-01,2.603482827544212341e-02
1.361849457025527954e-01,1.618724465370178223e-01,2.594659850001335144e-02
1.361849457025527954e-01,1.618724465370178223e-01,2.594659850001335144e-02
1.361970007419586182e-01,1.621260792016983032e-01,2.585794404149055481e-02
1.361970007419586182e-01,1.621260792016983032e-01,2.585794404149055481e-02
1.362087577581405640e-01,1.623799353837966919e-01,2.576886117458343506e-02
1.362087577581405640e-01,1.623799353837966919e-01,2.576886117458343506e-02
1.362201720476150513e-01,1.626339405775070190e-01,2.567935548722743988e-02
1.362201720476150513e-01,1.626339405775070190e-01,2.567935548722743988e-02
1.362312734127044678e-01,1.628881394863128662e-01,2.558942697942256927e-02
1.362312734127044678e-01,1.628881394863128662e-01,2.558942697942256927e-02
1.362420469522476196e-01,1.631425172090530396e-01,2.549907937645912170e-02
1.362420469522476196e-01,1.631425172090530396e-01,2.549907937645912170e-02
1.362525075674057007e-01,1.633971035480499268e-01,2.540831267833709717e-02
1.362525075674057007e-01,1.633971035480499268e-01,2.540831267833709717e-02
1.362626403570175171e-01,1.636518687009811401e-01,2.531712315976619720e-02
1.362626403570175171e-01,1.636518687009811401e-01,2.531712315976619720e-02
1.362724602222442627e-01,1.639068573713302612e-01,2.522551827132701874e-02
1.362724602222442627e-01,1.639068573713302612e-01,2.522551827132701874e-02
1.362819671630859375e-01,1.641620397567749023e-01,2.513349801301956177e-02
1.362819671630859375e-01,1.641620397567749023e-01,2.513349801301956177e-02
1.362911313772201538e-01,1.644174307584762573e-01,2.504106611013412476e-02
1.362911313772201538e-01,1.644174307584762573e-01,2.504106611013412476e-02
1.362999528646469116e-01,1.646730303764343262e-01,2.494822442531585693e-02
1.362999528646469116e-01,1.646730303764343262e-01,2.494822442531585693e-02
1.363084763288497925e-01,1.649288237094879150e-01,2.485496737062931061e-02
1.363084763288497925e-01,1.649288237094879150e-01,2.485496737062931061e-02
1.363166570663452148e-01,1.651848554611206055e-01,2.476130239665508270e-02
1.363166570663452148e-01,1.651848554611206055e-01,2.476130239665508270e-02
1.363245248794555664e-01,1.654410809278488159e-01,2.466722950339317322e-02
1.363245248794555664e-01,1.654410809278488159e-01,2.466722950339317322e-02
1.363320499658584595e-01,1.656975448131561279e-01,2.457274869084358215e-02
1.363320499658584595e-01,1.656975448131561279e-01,2.457274869084358215e-02
1.363392472267150879e-01,1.659542322158813477e-01,2.447786182165145874e-02
1.363392472267150879e-01,1.659542322158813477e-01,2.447786182165145874e-02
1.363461017608642578e-01,1.662111282348632812e-01,2.438257448375225067e-02
1.363461017608642578e-01,1.662111282348632812e-01,2.438257448375225067e-02
1.363526433706283569e-01,1.664682924747467041e-01,2.428688853979110718e-02
1.363526433706283569e-01,1.664682924747467041e-01,2.428688853979110718e-02
1.363588422536849976e-01,1.667256504297256470e-01,2.419079840183258057e-02
1.363588422536849976e-01,1.667256504297256470e-01,2.419079840183258057e-02
1.363646984100341797e-01,1.669832617044448853e-01,2.409430779516696930e-02
1.363646984100341797e-01,1.669832617044448853e-01,2.409430779516696930e-02
1.363702267408370972e-01,1.672411113977432251e-01,2.399742044508457184e-02
1.363702267408370972e-01,1.672411113977432251e-01,2.399742044508457184e-02
1.363754272460937500e-01,1.674991995096206665e-01,2.390013635158538818e-02
1.363754272460937500e-01,1.674991995096206665e-01,2.390013635158538818e-02
1.363802850246429443e-01,1.677575260400772095e-01,2.380246110260486603e-02
1.363802850246429443e-01,1.677575260400772095e-01,2.380246110260486603e-02
1.363848000764846802e-01,1.680161058902740479e-01,2.370439097285270691e-02
1.363848000764846802e-01,1.680161058902740479e-01,2.370439097285270691e-02
1.363889724016189575e-01,1.682749390602111816e-01,2.360592782497406006e-02
1.363889724016189575e-01,1.682749390602111816e-01,2.360592782497406006e-02
1.363928169012069702e-01,1.685340255498886108e-01,2.350707910954952240e-02
1.363928169012069702e-01,1.685340255498886108e-01,2.350707910954952240e-02
1.363963186740875244e-01,1.687933504581451416e-01,2.340783365070819855e-02
1.363963186740875244e-01,1.687933504581451416e-01,2.340783365070819855e-02
1.363994628190994263e-01,1.690529733896255493e-01,2.330820821225643158e-02
1.363994628190994263e-01,1.690529733896255493e-01,2.330820821225643158e-02
1.364022940397262573e-01,1.693128347396850586e-01,2.320819534361362457e-02
1.364022940397262573e-01,1.693128347396850586e-01,2.320819534361362457e-02
1.364047527313232422e-01,1.695729643106460571e-01,2.310779690742492676e-02
1.364047527313232422e-01,1.695729643106460571e-01,2.310779690742492676e-02
1.364068835973739624e-01,1.698333621025085449e-01,2.300701662898063660e-02
1.364068835973739624e-01,1.698333621025085449e-01,2.300701662898063660e-02
1.364086568355560303e-01,1.700940281152725220e-01,2.290585637092590332e-02
1.364086568355560303e-01,1.700940281152725220e-01,2.290585637092590332e-02
1.364100873470306396e-01,1.703549772500991821e-01,2.280431427061557770e-02
1.364100873470306396e-01,1.703549772500991821e-01,2.280431427061557770e-02
1.364111751317977905e-01,1.706162095069885254e-01,2.270239405333995819e-02
1.364111751317977905e-01,1.706162095069885254e-01,2.270239405333995819e-02
1.364119201898574829e-01,1.708776950836181641e-01,2.260009944438934326e-02
1.364119201898574829e-01,1.708776950836181641e-01,2.260009944438934326e-02
1.364123076200485229e-01,1.711394935846328735e-01,2.249742485582828522e-02
1.364123076200485229e-01,1.711394935846328735e-01,2.249742485582828522e-02
1.364123523235321045e-01,1.714015752077102661e-01,2.239438146352767944e-02
1.364123523235321045e-01,1.714015752077102661e-01,2.239438146352767944e-02
1.364120393991470337e-01,1.716639399528503418e-01,2.229096554219722748e-02
1.364120393991470337e-01,1.716639399528503418e-01,2.229096554219722748e-02
1.364113688468933105e-01,1.719266027212142944e-01,2.218717522919178009e-02
1.364113688468933105e-01,1.719266027212142944e-01,2.218717522919178009e-02
1.364103406667709351e-01,1.721895635128021240e-01,2.208301611244678497e-02
1.364103406667709351e-01,1.721895635128021240e-01,2.208301611244678497e-02
1.364089846611022949e-01,1.724528074264526367e-01,2.197849005460739136e-02
1.364089846611022949e-01,1.724528074264526367e-01,2.197849005460739136e-02
1.364072412252426147e-01,1.727163791656494141e-01,2.187359891831874847e-02
1.364072412252426147e-01,1.727163791656494141e-01,2.187359891831874847e-02
1.364051699638366699e-01,1.729802340269088745e-01,2.176833711564540863e-02
1.364051699638366699e-01,1.729802340269088745e-01,2.176833711564540863e-02
1.364027410745620728e-01,1.732444167137145996e-01,2.166272327303886414e-02
1.364027410745620728e-01,1.732444167137145996e-01,2.166272327303886414e-02
1.363999247550964355e-01,1.735088825225830078e-01,2.155673690140247345e-02
1.363999247550964355e-01,1.735088825225830078e-01,2.155673690140247345e-02
1.363967806100845337e-01,1.737736761569976807e-01,2.145039476454257965e-02
1.363967806100845337e-01,1.737736761569976807e-01,2.145039476454257965e-02
1.363932639360427856e-01,1.740387976169586182e-01,2.134369313716888428e-02
1.363932639360427856e-01,1.740387976169586182e-01,2.134369313716888428e-02
1.363893896341323853e-01,1.743042320013046265e-01,2.123663201928138733e-02
1.363893896341323853e-01,1.743042320013046265e-01,2.123663201928138733e-02
1.363851577043533325e-01,1.745699942111968994e-01,2.112921513617038727e-02
1.363851577043533325e-01,1.745699942111968994e-01,2.112921513617038727e-02
1.363805532455444336e-01,1.748360693454742432e-01,2.102144435048103333e-02
1.363805532455444336e-01,1.748360693454742432e-01,2.102144435048103333e-02
1.363755911588668823e-01,1.751025021076202393e-01,2.091332338750362396e-02
1.363755911588668823e-01,1.751025021076202393e-01,2.091332338750362396e-02
1.363702714443206787e-01,1.753692328929901123e-01,2.080484665930271149e-02
1.363702714443206787e-01,1.753692328929901123e-01,2.080484665930271149e-02
1.363645792007446289e-01,1.756363213062286377e-01,2.069602161645889282e-02
1.363645792007446289e-01,1.756363213062286377e-01,2.069602161645889282e-02
1.363585293292999268e-01,1.759037375450134277e-01,2.058684639632701874e-02
1.363585293292999268e-01,1.759037375450134277e-01,2.058684639632701874e-02
1.363521069288253784e-01,1.761715114116668701e-01,2.047732658684253693e-02
1.363521069288253784e-01,1.761715114116668701e-01,2.047732658684253693e-02
1.363453119993209839e-01,1.764396131038665771e-01,2.036746032536029816e-02
1.363453119993209839e-01,1.764396131038665771e-01,2.036746032536029816e-02
1.363381594419479370e-01,1.767080873250961304e-01,2.025725133717060089e-02
1.363381594419479370e-01,1.767080873250961304e-01,2.025725133717060089e-02
1.363306194543838501e-01,1.769768744707107544e-01,2.014669403433799744e-02
1.363306194543838501e-01,1.769768744707107544e-01,2.014669403433799744e-02
1.363227218389511108e-01,1.772460341453552246e-01,2.003579959273338318e-02
1.363227218389511108e-01,1.772460341453552246e-01,2.003579959273338318e-02
1.363144516944885254e-01,1.775155663490295410e-01,1.992456242442131042e-02
1.363144516944885254e-01,1.775155663490295410e-01,1.992456242442131042e-02
1.363058090209960938e-01,1.777854412794113159e-01,1.981299184262752533e-02
1.363058090209960938e-01,1.777854412794113159e-01,1.981299184262752533e-02
1.362967938184738159e-01,1.780556589365005493e-01,1.970108039677143097e-02
1.362967938184738159e-01,1.780556589365005493e-01,1.970108039677143097e-02
1.362874209880828857e-01,1.783262789249420166e-01,1.958883926272392273e-02
1.362874209880828857e-01,1.783262789249420166e-01,1.958883926272392273e-02
1.362776458263397217e-01,1.785972416400909424e-01,1.947625726461410522e-02
1.362776458263397217e-01,1.785972416400909424e-01,1.947625726461410522e-02
1.362674981355667114e-01,1.788685917854309082e-01,1.936333999037742615e-02
1.362674981355667114e-01,1.788685917854309082e-01,1.936333999037742615e-02
1.362569779157638550e-01,1.791402995586395264e-01,1.925010047852993011e-02
1.362569779157638550e-01,1.791402995586395264e-01,1.925010047852993011e-02
1.362460851669311523e-01,1.794124096632003784e-01,1.913652755320072174e-02
1.362460851669311523e-01,1.794124096632003784e-01,1.913652755320072174e-02
1.362348049879074097e-01,1.796848773956298828e-01,1.902262866497039795e-02
1.362348049879074097e-01,1.796848773956298828e-01,1.902262866497039795e-02
1.362231522798538208e-01,1.799577325582504272e-01,1.890840381383895874e-02
1.362231522798538208e-01,1.799577325582504272e-01,1.890840381383895874e-02
1.362111270427703857e-01,1.802309900522232056e-01,1.879384927451610565e-02
1.362111270427703857e-01,1.802309900522232056e-01,1.879384927451610565e-02
1.361986994743347168e-01,1.805046349763870239e-01,1.867897622287273407e-02
1.361986994743347168e-01,1.805046349763870239e-01,1.867897622287273407e-02
1.361858993768692017e-01,1.807786822319030762e-01,1.856377907097339630e-02
1.361858993768692017e-01,1.807786822319030762e-01,1.856377907097339630e-02
1.361727118492126465e-01,1.810530871152877808e-01,1.844826154410839081e-02
1.361727118492126465e-01,1.810530871152877808e-01,1.844826154410839081e-02
1.361591517925262451e-01,1.813279241323471069e-01,1.833242364227771759e-02
1.361591517925262451e-01,1.813279241323471069e-01,1.833242364227771759e-02
1.361451894044876099e-01,1.816031485795974731e-01,1.821626909077167511e-02
1.361451894044876099e-01,1.816031485795974731e-01,1.821626909077167511e-02
1.361308395862579346e-01,1.818787902593612671e-01,1.809979975223541260e-02
1.361308395862579346e-01,1.818787902593612671e-01,1.809979975223541260e-02
1.361161321401596069e-01,1.821548491716384888e-01,1.798301376402378082e-02
1.361161321401596069e-01,1.821548491716384888e-01,1.798301376402378082e-02
1.361010223627090454e-01,1.824312955141067505e-01,1.786591485142707825e-02
1.361010223627090454e-01,1.824312955141067505e-01,1.786591485142707825e-02
1.360854953527450562e-01,1.827081590890884399e-01,1.774850487709045410e-02
1.360854953527450562e-01,1.827081590890884399e-01,1.774850487709045410e-02
1.360695958137512207e-01,1.829854547977447510e-01,1.763078570365905762e-02
1.360695958137512207e-01,1.829854547977447510e-01,1.763078570365905762e-02
1.360533237457275391e-01,1.832631528377532959e-01,1.751275546848773956e-02
1.360533237457275391e-01,1.832631528377532959e-01,1.751275546848773956e-02
1.360366493463516235e-01,1.835412830114364624e-01,1.739441789686679840e-02
1.360366493463516235e-01,1.835412830114364624e-01,1.739441789686679840e-02
1.360195875167846680e-01,1.838198453187942505e-01,1.727577671408653259e-02
1.360195875167846680e-01,1.838198453187942505e-01,1.727577671408653259e-02
1.360021084547042847e-01,1.840988099575042725e-01,1.715683192014694214e-02
1.360021084547042847e-01,1.840988099575042725e-01,1.715683192014694214e-02
1.359842568635940552e-01,1.843782365322113037e-01,1.703757978975772858e-02
1.359842568635940552e-01,1.843782365322113037e-01,1.703757978975772858e-02
1.359659880399703979e-01,1.846581101417541504e-01,1.691803149878978729e-02
1.359659880399703979e-01,1.846581101417541504e-01,1.691803149878978729e-02
1.359473466873168945e-01,1.849383860826492310e-01,1.679818145930767059e-02
1.359473466873168945e-01,1.849383860826492310e-01,1.679818145930767059e-02
1.359283030033111572e-01,1.852191090583801270e-01,1.667803525924682617e-02
1.359283030033111572e-01,1.852191090583801270e-01,1.667803525924682617e-02
1.359088569879531860e-01,1.855002939701080322e-01,1.655759103596210480e-02
1.359088569879531860e-01,1.855002939701080322e-01,1.655759103596210480e-02
1.358890086412429810e-01,1.857819408178329468e-01,1.643684692680835724e-02
1.358890086412429810e-01,1.857819408178329468e-01,1.643684692680835724e-02
1.358687728643417358e-01,1.860640048980712891e-01,1.631581224501132965e-02
1.358687728643417358e-01,1.860640048980712891e-01,1.631581224501132965e-02
1.358481198549270630e-01,1.863465309143066406e-01,1.619448699057102203e-02
1.358481198549270630e-01,1.863465309143066406e-01,1.619448699057102203e-02
1.358270794153213501e-01,1.866295188665390015e-01,1.607286743819713593e-02
1.358270794153213501e-01,1.866295188665390015e-01,1.607286743819713593e-02
1.358056217432022095e-01,1.869129687547683716e-01,1.595095917582511902e-02
1.358056217432022095e-01,1.869129687547683716e-01,1.595095917582511902e-02
1.357837617397308350e-01,1.871968507766723633e-01,1.582876592874526978e-02
1.357837617397308350e-01,1.871968507766723633e-01,1.582876592874526978e-02
1.357614994049072266e-01,1.874812394380569458e-01,1.570628397166728973e-02
1.357614994049072266e-01,1.874812394380569458e-01,1.570628397166728973e-02
1.357388496398925781e-01,1.877660900354385376e-01,1.558351609855890274e-02
1.357388496398925781e-01,1.877660900354385376e-01,1.558351609855890274e-02
1.357157677412033081e-01,1.880514174699783325e-01,1.546046324074268341e-02
1.357157677412033081e-01,1.880514174699783325e-01,1.546046324074268341e-02
1.356922686100006104e-01,1.883371919393539429e-01,1.533712819218635559e-02
1.356922686100006104e-01,1.883371919393539429e-01,1.533712819218635559e-02
1.356683969497680664e-01,1.886234581470489502e-01,1.521351560950279236e-02
1.356683969497680664e-01,1.886234581470489502e-01,1.521351560950279236e-02
1.356440931558609009e-01,1.889102011919021606e-01,1.508962549269199371e-02
1.356440931558609009e-01,1.889102011919021606e-01,1.508962549269199371e-02
1.356194019317626953e-01,1.891974359750747681e-01,1.496545132249593735e-02
1.356194019317626953e-01,1.891974359750747681e-01,1.496545132249593735e-02
1.355942636728286743e-01,1.894851624965667725e-01,1.484100800007581711e-02
1.355942636728286743e-01,1.894851624965667725e-01,1.484100800007581711e-02
1.355687230825424194e-01,1.897733658552169800e-01,1.471628621220588684e-02
1.355687230825424194e-01,1.897733658552169800e-01,1.471628621220588684e-02
1.355427950620651245e-01,1.900620609521865845e-01,1.459129247814416885e-02
1.355427950620651245e-01,1.900620609521865845e-01,1.459129247814416885e-02
1.355164349079132080e-01,1.903512626886367798e-01,1.446602679789066315e-02
1.355164349079132080e-01,1.903512626886367798e-01,1.446602679789066315e-02
1.354896426200866699e-01,1.906409710645675659e-01,1.434049196541309357e-02
1.354896426200866699e-01,1.906409710645675659e-01,1.434049196541309357e-02
1.354624480009078979e-01,1.909311413764953613e-01,1.421468518674373627e-02
1.354624480009078979e-01,1.909311413764953613e-01,1.421468518674373627e-02
1.354348510503768921e-01,1.912218630313873291e-01,1.408861298114061356e-02
1.354348510503768921e-01,1.912218630313873291e-01,1.408861298114061356e-02
1.354068219661712646e-01,1.915130764245986938e-01,1.396227255463600159e-02
1.354068219661712646e-01,1.915130764245986938e-01,1.396227255463600159e-02
1.353783905506134033e-01,1.918048113584518433e-01,1.383567322045564651e-02
1.353783905506134033e-01,1.918048113584518433e-01,1.383567322045564651e-02
1.353495121002197266e-01,1.920970380306243896e-01,1.370880752801895142e-02
1.353495121002197266e-01,1.920970380306243896e-01,1.370880752801895142e-02
1.353202462196350098e-01,1.923898011445999146e-01,1.358167920261621475e-02
1.353202462196350098e-01,1.923898011445999146e-01,1.358167920261621475e-02
1.352905184030532837e-01,1.926830708980560303e-01,1.345429290086030960e-02
1.352905184030532837e-01,1.926830708980560303e-01,1.345429290086030960e-02
1.352604031562805176e-01,1.929768770933151245e-01,1.332664489746093750e-02
1.352604031562805176e-01,1.929768770933151245e-01,1.332664489746093750e-02
1.352298557758331299e-01,1.932711899280548096e-01,1.319874543696641922e-02
1.352298557758331299e-01,1.932711899280548096e-01,1.319874543696641922e-02
1.351988613605499268e-01,1.935660541057586670e-01,1.307058706879615784e-02
1.351988613605499268e-01,1.935660541057586670e-01,1.307058706879615784e-02
1.351674795150756836e-01,1.938614398241043091e-01,1.294217724353075027e-02
1.351674795150756836e-01,1.938614398241043091e-01,1.294217724353075027e-02
1.351356506347656250e-01,1.941573470830917358e-01,1.281351316720247269e-02
1.351356506347656250e-01,1.941573470830917358e-01,1.281351316720247269e-02
1.351033747196197510e-01,1.944538056850433350e-01,1.268459856510162354e-02
1.351033747196197510e-01,1.944538056850433350e-01,1.268459856510162354e-02
1.350706964731216431e-01,1.947508007287979126e-01,1.255543157458305359e-02
1.350706964731216431e-01,1.947508007287979126e-01,1.255543157458305359e-02
1.350376009941101074e-01,1.950483620166778564e-01,1.242601778358221054e-02
1.350376009941101074e-01,1.950483620166778564e-01,1.242601778358221054e-02
1.350040584802627563e-01,1.953464448451995850e-01,1.229636091738939285e-02
1.350040584802627563e-01,1.953464448451995850e-01,1.229636091738939285e-02
1.349700838327407837e-01,1.956450790166854858e-01,1.216645725071430206e-02
1.349700838327407837e-01,1.956450790166854858e-01,1.216645725071430206e-02
1.349356770515441895e-01,1.959442794322967529e-01,1.203630678355693817e-02
1.349356770515441895e-01,1.959442794322967529e-01,1.203630678355693817e-02
1.349008381366729736e-01,1.962440311908721924e-01,1.190591789782047272e-02
1.349008381366729736e-01,1.962440311908721924e-01,1.190591789782047272e-02
1.348655670881271362e-01,1.965443491935729980e-01,1.177528686821460724e-02
1.348655670881271362e-01,1.965443491935729980e-01,1.177528686821460724e-02
1.348298639059066772e-01,1.968452185392379761e-01,1.164441835135221481e-02
1.348298639059066772e-01,1.968452185392379761e-01,1.164441835135221481e-02
1.347937285900115967e-01,1.971466541290283203e-01,1.151331048458814621e-02
1.347937285900115967e-01,1.971466541290283203e-01,1.151331048458814621e-02
1.347571611404418945e-01,1.974486559629440308e-01,1.138196606189012527e-02
1.347571611404418945e-01,1.974486559629440308e-01,1.138196606189012527e-02
1.347201317548751831e-01,1.977512538433074951e-01,1.125038973987102509e-02
1.347201317548751831e-01,1.977512538433074951e-01,1.125038973987102509e-02
1.346826702356338501e-01,1.980544030666351318e-01,1.111857406795024872e-02
1.346826702356338501e-01,1.980544030666351318e-01,1.111857406795024872e-02
1.346447914838790894e-01,1.983581334352493286e-01,1.098653115332126617e-02
1.346447914838790894e-01,1.983581334352493286e-01,1.098653115332126617e-02
1.346064507961273193e-01,1.986624449491500854e-01,1.085426099598407745e-02
1.346064507961273193e-01,1.986624449491500854e-01,1.085426099598407745e-02
1.345676928758621216e-01,1.989673376083374023e-01,1.072175521403551102e-02
1.345676928758621216e-01,1.989673376083374023e-01,1.072175521403551102e-02
1.345284730195999146e-01,1.992728114128112793e-01,1.058902591466903687e-02
1.345284730195999146e-01,1.992728114128112793e-01,1.058902591466903687e-02
1.344888061285018921e-01,1.995788961648941040e-01,1.045607030391693115e-02
1.344888061285018921e-01,1.995788961648941040e-01,1.045607030391693115e-02
1.344487220048904419e-01,1.998855769634246826e-01,1.032288931310176849e-02
1.344487220048904419e-01,1.998855769634246826e-01,1.032288931310176849e-02
1.344081759452819824e-01,2.001928389072418213e-01,1.018948573619127274e-02
1.344081759452819824e-01,2.001928389072418213e-01,1.018948573619127274e-02
1.343671679496765137e-01,2.005006968975067139e-01,1.005586050450801849e-02
1.343671679496765137e-01,2.005006968975067139e-01,1.005586050450801849e-02
1.343257427215576172e-01,2.008091658353805542e-01,9.922017343342304230e-03
1.343257427215576172e-01,2.008091658353805542e-01,9.922017343342304230e-03
1.342838406562805176e-01,2.011182159185409546e-01,9.787954390048980713e-03
1.342838406562805176e-01,2.011182159185409546e-01,9.787954390048980713e-03
1.342415213584899902e-01,2.014279067516326904e-01,9.653673507273197174e-03
1.342415213584899902e-01,2.014279067516326904e-01,9.653673507273197174e-03
1.341987401247024536e-01,2.017381936311721802e-01,9.519175626337528229e-03
1.341987401247024536e-01,2.017381936311721802e-01,9.519175626337528229e-03
1.341554969549179077e-01,2.020490914583206177e-01,9.384469129145145416e-03
1.341554969549179077e-01,2.020490914583206177e-01,9.384469129145145416e-03
1.341118216514587402e-01,2.023606002330780029e-01,9.249544702470302582e-03
1.341118216514587402e-01,2.023606002330780029e-01,9.249544702470302582e-03
1.340676993131637573e-01,2.026727348566055298e-01,9.114411659538745880e-03
1.340676993131637573e-01,2.026727348566055298e-01,9.114411659538745880e-03
1.340231001377105713e-01,2.029854953289031982e-01,8.979069069027900696e-03
1.340231001377105713e-01,2.029854953289031982e-01,8.979069069027900696e-03
1.339780390262603760e-01,2.032988965511322021e-01,8.843519724905490875e-03
1.339780390262603760e-01,2.032988965511322021e-01,8.843519724905490875e-03
1.339325606822967529e-01,2.036128938198089600e-01,8.707759901881217957e-03
1.339325606822967529e-01,2.036128938198089600e-01,8.707759901881217957e-03
1.338866055011749268e-01,2.039275616407394409e-01,8.571797050535678864e-03
1.338866055011749268e-01,2.039275616407394409e-01,8.571797050535678864e-03
1.338401883840560913e-01,2.042428404092788696e-01,8.435631170868873596e-03
1.338401883840560913e-01,2.042428404092788696e-01,8.435631170868873596e-03
1.337933242321014404e-01,2.045587748289108276e-01,8.299264125525951385e-03
1.337933242321014404e-01,2.045587748289108276e-01,8.299264125525951385e-03
1.337459832429885864e-01,2.048753201961517334e-01,8.162694983184337616e-03
1.337459832429885864e-01,2.048753201961517334e-01,8.162694983184337616e-03
1.336982101202011108e-01,2.051925510168075562e-01,8.025924675166606903e-03
1.336982101202011108e-01,2.051925510168075562e-01,8.025924675166606903e-03
1.336499750614166260e-01,2.055103927850723267e-01,7.888959720730781555e-03
1.336499750614166260e-01,2.055103927850723267e-01,7.888959720730781555e-03
1.336012482643127441e-01,2.058288902044296265e-01,7.751798257231712341e-03
1.336012482643127441e-01,2.058288902044296265e-01,7.751798257231712341e-03
1.335520893335342407e-01,2.061480581760406494e-01,7.614439819008111954e-03
1.335520893335342407e-01,2.061480581760406494e-01,7.614439819008111954e-03
1.335024535655975342e-01,2.064678668975830078e-01,7.476890459656715393e-03
1.335024535655975342e-01,2.064678668975830078e-01,7.476890459656715393e-03
1.334523409605026245e-01,2.067883461713790894e-01,7.339146453887224197e-03
1.334523409605026245e-01,2.067883461713790894e-01,7.339146453887224197e-03
1.334017813205718994e-01,2.071094661951065063e-01,7.201212923973798752e-03
1.334017813205718994e-01,2.071094661951065063e-01,7.201212923973798752e-03
1.333507448434829712e-01,2.074312716722488403e-01,7.063093129545450211e-03
1.333507448434829712e-01,2.074312716722488403e-01,7.063093129545450211e-03
1.332992613315582275e-01,2.077537477016448975e-01,6.924786139279603958e-03
1.332992613315582275e-01,2.077537477016448975e-01,6.924786139279603958e-03
1.332473009824752808e-01,2.080768942832946777e-01,6.786288693547248840e-03
1.332473009824752808e-01,2.080768942832946777e-01,6.786288693547248840e-03
1.331948637962341309e-01,2.084007114171981812e-01,6.647607777267694473e-03
1.331948637962341309e-01,2.084007114171981812e-01,6.647607777267694473e-03
1.331419646739959717e-01,2.087251991033554077e-01,6.508747581392526627e-03
1.331419646739959717e-01,2.087251991033554077e-01,6.508747581392526627e-03
1.330885887145996094e-01,2.090503871440887451e-01,6.369702517986297607e-03
1.330885887145996094e-01,2.090503871440887451e-01,6.369702517986297607e-03
1.330347359180450439e-01,2.093762308359146118e-01,6.230477243661880493e-03
1.330347359180450439e-01,2.093762308359146118e-01,6.230477243661880493e-03
1.329804360866546631e-01,2.097027897834777832e-01,6.091076415032148361e-03
1.329804360866546631e-01,2.097027897834777832e-01,6.091076415032148361e-03
1.329256296157836914e-01,2.100300192832946777e-01,5.951497238129377365e-03
1.329256296157836914e-01,2.100300192832946777e-01,5.951497238129377365e-03
1.328703612089157104e-01,2.103579491376876831e-01,5.811742041260004044e-03
1.328703612089157104e-01,2.103579491376876831e-01,5.811742041260004044e-03
1.328146308660507202e-01,2.106865644454956055e-01,5.671814084053039551e-03
1.328146308660507202e-01,2.106865644454956055e-01,5.671814084053039551e-03
1.327584236860275269e-01,2.110158801078796387e-01,5.531709175556898117e-03
1.327584236860275269e-01,2.110158801078796387e-01,5.531709175556898117e-03
1.327017247676849365e-01,2.113459259271621704e-01,5.391440354287624359e-03
1.327017247676849365e-01,2.113459259271621704e-01,5.391440354287624359e-03
1.326445490121841431e-01,2.116766422986984253e-01,5.250994581729173660e-03
1.326445490121841431e-01,2.116766422986984253e-01,5.250994581729173660e-03
1.325868964195251465e-01,2.120080888271331787e-01,5.110385362058877945e-03
1.325868964195251465e-01,2.120080888271331787e-01,5.110385362058877945e-03
1.325287669897079468e-01,2.123402357101440430e-01,4.969608504325151443e-03
1.325287669897079468e-01,2.123402357101440430e-01,4.969608504325151443e-03
1.324701607227325439e-01,2.126730978488922119e-01,4.828666802495718002e-03
1.324701607227325439e-01,2.126730978488922119e-01,4.828666802495718002e-03
1.324110627174377441e-01,2.130066752433776855e-01,4.687559325248003006e-03
1.324110627174377441e-01,2.130066752433776855e-01,4.687559325248003006e-03
1.323514729738235474e-01,2.133409529924392700e-01,4.546291194856166840e-03
1.323514729738235474e-01,2.133409529924392700e-01,4.546291194856166840e-03
1.322914212942123413e-01,2.136759907007217407e-01,4.404863808304071426e-03
1.322914212942123413e-01,2.136759907007217407e-01,4.404863808304071426e-03
1.322308778762817383e-01,2.140117287635803223e-01,4.263273440301418304e-03
1.322308778762817383e-01,2.140117287635803223e-01,4.263273440301418304e-03
1.321698427200317383e-01,2.143482118844985962e-01,4.121528007090091705e-03
1.321698427200317383e-01,2.143482118844985962e-01,4.121528007090091705e-03
1.321083307266235352e-01,2.146854102611541748e-01,3.979625180363655090e-03
1.321083307266235352e-01,2.146854102611541748e-01,3.979625180363655090e-03
1.320463269948959351e-01,2.150233536958694458e-01,3.837565425783395767e-03
1.320463269948959351e-01,2.150233536958694458e-01,3.837565425783395767e-03
1.319838315248489380e-01,2.153620421886444092e-01,3.695355961099267006e-03
1.319838315248489380e-01,2.153620421886444092e-01,3.695355961099267006e-03
1.319208592176437378e-01,2.157014459371566772e-01,3.552994923666119576e-03
1.319208592176437378e-01,2.157014459371566772e-01,3.552994923666119576e-03
1.318573802709579468e-01,2.160416245460510254e-01,3.410480916500091553e-03
1.318573802709579468e-01,2.160416245460510254e-01,3.410480916500091553e-03
1.317934095859527588e-01,2.163825482130050659e-01,3.267819527536630630e-03
1.317934095859527588e-01,2.163825482130050659e-01,3.267819527536630630e-03
1.317289620637893677e-01,2.167241871356964111e-01,3.125008894130587578e-03
1.317289620637893677e-01,2.167241871356964111e-01,3.125008894130587578e-03
1.316640228033065796e-01,2.170666158199310303e-01,2.982052741572260857e-03
1.316640228033065796e-01,2.170666158199310303e-01,2.982052741572260857e-03
1.315985769033432007e-01,2.174097895622253418e-01,2.838955027982592583e-03
1.315985769033432007e-01,2.174097895622253418e-01,2.838955027982592583e-03
1.315326392650604248e-01,2.177537232637405396e-01,2.695710863918066025e-03
1.315326392650604248e-01,2.177537232637405396e-01,2.695710863918066025e-03
1.314662098884582520e-01,2.180984169244766235e-01,2.552327234297990799e-03
1.314662098884582520e-01,2.180984169244766235e-01,2.552327234297990799e-03
1.313992887735366821e-01,2.184438705444335938e-01,2.408802742138504982e-03
1.313992887735366821e-01,2.184438705444335938e-01,2.408802742138504982e-03
1.313318610191345215e-01,2.187901139259338379e-01,2.265138551592826843e-03
1.313318610191345215e-01,2.187901139259338379e-01,2.265138551592826843e-03
1.312639266252517700e-01,2.191371172666549683e-01,2.121339319273829460e-03
1.312639266252517700e-01,2.191371172666549683e-01,2.121339319273829460e-03
1.311955004930496216e-01,2.194848954677581787e-01,1.977402484044432640e-03
1.311955004930496216e-01,2.194848954677581787e-01,1.977402484044432640e-03
1.311265826225280762e-01,2.198334485292434692e-01,1.833332702517509460e-03
1.311265826225280762e-01,2.198334485292434692e-01,1.833332702517509460e-03
1.310571581125259399e-01,2.201827615499496460e-01,1.689132070168852806e-03
1.310571581125259399e-01,2.201827615499496460e-01,1.689132070168852806e-03
1.309872269630432129e-01,2.205328792333602905e-01,1.544796163216233253e-03
1.309872269630432129e-01,2.205328792333602905e-01,1.544796163216233253e-03
1.309168040752410889e-01,2.208837866783142090e-01,1.400332665070891380e-03
1.309168040752410889e-01,2.208837866783142090e-01,1.400332665070891380e-03
1.308458596467971802e-01,2.212354838848114014e-01,1.255742739886045456e-03
1.308458596467971802e-01,2.212354838848114014e-01,1.255742739886045456e-03
1.307744234800338745e-01,2.215879559516906738e-01,1.111023128032684326e-03
1.307744234800338745e-01,2.215879559516906738e-01,1.111023128032684326e-03
1.307024806737899780e-01,2.219412475824356079e-01,9.661791846156120300e-04
1.307024806737899780e-01,2.219412475824356079e-01,9.661791846156120300e-04
1.306300312280654907e-01,2.222953140735626221e-01,8.212131797336041927e-04
1.306300312280654907e-01,2.222953140735626221e-01,8.212131797336041927e-04
1.305570751428604126e-01,2.226502001285552979e-01,6.761229597032070160e-04
1.305570751428604126e-01,2.226502001285552979e-01,6.761229597032070160e-04
1.304835975170135498e-01,2.230058908462524414e-01,5.309139960445463657e-04
1.304835975170135498e-01,2.230058908462524414e-01,5.309139960445463657e-04
1.304096281528472900e-01,2.233623713254928589e-01,3.855818940792232752e-04
1.304096281528472900e-01,2.233623713254928589e-01,3.855818940792232752e-04
1.303351223468780518e-01,2.237196862697601318e-01,2.401365345576778054e-04
1.303351223468780518e-01,2.237196862697601318e-01,2.401365345576778054e-04
1.302601248025894165e-01,2.240777760744094849e-01,9.457241685595363379e-05
1.302601248025894165e-01,2.240777760744094849e-01,9.457241685595363379e-05
1.301846206188201904e-01,2.244367152452468872e-01,-5.110715210321359336e-05
1.301846206188201904e-01,2.244367152452468872e-01,-5.110715210321359336e-05
1.301085948944091797e-01,2.247964888811111450e-01,-1.969010772882029414e-04
1.301085948944091797e-01,2.247964888811111450e-01,-1.969010772882029414e-04
1.300320625305175781e-01,2.251570671796798706e-01,-3.428038617130368948e-04
1.300320625305175781e-01,2.251570671796798706e-01,-3.428038617130368948e-04
1.299549937248229980e-01,2.255184650421142578e-01,-4.888199036940932274e-04
1.299549937248229980e-01,2.255184650421142578e-01,-4.888199036940932274e-04
1.298774331808090210e-01,2.258806973695755005e-01,-6.349425530061125755e-04
1.298774331808090210e-01,2.258806973695755005e-01,-6.349425530061125755e-04
1.297993361949920654e-01,2.262437343597412109e-01,-7.811741088517010212e-04
1.297993361949920654e-01,2.262437343597412109e-01,-7.811741088517010212e-04
1.297207325696945190e-01,2.266076654195785522e-01,-9.275134070776402950e-04
1.297207325696945190e-01,2.266076654195785522e-01,-9.275134070776402950e-04
1.296416074037551880e-01,2.269724011421203613e-01,-1.073952764272689819e-03
1.296416074037551880e-01,2.269724011421203613e-01,-1.073952764272689819e-03
1.295619606971740723e-01,2.273379564285278320e-01,-1.220496604219079018e-03
1.295619606971740723e-01,2.273379564285278320e-01,-1.220496604219079018e-03
1.294818073511123657e-01,2.277043908834457397e-01,-1.367144868709146976e-03
1.294818073511123657e-01,2.277043908834457397e-01,-1.367144868709146976e-03
1.294011026620864868e-01,2.280716598033905029e-01,-1.513889874331653118e-03
1.294011026620864868e-01,2.280716598033905029e-01,-1.513889874331653118e-03
1.293199062347412109e-01,2.284397780895233154e-01,-1.660734997130930424e-03
1.293199062347412109e-01,2.284397780895233154e-01,-1.660734997130930424e-03
1.292381733655929565e-01,2.288087606430053711e-01,-1.807679072953760624e-03
1.292381733655929565e-01,2.288087606430053711e-01,-1.807679072953760624e-03
1.291559040546417236e-01,2.291785776615142822e-01,-1.954715466126799583e-03
1.291559040546417236e-01,2.291785776615142822e-01,-1.954715466126799583e-03
1.290731281042098999e-01,2.295492589473724365e-01,-2.101847669109702110e-03
1.290731281042098999e-01,2.295492589473724365e-01,-2.101847669109702110e-03
1.289898306131362915e-01,2.299208194017410278e-01,-2.249074168503284454e-03
1.289898306131362915e-01,2.299208194017410278e-01,-2.249074168503284454e-03
1.289059817790985107e-01,2.302932292222976685e-01,-2.396389842033386230e-03
1.289059817790985107e-01,2.302932292222976685e-01,-2.396389842033386230e-03
1.288216114044189453e-01,2.306665033102035522e-01,-2.543794689700007439e-03
1.288216114044189453e-01,2.306665033102035522e-01,-2.543794689700007439e-03
1.287367343902587891e-01,2.310406416654586792e-01,-2.691288478672504425e-03
1.287367343902587891e-01,2.310406416654586792e-01,-2.691288478672504425e-03
1.286512911319732666e-01,2.314156740903854370e-01,-2.838868182152509689e-03
1.286512911319732666e-01,2.314156740903854370e-01,-2.838868182152509689e-03
1.285653412342071533e-01,2.317916005849838257e-01,-2.986535662785172462e-03
1.285653412342071533e-01,2.317916005849838257e-01,-2.986535662785172462e-03
1.284788548946380615e-01,2.321683764457702637e-01,-3.134285798296332359e-03
1.284788548946380615e-01,2.321683764457702637e-01,-3.134285798296332359e-03
1.283918321132659912e-01,2.325460463762283325e-01,-3.282117191702127457e-03
1.283918321132659912e-01,2.325460463762283325e-01,-3.282117191702127457e-03
1.283042877912521362e-01,2.329245954751968384e-01,-3.430029843002557755e-03
1.283042877912521362e-01,2.329245954751968384e-01,-3.430029843002557755e-03
1.282161921262741089e-01,2.333040237426757812e-01,-3.578021889552474022e-03
1.282161921262741089e-01,2.333040237426757812e-01,-3.578021889552474022e-03
1.281275749206542969e-01,2.336843758821487427e-01,-3.726094029843807220e-03
1.281275749206542969e-01,2.336843758821487427e-01,-3.726094029843807220e-03
1.280384063720703125e-01,2.340655922889709473e-01,-3.874238813295960426e-03
1.280384063720703125e-01,2.340655922889709473e-01,-3.874238813295960426e-03
1.279487162828445435e-01,2.344477325677871704e-01,-4.022462759166955948e-03
1.279487162828445435e-01,2.344477325677871704e-01,-4.022462759166955948e-03
1.278584748506546021e-01,2.348307669162750244e-01,-4.170756787061691284e-03
1.278584748506546021e-01,2.348307669162750244e-01,-4.170756787061691284e-03
1.277676969766616821e-01,2.352147251367568970e-01,-4.319126252084970474e-03
1.277676969766616821e-01,2.352147251367568970e-01,-4.319126252084970474e-03
1.276763826608657837e-01,2.355995476245880127e-01,-4.467562306672334671e-03
1.276763826608657837e-01,2.355995476245880127e-01,-4.467562306672334671e-03
1.275845319032669067e-01,2.359853237867355347e-01,-4.616071004420518875e-03
1.275845319032669067e-01,2.359853237867355347e-01,-4.616071004420518875e-03
1.274921447038650513e-01,2.363719791173934937e-01,-4.764642100781202316e-03
1.274921447038650513e-01,2.363719791173934937e-01,-4.764642100781202316e-03
1.273992061614990234e-01,2.367595732212066650e-01,-4.913283977657556534e-03
1.273992061614990234e-01,2.367595732212066650e-01,-4.913283977657556534e-03
1.273057162761688232e-01,2.371480762958526611e-01,-5.061988718807697296e-03
1.273057162761688232e-01,2.371480762958526611e-01,-5.061988718807697296e-03
1.272116750478744507e-01,2.375374883413314819e-01,-5.210755858570337296e-03
1.272116750478744507e-01,2.375374883413314819e-01,-5.210755858570337296e-03
1.271170973777770996e-01,2.379278391599655151e-01,-5.359586328268051147e-03
1.271170973777770996e-01,2.379278391599655151e-01,-5.359586328268051147e-03
1.270219832658767700e-01,2.383191436529159546e-01,-5.508475471287965775e-03
1.270219832658767700e-01,2.383191436529159546e-01,-5.508475471287965775e-03
1.269263178110122681e-01,2.387113571166992188e-01,-5.657425150275230408e-03
1.269263178110122681e-01,2.387113571166992188e-01,-5.657425150275230408e-03
1.268300861120223999e-01,2.391044944524765015e-01,-5.806431174278259277e-03
1.268300861120223999e-01,2.391044944524765015e-01,-5.806431174278259277e-03
1.267333179712295532e-01,2.394985854625701904e-01,-5.955490749329328537e-03
1.267333179712295532e-01,2.394985854625701904e-01,-5.955490749329328537e-03
1.266360133886337280e-01,2.398936152458190918e-01,-6.104608532041311264e-03
1.266360133886337280e-01,2.398936152458190918e-01,-6.104608532041311264e-03
1.265381425619125366e-01,2.402895689010620117e-01,-6.253775674849748611e-03
1.265381425619125366e-01,2.402895689010620117e-01,-6.253775674849748611e-03
1.264397203922271729e-01,2.406865060329437256e-01,-6.402994971722364426e-03
1.264397203922271729e-01,2.406865060329437256e-01,-6.402994971722364426e-03
1.263407468795776367e-01,2.410843819379806519e-01,-6.552264560014009476e-03
1.263407468795776367e-01,2.410843819379806519e-01,-6.552264560014009476e-03
1.262412071228027344e-01,2.414831966161727905e-01,-6.701583508402109146e-03
1.262412071228027344e-01,2.414831966161727905e-01,-6.701583508402109146e-03
1.261411160230636597e-01,2.418829649686813354e-01,-6.850949022918939590e-03
1.261411160230636597e-01,2.418829649686813354e-01,-6.850949022918939590e-03
1.260404884815216064e-01,2.422837167978286743e-01,-7.000355981290340424e-03
1.260404884815216064e-01,2.422837167978286743e-01,-7.000355981290340424e-03
1.259392797946929932e-01,2.426853924989700317e-01,-7.149811368435621262e-03
1.259392797946929932e-01,2.426853924989700317e-01,-7.149811368435621262e-03
1.258375346660614014e-01,2.430880814790725708e-01,-7.299307268112897873e-03
1.258375346660614014e-01,2.430880814790725708e-01,-7.299307268112897873e-03
1.257352232933044434e-01,2.434917092323303223e-01,-7.448844145983457565e-03
1.257352232933044434e-01,2.434917092323303223e-01,-7.448844145983457565e-03
1.256323456764221191e-01,2.438962906599044800e-01,-7.598421536386013031e-03
1.256323456764221191e-01,2.438962906599044800e-01,-7.598421536386013031e-03
1.255289167165756226e-01,2.443018704652786255e-01,-7.748035248368978500e-03
1.255289167165756226e-01,2.443018704652786255e-01,-7.748035248368978500e-03
1.254249215126037598e-01,2.447084337472915649e-01,-7.897686213254928589e-03
1.254249215126037598e-01,2.447084337472915649e-01,-7.897686213254928589e-03
1.253203600645065308e-01,2.451159805059432983e-01,-8.047371171414852142e-03
1.253203600645065308e-01,2.451159805059432983e-01,-8.047371171414852142e-03
1.252152323722839355e-01,2.455244958400726318e-01,-8.197092451155185699e-03
1.252152323722839355e-01,2.455244958400726318e-01,-8.197092451155185699e-03
1.251095533370971680e-01,2.459339946508407593e-01,-8.346842601895332336e-03
1.251095533370971680e-01,2.459339946508407593e-01,-8.346842601895332336e-03
1.250033080577850342e-01,2.463444918394088745e-01,-8.496624417603015900e-03
1.250033080577850342e-01,2.463444918394088745e-01,-8.496624417603015900e-03
1.248964816331863403e-01,2.467559725046157837e-01,-8.646436966955661774e-03
1.248964816331863403e-01,2.467559725046157837e-01,-8.646436966955661774e-03
1.247891038656234741e-01,2.471684664487838745e-01,-8.796275593340396881e-03
1.247891038656234741e-01,2.471684664487838745e-01,-8.796275593340396881e-03
1.246811673045158386e-01,2.475819587707519531e-01,-8.946142159402370453e-03
1.246811673045158386e-01,2.475819587707519531e-01,-8.946142159402370453e-03
1.245726346969604492e-01,2.479964047670364380e-01,-9.096030145883560181e-03
1.245726346969604492e-01,2.479964047670364380e-01,-9.096030145883560181e-03
1.244635432958602905e-01,2.484118938446044922e-01,-9.245944209396839142e-03
1.244635432958602905e-01,2.484118938446044922e-01,-9.245944209396839142e-03
1.243538856506347656e-01,2.488284111022949219e-01,-9.395876899361610413e-03
1.243538856506347656e-01,2.488284111022949219e-01,-9.395876899361610413e-03
1.242436468601226807e-01,2.492458969354629517e-01,-9.545832872390747070e-03
1.242436468601226807e-01,2.492458969354629517e-01,-9.545832872390747070e-03
1.241328492760658264e-01,2.496644109487533569e-01,-9.695806540548801422e-03
1.241328492760658264e-01,2.496644109487533569e-01,-9.695806540548801422e-03
1.240214705467224121e-01,2.500839531421661377e-01,-9.845795109868049622e-03
1.240214705467224121e-01,2.500839531421661377e-01,-9.845795109868049622e-03
1.239095106720924377e-01,2.505044937133789062e-01,-9.995802305638790131e-03
1.239095106720924377e-01,2.505044937133789062e-01,-9.995802305638790131e-03
1.237969845533370972e-01,2.509260773658752441e-01,-1.014582067728042603e-02
1.237969845533370972e-01,2.509260773658752441e-01,-1.014582067728042603e-02
1.236838623881340027e-01,2.513486742973327637e-01,-1.029585674405097961e-02
1.236838623881340027e-01,2.513486742973327637e-01,-1.029585674405097961e-02
1.235701963305473328e-01,2.517723143100738525e-01,-1.044590026140213013e-02
1.235701963305473328e-01,2.517723143100738525e-01,-1.044590026140213013e-02
1.234559267759323120e-01,2.521969676017761230e-01,-1.059595402330160141e-02
1.234559267759323120e-01,2.521969676017761230e-01,-1.059595402330160141e-02
1.233410835266113281e-01,2.526226639747619629e-01,-1.074601709842681885e-02
1.233410835266113281e-01,2.526226639747619629e-01,-1.074601709842681885e-02
1.232256740331649780e-01,2.530494034290313721e-01,-1.089608762413263321e-02
1.232256740331649780e-01,2.530494034290313721e-01,-1.089608762413263321e-02
1.231096684932708740e-01,2.534771561622619629e-01,-1.104616187512874603e-02
1.231096684932708740e-01,2.534771561622619629e-01,-1.104616187512874603e-02
1.229930818080902100e-01,2.539059817790985107e-01,-1.119624171406030655e-02
1.229930818080902100e-01,2.539059817790985107e-01,-1.119624171406030655e-02
1.228759214282035828e-01,2.543358504772186279e-01,-1.134632341563701630e-02
1.228759214282035828e-01,2.543358504772186279e-01,-1.134632341563701630e-02
1.227581650018692017e-01,2.547667622566223145e-01,-1.149640604853630066e-02
1.227581650018692017e-01,2.547667622566223145e-01,-1.149640604853630066e-02
1.226398348808288574e-01,2.551987469196319580e-01,-1.164648868143558502e-02
1.226398348808288574e-01,2.551987469196319580e-01,-1.164648868143558502e-02
1.225209236145019531e-01,2.556317746639251709e-01,-1.179656852036714554e-02
1.225209236145019531e-01,2.556317746639251709e-01,-1.179656852036714554e-02
1.224014088511466980e-01,2.560658752918243408e-01,-1.194664370268583298e-02
1.224014088511466980e-01,2.560658752918243408e-01,-1.194664370268583298e-02
1.222813129425048828e-01,2.565010190010070801e-01,-1.209671609103679657e-02
1.222813129425048828e-01,2.565010190010070801e-01,-1.209671609103679657e-02
1.221606433391571045e-01,2.569372057914733887e-01,-1.224678196012973785e-02
1.221606433391571045e-01,2.569372057914733887e-01,-1.224678196012973785e-02
1.220393553376197815e-01,2.573744952678680420e-01,-1.239684037864208221e-02
1.220393553376197815e-01,2.573744952678680420e-01,-1.239684037864208221e-02
1.219175010919570923e-01,2.578128278255462646e-01,-1.254688668996095657e-02
1.219175010919570923e-01,2.578128278255462646e-01,-1.254688668996095657e-02
1.217950433492660522e-01,2.582522630691528320e-01,-1.269692368805408478e-02
1.217950433492660522e-01,2.582522630691528320e-01,-1.269692368805408478e-02
1.216719895601272583e-01,2.586927413940429688e-01,-1.284694671630859375e-02
1.216719895601272583e-01,2.586927413940429688e-01,-1.284694671630859375e-02
1.215483546257019043e-01,2.591343224048614502e-01,-1.299695950001478195e-02
1.215483546257019043e-01,2.591343224048614502e-01,-1.299695950001478195e-02
1.214241236448287964e-01,2.595769762992858887e-01,-1.314695272594690323e-02
1.214241236448287964e-01,2.595769762992858887e-01,-1.314695272594690323e-02
1.212993040680885315e-01,2.600207626819610596e-01,-1.329693384468555450e-02
1.212993040680885315e-01,2.600207626819610596e-01,-1.329693384468555450e-02
1.211738735437393188e-01,2.604655921459197998e-01,-1.344689447432756424e-02
1.211738735437393188e-01,2.604655921459197998e-01,-1.344689447432756424e-02
1.210478618741035461e-01,2.609114944934844971e-01,-1.359683554619550705e-02
1.210478618741035461e-01,2.609114944934844971e-01,-1.359683554619550705e-02
1.209212467074394226e-01,2.613585293292999268e-01,-1.374675426632165909e-02
1.209212467074394226e-01,2.613585293292999268e-01,-1.374675426632165909e-02
1.207940280437469482e-01,2.618066668510437012e-01,-1.389665063470602036e-02
1.207940280437469482e-01,2.618066668510437012e-01,-1.389665063470602036e-02
1.206661984324455261e-01,2.622558772563934326e-01,-1.404652372002601624e-02
1.206661984324455261e-01,2.622558772563934326e-01,-1.404652372002601624e-02
1.205377876758575439e-01,2.627061903476715088e-01,-1.419637072831392288e-02
1.205377876758575439e-01,2.627061903476715088e-01,-1.419637072831392288e-02
1.204087808728218079e-01,2.631576657295227051e-01,-1.434618979692459106e-02
1.204087808728218079e-01,2.631576657295227051e-01,-1.434618979692459106e-02
1.202791556715965271e-01,2.636101841926574707e-01,-1.449598092585802078e-02
1.202791556715965271e-01,2.636101841926574707e-01,-1.449598092585802078e-02
1.201489344239234924e-01,2.640638649463653564e-01,-1.464574132114648819e-02
1.201489344239234924e-01,2.640638649463653564e-01,-1.464574132114648819e-02
1.200181171298027039e-01,2.645186483860015869e-01,-1.479547191411256790e-02
1.200181171298027039e-01,2.645186483860015869e-01,-1.479547191411256790e-02
1.198866814374923706e-01,2.649745345115661621e-01,-1.494516711682081223e-02
1.198866814374923706e-01,2.649745345115661621e-01,-1.494516711682081223e-02
1.197546273469924927e-01,2.654315531253814697e-01,-1.509482786059379578e-02
1.197546273469924927e-01,2.654315531253814697e-01,-1.509482786059379578e-02
1.196219846606254578e-01,2.658897042274475098e-01,-1.524445414543151855e-02
1.196219846606254578e-01,2.658897042274475098e-01,-1.524445414543151855e-02
1.194887310266494751e-01,2.663489878177642822e-01,-1.539404317736625671e-02
1.194887310266494751e-01,2.663489878177642822e-01,-1.539404317736625671e-02
1.193548664450645447e-01,2.668093740940093994e-01,-1.554359309375286102e-02
1.193548664450645447e-01,2.668093740940093994e-01,-1.554359309375286102e-02
1.192204058170318604e-01,2.672709226608276367e-01,-1.569310016930103302e-02
1.192204058170318604e-01,2.672709226608276367e-01,-1.569310016930103302e-02
1.190853193402290344e-01,2.677335739135742188e-01,-1.584256626665592194e-02
1.190853193402290344e-01,2.677335739135742188e-01,-1.584256626665592194e-02
1.189496219158172607e-01,2.681974172592163086e-01,-1.599199138581752777e-02
1.189496219158172607e-01,2.681974172592163086e-01,-1.599199138581752777e-02
1.188133284449577332e-01,2.686623632907867432e-01,-1.614137180149555206e-02
1.188133284449577332e-01,2.686623632907867432e-01,-1.614137180149555206e-02
1.186764016747474670e-01,2.691284716129302979e-01,-1.629070378839969635e-02
1.186764016747474670e-01,2.691284716129302979e-01,-1.629070378839969635e-02
1.185388565063476562e-01,2.695957422256469727e-01,-1.643998734652996063e-02
1.185388565063476562e-01,2.695957422256469727e-01,-1.643998734652996063e-02
1.184007227420806885e-01,2.700641453266143799e-01,-1.658922247588634491e-02
1.184007227420806885e-01,2.700641453266143799e-01,-1.658922247588634491e-02
1.182619482278823853e-01,2.705337107181549072e-01,-1.673840731382369995e-02
1.182619482278823853e-01,2.705337107181549072e-01,-1.673840731382369995e-02
1.181225627660751343e-01,2.710044384002685547e-01,-1.688753813505172729e-02
1.181225627660751343e-01,2.710044384002685547e-01,-1.688753813505172729e-02
1.179825663566589355e-01,2.714763283729553223e-01,-1.703661493957042694e-02
1.179825663566589355e-01,2.714763283729553223e-01,-1.703661493957042694e-02
1.178419440984725952e-01,2.719493806362152100e-01,-1.718563772737979889e-02
1.178419440984725952e-01,2.719493806362152100e-01,-1.718563772737979889e-02
1.177007034420967102e-01,2.724235951900482178e-01,-1.733460463583469391e-02
1.177007034420967102e-01,2.724235951900482178e-01,-1.733460463583469391e-02
1.175588518381118774e-01,2.728989720344543457e-01,-1.748351193964481354e-02
1.175588518381118774e-01,2.728989720344543457e-01,-1.748351193964481354e-02
1.174163669347763062e-01,2.733755409717559814e-01,-1.763236150145530701e-02
1.174163669347763062e-01,2.733755409717559814e-01,-1.763236150145530701e-02
1.172732636332511902e-01,2.738533020019531250e-01,-1.778114773333072662e-02
1.172732636332511902e-01,2.738533020019531250e-01,-1.778114773333072662e-02
1.171295344829559326e-01,2.743322253227233887e-01,-1.792987249791622162e-02
1.171295344829559326e-01,2.743322253227233887e-01,-1.792987249791622162e-02
1.169851645827293396e-01,2.748123109340667725e-01,-1.807853020727634430e-02
1.169851645827293396e-01,2.748123109340667725e-01,-1.807853020727634430e-02
1.168401986360549927e-01,2.752936184406280518e-01,-1.822712644934654236e-02
1.168401986360549927e-01,2.752936184406280518e-01,-1.822712644934654236e-02
1.166945844888687134e-01,2.757760882377624512e-01,-1.837565377354621887e-02
1.166945844888687134e-01,2.757760882377624512e-01,-1.837565377354621887e-02
1.165483519434928894e-01,2.762597501277923584e-01,-1.852411217987537384e-02
1.165483519434928894e-01,2.762597501277923584e-01,-1.852411217987537384e-02
1.164015084505081177e-01,2.767446339130401611e-01,-1.867250353097915649e-02
1.164015084505081177e-01,2.767446339130401611e-01,-1.867250353097915649e-02
1.162540093064308167e-01,2.772306799888610840e-01,-1.882081851363182068e-02
1.162540093064308167e-01,2.772306799888610840e-01,-1.882081851363182068e-02
1.161058917641639709e-01,2.777179479598999023e-01,-1.896906085312366486e-02
1.161058917641639709e-01,2.777179479598999023e-01,-1.896906085312366486e-02
1.159571334719657898e-01,2.782064080238342285e-01,-1.911723241209983826e-02
1.159571334719657898e-01,2.782064080238342285e-01,-1.911723241209983826e-02
1.158077493309974670e-01,2.786960899829864502e-01,-1.926532387733459473e-02
1.158077493309974670e-01,2.786960899829864502e-01,-1.926532387733459473e-02
1.156577318906784058e-01,2.791869938373565674e-01,-1.941334083676338196e-02
1.156577318906784058e-01,2.791869938373565674e-01,-1.941334083676338196e-02
1.155070886015892029e-01,2.796790897846221924e-01,-1.956127956509590149e-02
1.155070886015892029e-01,2.796790897846221924e-01,-1.956127956509590149e-02
1.153558045625686646e-01,2.801724076271057129e-01,-1.970913819968700409e-02
1.153558045625686646e-01,2.801724076271057129e-01,-1.970913819968700409e-02
1.152038872241973877e-01,2.806669175624847412e-01,-1.985691487789154053e-02
1.152038872241973877e-01,2.806669175624847412e-01,-1.985691487789154053e-02
1.150513216853141785e-01,2.811627089977264404e-01,-2.000460214912891388e-02
1.150513216853141785e-01,2.811627089977264404e-01,-2.000460214912891388e-02
1.148981302976608276e-01,2.816596627235412598e-01,-2.015220932662487030e-02
1.148981302976608276e-01,2.816596627235412598e-01,-2.015220932662487030e-02
1.147442981600761414e-01,2.821578979492187500e-01,-2.029973268508911133e-02
1.147442981600761414e-01,2.821578979492187500e-01,-2.029973268508911133e-02
1.145898252725601196e-01,2.826573550701141357e-01,-2.044716663658618927e-02
1.145898252725601196e-01,2.826573550701141357e-01,-2.044716663658618927e-02
1.144347190856933594e-01,2.831580340862274170e-01,-2.059450931847095490e-02
1.144347190856933594e-01,2.831580340862274170e-01,-2.059450931847095490e-02
1.142789572477340698e-01,2.836599349975585938e-01,-2.074175886809825897e-02
1.142789572477340698e-01,2.836599349975585938e-01,-2.074175886809825897e-02
1.141225695610046387e-01,2.841630876064300537e-01,-2.088892087340354919e-02
1.141225695610046387e-01,2.841630876064300537e-01,-2.088892087340354919e-02
1.139655262231826782e-01,2.846674919128417969e-01,-2.103598415851593018e-02
1.139655262231826782e-01,2.846674919128417969e-01,-2.103598415851593018e-02
1.138078495860099792e-01,2.851731479167938232e-01,-2.118295989930629730e-02
1.138078495860099792e-01,2.851731479167938232e-01,-2.118295989930629730e-02
1.136495172977447510e-01,2.856800258159637451e-01,-2.132983133196830750e-02
1.136495172977447510e-01,2.856800258159637451e-01,-2.132983133196830750e-02
1.134905368089675903e-01,2.861881852149963379e-01,-2.147660963237285614e-02
1.134905368089675903e-01,2.861881852149963379e-01,-2.147660963237285614e-02
1.133309230208396912e-01,2.866975665092468262e-01,-2.162328548729419708e-02
1.133309230208396912e-01,2.866975665092468262e-01,-2.162328548729419708e-02
1.131706535816192627e-01,2.872082293033599854e-01,-2.176986075937747955e-02
1.131706535816192627e-01,2.872082293033599854e-01,-2.176986075937747955e-02
1.130097359418869019e-01,2.877201735973358154e-01,-2.191633731126785278e-02
1.130097359418869019e-01,2.877201735973358154e-01,-2.191633731126785278e-02
1.128481626510620117e-01,2.882333695888519287e-01,-2.206270396709442139e-02
1.128481626510620117e-01,2.882333695888519287e-01,-2.206270396709442139e-02
1.126859486103057861e-01,2.887478172779083252e-01,-2.220896817743778229e-02
1.126859486103057861e-01,2.887478172779083252e-01,-2.220896817743778229e-02
1.125230789184570312e-01,2.892635464668273926e-01,-2.235512621700763702e-02
1.125230789184570312e-01,2.892635464668273926e-01,-2.235512621700763702e-02
1.123595535755157471e-01,2.897805273532867432e-01,-2.250117436051368713e-02
1.123595535755157471e-01,2.897805273532867432e-01,-2.250117436051368713e-02
1.121953874826431274e-01,2.902988195419311523e-01,-2.264711074531078339e-02
1.121953874826431274e-01,2.902988195419311523e-01,-2.264711074531078339e-02
1.120305508375167847e-01,2.908183634281158447e-01,-2.279293537139892578e-02
1.120305508375167847e-01,2.908183634281158447e-01,-2.279293537139892578e-02
1.118650659918785095e-01,2.913392186164855957e-01,-2.293864823877811432e-02
1.118650659918785095e-01,2.913392186164855957e-01,-2.293864823877811432e-02
1.116989254951477051e-01,2.918613255023956299e-01,-2.308424934744834900e-02
1.116989254951477051e-01,2.918613255023956299e-01,-2.308424934744834900e-02
1.115321293473243713e-01,2.923847734928131104e-01,-2.322973310947418213e-02
1.115321293473243713e-01,2.923847734928131104e-01,-2.322973310947418213e-02
1.113646849989891052e-01,2.929095029830932617e-01,-2.337509952485561371e-02
1.113646849989891052e-01,2.929095029830932617e-01,-2.337509952485561371e-02
1.111965626478195190e-01,2.934354841709136963e-01,-2.352034673094749451e-02
1.111965626478195190e-01,2.934354841709136963e-01,-2.352034673094749451e-02
1.110277846455574036e-01,2.939628064632415771e-01,-2.366547286510467529e-02
1.110277846455574036e-01,2.939628064632415771e-01,-2.366547286510467529e-02
1.108583584427833557e-01,2.944913804531097412e-01,-2.381047606468200684e-02
1.108583584427833557e-01,2.944913804531097412e-01,-2.381047606468200684e-02
1.106882542371749878e-01,2.950212955474853516e-01,-2.395535819232463837e-02
1.106882542371749878e-01,2.950212955474853516e-01,-2.395535819232463837e-02
1.105175018310546875e-01,2.955524921417236328e-01,-2.410011366009712219e-02
1.105175018310546875e-01,2.955524921417236328e-01,-2.410011366009712219e-02
1.103460863232612610e-01,2.960850298404693604e-01,-2.424474619328975677e-02
1.103460863232612610e-01,2.960850298404693604e-01,-2.424474619328975677e-02
1.101739928126335144e-01,2.966188788414001465e-01,-2.438924834132194519e-02
1.101739928126335144e-01,2.966188788414001465e-01,-2.438924834132194519e-02
1.100012362003326416e-01,2.971540093421936035e-01,-2.453362010419368744e-02
1.100012362003326416e-01,2.971540093421936035e-01,-2.453362010419368744e-02
1.098278239369392395e-01,2.976904809474945068e-01,-2.467786706984043121e-02
1.098278239369392395e-01,2.976904809474945068e-01,-2.467786706984043121e-02
1.096537411212921143e-01,2.982282936573028564e-01,-2.482197619974613190e-02
1.096537411212921143e-01,2.982282936573028564e-01,-2.482197619974613190e-02
1.094789877533912659e-01,2.987674176692962646e-01,-2.496595121920108795e-02
1.094789877533912659e-01,2.987674176692962646e-01,-2.496595121920108795e-02
1.093035563826560974e-01,2.993078231811523438e-01,-2.510979212820529938e-02
1.093035563826560974e-01,2.993078231811523438e-01,-2.510979212820529938e-02
1.091274619102478027e-01,2.998496294021606445e-01,-2.525349706411361694e-02
1.091274619102478027e-01,2.998496294021606445e-01,-2.525349706411361694e-02
1.089507117867469788e-01,3.003927469253540039e-01,-2.539706602692604065e-02
1.089507117867469788e-01,3.003927469253540039e-01,-2.539706602692604065e-02
1.087732613086700439e-01,3.009371757507324219e-01,-2.554048970341682434e-02
1.087732613086700439e-01,3.009371757507324219e-01,-2.554048970341682434e-02
1.085951551795005798e-01,3.014829754829406738e-01,-2.568377554416656494e-02
1.085951551795005798e-01,3.014829754829406738e-01,-2.568377554416656494e-02
1.084163784980773926e-01,3.020301461219787598e-01,-2.582691982388496399e-02
1.084163784980773926e-01,3.020301461219787598e-01,-2.582691982388496399e-02
1.082369238138198853e-01,3.025786280632019043e-01,-2.596992067992687225e-02
1.082369238138198853e-01,3.025786280632019043e-01,-2.596992067992687225e-02
1.080567911267280579e-01,3.031284213066101074e-01,-2.611277438700199127e-02
1.080567911267280579e-01,3.031284213066101074e-01,-2.611277438700199127e-02
1.078759878873825073e-01,3.036796152591705322e-01,-2.625548094511032104e-02
1.078759878873825073e-01,3.036796152591705322e-01,-2.625548094511032104e-02
1.076944991946220398e-01,3.042321205139160156e-01,-2.639804035425186157e-02
1.076944991946220398e-01,3.042321205139160156e-01,-2.639804035425186157e-02
1.075123250484466553e-01,3.047860264778137207e-01,-2.654044702649116516e-02
1.075123250484466553e-01,3.047860264778137207e-01,-2.654044702649116516e-02
1.073294952511787415e-01,3.053413331508636475e-01,-2.668270654976367950e-02
1.073294952511787415e-01,3.053413331508636475e-01,-2.668270654976367950e-02
1.071459650993347168e-01,3.058979213237762451e-01,-2.682480961084365845e-02
1.071459650993347168e-01,3.058979213237762451e-01,-2.682480961084365845e-02
1.069617643952369690e-01,3.064559400081634521e-01,-2.696675807237625122e-02
1.069617643952369690e-01,3.064559400081634521e-01,-2.696675807237625122e-02
1.067768782377243042e-01,3.070152699947357178e-01,-2.710855193436145782e-02
1.067768782377243042e-01,3.070152699947357178e-01,-2.710855193436145782e-02
1.065912991762161255e-01,3.075760304927825928e-01,-2.725018933415412903e-02
1.065912991762161255e-01,3.075760304927825928e-01,-2.725018933415412903e-02
1.064050570130348206e-01,3.081381618976593018e-01,-2.739166654646396637e-02
1.064050570130348206e-01,3.081381618976593018e-01,-2.739166654646396637e-02
1.062181144952774048e-01,3.087016344070434570e-01,-2.753298357129096985e-02
1.062181144952774048e-01,3.087016344070434570e-01,-2.753298357129096985e-02
1.060304865241050720e-01,3.092664778232574463e-01,-2.767414040863513947e-02
1.060304865241050720e-01,3.092664778232574463e-01,-2.767414040863513947e-02
1.058421805500984192e-01,3.098327815532684326e-01,-2.781513333320617676e-02
1.058421805500984192e-01,3.098327815532684326e-01,-2.781513333320617676e-02
1.056531816720962524e-01,3.104004263877868652e-01,-2.795595861971378326e-02
1.056531816720962524e-01,3.104004263877868652e-01,-2.795595861971378326e-02
1.054634973406791687e-01,3.109694421291351318e-01,-2.809661999344825745e-02
1.054634973406791687e-01,3.109694421291351318e-01,-2.809661999344825745e-02
1.052731201052665710e-01,3.115398585796356201e-01,-2.823711372911930084e-02
1.052731201052665710e-01,3.115398585796356201e-01,-2.823711372911930084e-02
1.050820499658584595e-01,3.121117055416107178e-01,-2.837743982672691345e-02
1.050820499658584595e-01,3.121117055416107178e-01,-2.837743982672691345e-02
1.048902943730354309e-01,3.126849234104156494e-01,-2.851759269833564758e-02
1.048902943730354309e-01,3.126849234104156494e-01,-2.851759269833564758e-02
1.046978458762168884e-01,3.132596015930175781e-01,-2.865757606923580170e-02
1.046978458762168884e-01,3.132596015930175781e-01,-2.865757606923580170e-02
1.045047044754028320e-01,3.138356208801269531e-01,-2.879738248884677887e-02
1.045047044754028320e-01,3.138356208801269531e-01,-2.879738248884677887e-02
1.043108552694320679e-01,3.144131004810333252e-01,-2.893701568245887756e-02
1.043108552694320679e-01,3.144131004810333252e-01,-2.893701568245887756e-02
1.041163280606269836e-01,3.149919211864471436e-01,-2.907647006213665009e-02
1.041163280606269836e-01,3.149919211864471436e-01,-2.907647006213665009e-02
1.039211004972457886e-01,3.155722618103027344e-01,-2.921575121581554413e-02
1.039211004972457886e-01,3.155722618103027344e-01,-2.921575121581554413e-02
1.037251725792884827e-01,3.161539435386657715e-01,-2.935484796762466431e-02
1.037251725792884827e-01,3.161539435386657715e-01,-2.935484796762466431e-02
1.035285592079162598e-01,3.167370855808258057e-01,-2.949376776814460754e-02
1.035285592079162598e-01,3.167370855808258057e-01,-2.949376776814460754e-02
1.033312305808067322e-01,3.173215985298156738e-01,-2.963250316679477692e-02
1.033312305808067322e-01,3.173215985298156738e-01,-2.963250316679477692e-02
1.031332090497016907e-01,3.179076015949249268e-01,-2.977105230093002319e-02
1.031332090497016907e-01,3.179076015949249268e-01,-2.977105230093002319e-02
1.029344946146011353e-01,3.184950053691864014e-01,-2.990942075848579407e-02
1.029344946146011353e-01,3.184950053691864014e-01,-2.990942075848579407e-02
1.027350574731826782e-01,3.190838396549224854e-01,-3.004759922623634338e-02
1.027350574731826782e-01,3.190838396549224854e-01,-3.004759922623634338e-02
1.025349348783493042e-01,3.196741640567779541e-01,-3.018558956682682037e-02
1.025349348783493042e-01,3.196741640567779541e-01,-3.018558956682682037e-02
1.023341044783592224e-01,3.202658295631408691e-01,-3.032338991761207581e-02
1.023341044783592224e-01,3.202658295631408691e-01,-3.032338991761207581e-02
1.021325662732124329e-01,3.208590447902679443e-01,-3.046099655330181122e-02
1.021325662732124329e-01,3.208590447902679443e-01,-3.046099655330181122e-02
1.019303277134895325e-01,3.214536309242248535e-01,-3.059841319918632507e-02
1.019303277134895325e-01,3.214536309242248535e-01,-3.059841319918632507e-02
1.017273887991905212e-01,3.220496773719787598e-01,-3.073563612997531891e-02
1.017273887991905212e-01,3.220496773719787598e-01,-3.073563612997531891e-02
1.015237420797348022e-01,3.226472139358520508e-01,-3.087265975773334503e-02
1.015237420797348022e-01,3.226472139358520508e-01,-3.087265975773334503e-02
1.013193726539611816e-01,3.232461810111999512e-01,-3.100949153304100037e-02
1.013193726539611816e-01,3.232461810111999512e-01,-3.100949153304100037e-02
1.011143103241920471e-01,3.238465785980224609e-01,-3.114612400531768799e-02
1.011143103241920471e-01,3.238465785980224609e-01,-3.114612400531768799e-02
1.009085252881050110e-01,3.244484961032867432e-01,-3.128255158662796021e-02
1.009085252881050110e-01,3.244484961032867432e-01,-3.128255158662796021e-02
1.007020324468612671e-01,3.250518739223480225e-01,-3.141877800226211548e-02
1.007020324468612671e-01,3.250518739223480225e-01,-3.141877800226211548e-02
-1.786003857851028442e-01,-5.067775398492813110e-02,-9.669406712055206299e-02
-1.786003857851028442e-01,-5.067775398492813110e-02,-9.669406712055206299e-02
-1.786693334579467773e-01,-5.096313357353210449e-02,-9.619418531656265259e-02
-1.786693334579467773e-01,-5.096313357353210449e-02,-9.619418531656265259e-02
-1.787379831075668335e-01,-5.124745890498161316e-02,-9.569556266069412231e-02
-1.787379831075668335e-01,-5.124745890498161316e-02,-9.569556266069412231e-02
-1.788063347339630127e-01,-5.153075605630874634e-02,-9.519819170236587524e-02
-1.788063347339630127e-01,-5.153075605630874634e-02,-9.519819170236587524e-02
-1.788743585348129272e-01,-5.181300267577171326e-02,-9.470204263925552368e-02
-1.788743585348129272e-01,-5.181300267577171326e-02,-9.470204263925552368e-02
-1.789420694112777710e-01,-5.209421366453170776e-02,-9.420713782310485840e-02
-1.789420694112777710e-01,-5.209421366453170776e-02,-9.420713782310485840e-02
-1.790094971656799316e-01,-5.237439274787902832e-02,-9.371349215507507324e-02
-1.790094971656799316e-01,-5.237439274787902832e-02,-9.371349215507507324e-02
-1.790765970945358276e-01,-5.265352874994277954e-02,-9.322106093168258667e-02
-1.790765970945358276e-01,-5.265352874994277954e-02,-9.322106093168258667e-02
-1.791433840990066528e-01,-5.293163284659385681e-02,-9.272987395524978638e-02
-1.791433840990066528e-01,-5.293163284659385681e-02,-9.272987395524978638e-02
-1.792098879814147949e-01,-5.320870503783226013e-02,-9.223990142345428467e-02
-1.792098879814147949e-01,-5.320870503783226013e-02,-9.223990142345428467e-02
-1.792760938405990601e-01,-5.348474159836769104e-02,-9.175115823745727539e-02
-1.792760938405990601e-01,-5.348474159836769104e-02,-9.175115823745727539e-02
-1.793419569730758667e-01,-5.375975742936134338e-02,-9.126365929841995239e-02
-1.793419569730758667e-01,-5.375975742936134338e-02,-9.126365929841995239e-02
-1.794075220823287964e-01,-5.403373390436172485e-02,-9.077735990285873413e-02
-1.794075220823287964e-01,-5.403373390436172485e-02,-9.077735990285873413e-02
-1.794728189706802368e-01,-5.430668592453002930e-02,-9.029226750135421753e-02
-1.794728189706802368e-01,-5.430668592453002930e-02,-9.029226750135421753e-02
-1.795377731323242188e-01,-5.457861721515655518e-02,-8.980840444564819336e-02
-1.795377731323242188e-01,-5.457861721515655518e-02,-8.980840444564819336e-02
-1.796024292707443237e-01,-5.484952032566070557e-02,-8.932574838399887085e-02
-1.796024292707443237e-01,-5.484952032566070557e-02,-8.932574838399887085e-02
-1.796668171882629395e-01,-5.511939525604248047e-02,-8.884429186582565308e-02
-1.796668171882629395e-01,-5.511939525604248047e-02,-8.884429186582565308e-02
-1.797308474779129028e-01,-5.538824573159217834e-02,-8.836404234170913696e-02
-1.797308474779129028e-01,-5.538824573159217834e-02,-8.836404234170913696e-02
-1.797946095466613770e-01,-5.565607920289039612e-02,-8.788499981164932251e-02
-1.797946095466613770e-01,-5.565607920289039612e-02,-8.788499981164932251e-02
-1.798580586910247803e-01,-5.592288821935653687e-02,-8.740716427564620972e-02
-1.798580586910247803e-01,-5.592288821935653687e-02,-8.740716427564620972e-02
-1.799212098121643066e-01,-5.618868395686149597e-02,-8.693051338195800781e-02
-1.799212098121643066e-01,-5.618868395686149597e-02,-8.693051338195800781e-02
-1.799840778112411499e-01,-5.645346641540527344e-02,-8.645504713058471680e-02
-1.799840778112411499e-01,-5.645346641540527344e-02,-8.645504713058471680e-02
-1.800466477870941162e-01,-5.671722441911697388e-02,-8.598077297210693359e-02
-1.800466477870941162e-01,-5.671722441911697388e-02,-8.598077297210693359e-02
-1.801088899374008179e-01,-5.697996914386749268e-02,-8.550769090652465820e-02
-1.801088899374008179e-01,-5.697996914386749268e-02,-8.550769090652465820e-02
-1.801708340644836426e-01,-5.724170804023742676e-02,-8.503579348325729370e-02
-1.801708340644836426e-01,-5.724170804023742676e-02,-8.503579348325729370e-02
-1.802325099706649780e-01,-5.750243365764617920e-02,-8.456506580114364624e-02
-1.802325099706649780e-01,-5.750243365764617920e-02,-8.456506580114364624e-02
-1.802938133478164673e-01,-5.776214227080345154e-02,-8.409551531076431274e-02
-1.802938133478164673e-01,-5.776214227080345154e-02,-8.409551531076431274e-02
-1.803548783063888550e-01,-5.802084505558013916e-02,-8.362714201211929321e-02
-1.803548783063888550e-01,-5.802084505558013916e-02,-8.362714201211929321e-02
-1.804156750440597534e-01,-5.827854573726654053e-02,-8.315994590520858765e-02
-1.804156750440597534e-01,-5.827854573726654053e-02,-8.315994590520858765e-02
-1.804761141538619995e-01,-5.853522941470146179e-02,-8.269391208887100220e-02
-1.804761141538619995e-01,-5.853522941470146179e-02,-8.269391208887100220e-02
-1.805362850427627563e-01,-5.879091098904609680e-02,-8.222904801368713379e-02
-1.805362850427627563e-01,-5.879091098904609680e-02,-8.222904801368713379e-02
-1.805961579084396362e-01,-5.904558673501014709e-02,-8.176533132791519165e-02
-1.805961579084396362e-01,-5.904558673501014709e-02,-8.176533132791519165e-02
-1.806557178497314453e-01,-5.929926782846450806e-02,-8.130278438329696655e-02
-1.806557178497314453e-01,-5.929926782846450806e-02,-8.130278438329696655e-02
-1.807150095701217651e-01,-5.955194309353828430e-02,-8.084137737751007080e-02
-1.807150095701217651e-01,-5.955194309353828430e-02,-8.084137737751007080e-02
-1.807739883661270142e-01,-5.980362370610237122e-02,-8.038115501403808594e-02
-1.807739883661270142e-01,-5.980362370610237122e-02,-8.038115501403808594e-02
-1.808326691389083862e-01,-6.005429849028587341e-02,-7.992205023765563965e-02
-1.808326691389083862e-01,-6.005429849028587341e-02,-7.992205023765563965e-02
-1.808910667896270752e-01,-6.030397862195968628e-02,-7.946410775184631348e-02
-1.808910667896270752e-01,-6.030397862195968628e-02,-7.946410775184631348e-02
-1.809491664171218872e-01,-6.055266410112380981e-02,-7.900729030370712280e-02
-1.809491664171218872e-01,-6.055266410112380981e-02,-7.900729030370712280e-02
-1.810069829225540161e-01,-6.080035865306854248e-02,-7.855164259672164917e-02
-1.810069829225540161e-01,-6.080035865306854248e-02,-7.855164259672164917e-02
-1.810644716024398804e-01,-6.104704737663269043e-02,-7.809710502624511719e-02
-1.810644716024398804e-01,-6.104704737663269043e-02,-7.809710502624511719e-02
-1.811217069625854492e-01,-6.129275262355804443e-02,-7.764372974634170532e-02
-1.811217069625854492e-01,-6.129275262355804443e-02,-7.764372974634170532e-02
-1.811786144971847534e-01,-6.153747439384460449e-02,-7.719144970178604126e-02
-1.811786144971847534e-01,-6.153747439384460449e-02,-7.719144970178604126e-02
-1.812352687120437622e-01,-6.178119778633117676e-02,-7.674031704664230347e-02
-1.812352687120437622e-01,-6.178119778633117676e-02,-7.674031704664230347e-02
-1.812915951013565063e-01,-6.202393025159835815e-02,-7.629030197858810425e-02
-1.812915951013565063e-01,-6.202393025159835815e-02,-7.629030197858810425e-02
-1.813476681709289551e-01,-6.226568669080734253e-02,-7.584141194820404053e-02
-1.813476681709289551e-01,-6.226568669080734253e-02,-7.584141194820404053e-02
-1.814034283161163330e-01,-6.250645220279693604e-02,-7.539365440607070923e-02
-1.814034283161163330e-01,-6.250645220279693604e-02,-7.539365440607070923e-02
-1.814589053392410278e-01,-6.274622678756713867e-02,-7.494699209928512573e-02
-1.814589053392410278e-01,-6.274622678756713867e-02,-7.494699209928512573e-02
-1.815140694379806519e-01,-6.298503279685974121e-02,-7.450145483016967773e-02
-1.815140694379806519e-01,-6.298503279685974121e-02,-7.450145483016967773e-02
-1.815689951181411743e-01,-6.322284787893295288e-02,-7.405701279640197754e-02
-1.815689951181411743e-01,-6.322284787893295288e-02,-7.405701279640197754e-02
-1.816235929727554321e-01,-6.345969438552856445e-02,-7.361369580030441284e-02
-1.816235929727554321e-01,-6.345969438552856445e-02,-7.361369580030441284e-02
-1.816779226064682007e-01,-6.369554996490478516e-02,-7.317147403955459595e-02
-1.816779226064682007e-01,-6.369554996490478516e-02,-7.317147403955459595e-02
-1.817319393157958984e-01,-6.393043696880340576e-02,-7.273035496473312378e-02
-1.817319393157958984e-01,-6.393043696880340576e-02,-7.273035496473312378e-02
-1.817856729030609131e-01,-6.416434049606323242e-02,-7.229033112525939941e-02
-1.817856729030609131e-01,-6.416434049606323242e-02,-7.229033112525939941e-02
-1.818391531705856323e-01,-6.439727544784545898e-02,-7.185138761997222900e-02
-1.818391531705856323e-01,-6.439727544784545898e-02,-7.185138761997222900e-02
-1.818923056125640869e-01,-6.462923437356948853e-02,-7.141355425119400024e-02
-1.818923056125640869e-01,-6.462923437356948853e-02,-7.141355425119400024e-02
-1.819452047348022461e-01,-6.486022472381591797e-02,-7.097680121660232544e-02
-1.819452047348022461e-01,-6.486022472381591797e-02,-7.097680121660232544e-02
-1.819978058338165283e-01,-6.509024649858474731e-02,-7.054112851619720459e-02
-1.819978058338165283e-01,-6.509024649858474731e-02,-7.054112851619720459e-02
-1.820501536130905151e-01,-6.531929224729537964e-02,-7.010655105113983154e-02
-1.820501536130905151e-01,-6.531929224729537964e-02,-7.010655105113983154e-02
-1.821021735668182373e-01,-6.554737687110900879e-02,-6.967304646968841553e-02
-1.821021735668182373e-01,-6.554737687110900879e-02,-6.967304646968841553e-02
-1.821539103984832764e-01,-6.577449291944503784e-02,-6.924062222242355347e-02
-1.821539103984832764e-01,-6.577449291944503784e-02,-6.924062222242355347e-02
-1.822053641080856323e-01,-6.600064039230346680e-02,-6.880925595760345459e-02
-1.822053641080856323e-01,-6.600064039230346680e-02,-6.880925595760345459e-02
-1.822565495967864990e-01,-6.622582674026489258e-02,-6.837897002696990967e-02
-1.822565495967864990e-01,-6.622582674026489258e-02,-6.837897002696990967e-02
-1.823074668645858765e-01,-6.645005196332931519e-02,-6.794974952936172485e-02
-1.823074668645858765e-01,-6.645005196332931519e-02,-6.794974952936172485e-02
-1.823580712080001831e-01,-6.667332351207733154e-02,-6.752158701419830322e-02
-1.823580712080001831e-01,-6.667332351207733154e-02,-6.752158701419830322e-02
-1.824084222316741943e-01,-6.689561158418655396e-02,-6.709449738264083862e-02
-1.824084222316741943e-01,-6.689561158418655396e-02,-6.709449738264083862e-02
-1.824584752321243286e-01,-6.711696088314056396e-02,-6.666845828294754028e-02
-1.824584752321243286e-01,-6.711696088314056396e-02,-6.666845828294754028e-02
-1.825082451105117798e-01,-6.733735650777816772e-02,-6.624347716569900513e-02
-1.825082451105117798e-01,-6.733735650777816772e-02,-6.624347716569900513e-02
-1.825577318668365479e-01,-6.755677610635757446e-02,-6.581953167915344238e-02
-1.825577318668365479e-01,-6.755677610635757446e-02,-6.581953167915344238e-02
-1.826069355010986328e-01,-6.777525693178176880e-02,-6.539665162563323975e-02
-1.826069355010986328e-01,-6.777525693178176880e-02,-6.539665162563323975e-02
-1.826558858156204224e-01,-6.799278408288955688e-02,-6.497481465339660645e-02
-1.826558858156204224e-01,-6.799278408288955688e-02,-6.497481465339660645e-02
-1.827045530080795288e-01,-6.820935755968093872e-02,-6.455401331186294556e-02
-1.827045530080795288e-01,-6.820935755968093872e-02,-6.455401331186294556e-02
-1.827529072761535645e-01,-6.842498481273651123e-02,-6.413426250219345093e-02
-1.827529072761535645e-01,-6.842498481273651123e-02,-6.413426250219345093e-02
-1.828010380268096924e-01,-6.863965839147567749e-02,-6.371554732322692871e-02
-1.828010380268096924e-01,-6.863965839147567749e-02,-6.371554732322692871e-02
-1.828488409519195557e-01,-6.885337829589843750e-02,-6.329784542322158813e-02
-1.828488409519195557e-01,-6.885337829589843750e-02,-6.329784542322158813e-02
-1.828963905572891235e-01,-6.906615942716598511e-02,-6.288118660449981689e-02
-1.828963905572891235e-01,-6.906615942716598511e-02,-6.288118660449981689e-02
-1.829436570405960083e-01,-6.927800178527832031e-02,-6.246555596590042114e-02
-1.829436570405960083e-01,-6.927800178527832031e-02,-6.246555596590042114e-02
-1.829906404018402100e-01,-6.948889046907424927e-02,-6.205095350742340088e-02
-1.829906404018402100e-01,-6.948889046907424927e-02,-6.205095350742340088e-02
-1.830373555421829224e-01,-6.969884037971496582e-02,-6.163736060261726379e-02
-1.830373555421829224e-01,-6.969884037971496582e-02,-6.163736060261726379e-02
-1.830838024616241455e-01,-6.990785151720046997e-02,-6.122480332851409912e-02
-1.830838024616241455e-01,-6.990785151720046997e-02,-6.122480332851409912e-02
-1.831299662590026855e-01,-7.011590898036956787e-02,-6.081324815750122070e-02
-1.831299662590026855e-01,-7.011590898036956787e-02,-6.081324815750122070e-02
-1.831758469343185425e-01,-7.032304257154464722e-02,-6.040270254015922546e-02
-1.831758469343185425e-01,-7.032304257154464722e-02,-6.040270254015922546e-02
-1.832214593887329102e-01,-7.052923738956451416e-02,-5.999316275119781494e-02
-1.832214593887329102e-01,-7.052923738956451416e-02,-5.999316275119781494e-02
-1.832668036222457886e-01,-7.073449343442916870e-02,-5.958463624119758606e-02
-1.832668036222457886e-01,-7.073449343442916870e-02,-5.958463624119758606e-02
-1.833118647336959839e-01,-7.093881815671920776e-02,-5.917711555957794189e-02
-1.833118647336959839e-01,-7.093881815671920776e-02,-5.917711555957794189e-02
-1.833566725254058838e-01,-7.114220410585403442e-02,-5.877058953046798706e-02
-1.833566725254058838e-01,-7.114220410585403442e-02,-5.877058953046798706e-02
-1.834011822938919067e-01,-7.134466618299484253e-02,-5.836505815386772156e-02
-1.834011822938919067e-01,-7.134466618299484253e-02,-5.836505815386772156e-02
-1.834454536437988281e-01,-7.154618203639984131e-02,-5.796052888035774231e-02
-1.834454536437988281e-01,-7.154618203639984131e-02,-5.796052888035774231e-02
-1.834894269704818726e-01,-7.174678891897201538e-02,-5.755697563290596008e-02
-1.834894269704818726e-01,-7.174678891897201538e-02,-5.755697563290596008e-02
-1.835331469774246216e-01,-7.194645702838897705e-02,-5.715442076325416565e-02
-1.835331469774246216e-01,-7.194645702838897705e-02,-5.715442076325416565e-02
-1.835765689611434937e-01,-7.214520126581192017e-02,-5.675284191966056824e-02
-1.835765689611434937e-01,-7.214520126581192017e-02,-5.675284191966056824e-02
-1.836197376251220703e-01,-7.234302908182144165e-02,-5.635224655270576477e-02
-1.836197376251220703e-01,-7.234302908182144165e-02,-5.635224655270576477e-02
-1.836626529693603516e-01,-7.253991812467575073e-02,-5.595263838768005371e-02
-1.836626529693603516e-01,-7.253991812467575073e-02,-5.595263838768005371e-02
-1.837052553892135620e-01,-7.273589074611663818e-02,-5.555399134755134583e-02
-1.837052553892135620e-01,-7.273589074611663818e-02,-5.555399134755134583e-02
-1.837476491928100586e-01,-7.293094694614410400e-02,-5.515632405877113342e-02
-1.837476491928100586e-01,-7.293094694614410400e-02,-5.515632405877113342e-02
-1.837897300720214844e-01,-7.312507927417755127e-02,-5.475963279604911804e-02
-1.837897300720214844e-01,-7.312507927417755127e-02,-5.475963279604911804e-02
-1.838315576314926147e-01,-7.331829518079757690e-02,-5.436389520764350891e-02
-1.838315576314926147e-01,-7.331829518079757690e-02,-5.436389520764350891e-02
-1.838731169700622559e-01,-7.351059466600418091e-02,-5.396912619471549988e-02
-1.838731169700622559e-01,-7.351059466600418091e-02,-5.396912619471549988e-02
-1.839144229888916016e-01,-7.370197772979736328e-02,-5.357531458139419556e-02
-1.839144229888916016e-01,-7.370197772979736328e-02,-5.357531458139419556e-02
-1.839554309844970703e-01,-7.389243692159652710e-02,-5.318245664238929749e-02
-1.839554309844970703e-01,-7.389243692159652710e-02,-5.318245664238929749e-02
-1.839962005615234375e-01,-7.408199459314346313e-02,-5.279055610299110413e-02
-1.839962005615234375e-01,-7.408199459314346313e-02,-5.279055610299110413e-02
-1.840366870164871216e-01,-7.427063584327697754e-02,-5.239961296319961548e-02
-1.840366870164871216e-01,-7.427063584327697754e-02,-5.239961296319961548e-02
-1.840769052505493164e-01,-7.445836812257766724e-02,-5.200960859656333923e-02
-1.840769052505493164e-01,-7.445836812257766724e-02,-5.200960859656333923e-02
-1.841168850660324097e-01,-7.464519888162612915e-02,-5.162055417895317078e-02
-1.841168850660324097e-01,-7.464519888162612915e-02,-5.162055417895317078e-02
-1.841565817594528198e-01,-7.483112066984176636e-02,-5.123243480920791626e-02
-1.841565817594528198e-01,-7.483112066984176636e-02,-5.123243480920791626e-02
-1.841960102319717407e-01,-7.501613348722457886e-02,-5.084526538848876953e-02
-1.841960102319717407e-01,-7.501613348722457886e-02,-5.084526538848876953e-02
-1.842351704835891724e-01,-7.520024478435516357e-02,-5.045901983976364136e-02
-1.842351704835891724e-01,-7.520024478435516357e-02,-5.045901983976364136e-02
-1.842740923166275024e-01,-7.538342475891113281e-02,-5.007371306419372559e-02
-1.842740923166275024e-01,-7.538342475891113281e-02,-5.007371306419372559e-02
-1.843127310276031494e-01,-7.556573301553726196e-02,-4.968932643532752991e-02
-1.843127310276031494e-01,-7.556573301553726196e-02,-4.968932643532752991e-02
-1.843511164188385010e-01,-7.574713230133056641e-02,-4.930587485432624817e-02
-1.843511164188385010e-01,-7.574713230133056641e-02,-4.930587485432624817e-02
-1.843892484903335571e-01,-7.592763751745223999e-02,-4.892334714531898499e-02
-1.843892484903335571e-01,-7.592763751745223999e-02,-4.892334714531898499e-02
-1.844271123409271240e-01,-7.610723376274108887e-02,-4.854172468185424805e-02
-1.844271123409271240e-01,-7.610723376274108887e-02,-4.854172468185424805e-02
-1.844647079706192017e-01,-7.628593593835830688e-02,-4.816103354096412659e-02
-1.844647079706192017e-01,-7.628593593835830688e-02,-4.816103354096412659e-02
-1.845020651817321777e-01,-7.646375149488449097e-02,-4.778125509619712830e-02
-1.845020651817321777e-01,-7.646375149488449097e-02,-4.778125509619712830e-02
-1.845391243696212769e-01,-7.664066553115844727e-02,-4.740239307284355164e-02
-1.845391243696212769e-01,-7.664066553115844727e-02,-4.740239307284355164e-02
-1.845759600400924683e-01,-7.681667804718017578e-02,-4.702443256974220276e-02
-1.845759600400924683e-01,-7.681667804718017578e-02,-4.702443256974220276e-02
-1.846125125885009766e-01,-7.699181884527206421e-02,-4.664736986160278320e-02
-1.846125125885009766e-01,-7.699181884527206421e-02,-4.664736986160278320e-02
-1.846488118171691895e-01,-7.716605812311172485e-02,-4.627121984958648682e-02
-1.846488118171691895e-01,-7.716605812311172485e-02,-4.627121984958648682e-02
-1.846848726272583008e-01,-7.733940333127975464e-02,-4.589596390724182129e-02
-1.846848726272583008e-01,-7.733940333127975464e-02,-4.589596390724182129e-02
-1.847206503152847290e-01,-7.751186937093734741e-02,-4.552160575985908508e-02
-1.847206503152847290e-01,-7.751186937093734741e-02,-4.552160575985908508e-02
-1.847561746835708618e-01,-7.768344134092330933e-02,-4.514812678098678589e-02
-1.847561746835708618e-01,-7.768344134092330933e-02,-4.514812678098678589e-02
-1.847914457321166992e-01,-7.785413414239883423e-02,-4.477555677294731140e-02
-1.847914457321166992e-01,-7.785413414239883423e-02,-4.477555677294731140e-02
-1.848264932632446289e-01,-7.802393287420272827e-02,-4.440386220812797546e-02
-1.848264932632446289e-01,-7.802393287420272827e-02,-4.440386220812797546e-02
-1.848612278699874878e-01,-7.819285988807678223e-02,-4.403305426239967346e-02
-1.848612278699874878e-01,-7.819285988807678223e-02,-4.403305426239967346e-02
-1.848957538604736328e-01,-7.836090773344039917e-02,-4.366313666105270386e-02
-1.848957538604736328e-01,-7.836090773344039917e-02,-4.366313666105270386e-02
-1.849300116300582886e-01,-7.852808386087417603e-02,-4.329408332705497742e-02
-1.849300116300582886e-01,-7.852808386087417603e-02,-4.329408332705497742e-02
-1.849640160799026489e-01,-7.869435846805572510e-02,-4.292590543627738953e-02
-1.849640160799026489e-01,-7.869435846805572510e-02,-4.292590543627738953e-02
-1.849977374076843262e-01,-7.885976880788803101e-02,-4.255859553813934326e-02
-1.849977374076843262e-01,-7.885976880788803101e-02,-4.255859553813934326e-02
-1.850312352180480957e-01,-7.902430742979049683e-02,-4.219216108322143555e-02
-1.850312352180480957e-01,-7.902430742979049683e-02,-4.219216108322143555e-02
-1.850644648075103760e-01,-7.918797433376312256e-02,-4.182658344507217407e-02
-1.850644648075103760e-01,-7.918797433376312256e-02,-4.182658344507217407e-02
-1.850974559783935547e-01,-7.935075461864471436e-02,-4.146188125014305115e-02
-1.850974559783935547e-01,-7.935075461864471436e-02,-4.146188125014305115e-02
-1.851301938295364380e-01,-7.951267063617706299e-02,-4.109803214669227600e-02
-1.851301938295364380e-01,-7.951267063617706299e-02,-4.109803214669227600e-02
-1.851626932621002197e-01,-7.967370748519897461e-02,-4.073503986001014709e-02
-1.851626932621002197e-01,-7.967370748519897461e-02,-4.073503986001014709e-02
-1.851949244737625122e-01,-7.983390241861343384e-02,-4.037288948893547058e-02
-1.851949244737625122e-01,-7.983390241861343384e-02,-4.037288948893547058e-02
-1.852268874645233154e-01,-7.999321073293685913e-02,-4.001160711050033569e-02
-1.852268874645233154e-01,-7.999321073293685913e-02,-4.001160711050033569e-02
-1.852586269378662109e-01,-8.015166223049163818e-02,-3.965115919709205627e-02
-1.852586269378662109e-01,-8.015166223049163818e-02,-3.965115919709205627e-02
-1.852900981903076172e-01,-8.030923455953598022e-02,-3.929155692458152771e-02
-1.852900981903076172e-01,-8.030923455953598022e-02,-3.929155692458152771e-02
-1.853213459253311157e-01,-8.046595007181167603e-02,-3.893280029296875000e-02
-1.853213459253311157e-01,-8.046595007181167603e-02,-3.893280029296875000e-02
-1.853523254394531250e-01,-8.062180131673812866e-02,-3.857487440109252930e-02
-1.853523254394531250e-01,-8.062180131673812866e-02,-3.857487440109252930e-02
-1.853830516338348389e-01,-8.077679574489593506e-02,-3.821779042482376099e-02
-1.853830516338348389e-01,-8.077679574489593506e-02,-3.821779042482376099e-02
-1.854135245084762573e-01,-8.093092590570449829e-02,-3.786152228713035583e-02
-1.854135245084762573e-01,-8.093092590570449829e-02,-3.786152228713035583e-02
-1.854437738656997681e-01,-8.108419924974441528e-02,-3.750609979033470154e-02
-1.854437738656997681e-01,-8.108419924974441528e-02,-3.750609979033470154e-02
-1.854737401008605957e-01,-8.123662322759628296e-02,-3.715150058269500732e-02
-1.854737401008605957e-01,-8.123662322759628296e-02,-3.715150058269500732e-02
-1.855034977197647095e-01,-8.138818293809890747e-02,-3.679770976305007935e-02
-1.855034977197647095e-01,-8.138818293809890747e-02,-3.679770976305007935e-02
-1.855329871177673340e-01,-8.153889328241348267e-02,-3.644475713372230530e-02
-1.855329871177673340e-01,-8.153889328241348267e-02,-3.644475713372230530e-02
-1.855622380971908569e-01,-8.168873935937881470e-02,-3.609261289238929749e-02
-1.855622380971908569e-01,-8.168873935937881470e-02,-3.609261289238929749e-02
-1.855912506580352783e-01,-8.183775097131729126e-02,-3.574126958847045898e-02
-1.855912506580352783e-01,-8.183775097131729126e-02,-3.574126958847045898e-02
-1.856199949979782104e-01,-8.198589831590652466e-02,-3.539075702428817749e-02
-1.856199949979782104e-01,-8.198589831590652466e-02,-3.539075702428817749e-02
-1.856485158205032349e-01,-8.213321119546890259e-02,-3.504104167222976685e-02
-1.856485158205032349e-01,-8.213321119546890259e-02,-3.504104167222976685e-02
-1.856767833232879639e-01,-8.227966725826263428e-02,-3.469212725758552551e-02
-1.856767833232879639e-01,-8.227966725826263428e-02,-3.469212725758552551e-02
-1.857048124074935913e-01,-8.242527395486831665e-02,-3.434402123093605042e-02
-1.857048124074935913e-01,-8.242527395486831665e-02,-3.434402123093605042e-02
-1.857326030731201172e-01,-8.257003873586654663e-02,-3.399671241641044617e-02
-1.857326030731201172e-01,-8.257003873586654663e-02,-3.399671241641044617e-02
-1.857601553201675415e-01,-8.271396160125732422e-02,-3.365018963813781738e-02
-1.857601553201675415e-01,-8.271396160125732422e-02,-3.365018963813781738e-02
-1.857874393463134766e-01,-8.285705000162124634e-02,-3.330446779727935791e-02
-1.857874393463134766e-01,-8.285705000162124634e-02,-3.330446779727935791e-02
-1.858144849538803101e-01,-8.299928158521652222e-02,-3.295953571796417236e-02
-1.858144849538803101e-01,-8.299928158521652222e-02,-3.295953571796417236e-02
-1.858413070440292358e-01,-8.314069360494613647e-02,-3.261537849903106689e-02
-1.858413070440292358e-01,-8.314069360494613647e-02,-3.261537849903106689e-02
-1.858678758144378662e-01,-8.328125625848770142e-02,-3.227201476693153381e-02
-1.858678758144378662e-01,-8.328125625848770142e-02,-3.227201476693153381e-02
-1.858942210674285889e-01,-8.342097699642181396e-02,-3.192942962050437927e-02
-1.858942210674285889e-01,-8.342097699642181396e-02,-3.192942962050437927e-02
-1.859202980995178223e-01,-8.355987071990966797e-02,-3.158761188387870789e-02
-1.859202980995178223e-01,-8.355987071990966797e-02,-3.158761188387870789e-02
-1.859461665153503418e-01,-8.369791507720947266e-02,-3.124657459557056427e-02
-1.859461665153503418e-01,-8.369791507720947266e-02,-3.124657459557056427e-02
-1.859717667102813721e-01,-8.383514732122421265e-02,-3.090630657970905304e-02
-1.859717667102813721e-01,-8.383514732122421265e-02,-3.090630657970905304e-02
-1.859971433877944946e-01,-8.397153764963150024e-02,-3.056680597364902496e-02
-1.859971433877944946e-01,-8.397153764963150024e-02,-3.056680597364902496e-02
-1.860222667455673218e-01,-8.410710841417312622e-02,-3.022807091474533081e-02
-1.860222667455673218e-01,-8.410710841417312622e-02,-3.022807091474533081e-02
-1.860471963882446289e-01,-8.424183726310729980e-02,-2.989009395241737366e-02
-1.860471963882446289e-01,-8.424183726310729980e-02,-2.989009395241737366e-02
-1.860718727111816406e-01,-8.437574654817581177e-02,-2.955287694931030273e-02
-1.860718727111816406e-01,-8.437574654817581177e-02,-2.955287694931030273e-02
-1.860962659120559692e-01,-8.450882136821746826e-02,-2.921641431748867035e-02
-1.860962659120559692e-01,-8.450882136821746826e-02,-2.921641431748867035e-02
-1.861204653978347778e-01,-8.464106917381286621e-02,-2.888070978224277496e-02
-1.861204653978347778e-01,-8.464106917381286621e-02,-2.888070978224277496e-02
-1.861444264650344849e-01,-8.477249741554260254e-02,-2.854575030505657196e-02
-1.861444264650344849e-01,-8.477249741554260254e-02,-2.854575030505657196e-02
-1.861681491136550903e-01,-8.490311354398727417e-02,-2.821153216063976288e-02
-1.861681491136550903e-01,-8.490311354398727417e-02,-2.821153216063976288e-02
-1.861916184425354004e-01,-8.503290265798568726e-02,-2.787806466221809387e-02
-1.861916184425354004e-01,-8.503290265798568726e-02,-2.787806466221809387e-02
-1.862148642539978027e-01,-8.516187220811843872e-02,-2.754532732069492340e-02
-1.862148642539978027e-01,-8.516187220811843872e-02,-2.754532732069492340e-02
-1.862378716468811035e-01,-8.529002219438552856e-02,-2.721333317458629608e-02
-1.862378716468811035e-01,-8.529002219438552856e-02,-2.721333317458629608e-02
-1.862606704235076904e-01,-8.541735261678695679e-02,-2.688207104802131653e-02
-1.862606704235076904e-01,-8.541735261678695679e-02,-2.688207104802131653e-02
-1.862832307815551758e-01,-8.554388582706451416e-02,-2.655154652893543243e-02
-1.862832307815551758e-01,-8.554388582706451416e-02,-2.655154652893543243e-02
-1.863055378198623657e-01,-8.566957712173461914e-02,-2.622174471616744995e-02
-1.863055378198623657e-01,-8.566957712173461914e-02,-2.622174471616744995e-02
-1.863275915384292603e-01,-8.579447120428085327e-02,-2.589266188442707062e-02
-1.863275915384292603e-01,-8.579447120428085327e-02,-2.589266188442707062e-02
-1.863494515419006348e-01,-8.591855317354202271e-02,-2.556430920958518982e-02
-1.863494515419006348e-01,-8.591855317354202271e-02,-2.556430920958518982e-02
-1.863710433244705200e-01,-8.604181557893753052e-02,-2.523667179048061371e-02
-1.863710433244705200e-01,-8.604181557893753052e-02,-2.523667179048061371e-02
-1.863924413919448853e-01,-8.616430312395095825e-02,-2.490975148975849152e-02
-1.863924413919448853e-01,-8.616430312395095825e-02,-2.490975148975849152e-02
-1.864135861396789551e-01,-8.628594875335693359e-02,-2.458354085683822632e-02
-1.864135861396789551e-01,-8.628594875335693359e-02,-2.458354085683822632e-02
-1.864345371723175049e-01,-8.640678226947784424e-02,-2.425803616642951965e-02
-1.864345371723175049e-01,-8.640678226947784424e-02,-2.425803616642951965e-02
-1.864552348852157593e-01,-8.652682602405548096e-02,-2.393324673175811768e-02
-1.864552348852157593e-01,-8.652682602405548096e-02,-2.393324673175811768e-02
-1.864756941795349121e-01,-8.664607256650924683e-02,-2.360915392637252808e-02
-1.864756941795349121e-01,-8.664607256650924683e-02,-2.360915392637252808e-02
-1.864959299564361572e-01,-8.676451444625854492e-02,-2.328576333820819855e-02
-1.864959299564361572e-01,-8.676451444625854492e-02,-2.328576333820819855e-02
-1.865159422159194946e-01,-8.688215166330337524e-02,-2.296306751668453217e-02
-1.865159422159194946e-01,-8.688215166330337524e-02,-2.296306751668453217e-02
-1.865357160568237305e-01,-8.699899166822433472e-02,-2.264106832444667816e-02
-1.865357160568237305e-01,-8.699899166822433472e-02,-2.264106832444667816e-02
-1.865552514791488647e-01,-8.711502701044082642e-02,-2.231976576149463654e-02
-1.865552514791488647e-01,-8.711502701044082642e-02,-2.231976576149463654e-02
-1.865745782852172852e-01,-8.723026514053344727e-02,-2.199913933873176575e-02
-1.865745782852172852e-01,-8.723026514053344727e-02,-2.199913933873176575e-02
-1.865936815738677979e-01,-8.734471350908279419e-02,-2.167920954525470734e-02
-1.865936815738677979e-01,-8.734471350908279419e-02,-2.167920954525470734e-02
-1.866125613451004028e-01,-8.745837211608886719e-02,-2.135995402932167053e-02
-1.866125613451004028e-01,-8.745837211608886719e-02,-2.135995402932167053e-02
-1.866312175989151001e-01,-8.757124096155166626e-02,-2.104137465357780457e-02
-1.866312175989151001e-01,-8.757124096155166626e-02,-2.104137465357780457e-02
-1.866496354341506958e-01,-8.768330514430999756e-02,-2.072347328066825867e-02
-1.866496354341506958e-01,-8.768330514430999756e-02,-2.072347328066825867e-02
-1.866678446531295776e-01,-8.779459446668624878e-02,-2.040625363588333130e-02
-1.866678446531295776e-01,-8.779459446668624878e-02,-2.040625363588333130e-02
-1.866858005523681641e-01,-8.790507167577743530e-02,-2.008969150483608246e-02
-1.866858005523681641e-01,-8.790507167577743530e-02,-2.008969150483608246e-02
-1.867035478353500366e-01,-8.801478147506713867e-02,-1.977380178868770599e-02
-1.867035478353500366e-01,-8.801478147506713867e-02,-1.977380178868770599e-02
-1.867211014032363892e-01,-8.812370151281356812e-02,-1.945857331156730652e-02
-1.867211014032363892e-01,-8.812370151281356812e-02,-1.945857331156730652e-02
-1.867383867502212524e-01,-8.823183178901672363e-02,-1.914401352405548096e-02
-1.867383867502212524e-01,-8.823183178901672363e-02,-1.914401352405548096e-02
-1.867554336786270142e-01,-8.833918720483779907e-02,-1.883009821176528931e-02
-1.867554336786270142e-01,-8.833918720483779907e-02,-1.883009821176528931e-02
-1.867723017930984497e-01,-8.844574540853500366e-02,-1.851684600114822388e-02
-1.867723017930984497e-01,-8.844574540853500366e-02,-1.851684600114822388e-02
-1.867889314889907837e-01,-8.855154365301132202e-02,-1.820424012839794159e-02
-1.867889314889907837e-01,-8.855154365301132202e-02,-1.820424012839794159e-02
-1.868053525686264038e-01,-8.865654468536376953e-02,-1.789228804409503937e-02
-1.868053525686264038e-01,-8.865654468536376953e-02,-1.789228804409503937e-02
-1.868215501308441162e-01,-8.876077830791473389e-02,-1.758098229765892029e-02
-1.868215501308441162e-01,-8.876077830791473389e-02,-1.758098229765892029e-02
-1.868375390768051147e-01,-8.886422961950302124e-02,-1.727031543850898743e-02
-1.868375390768051147e-01,-8.886422961950302124e-02,-1.727031543850898743e-02
-1.868532896041870117e-01,-8.896689862012863159e-02,-1.696028746664524078e-02
-1.868532896041870117e-01,-8.896689862012863159e-02,-1.696028746664524078e-02
-1.868688166141510010e-01,-8.906881511211395264e-02,-1.665089279413223267e-02
-1.868688166141510010e-01,-8.906881511211395264e-02,-1.665089279413223267e-02
-1.868841052055358887e-01,-8.916993439197540283e-02,-1.634213514626026154e-02
-1.868841052055358887e-01,-8.916993439197540283e-02,-1.634213514626026154e-02
-1.868992447853088379e-01,-8.927030116319656372e-02,-1.603400148451328278e-02
-1.868992447853088379e-01,-8.927030116319656372e-02,-1.603400148451328278e-02
-1.869141012430191040e-01,-8.936990052461624146e-02,-1.572650112211704254e-02
-1.869141012430191040e-01,-8.936990052461624146e-02,-1.572650112211704254e-02
-1.869287490844726562e-01,-8.946871757507324219e-02,-1.541962381452322006e-02
-1.869287490844726562e-01,-8.946871757507324219e-02,-1.541962381452322006e-02
-1.869432032108306885e-01,-8.956676721572875977e-02,-1.511336117982864380e-02
-1.869432032108306885e-01,-8.956676721572875977e-02,-1.511336117982864380e-02
-1.869574338197708130e-01,-8.966404944658279419e-02,-1.480772718787193298e-02
-1.869574338197708130e-01,-8.966404944658279419e-02,-1.480772718787193298e-02
-1.869714409112930298e-01,-8.976057171821594238e-02,-1.450269762426614761e-02
-1.869714409112930298e-01,-8.976057171821594238e-02,-1.450269762426614761e-02
-1.869852095842361450e-01,-8.985634148120880127e-02,-1.419828552752733231e-02
-1.869852095842361450e-01,-8.985634148120880127e-02,-1.419828552752733231e-02
-1.869987994432449341e-01,-8.995133638381958008e-02,-1.389447972178459167e-02
-1.869987994432449341e-01,-8.995133638381958008e-02,-1.389447972178459167e-02
-1.870121657848358154e-01,-9.004556387662887573e-02,-1.359128020703792572e-02
-1.870121657848358154e-01,-9.004556387662887573e-02,-1.359128020703792572e-02
-1.870253086090087891e-01,-9.013905376195907593e-02,-1.328868046402931213e-02
-1.870253086090087891e-01,-9.013905376195907593e-02,-1.328868046402931213e-02
-1.870382428169250488e-01,-9.023177623748779297e-02,-1.298668328672647476e-02
-1.870382428169250488e-01,-9.023177623748779297e-02,-1.298668328672647476e-02
-1.870509833097457886e-01,-9.032374620437622070e-02,-1.268527843058109283e-02
-1.870509833097457886e-01,-9.032374620437622070e-02,-1.268527843058109283e-02
-1.870634704828262329e-01,-9.041494876146316528e-02,-1.238447707146406174e-02
-1.870634704828262329e-01,-9.041494876146316528e-02,-1.238447707146406174e-02
-1.870757639408111572e-01,-9.050540626049041748e-02,-1.208425313234329224e-02
-1.870757639408111572e-01,-9.050540626049041748e-02,-1.208425313234329224e-02
-1.870878338813781738e-01,-9.059511125087738037e-02,-1.178462430834770203e-02
-1.870878338813781738e-01,-9.059511125087738037e-02,-1.178462430834770203e-02
-1.870996952056884766e-01,-9.068406373262405396e-02,-1.148557756096124649e-02
-1.870996952056884766e-01,-9.068406373262405396e-02,-1.148557756096124649e-02
-1.871113777160644531e-01,-9.077225625514984131e-02,-1.118711102753877640e-02
-1.871113777160644531e-01,-9.077225625514984131e-02,-1.118711102753877640e-02
-1.871228069067001343e-01,-9.085971117019653320e-02,-1.088922657072544098e-02
-1.871228069067001343e-01,-9.085971117019653320e-02,-1.088922657072544098e-02
-1.871340572834014893e-01,-9.094641357660293579e-02,-1.059191394597291946e-02
-1.871340572834014893e-01,-9.094641357660293579e-02,-1.059191394597291946e-02
-1.871450841426849365e-01,-9.103236347436904907e-02,-1.029516849666833878e-02
-1.871450841426849365e-01,-9.103236347436904907e-02,-1.029516849666833878e-02
-1.871558874845504761e-01,-9.111759066581726074e-02,-9.998999536037445068e-03
-1.871558874845504761e-01,-9.111759066581726074e-02,-9.998999536037445068e-03
-1.871664971113204956e-01,-9.120205789804458618e-02,-9.703392162919044495e-03
-1.871664971113204956e-01,-9.120205789804458618e-02,-9.703392162919044495e-03
-1.871768683195114136e-01,-9.128578007221221924e-02,-9.408348239958286285e-03
-1.871768683195114136e-01,-9.128578007221221924e-02,-9.408348239958286285e-03
-1.871870756149291992e-01,-9.136877954006195068e-02,-9.113863110542297363e-03
-1.871870756149291992e-01,-9.136877954006195068e-02,-9.113863110542297363e-03
-1.871970444917678833e-01,-9.145101904869079590e-02,-8.819936774671077728e-03
-1.871970444917678833e-01,-9.145101904869079590e-02,-8.819936774671077728e-03
-1.872068345546722412e-01,-9.153255075216293335e-02,-8.526563644409179688e-03
-1.872068345546722412e-01,-9.153255075216293335e-02,-8.526563644409179688e-03
-1.872164011001586914e-01,-9.161330759525299072e-02,-8.233739994466304779e-03
-1.872164011001586914e-01,-9.161330759525299072e-02,-8.233739994466304779e-03
-1.872257590293884277e-01,-9.169335663318634033e-02,-7.941463962197303772e-03
-1.872257590293884277e-01,-9.169335663318634033e-02,-7.941463962197303772e-03
-1.872349232435226440e-01,-9.177265316247940063e-02,-7.649729028344154358e-03
-1.872349232435226440e-01,-9.177265316247940063e-02,-7.649729028344154358e-03
-1.872438788414001465e-01,-9.185123443603515625e-02,-7.358543574810028076e-03
-1.872438788414001465e-01,-9.185123443603515625e-02,-7.358543574810028076e-03
-1.872526109218597412e-01,-9.192907065153121948e-02,-7.067892700433731079e-03
-1.872526109218597412e-01,-9.192907065153121948e-02,-7.067892700433731079e-03
-1.872611641883850098e-01,-9.200618416070938110e-02,-6.777775939553976059e-03
-1.872611641883850098e-01,-9.200618416070938110e-02,-6.777775939553976059e-03
-1.872694939374923706e-01,-9.208256751298904419e-02,-6.488191895186901093e-03
-1.872694939374923706e-01,-9.208256751298904419e-02,-6.488191895186901093e-03
-1.872776150703430176e-01,-9.215822070837020874e-02,-6.199139636009931564e-03
-1.872776150703430176e-01,-9.215822070837020874e-02,-6.199139636009931564e-03
-1.872855424880981445e-01,-9.223315864801406860e-02,-5.910608917474746704e-03
-1.872855424880981445e-01,-9.223315864801406860e-02,-5.910608917474746704e-03
-1.872932463884353638e-01,-9.230735898017883301e-02,-5.622601602226495743e-03
-1.872932463884353638e-01,-9.230735898017883301e-02,-5.622601602226495743e-03
-1.873008012771606445e-01,-9.238083660602569580e-02,-5.335118155926465988e-03
-1.873008012771606445e-01,-9.238083660602569580e-02,-5.335118155926465988e-03
-1.873081177473068237e-01,-9.245359897613525391e-02,-5.048150662332773209e-03
-1.873081177473068237e-01,-9.245359897613525391e-02,-5.048150662332773209e-03
-1.873152256011962891e-01,-9.252564609050750732e-02,-4.761694930493831635e-03
-1.873152256011962891e-01,-9.252564609050750732e-02,-4.761694930493831635e-03
-1.873221546411514282e-01,-9.259695559740066528e-02,-4.475748166441917419e-03
-1.873221546411514282e-01,-9.259695559740066528e-02,-4.475748166441917419e-03
-1.873288452625274658e-01,-9.266756474971771240e-02,-4.190308507531881332e-03
-1.873288452625274658e-01,-9.266756474971771240e-02,-4.190308507531881332e-03
-1.873353868722915649e-01,-9.273745119571685791e-02,-3.905382240191102028e-03
-1.873353868722915649e-01,-9.273745119571685791e-02,-3.905382240191102028e-03
-1.873417049646377563e-01,-9.280662238597869873e-02,-3.620949573814868927e-03
-1.873417049646377563e-01,-9.280662238597869873e-02,-3.620949573814868927e-03
-1.873477995395660400e-01,-9.287508577108383179e-02,-3.337017260491847992e-03
-1.873477995395660400e-01,-9.287508577108383179e-02,-3.337017260491847992e-03
-1.873537302017211914e-01,-9.294283390045166016e-02,-3.053584834560751915e-03
-1.873537302017211914e-01,-9.294283390045166016e-02,-3.053584834560751915e-03
-1.873594373464584351e-01,-9.300986677408218384e-02,-2.770636463537812233e-03
-1.873594373464584351e-01,-9.300986677408218384e-02,-2.770636463537812233e-03
-1.873649507761001587e-01,-9.307617694139480591e-02,-2.488181926310062408e-03
-1.873649507761001587e-01,-9.307617694139480591e-02,-2.488181926310062408e-03
-1.873702853918075562e-01,-9.314178675413131714e-02,-2.206217730417847633e-03
-1.873702853918075562e-01,-9.314178675413131714e-02,-2.206217730417847633e-03
-1.873754262924194336e-01,-9.320671856403350830e-02,-1.924730720929801464e-03
-1.873754262924194336e-01,-9.320671856403350830e-02,-1.924730720929801464e-03
-1.873803436756134033e-01,-9.327092021703720093e-02,-1.643725554458796978e-03
-1.873803436756134033e-01,-9.327092021703720093e-02,-1.643725554458796978e-03
-1.873850822448730469e-01,-9.333440661430358887e-02,-1.363203045912086964e-03
-1.873850822448730469e-01,-9.333440661430358887e-02,-1.363203045912086964e-03
-1.873896270990371704e-01,-9.339720010757446289e-02,-1.083147828467190266e-03
-1.873896270990371704e-01,-9.339720010757446289e-02,-1.083147828467190266e-03
-1.873939484357833862e-01,-9.345930814743041992e-02,-8.035681676119565964e-04
-1.873939484357833862e-01,-9.345930814743041992e-02,-8.035681676119565964e-04
-1.873980909585952759e-01,-9.352068603038787842e-02,-5.244552739895880222e-04
-1.873980909585952759e-01,-9.352068603038787842e-02,-5.244552739895880222e-04
-1.874020546674728394e-01,-9.358139336109161377e-02,-2.458080125506967306e-04
-1.874020546674728394e-01,-9.358139336109161377e-02,-2.458080125506967306e-04
-1.874058097600936890e-01,-9.364137053489685059e-02,3.237904093111865222e-05
-1.874058097600936890e-01,-9.364137053489685059e-02,3.237904093111865222e-05
-1.874093860387802124e-01,-9.370067715644836426e-02,3.101092297583818436e-04
-1.874093860387802124e-01,-9.370067715644836426e-02,3.101092297583818436e-04
-1.874127537012100220e-01,-9.375929087400436401e-02,5.873809568583965302e-04
-1.874127537012100220e-01,-9.375929087400436401e-02,5.873809568583965302e-04
-1.874159276485443115e-01,-9.381720423698425293e-02,8.641995955258607864e-04
-1.874159276485443115e-01,-9.381720423698425293e-02,8.641995955258607864e-04
-1.874189078807830811e-01,-9.387440979480743408e-02,1.140568288974463940e-03
-1.874189078807830811e-01,-9.387440979480743408e-02,1.140568288974463940e-03
-1.874217242002487183e-01,-9.393094480037689209e-02,1.416487852111458778e-03
-1.874217242002487183e-01,-9.393094480037689209e-02,1.416487852111458778e-03
-1.874243021011352539e-01,-9.398677200078964233e-02,1.691966434009373188e-03
-1.874243021011352539e-01,-9.398677200078964233e-02,1.691966434009373188e-03
-1.874267309904098511e-01,-9.404191374778747559e-02,1.967003801837563515e-03
-1.874267309904098511e-01,-9.404191374778747559e-02,1.967003801837563515e-03
-1.874289363622665405e-01,-9.409637749195098877e-02,2.241607988253235817e-03
-1.874289363622665405e-01,-9.409637749195098877e-02,2.241607988253235817e-03
-1.874309629201889038e-01,-9.415015578269958496e-02,2.515775617212057114e-03
-1.874309629201889038e-01,-9.415015578269958496e-02,2.515775617212057114e-03
-1.874328106641769409e-01,-9.420324116945266724e-02,2.789507154375314713e-03
-1.874328106641769409e-01,-9.420324116945266724e-02,2.789507154375314713e-03
-1.874344646930694580e-01,-9.425564110279083252e-02,3.062814008444547653e-03
-1.874344646930694580e-01,-9.425564110279083252e-02,3.062814008444547653e-03
-1.874359548091888428e-01,-9.430738538503646851e-02,3.335695480927824974e-03
-1.874359548091888428e-01,-9.430738538503646851e-02,3.335695480927824974e-03
-1.874372065067291260e-01,-9.435842931270599365e-02,3.608155064284801483e-03
-1.874372065067291260e-01,-9.435842931270599365e-02,3.608155064284801483e-03
-1.874382942914962769e-01,-9.440878778696060181e-02,3.880194388329982758e-03
-1.874382942914962769e-01,-9.440878778696060181e-02,3.880194388329982758e-03
-1.874392181634902954e-01,-9.445848315954208374e-02,4.151820670813322067e-03
-1.874392181634902954e-01,-9.445848315954208374e-02,4.151820670813322067e-03
-1.874399185180664062e-01,-9.450748562812805176e-02,4.423028323799371719e-03
-1.874399185180664062e-01,-9.450748562812805176e-02,4.423028323799371719e-03
-1.874404549598693848e-01,-9.455582499504089355e-02,4.693831782788038254e-03
-1.874404549598693848e-01,-9.455582499504089355e-02,4.693831782788038254e-03
-1.874407976865768433e-01,-9.460348635911941528e-02,4.964222665876150131e-03
-1.874407976865768433e-01,-9.460348635911941528e-02,4.964222665876150131e-03
-1.874409615993499756e-01,-9.465047717094421387e-02,5.234213545918464661e-03
-1.874409615993499756e-01,-9.465047717094421387e-02,5.234213545918464661e-03
-1.874409168958663940e-01,-9.469680488109588623e-02,5.503801628947257996e-03
-1.874409168958663940e-01,-9.469680488109588623e-02,5.503801628947257996e-03
-1.874406933784484863e-01,-9.474245458841323853e-02,5.772992968559265137e-03
-1.874406933784484863e-01,-9.474245458841323853e-02,5.772992968559265137e-03
-1.874403059482574463e-01,-9.478743374347686768e-02,6.041787099093198776e-03
-1.874403059482574463e-01,-9.478743374347686768e-02,6.041787099093198776e-03
-1.874397248029708862e-01,-9.483175724744796753e-02,6.310194730758666992e-03
-1.874397248029708862e-01,-9.483175724744796753e-02,6.310194730758666992e-03
-1.874389946460723877e-01,-9.487540274858474731e-02,6.578209809958934784e-03
-1.874389946460723877e-01,-9.487540274858474731e-02,6.578209809958934784e-03
-1.874380260705947876e-01,-9.491838514804840088e-02,6.845839787274599075e-03
-1.874380260705947876e-01,-9.491838514804840088e-02,6.845839787274599075e-03
-1.874368935823440552e-01,-9.496070444583892822e-02,7.113087456673383713e-03
-1.874368935823440552e-01,-9.496070444583892822e-02,7.113087456673383713e-03
-1.874355673789978027e-01,-9.500236064195632935e-02,7.379953283816576004e-03
-1.874355673789978027e-01,-9.500236064195632935e-02,7.379953283816576004e-03
-1.874340772628784180e-01,-9.504336118698120117e-02,7.646446116268634796e-03
-1.874340772628784180e-01,-9.504336118698120117e-02,7.646446116268634796e-03
-1.874323934316635132e-01,-9.508370608091354370e-02,7.912567816674709320e-03
-1.874323934316635132e-01,-9.508370608091354370e-02,7.912567816674709320e-03
-1.874305605888366699e-01,-9.512337297201156616e-02,8.178315125405788422e-03
-1.874305605888366699e-01,-9.512337297201156616e-02,8.178315125405788422e-03
-1.874285191297531128e-01,-9.516240656375885010e-02,8.443694561719894409e-03
-1.874285191297531128e-01,-9.516240656375885010e-02,8.443694561719894409e-03
-1.874262988567352295e-01,-9.520078450441360474e-02,8.708711713552474976e-03
-1.874262988567352295e-01,-9.520078450441360474e-02,8.708711713552474976e-03
-1.874239146709442139e-01,-9.523849189281463623e-02,8.973363786935806274e-03
-1.874239146709442139e-01,-9.523849189281463623e-02,8.973363786935806274e-03
-1.874213367700576782e-01,-9.527555108070373535e-02,9.237665683031082153e-03
-1.874213367700576782e-01,-9.527555108070373535e-02,9.237665683031082153e-03
-1.874185800552368164e-01,-9.531196951866149902e-02,9.501609019935131073e-03
-1.874185800552368164e-01,-9.531196951866149902e-02,9.501609019935131073e-03
-1.874156594276428223e-01,-9.534774720668792725e-02,9.765198454260826111e-03
-1.874156594276428223e-01,-9.534774720668792725e-02,9.765198454260826111e-03
-1.874125450849533081e-01,-9.538286179304122925e-02,1.002844050526618958e-02
-1.874125450849533081e-01,-9.538286179304122925e-02,1.002844050526618958e-02
-1.874092668294906616e-01,-9.541731327772140503e-02,1.029133517295122147e-02
-1.874092668294906616e-01,-9.541731327772140503e-02,1.029133517295122147e-02
-1.874058097600936890e-01,-9.545113891363143921e-02,1.055388431996107101e-02
-1.874058097600936890e-01,-9.545113891363143921e-02,1.055388431996107101e-02
-1.874021589756011963e-01,-9.548431634902954102e-02,1.081610098481178284e-02
-1.874021589756011963e-01,-9.548431634902954102e-02,1.081610098481178284e-02
-1.873983442783355713e-01,-9.551684558391571045e-02,1.107797212898731232e-02
-1.873983442783355713e-01,-9.551684558391571045e-02,1.107797212898731232e-02
-1.873943656682968140e-01,-9.554874151945114136e-02,1.133951544761657715e-02
-1.873943656682968140e-01,-9.554874151945114136e-02,1.133951544761657715e-02
-1.873902082443237305e-01,-9.557999670505523682e-02,1.160073187202215195e-02
-1.873902082443237305e-01,-9.557999670505523682e-02,1.160073187202215195e-02
-1.873858720064163208e-01,-9.561061859130859375e-02,1.186161581426858902e-02
-1.873858720064163208e-01,-9.561061859130859375e-02,1.186161581426858902e-02
-1.873813718557357788e-01,-9.564059227705001831e-02,1.212217193096876144e-02
-1.873813718557357788e-01,-9.564059227705001831e-02,1.212217193096876144e-02
-1.873766779899597168e-01,-9.566994011402130127e-02,1.238241139799356461e-02
-1.873766779899597168e-01,-9.566994011402130127e-02,1.238241139799356461e-02
-1.873718202114105225e-01,-9.569863975048065186e-02,1.264233049005270004e-02
-1.873718202114105225e-01,-9.569863975048065186e-02,1.264233049005270004e-02
-1.873667836189270020e-01,-9.572670608758926392e-02,1.290193665772676468e-02
-1.873667836189270020e-01,-9.572670608758926392e-02,1.290193665772676468e-02
-1.873615831136703491e-01,-9.575415402650833130e-02,1.316123083233833313e-02
-1.873615831136703491e-01,-9.575415402650833130e-02,1.316123083233833313e-02
-1.873562335968017578e-01,-9.578096121549606323e-02,1.342021021991968155e-02
-1.873562335968017578e-01,-9.578096121549606323e-02,1.342021021991968155e-02
-1.873506605625152588e-01,-9.580712765455245972e-02,1.367888599634170532e-02
-1.873506605625152588e-01,-9.580712765455245972e-02,1.367888599634170532e-02
-1.873449534177780151e-01,-9.583268314599990845e-02,1.393726188689470291e-02
-1.873449534177780151e-01,-9.583268314599990845e-02,1.393726188689470291e-02
-1.873390674591064453e-01,-9.585761278867721558e-02,1.419533416628837585e-02
-1.873390674591064453e-01,-9.585761278867721558e-02,1.419533416628837585e-02
-1.873330026865005493e-01,-9.588190913200378418e-02,1.445311121642589569e-02
-1.873330026865005493e-01,-9.588190913200378418e-02,1.445311121642589569e-02
-1.873267740011215210e-01,-9.590557962656021118e-02,1.471059583127498627e-02
-1.873267740011215210e-01,-9.590557962656021118e-02,1.471059583127498627e-02
-1.873203963041305542e-01,-9.592862427234649658e-02,1.496778707951307297e-02
-1.873203963041305542e-01,-9.592862427234649658e-02,1.496778707951307297e-02
-1.873138248920440674e-01,-9.595104306936264038e-02,1.522469054907560349e-02
-1.873138248920440674e-01,-9.595104306936264038e-02,1.522469054907560349e-02
-1.873070895671844482e-01,-9.597285836935043335e-02,1.548130810260772705e-02
-1.873070895671844482e-01,-9.597285836935043335e-02,1.548130810260772705e-02
-1.873001903295516968e-01,-9.599404036998748779e-02,1.573764719069004059e-02
-1.873001903295516968e-01,-9.599404036998748779e-02,1.573764719069004059e-02
-1.872931271791458130e-01,-9.601461887359619141e-02,1.599370315670967102e-02
-1.872931271791458130e-01,-9.601461887359619141e-02,1.599370315670967102e-02
-1.872859001159667969e-01,-9.603457897901535034e-02,1.624948531389236450e-02
-1.872859001159667969e-01,-9.603457897901535034e-02,1.624948531389236450e-02
-1.872784942388534546e-01,-9.605392068624496460e-02,1.650499925017356873e-02
-1.872784942388534546e-01,-9.605392068624496460e-02,1.650499925017356873e-02
-1.872709244489669800e-01,-9.607263654470443726e-02,1.676024124026298523e-02
-1.872709244489669800e-01,-9.607263654470443726e-02,1.676024124026298523e-02
-1.872632056474685669e-01,-9.609075635671615601e-02,1.701521314680576324e-02
-1.872632056474685669e-01,-9.609075635671615601e-02,1.701521314680576324e-02
-1.872553080320358276e-01,-9.610825031995773315e-02,1.726992242038249969e-02
-1.872553080320358276e-01,-9.610825031995773315e-02,1.726992242038249969e-02
-1.872472465038299561e-01,-9.612515568733215332e-02,1.752437464892864227e-02
-1.872472465038299561e-01,-9.612515568733215332e-02,1.752437464892864227e-02
-1.872390210628509521e-01,-9.614143520593643188e-02,1.777856983244419098e-02
-1.872390210628509521e-01,-9.614143520593643188e-02,1.777856983244419098e-02
-1.872306168079376221e-01,-9.615711122751235962e-02,1.803250610828399658e-02
-1.872306168079376221e-01,-9.615711122751235962e-02,1.803250610828399658e-02
-1.872220784425735474e-01,-9.617216885089874268e-02,1.828619465231895447e-02
-1.872220784425735474e-01,-9.617216885089874268e-02,1.828619465231895447e-02
-1.872133910655975342e-01,-9.618666023015975952e-02,1.853963546454906464e-02
-1.872133910655975342e-01,-9.618666023015975952e-02,1.853963546454906464e-02
-1.872044950723648071e-01,-9.620051831007003784e-02,1.879283227026462555e-02
-1.872044950723648071e-01,-9.620051831007003784e-02,1.879283227026462555e-02
-1.871954500675201416e-01,-9.621378779411315918e-02,1.904578320682048798e-02
-1.871954500675201416e-01,-9.621378779411315918e-02,1.904578320682048798e-02
-1.871862709522247314e-01,-9.622644633054733276e-02,1.929849758744239807e-02
-1.871862709522247314e-01,-9.622644633054733276e-02,1.929849758744239807e-02
-1.871769130229949951e-01,-9.623850136995315552e-02,1.955097168684005737e-02
-1.871769130229949951e-01,-9.623850136995315552e-02,1.955097168684005737e-02
-1.871673911809921265e-01,-9.624998271465301514e-02,1.980321668088436127e-02
-1.871673911809921265e-01,-9.624998271465301514e-02,1.980321668088436127e-02
-1.871576905250549316e-01,-9.626083821058273315e-02,2.005523070693016052e-02
-1.871576905250549316e-01,-9.626083821058273315e-02,2.005523070693016052e-02
-1.871478557586669922e-01,-9.627112001180648804e-02,2.030701749026775360e-02
-1.871478557586669922e-01,-9.627112001180648804e-02,2.030701749026775360e-02
-1.871378719806671143e-01,-9.628080576658248901e-02,2.055858634412288666e-02
-1.871378719806671143e-01,-9.628080576658248901e-02,2.055858634412288666e-02
-1.871277242898941040e-01,-9.628988802433013916e-02,2.080992981791496277e-02
-1.871277242898941040e-01,-9.628988802433013916e-02,2.080992981791496277e-02
-1.871173679828643799e-01,-9.629838913679122925e-02,2.106105536222457886e-02
-1.871173679828643799e-01,-9.629838913679122925e-02,2.106105536222457886e-02
-1.871069073677062988e-01,-9.630628675222396851e-02,2.131196670234203339e-02
-1.871069073677062988e-01,-9.630628675222396851e-02,2.131196670234203339e-02
-1.870962828397750854e-01,-9.631361812353134155e-02,2.156266197562217712e-02
-1.870962828397750854e-01,-9.631361812353134155e-02,2.156266197562217712e-02
-1.870854794979095459e-01,-9.632034599781036377e-02,2.181315608322620392e-02
-1.870854794979095459e-01,-9.632034599781036377e-02,2.181315608322620392e-02
-1.870745569467544556e-01,-9.632649272680282593e-02,2.206344529986381531e-02
-1.870745569467544556e-01,-9.632649272680282593e-02,2.206344529986381531e-02
-1.870634406805038452e-01,-9.633207321166992188e-02,2.231352776288986206e-02
-1.870634406805038452e-01,-9.633207321166992188e-02,2.231352776288986206e-02
-1.870521903038024902e-01,-9.633705019950866699e-02,2.256341092288494110e-02
-1.870521903038024902e-01,-9.633705019950866699e-02,2.256341092288494110e-02
-1.870407760143280029e-01,-9.634144604206085205e-02,2.281310223042964935e-02
-1.870407760143280029e-01,-9.634144604206085205e-02,2.281310223042964935e-02
-1.870292127132415771e-01,-9.634526818990707397e-02,2.306259982287883759e-02
-1.870292127132415771e-01,-9.634526818990707397e-02,2.306259982287883759e-02
-1.870175004005432129e-01,-9.634852409362792969e-02,2.331189811229705811e-02
-1.870175004005432129e-01,-9.634852409362792969e-02,2.331189811229705811e-02
-1.870056241750717163e-01,-9.635116904973983765e-02,2.356101758778095245e-02
-1.870056241750717163e-01,-9.635116904973983765e-02,2.356101758778095245e-02
-1.869935840368270874e-01,-9.635325521230697632e-02,2.380995079874992371e-02
-1.869935840368270874e-01,-9.635325521230697632e-02,2.380995079874992371e-02
-1.869814097881317139e-01,-9.635476768016815186e-02,2.405870519578456879e-02
-1.869814097881317139e-01,-9.635476768016815186e-02,2.405870519578456879e-02
-1.869690716266632080e-01,-9.635569900274276733e-02,2.430728077888488770e-02
-1.869690716266632080e-01,-9.635569900274276733e-02,2.430728077888488770e-02
-1.869565993547439575e-01,-9.635607898235321045e-02,2.455567941069602966e-02
-1.869565993547439575e-01,-9.635607898235321045e-02,2.455567941069602966e-02
-1.869439482688903809e-01,-9.635586291551589966e-02,2.480391040444374084e-02
-1.869439482688903809e-01,-9.635586291551589966e-02,2.480391040444374084e-02
-1.869311779737472534e-01,-9.635508060455322266e-02,2.505197003483772278e-02
-1.869311779737472534e-01,-9.635508060455322266e-02,2.505197003483772278e-02
-1.869182288646697998e-01,-9.635375440120697021e-02,2.529986575245857239e-02
-1.869182288646697998e-01,-9.635375440120697021e-02,2.529986575245857239e-02
-1.869051307439804077e-01,-9.635183960199356079e-02,2.554759569466114044e-02
-1.869051307439804077e-01,-9.635183960199356079e-02,2.554759569466114044e-02
-1.868918985128402710e-01,-9.634935855865478516e-02,2.579516731202602386e-02
-1.868918985128402710e-01,-9.634935855865478516e-02,2.579516731202602386e-02
-1.868785023689270020e-01,-9.634633362293243408e-02,2.604258060455322266e-02
-1.868785023689270020e-01,-9.634633362293243408e-02,2.604258060455322266e-02
-1.868649721145629883e-01,-9.634272754192352295e-02,2.628984116017818451e-02
-1.868649721145629883e-01,-9.634272754192352295e-02,2.628984116017818451e-02
-1.868512779474258423e-01,-9.633855521678924561e-02,2.653695270419120789e-02
-1.868512779474258423e-01,-9.633855521678924561e-02,2.653695270419120789e-02
-1.868374496698379517e-01,-9.633383154869079590e-02,2.678391709923744202e-02
-1.868374496698379517e-01,-9.633383154869079590e-02,2.678391709923744202e-02
-1.868234723806381226e-01,-9.632855653762817383e-02,2.703073434531688690e-02
-1.868234723806381226e-01,-9.632855653762817383e-02,2.703073434531688690e-02
-1.868093609809875488e-01,-9.632271528244018555e-02,2.727741561830043793e-02
-1.868093609809875488e-01,-9.632271528244018555e-02,2.727741561830043793e-02
-1.867950707674026489e-01,-9.631630778312683105e-02,2.752395905554294586e-02
-1.867950707674026489e-01,-9.631630778312683105e-02,2.752395905554294586e-02
-1.867806464433670044e-01,-9.630935639142990112e-02,2.777036093175411224e-02
-1.867806464433670044e-01,-9.630935639142990112e-02,2.777036093175411224e-02
-1.867661029100418091e-01,-9.630185365676879883e-02,2.801663242280483246e-02
-1.867661029100418091e-01,-9.630185365676879883e-02,2.801663242280483246e-02
-1.867513954639434814e-01,-9.629379957914352417e-02,2.826277725398540497e-02
-1.867513954639434814e-01,-9.629379957914352417e-02,2.826277725398540497e-02
-1.867365241050720215e-01,-9.628518670797348022e-02,2.850879542529582977e-02
-1.867365241050720215e-01,-9.628518670797348022e-02,2.850879542529582977e-02
-1.867215335369110107e-01,-9.627602994441986084e-02,2.875469252467155457e-02
-1.867215335369110107e-01,-9.627602994441986084e-02,2.875469252467155457e-02
-1.867063641548156738e-01,-9.626632928848266602e-02,2.900046668946743011e-02
-1.867063641548156738e-01,-9.626632928848266602e-02,2.900046668946743011e-02
-1.866910755634307861e-01,-9.625606983900070190e-02,2.924612537026405334e-02
-1.866910755634307861e-01,-9.625606983900070190e-02,2.924612537026405334e-02
-1.866756528615951538e-01,-9.624526649713516235e-02,2.949167229235172272e-02
-1.866756528615951538e-01,-9.624526649713516235e-02,2.949167229235172272e-02
-1.866600811481475830e-01,-9.623392671346664429e-02,2.973710559308528900e-02
-1.866600811481475830e-01,-9.623392671346664429e-02,2.973710559308528900e-02
-1.866443604230880737e-01,-9.622204303741455078e-02,2.998243086040019989e-02
-1.866443604230880737e-01,-9.622204303741455078e-02,2.998243086040019989e-02
-1.866285055875778198e-01,-9.620961546897888184e-02,3.022765181958675385e-02
-1.866285055875778198e-01,-9.620961546897888184e-02,3.022765181958675385e-02
-1.866125166416168213e-01,-9.619665145874023438e-02,3.047277033329010010e-02
-1.866125166416168213e-01,-9.619665145874023438e-02,3.047277033329010010e-02
-1.865963786840438843e-01,-9.618315845727920532e-02,3.071779571473598480e-02
-1.865963786840438843e-01,-9.618315845727920532e-02,3.071779571473598480e-02
-1.865800917148590088e-01,-9.616910666227340698e-02,3.096271865069866180e-02
-1.865800917148590088e-01,-9.616910666227340698e-02,3.096271865069866180e-02
-1.865636706352233887e-01,-9.615453332662582397e-02,3.120755776762962341e-02
-1.865636706352233887e-01,-9.615453332662582397e-02,3.120755776762962341e-02
-1.865471005439758301e-01,-9.613940119743347168e-02,3.145229816436767578e-02
-1.865471005439758301e-01,-9.613940119743347168e-02,3.145229816436767578e-02
-1.865304112434387207e-01,-9.612376242876052856e-02,3.169695287942886353e-02
-1.865304112434387207e-01,-9.612376242876052856e-02,3.169695287942886353e-02
-1.865135729312896729e-01,-9.610758721828460693e-02,3.194153308868408203e-02
-1.865135729312896729e-01,-9.610758721828460693e-02,3.194153308868408203e-02
-1.864965856075286865e-01,-9.609087556600570679e-02,3.218602761626243591e-02
-1.864965856075286865e-01,-9.609087556600570679e-02,3.218602761626243591e-02
-1.864794790744781494e-01,-9.607364237308502197e-02,3.243044391274452209e-02
-1.864794790744781494e-01,-9.607364237308502197e-02,3.243044391274452209e-02
-1.864622384309768677e-01,-9.605586528778076172e-02,3.267478942871093750e-02
-1.864622384309768677e-01,-9.605586528778076172e-02,3.267478942871093750e-02
-1.864448338747024536e-01,-9.603757411241531372e-02,3.291905671358108521e-02
-1.864448338747024536e-01,-9.603757411241531372e-02,3.291905671358108521e-02
-1.864273101091384888e-01,-9.601876139640808105e-02,3.316326439380645752e-02
-1.864273101091384888e-01,-9.601876139640808105e-02,3.316326439380645752e-02
-1.864096522331237793e-01,-9.599941223859786987e-02,3.340740501880645752e-02
-1.864096522331237793e-01,-9.599941223859786987e-02,3.340740501880645752e-02
-1.863918602466583252e-01,-9.597954899072647095e-02,3.365148231387138367e-02
-1.863918602466583252e-01,-9.597954899072647095e-02,3.365148231387138367e-02
-1.863739341497421265e-01,-9.595915675163269043e-02,3.389550000429153442e-02
-1.863739341497421265e-01,-9.595915675163269043e-02,3.389550000429153442e-02
-1.863558739423751831e-01,-9.593825042247772217e-02,3.413946554064750671e-02
-1.863558739423751831e-01,-9.593825042247772217e-02,3.413946554064750671e-02
-1.863376796245574951e-01,-9.591682255268096924e-02,3.438337892293930054e-02
-1.863376796245574951e-01,-9.591682255268096924e-02,3.438337892293930054e-02
-1.863193511962890625e-01,-9.589486569166183472e-02,3.462723642587661743e-02
-1.863193511962890625e-01,-9.589486569166183472e-02,3.462723642587661743e-02
-1.863008737564086914e-01,-9.587240964174270630e-02,3.487105295062065125e-02
-1.863008737564086914e-01,-9.587240964174270630e-02,3.487105295062065125e-02
-1.862822771072387695e-01,-9.584943950176239014e-02,3.511482104659080505e-02
-1.862822771072387695e-01,-9.584943950176239014e-02,3.511482104659080505e-02
-1.862635463476181030e-01,-9.582594037055969238e-02,3.535855188965797424e-02
-1.862635463476181030e-01,-9.582594037055969238e-02,3.535855188965797424e-02
-1.862446814775466919e-01,-9.580194205045700073e-02,3.560224920511245728e-02
-1.862446814775466919e-01,-9.580194205045700073e-02,3.560224920511245728e-02
-1.862256824970245361e-01,-9.577742964029312134e-02,3.584590554237365723e-02
-1.862256824970245361e-01,-9.577742964029312134e-02,3.584590554237365723e-02
-1.862065643072128296e-01,-9.575240314006805420e-02,3.608953207731246948e-02
-1.862065643072128296e-01,-9.575240314006805420e-02,3.608953207731246948e-02
-1.861873120069503784e-01,-9.572687745094299316e-02,3.633313253521919250e-02
-1.861873120069503784e-01,-9.572687745094299316e-02,3.633313253521919250e-02
-1.861679255962371826e-01,-9.570084512233734131e-02,3.657670691609382629e-02
-1.861679255962371826e-01,-9.570084512233734131e-02,3.657670691609382629e-02
-1.861484199762344360e-01,-9.567430615425109863e-02,3.682025521993637085e-02
-1.861484199762344360e-01,-9.567430615425109863e-02,3.682025521993637085e-02
-1.861287653446197510e-01,-9.564725309610366821e-02,3.706378489732742310e-02
-1.861287653446197510e-01,-9.564725309610366821e-02,3.706378489732742310e-02
-1.861089915037155151e-01,-9.561970084905624390e-02,3.730730712413787842e-02
-1.861089915037155151e-01,-9.561970084905624390e-02,3.730730712413787842e-02
-1.860890686511993408e-01,-9.559164941310882568e-02,3.755081072449684143e-02
-1.860890686511993408e-01,-9.559164941310882568e-02,3.755081072449684143e-02
-1.860690563917160034e-01,-9.556309878826141357e-02,3.779430314898490906e-02
-1.860690563917160034e-01,-9.556309878826141357e-02,3.779430314898490906e-02
-1.860489100217819214e-01,-9.553405642509460449e-02,3.803779557347297668e-02
-1.860489100217819214e-01,-9.553405642509460449e-02,3.803779557347297668e-02
-1.860286295413970947e-01,-9.550451487302780151e-02,3.828127682209014893e-02
-1.860286295413970947e-01,-9.550451487302780151e-02,3.828127682209014893e-02
-1.860082000494003296e-01,-9.547446668148040771e-02,3.852475434541702271e-02
-1.860082000494003296e-01,-9.547446668148040771e-02,3.852475434541702271e-02
-1.859876662492752075e-01,-9.544392675161361694e-02,3.876823931932449341e-02
-1.859876662492752075e-01,-9.544392675161361694e-02,3.876823931932449341e-02
-1.859670132398605347e-01,-9.541290253400802612e-02,3.901172801852226257e-02
-1.859670132398605347e-01,-9.541290253400802612e-02,3.901172801852226257e-02
-1.859462261199951172e-01,-9.538137167692184448e-02,3.925523161888122559e-02
-1.859462261199951172e-01,-9.538137167692184448e-02,3.925523161888122559e-02
-1.859253197908401489e-01,-9.534936398267745972e-02,3.949873894453048706e-02
-1.859253197908401489e-01,-9.534936398267745972e-02,3.949873894453048706e-02
-1.859042793512344360e-01,-9.531685709953308105e-02,3.974226862192153931e-02
-1.859042793512344360e-01,-9.531685709953308105e-02,3.974226862192153931e-02
-1.858830899000167847e-01,-9.528387337923049927e-02,3.998580947518348694e-02
-1.858830899000167847e-01,-9.528387337923049927e-02,3.998580947518348694e-02
-1.858618259429931641e-01,-9.525039792060852051e-02,4.022936895489692688e-02
-1.858618259429931641e-01,-9.525039792060852051e-02,4.022936895489692688e-02
-1.858404129743576050e-01,-9.521642327308654785e-02,4.047295823693275452e-02
-1.858404129743576050e-01,-9.521642327308654785e-02,4.047295823693275452e-02
-1.858188956975936890e-01,-9.518197923898696899e-02,4.071656987071037292e-02
-1.858188956975936890e-01,-9.518197923898696899e-02,4.071656987071037292e-02
-1.857972443103790283e-01,-9.514704346656799316e-02,4.096020758152008057e-02
-1.857972443103790283e-01,-9.514704346656799316e-02,4.096020758152008057e-02
-1.857754588127136230e-01,-9.511164575815200806e-02,4.120388627052307129e-02
-1.857754588127136230e-01,-9.511164575815200806e-02,4.120388627052307129e-02
-1.857535839080810547e-01,-9.507574886083602905e-02,4.144760221242904663e-02
-1.857535839080810547e-01,-9.507574886083602905e-02,4.144760221242904663e-02
-1.857315748929977417e-01,-9.503937512636184692e-02,4.169134795665740967e-02
-1.857315748929977417e-01,-9.503937512636184692e-02,4.169134795665740967e-02
-1.857094168663024902e-01,-9.500253200531005859e-02,4.193514212965965271e-02
-1.857094168663024902e-01,-9.500253200531005859e-02,4.193514212965965271e-02
-1.856871843338012695e-01,-9.496520459651947021e-02,4.217897728085517883e-02
-1.856871843338012695e-01,-9.496520459651947021e-02,4.217897728085517883e-02
-1.856647878885269165e-01,-9.492740780115127563e-02,4.242286831140518188e-02
-1.856647878885269165e-01,-9.492740780115127563e-02,4.242286831140518188e-02
-1.856422871351242065e-01,-9.488913416862487793e-02,4.266680032014846802e-02
-1.856422871351242065e-01,-9.488913416862487793e-02,4.266680032014846802e-02
-1.856196969747543335e-01,-9.485039860010147095e-02,4.291079193353652954e-02
-1.856196969747543335e-01,-9.485039860010147095e-02,4.291079193353652954e-02
-1.855969727039337158e-01,-9.481117129325866699e-02,4.315484315156936646e-02
-1.855969727039337158e-01,-9.481117129325866699e-02,4.315484315156936646e-02
-1.855741292238235474e-01,-9.477148950099945068e-02,4.339895397424697876e-02
-1.855741292238235474e-01,-9.477148950099945068e-02,4.339895397424697876e-02
-1.855511516332626343e-01,-9.473134577274322510e-02,4.364312440156936646e-02
-1.855511516332626343e-01,-9.473134577274322510e-02,4.364312440156936646e-02
-1.855280697345733643e-01,-9.469073265790939331e-02,4.388736188411712646e-02
-1.855280697345733643e-01,-9.469073265790939331e-02,4.388736188411712646e-02
-1.855048686265945435e-01,-9.464964270591735840e-02,4.413166642189025879e-02
-1.855048686265945435e-01,-9.464964270591735840e-02,4.413166642189025879e-02
-1.854815781116485596e-01,-9.460809826850891113e-02,4.437604919075965881e-02
-1.854815781116485596e-01,-9.460809826850891113e-02,4.437604919075965881e-02
-1.854581385850906372e-01,-9.456608444452285767e-02,4.462050274014472961e-02
-1.854581385850906372e-01,-9.456608444452285767e-02,4.462050274014472961e-02
-1.854345798492431641e-01,-9.452362358570098877e-02,4.486504197120666504e-02
-1.854345798492431641e-01,-9.452362358570098877e-02,4.486504197120666504e-02
-1.854109466075897217e-01,-9.448068588972091675e-02,4.510965570807456970e-02
-1.854109466075897217e-01,-9.448068588972091675e-02,4.510965570807456970e-02
-1.853871643543243408e-01,-9.443728625774383545e-02,4.535435885190963745e-02
-1.853871643543243408e-01,-9.443728625774383545e-02,4.535435885190963745e-02
-1.853632777929306030e-01,-9.439344704151153564e-02,4.559914767742156982e-02
-1.853632777929306030e-01,-9.439344704151153564e-02,4.559914767742156982e-02
-1.853392869234085083e-01,-9.434915333986282349e-02,4.584402963519096375e-02
-1.853392869234085083e-01,-9.434915333986282349e-02,4.584402963519096375e-02
-1.853151619434356689e-01,-9.430439025163650513e-02,4.608900099992752075e-02
-1.853151619434356689e-01,-9.430439025163650513e-02,4.608900099992752075e-02
-1.852909326553344727e-01,-9.425917267799377441e-02,4.633406922221183777e-02
-1.852909326553344727e-01,-9.425917267799377441e-02,4.633406922221183777e-02
-1.852666139602661133e-01,-9.421351552009582520e-02,4.657924175262451172e-02
-1.852666139602661133e-01,-9.421351552009582520e-02,4.657924175262451172e-02
-1.852421611547470093e-01,-9.416740387678146362e-02,4.682451114058494568e-02
-1.852421611547470093e-01,-9.416740387678146362e-02,4.682451114058494568e-02
-1.852175891399383545e-01,-9.412083774805068970e-02,4.706989601254463196e-02
-1.852175891399383545e-01,-9.412083774805068970e-02,4.706989601254463196e-02
-1.851929277181625366e-01,-9.407383203506469727e-02,4.731538891792297363e-02
-1.851929277181625366e-01,-9.407383203506469727e-02,4.731538891792297363e-02
-1.851681768894195557e-01,-9.402636438608169556e-02,4.756099358201026917e-02
-1.851681768894195557e-01,-9.402636438608169556e-02,4.756099358201026917e-02
-1.851432770490646362e-01,-9.397847205400466919e-02,4.780670627951622009e-02
-1.851432770490646362e-01,-9.397847205400466919e-02,4.780670627951622009e-02
-1.851182579994201660e-01,-9.393012523651123047e-02,4.805254191160202026e-02
-1.851182579994201660e-01,-9.393012523651123047e-02,4.805254191160202026e-02
-1.850931793451309204e-01,-9.388133138418197632e-02,4.829849675297737122e-02
-1.850931793451309204e-01,-9.388133138418197632e-02,4.829849675297737122e-02
-1.850679516792297363e-01,-9.383209794759750366e-02,4.854458197951316833e-02
-1.850679516792297363e-01,-9.383209794759750366e-02,4.854458197951316833e-02
-1.850426346063613892e-01,-9.378243237733840942e-02,4.879079386591911316e-02
-1.850426346063613892e-01,-9.378243237733840942e-02,4.879079386591911316e-02
-1.850172132253646851e-01,-9.373231977224349976e-02,4.903712868690490723e-02
-1.850172132253646851e-01,-9.373231977224349976e-02,4.903712868690490723e-02
-1.849916875362396240e-01,-9.368177503347396851e-02,4.928360134363174438e-02
-1.849916875362396240e-01,-9.368177503347396851e-02,4.928360134363174438e-02
-1.849660575389862061e-01,-9.363079071044921875e-02,4.953020811080932617e-02
-1.849660575389862061e-01,-9.363079071044921875e-02,4.953020811080932617e-02
-1.849402934312820435e-01,-9.357937425374984741e-02,4.977695643901824951e-02
-1.849402934312820435e-01,-9.357937425374984741e-02,4.977695643901824951e-02
-1.849144399166107178e-01,-9.352753311395645142e-02,5.002385750412940979e-02
-1.849144399166107178e-01,-9.352753311395645142e-02,5.002385750412940979e-02
-1.848884820938110352e-01,-9.347524493932723999e-02,5.027088522911071777e-02
-1.848884820938110352e-01,-9.347524493932723999e-02,5.027088522911071777e-02
-1.848624199628829956e-01,-9.342252463102340698e-02,5.051807314157485962e-02
-1.848624199628829956e-01,-9.342252463102340698e-02,5.051807314157485962e-02
-1.848362386226654053e-01,-9.336938709020614624e-02,5.076541379094123840e-02
-1.848362386226654053e-01,-9.336938709020614624e-02,5.076541379094123840e-02
-1.848099827766418457e-01,-9.331581741571426392e-02,5.101290717720985413e-02
-1.848099827766418457e-01,-9.331581741571426392e-02,5.101290717720985413e-02
-1.847835928201675415e-01,-9.326181560754776001e-02,5.126056075096130371e-02
-1.847835928201675415e-01,-9.326181560754776001e-02,5.126056075096130371e-02
-1.847571432590484619e-01,-9.320740401744842529e-02,5.150837451219558716e-02
-1.847571432590484619e-01,-9.320740401744842529e-02,5.150837451219558716e-02
-1.847305595874786377e-01,-9.315255284309387207e-02,5.175635218620300293e-02
-1.847305595874786377e-01,-9.315255284309387207e-02,5.175635218620300293e-02
-1.847038716077804565e-01,-9.309727698564529419e-02,5.200449377298355103e-02
-1.847038716077804565e-01,-9.309727698564529419e-02,5.200449377298355103e-02
-1.846770942211151123e-01,-9.304159134626388550e-02,5.225281417369842529e-02
-1.846770942211151123e-01,-9.304159134626388550e-02,5.225281417369842529e-02
-1.846502125263214111e-01,-9.298547357320785522e-02,5.250129476189613342e-02
-1.846502125263214111e-01,-9.298547357320785522e-02,5.250129476189613342e-02
-1.846232265233993530e-01,-9.292896091938018799e-02,5.274996161460876465e-02
-1.846232265233993530e-01,-9.292896091938018799e-02,5.274996161460876465e-02
-1.845961511135101318e-01,-9.287200868129730225e-02,5.299880728125572205e-02
-1.845961511135101318e-01,-9.287200868129730225e-02,5.299880728125572205e-02
-1.845689713954925537e-01,-9.281463921070098877e-02,5.324783548712730408e-02
-1.845689713954925537e-01,-9.281463921070098877e-02,5.324783548712730408e-02
-1.845416724681854248e-01,-9.275686740875244141e-02,5.349703878164291382e-02
-1.845416724681854248e-01,-9.275686740875244141e-02,5.349703878164291382e-02
-1.845142841339111328e-01,-9.269868582487106323e-02,5.374644324183464050e-02
-1.845142841339111328e-01,-9.269868582487106323e-02,5.374644324183464050e-02
-1.844868212938308716e-01,-9.264008700847625732e-02,5.399603396654129028e-02
-1.844868212938308716e-01,-9.264008700847625732e-02,5.399603396654129028e-02
-1.844592243432998657e-01,-9.258106350898742676e-02,5.424582585692405701e-02
-1.844592243432998657e-01,-9.258106350898742676e-02,5.424582585692405701e-02
-1.844315528869628906e-01,-9.252164512872695923e-02,5.449581146240234375e-02
-1.844315528869628906e-01,-9.252164512872695923e-02,5.449581146240234375e-02
-1.844037920236587524e-01,-9.246181696653366089e-02,5.474599823355674744e-02
-1.844037920236587524e-01,-9.246181696653366089e-02,5.474599823355674744e-02
-1.843759119510650635e-01,-9.240158647298812866e-02,5.499638244509696960e-02
-1.843759119510650635e-01,-9.240158647298812866e-02,5.499638244509696960e-02
-1.843479573726654053e-01,-9.234094619750976562e-02,5.524697899818420410e-02
-1.843479573726654053e-01,-9.234094619750976562e-02,5.524697899818420410e-02
-1.843198835849761963e-01,-9.227991104125976562e-02,5.549778416752815247e-02
-1.843198835849761963e-01,-9.227991104125976562e-02,5.549778416752815247e-02
-1.842917352914810181e-01,-9.221845120191574097e-02,5.574880540370941162e-02
-1.842917352914810181e-01,-9.221845120191574097e-02,5.574880540370941162e-02
-1.842634677886962891e-01,-9.215659648180007935e-02,5.600004270672798157e-02
-1.842634677886962891e-01,-9.215659648180007935e-02,5.600004270672798157e-02
-1.842351406812667847e-01,-9.209436178207397461e-02,5.625149607658386230e-02
-1.842351406812667847e-01,-9.209436178207397461e-02,5.625149607658386230e-02
-1.842067092657089233e-01,-9.203171730041503906e-02,5.650316923856735229e-02
-1.842067092657089233e-01,-9.203171730041503906e-02,5.650316923856735229e-02
-1.841781735420227051e-01,-9.196867048740386963e-02,5.675507336854934692e-02
-1.841781735420227051e-01,-9.196867048740386963e-02,5.675507336854934692e-02
-1.841495484113693237e-01,-9.190522134304046631e-02,5.700720474123954773e-02
-1.841495484113693237e-01,-9.190522134304046631e-02,5.700720474123954773e-02
-1.841208338737487793e-01,-9.184139966964721680e-02,5.725956335663795471e-02
-1.841208338737487793e-01,-9.184139966964721680e-02,5.725956335663795471e-02
-1.840920299291610718e-01,-9.177716821432113647e-02,5.751216039061546326e-02
-1.840920299291610718e-01,-9.177716821432113647e-02,5.751216039061546326e-02
-1.840631216764450073e-01,-9.171255677938461304e-02,5.776499584317207336e-02
-1.840631216764450073e-01,-9.171255677938461304e-02,5.776499584317207336e-02
-1.840341240167617798e-01,-9.164753556251525879e-02,5.801806971430778503e-02
-1.840341240167617798e-01,-9.164753556251525879e-02,5.801806971430778503e-02
-1.840050369501113892e-01,-9.158214926719665527e-02,5.827138945460319519e-02
-1.840050369501113892e-01,-9.158214926719665527e-02,5.827138945460319519e-02
-1.839758604764938354e-01,-9.151636064052581787e-02,5.852495506405830383e-02
-1.839758604764938354e-01,-9.151636064052581787e-02,5.852495506405830383e-02
-1.839466243982315063e-01,-9.145018458366394043e-02,5.877876654267311096e-02
-1.839466243982315063e-01,-9.145018458366394043e-02,5.877876654267311096e-02
-1.839172393083572388e-01,-9.138362109661102295e-02,5.903283134102821350e-02
-1.839172393083572388e-01,-9.138362109661102295e-02,5.903283134102821350e-02
-1.838878095149993896e-01,-9.131668508052825928e-02,5.928715318441390991e-02
-1.838878095149993896e-01,-9.131668508052825928e-02,5.928715318441390991e-02
-1.838583052158355713e-01,-9.124936163425445557e-02,5.954173952341079712e-02
-1.838583052158355713e-01,-9.124936163425445557e-02,5.954173952341079712e-02
-1.838286817073822021e-01,-9.118165820837020874e-02,5.979657918214797974e-02
-1.838286817073822021e-01,-9.118165820837020874e-02,5.979657918214797974e-02
-1.837989687919616699e-01,-9.111357480287551880e-02,6.005169451236724854e-02
-1.837989687919616699e-01,-9.111357480287551880e-02,6.005169451236724854e-02
-1.837691664695739746e-01,-9.104510396718978882e-02,6.030706688761711121e-02
-1.837691664695739746e-01,-9.104510396718978882e-02,6.030706688761711121e-02
-1.837392747402191162e-01,-9.097626060247421265e-02,6.056271493434906006e-02
-1.837392747402191162e-01,-9.097626060247421265e-02,6.056271493434906006e-02
-1.837093085050582886e-01,-9.090705215930938721e-02,6.081863120198249817e-02
-1.837093085050582886e-01,-9.090705215930938721e-02,6.081863120198249817e-02
-1.836792677640914917e-01,-9.083745628595352173e-02,6.107483059167861938e-02
-1.836792677640914917e-01,-9.083745628595352173e-02,6.107483059167861938e-02
-1.836491227149963379e-01,-9.076748788356781006e-02,6.133131310343742371e-02
-1.836491227149963379e-01,-9.076748788356781006e-02,6.133131310343742371e-02
-1.836189031600952148e-01,-9.069715440273284912e-02,6.158807501196861267e-02
-1.836189031600952148e-01,-9.069715440273284912e-02,6.158807501196861267e-02
-1.835886090993881226e-01,-9.062644839286804199e-02,6.184512376785278320e-02
-1.835886090993881226e-01,-9.062644839286804199e-02,6.184512376785278320e-02
-1.835582107305526733e-01,-9.055536240339279175e-02,6.210246309638023376e-02
-1.835582107305526733e-01,-9.055536240339279175e-02,6.210246309638023376e-02
-1.835277378559112549e-01,-9.048393368721008301e-02,6.236009299755096436e-02
-1.835277378559112549e-01,-9.048393368721008301e-02,6.236009299755096436e-02
-1.834971904754638672e-01,-9.041211009025573730e-02,6.261802464723587036e-02
-1.834971904754638672e-01,-9.041211009025573730e-02,6.261802464723587036e-02
-1.834665387868881226e-01,-9.033993631601333618e-02,6.287623941898345947e-02
-1.834665387868881226e-01,-9.033993631601333618e-02,6.287623941898345947e-02
-1.834358125925064087e-01,-9.026740491390228271e-02,6.313476711511611938e-02
-1.834358125925064087e-01,-9.026740491390228271e-02,6.313476711511611938e-02
-1.834050118923187256e-01,-9.019450843334197998e-02,6.339360028505325317e-02
-1.834050118923187256e-01,-9.019450843334197998e-02,6.339360028505325317e-02
-1.833741068840026855e-01,-9.012123942375183105e-02,6.365273147821426392e-02
-1.833741068840026855e-01,-9.012123942375183105e-02,6.365273147821426392e-02
-1.833431720733642578e-01,-9.004761278629302979e-02,6.391219049692153931e-02
-1.833431720733642578e-01,-9.004761278629302979e-02,6.391219049692153931e-02
-1.833121180534362793e-01,-8.997363597154617310e-02,6.417195498943328857e-02
-1.833121180534362793e-01,-8.997363597154617310e-02,6.417195498943328857e-02
-1.832809746265411377e-01,-8.989930152893066406e-02,6.443202495574951172e-02
-1.832809746265411377e-01,-8.989930152893066406e-02,6.443202495574951172e-02
-1.832497864961624146e-01,-8.982460200786590576e-02,6.469243019819259644e-02
-1.832497864961624146e-01,-8.982460200786590576e-02,6.469243019819259644e-02
-1.832184940576553345e-01,-8.974955976009368896e-02,6.495314836502075195e-02
-1.832184940576553345e-01,-8.974955976009368896e-02,6.495314836502075195e-02
-1.831871420145034790e-01,-8.967415243387222290e-02,6.521420180797576904e-02
-1.831871420145034790e-01,-8.967415243387222290e-02,6.521420180797576904e-02
-1.831556856632232666e-01,-8.959840238094329834e-02,6.547558307647705078e-02
-1.831556856632232666e-01,-8.959840238094329834e-02,6.547558307647705078e-02
-1.831241548061370850e-01,-8.952230215072631836e-02,6.573729217052459717e-02
-1.831241548061370850e-01,-8.952230215072631836e-02,6.573729217052459717e-02
-1.830925792455673218e-01,-8.944584429264068604e-02,6.599933654069900513e-02
-1.830925792455673218e-01,-8.944584429264068604e-02,6.599933654069900513e-02
-1.830608844757080078e-01,-8.936905115842819214e-02,6.626172363758087158e-02
-1.830608844757080078e-01,-8.936905115842819214e-02,6.626172363758087158e-02
-1.830291301012039185e-01,-8.929190039634704590e-02,6.652444601058959961e-02
-1.830291301012039185e-01,-8.929190039634704590e-02,6.652444601058959961e-02
-1.829973161220550537e-01,-8.921439945697784424e-02,6.678751856088638306e-02
-1.829973161220550537e-01,-8.921439945697784424e-02,6.678751856088638306e-02
-1.829653978347778320e-01,-8.913657069206237793e-02,6.705092638731002808e-02
-1.829653978347778320e-01,-8.913657069206237793e-02,6.705092638731002808e-02
-1.829334348440170288e-01,-8.905839920043945312e-02,6.731469929218292236e-02
-1.829334348440170288e-01,-8.905839920043945312e-02,6.731469929218292236e-02
-1.829013973474502563e-01,-8.897986263036727905e-02,6.757882237434387207e-02
-1.829013973474502563e-01,-8.897986263036727905e-02,6.757882237434387207e-02
-1.828692406415939331e-01,-8.890101313591003418e-02,6.784329563379287720e-02
-1.828692406415939331e-01,-8.890101313591003418e-02,6.784329563379287720e-02
-1.828370392322540283e-01,-8.882182091474533081e-02,6.810813397169113159e-02
-1.828370392322540283e-01,-8.882182091474533081e-02,6.810813397169113159e-02
-1.828047782182693481e-01,-8.874229341745376587e-02,6.837332993745803833e-02
-1.828047782182693481e-01,-8.874229341745376587e-02,6.837332993745803833e-02
-1.827724426984786987e-01,-8.866240829229354858e-02,6.863889843225479126e-02
-1.827724426984786987e-01,-8.866240829229354858e-02,6.863889843225479126e-02
-1.827400177717208862e-01,-8.858221024274826050e-02,6.890483200550079346e-02
-1.827400177717208862e-01,-8.858221024274826050e-02,6.890483200550079346e-02
-1.827075034379959106e-01,-8.850166201591491699e-02,6.917113810777664185e-02
-1.827075034379959106e-01,-8.850166201591491699e-02,6.917113810777664185e-02
-1.826749593019485474e-01,-8.842080086469650269e-02,6.943781673908233643e-02
-1.826749593019485474e-01,-8.842080086469650269e-02,6.943781673908233643e-02
-1.826423257589340210e-01,-8.833961933851242065e-02,6.970488280057907104e-02
-1.826423257589340210e-01,-8.833961933851242065e-02,6.970488280057907104e-02
-1.826096326112747192e-01,-8.825807273387908936e-02,6.997232139110565186e-02
-1.826096326112747192e-01,-8.825807273387908936e-02,6.997232139110565186e-02
-1.825768351554870605e-01,-8.817621320486068726e-02,7.024013996124267578e-02
-1.825768351554870605e-01,-8.817621320486068726e-02,7.024013996124267578e-02
-1.825439929962158203e-01,-8.809404075145721436e-02,7.050836086273193359e-02
-1.825439929962158203e-01,-8.809404075145721436e-02,7.050836086273193359e-02
-1.825110763311386108e-01,-8.801154047250747681e-02,7.077696174383163452e-02
-1.825110763311386108e-01,-8.801154047250747681e-02,7.077696174383163452e-02
-1.824781000614166260e-01,-8.792870491743087769e-02,7.104595750570297241e-02
-1.824781000614166260e-01,-8.792870491743087769e-02,7.104595750570297241e-02
-1.824450492858886719e-01,-8.784554898738861084e-02,7.131534814834594727e-02
-1.824450492858886719e-01,-8.784554898738861084e-02,7.131534814834594727e-02
-1.824119389057159424e-01,-8.776207268238067627e-02,7.158513367176055908e-02
-1.824119389057159424e-01,-8.776207268238067627e-02,7.158513367176055908e-02
-1.823787689208984375e-01,-8.767827600240707397e-02,7.185532897710800171e-02
-1.823787689208984375e-01,-8.767827600240707397e-02,7.185532897710800171e-02
-1.823454946279525757e-01,-8.759416639804840088e-02,7.212592661380767822e-02
-1.823454946279525757e-01,-8.759416639804840088e-02,7.212592661380767822e-02
-1.823121905326843262e-01,-8.750973641872406006e-02,7.239693403244018555e-02
-1.823121905326843262e-01,-8.750973641872406006e-02,7.239693403244018555e-02
-1.822787821292877197e-01,-8.742499351501464844e-02,7.266835123300552368e-02
-1.822787821292877197e-01,-8.742499351501464844e-02,7.266835123300552368e-02
-1.822453588247299194e-01,-8.733992278575897217e-02,7.294018566608428955e-02
-1.822453588247299194e-01,-8.733992278575897217e-02,7.294018566608428955e-02
-1.822118312120437622e-01,-8.725456148386001587e-02,7.321244478225708008e-02
-1.822118312120437622e-01,-8.725456148386001587e-02,7.321244478225708008e-02
-1.821782439947128296e-01,-8.716886490583419800e-02,7.348511368036270142e-02
-1.821782439947128296e-01,-8.716886490583419800e-02,7.348511368036270142e-02
-1.821445971727371216e-01,-8.708288520574569702e-02,7.375820726156234741e-02
-1.821445971727371216e-01,-8.708288520574569702e-02,7.375820726156234741e-02
-1.821108907461166382e-01,-8.699657022953033447e-02,7.403172552585601807e-02
-1.821108907461166382e-01,-8.699657022953033447e-02,7.403172552585601807e-02
-1.820771098136901855e-01,-8.690995723009109497e-02,7.430568337440490723e-02
-1.820771098136901855e-01,-8.690995723009109497e-02,7.430568337440490723e-02
-1.820432841777801514e-01,-8.682304620742797852e-02,7.458005845546722412e-02
-1.820432841777801514e-01,-8.682304620742797852e-02,7.458005845546722412e-02
-1.820093840360641479e-01,-8.673582226037979126e-02,7.485488802194595337e-02
-1.820093840360641479e-01,-8.673582226037979126e-02,7.485488802194595337e-02
-1.819754093885421753e-01,-8.664829283952713013e-02,7.513014227151870728e-02
-1.819754093885421753e-01,-8.664829283952713013e-02,7.513014227151870728e-02
-1.819413900375366211e-01,-8.656046539545059204e-02,7.540585100650787354e-02
-1.819413900375366211e-01,-8.656046539545059204e-02,7.540585100650787354e-02
-1.819073110818862915e-01,-8.647233992815017700e-02,7.568200677633285522e-02
-1.819073110818862915e-01,-8.647233992815017700e-02,7.568200677633285522e-02
-1.818731576204299927e-01,-8.638390898704528809e-02,7.595859467983245850e-02
-1.818731576204299927e-01,-8.638390898704528809e-02,7.595859467983245850e-02
-1.818389594554901123e-01,-8.629517257213592529e-02,7.623563706874847412e-02
-1.818389594554901123e-01,-8.629517257213592529e-02,7.623563706874847412e-02
-1.818046867847442627e-01,-8.620616048574447632e-02,7.651314139366149902e-02
-1.818046867847442627e-01,-8.620616048574447632e-02,7.651314139366149902e-02
-1.817703843116760254e-01,-8.611683547496795654e-02,7.679110020399093628e-02
-1.817703843116760254e-01,-8.611683547496795654e-02,7.679110020399093628e-02
-1.817359924316406250e-01,-8.602722734212875366e-02,7.706951349973678589e-02
-1.817359924316406250e-01,-8.602722734212875366e-02,7.706951349973678589e-02
-1.817015409469604492e-01,-8.593730628490447998e-02,7.734839618206024170e-02
-1.817015409469604492e-01,-8.593730628490447998e-02,7.734839618206024170e-02
-1.816670447587966919e-01,-8.584710955619812012e-02,7.762774825096130371e-02
-1.816670447587966919e-01,-8.584710955619812012e-02,7.762774825096130371e-02
-1.816324740648269653e-01,-8.575662225484848022e-02,7.790756225585937500e-02
-1.816324740648269653e-01,-8.575662225484848022e-02,7.790756225585937500e-02
-1.815978735685348511e-01,-8.566584438085556030e-02,7.818785309791564941e-02
-1.815978735685348511e-01,-8.566584438085556030e-02,7.818785309791564941e-02
-1.815631985664367676e-01,-8.557478338479995728e-02,7.846862822771072388e-02
-1.815631985664367676e-01,-8.557478338479995728e-02,7.846862822771072388e-02
-1.815284639596939087e-01,-8.548343181610107422e-02,7.874987274408340454e-02
-1.815284639596939087e-01,-8.548343181610107422e-02,7.874987274408340454e-02
-1.814936846494674683e-01,-8.539178222417831421e-02,7.903159409761428833e-02
-1.814936846494674683e-01,-8.539178222417831421e-02,7.903159409761428833e-02
-1.814588457345962524e-01,-8.529987931251525879e-02,7.931381464004516602e-02
-1.814588457345962524e-01,-8.529987931251525879e-02,7.931381464004516602e-02
-1.814239472150802612e-01,-8.520766347646713257e-02,7.959651201963424683e-02
-1.814239472150802612e-01,-8.520766347646713257e-02,7.959651201963424683e-02
-1.813890039920806885e-01,-8.511518687009811401e-02,7.987970113754272461e-02
-1.813890039920806885e-01,-8.511518687009811401e-02,7.987970113754272461e-02
-1.813539862632751465e-01,-8.502241969108581543e-02,8.016338944435119629e-02
-1.813539862632751465e-01,-8.502241969108581543e-02,8.016338944435119629e-02
-1.813189536333084106e-01,-8.492936939001083374e-02,8.044756203889846802e-02
-1.813189536333084106e-01,-8.492936939001083374e-02,8.044756203889846802e-02
-1.812838464975357056e-01,-8.483605831861495972e-02,8.073224872350692749e-02
-1.812838464975357056e-01,-8.483605831861495972e-02,8.073224872350692749e-02
-1.812486946582794189e-01,-8.474246412515640259e-02,8.101744204759597778e-02
-1.812486946582794189e-01,-8.474246412515640259e-02,8.101744204759597778e-02
-1.812134683132171631e-01,-8.464858680963516235e-02,8.130312711000442505e-02
-1.812134683132171631e-01,-8.464858680963516235e-02,8.130312711000442505e-02
-1.811782121658325195e-01,-8.455444872379302979e-02,8.158934116363525391e-02
-1.811782121658325195e-01,-8.455444872379302979e-02,8.158934116363525391e-02
-1.811428815126419067e-01,-8.446002751588821411e-02,8.187604695558547974e-02
-1.811428815126419067e-01,-8.446002751588821411e-02,8.187604695558547974e-02
-1.811075061559677124e-01,-8.436534553766250610e-02,8.216328173875808716e-02
-1.811075061559677124e-01,-8.436534553766250610e-02,8.216328173875808716e-02
-1.810720860958099365e-01,-8.427040278911590576e-02,8.245102316141128540e-02
-1.810720860958099365e-01,-8.427040278911590576e-02,8.245102316141128540e-02
-1.810366064310073853e-01,-8.417518436908721924e-02,8.273929357528686523e-02
-1.810366064310073853e-01,-8.417518436908721924e-02,8.273929357528686523e-02
-1.810011118650436401e-01,-8.407969772815704346e-02,8.302808552980422974e-02
-1.810011118650436401e-01,-8.407969772815704346e-02,8.302808552980422974e-02
-1.809655129909515381e-01,-8.398393541574478149e-02,8.331741392612457275e-02
-1.809655129909515381e-01,-8.398393541574478149e-02,8.331741392612457275e-02
-1.809299290180206299e-01,-8.388792723417282104e-02,8.360726386308670044e-02
-1.809299290180206299e-01,-8.388792723417282104e-02,8.360726386308670044e-02
-1.808942407369613647e-01,-8.379165083169937134e-02,8.389765024185180664e-02
-1.808942407369613647e-01,-8.379165083169937134e-02,8.389765024185180664e-02
-1.808585375547409058e-01,-8.369511365890502930e-02,8.418857306241989136e-02
-1.808585375547409058e-01,-8.369511365890502930e-02,8.418857306241989136e-02
-1.808227598667144775e-01,-8.359830826520919800e-02,8.448003232479095459e-02
-1.808227598667144775e-01,-8.359830826520919800e-02,8.448003232479095459e-02
-1.807869672775268555e-01,-8.350125700235366821e-02,8.477203547954559326e-02
-1.807869672775268555e-01,-8.350125700235366821e-02,8.477203547954559326e-02
-1.807511150836944580e-01,-8.340394496917724609e-02,8.506458997726440430e-02
-1.807511150836944580e-01,-8.340394496917724609e-02,8.506458997726440430e-02
-1.807152181863784790e-01,-8.330637961626052856e-02,8.535768836736679077e-02
-1.807152181863784790e-01,-8.330637961626052856e-02,8.535768836736679077e-02
-1.806792616844177246e-01,-8.320854604244232178e-02,8.565134555101394653e-02
-1.806792616844177246e-01,-8.320854604244232178e-02,8.565134555101394653e-02
-1.806432902812957764e-01,-8.311047405004501343e-02,8.594555407762527466e-02
-1.806432902812957764e-01,-8.311047405004501343e-02,8.594555407762527466e-02
-1.806072294712066650e-01,-8.301214128732681274e-02,8.624032139778137207e-02
-1.806072294712066650e-01,-8.301214128732681274e-02,8.624032139778137207e-02
-1.805711686611175537e-01,-8.291357755661010742e-02,8.653564751148223877e-02
-1.805711686611175537e-01,-8.291357755661010742e-02,8.653564751148223877e-02
-1.805350333452224731e-01,-8.281475305557250977e-02,8.683153241872787476e-02
-1.805350333452224731e-01,-8.281475305557250977e-02,8.683153241872787476e-02
-1.804988831281661987e-01,-8.271567523479461670e-02,8.712799847126007080e-02
-1.804988831281661987e-01,-8.271567523479461670e-02,8.712799847126007080e-02
-1.804626733064651489e-01,-8.261635154485702515e-02,8.742501586675643921e-02
-1.804626733064651489e-01,-8.261635154485702515e-02,8.742501586675643921e-02
-1.804264187812805176e-01,-8.251679688692092896e-02,8.772262185811996460e-02
-1.804264187812805176e-01,-8.251679688692092896e-02,8.772262185811996460e-02
-1.803901195526123047e-01,-8.241698145866394043e-02,8.802080154418945312e-02
-1.803901195526123047e-01,-8.241698145866394043e-02,8.802080154418945312e-02
-1.803537756204605103e-01,-8.231693506240844727e-02,8.831956237554550171e-02
-1.803537756204605103e-01,-8.231693506240844727e-02,8.831956237554550171e-02
-1.803174167871475220e-01,-8.221663534641265869e-02,8.861890435218811035e-02
-1.803174167871475220e-01,-8.221663534641265869e-02,8.861890435218811035e-02
-1.802809834480285645e-01,-8.211611211299896240e-02,8.891882747411727905e-02
-1.802809834480285645e-01,-8.211611211299896240e-02,8.891882747411727905e-02
-1.802445203065872192e-01,-8.201535046100616455e-02,8.921934664249420166e-02
-1.802445203065872192e-01,-8.201535046100616455e-02,8.921934664249420166e-02
-1.802080422639846802e-01,-8.191432803869247437e-02,8.952045440673828125e-02
-1.802080422639846802e-01,-8.191432803869247437e-02,8.952045440673828125e-02
-1.801715046167373657e-01,-8.181310445070266724e-02,8.982215821743011475e-02
-1.801715046167373657e-01,-8.181310445070266724e-02,8.982215821743011475e-02
-1.801349222660064697e-01,-8.171162009239196777e-02,9.012446552515029907e-02
-1.801349222660064697e-01,-8.171162009239196777e-02,9.012446552515029907e-02
-1.800982952117919922e-01,-8.160990476608276367e-02,9.042735397815704346e-02
-1.800982952117919922e-01,-8.160990476608276367e-02,9.042735397815704346e-02
-1.800616681575775146e-01,-8.150797337293624878e-02,9.073086082935333252e-02
-1.800616681575775146e-01,-8.150797337293624878e-02,9.073086082935333252e-02
-1.800249665975570679e-01,-8.140580356121063232e-02,9.103497117757797241e-02
-1.800249665975570679e-01,-8.140580356121063232e-02,9.103497117757797241e-02
-1.799882501363754272e-01,-8.130340278148651123e-02,9.133969247341156006e-02
-1.799882501363754272e-01,-8.130340278148651123e-02,9.133969247341156006e-02
-1.799514591693878174e-01,-8.120077848434448242e-02,9.164502471685409546e-02
-1.799514591693878174e-01,-8.120077848434448242e-02,9.164502471685409546e-02
-1.799146980047225952e-01,-8.109793066978454590e-02,9.195098280906677246e-02
-1.799146980047225952e-01,-8.109793066978454590e-02,9.195098280906677246e-02
-1.798778325319290161e-01,-8.099485188722610474e-02,9.225755929946899414e-02
-1.798778325319290161e-01,-8.099485188722610474e-02,9.225755929946899414e-02
-1.798409819602966309e-01,-8.089154958724975586e-02,9.256474673748016357e-02
-1.798409819602966309e-01,-8.089154958724975586e-02,9.256474673748016357e-02
-1.798040717840194702e-01,-8.078802376985549927e-02,9.287256747484207153e-02
-1.798040717840194702e-01,-8.078802376985549927e-02,9.287256747484207153e-02
-1.797671318054199219e-01,-8.068427443504333496e-02,9.318100661039352417e-02
-1.797671318054199219e-01,-8.068427443504333496e-02,9.318100661039352417e-02
-1.797301471233367920e-01,-8.058030903339385986e-02,9.349009394645690918e-02
-1.797301471233367920e-01,-8.058030903339385986e-02,9.349009394645690918e-02
-1.796931475400924683e-01,-8.047613501548767090e-02,9.379979968070983887e-02
-1.796931475400924683e-01,-8.047613501548767090e-02,9.379979968070983887e-02
-1.796561181545257568e-01,-8.037173748016357422e-02,9.411015361547470093e-02
-1.796561181545257568e-01,-8.037173748016357422e-02,9.411015361547470093e-02
-1.796190291643142700e-01,-8.026712387800216675e-02,9.442114084959030151e-02
-1.796190291643142700e-01,-8.026712387800216675e-02,9.442114084959030151e-02
-1.795819252729415894e-01,-8.016229420900344849e-02,9.473277628421783447e-02
-1.795819252729415894e-01,-8.016229420900344849e-02,9.473277628421783447e-02
-1.795447915792465210e-01,-8.005724847316741943e-02,9.504505246877670288e-02
-1.795447915792465210e-01,-8.005724847316741943e-02,9.504505246877670288e-02
-1.795076280832290649e-01,-7.995200157165527344e-02,9.535799175500869751e-02
-1.795076280832290649e-01,-7.995200157165527344e-02,9.535799175500869751e-02
-1.794704198837280273e-01,-7.984653860330581665e-02,9.567157924175262451e-02
-1.794704198837280273e-01,-7.984653860330581665e-02,9.567157924175262451e-02
-1.794331818819046021e-01,-7.974086701869964600e-02,9.598580747842788696e-02
-1.794331818819046021e-01,-7.974086701869964600e-02,9.598580747842788696e-02
-1.793959289789199829e-01,-7.963498681783676147e-02,9.630071371793746948e-02
-1.793959289789199829e-01,-7.963498681783676147e-02,9.630071371793746948e-02
-1.793586611747741699e-01,-7.952890545129776001e-02,9.661627560853958130e-02
-1.793586611747741699e-01,-7.952890545129776001e-02,9.661627560853958130e-02
-1.793213188648223877e-01,-7.942262291908264160e-02,9.693250060081481934e-02
-1.793213188648223877e-01,-7.942262291908264160e-02,9.693250060081481934e-02
-1.792839765548706055e-01,-7.931611686944961548e-02,9.724939614534378052e-02
-1.792839765548706055e-01,-7.931611686944961548e-02,9.724939614534378052e-02
-1.792466044425964355e-01,-7.920941710472106934e-02,9.756696224212646484e-02
-1.792466044425964355e-01,-7.920941710472106934e-02,9.756696224212646484e-02
-1.792092174291610718e-01,-7.910253107547760010e-02,9.788519889116287231e-02
-1.792092174291610718e-01,-7.910253107547760010e-02,9.788519889116287231e-02
-1.791717708110809326e-01,-7.899543642997741699e-02,9.820412099361419678e-02
-1.791717708110809326e-01,-7.899543642997741699e-02,9.820412099361419678e-02
-1.791343092918395996e-01,-7.888814806938171387e-02,9.852371364831924438e-02
-1.791343092918395996e-01,-7.888814806938171387e-02,9.852371364831924438e-02
-1.790968328714370728e-01,-7.878065109252929688e-02,9.884399175643920898e-02
-1.790968328714370728e-01,-7.878065109252929688e-02,9.884399175643920898e-02
-1.790593266487121582e-01,-7.867296785116195679e-02,9.916495531797409058e-02
-1.790593266487121582e-01,-7.867296785116195679e-02,9.916495531797409058e-02
-1.790217906236648560e-01,-7.856509089469909668e-02,9.948662668466567993e-02
-1.790217906236648560e-01,-7.856509089469909668e-02,9.948662668466567993e-02
-1.789842247962951660e-01,-7.845701277256011963e-02,9.980896115303039551e-02
-1.789842247962951660e-01,-7.845701277256011963e-02,9.980896115303039551e-02
-1.789466440677642822e-01,-7.834874838590621948e-02,1.001320183277130127e-01
-1.789466440677642822e-01,-7.834874838590621948e-02,1.001320183277130127e-01
-1.789090484380722046e-01,-7.824029773473739624e-02,1.004557609558105469e-01
-1.789090484380722046e-01,-7.824029773473739624e-02,1.004557609558105469e-01
-1.788714081048965454e-01,-7.813165336847305298e-02,1.007801964879035950e-01
-1.788714081048965454e-01,-7.813165336847305298e-02,1.007801964879035950e-01
-1.788337677717208862e-01,-7.802282273769378662e-02,1.011053472757339478e-01
-1.788337677717208862e-01,-7.802282273769378662e-02,1.011053472757339478e-01
-1.787960678339004517e-01,-7.791381329298019409e-02,1.014312133193016052e-01
-1.787960678339004517e-01,-7.791381329298019409e-02,1.014312133193016052e-01
-1.787583827972412109e-01,-7.780461013317108154e-02,1.017577797174453735e-01
-1.787583827972412109e-01,-7.780461013317108154e-02,1.017577797174453735e-01
-1.787206530570983887e-01,-7.769522815942764282e-02,1.020850688219070435e-01
-1.787206530570983887e-01,-7.769522815942764282e-02,1.020850688219070435e-01
-1.786829233169555664e-01,-7.758565247058868408e-02,1.024130657315254211e-01
-1.786829233169555664e-01,-7.758565247058868408e-02,1.024130657315254211e-01
-1.786451637744903564e-01,-7.747590541839599609e-02,1.027417778968811035e-01
-1.786451637744903564e-01,-7.747590541839599609e-02,1.027417778968811035e-01
-1.786073744297027588e-01,-7.736598700284957886e-02,1.030712202191352844e-01
-1.786073744297027588e-01,-7.736598700284957886e-02,1.030712202191352844e-01
-1.785695552825927734e-01,-7.725588232278823853e-02,1.034013852477073669e-01
-1.785695552825927734e-01,-7.725588232278823853e-02,1.034013852477073669e-01
-1.785317361354827881e-01,-7.714559137821197510e-02,1.037322878837585449e-01
-1.785317361354827881e-01,-7.714559137821197510e-02,1.037322878837585449e-01
-1.784939020872116089e-01,-7.703513652086257935e-02,1.040639206767082214e-01
-1.784939020872116089e-01,-7.703513652086257935e-02,1.040639206767082214e-01
-1.784560382366180420e-01,-7.692451030015945435e-02,1.043962761759757996e-01
-1.784560382366180420e-01,-7.692451030015945435e-02,1.043962761759757996e-01
-1.784181445837020874e-01,-7.681370526552200317e-02,1.047293841838836670e-01
-1.784181445837020874e-01,-7.681370526552200317e-02,1.047293841838836670e-01
-1.783802509307861328e-01,-7.670272886753082275e-02,1.050632372498512268e-01
-1.783802509307861328e-01,-7.670272886753082275e-02,1.050632372498512268e-01
-1.783423423767089844e-01,-7.659158855676651001e-02,1.053978279232978821e-01
-1.783423423767089844e-01,-7.659158855676651001e-02,1.053978279232978821e-01
-1.783044040203094482e-01,-7.648027688264846802e-02,1.057331562042236328e-01
-1.783044040203094482e-01,-7.648027688264846802e-02,1.057331562042236328e-01
-1.782664656639099121e-01,-7.636879384517669678e-02,1.060692518949508667e-01
-1.782664656639099121e-01,-7.636879384517669678e-02,1.060692518949508667e-01
-1.782284975051879883e-01,-7.625714689493179321e-02,1.064060926437377930e-01
-1.782284975051879883e-01,-7.625714689493179321e-02,1.064060926437377930e-01
-1.781905144453048706e-01,-7.614533603191375732e-02,1.067436859011650085e-01
-1.781905144453048706e-01,-7.614533603191375732e-02,1.067436859011650085e-01
-1.781525164842605591e-01,-7.603336125612258911e-02,1.070820614695549011e-01
-1.781525164842605591e-01,-7.603336125612258911e-02,1.070820614695549011e-01
-1.781145036220550537e-01,-7.592122256755828857e-02,1.074211597442626953e-01
-1.781145036220550537e-01,-7.592122256755828857e-02,1.074211597442626953e-01
-1.780764758586883545e-01,-7.580892741680145264e-02,1.077610626816749573e-01
-1.780764758586883545e-01,-7.580892741680145264e-02,1.077610626816749573e-01
-1.780384331941604614e-01,-7.569647580385208130e-02,1.081017255783081055e-01
-1.780384331941604614e-01,-7.569647580385208130e-02,1.081017255783081055e-01
-1.780003905296325684e-01,-7.558385282754898071e-02,1.084431484341621399e-01
-1.780003905296325684e-01,-7.558385282754898071e-02,1.084431484341621399e-01
-1.779623180627822876e-01,-7.547108083963394165e-02,1.087853461503982544e-01
-1.779623180627822876e-01,-7.547108083963394165e-02,1.087853461503982544e-01
-1.779242455959320068e-01,-7.535815238952636719e-02,1.091283336281776428e-01
-1.779242455959320068e-01,-7.535815238952636719e-02,1.091283336281776428e-01
-1.778861582279205322e-01,-7.524507492780685425e-02,1.094720810651779175e-01
-1.778861582279205322e-01,-7.524507492780685425e-02,1.094720810651779175e-01
-1.778480708599090576e-01,-7.513184100389480591e-02,1.098166331648826599e-01
-1.778480708599090576e-01,-7.513184100389480591e-02,1.098166331648826599e-01
-1.778099387884140015e-01,-7.501845806837081909e-02,1.101619675755500793e-01
-1.778099387884140015e-01,-7.501845806837081909e-02,1.101619675755500793e-01
-1.777718216180801392e-01,-7.490491867065429688e-02,1.105080842971801758e-01
-1.777718216180801392e-01,-7.490491867065429688e-02,1.105080842971801758e-01
-1.777336746454238892e-01,-7.479124516248703003e-02,1.108550056815147400e-01
-1.777336746454238892e-01,-7.479124516248703003e-02,1.108550056815147400e-01
-1.776955425739288330e-01,-7.467740029096603394e-02,1.112027242779731750e-01
-1.776955425739288330e-01,-7.467740029096603394e-02,1.112027242779731750e-01
-1.776573956012725830e-01,-7.456343621015548706e-02,1.115512326359748840e-01
-1.776573956012725830e-01,-7.456343621015548706e-02,1.115512326359748840e-01
-1.776192188262939453e-01,-7.444930821657180786e-02,1.119005605578422546e-01
-1.776192188262939453e-01,-7.444930821657180786e-02,1.119005605578422546e-01
-1.775810569524765015e-01,-7.433504611253738403e-02,1.122506707906723022e-01
-1.775810569524765015e-01,-7.433504611253738403e-02,1.122506707906723022e-01
-1.775428652763366699e-01,-7.422063499689102173e-02,1.126016005873680115e-01
-1.775428652763366699e-01,-7.422063499689102173e-02,1.126016005873680115e-01
-1.775046885013580322e-01,-7.410608232021331787e-02,1.129533499479293823e-01
-1.775046885013580322e-01,-7.410608232021331787e-02,1.129533499479293823e-01
-1.774665117263793945e-01,-7.399140298366546631e-02,1.133059114217758179e-01
-1.774665117263793945e-01,-7.399140298366546631e-02,1.133059114217758179e-01
-1.774283051490783691e-01,-7.387657463550567627e-02,1.136592775583267212e-01
-1.774283051490783691e-01,-7.387657463550567627e-02,1.136592775583267212e-01
-1.773900836706161499e-01,-7.376161217689514160e-02,1.140134781599044800e-01
-1.773900836706161499e-01,-7.376161217689514160e-02,1.140134781599044800e-01
-1.773518770933151245e-01,-7.364651560783386230e-02,1.143684908747673035e-01
-1.773518770933151245e-01,-7.364651560783386230e-02,1.143684908747673035e-01
-1.773136705160140991e-01,-7.353128492832183838e-02,1.147243380546569824e-01
-1.773136705160140991e-01,-7.353128492832183838e-02,1.147243380546569824e-01
-1.772754341363906860e-01,-7.341592758893966675e-02,1.150810047984123230e-01
-1.772754341363906860e-01,-7.341592758893966675e-02,1.150810047984123230e-01
-1.772372126579284668e-01,-7.330042868852615356e-02,1.154385209083557129e-01
-1.772372126579284668e-01,-7.330042868852615356e-02,1.154385209083557129e-01
-1.771989911794662476e-01,-7.318479567766189575e-02,1.157968565821647644e-01
-1.771989911794662476e-01,-7.318479567766189575e-02,1.157968565821647644e-01
-1.771607547998428345e-01,-7.306904345750808716e-02,1.161560490727424622e-01
-1.771607547998428345e-01,-7.306904345750808716e-02,1.161560490727424622e-01
-1.771225035190582275e-01,-7.295317202806472778e-02,1.165160685777664185e-01
-1.771225035190582275e-01,-7.295317202806472778e-02,1.165160685777664185e-01
-1.770842969417572021e-01,-7.283716648817062378e-02,1.168769523501396179e-01
-1.770842969417572021e-01,-7.283716648817062378e-02,1.168769523501396179e-01
-1.770460456609725952e-01,-7.272103428840637207e-02,1.172386780381202698e-01
-1.770460456609725952e-01,-7.272103428840637207e-02,1.172386780381202698e-01
-1.770077943801879883e-01,-7.260477542877197266e-02,1.176012381911277771e-01
-1.770077943801879883e-01,-7.260477542877197266e-02,1.176012381911277771e-01
-1.769695580005645752e-01,-7.248839735984802246e-02,1.179646626114845276e-01
-1.769695580005645752e-01,-7.248839735984802246e-02,1.179646626114845276e-01
-1.769313067197799683e-01,-7.237190753221511841e-02,1.183289512991905212e-01
-1.769313067197799683e-01,-7.237190753221511841e-02,1.183289512991905212e-01
-1.768930554389953613e-01,-7.225528359413146973e-02,1.186940893530845642e-01
-1.768930554389953613e-01,-7.225528359413146973e-02,1.186940893530845642e-01
-1.768548041582107544e-01,-7.213855534791946411e-02,1.190600991249084473e-01
-1.768548041582107544e-01,-7.213855534791946411e-02,1.190600991249084473e-01
-1.768165677785873413e-01,-7.202170044183731079e-02,1.194269806146621704e-01
-1.768165677785873413e-01,-7.202170044183731079e-02,1.194269806146621704e-01
-1.767783164978027344e-01,-7.190473377704620361e-02,1.197947114706039429e-01
-1.767783164978027344e-01,-7.190473377704620361e-02,1.197947114706039429e-01
-1.767400652170181274e-01,-7.178765535354614258e-02,1.201633289456367493e-01
-1.767400652170181274e-01,-7.178765535354614258e-02,1.201633289456367493e-01
-1.767018437385559082e-01,-7.167045772075653076e-02,1.205328330397605896e-01
-1.767018437385559082e-01,-7.167045772075653076e-02,1.205328330397605896e-01
-1.766636073589324951e-01,-7.155315577983856201e-02,1.209032014012336731e-01
-1.766636073589324951e-01,-7.155315577983856201e-02,1.209032014012336731e-01
-1.766253709793090820e-01,-7.143574953079223633e-02,1.212744489312171936e-01
-1.766253709793090820e-01,-7.143574953079223633e-02,1.212744489312171936e-01
-1.765871345996856689e-01,-7.131822407245635986e-02,1.216465905308723450e-01
-1.765871345996856689e-01,-7.131822407245635986e-02,1.216465905308723450e-01
-1.765488833189010620e-01,-7.120059430599212646e-02,1.220196112990379333e-01
-1.765488833189010620e-01,-7.120059430599212646e-02,1.220196112990379333e-01
-1.765106618404388428e-01,-7.108286023139953613e-02,1.223935335874557495e-01
-1.765106618404388428e-01,-7.108286023139953613e-02,1.223935335874557495e-01
-1.764724552631378174e-01,-7.096501439809799194e-02,1.227683424949645996e-01
-1.764724552631378174e-01,-7.096501439809799194e-02,1.227683424949645996e-01
-1.764342337846755981e-01,-7.084707170724868774e-02,1.231440603733062744e-01
-1.764342337846755981e-01,-7.084707170724868774e-02,1.231440603733062744e-01
-1.763960272073745728e-01,-7.072903215885162354e-02,1.235206648707389832e-01
-1.763960272073745728e-01,-7.072903215885162354e-02,1.235206648707389832e-01
-1.763578206300735474e-01,-7.061088830232620239e-02,1.238981783390045166e-01
-1.763578206300735474e-01,-7.061088830232620239e-02,1.238981783390045166e-01
-1.763196140527725220e-01,-7.049264013767242432e-02,1.242765933275222778e-01
-1.763196140527725220e-01,-7.049264013767242432e-02,1.242765933275222778e-01
-1.762814223766326904e-01,-7.037429511547088623e-02,1.246559172868728638e-01
-1.762814223766326904e-01,-7.037429511547088623e-02,1.246559172868728638e-01
-1.762432456016540527e-01,-7.025585323572158813e-02,1.250361502170562744e-01
-1.762432456016540527e-01,-7.025585323572158813e-02,1.250361502170562744e-01
-1.762050688266754150e-01,-7.013732194900512695e-02,1.254173219203948975e-01
-1.762050688266754150e-01,-7.013732194900512695e-02,1.254173219203948975e-01
-1.761668920516967773e-01,-7.001869380474090576e-02,1.257993876934051514e-01
-1.761668920516967773e-01,-7.001869380474090576e-02,1.257993876934051514e-01
-1.761287301778793335e-01,-6.989996880292892456e-02,1.261823922395706177e-01
-1.761287301778793335e-01,-6.989996880292892456e-02,1.261823922395706177e-01
-1.760905832052230835e-01,-6.978116184473037720e-02,1.265663057565689087e-01
-1.760905832052230835e-01,-6.978116184473037720e-02,1.265663057565689087e-01
-1.760524511337280273e-01,-6.966225802898406982e-02,1.269511580467224121e-01
-1.760524511337280273e-01,-6.966225802898406982e-02,1.269511580467224121e-01
-1.760142892599105835e-01,-6.954326480627059937e-02,1.273369491100311279e-01
-1.760142892599105835e-01,-6.954326480627059937e-02,1.273369491100311279e-01
-1.759761869907379150e-01,-6.942418962717056274e-02,1.277236342430114746e-01
-1.759761869907379150e-01,-6.942418962717056274e-02,1.277236342430114746e-01
-1.759380847215652466e-01,-6.930502504110336304e-02,1.281113028526306152e-01
-1.759380847215652466e-01,-6.930502504110336304e-02,1.281113028526306152e-01
-1.758999824523925781e-01,-6.918577104806900024e-02,1.284998953342437744e-01
-1.758999824523925781e-01,-6.918577104806900024e-02,1.284998953342437744e-01
-1.758618950843811035e-01,-6.906644254922866821e-02,1.288894265890121460e-01
-1.758618950843811035e-01,-6.906644254922866821e-02,1.288894265890121460e-01
-1.758238077163696289e-01,-6.894703209400177002e-02,1.292798966169357300e-01
-1.758238077163696289e-01,-6.894703209400177002e-02,1.292798966169357300e-01
-1.757857501506805420e-01,-6.882753968238830566e-02,1.296713352203369141e-01
-1.757857501506805420e-01,-6.882753968238830566e-02,1.296713352203369141e-01
-1.757476925849914551e-01,-6.870796531438827515e-02,1.300637125968933105e-01
-1.757476925849914551e-01,-6.870796531438827515e-02,1.300637125968933105e-01
-1.757096648216247559e-01,-6.858831644058227539e-02,1.304570585489273071e-01
-1.757096648216247559e-01,-6.858831644058227539e-02,1.304570585489273071e-01
-1.756716370582580566e-01,-6.846858561038970947e-02,1.308513432741165161e-01
-1.756716370582580566e-01,-6.846858561038970947e-02,1.308513432741165161e-01
-1.756336241960525513e-01,-6.834878027439117432e-02,1.312465965747833252e-01
-1.756336241960525513e-01,-6.834878027439117432e-02,1.312465965747833252e-01
-1.755956411361694336e-01,-6.822890788316726685e-02,1.316428184509277344e-01
-1.755956411361694336e-01,-6.822890788316726685e-02,1.316428184509277344e-01
-1.755576580762863159e-01,-6.810896098613739014e-02,1.320400089025497437e-01
-1.755576580762863159e-01,-6.810896098613739014e-02,1.320400089025497437e-01
-1.755196899175643921e-01,-6.798893958330154419e-02,1.324381530284881592e-01
-1.755196899175643921e-01,-6.798893958330154419e-02,1.324381530284881592e-01
-1.754817366600036621e-01,-6.786884367465972900e-02,1.328372955322265625e-01
-1.754817366600036621e-01,-6.786884367465972900e-02,1.328372955322265625e-01
-1.754438132047653198e-01,-6.774868816137313843e-02,1.332374066114425659e-01
-1.754438132047653198e-01,-6.774868816137313843e-02,1.332374066114425659e-01
-1.754059046506881714e-01,-6.762845814228057861e-02,1.336384862661361694e-01
-1.754059046506881714e-01,-6.762845814228057861e-02,1.336384862661361694e-01
-1.753680109977722168e-01,-6.750816851854324341e-02,1.340405642986297607e-01
-1.753680109977722168e-01,-6.750816851854324341e-02,1.340405642986297607e-01
-1.753301173448562622e-01,-6.738781183958053589e-02,1.344436109066009521e-01
-1.753301173448562622e-01,-6.738781183958053589e-02,1.344436109066009521e-01
-1.752922683954238892e-01,-6.726740300655364990e-02,1.348476558923721313e-01
-1.752922683954238892e-01,-6.726740300655364990e-02,1.348476558923721313e-01
-1.752544194459915161e-01,-6.714691221714019775e-02,1.352526992559432983e-01
-1.752544194459915161e-01,-6.714691221714019775e-02,1.352526992559432983e-01
-1.752166002988815308e-01,-6.702637672424316406e-02,1.356587260961532593e-01
-1.752166002988815308e-01,-6.702637672424316406e-02,1.356587260961532593e-01
-1.751787960529327393e-01,-6.690577417612075806e-02,1.360657662153244019e-01
-1.751787960529327393e-01,-6.690577417612075806e-02,1.360657662153244019e-01
-1.751410216093063354e-01,-6.678511947393417358e-02,1.364737898111343384e-01
-1.751410216093063354e-01,-6.678511947393417358e-02,1.364737898111343384e-01
-1.751032322645187378e-01,-6.666439771652221680e-02,1.368828266859054565e-01
-1.751032322645187378e-01,-6.666439771652221680e-02,1.368828266859054565e-01
-1.750655174255371094e-01,-6.654363125562667847e-02,1.372928768396377563e-01
-1.750655174255371094e-01,-6.654363125562667847e-02,1.372928768396377563e-01
-1.750278025865554810e-01,-6.642281264066696167e-02,1.377039253711700439e-01
-1.750278025865554810e-01,-6.642281264066696167e-02,1.377039253711700439e-01
-1.749900877475738525e-01,-6.630193442106246948e-02,1.381159722805023193e-01
-1.749900877475738525e-01,-6.630193442106246948e-02,1.381159722805023193e-01
-1.749524325132369995e-01,-6.618101149797439575e-02,1.385290622711181641e-01
-1.749524325132369995e-01,-6.618101149797439575e-02,1.385290622711181641e-01
-1.749147772789001465e-01,-6.606002897024154663e-02,1.389431804418563843e-01
-1.749147772789001465e-01,-6.606002897024154663e-02,1.389431804418563843e-01
-1.748771369457244873e-01,-6.593900173902511597e-02,1.393582969903945923e-01
-1.748771369457244873e-01,-6.593900173902511597e-02,1.393582969903945923e-01
-1.748395413160324097e-01,-6.581792980432510376e-02,1.397744417190551758e-01
-1.748395413160324097e-01,-6.581792980432510376e-02,1.397744417190551758e-01
-1.748019605875015259e-01,-6.569680571556091309e-02,1.401916295289993286e-01
-1.748019605875015259e-01,-6.569680571556091309e-02,1.401916295289993286e-01
-1.747643947601318359e-01,-6.557564437389373779e-02,1.406098306179046631e-01
-1.747643947601318359e-01,-6.557564437389373779e-02,1.406098306179046631e-01
-1.747268736362457275e-01,-6.545443832874298096e-02,1.410290747880935669e-01
-1.747268736362457275e-01,-6.545443832874298096e-02,1.410290747880935669e-01
-1.746893674135208130e-01,-6.533319503068923950e-02,1.414493620395660400e-01
-1.746893674135208130e-01,-6.533319503068923950e-02,1.414493620395660400e-01
-1.746518760919570923e-01,-6.521189957857131958e-02,1.418706774711608887e-01
-1.746518760919570923e-01,-6.521189957857131958e-02,1.418706774711608887e-01
-1.746144294738769531e-01,-6.509058177471160889e-02,1.422930359840393066e-01
-1.746144294738769531e-01,-6.509058177471160889e-02,1.422930359840393066e-01
-1.745769977569580078e-01,-6.496921181678771973e-02,1.427164524793624878e-01
-1.745769977569580078e-01,-6.496921181678771973e-02,1.427164524793624878e-01
-1.745396107435226440e-01,-6.484781205654144287e-02,1.431409269571304321e-01
-1.745396107435226440e-01,-6.484781205654144287e-02,1.431409269571304321e-01
-1.745022237300872803e-01,-6.472637504339218140e-02,1.435664296150207520e-01
-1.745022237300872803e-01,-6.472637504339218140e-02,1.435664296150207520e-01
-1.744648963212966919e-01,-6.460490822792053223e-02,1.439930051565170288e-01
-1.744648963212966919e-01,-6.460490822792053223e-02,1.439930051565170288e-01
-1.744275838136672974e-01,-6.448340415954589844e-02,1.444206386804580688e-01
-1.744275838136672974e-01,-6.448340415954589844e-02,1.444206386804580688e-01
-1.743903011083602905e-01,-6.436186283826828003e-02,1.448493301868438721e-01
-1.743903011083602905e-01,-6.436186283826828003e-02,1.448493301868438721e-01
-1.743530482053756714e-01,-6.424030661582946777e-02,1.452790945768356323e-01
-1.743530482053756714e-01,-6.424030661582946777e-02,1.452790945768356323e-01
-1.743158102035522461e-01,-6.411871314048767090e-02,1.457099169492721558e-01
-1.743158102035522461e-01,-6.411871314048767090e-02,1.457099169492721558e-01
-1.742786169052124023e-01,-6.399708986282348633e-02,1.461418122053146362e-01
-1.742786169052124023e-01,-6.399708986282348633e-02,1.461418122053146362e-01
-1.742414683103561401e-01,-6.387544423341751099e-02,1.465747803449630737e-01
-1.742414683103561401e-01,-6.387544423341751099e-02,1.465747803449630737e-01
-1.742043048143386841e-01,-6.375377625226974487e-02,1.470088362693786621e-01
-1.742043048143386841e-01,-6.375377625226974487e-02,1.470088362693786621e-01
-1.741672307252883911e-01,-6.363208591938018799e-02,1.474439650774002075e-01
-1.741672307252883911e-01,-6.363208591938018799e-02,1.474439650774002075e-01
-1.741301417350769043e-01,-6.351037323474884033e-02,1.478801667690277100e-01
-1.741301417350769043e-01,-6.351037323474884033e-02,1.478801667690277100e-01
-1.740931272506713867e-01,-6.338863819837570190e-02,1.483174711465835571e-01
-1.740931272506713867e-01,-6.338863819837570190e-02,1.483174711465835571e-01
-1.740561127662658691e-01,-6.326688826084136963e-02,1.487558633089065552e-01
-1.740561127662658691e-01,-6.326688826084136963e-02,1.487558633089065552e-01
-1.740191429853439331e-01,-6.314510852098464966e-02,1.491953581571578979e-01
-1.740191429853439331e-01,-6.314510852098464966e-02,1.491953581571578979e-01
-1.739822179079055786e-01,-6.302332133054733276e-02,1.496359407901763916e-01
-1.739822179079055786e-01,-6.302332133054733276e-02,1.496359407901763916e-01
-1.739453077316284180e-01,-6.290151923894882202e-02,1.500775963068008423e-01
-1.739453077316284180e-01,-6.290151923894882202e-02,1.500775963068008423e-01
-1.739084422588348389e-01,-6.277970969676971436e-02,1.505203843116760254e-01
-1.739084422588348389e-01,-6.277970969676971436e-02,1.505203843116760254e-01
-1.738715916872024536e-01,-6.265787780284881592e-02,1.509642601013183594e-01
-1.738715916872024536e-01,-6.265787780284881592e-02,1.509642601013183594e-01
-1.738348305225372314e-01,-6.253604590892791748e-02,1.514092534780502319e-01
-1.738348305225372314e-01,-6.253604590892791748e-02,1.514092534780502319e-01
-1.737980544567108154e-01,-6.241419166326522827e-02,1.518553495407104492e-01
-1.737980544567108154e-01,-6.241419166326522827e-02,1.518553495407104492e-01
-1.737613379955291748e-01,-6.229232996702194214e-02,1.523025780916213989e-01
-1.737613379955291748e-01,-6.229232996702194214e-02,1.523025780916213989e-01
-1.737246364355087280e-01,-6.217046827077865601e-02,1.527509242296218872e-01
-1.737246364355087280e-01,-6.217046827077865601e-02,1.527509242296218872e-01
-1.736879944801330566e-01,-6.204860284924507141e-02,1.532003581523895264e-01
-1.736879944801330566e-01,-6.204860284924507141e-02,1.532003581523895264e-01
-1.736513972282409668e-01,-6.192671880125999451e-02,1.536509543657302856e-01
-1.736513972282409668e-01,-6.192671880125999451e-02,1.536509543657302856e-01
-1.736148297786712646e-01,-6.180484220385551453e-02,1.541026532649993896e-01
-1.736148297786712646e-01,-6.180484220385551453e-02,1.541026532649993896e-01
-1.735782921314239502e-01,-6.168296188116073608e-02,1.545554846525192261e-01
-1.735782921314239502e-01,-6.168296188116073608e-02,1.545554846525192261e-01
-1.735417991876602173e-01,-6.156108528375625610e-02,1.550094485282897949e-01
-1.735417991876602173e-01,-6.156108528375625610e-02,1.550094485282897949e-01
-1.735053509473800659e-01,-6.143920496106147766e-02,1.554645448923110962e-01
-1.735053509473800659e-01,-6.143920496106147766e-02,1.554645448923110962e-01
-1.734689325094223022e-01,-6.131733208894729614e-02,1.559207886457443237e-01
-1.734689325094223022e-01,-6.131733208894729614e-02,1.559207886457443237e-01
-1.734325438737869263e-01,-6.119545549154281616e-02,1.563781648874282837e-01
-1.734325438737869263e-01,-6.119545549154281616e-02,1.563781648874282837e-01
-1.733962446451187134e-01,-6.107359007000923157e-02,1.568366885185241699e-01
-1.733962446451187134e-01,-6.107359007000923157e-02,1.568366885185241699e-01
-1.733599454164505005e-01,-6.095172464847564697e-02,1.572963744401931763e-01
-1.733599454164505005e-01,-6.095172464847564697e-02,1.572963744401931763e-01
-1.733236908912658691e-01,-6.082987040281295776e-02,1.577571928501129150e-01
-1.733236908912658691e-01,-6.082987040281295776e-02,1.577571928501129150e-01
-1.732874810695648193e-01,-6.070802733302116394e-02,1.582191735506057739e-01
-1.732874810695648193e-01,-6.070802733302116394e-02,1.582191735506057739e-01
-1.732513308525085449e-01,-6.058619171380996704e-02,1.586823016405105591e-01
-1.732513308525085449e-01,-6.058619171380996704e-02,1.586823016405105591e-01
-1.732152104377746582e-01,-6.046437099575996399e-02,1.591465771198272705e-01
-1.732152104377746582e-01,-6.046437099575996399e-02,1.591465771198272705e-01
-1.731791496276855469e-01,-6.034255772829055786e-02,1.596120446920394897e-01
-1.731791496276855469e-01,-6.034255772829055786e-02,1.596120446920394897e-01
-1.731431186199188232e-01,-6.022076681256294250e-02,1.600786596536636353e-01
-1.731431186199188232e-01,-6.022076681256294250e-02,1.600786596536636353e-01
-1.731071174144744873e-01,-6.009898334741592407e-02,1.605464518070220947e-01
-1.731071174144744873e-01,-6.009898334741592407e-02,1.605464518070220947e-01
-1.730711758136749268e-01,-5.997722595930099487e-02,1.610154360532760620e-01
-1.730711758136749268e-01,-5.997722595930099487e-02,1.610154360532760620e-01
-1.730352789163589478e-01,-5.985547602176666260e-02,1.614855676889419556e-01
-1.730352789163589478e-01,-5.985547602176666260e-02,1.614855676889419556e-01
-1.729994267225265503e-01,-5.973374843597412109e-02,1.619568914175033569e-01
-1.729994267225265503e-01,-5.973374843597412109e-02,1.619568914175033569e-01
-1.729636341333389282e-01,-5.961204692721366882e-02,1.624293774366378784e-01
-1.729636341333389282e-01,-5.961204692721366882e-02,1.624293774366378784e-01
-1.729278862476348877e-01,-5.949036404490470886e-02,1.629030704498291016e-01
-1.729278862476348877e-01,-5.949036404490470886e-02,1.629030704498291016e-01
-1.728921681642532349e-01,-5.936871096491813660e-02,1.633779406547546387e-01
-1.728921681642532349e-01,-5.936871096491813660e-02,1.633779406547546387e-01
-1.728565245866775513e-01,-5.924707651138305664e-02,1.638540029525756836e-01
-1.728565245866775513e-01,-5.924707651138305664e-02,1.638540029525756836e-01
-1.728208959102630615e-01,-5.912546813488006592e-02,1.643312573432922363e-01
-1.728208959102630615e-01,-5.912546813488006592e-02,1.643312573432922363e-01
-1.727853417396545410e-01,-5.900389328598976135e-02,1.648096889257431030e-01
-1.727853417396545410e-01,-5.900389328598976135e-02,1.648096889257431030e-01
-1.727498173713684082e-01,-5.888234451413154602e-02,1.652893573045730591e-01
-1.727498173713684082e-01,-5.888234451413154602e-02,1.652893573045730591e-01
-1.727143824100494385e-01,-5.876082181930541992e-02,1.657702028751373291e-01
-1.727143824100494385e-01,-5.876082181930541992e-02,1.657702028751373291e-01
-1.726789474487304688e-01,-5.863933265209197998e-02,1.662522554397583008e-01
-1.726789474487304688e-01,-5.863933265209197998e-02,1.662522554397583008e-01
-1.726435869932174683e-01,-5.851788073778152466e-02,1.667355448007583618e-01
-1.726435869932174683e-01,-5.851788073778152466e-02,1.667355448007583618e-01
-1.726082712411880493e-01,-5.839646235108375549e-02,1.672199964523315430e-01
-1.726082712411880493e-01,-5.839646235108375549e-02,1.672199964523315430e-01
-1.725730150938034058e-01,-5.827507376670837402e-02,1.677057147026062012e-01
-1.725730150938034058e-01,-5.827507376670837402e-02,1.677057147026062012e-01
-1.725377887487411499e-01,-5.815372616052627563e-02,1.681925952434539795e-01
-1.725377887487411499e-01,-5.815372616052627563e-02,1.681925952434539795e-01
-1.725026667118072510e-01,-5.803241580724716187e-02,1.686807423830032349e-01
-1.725026667118072510e-01,-5.803241580724716187e-02,1.686807423830032349e-01
-1.724675446748733521e-01,-5.791115015745162964e-02,1.691701114177703857e-01
-1.724675446748733521e-01,-5.791115015745162964e-02,1.691701114177703857e-01
-1.724324971437454224e-01,-5.778992176055908203e-02,1.696606874465942383e-01
-1.724324971437454224e-01,-5.778992176055908203e-02,1.696606874465942383e-01
-1.723974943161010742e-01,-5.766873806715011597e-02,1.701525151729583740e-01
-1.723974943161010742e-01,-5.766873806715011597e-02,1.701525151729583740e-01
-1.723625510931015015e-01,-5.754759535193443298e-02,1.706455498933792114e-01
-1.723625510931015015e-01,-5.754759535193443298e-02,1.706455498933792114e-01
-1.723276674747467041e-01,-5.742649734020233154e-02,1.711398214101791382e-01
-1.723276674747467041e-01,-5.742649734020233154e-02,1.711398214101791382e-01
-1.722928583621978760e-01,-5.730544775724411011e-02,1.716353595256805420e-01
-1.722928583621978760e-01,-5.730544775724411011e-02,1.716353595256805420e-01
-1.722580492496490479e-01,-5.718444287776947021e-02,1.721321195363998413e-01
-1.722580492496490479e-01,-5.718444287776947021e-02,1.721321195363998413e-01
-1.722233444452285767e-01,-5.706349015235900879e-02,1.726301163434982300e-01
-1.722233444452285767e-01,-5.706349015235900879e-02,1.726301163434982300e-01
-1.721886694431304932e-01,-5.694258585572242737e-02,1.731293946504592896e-01
-1.721886694431304932e-01,-5.694258585572242737e-02,1.731293946504592896e-01
-1.721540838479995728e-01,-5.682174116373062134e-02,1.736299097537994385e-01
-1.721540838479995728e-01,-5.682174116373062134e-02,1.736299097537994385e-01
-1.721195280551910400e-01,-5.670093744993209839e-02,1.741316467523574829e-01
-1.721195280551910400e-01,-5.670093744993209839e-02,1.741316467523574829e-01
-1.720850318670272827e-01,-5.658018961548805237e-02,1.746346801519393921e-01
-1.720850318670272827e-01,-5.658018961548805237e-02,1.746346801519393921e-01
-1.720505803823471069e-01,-5.645950511097908020e-02,1.751389652490615845e-01
-1.720505803823471069e-01,-5.645950511097908020e-02,1.751389652490615845e-01
-1.720162034034729004e-01,-5.633887276053428650e-02,1.756445169448852539e-01
-1.720162034034729004e-01,-5.633887276053428650e-02,1.756445169448852539e-01
-1.719818860292434692e-01,-5.621829628944396973e-02,1.761513203382492065e-01
-1.719818860292434692e-01,-5.621829628944396973e-02,1.761513203382492065e-01
-1.719476431608200073e-01,-5.609778687357902527e-02,1.766594201326370239e-01
-1.719476431608200073e-01,-5.609778687357902527e-02,1.766594201326370239e-01
-1.719134449958801270e-01,-5.597733706235885620e-02,1.771687716245651245e-01
-1.719134449958801270e-01,-5.597733706235885620e-02,1.771687716245651245e-01
-1.718792766332626343e-01,-5.585695058107376099e-02,1.776793897151947021e-01
-1.718792766332626343e-01,-5.585695058107376099e-02,1.776793897151947021e-01
-1.718452125787734985e-01,-5.573662370443344116e-02,1.781913191080093384e-01
-1.718452125787734985e-01,-5.573662370443344116e-02,1.781913191080093384e-01
-1.718111932277679443e-01,-5.561636388301849365e-02,1.787045001983642578e-01
-1.718111932277679443e-01,-5.561636388301849365e-02,1.787045001983642578e-01
-1.717772334814071655e-01,-5.549616366624832153e-02,1.792189925909042358e-01
-1.717772334814071655e-01,-5.549616366624832153e-02,1.792189925909042358e-01
-1.717433631420135498e-01,-5.537604168057441711e-02,1.797347515821456909e-01
-1.717433631420135498e-01,-5.537604168057441711e-02,1.797347515821456909e-01
-1.717095375061035156e-01,-5.525598675012588501e-02,1.802518069744110107e-01
-1.717095375061035156e-01,-5.525598675012588501e-02,1.802518069744110107e-01
-1.716757714748382568e-01,-5.513599514961242676e-02,1.807701587677001953e-01
-1.716757714748382568e-01,-5.513599514961242676e-02,1.807701587677001953e-01
-1.716420501470565796e-01,-5.501608178019523621e-02,1.812898069620132446e-01
-1.716420501470565796e-01,-5.501608178019523621e-02,1.812898069620132446e-01
-1.716084182262420654e-01,-5.489623919129371643e-02,1.818107664585113525e-01
-1.716084182262420654e-01,-5.489623919129371643e-02,1.818107664585113525e-01
-1.715748459100723267e-01,-5.477647855877876282e-02,1.823330074548721313e-01
-1.715748459100723267e-01,-5.477647855877876282e-02,1.823330074548721313e-01
-1.715413331985473633e-01,-5.465678125619888306e-02,1.828565746545791626e-01
-1.715413331985473633e-01,-5.465678125619888306e-02,1.828565746545791626e-01
-1.715078949928283691e-01,-5.453716963529586792e-02,1.833814531564712524e-01
-1.715078949928283691e-01,-5.453716963529586792e-02,1.833814531564712524e-01
-1.714745163917541504e-01,-5.441763624548912048e-02,1.839076131582260132e-01
-1.714745163917541504e-01,-5.441763624548912048e-02,1.839076131582260132e-01
-1.714412122964859009e-01,-5.429818108677864075e-02,1.844350993633270264e-01
-1.714412122964859009e-01,-5.429818108677864075e-02,1.844350993633270264e-01
-1.714079678058624268e-01,-5.417880415916442871e-02,1.849639266729354858e-01
-1.714079678058624268e-01,-5.417880415916442871e-02,1.849639266729354858e-01
-1.713747829198837280e-01,-5.405951291322708130e-02,1.854940801858901978e-01
-1.713747829198837280e-01,-5.405951291322708130e-02,1.854940801858901978e-01
-1.713416725397109985e-01,-5.394029989838600159e-02,1.860255450010299683e-01
-1.713416725397109985e-01,-5.394029989838600159e-02,1.860255450010299683e-01
-1.713086366653442383e-01,-5.382118001580238342e-02,1.865583211183547974e-01
-1.713086366653442383e-01,-5.382118001580238342e-02,1.865583211183547974e-01
-1.712756752967834473e-01,-5.370214581489562988e-02,1.870924681425094604e-01
-1.712756752967834473e-01,-5.370214581489562988e-02,1.870924681425094604e-01
-1.712427735328674316e-01,-5.358319729566574097e-02,1.876278966665267944e-01
-1.712427735328674316e-01,-5.358319729566574097e-02,1.876278966665267944e-01
-1.712099313735961914e-01,-5.346433445811271667e-02,1.881646960973739624e-01
-1.712099313735961914e-01,-5.346433445811271667e-02,1.881646960973739624e-01
-1.711771488189697266e-01,-5.334556475281715393e-02,1.887028217315673828e-01
-1.711771488189697266e-01,-5.334556475281715393e-02,1.887028217315673828e-01
-1.711444556713104248e-01,-5.322688445448875427e-02,1.892423033714294434e-01
-1.711444556713104248e-01,-5.322688445448875427e-02,1.892423033714294434e-01
-1.711118221282958984e-01,-5.310830473899841309e-02,1.897831261157989502e-01
-1.711118221282958984e-01,-5.310830473899841309e-02,1.897831261157989502e-01
-1.710792630910873413e-01,-5.298981070518493652e-02,1.903253048658370972e-01
-1.710792630910873413e-01,-5.298981070518493652e-02,1.903253048658370972e-01
-1.710467934608459473e-01,-5.287142097949981689e-02,1.908688247203826904e-01
-1.710467934608459473e-01,-5.287142097949981689e-02,1.908688247203826904e-01
-1.710143834352493286e-01,-5.275312438607215881e-02,1.914136856794357300e-01
-1.710143834352493286e-01,-5.275312438607215881e-02,1.914136856794357300e-01
-1.709820479154586792e-01,-5.263492837548255920e-02,1.919599324464797974e-01
-1.709820479154586792e-01,-5.263492837548255920e-02,1.919599324464797974e-01
-1.709497869014739990e-01,-5.251682922244071960e-02,1.925075352191925049e-01
-1.709497869014739990e-01,-5.251682922244071960e-02,1.925075352191925049e-01
-1.709175854921340942e-01,-5.239883437752723694e-02,1.930564939975738525e-01
-1.709175854921340942e-01,-5.239883437752723694e-02,1.930564939975738525e-01
-1.708854734897613525e-01,-5.228093639016151428e-02,1.936068236827850342e-01
-1.708854734897613525e-01,-5.228093639016151428e-02,1.936068236827850342e-01
-1.708534359931945801e-01,-5.216314271092414856e-02,1.941585242748260498e-01
-1.708534359931945801e-01,-5.216314271092414856e-02,1.941585242748260498e-01
-1.708214581012725830e-01,-5.204546079039573669e-02,1.947115957736968994e-01
-1.708214581012725830e-01,-5.204546079039573669e-02,1.947115957736968994e-01
-1.707895845174789429e-01,-5.192788317799568176e-02,1.952660530805587769e-01
-1.707895845174789429e-01,-5.192788317799568176e-02,1.952660530805587769e-01
-1.707577556371688843e-01,-5.181040987372398376e-02,1.958218961954116821e-01
-1.707577556371688843e-01,-5.181040987372398376e-02,1.958218961954116821e-01
-1.707260161638259888e-01,-5.169304832816123962e-02,1.963791102170944214e-01
-1.707260161638259888e-01,-5.169304832816123962e-02,1.963791102170944214e-01
-1.706943511962890625e-01,-5.157579854130744934e-02,1.969377100467681885e-01
-1.706943511962890625e-01,-5.157579854130744934e-02,1.969377100467681885e-01
-1.706627756357192993e-01,-5.145866051316261292e-02,1.974976807832717896e-01
-1.706627756357192993e-01,-5.145866051316261292e-02,1.974976807832717896e-01
-1.706312447786331177e-01,-5.134163424372673035e-02,1.980590671300888062e-01
-1.706312447786331177e-01,-5.134163424372673035e-02,1.980590671300888062e-01
-1.705998182296752930e-01,-5.122471973299980164e-02,1.986218541860580444e-01
-1.705998182296752930e-01,-5.122471973299980164e-02,1.986218541860580444e-01
-1.705684512853622437e-01,-5.110792443156242371e-02,1.991860121488571167e-01
-1.705684512853622437e-01,-5.110792443156242371e-02,1.991860121488571167e-01
-1.705371886491775513e-01,-5.099124461412429810e-02,1.997515857219696045e-01
-1.705371886491775513e-01,-5.099124461412429810e-02,1.997515857219696045e-01
-1.705059856176376343e-01,-5.087468773126602173e-02,2.003185749053955078e-01
-1.705059856176376343e-01,-5.087468773126602173e-02,2.003185749053955078e-01
-1.704748570919036865e-01,-5.075824633240699768e-02,2.008869647979736328e-01
-1.704748570919036865e-01,-5.075824633240699768e-02,2.008869647979736328e-01
-1.704438477754592896e-01,-5.064192786812782288e-02,2.014567553997039795e-01
-1.704438477754592896e-01,-5.064192786812782288e-02,2.014567553997039795e-01
-1.704128831624984741e-01,-5.052573233842849731e-02,2.020279765129089355e-01
-1.704128831624984741e-01,-5.052573233842849731e-02,2.020279765129089355e-01
-1.703820079565048218e-01,-5.040965601801872253e-02,2.026005834341049194e-01
-1.703820079565048218e-01,-5.040965601801872253e-02,2.026005834341049194e-01
-1.703512072563171387e-01,-5.029371380805969238e-02,2.031746357679367065e-01
-1.703512072563171387e-01,-5.029371380805969238e-02,2.031746357679367065e-01
-1.703204959630966187e-01,-5.017789453268051147e-02,2.037501037120819092e-01
-1.703204959630966187e-01,-5.017789453268051147e-02,2.037501037120819092e-01
-1.702898591756820679e-01,-5.006219819188117981e-02,2.043270021677017212e-01
-1.702898591756820679e-01,-5.006219819188117981e-02,2.043270021677017212e-01
-1.702592968940734863e-01,-4.994663223624229431e-02,2.049053162336349487e-01
-1.702592968940734863e-01,-4.994663223624229431e-02,2.049053162336349487e-01
-1.702288389205932617e-01,-4.983120411634445190e-02,2.054850906133651733e-01
-1.702288389205932617e-01,-4.983120411634445190e-02,2.054850906133651733e-01
-1.701984554529190063e-01,-4.971590265631675720e-02,2.060662657022476196e-01
-1.701984554529190063e-01,-4.971590265631675720e-02,2.060662657022476196e-01
-1.701681613922119141e-01,-4.960073530673980713e-02,2.066489011049270630e-01
-1.701681613922119141e-01,-4.960073530673980713e-02,2.066489011049270630e-01
-1.701379716396331787e-01,-4.948570579290390015e-02,2.072329670190811157e-01
-1.701379716396331787e-01,-4.948570579290390015e-02,2.072329670190811157e-01
-1.701078265905380249e-01,-4.937081038951873779e-02,2.078184783458709717e-01
-1.701078265905380249e-01,-4.937081038951873779e-02,2.078184783458709717e-01
-1.700777709484100342e-01,-4.925604164600372314e-02,2.084054350852966309e-01
-1.700777709484100342e-01,-4.925604164600372314e-02,2.084054350852966309e-01
-1.700478345155715942e-01,-4.914142563939094543e-02,2.089938372373580933e-01
-1.700478345155715942e-01,-4.914142563939094543e-02,2.089938372373580933e-01
-1.700179725885391235e-01,-4.902694374322891235e-02,2.095837146043777466e-01
-1.700179725885391235e-01,-4.902694374322891235e-02,2.095837146043777466e-01
-1.699881851673126221e-01,-4.891260340809822083e-02,2.101750224828720093e-01
-1.699881851673126221e-01,-4.891260340809822083e-02,2.101750224828720093e-01
-1.699584722518920898e-01,-4.879840835928916931e-02,2.107678055763244629e-01
-1.699584722518920898e-01,-4.879840835928916931e-02,2.107678055763244629e-01
-1.699288636445999146e-01,-4.868435487151145935e-02,2.113620489835739136e-01
-1.699288636445999146e-01,-4.868435487151145935e-02,2.113620489835739136e-01
-1.698993444442749023e-01,-4.857044667005538940e-02,2.119577527046203613e-01
-1.698993444442749023e-01,-4.857044667005538940e-02,2.119577527046203613e-01
-1.698699295520782471e-01,-4.845668748021125793e-02,2.125549167394638062e-01
-1.698699295520782471e-01,-4.845668748021125793e-02,2.125549167394638062e-01
-1.698405891656875610e-01,-4.834307357668876648e-02,2.131535559892654419e-01
-1.698405891656875610e-01,-4.834307357668876648e-02,2.131535559892654419e-01
-1.698113232851028442e-01,-4.822960868477821350e-02,2.137537002563476562e-01
-1.698113232851028442e-01,-4.822960868477821350e-02,2.137537002563476562e-01
-1.697821766138076782e-01,-4.811629280447959900e-02,2.143552899360656738e-01
-1.697821766138076782e-01,-4.811629280447959900e-02,2.143552899360656738e-01
-1.697531044483184814e-01,-4.800313338637351990e-02,2.149583697319030762e-01
-1.697531044483184814e-01,-4.800313338637351990e-02,2.149583697319030762e-01
-1.697241216897964478e-01,-4.789012297987937927e-02,2.155629098415374756e-01
-1.697241216897964478e-01,-4.789012297987937927e-02,2.155629098415374756e-01
-1.696952134370803833e-01,-4.777726903557777405e-02,2.161689698696136475e-01
-1.696952134370803833e-01,-4.777726903557777405e-02,2.161689698696136475e-01
-1.696664243936538696e-01,-4.766457527875900269e-02,2.167765051126480103e-01
-1.696664243936538696e-01,-4.766457527875900269e-02,2.167765051126480103e-01
-1.696377247571945190e-01,-4.755203053355216980e-02,2.173855304718017578e-01
-1.696377247571945190e-01,-4.755203053355216980e-02,2.173855304718017578e-01
-1.696090996265411377e-01,-4.743965342640876770e-02,2.179960459470748901e-01
-1.696090996265411377e-01,-4.743965342640876770e-02,2.179960459470748901e-01
-1.695805937051773071e-01,-4.732742905616760254e-02,2.186080813407897949e-01
-1.695805937051773071e-01,-4.732742905616760254e-02,2.186080813407897949e-01
-1.695521473884582520e-01,-4.721537232398986816e-02,2.192216217517852783e-01
-1.695521473884582520e-01,-4.721537232398986816e-02,2.192216217517852783e-01
-1.695238351821899414e-01,-4.710347205400466919e-02,2.198366522789001465e-01
-1.695238351821899414e-01,-4.710347205400466919e-02,2.198366522789001465e-01
-1.694955974817276001e-01,-4.699174314737319946e-02,2.204531878232955933e-01
-1.694955974817276001e-01,-4.699174314737319946e-02,2.204531878232955933e-01
-1.694674491882324219e-01,-4.688017070293426514e-02,2.210712432861328125e-01
-1.694674491882324219e-01,-4.688017070293426514e-02,2.210712432861328125e-01
-1.694394052028656006e-01,-4.676876962184906006e-02,2.216908037662506104e-01
-1.694394052028656006e-01,-4.676876962184906006e-02,2.216908037662506104e-01
-1.694114208221435547e-01,-4.665753617882728577e-02,2.223118841648101807e-01
-1.694114208221435547e-01,-4.665753617882728577e-02,2.223118841648101807e-01
-1.693835854530334473e-01,-4.654647409915924072e-02,2.229344993829727173e-01
-1.693835854530334473e-01,-4.654647409915924072e-02,2.229344993829727173e-01
-1.693558096885681152e-01,-4.643557965755462646e-02,2.235586047172546387e-01
-1.693558096885681152e-01,-4.643557965755462646e-02,2.235586047172546387e-01
-1.693281680345535278e-01,-4.632486030459403992e-02,2.241842746734619141e-01
-1.693281680345535278e-01,-4.632486030459403992e-02,2.241842746734619141e-01
-1.693005859851837158e-01,-4.621430486440658569e-02,2.248114347457885742e-01
-1.693005859851837158e-01,-4.621430486440658569e-02,2.248114347457885742e-01
-1.692731380462646484e-01,-4.610393196344375610e-02,2.254401743412017822e-01
-1.692731380462646484e-01,-4.610393196344375610e-02,2.254401743412017822e-01
-1.692457497119903564e-01,-4.599373415112495422e-02,2.260704040527343750e-01
-1.692457497119903564e-01,-4.599373415112495422e-02,2.260704040527343750e-01
-1.692184805870056152e-01,-4.588371515274047852e-02,2.267021983861923218e-01
-1.692184805870056152e-01,-4.588371515274047852e-02,2.267021983861923218e-01
-1.691913008689880371e-01,-4.577387869358062744e-02,2.273355275392532349e-01
-1.691913008689880371e-01,-4.577387869358062744e-02,2.273355275392532349e-01
-1.691642552614212036e-01,-4.566421359777450562e-02,2.279704064130783081e-01
-1.691642552614212036e-01,-4.566421359777450562e-02,2.279704064130783081e-01
-1.691372543573379517e-01,-4.555473476648330688e-02,2.286068052053451538e-01
-1.691372543573379517e-01,-4.555473476648330688e-02,2.286068052053451538e-01
-1.691104024648666382e-01,-4.544543847441673279e-02,2.292447984218597412e-01
-1.691104024648666382e-01,-4.544543847441673279e-02,2.292447984218597412e-01
-1.690836399793624878e-01,-4.533632844686508179e-02,2.298843264579772949e-01
-1.690836399793624878e-01,-4.533632844686508179e-02,2.298843264579772949e-01
-1.690569669008255005e-01,-4.522739723324775696e-02,2.305254191160202026e-01
-1.690569669008255005e-01,-4.522739723324775696e-02,2.305254191160202026e-01
-1.690303981304168701e-01,-4.511865600943565369e-02,2.311680614948272705e-01
-1.690303981304168701e-01,-4.511865600943565369e-02,2.311680614948272705e-01
-1.690039485692977905e-01,-4.501010477542877197e-02,2.318122535943984985e-01
-1.690039485692977905e-01,-4.501010477542877197e-02,2.318122535943984985e-01
-1.689775884151458740e-01,-4.490173980593681335e-02,2.324580401182174683e-01
-1.689775884151458740e-01,-4.490173980593681335e-02,2.324580401182174683e-01
-1.689513176679611206e-01,-4.479356110095977783e-02,2.331053763628005981e-01
-1.689513176679611206e-01,-4.479356110095977783e-02,2.331053763628005981e-01
-1.689251661300659180e-01,-4.468558356165885925e-02,2.337542921304702759e-01
-1.689251661300659180e-01,-4.468558356165885925e-02,2.337542921304702759e-01
-1.688991039991378784e-01,-4.457779601216316223e-02,2.344047725200653076e-01
-1.688991039991378784e-01,-4.457779601216316223e-02,2.344047725200653076e-01
-1.688731759786605835e-01,-4.447020590305328369e-02,2.350568473339080811e-01
-1.688731759786605835e-01,-4.447020590305328369e-02,2.350568473339080811e-01
-1.688473373651504517e-01,-4.436280578374862671e-02,2.357105165719985962e-01
-1.688473373651504517e-01,-4.436280578374862671e-02,2.357105165719985962e-01
-1.688215881586074829e-01,-4.425560310482978821e-02,2.363657206296920776e-01
-1.688215881586074829e-01,-4.425560310482978821e-02,2.363657206296920776e-01
-1.687959581613540649e-01,-4.414860904216766357e-02,2.370225638151168823e-01
-1.687959581613540649e-01,-4.414860904216766357e-02,2.370225638151168823e-01
-1.687704324722290039e-01,-4.404180496931076050e-02,2.376809567213058472e-01
-1.687704324722290039e-01,-4.404180496931076050e-02,2.376809567213058472e-01
-1.687450110912322998e-01,-4.393520951271057129e-02,2.383409738540649414e-01
-1.687450110912322998e-01,-4.393520951271057129e-02,2.383409738540649414e-01
-1.687197238206863403e-01,-4.382880777120590210e-02,2.390025854110717773e-01
-1.687197238206863403e-01,-4.382880777120590210e-02,2.390025854110717773e-01
-1.686945259571075439e-01,-4.372261837124824524e-02,2.396657615900039673e-01
-1.686945259571075439e-01,-4.372261837124824524e-02,2.396657615900039673e-01
-1.686694324016571045e-01,-4.361663013696670532e-02,2.403305768966674805e-01
-1.686694324016571045e-01,-4.361663013696670532e-02,2.403305768966674805e-01
-1.686444282531738281e-01,-4.351084679365158081e-02,2.409969717264175415e-01
-1.686444282531738281e-01,-4.351084679365158081e-02,2.409969717264175415e-01
-1.686195731163024902e-01,-4.340527579188346863e-02,2.416649907827377319e-01
-1.686195731163024902e-01,-4.340527579188346863e-02,2.416649907827377319e-01
-1.685948073863983154e-01,-4.329991340637207031e-02,2.423346340656280518e-01
-1.685948073863983154e-01,-4.329991340637207031e-02,2.423346340656280518e-01
-1.685701608657836914e-01,-4.319476336240768433e-02,2.430058866739273071e-01
-1.685701608657836914e-01,-4.319476336240768433e-02,2.430058866739273071e-01
-1.685456186532974243e-01,-4.308982565999031067e-02,2.436787635087966919e-01
-1.685456186532974243e-01,-4.308982565999031067e-02,2.436787635087966919e-01
-1.685211807489395142e-01,-4.298510029911994934e-02,2.443532347679138184e-01
-1.685211807489395142e-01,-4.298510029911994934e-02,2.443532347679138184e-01
-1.684968620538711548e-01,-4.288058727979660034e-02,2.450293600559234619e-01
-1.684968620538711548e-01,-4.288058727979660034e-02,2.450293600559234619e-01
-1.684726327657699585e-01,-4.277629032731056213e-02,2.457070648670196533e-01
-1.684726327657699585e-01,-4.277629032731056213e-02,2.457070648670196533e-01
-1.684485375881195068e-01,-4.267220944166183472e-02,2.463864386081695557e-01
-1.684485375881195068e-01,-4.267220944166183472e-02,2.463864386081695557e-01
-1.684245616197586060e-01,-4.256835207343101501e-02,2.470674514770507812e-01
-1.684245616197586060e-01,-4.256835207343101501e-02,2.470674514770507812e-01
-1.684007048606872559e-01,-4.246471077203750610e-02,2.477500885725021362e-01
-1.684007048606872559e-01,-4.246471077203750610e-02,2.477500885725021362e-01
-1.683769375085830688e-01,-4.236129671335220337e-02,2.484343647956848145e-01
-1.683769375085830688e-01,-4.236129671335220337e-02,2.484343647956848145e-01
-1.683532893657684326e-01,-4.225810244679450989e-02,2.491202652454376221e-01
-1.683532893657684326e-01,-4.225810244679450989e-02,2.491202652454376221e-01
-1.683297753334045410e-01,-4.215513169765472412e-02,2.498078495264053345e-01
-1.683297753334045410e-01,-4.215513169765472412e-02,2.498078495264053345e-01
-1.683063507080078125e-01,-4.205238446593284607e-02,2.504970431327819824e-01
-1.683063507080078125e-01,-4.205238446593284607e-02,2.504970431327819824e-01
-1.682830601930618286e-01,-4.194986820220947266e-02,2.511879205703735352e-01
-1.682830601930618286e-01,-4.194986820220947266e-02,2.511879205703735352e-01
-1.682598739862442017e-01,-4.184757173061370850e-02,2.518804371356964111e-01
-1.682598739862442017e-01,-4.184757173061370850e-02,2.518804371356964111e-01
-1.682367920875549316e-01,-4.174551367759704590e-02,2.525746226310729980e-01
-1.682367920875549316e-01,-4.174551367759704590e-02,2.525746226310729980e-01
-1.682138442993164062e-01,-4.164368659257888794e-02,2.532704472541809082e-01
-1.682138442993164062e-01,-4.164368659257888794e-02,2.532704472541809082e-01
-1.681910157203674316e-01,-4.154208675026893616e-02,2.539679408073425293e-01
-1.681910157203674316e-01,-4.154208675026893616e-02,2.539679408073425293e-01
-1.681682765483856201e-01,-4.144072160124778748e-02,2.546671032905578613e-01
-1.681682765483856201e-01,-4.144072160124778748e-02,2.546671032905578613e-01
-1.681457012891769409e-01,-4.133959487080574036e-02,2.553679645061492920e-01
-1.681457012891769409e-01,-4.133959487080574036e-02,2.553679645061492920e-01
-1.681232303380966187e-01,-4.123869910836219788e-02,2.560704648494720459e-01
-1.681232303380966187e-01,-4.123869910836219788e-02,2.560704648494720459e-01
-1.681008636951446533e-01,-4.113804176449775696e-02,2.567746341228485107e-01
-1.681008636951446533e-01,-4.113804176449775696e-02,2.567746341228485107e-01
-1.680786311626434326e-01,-4.103762656450271606e-02,2.574805021286010742e-01
-1.680786311626434326e-01,-4.103762656450271606e-02,2.574805021286010742e-01
-1.680565178394317627e-01,-4.093744978308677673e-02,2.581880688667297363e-01
-1.680565178394317627e-01,-4.093744978308677673e-02,2.581880688667297363e-01
-1.680345088243484497e-01,-4.083751142024993896e-02,2.588972747325897217e-01
-1.680345088243484497e-01,-4.083751142024993896e-02,2.588972747325897217e-01
-1.680126190185546875e-01,-4.073782265186309814e-02,2.596082091331481934e-01
-1.680126190185546875e-01,-4.073782265186309814e-02,2.596082091331481934e-01
-1.679908633232116699e-01,-4.063836857676506042e-02,2.603208124637603760e-01
-1.679908633232116699e-01,-4.063836857676506042e-02,2.603208124637603760e-01
-1.679692417383193970e-01,-4.053916782140731812e-02,2.610351443290710449e-01
-1.679692417383193970e-01,-4.053916782140731812e-02,2.610351443290710449e-01
-1.679477244615554810e-01,-4.044021293520927429e-02,2.617511451244354248e-01
-1.679477244615554810e-01,-4.044021293520927429e-02,2.617511451244354248e-01
-1.679263263940811157e-01,-4.034150391817092896e-02,2.624688446521759033e-01
-1.679263263940811157e-01,-4.034150391817092896e-02,2.624688446521759033e-01
-1.679050624370574951e-01,-4.024304822087287903e-02,2.631882429122924805e-01
-1.679050624370574951e-01,-4.024304822087287903e-02,2.631882429122924805e-01
-1.678839176893234253e-01,-4.014483839273452759e-02,2.639093697071075439e-01
-1.678839176893234253e-01,-4.014483839273452759e-02,2.639093697071075439e-01
-1.678628921508789062e-01,-4.004688188433647156e-02,2.646321952342987061e-01
-1.678628921508789062e-01,-4.004688188433647156e-02,2.646321952342987061e-01
-1.678419858217239380e-01,-3.994917869567871094e-02,2.653567194938659668e-01
-1.678419858217239380e-01,-3.994917869567871094e-02,2.653567194938659668e-01
-1.678212285041809082e-01,-3.985173255205154419e-02,2.660829722881317139e-01
-1.678212285041809082e-01,-3.985173255205154419e-02,2.660829722881317139e-01
-1.678005754947662354e-01,-3.975454345345497131e-02,2.668109536170959473e-01
-1.678005754947662354e-01,-3.975454345345497131e-02,2.668109536170959473e-01
-1.677800565958023071e-01,-3.965761139988899231e-02,2.675406634807586670e-01
-1.677800565958023071e-01,-3.965761139988899231e-02,2.675406634807586670e-01
-1.677596569061279297e-01,-3.956093639135360718e-02,2.682720720767974854e-01
-1.677596569061279297e-01,-3.956093639135360718e-02,2.682720720767974854e-01
-1.677393913269042969e-01,-3.946451470255851746e-02,2.690051794052124023e-01
-1.677393913269042969e-01,-3.946451470255851746e-02,2.690051794052124023e-01
-1.677192449569702148e-01,-3.936836495995521545e-02,2.697400748729705811e-01
-1.677192449569702148e-01,-3.936836495995521545e-02,2.697400748729705811e-01
-1.676992475986480713e-01,-3.927247598767280579e-02,2.704766988754272461e-01
-1.676992475986480713e-01,-3.927247598767280579e-02,2.704766988754272461e-01
-1.676793396472930908e-01,-3.917685151100158691e-02,2.712150514125823975e-01
-1.676793396472930908e-01,-3.917685151100158691e-02,2.712150514125823975e-01
-1.676595658063888550e-01,-3.908148780465126038e-02,2.719551324844360352e-01
-1.676595658063888550e-01,-3.908148780465126038e-02,2.719551324844360352e-01
-1.676399558782577515e-01,-3.898639604449272156e-02,2.726969718933105469e-01
-1.676399558782577515e-01,-3.898639604449272156e-02,2.726969718933105469e-01
-1.676204651594161987e-01,-3.889157623052597046e-02,2.734405398368835449e-01
-1.676204651594161987e-01,-3.889157623052597046e-02,2.734405398368835449e-01
-1.676010936498641968e-01,-3.879701718688011169e-02,2.741858959197998047e-01
-1.676010936498641968e-01,-3.879701718688011169e-02,2.741858959197998047e-01
-1.675818413496017456e-01,-3.870273381471633911e-02,2.749329507350921631e-01
-1.675818413496017456e-01,-3.870273381471633911e-02,2.749329507350921631e-01
-1.675627380609512329e-01,-3.860872238874435425e-02,2.756817936897277832e-01
-1.675627380609512329e-01,-3.860872238874435425e-02,2.756817936897277832e-01
-1.675437688827514648e-01,-3.851497918367385864e-02,2.764323949813842773e-01
-1.675437688827514648e-01,-3.851497918367385864e-02,2.764323949813842773e-01
-1.675249189138412476e-01,-3.842151537537574768e-02,2.771847248077392578e-01
-1.675249189138412476e-01,-3.842151537537574768e-02,2.771847248077392578e-01
-1.675062030553817749e-01,-3.832833096385002136e-02,2.779388725757598877e-01
-1.675062030553817749e-01,-3.832833096385002136e-02,2.779388725757598877e-01
-1.674876213073730469e-01,-3.823541849851608276e-02,2.786947488784790039e-01
-1.674876213073730469e-01,-3.823541849851608276e-02,2.786947488784790039e-01
-1.674691736698150635e-01,-3.814278915524482727e-02,2.794524133205413818e-01
-1.674691736698150635e-01,-3.814278915524482727e-02,2.794524133205413818e-01
-1.674508452415466309e-01,-3.805043548345565796e-02,2.802118360996246338e-01
-1.674508452415466309e-01,-3.805043548345565796e-02,2.802118360996246338e-01
-1.674326807260513306e-01,-3.795836865901947021e-02,2.809730470180511475e-01
-1.674326807260513306e-01,-3.795836865901947021e-02,2.809730470180511475e-01
-1.674146056175231934e-01,-3.786657750606536865e-02,2.817360162734985352e-01
-1.674146056175231934e-01,-3.786657750606536865e-02,2.817360162734985352e-01
-1.673967093229293823e-01,-3.777507692575454712e-02,2.825008332729339600e-01
-1.673967093229293823e-01,-3.777507692575454712e-02,2.825008332729339600e-01
-1.673789322376251221e-01,-3.768386319279670715e-02,2.832673788070678711e-01
-1.673789322376251221e-01,-3.768386319279670715e-02,2.832673788070678711e-01
-1.673612892627716064e-01,-3.759293258190155029e-02,2.840357124805450439e-01
-1.673612892627716064e-01,-3.759293258190155029e-02,2.840357124805450439e-01
-1.673437803983688354e-01,-3.750229254364967346e-02,2.848058640956878662e-01
-1.673437803983688354e-01,-3.750229254364967346e-02,2.848058640956878662e-01
-2.749541103839874268e-01,-5.748103559017181396e-02,-9.847078472375869751e-02
-2.749541103839874268e-01,-5.748103559017181396e-02,-9.847078472375869751e-02
-2.739066183567047119e-01,-5.739417672157287598e-02,-9.848780184984207153e-02
-2.739066183567047119e-01,-5.739417672157287598e-02,-9.848780184984207153e-02
-2.728608846664428711e-01,-5.730772390961647034e-02,-9.850404411554336548e-02
-2.728608846664428711e-01,-5.730772390961647034e-02,-9.850404411554336548e-02
-2.718169391155242920e-01,-5.722167715430259705e-02,-9.851954877376556396e-02
-2.718169391155242920e-01,-5.722167715430259705e-02,-9.851954877376556396e-02
-2.707748115062713623e-01,-5.713603645563125610e-02,-9.853430092334747314e-02
-2.707748115062713623e-01,-5.713603645563125610e-02,-9.853430092334747314e-02
-2.697344422340393066e-01,-5.705079808831214905e-02,-9.854829311370849609e-02
-2.697344422340393066e-01,-5.705079808831214905e-02,-9.854829311370849609e-02
-2.686958312988281250e-01,-5.696596577763557434e-02,-9.856153279542922974e-02
-2.686958312988281250e-01,-5.696596577763557434e-02,-9.856153279542922974e-02
-2.676590383052825928e-01,-5.688153207302093506e-02,-9.857402741909027100e-02
-2.676590383052825928e-01,-5.688153207302093506e-02,-9.857402741909027100e-02
-2.666239738464355469e-01,-5.679750442504882812e-02,-9.858577698469161987e-02
-2.666239738464355469e-01,-5.679750442504882812e-02,-9.858577698469161987e-02
-2.655906975269317627e-01,-5.671388655900955200e-02,-9.859680384397506714e-02
-2.655906975269317627e-01,-5.671388655900955200e-02,-9.859680384397506714e-02
-2.645592093467712402e-01,-5.663065612316131592e-02,-9.860706329345703125e-02
-2.645592093467712402e-01,-5.663065612316131592e-02,-9.860706329345703125e-02
-2.635294795036315918e-01,-5.654783174395561218e-02,-9.861658513545989990e-02
-2.635294795036315918e-01,-5.654783174395561218e-02,-9.861658513545989990e-02
-2.625014781951904297e-01,-5.646540969610214233e-02,-9.862537682056427002e-02
-2.625014781951904297e-01,-5.646540969610214233e-02,-9.862537682056427002e-02
-2.614752650260925293e-01,-5.638338997960090637e-02,-9.863342344760894775e-02
-2.614752650260925293e-01,-5.638338997960090637e-02,-9.863342344760894775e-02
-2.604508101940155029e-01,-5.630175024271011353e-02,-9.864073991775512695e-02
-2.604508101940155029e-01,-5.630175024271011353e-02,-9.864073991775512695e-02
-2.594280540943145752e-01,-5.622052028775215149e-02,-9.864730387926101685e-02
-2.594280540943145752e-01,-5.622052028775215149e-02,-9.864730387926101685e-02
-2.584071159362792969e-01,-5.613967776298522949e-02,-9.865315258502960205e-02
-2.584071159362792969e-01,-5.613967776298522949e-02,-9.865315258502960205e-02
-2.573878765106201172e-01,-5.605923384428024292e-02,-9.865827113389968872e-02
-2.573878765106201172e-01,-5.605923384428024292e-02,-9.865827113389968872e-02
-2.563704252243041992e-01,-5.597918480634689331e-02,-9.866264462471008301e-02
-2.563704252243041992e-01,-5.597918480634689331e-02,-9.866264462471008301e-02
-2.553546726703643799e-01,-5.589953064918518066e-02,-9.866629540920257568e-02
-2.553546726703643799e-01,-5.589953064918518066e-02,-9.866629540920257568e-02
-2.543406486511230469e-01,-5.582026392221450806e-02,-9.866923093795776367e-02
-2.543406486511230469e-01,-5.582026392221450806e-02,-9.866923093795776367e-02
-2.533284127712249756e-01,-5.574139580130577087e-02,-9.867144376039505005e-02
-2.533284127712249756e-01,-5.574139580130577087e-02,-9.867144376039505005e-02
-2.523178756237030029e-01,-5.566291138529777527e-02,-9.867292642593383789e-02
-2.523178756237030029e-01,-5.566291138529777527e-02,-9.867292642593383789e-02
-2.513090670108795166e-01,-5.558482557535171509e-02,-9.867367893457412720e-02
-2.513090670108795166e-01,-5.558482557535171509e-02,-9.867367893457412720e-02
-2.503020167350769043e-01,-5.550711974501609802e-02,-9.867373108863830566e-02
-2.503020167350769043e-01,-5.550711974501609802e-02,-9.867373108863830566e-02
-2.492966353893280029e-01,-5.542980879545211792e-02,-9.867304563522338867e-02
-2.492966353893280029e-01,-5.542980879545211792e-02,-9.867304563522338867e-02
-2.482929974794387817e-01,-5.535288155078887939e-02,-9.867164492607116699e-02
-2.482929974794387817e-01,-5.535288155078887939e-02,-9.867164492607116699e-02
-2.472910881042480469e-01,-5.527634173631668091e-02,-9.866954386234283447e-02
-2.472910881042480469e-01,-5.527634173631668091e-02,-9.866954386234283447e-02
-2.462909221649169922e-01,-5.520018935203552246e-02,-9.866672009229660034e-02
-2.462909221649169922e-01,-5.520018935203552246e-02,-9.866672009229660034e-02
-2.452924400568008423e-01,-5.512441694736480713e-02,-9.866317361593246460e-02
-2.452924400568008423e-01,-5.512441694736480713e-02,-9.866317361593246460e-02
-2.442956715822219849e-01,-5.504903197288513184e-02,-9.865893423557281494e-02
-2.442956715822219849e-01,-5.504903197288513184e-02,-9.865893423557281494e-02
-2.433005869388580322e-01,-5.497403815388679504e-02,-9.865397959947586060e-02
-2.433005869388580322e-01,-5.497403815388679504e-02,-9.865397959947586060e-02
-2.423072159290313721e-01,-5.489941313862800598e-02,-9.864831715822219849e-02
-2.423072159290313721e-01,-5.489941313862800598e-02,-9.864831715822219849e-02
-2.413155585527420044e-01,-5.482517927885055542e-02,-9.864196926355361938e-02
-2.413155585527420044e-01,-5.482517927885055542e-02,-9.864196926355361938e-02
-2.403255999088287354e-01,-5.475131422281265259e-02,-9.863489121198654175e-02
-2.403255999088287354e-01,-5.475131422281265259e-02,-9.863489121198654175e-02
-2.393373250961303711e-01,-5.467784404754638672e-02,-9.862712025642395020e-02
-2.393373250961303711e-01,-5.467784404754638672e-02,-9.862712025642395020e-02
-2.383507639169692993e-01,-5.460475012660026550e-02,-9.861864894628524780e-02
-2.383507639169692993e-01,-5.460475012660026550e-02,-9.861864894628524780e-02
-2.373658716678619385e-01,-5.453202873468399048e-02,-9.860947728157043457e-02
-2.373658716678619385e-01,-5.453202873468399048e-02,-9.860947728157043457e-02
-2.363826632499694824e-01,-5.445969104766845703e-02,-9.859961271286010742e-02
-2.363826632499694824e-01,-5.445969104766845703e-02,-9.859961271286010742e-02
-2.354011684656143188e-01,-5.438772216439247131e-02,-9.858904033899307251e-02
-2.354011684656143188e-01,-5.438772216439247131e-02,-9.858904033899307251e-02
-2.344213277101516724e-01,-5.431613326072692871e-02,-9.857779741287231445e-02
-2.344213277101516724e-01,-5.431613326072692871e-02,-9.857779741287231445e-02
-2.334431856870651245e-01,-5.424492433667182922e-02,-9.856583923101425171e-02
-2.334431856870651245e-01,-5.424492433667182922e-02,-9.856583923101425171e-02
-2.324666976928710938e-01,-5.417408794164657593e-02,-9.855320304632186890e-02
-2.324666976928710938e-01,-5.417408794164657593e-02,-9.855320304632186890e-02
-2.314918786287307739e-01,-5.410361662507057190e-02,-9.853986650705337524e-02
-2.314918786287307739e-01,-5.410361662507057190e-02,-9.853986650705337524e-02
-2.305187284946441650e-01,-5.403352528810501099e-02,-9.852585941553115845e-02
-2.305187284946441650e-01,-5.403352528810501099e-02,-9.852585941553115845e-02
-2.295472919940948486e-01,-5.396380648016929626e-02,-9.851115942001342773e-02
-2.295472919940948486e-01,-5.396380648016929626e-02,-9.851115942001342773e-02
-2.285774946212768555e-01,-5.389445275068283081e-02,-9.849576652050018311e-02
-2.285774946212768555e-01,-5.389445275068283081e-02,-9.849576652050018311e-02
-2.276093512773513794e-01,-5.382547527551651001e-02,-9.847969561815261841e-02
-2.276093512773513794e-01,-5.382547527551651001e-02,-9.847969561815261841e-02
-2.266428470611572266e-01,-5.375686287879943848e-02,-9.846296161413192749e-02
-2.266428470611572266e-01,-5.375686287879943848e-02,-9.846296161413192749e-02
-2.256780266761779785e-01,-5.368862673640251160e-02,-9.844552725553512573e-02
-2.256780266761779785e-01,-5.368862673640251160e-02,-9.844552725553512573e-02
-2.247148603200912476e-01,-5.362075567245483398e-02,-9.842742234468460083e-02
-2.247148603200912476e-01,-5.362075567245483398e-02,-9.842742234468460083e-02
-2.237533181905746460e-01,-5.355324596166610718e-02,-9.840863198041915894e-02
-2.237533181905746460e-01,-5.355324596166610718e-02,-9.840863198041915894e-02
-2.227934598922729492e-01,-5.348610132932662964e-02,-9.838918596506118774e-02
-2.227934598922729492e-01,-5.348610132932662964e-02,-9.838918596506118774e-02
-2.218352109193801880e-01,-5.341932922601699829e-02,-9.836905449628829956e-02
-2.218352109193801880e-01,-5.341932922601699829e-02,-9.836905449628829956e-02
-2.208786159753799438e-01,-5.335291847586631775e-02,-9.834825992584228516e-02
-2.208786159753799438e-01,-5.335291847586631775e-02,-9.834825992584228516e-02
-2.199236452579498291e-01,-5.328687280416488647e-02,-9.832677990198135376e-02
-2.199236452579498291e-01,-5.328687280416488647e-02,-9.832677990198135376e-02
-2.189703434705734253e-01,-5.322118476033210754e-02,-9.830462932586669922e-02
-2.189703434705734253e-01,-5.322118476033210754e-02,-9.830462932586669922e-02
-2.180186808109283447e-01,-5.315586179494857788e-02,-9.828183799982070923e-02
-2.180186808109283447e-01,-5.315586179494857788e-02,-9.828183799982070923e-02
-2.170686125755310059e-01,-5.309090018272399902e-02,-9.825836867094039917e-02
-2.170686125755310059e-01,-5.309090018272399902e-02,-9.825836867094039917e-02
-2.161201834678649902e-01,-5.302629992365837097e-02,-9.823425114154815674e-02
-2.161201834678649902e-01,-5.302629992365837097e-02,-9.823425114154815674e-02
-2.151733934879302979e-01,-5.296206101775169373e-02,-9.820944815874099731e-02
-2.151733934879302979e-01,-5.296206101775169373e-02,-9.820944815874099731e-02
-2.142281979322433472e-01,-5.289817601442337036e-02,-9.818398952484130859e-02
-2.142281979322433472e-01,-5.289817601442337036e-02,-9.818398952484130859e-02
-2.132846415042877197e-01,-5.283465236425399780e-02,-9.815789014101028442e-02
-2.132846415042877197e-01,-5.283465236425399780e-02,-9.815789014101028442e-02
-2.123427093029022217e-01,-5.277148634195327759e-02,-9.813112020492553711e-02
-2.123427093029022217e-01,-5.277148634195327759e-02,-9.813112020492553711e-02
-2.114023417234420776e-01,-5.270867049694061279e-02,-9.810370206832885742e-02
-2.114023417234420776e-01,-5.270867049694061279e-02,-9.810370206832885742e-02
-2.104636430740356445e-01,-5.264621600508689880e-02,-9.807562828063964844e-02
-2.104636430740356445e-01,-5.264621600508689880e-02,-9.807562828063964844e-02
-2.095265239477157593e-01,-5.258411914110183716e-02,-9.804689884185791016e-02
-2.095265239477157593e-01,-5.258411914110183716e-02,-9.804689884185791016e-02
-2.085910141468048096e-01,-5.252236127853393555e-02,-9.801751375198364258e-02
-2.085910141468048096e-01,-5.252236127853393555e-02,-9.801751375198364258e-02
-2.076570987701416016e-01,-5.246096849441528320e-02,-9.798749536275863647e-02
-2.076570987701416016e-01,-5.246096849441528320e-02,-9.798749536275863647e-02
-2.067248076200485229e-01,-5.239992961287498474e-02,-9.795682877302169800e-02
-2.067248076200485229e-01,-5.239992961287498474e-02,-9.795682877302169800e-02
-2.057940959930419922e-01,-5.233923345804214478e-02,-9.792551398277282715e-02
-2.057940959930419922e-01,-5.233923345804214478e-02,-9.792551398277282715e-02
-2.048649638891220093e-01,-5.227889493107795715e-02,-9.789355099201202393e-02
-2.048649638891220093e-01,-5.227889493107795715e-02,-9.789355099201202393e-02
-2.039374560117721558e-01,-5.221890285611152649e-02,-9.786094725131988525e-02
-2.039374560117721558e-01,-5.221890285611152649e-02,-9.786094725131988525e-02
-2.030114829540252686e-01,-5.215926095843315125e-02,-9.782771021127700806e-02
-2.030114829540252686e-01,-5.215926095843315125e-02,-9.782771021127700806e-02
-2.020871639251708984e-01,-5.209996551275253296e-02,-9.779382497072219849e-02
-2.020871639251708984e-01,-5.209996551275253296e-02,-9.779382497072219849e-02
-2.011643797159194946e-01,-5.204101279377937317e-02,-9.775929898023605347e-02
-2.011643797159194946e-01,-5.204101279377937317e-02,-9.775929898023605347e-02
-2.002432048320770264e-01,-5.198242142796516418e-02,-9.772415459156036377e-02
-2.002432048320770264e-01,-5.198242142796516418e-02,-9.772415459156036377e-02
-1.993235498666763306e-01,-5.192415788769721985e-02,-9.768836200237274170e-02
-1.993235498666763306e-01,-5.192415788769721985e-02,-9.768836200237274170e-02
-1.984055489301681519e-01,-5.186624825000762939e-02,-9.765195846557617188e-02
-1.984055489301681519e-01,-5.186624825000762939e-02,-9.765195846557617188e-02
-1.974890679121017456e-01,-5.180868133902549744e-02,-9.761489927768707275e-02
-1.974890679121017456e-01,-5.180868133902549744e-02,-9.761489927768707275e-02
-1.965741664171218872e-01,-5.175145342946052551e-02,-9.757721424102783203e-02
-1.965741664171218872e-01,-5.175145342946052551e-02,-9.757721424102783203e-02
-1.956607997417449951e-01,-5.169457197189331055e-02,-9.753891080617904663e-02
-1.956607997417449951e-01,-5.169457197189331055e-02,-9.753891080617904663e-02
-1.947490274906158447e-01,-5.163803324103355408e-02,-9.749997407197952271e-02
-1.947490274906158447e-01,-5.163803324103355408e-02,-9.749997407197952271e-02
-1.938388198614120483e-01,-5.158182606101036072e-02,-9.746042639017105103e-02
-1.938388198614120483e-01,-5.158182606101036072e-02,-9.746042639017105103e-02
-1.929301619529724121e-01,-5.152597650885581970e-02,-9.742025285959243774e-02
-1.929301619529724121e-01,-5.152597650885581970e-02,-9.742025285959243774e-02
-1.920230686664581299e-01,-5.147045478224754333e-02,-9.737945348024368286e-02
-1.920230686664581299e-01,-5.147045478224754333e-02,-9.737945348024368286e-02
-1.911174952983856201e-01,-5.141527205705642700e-02,-9.733802825212478638e-02
-1.911174952983856201e-01,-5.141527205705642700e-02,-9.733802825212478638e-02
-1.902135014533996582e-01,-5.136042088270187378e-02,-9.729599952697753906e-02
-1.902135014533996582e-01,-5.136042088270187378e-02,-9.729599952697753906e-02
-1.893110275268554688e-01,-5.130591243505477905e-02,-9.725333750247955322e-02
-1.893110275268554688e-01,-5.130591243505477905e-02,-9.725333750247955322e-02
-1.884100884199142456e-01,-5.125173181295394897e-02,-9.721007943153381348e-02
-1.884100884199142456e-01,-5.125173181295394897e-02,-9.721007943153381348e-02
-1.875107139348983765e-01,-5.119790136814117432e-02,-9.716618806123733521e-02
-1.875107139348983765e-01,-5.119790136814117432e-02,-9.716618806123733521e-02
-1.866128742694854736e-01,-5.114439502358436584e-02,-9.712171554565429688e-02
-1.866128742694854736e-01,-5.114439502358436584e-02,-9.712171554565429688e-02
-1.857165694236755371e-01,-5.109122022986412048e-02,-9.707661718130111694e-02
-1.857165694236755371e-01,-5.109122022986412048e-02,-9.707661718130111694e-02
-1.848217844963073730e-01,-5.103838071227073669e-02,-9.703091531991958618e-02
-1.848217844963073730e-01,-5.103838071227073669e-02,-9.703091531991958618e-02
-1.839285492897033691e-01,-5.098588019609451294e-02,-9.698460996150970459e-02
-1.839285492897033691e-01,-5.098588019609451294e-02,-9.698460996150970459e-02
-1.830368041992187500e-01,-5.093369632959365845e-02,-9.693767875432968140e-02
-1.830368041992187500e-01,-5.093369632959365845e-02,-9.693767875432968140e-02
-1.821466088294982910e-01,-5.088185146450996399e-02,-9.689015895128250122e-02
-1.821466088294982910e-01,-5.088185146450996399e-02,-9.689015895128250122e-02
-1.812579482793807983e-01,-5.083033442497253418e-02,-9.684205055236816406e-02
-1.812579482793807983e-01,-5.083033442497253418e-02,-9.684205055236816406e-02
-1.803707331418991089e-01,-5.077914148569107056e-02,-9.679332375526428223e-02
-1.803707331418991089e-01,-5.077914148569107056e-02,-9.679332375526428223e-02
-1.794850975275039673e-01,-5.072828009724617004e-02,-9.674400836229324341e-02
-1.794850975275039673e-01,-5.072828009724617004e-02,-9.674400836229324341e-02
-1.786009520292282104e-01,-5.067774280905723572e-02,-9.669408947229385376e-02
-1.786009520292282104e-01,-5.067774280905723572e-02,-9.669408947229385376e-02
-1.777183413505554199e-01,-5.062753707170486450e-02,-9.664358198642730713e-02
-1.777183413505554199e-01,-5.062753707170486450e-02,-9.664358198642730713e-02
-1.768372058868408203e-01,-5.057764798402786255e-02,-9.659247100353240967e-02
-1.768372058868408203e-01,-5.057764798402786255e-02,-9.659247100353240967e-02
-1.759575754404067993e-01,-5.052808299660682678e-02,-9.654078632593154907e-02
-1.759575754404067993e-01,-5.052808299660682678e-02,-9.654078632593154907e-02
-1.750794649124145508e-01,-5.047884956002235413e-02,-9.648850560188293457e-02
-1.750794649124145508e-01,-5.047884956002235413e-02,-9.648850560188293457e-02
-1.742028445005416870e-01,-5.042993649840354919e-02,-9.643562883138656616e-02
-1.742028445005416870e-01,-5.042993649840354919e-02,-9.643562883138656616e-02
-1.733277142047882080e-01,-5.038133636116981506e-02,-9.638217836618423462e-02
-1.733277142047882080e-01,-5.038133636116981506e-02,-9.638217836618423462e-02
-1.724540740251541138e-01,-5.033306404948234558e-02,-9.632813185453414917e-02
-1.724540740251541138e-01,-5.033306404948234558e-02,-9.632813185453414917e-02
-1.715819090604782104e-01,-5.028511211276054382e-02,-9.627350419759750366e-02
-1.715819090604782104e-01,-5.028511211276054382e-02,-9.627350419759750366e-02
-1.707112342119216919e-01,-5.023748427629470825e-02,-9.621830284595489502e-02
-1.707112342119216919e-01,-5.023748427629470825e-02,-9.621830284595489502e-02
-1.698420494794845581e-01,-5.019016563892364502e-02,-9.616250544786453247e-02
-1.698420494794845581e-01,-5.019016563892364502e-02,-9.616250544786453247e-02
-1.689743548631668091e-01,-5.014317110180854797e-02,-9.610614180564880371e-02
-1.689743548631668091e-01,-5.014317110180854797e-02,-9.610614180564880371e-02
-1.681081205606460571e-01,-5.009648203849792480e-02,-9.604919701814651489e-02
-1.681081205606460571e-01,-5.009648203849792480e-02,-9.604919701814651489e-02
-1.672433614730834961e-01,-5.005011707544326782e-02,-9.599167853593826294e-02
-1.672433614730834961e-01,-5.005011707544326782e-02,-9.599167853593826294e-02
-1.663800776004791260e-01,-5.000406876206398010e-02,-9.593357890844345093e-02
-1.663800776004791260e-01,-5.000406876206398010e-02,-9.593357890844345093e-02
-1.655182391405105591e-01,-4.995832964777946472e-02,-9.587491303682327271e-02
-1.655182391405105591e-01,-4.995832964777946472e-02,-9.587491303682327271e-02
-1.646579355001449585e-01,-4.991291090846061707e-02,-9.581568837165832520e-02
-1.646579355001449585e-01,-4.991291090846061707e-02,-9.581568837165832520e-02
-1.637990325689315796e-01,-4.986780136823654175e-02,-9.575589001178741455e-02
-1.637990325689315796e-01,-4.986780136823654175e-02,-9.575589001178741455e-02
-1.629416197538375854e-01,-4.982300102710723877e-02,-9.569551050662994385e-02
-1.629416197538375854e-01,-4.982300102710723877e-02,-9.569551050662994385e-02
-1.620856523513793945e-01,-4.977852106094360352e-02,-9.563457220792770386e-02
-1.620856523513793945e-01,-4.977852106094360352e-02,-9.563457220792770386e-02
-1.612311452627182007e-01,-4.973433911800384521e-02,-9.557307511568069458e-02
-1.612311452627182007e-01,-4.973433911800384521e-02,-9.557307511568069458e-02
-1.603780835866928101e-01,-4.969046637415885925e-02,-9.551100432872772217e-02
-1.603780835866928101e-01,-4.969046637415885925e-02,-9.551100432872772217e-02
-1.595264673233032227e-01,-4.964691027998924255e-02,-9.544837474822998047e-02
-1.595264673233032227e-01,-4.964691027998924255e-02,-9.544837474822998047e-02
-1.586763262748718262e-01,-4.960366338491439819e-02,-9.538520872592926025e-02
-1.586763262748718262e-01,-4.960366338491439819e-02,-9.538520872592926025e-02
-1.578275710344314575e-01,-4.956071451306343079e-02,-9.532146900892257690e-02
-1.578275710344314575e-01,-4.956071451306343079e-02,-9.532146900892257690e-02
-1.569803059101104736e-01,-4.951807856559753418e-02,-9.525717049837112427e-02
-1.569803059101104736e-01,-4.951807856559753418e-02,-9.525717049837112427e-02
-1.561344712972640991e-01,-4.947574436664581299e-02,-9.519232809543609619e-02
-1.561344712972640991e-01,-4.947574436664581299e-02,-9.519232809543609619e-02
-1.552900522947311401e-01,-4.943371936678886414e-02,-9.512691944837570190e-02
-1.552900522947311401e-01,-4.943371936678886414e-02,-9.512691944837570190e-02
-1.544470638036727905e-01,-4.939198866486549377e-02,-9.506097435951232910e-02
-1.544470638036727905e-01,-4.939198866486549377e-02,-9.506097435951232910e-02
-1.536055207252502441e-01,-4.935057088732719421e-02,-9.499446302652359009e-02
-1.536055207252502441e-01,-4.935057088732719421e-02,-9.499446302652359009e-02
-1.527654081583023071e-01,-4.930944740772247314e-02,-9.492740035057067871e-02
-1.527654081583023071e-01,-4.930944740772247314e-02,-9.492740035057067871e-02
-1.519267112016677856e-01,-4.926862940192222595e-02,-9.485982358455657959e-02
-1.519267112016677856e-01,-4.926862940192222595e-02,-9.485982358455657959e-02
-1.510894149541854858e-01,-4.922810569405555725e-02,-9.479168057441711426e-02
-1.510894149541854858e-01,-4.922810569405555725e-02,-9.479168057441711426e-02
-1.502535641193389893e-01,-4.918788745999336243e-02,-9.472298622131347656e-02
-1.502535641193389893e-01,-4.918788745999336243e-02,-9.472298622131347656e-02
-1.494191437959671021e-01,-4.914796724915504456e-02,-9.465377777814865112e-02
-1.494191437959671021e-01,-4.914796724915504456e-02,-9.465377777814865112e-02
-1.485861241817474365e-01,-4.910834133625030518e-02,-9.458400309085845947e-02
-1.485861241817474365e-01,-4.910834133625030518e-02,-9.458400309085845947e-02
-1.477544754743576050e-01,-4.906901344656944275e-02,-9.451371431350708008e-02
-1.477544754743576050e-01,-4.906901344656944275e-02,-9.451371431350708008e-02
-1.469242572784423828e-01,-4.902999475598335266e-02,-9.444287419319152832e-02
-1.469242572784423828e-01,-4.902999475598335266e-02,-9.444287419319152832e-02
-1.460954546928405762e-01,-4.899125546216964722e-02,-9.437150508165359497e-02
-1.460954546928405762e-01,-4.899125546216964722e-02,-9.437150508165359497e-02
-1.452680230140686035e-01,-4.895281046628952026e-02,-9.429959207773208618e-02
-1.452680230140686035e-01,-4.895281046628952026e-02,-9.429959207773208618e-02
-1.444420069456100464e-01,-4.891466721892356873e-02,-9.422715753316879272e-02
-1.444420069456100464e-01,-4.891466721892356873e-02,-9.422715753316879272e-02
-1.436173915863037109e-01,-4.887680709362030029e-02,-9.415419399738311768e-02
-1.436173915863037109e-01,-4.887680709362030029e-02,-9.415419399738311768e-02
-1.427941322326660156e-01,-4.883924871683120728e-02,-9.408070147037506104e-02
-1.427941322326660156e-01,-4.883924871683120728e-02,-9.408070147037506104e-02
-1.419723033905029297e-01,-4.880197718739509583e-02,-9.400667995214462280e-02
-1.419723033905029297e-01,-4.880197718739509583e-02,-9.400667995214462280e-02
-1.411518454551696777e-01,-4.876499623060226440e-02,-9.393213689327239990e-02
-1.411518454551696777e-01,-4.876499623060226440e-02,-9.393213689327239990e-02
-1.403327882289886475e-01,-4.872830212116241455e-02,-9.385707229375839233e-02
-1.403327882289886475e-01,-4.872830212116241455e-02,-9.385707229375839233e-02
-1.395151168107986450e-01,-4.869190230965614319e-02,-9.378147125244140625e-02
-1.395151168107986450e-01,-4.869190230965614319e-02,-9.378147125244140625e-02
-1.386987864971160889e-01,-4.865578934550285339e-02,-9.370536357164382935e-02
-1.386987864971160889e-01,-4.865578934550285339e-02,-9.370536357164382935e-02
-1.378838419914245605e-01,-4.861996322870254517e-02,-9.362874180078506470e-02
-1.378838419914245605e-01,-4.861996322870254517e-02,-9.362874180078506470e-02
-1.370702832937240601e-01,-4.858441650867462158e-02,-9.355159103870391846e-02
-1.370702832937240601e-01,-4.858441650867462158e-02,-9.355159103870391846e-02
-1.362581104040145874e-01,-4.854916408658027649e-02,-9.347393363714218140e-02
-1.362581104040145874e-01,-4.854916408658027649e-02,-9.347393363714218140e-02
-1.354472637176513672e-01,-4.851419851183891296e-02,-9.339574724435806274e-02
-1.354472637176513672e-01,-4.851419851183891296e-02,-9.339574724435806274e-02
-1.346378177404403687e-01,-4.847950860857963562e-02,-9.331708401441574097e-02
-1.346378177404403687e-01,-4.847950860857963562e-02,-9.331708401441574097e-02
-1.338297128677368164e-01,-4.844510555267333984e-02,-9.323788434267044067e-02
-1.338297128677368164e-01,-4.844510555267333984e-02,-9.323788434267044067e-02
-1.330229789018630981e-01,-4.841098189353942871e-02,-9.315817803144454956e-02
-1.330229789018630981e-01,-4.841098189353942871e-02,-9.315817803144454956e-02
-1.322175711393356323e-01,-4.837714508175849915e-02,-9.307795017957687378e-02
-1.322175711393356323e-01,-4.837714508175849915e-02,-9.307795017957687378e-02
-1.314135491847991943e-01,-4.834358766674995422e-02,-9.299724549055099487e-02
-1.314135491847991943e-01,-4.834358766674995422e-02,-9.299724549055099487e-02
-1.306108385324478149e-01,-4.831030219793319702e-02,-9.291601926088333130e-02
-1.306108385324478149e-01,-4.831030219793319702e-02,-9.291601926088333130e-02
-1.298095285892486572e-01,-4.827730357646942139e-02,-9.283429384231567383e-02
-1.298095285892486572e-01,-4.827730357646942139e-02,-9.283429384231567383e-02
-1.290095150470733643e-01,-4.824458062648773193e-02,-9.275207668542861938e-02
-1.290095150470733643e-01,-4.824458062648773193e-02,-9.275207668542861938e-02
-1.282108873128890991e-01,-4.821213334798812866e-02,-9.266935288906097412e-02
-1.282108873128890991e-01,-4.821213334798812866e-02,-9.266935288906097412e-02
-1.274135559797286987e-01,-4.817996174097061157e-02,-9.258613735437393188e-02
-1.274135559797286987e-01,-4.817996174097061157e-02,-9.258613735437393188e-02
-1.266175806522369385e-01,-4.814806953072547913e-02,-9.250242263078689575e-02
-1.266175806522369385e-01,-4.814806953072547913e-02,-9.250242263078689575e-02
-1.258229315280914307e-01,-4.811644926667213440e-02,-9.241821616888046265e-02
-1.258229315280914307e-01,-4.811644926667213440e-02,-9.241821616888046265e-02
-1.250295937061309814e-01,-4.808510467410087585e-02,-9.233350306749343872e-02
-1.250295937061309814e-01,-4.808510467410087585e-02,-9.233350306749343872e-02
-1.242376044392585754e-01,-4.805403575301170349e-02,-9.224832803010940552e-02
-1.242376044392585754e-01,-4.805403575301170349e-02,-9.224832803010940552e-02
-1.234469562768936157e-01,-4.802323505282402039e-02,-9.216263145208358765e-02
-1.234469562768936157e-01,-4.802323505282402039e-02,-9.216263145208358765e-02
-1.226576045155525208e-01,-4.799270629882812500e-02,-9.207647293806076050e-02
-1.226576045155525208e-01,-4.799270629882812500e-02,-9.207647293806076050e-02
-1.218695715069770813e-01,-4.796244204044342041e-02,-9.198980778455734253e-02
-1.218695715069770813e-01,-4.796244204044342041e-02,-9.198980778455734253e-02
-1.210828498005867004e-01,-4.793245717883110046e-02,-9.190267324447631836e-02
-1.210828498005867004e-01,-4.793245717883110046e-02,-9.190267324447631836e-02
-1.202974766492843628e-01,-4.790274053812026978e-02,-9.181506186723709106e-02
-1.202974766492843628e-01,-4.790274053812026978e-02,-9.181506186723709106e-02
-1.195133775472640991e-01,-4.787328839302062988e-02,-9.172695130109786987e-02
-1.195133775472640991e-01,-4.787328839302062988e-02,-9.172695130109786987e-02
-1.187305971980094910e-01,-4.784410446882247925e-02,-9.163837879896163940e-02
-1.187305971980094910e-01,-4.784410446882247925e-02,-9.163837879896163940e-02
-1.179491132497787476e-01,-4.781518504023551941e-02,-9.154931455850601196e-02
-1.179491132497787476e-01,-4.781518504023551941e-02,-9.154931455850601196e-02
-1.171689406037330627e-01,-4.778653755784034729e-02,-9.145976603031158447e-02
-1.171689406037330627e-01,-4.778653755784034729e-02,-9.145976603031158447e-02
-1.163900718092918396e-01,-4.775815084576606750e-02,-9.136977046728134155e-02
-1.163900718092918396e-01,-4.775815084576606750e-02,-9.136977046728134155e-02
-1.156124770641326904e-01,-4.773002862930297852e-02,-9.127929061651229858e-02
-1.156124770641326904e-01,-4.773002862930297852e-02,-9.127929061651229858e-02
-1.148361936211585999e-01,-4.770217090845108032e-02,-9.118833392858505249e-02
-1.148361936211585999e-01,-4.770217090845108032e-02,-9.118833392858505249e-02
-1.140611842274665833e-01,-4.767457768321037292e-02,-9.109691530466079712e-02
-1.140611842274665833e-01,-4.767457768321037292e-02,-9.109691530466079712e-02
-1.132874786853790283e-01,-4.764724150300025940e-02,-9.100501239299774170e-02
-1.132874786853790283e-01,-4.764724150300025940e-02,-9.100501239299774170e-02
-1.125150769948959351e-01,-4.762016609311103821e-02,-9.091265499591827393e-02
-1.125150769948959351e-01,-4.762016609311103821e-02,-9.091265499591827393e-02
-1.117439195513725281e-01,-4.759335145354270935e-02,-9.081983566284179688e-02
-1.117439195513725281e-01,-4.759335145354270935e-02,-9.081983566284179688e-02
-1.109740585088729858e-01,-4.756679758429527283e-02,-9.072654694318771362e-02
-1.109740585088729858e-01,-4.756679758429527283e-02,-9.072654694318771362e-02
-1.102054566144943237e-01,-4.754049703478813171e-02,-9.063279628753662109e-02
-1.102054566144943237e-01,-4.754049703478813171e-02,-9.063279628753662109e-02
-1.094381362199783325e-01,-4.751446098089218140e-02,-9.053859859704971313e-02
-1.094381362199783325e-01,-4.751446098089218140e-02,-9.053859859704971313e-02
-1.086721122264862061e-01,-4.748868197202682495e-02,-9.044393151998519897e-02
-1.086721122264862061e-01,-4.748868197202682495e-02,-9.044393151998519897e-02
-1.079073175787925720e-01,-4.746314883232116699e-02,-9.034880250692367554e-02
-1.079073175787925720e-01,-4.746314883232116699e-02,-9.034880250692367554e-02
-1.071438118815422058e-01,-4.743788391351699829e-02,-9.025323390960693359e-02
-1.071438118815422058e-01,-4.743788391351699829e-02,-9.025323390960693359e-02
-1.063815578818321228e-01,-4.741286113858222961e-02,-9.015720337629318237e-02
-1.063815578818321228e-01,-4.741286113858222961e-02,-9.015720337629318237e-02
-1.056205704808235168e-01,-4.738809913396835327e-02,-9.006072580814361572e-02
-1.056205704808235168e-01,-4.738809913396835327e-02,-9.006072580814361572e-02
-1.048608198761940002e-01,-4.736358299851417542e-02,-8.996377885341644287e-02
-1.048608198761940002e-01,-4.736358299851417542e-02,-8.996377885341644287e-02
-1.041023358702659607e-01,-4.733932763338088989e-02,-8.986640721559524536e-02
-1.041023358702659607e-01,-4.733932763338088989e-02,-8.986640721559524536e-02
-1.033450961112976074e-01,-4.731531813740730286e-02,-8.976857364177703857e-02
-1.033450961112976074e-01,-4.731531813740730286e-02,-8.976857364177703857e-02
-1.025891155004501343e-01,-4.729155823588371277e-02,-8.967030048370361328e-02
-1.025891155004501343e-01,-4.729155823588371277e-02,-8.967030048370361328e-02
-1.018343716859817505e-01,-4.726805165410041809e-02,-8.957158774137496948e-02
-1.018343716859817505e-01,-4.726805165410041809e-02,-8.957158774137496948e-02
-1.010808944702148438e-01,-4.724479094147682190e-02,-8.947242796421051025e-02
-1.010808944702148438e-01,-4.724479094147682190e-02,-8.947242796421051025e-02
-1.003286242485046387e-01,-4.722177237272262573e-02,-8.937284350395202637e-02
-1.003286242485046387e-01,-4.722177237272262573e-02,-8.937284350395202637e-02
-9.957759082317352295e-02,-4.719900712370872498e-02,-8.927278965711593628e-02
-9.957759082317352295e-02,-4.719900712370872498e-02,-8.927278965711593628e-02
-9.882780164480209351e-02,-4.717648401856422424e-02,-8.917232602834701538e-02
-9.882780164480209351e-02,-4.717648401856422424e-02,-8.917232602834701538e-02
-9.807924181222915649e-02,-4.715421050786972046e-02,-8.907140791416168213e-02
-9.807924181222915649e-02,-4.715421050786972046e-02,-8.907140791416168213e-02
-9.733191877603530884e-02,-4.713217914104461670e-02,-8.897008001804351807e-02
-9.733191877603530884e-02,-4.713217914104461670e-02,-8.897008001804351807e-02
-9.658582508563995361e-02,-4.711039364337921143e-02,-8.886829018592834473e-02
-9.658582508563995361e-02,-4.711039364337921143e-02,-8.886829018592834473e-02
-9.584092348814010620e-02,-4.708884656429290771e-02,-8.876608312129974365e-02
-9.584092348814010620e-02,-4.708884656429290771e-02,-8.876608312129974365e-02
-9.509726613759994507e-02,-4.706754535436630249e-02,-8.866345882415771484e-02
-9.509726613759994507e-02,-4.706754535436630249e-02,-8.866345882415771484e-02
-9.435480833053588867e-02,-4.704648256301879883e-02,-8.856038004159927368e-02
-9.435480833053588867e-02,-4.704648256301879883e-02,-8.856038004159927368e-02
-9.361356496810913086e-02,-4.702565446496009827e-02,-8.845689892768859863e-02
-9.361356496810913086e-02,-4.702565446496009827e-02,-8.845689892768859863e-02
-9.287355095148086548e-02,-4.700507596135139465e-02,-8.835298568010330200e-02
-9.287355095148086548e-02,-4.700507596135139465e-02,-8.835298568010330200e-02
-9.213472157716751099e-02,-4.698473960161209106e-02,-8.824865520000457764e-02
-9.213472157716751099e-02,-4.698473960161209106e-02,-8.824865520000457764e-02
-9.139710664749145508e-02,-4.696462303400039673e-02,-8.814390003681182861e-02
-9.139710664749145508e-02,-4.696462303400039673e-02,-8.814390003681182861e-02
-9.066070616245269775e-02,-4.694475606083869934e-02,-8.803872019052505493e-02
-9.066070616245269775e-02,-4.694475606083869934e-02,-8.803872019052505493e-02
-8.992550522089004517e-02,-4.692512005567550659e-02,-8.793312311172485352e-02
-8.992550522089004517e-02,-4.692512005567550659e-02,-8.793312311172485352e-02
-8.919148147106170654e-02,-4.690572246909141541e-02,-8.782710880041122437e-02
-8.919148147106170654e-02,-4.690572246909141541e-02,-8.782710880041122437e-02
-8.845866471529006958e-02,-4.688656702637672424e-02,-8.772069215774536133e-02
-8.845866471529006958e-02,-4.688656702637672424e-02,-8.772069215774536133e-02
-8.772703260183334351e-02,-4.686762765049934387e-02,-8.761385828256607056e-02
-8.772703260183334351e-02,-4.686762765049934387e-02,-8.761385828256607056e-02
-8.699659258127212524e-02,-4.684893786907196045e-02,-8.750661462545394897e-02
-8.699659258127212524e-02,-4.684893786907196045e-02,-8.750661462545394897e-02
-8.626732975244522095e-02,-4.683046787977218628e-02,-8.739896118640899658e-02
-8.626732975244522095e-02,-4.683046787977218628e-02,-8.739896118640899658e-02
-8.553925156593322754e-02,-4.681223258376121521e-02,-8.729089796543121338e-02
-8.553925156593322754e-02,-4.681223258376121521e-02,-8.729089796543121338e-02
-8.481235802173614502e-02,-4.679422825574874878e-02,-8.718242496252059937e-02
-8.481235802173614502e-02,-4.679422825574874878e-02,-8.718242496252059937e-02
-8.408664166927337646e-02,-4.677645862102508545e-02,-8.707354217767715454e-02
-8.408664166927337646e-02,-4.677645862102508545e-02,-8.707354217767715454e-02
-8.336210250854492188e-02,-4.675890877842903137e-02,-8.696426451206207275e-02
-8.336210250854492188e-02,-4.675890877842903137e-02,-8.696426451206207275e-02
-8.263874053955078125e-02,-4.674159362912178040e-02,-8.685459196567535400e-02
-8.263874053955078125e-02,-4.674159362912178040e-02,-8.685459196567535400e-02
-8.191653341054916382e-02,-4.672450199723243713e-02,-8.674450963735580444e-02
-8.191653341054916382e-02,-4.672450199723243713e-02,-8.674450963735580444e-02
-8.119549602270126343e-02,-4.670764505863189697e-02,-8.663403987884521484e-02
-8.119549602270126343e-02,-4.670764505863189697e-02,-8.663403987884521484e-02
-8.047562837600708008e-02,-4.669100046157836914e-02,-8.652315288782119751e-02
-8.047562837600708008e-02,-4.669100046157836914e-02,-8.652315288782119751e-02
-7.975690811872482300e-02,-4.667458310723304749e-02,-8.641188591718673706e-02
-7.975690811872482300e-02,-4.667458310723304749e-02,-8.641188591718673706e-02
-7.903933525085449219e-02,-4.665839299559593201e-02,-8.630023151636123657e-02
-7.903933525085449219e-02,-4.665839299559593201e-02,-8.630023151636123657e-02
-7.832293212413787842e-02,-4.664242267608642578e-02,-8.618818223476409912e-02
-7.832293212413787842e-02,-4.664242267608642578e-02,-8.618818223476409912e-02
-7.760768383741378784e-02,-4.662667587399482727e-02,-8.607573062181472778e-02
-7.760768383741378784e-02,-4.662667587399482727e-02,-8.607573062181472778e-02
-7.689356803894042969e-02,-4.661115631461143494e-02,-8.596289157867431641e-02
-7.689356803894042969e-02,-4.661115631461143494e-02,-8.596289157867431641e-02
-7.618060708045959473e-02,-4.659584909677505493e-02,-8.584968000650405884e-02
-7.618060708045959473e-02,-4.659584909677505493e-02,-8.584968000650405884e-02
-7.546879351139068604e-02,-4.658076912164688110e-02,-8.573607355356216431e-02
-7.546879351139068604e-02,-4.658076912164688110e-02,-8.573607355356216431e-02
-7.475812733173370361e-02,-4.656590893864631653e-02,-8.562208712100982666e-02
-7.475812733173370361e-02,-4.656590893864631653e-02,-8.562208712100982666e-02
-7.404857873916625977e-02,-4.655125737190246582e-02,-8.550772815942764282e-02
-7.404857873916625977e-02,-4.655125737190246582e-02,-8.550772815942764282e-02
-7.334017008543014526e-02,-4.653682559728622437e-02,-8.539295941591262817e-02
-7.334017008543014526e-02,-4.653682559728622437e-02,-8.539295941591262817e-02
-7.263290137052536011e-02,-4.652260616421699524e-02,-8.527784049510955811e-02
-7.263290137052536011e-02,-4.652260616421699524e-02,-8.527784049510955811e-02
-7.192675769329071045e-02,-4.650861024856567383e-02,-8.516234159469604492e-02
-7.192675769329071045e-02,-4.650861024856567383e-02,-8.516234159469604492e-02
-7.122173160314559937e-02,-4.649482667446136475e-02,-8.504646271467208862e-02
-7.122173160314559937e-02,-4.649482667446136475e-02,-8.504646271467208862e-02
-7.051783800125122070e-02,-4.648125916719436646e-02,-8.493019640445709229e-02
-7.051783800125122070e-02,-4.648125916719436646e-02,-8.493019640445709229e-02
-6.981505453586578369e-02,-4.646790027618408203e-02,-8.481358736753463745e-02
-6.981505453586578369e-02,-4.646790027618408203e-02,-8.481358736753463745e-02
-6.911339610815048218e-02,-4.645475745201110840e-02,-8.469658344984054565e-02
-6.911339610815048218e-02,-4.645475745201110840e-02,-8.469658344984054565e-02
-6.841284781694412231e-02,-4.644182324409484863e-02,-8.457920700311660767e-02
-6.841284781694412231e-02,-4.644182324409484863e-02,-8.457920700311660767e-02
-6.771341711282730103e-02,-4.642909765243530273e-02,-8.446148037910461426e-02
-6.771341711282730103e-02,-4.642909765243530273e-02,-8.446148037910461426e-02
-6.701508909463882446e-02,-4.641658812761306763e-02,-8.434338122606277466e-02
-6.701508909463882446e-02,-4.641658812761306763e-02,-8.434338122606277466e-02
-6.631787121295928955e-02,-4.640428721904754639e-02,-8.422491699457168579e-02
-6.631787121295928955e-02,-4.640428721904754639e-02,-8.422491699457168579e-02
-6.562176346778869629e-02,-4.639219120144844055e-02,-8.410609513521194458e-02
-6.562176346778869629e-02,-4.639219120144844055e-02,-8.410609513521194458e-02
-6.492673605680465698e-02,-4.638030380010604858e-02,-8.398690819740295410e-02
-6.492673605680465698e-02,-4.638030380010604858e-02,-8.398690819740295410e-02
-6.423282623291015625e-02,-4.636861756443977356e-02,-8.386736363172531128e-02
-6.423282623291015625e-02,-4.636861756443977356e-02,-8.386736363172531128e-02
-6.353999674320220947e-02,-4.635714367032051086e-02,-8.374746888875961304e-02
-6.353999674320220947e-02,-4.635714367032051086e-02,-8.374746888875961304e-02
-6.284826248884201050e-02,-4.634587094187736511e-02,-8.362720906734466553e-02
-6.284826248884201050e-02,-4.634587094187736511e-02,-8.362720906734466553e-02
-6.215761601924896240e-02,-4.633480310440063477e-02,-8.350659906864166260e-02
-6.215761601924896240e-02,-4.633480310440063477e-02,-8.350659906864166260e-02
-6.146804988384246826e-02,-4.632394015789031982e-02,-8.338563144207000732e-02
-6.146804988384246826e-02,-4.632394015789031982e-02,-8.338563144207000732e-02
-6.077957153320312500e-02,-4.631327837705612183e-02,-8.326431363821029663e-02
-6.077957153320312500e-02,-4.631327837705612183e-02,-8.326431363821029663e-02
-6.009219586849212646e-02,-4.630282148718833923e-02,-8.314264565706253052e-02
-6.009219586849212646e-02,-4.630282148718833923e-02,-8.314264565706253052e-02
-5.940587073564529419e-02,-4.629255458712577820e-02,-8.302063494920730591e-02
-5.940587073564529419e-02,-4.629255458712577820e-02,-8.302063494920730591e-02
-5.872062966227531433e-02,-4.628249630331993103e-02,-8.289827406406402588e-02
-5.872062966227531433e-02,-4.628249630331993103e-02,-8.289827406406402588e-02
-5.803645774722099304e-02,-4.627263918519020081e-02,-8.277557045221328735e-02
-5.803645774722099304e-02,-4.627263918519020081e-02,-8.277557045221328735e-02
-5.735335871577262878e-02,-4.626297578215599060e-02,-8.265252411365509033e-02
-5.735335871577262878e-02,-4.626297578215599060e-02,-8.265252411365509033e-02
-5.667131394147872925e-02,-4.625350609421730042e-02,-8.252912759780883789e-02
-5.667131394147872925e-02,-4.625350609421730042e-02,-8.252912759780883789e-02
-5.599035322666168213e-02,-4.624424502253532410e-02,-8.240541070699691772e-02
-5.599035322666168213e-02,-4.624424502253532410e-02,-8.240541070699691772e-02
-5.531044304370880127e-02,-4.623516649007797241e-02,-8.228135108947753906e-02
-5.531044304370880127e-02,-4.623516649007797241e-02,-8.228135108947753906e-02
-5.463158339262008667e-02,-4.622628912329673767e-02,-8.215694129467010498e-02
-5.463158339262008667e-02,-4.622628912329673767e-02,-8.215694129467010498e-02
-5.395378172397613525e-02,-4.621760547161102295e-02,-8.203221857547760010e-02
-5.395378172397613525e-02,-4.621760547161102295e-02,-8.203221857547760010e-02
-5.327703803777694702e-02,-4.620911926031112671e-02,-8.190714567899703979e-02
-5.327703803777694702e-02,-4.620911926031112671e-02,-8.190714567899703979e-02
-5.260133743286132812e-02,-4.620081931352615356e-02,-8.178175240755081177e-02
-5.260133743286132812e-02,-4.620081931352615356e-02,-8.178175240755081177e-02
-5.192669108510017395e-02,-4.619271680712699890e-02,-8.165601640939712524e-02
-5.192669108510017395e-02,-4.619271680712699890e-02,-8.165601640939712524e-02
-5.125307664275169373e-02,-4.618479683995246887e-02,-8.152996003627777100e-02
-5.125307664275169373e-02,-4.618479683995246887e-02,-8.152996003627777100e-02
-5.058050900697708130e-02,-4.617707058787345886e-02,-8.140356838703155518e-02
-5.058050900697708130e-02,-4.617707058787345886e-02,-8.140356838703155518e-02
-4.990899190306663513e-02,-4.616953805088996887e-02,-8.127685636281967163e-02
-4.990899190306663513e-02,-4.616953805088996887e-02,-8.127685636281967163e-02
-4.923849552869796753e-02,-4.616218805313110352e-02,-8.114981651306152344e-02
-4.923849552869796753e-02,-4.616218805313110352e-02,-8.114981651306152344e-02
-4.856902733445167542e-02,-4.615502804517745972e-02,-8.102247118949890137e-02
-4.856902733445167542e-02,-4.615502804517745972e-02,-8.102247118949890137e-02
-4.790059477090835571e-02,-4.614805057644844055e-02,-8.089479804039001465e-02
-4.790059477090835571e-02,-4.614805057644844055e-02,-8.089479804039001465e-02
-4.723317921161651611e-02,-4.614126309752464294e-02,-8.076679706573486328e-02
-4.723317921161651611e-02,-4.614126309752464294e-02,-8.076679706573486328e-02
-4.656680300831794739e-02,-4.613465815782546997e-02,-8.063849061727523804e-02
-4.656680300831794739e-02,-4.613465815782546997e-02,-8.063849061727523804e-02
-4.590144753456115723e-02,-4.612825065851211548e-02,-8.050986379384994507e-02
-4.590144753456115723e-02,-4.612825065851211548e-02,-8.050986379384994507e-02
-4.523709788918495178e-02,-4.612201452255249023e-02,-8.038092404603958130e-02
-4.523709788918495178e-02,-4.612201452255249023e-02,-8.038092404603958130e-02
-4.457376897335052490e-02,-4.611595720052719116e-02,-8.025167882442474365e-02
-4.457376897335052490e-02,-4.611595720052719116e-02,-8.025167882442474365e-02
-4.391146078705787659e-02,-4.611008614301681519e-02,-8.012211322784423828e-02
-4.391146078705787659e-02,-4.611008614301681519e-02,-8.012211322784423828e-02
-4.325014725327491760e-02,-4.610439762473106384e-02,-7.999224215745925903e-02
-4.325014725327491760e-02,-4.610439762473106384e-02,-7.999224215745925903e-02
-4.258985072374343872e-02,-4.609889164566993713e-02,-7.986206561326980591e-02
-4.258985072374343872e-02,-4.609889164566993713e-02,-7.986206561326980591e-02
-4.193056002259254456e-02,-4.609356075525283813e-02,-7.973158359527587891e-02
-4.193056002259254456e-02,-4.609356075525283813e-02,-7.973158359527587891e-02
-4.127226024866104126e-02,-4.608841240406036377e-02,-7.960079610347747803e-02
-4.127226024866104126e-02,-4.608841240406036377e-02,-7.960079610347747803e-02
-4.061495512723922729e-02,-4.608343541622161865e-02,-7.946970313787460327e-02
-4.061495512723922729e-02,-4.608343541622161865e-02,-7.946970313787460327e-02
-3.995865955948829651e-02,-4.607863724231719971e-02,-7.933831959962844849e-02
-3.995865955948829651e-02,-4.607863724231719971e-02,-7.933831959962844849e-02
-3.930334001779556274e-02,-4.607401788234710693e-02,-7.920663058757781982e-02
-3.930334001779556274e-02,-4.607401788234710693e-02,-7.920663058757781982e-02
-3.864902630448341370e-02,-4.606957361102104187e-02,-7.907463610172271729e-02
-3.864902630448341370e-02,-4.606957361102104187e-02,-7.907463610172271729e-02
-3.799569606781005859e-02,-4.606530070304870605e-02,-7.894235849380493164e-02
-3.799569606781005859e-02,-4.606530070304870605e-02,-7.894235849380493164e-02
-3.734334558248519897e-02,-4.606120288372039795e-02,-7.880976796150207520e-02
-3.734334558248519897e-02,-4.606120288372039795e-02,-7.880976796150207520e-02
-3.669198229908943176e-02,-4.605727642774581909e-02,-7.867690920829772949e-02
-3.669198229908943176e-02,-4.605727642774581909e-02,-7.867690920829772949e-02
-3.604159131646156311e-02,-4.605352506041526794e-02,-7.854374498128890991e-02
-3.604159131646156311e-02,-4.605352506041526794e-02,-7.854374498128890991e-02
-3.539217263460159302e-02,-4.604994505643844604e-02,-7.841030508279800415e-02
-3.539217263460159302e-02,-4.604994505643844604e-02,-7.841030508279800415e-02
-3.474372997879981995e-02,-4.604653269052505493e-02,-7.827655971050262451e-02
-3.474372997879981995e-02,-4.604653269052505493e-02,-7.827655971050262451e-02
-3.409625589847564697e-02,-4.604329168796539307e-02,-7.814254611730575562e-02
-3.409625589847564697e-02,-4.604329168796539307e-02,-7.814254611730575562e-02
-3.344975039362907410e-02,-4.604022204875946045e-02,-7.800824195146560669e-02
-3.344975039362907410e-02,-4.604022204875946045e-02,-7.800824195146560669e-02
-3.280421718955039978e-02,-4.603731259703636169e-02,-7.787364721298217773e-02
-3.280421718955039978e-02,-4.603731259703636169e-02,-7.787364721298217773e-02
-3.215963393449783325e-02,-4.603456705808639526e-02,-7.773877680301666260e-02
-3.215963393449783325e-02,-4.603456705808639526e-02,-7.773877680301666260e-02
-3.151601552963256836e-02,-4.603200033307075500e-02,-7.760363072156906128e-02
-3.151601552963256836e-02,-4.603200033307075500e-02,-7.760363072156906128e-02
-3.087334148585796356e-02,-4.602959007024765015e-02,-7.746819406747817993e-02
-3.087334148585796356e-02,-4.602959007024765015e-02,-7.746819406747817993e-02
-3.023163788020610809e-02,-4.602735117077827454e-02,-7.733249664306640625e-02
-3.023163788020610809e-02,-4.602735117077827454e-02,-7.733249664306640625e-02
-2.959086932241916656e-02,-4.602527245879173279e-02,-7.719651609659194946e-02
-2.959086932241916656e-02,-4.602527245879173279e-02,-7.719651609659194946e-02
-2.895106002688407898e-02,-4.602335765957832336e-02,-7.706026732921600342e-02
-2.895106002688407898e-02,-4.602335765957832336e-02,-7.706026732921600342e-02
-2.831219136714935303e-02,-4.602160304784774780e-02,-7.692375034093856812e-02
-2.831219136714935303e-02,-4.602160304784774780e-02,-7.692375034093856812e-02
-2.767426334321498871e-02,-4.602001234889030457e-02,-7.678695768117904663e-02
-2.767426334321498871e-02,-4.602001234889030457e-02,-7.678695768117904663e-02
-2.703726664185523987e-02,-4.601857811212539673e-02,-7.664988934993743896e-02
-2.703726664185523987e-02,-4.601857811212539673e-02,-7.664988934993743896e-02
-2.640121057629585266e-02,-4.601730033755302429e-02,-7.651256769895553589e-02
-2.640121057629585266e-02,-4.601730033755302429e-02,-7.651256769895553589e-02
-2.576608024537563324e-02,-4.601618275046348572e-02,-7.637497037649154663e-02
-2.576608024537563324e-02,-4.601618275046348572e-02,-7.637497037649154663e-02
-2.513190358877182007e-02,-4.601523280143737793e-02,-7.623711973428726196e-02
-2.513190358877182007e-02,-4.601523280143737793e-02,-7.623711973428726196e-02
-2.449863217771053314e-02,-4.601443931460380554e-02,-7.609899342060089111e-02
-2.449863217771053314e-02,-4.601443931460380554e-02,-7.609899342060089111e-02
-2.386628836393356323e-02,-4.601379111409187317e-02,-7.596061378717422485e-02
-2.386628836393356323e-02,-4.601379111409187317e-02,-7.596061378717422485e-02
-2.323488146066665649e-02,-4.601330682635307312e-02,-7.582198828458786011e-02
-2.323488146066665649e-02,-4.601330682635307312e-02,-7.582198828458786011e-02
-2.260437607765197754e-02,-4.601296782493591309e-02,-7.568310201168060303e-02
-2.260437607765197754e-02,-4.601296782493591309e-02,-7.568310201168060303e-02
-2.197478897869586945e-02,-4.601278901100158691e-02,-7.554395496845245361e-02
-2.197478897869586945e-02,-4.601278901100158691e-02,-7.554395496845245361e-02
-2.134612388908863068e-02,-4.601276293396949768e-02,-7.540454715490341187e-02
-2.134612388908863068e-02,-4.601276293396949768e-02,-7.540454715490341187e-02
-2.071835473179817200e-02,-4.601289331912994385e-02,-7.526489347219467163e-02
-2.071835473179817200e-02,-4.601289331912994385e-02,-7.526489347219467163e-02
-2.009150572121143341e-02,-4.601316526532173157e-02,-7.512498646974563599e-02
-2.009150572121143341e-02,-4.601316526532173157e-02,-7.512498646974563599e-02
-1.946555636823177338e-02,-4.601359367370605469e-02,-7.498483359813690186e-02
-1.946555636823177338e-02,-4.601359367370605469e-02,-7.498483359813690186e-02
-1.884050667285919189e-02,-4.601417481899261475e-02,-7.484444975852966309e-02
-1.884050667285919189e-02,-4.601417481899261475e-02,-7.484444975852966309e-02
-1.821635104715824127e-02,-4.601490497589111328e-02,-7.470380514860153198e-02
-1.821635104715824127e-02,-4.601490497589111328e-02,-7.470380514860153198e-02
-1.759310998022556305e-02,-4.601577669382095337e-02,-7.456291466951370239e-02
-1.759310998022556305e-02,-4.601577669382095337e-02,-7.456291466951370239e-02
-1.697074994444847107e-02,-4.601680114865303040e-02,-7.442179322242736816e-02
-1.697074994444847107e-02,-4.601680114865303040e-02,-7.442179322242736816e-02
-1.634927839040756226e-02,-4.601797088980674744e-02,-7.428041100502014160e-02
-1.634927839040756226e-02,-4.601797088980674744e-02,-7.428041100502014160e-02
-1.572870276868343353e-02,-4.601928591728210449e-02,-7.413880527019500732e-02
-1.572870276868343353e-02,-4.601928591728210449e-02,-7.413880527019500732e-02
-1.510900538414716721e-02,-4.602074250578880310e-02,-7.399696111679077148e-02
-1.510900538414716721e-02,-4.602074250578880310e-02,-7.399696111679077148e-02
-1.449018809944391251e-02,-4.602234065532684326e-02,-7.385488599538803101e-02
-1.449018809944391251e-02,-4.602234065532684326e-02,-7.385488599538803101e-02
-1.387224905192852020e-02,-4.602409154176712036e-02,-7.371256500482559204e-02
-1.387224905192852020e-02,-4.602409154176712036e-02,-7.371256500482559204e-02
-1.325519569218158722e-02,-4.602598026394844055e-02,-7.357002049684524536e-02
-1.325519569218158722e-02,-4.602598026394844055e-02,-7.357002049684524536e-02
-1.263901311904191971e-02,-4.602801054716110229e-02,-7.342723011970520020e-02
-1.263901311904191971e-02,-4.602801054716110229e-02,-7.342723011970520020e-02
-1.202369667589664459e-02,-4.603017866611480713e-02,-7.328423112630844116e-02
-1.202369667589664459e-02,-4.603017866611480713e-02,-7.328423112630844116e-02
-1.140925381332635880e-02,-4.603249207139015198e-02,-7.314098626375198364e-02
-1.140925381332635880e-02,-4.603249207139015198e-02,-7.314098626375198364e-02
-1.079566963016986847e-02,-4.603493958711624146e-02,-7.299752533435821533e-02
-1.079566963016986847e-02,-4.603493958711624146e-02,-7.299752533435821533e-02
-1.018295250833034515e-02,-4.603752866387367249e-02,-7.285384833812713623e-02
-1.018295250833034515e-02,-4.603752866387367249e-02,-7.285384833812713623e-02
-9.571094997227191925e-03,-4.604025185108184814e-02,-7.270994037389755249e-02
-9.571094997227191925e-03,-4.604025185108184814e-02,-7.270994037389755249e-02
-8.960083127021789551e-03,-4.604310914874076843e-02,-7.256580889225006104e-02
-8.960083127021789551e-03,-4.604310914874076843e-02,-7.256580889225006104e-02
-8.349938318133354187e-03,-4.604611545801162720e-02,-7.242146134376525879e-02
-8.349938318133354187e-03,-4.604611545801162720e-02,-7.242146134376525879e-02
-7.740631233900785446e-03,-4.604924097657203674e-02,-7.227689772844314575e-02
-7.740631233900785446e-03,-4.604924097657203674e-02,-7.227689772844314575e-02
-7.132185623049736023e-03,-4.605250805616378784e-02,-7.213211804628372192e-02
-7.132185623049736023e-03,-4.605250805616378784e-02,-7.213211804628372192e-02
-6.524576805531978607e-03,-4.605590924620628357e-02,-7.198712229728698730e-02
-6.524576805531978607e-03,-4.605590924620628357e-02,-7.198712229728698730e-02
-5.917816888540983200e-03,-4.605943709611892700e-02,-7.184190303087234497e-02
-5.917816888540983200e-03,-4.605943709611892700e-02,-7.184190303087234497e-02
-5.311888176947832108e-03,-4.606309905648231506e-02,-7.169648259878158569e-02
-5.311888176947832108e-03,-4.606309905648231506e-02,-7.169648259878158569e-02
-4.706794861704111099e-03,-4.606689140200614929e-02,-7.155086100101470947e-02
-4.706794861704111099e-03,-4.606689140200614929e-02,-7.155086100101470947e-02
-4.102540668100118637e-03,-4.607081785798072815e-02,-7.140502333641052246e-02
-4.102540668100118637e-03,-4.607081785798072815e-02,-7.140502333641052246e-02
-3.499117912724614143e-03,-4.607487469911575317e-02,-7.125897705554962158e-02
-3.499117912724614143e-03,-4.607487469911575317e-02,-7.125897705554962158e-02
-2.896521007642149925e-03,-4.607905074954032898e-02,-7.111271470785140991e-02
-2.896521007642149925e-03,-4.607905074954032898e-02,-7.111271470785140991e-02
-2.294757170602679253e-03,-4.608336091041564941e-02,-7.096627354621887207e-02
-2.294757170602679253e-03,-4.608336091041564941e-02,-7.096627354621887207e-02
-1.693805097602307796e-03,-4.608780145645141602e-02,-7.081962376832962036e-02
-1.693805097602307796e-03,-4.608780145645141602e-02,-7.081962376832962036e-02
-1.093676546588540077e-03,-4.609235748648643494e-02,-7.067276537418365479e-02
-1.093676546588540077e-03,-4.609235748648643494e-02,-7.067276537418365479e-02
-4.943572566844522953e-04,-4.609704390168190002e-02,-7.052570581436157227e-02
-4.943572566844522953e-04,-4.609704390168190002e-02,-7.052570581436157227e-02
1.041374198393896222e-04,-4.610185697674751282e-02,-7.037845999002456665e-02
1.041374198393896222e-04,-4.610185697674751282e-02,-7.037845999002456665e-02
7.018282776698470116e-04,-4.610679298639297485e-02,-7.023102790117263794e-02
7.018282776698470116e-04,-4.610679298639297485e-02,-7.023102790117263794e-02
1.298702205531299114e-03,-4.611184820532798767e-02,-7.008338719606399536e-02
1.298702205531299114e-03,-4.611184820532798767e-02,-7.008338719606399536e-02
1.894777873530983925e-03,-4.611703008413314819e-02,-6.993556022644042969e-02
1.894777873530983925e-03,-4.611703008413314819e-02,-6.993556022644042969e-02
2.490047598257660866e-03,-4.612231999635696411e-02,-6.978753954172134399e-02
2.490047598257660866e-03,-4.612231999635696411e-02,-6.978753954172134399e-02
3.084518946707248688e-03,-4.612774401903152466e-02,-6.963933259248733521e-02
3.084518946707248688e-03,-4.612774401903152466e-02,-6.963933259248733521e-02
3.678191918879747391e-03,-4.613328352570533752e-02,-6.949093937873840332e-02
3.678191918879747391e-03,-4.613328352570533752e-02,-6.949093937873840332e-02
4.271070007234811783e-03,-4.613893851637840271e-02,-6.934235244989395142e-02
4.271070007234811783e-03,-4.613893851637840271e-02,-6.934235244989395142e-02
4.863159731030464172e-03,-4.614471271634101868e-02,-6.919360160827636719e-02
4.863159731030464172e-03,-4.614471271634101868e-02,-6.919360160827636719e-02
5.454464815557003021e-03,-4.615060985088348389e-02,-6.904464215040206909e-02
5.454464815557003021e-03,-4.615060985088348389e-02,-6.904464215040206909e-02
6.044973153620958328e-03,-4.615661501884460449e-02,-6.889552623033523560e-02
6.044973153620958328e-03,-4.615661501884460449e-02,-6.889552623033523560e-02
6.634705699980258942e-03,-4.616273567080497742e-02,-6.874622404575347900e-02
6.634705699980258942e-03,-4.616273567080497742e-02,-6.874622404575347900e-02
7.223661523312330246e-03,-4.616897180676460266e-02,-6.859674304723739624e-02
7.223661523312330246e-03,-4.616897180676460266e-02,-6.859674304723739624e-02
7.811841554939746857e-03,-4.617531970143318176e-02,-6.844708323478698730e-02
7.811841554939746857e-03,-4.617531970143318176e-02,-6.844708323478698730e-02
8.399236947298049927e-03,-4.618178680539131165e-02,-6.829725205898284912e-02
8.399236947298049927e-03,-4.618178680539131165e-02,-6.829725205898284912e-02
8.985868655145168304e-03,-4.618836566805839539e-02,-6.814725697040557861e-02
8.985868655145168304e-03,-4.618836566805839539e-02,-6.814725697040557861e-02
9.571732021868228912e-03,-4.619504511356353760e-02,-6.799707561731338501e-02
9.571732021868228912e-03,-4.619504511356353760e-02,-6.799707561731338501e-02
1.015682239085435867e-02,-4.620184749364852905e-02,-6.784673780202865601e-02
1.015682239085435867e-02,-4.620184749364852905e-02,-6.784673780202865601e-02
1.074115652590990067e-02,-4.620875045657157898e-02,-6.769623607397079468e-02
1.074115652590990067e-02,-4.620875045657157898e-02,-6.769623607397079468e-02
1.132472790777683258e-02,-4.621576517820358276e-02,-6.754555553197860718e-02
1.132472790777683258e-02,-4.621576517820358276e-02,-6.754555553197860718e-02
1.190754584968090057e-02,-4.622288048267364502e-02,-6.739471107721328735e-02
1.190754584968090057e-02,-4.622288048267364502e-02,-6.739471107721328735e-02
1.248960383236408234e-02,-4.623011127114295959e-02,-6.724371761083602905e-02
1.248960383236408234e-02,-4.623011127114295959e-02,-6.724371761083602905e-02
1.307091210037469864e-02,-4.623745009303092957e-02,-6.709255278110504150e-02
1.307091210037469864e-02,-4.623745009303092957e-02,-6.709255278110504150e-02
1.365147251635789871e-02,-4.624488577246665955e-02,-6.694122403860092163e-02
1.365147251635789871e-02,-4.624488577246665955e-02,-6.694122403860092163e-02
1.423129346221685410e-02,-4.625242948532104492e-02,-6.678973883390426636e-02
1.423129346221685410e-02,-4.625242948532104492e-02,-6.678973883390426636e-02
1.481036935001611710e-02,-4.626008123159408569e-02,-6.663811206817626953e-02
1.481036935001611710e-02,-4.626008123159408569e-02,-6.663811206817626953e-02
1.538869738578796387e-02,-4.626783356070518494e-02,-6.648632884025573730e-02
1.538869738578796387e-02,-4.626783356070518494e-02,-6.648632884025573730e-02
1.596629247069358826e-02,-4.627568647265434265e-02,-6.633437424898147583e-02
1.596629247069358826e-02,-4.627568647265434265e-02,-6.633437424898147583e-02
1.654314808547496796e-02,-4.628363996744155884e-02,-6.618228554725646973e-02
1.654314808547496796e-02,-4.628363996744155884e-02,-6.618228554725646973e-02
1.711927913129329681e-02,-4.629169777035713196e-02,-6.603004038333892822e-02
1.711927913129329681e-02,-4.629169777035713196e-02,-6.603004038333892822e-02
1.769467443227767944e-02,-4.629985243082046509e-02,-6.587765365839004517e-02
1.769467443227767944e-02,-4.629985243082046509e-02,-6.587765365839004517e-02
1.826935447752475739e-02,-4.630810022354125977e-02,-6.572511047124862671e-02
1.826935447752475739e-02,-4.630810022354125977e-02,-6.572511047124862671e-02
1.884329877793788910e-02,-4.631644859910011292e-02,-6.557243317365646362e-02
1.884329877793788910e-02,-4.631644859910011292e-02,-6.557243317365646362e-02
1.941653527319431305e-02,-4.632489755749702454e-02,-6.541960686445236206e-02
1.941653527319431305e-02,-4.632489755749702454e-02,-6.541960686445236206e-02
1.998904719948768616e-02,-4.633344709873199463e-02,-6.526664644479751587e-02
1.998904719948768616e-02,-4.633344709873199463e-02,-6.526664644479751587e-02
2.056084200739860535e-02,-4.634208232164382935e-02,-6.511352956295013428e-02
2.056084200739860535e-02,-4.634208232164382935e-02,-6.511352956295013428e-02
2.113192714750766754e-02,-4.635081812739372253e-02,-6.496029347181320190e-02
2.113192714750766754e-02,-4.635081812739372253e-02,-6.496029347181320190e-02
2.170230261981487274e-02,-4.635964334011077881e-02,-6.480691581964492798e-02
2.170230261981487274e-02,-4.635964334011077881e-02,-6.480691581964492798e-02
2.227197960019111633e-02,-4.636856913566589355e-02,-6.465339660644531250e-02
2.227197960019111633e-02,-4.636856913566589355e-02,-6.465339660644531250e-02
2.284094132483005524e-02,-4.637758061289787292e-02,-6.449974328279495239e-02
2.284094132483005524e-02,-4.637758061289787292e-02,-6.449974328279495239e-02
2.340920828282833099e-02,-4.638668149709701538e-02,-6.434596329927444458e-02
2.340920828282833099e-02,-4.638668149709701538e-02,-6.434596329927444458e-02
2.397677861154079437e-02,-4.639588296413421631e-02,-6.419205665588378906e-02
2.397677861154079437e-02,-4.639588296413421631e-02,-6.419205665588378906e-02
2.454365231096744537e-02,-4.640516266226768494e-02,-6.403801590204238892e-02
2.454365231096744537e-02,-4.640516266226768494e-02,-6.403801590204238892e-02
2.510983869433403015e-02,-4.641453921794891357e-02,-6.388385593891143799e-02
2.510983869433403015e-02,-4.641453921794891357e-02,-6.388385593891143799e-02
2.567533031105995178e-02,-4.642399400472640991e-02,-6.372956186532974243e-02
2.567533031105995178e-02,-4.642399400472640991e-02,-6.372956186532974243e-02
2.624014206230640411e-02,-4.643354937434196472e-02,-6.357514858245849609e-02
2.624014206230640411e-02,-4.643354937434196472e-02,-6.357514858245849609e-02
2.680426090955734253e-02,-4.644317924976348877e-02,-6.342061609029769897e-02
2.680426090955734253e-02,-4.644317924976348877e-02,-6.342061609029769897e-02
2.736770361661911011e-02,-4.645289480686187744e-02,-6.326595693826675415e-02
2.736770361661911011e-02,-4.645289480686187744e-02,-6.326595693826675415e-02
2.793047018349170685e-02,-4.646270349621772766e-02,-6.311118602752685547e-02
2.793047018349170685e-02,-4.646270349621772766e-02,-6.311118602752685547e-02
2.849256247282028198e-02,-4.647259414196014404e-02,-6.295628845691680908e-02
2.849256247282028198e-02,-4.647259414196014404e-02,-6.295628845691680908e-02
2.905397862195968628e-02,-4.648255929350852966e-02,-6.280128657817840576e-02
2.905397862195968628e-02,-4.648255929350852966e-02,-6.280128657817840576e-02
2.961472794413566589e-02,-4.649262130260467529e-02,-6.264617294073104858e-02
2.961472794413566589e-02,-4.649262130260467529e-02,-6.264617294073104858e-02
3.017480857670307159e-02,-4.650275409221649170e-02,-6.249094009399414062e-02
3.017480857670307159e-02,-4.650275409221649170e-02,-6.249094009399414062e-02
3.073422610759735107e-02,-4.651296511292457581e-02,-6.233559921383857727e-02
3.073422610759735107e-02,-4.651296511292457581e-02,-6.233559921383857727e-02
3.129298239946365356e-02,-4.652326181530952454e-02,-6.218014284968376160e-02
3.129298239946365356e-02,-4.652326181530952454e-02,-6.218014284968376160e-02
3.185108304023742676e-02,-4.653364047408103943e-02,-6.202458590269088745e-02
3.185108304023742676e-02,-4.653364047408103943e-02,-6.202458590269088745e-02
3.240853175520896912e-02,-4.654409736394882202e-02,-6.186891347169876099e-02
3.240853175520896912e-02,-4.654409736394882202e-02,-6.186891347169876099e-02
3.296531736850738525e-02,-4.655462503433227539e-02,-6.171314418315887451e-02
3.296531736850738525e-02,-4.655462503433227539e-02,-6.171314418315887451e-02
3.352145850658416748e-02,-4.656523093581199646e-02,-6.155727431178092957e-02
3.352145850658416748e-02,-4.656523093581199646e-02,-6.155727431178092957e-02
3.407695889472961426e-02,-4.657591879367828369e-02,-6.140131130814552307e-02
3.407695889472961426e-02,-4.657591879367828369e-02,-6.140131130814552307e-02
3.463181108236312866e-02,-4.658666998147964478e-02,-6.124523654580116272e-02
3.463181108236312866e-02,-4.658666998147964478e-02,-6.124523654580116272e-02
3.518601879477500916e-02,-4.659749940037727356e-02,-6.108906865119934082e-02
3.518601879477500916e-02,-4.659749940037727356e-02,-6.108906865119934082e-02
3.573958948254585266e-02,-4.660840332508087158e-02,-6.093280389904975891e-02
3.573958948254585266e-02,-4.660840332508087158e-02,-6.093280389904975891e-02
3.629253432154655457e-02,-4.661938175559043884e-02,-6.077644228935241699e-02
3.629253432154655457e-02,-4.661938175559043884e-02,-6.077644228935241699e-02
3.684484213590621948e-02,-4.663042724132537842e-02,-6.061999499797821045e-02
3.684484213590621948e-02,-4.663042724132537842e-02,-6.061999499797821045e-02
3.739652037620544434e-02,-4.664155095815658569e-02,-6.046344712376594543e-02
3.739652037620544434e-02,-4.664155095815658569e-02,-6.046344712376594543e-02
3.794756159186363220e-02,-4.665274173021316528e-02,-6.030681729316711426e-02
3.794756159186363220e-02,-4.665274173021316528e-02,-6.030681729316711426e-02
3.849798813462257385e-02,-4.666399583220481873e-02,-6.015010550618171692e-02
3.849798813462257385e-02,-4.666399583220481873e-02,-6.015010550618171692e-02
3.904778882861137390e-02,-4.667532071471214294e-02,-5.999330058693885803e-02
3.904778882861137390e-02,-4.667532071471214294e-02,-5.999330058693885803e-02
3.959697484970092773e-02,-4.668671265244483948e-02,-5.983640626072883606e-02
3.959697484970092773e-02,-4.668671265244483948e-02,-5.983640626072883606e-02
4.014554619789123535e-02,-4.669817164540290833e-02,-5.967943370342254639e-02
4.014554619789123535e-02,-4.669817164540290833e-02,-5.967943370342254639e-02
4.069351032376289368e-02,-4.670969769358634949e-02,-5.952238291501998901e-02
4.069351032376289368e-02,-4.670969769358634949e-02,-5.952238291501998901e-02
4.124084860086441040e-02,-4.672129452228546143e-02,-5.936524644494056702e-02
4.124084860086441040e-02,-4.672129452228546143e-02,-5.936524644494056702e-02
4.178759083151817322e-02,-4.673295095562934875e-02,-5.920803546905517578e-02
4.178759083151817322e-02,-4.673295095562934875e-02,-5.920803546905517578e-02
4.233372583985328674e-02,-4.674466326832771301e-02,-5.905074998736381531e-02
4.233372583985328674e-02,-4.674466326832771301e-02,-5.905074998736381531e-02
4.287926107645034790e-02,-4.675644636154174805e-02,-5.889338254928588867e-02
4.287926107645034790e-02,-4.675644636154174805e-02,-5.889338254928588867e-02
4.342420771718025208e-02,-4.676828533411026001e-02,-5.873595550656318665e-02
4.342420771718025208e-02,-4.676828533411026001e-02,-5.873595550656318665e-02
4.396854341030120850e-02,-4.678019508719444275e-02,-5.857844650745391846e-02
4.396854341030120850e-02,-4.678019508719444275e-02,-5.857844650745391846e-02
4.451229795813560486e-02,-4.679216071963310242e-02,-5.842087045311927795e-02
4.451229795813560486e-02,-4.679216071963310242e-02,-5.842087045311927795e-02
4.505545645952224731e-02,-4.680417478084564209e-02,-5.826322734355926514e-02
4.505545645952224731e-02,-4.680417478084564209e-02,-5.826322734355926514e-02
4.559802636504173279e-02,-4.681626334786415100e-02,-5.810550972819328308e-02
4.559802636504173279e-02,-4.681626334786415100e-02,-5.810550972819328308e-02
4.614001139998435974e-02,-4.682839661836624146e-02,-5.794773623347282410e-02
4.614001139998435974e-02,-4.682839661836624146e-02,-5.794773623347282410e-02
4.668141156435012817e-02,-4.684059321880340576e-02,-5.778989568352699280e-02
4.668141156435012817e-02,-4.684059321880340576e-02,-5.778989568352699280e-02
4.722224175930023193e-02,-4.685284197330474854e-02,-5.763199552893638611e-02
4.722224175930023193e-02,-4.685284197330474854e-02,-5.763199552893638611e-02
4.776249080896377563e-02,-4.686515405774116516e-02,-5.747402459383010864e-02
4.776249080896377563e-02,-4.686515405774116516e-02,-5.747402459383010864e-02
4.830216988921165466e-02,-4.687751084566116333e-02,-5.731600895524024963e-02
4.830216988921165466e-02,-4.687751084566116333e-02,-5.731600895524024963e-02
4.884128272533416748e-02,-4.688992723822593689e-02,-5.715793371200561523e-02
4.884128272533416748e-02,-4.688992723822593689e-02,-5.715793371200561523e-02
4.937982186675071716e-02,-4.690239578485488892e-02,-5.699980631470680237e-02
4.937982186675071716e-02,-4.690239578485488892e-02,-5.699980631470680237e-02
4.991779476404190063e-02,-4.691490903496742249e-02,-5.684161558747291565e-02
4.991779476404190063e-02,-4.691490903496742249e-02,-5.684161558747291565e-02
5.045521259307861328e-02,-4.692747816443443298e-02,-5.668337643146514893e-02
5.045521259307861328e-02,-4.692747816443443298e-02,-5.668337643146514893e-02
5.099206790328025818e-02,-4.694010317325592041e-02,-5.652509257197380066e-02
5.099206790328025818e-02,-4.694010317325592041e-02,-5.652509257197380066e-02
5.152836814522743225e-02,-4.695276543498039246e-02,-5.636674910783767700e-02
5.152836814522743225e-02,-4.695276543498039246e-02,-5.636674910783767700e-02
5.206411704421043396e-02,-4.696548357605934143e-02,-5.620836094021797180e-02
5.206411704421043396e-02,-4.696548357605934143e-02,-5.620836094021797180e-02
5.259931460022926331e-02,-4.697825387120246887e-02,-5.604994297027587891e-02
5.259931460022926331e-02,-4.697825387120246887e-02,-5.604994297027587891e-02
5.313396453857421875e-02,-4.699106141924858093e-02,-5.589146539568901062e-02
5.313396453857421875e-02,-4.699106141924858093e-02,-5.589146539568901062e-02
5.366806313395500183e-02,-4.700392112135887146e-02,-5.573295056819915771e-02
5.366806313395500183e-02,-4.700392112135887146e-02,-5.573295056819915771e-02
5.420163273811340332e-02,-4.701682552695274353e-02,-5.557439848780632019e-02
5.420163273811340332e-02,-4.701682552695274353e-02,-5.557439848780632019e-02
5.473465472459793091e-02,-4.702977836132049561e-02,-5.541579797863960266e-02
5.473465472459793091e-02,-4.702977836132049561e-02,-5.541579797863960266e-02
5.526714771986007690e-02,-4.704276099801063538e-02,-5.525717139244079590e-02
5.526714771986007690e-02,-4.704276099801063538e-02,-5.525717139244079590e-02
5.579910054802894592e-02,-4.705579206347465515e-02,-5.509850010275840759e-02
5.579910054802894592e-02,-4.705579206347465515e-02,-5.509850010275840759e-02
5.633052811026573181e-02,-4.706887155771255493e-02,-5.493979901075363159e-02
5.633052811026573181e-02,-4.706887155771255493e-02,-5.493979901075363159e-02
5.686141923069953918e-02,-4.708199203014373779e-02,-5.478106066584587097e-02
5.686141923069953918e-02,-4.708199203014373779e-02,-5.478106066584587097e-02
5.739179253578186035e-02,-4.709514603018760681e-02,-5.462229251861572266e-02
5.739179253578186035e-02,-4.709514603018760681e-02,-5.462229251861572266e-02
5.792164430022239685e-02,-4.710834100842475891e-02,-5.446350201964378357e-02
5.792164430022239685e-02,-4.710834100842475891e-02,-5.446350201964378357e-02
5.845097452402114868e-02,-4.712157696485519409e-02,-5.430468171834945679e-02
5.845097452402114868e-02,-4.712157696485519409e-02,-5.430468171834945679e-02
5.897979065775871277e-02,-4.713485389947891235e-02,-5.414583161473274231e-02
5.897979065775871277e-02,-4.713485389947891235e-02,-5.414583161473274231e-02
5.950809270143508911e-02,-4.714816063642501831e-02,-5.398695543408393860e-02
5.950809270143508911e-02,-4.714816063642501831e-02,-5.398695543408393860e-02
6.003588810563087463e-02,-4.716150835156440735e-02,-5.382806062698364258e-02
6.003588810563087463e-02,-4.716150835156440735e-02,-5.382806062698364258e-02
6.056316941976547241e-02,-4.717488586902618408e-02,-5.366913974285125732e-02
6.056316941976547241e-02,-4.717488586902618408e-02,-5.366913974285125732e-02
6.108994409441947937e-02,-4.718830436468124390e-02,-5.351021513342857361e-02
6.108994409441947937e-02,-4.718830436468124390e-02,-5.351021513342857361e-02
6.161622330546379089e-02,-4.720175638794898987e-02,-5.335125699639320374e-02
6.161622330546379089e-02,-4.720175638794898987e-02,-5.335125699639320374e-02
6.214200332760810852e-02,-4.721524193882942200e-02,-5.319229140877723694e-02
6.214200332760810852e-02,-4.721524193882942200e-02,-5.319229140877723694e-02
6.266728043556213379e-02,-4.722875356674194336e-02,-5.303330346941947937e-02
6.266728043556213379e-02,-4.722875356674194336e-02,-5.303330346941947937e-02
6.319206207990646362e-02,-4.724230244755744934e-02,-5.287430062890052795e-02
6.319206207990646362e-02,-4.724230244755744934e-02,-5.287430062890052795e-02
6.371636688709259033e-02,-4.725587740540504456e-02,-5.271529778838157654e-02
6.371636688709259033e-02,-4.725587740540504456e-02,-5.271529778838157654e-02
6.424017995595932007e-02,-4.726948216557502747e-02,-5.255627632141113281e-02
6.424017995595932007e-02,-4.726948216557502747e-02,-5.255627632141113281e-02
6.476349383592605591e-02,-4.728311672806739807e-02,-5.239725112915039062e-02
6.476349383592605591e-02,-4.728311672806739807e-02,-5.239725112915039062e-02
6.528633832931518555e-02,-4.729677736759185791e-02,-5.223821476101875305e-02
6.528633832931518555e-02,-4.729677736759185791e-02,-5.223821476101875305e-02
6.580869853496551514e-02,-4.731047153472900391e-02,-5.207917839288711548e-02
6.580869853496551514e-02,-4.731047153472900391e-02,-5.207917839288711548e-02
6.633058190345764160e-02,-4.732418805360794067e-02,-5.192014202475547791e-02
6.633058190345764160e-02,-4.732418805360794067e-02,-5.192014202475547791e-02
6.685199588537216187e-02,-4.733792319893836975e-02,-5.176108703017234802e-02
6.685199588537216187e-02,-4.733792319893836975e-02,-5.176108703017234802e-02
6.737293303012847900e-02,-4.735169559717178345e-02,-5.160204693675041199e-02
6.737293303012847900e-02,-4.735169559717178345e-02,-5.160204693675041199e-02
6.789340823888778687e-02,-4.736548662185668945e-02,-5.144300684332847595e-02
6.789340823888778687e-02,-4.736548662185668945e-02,-5.144300684332847595e-02
6.841341406106948853e-02,-4.737929627299308777e-02,-5.128396674990653992e-02
6.841341406106948853e-02,-4.737929627299308777e-02,-5.128396674990653992e-02
6.893295794725418091e-02,-4.739313200116157532e-02,-5.112493410706520081e-02
6.893295794725418091e-02,-4.739313200116157532e-02,-5.112493410706520081e-02
6.945204734802246094e-02,-4.740699008107185364e-02,-5.096591264009475708e-02
6.945204734802246094e-02,-4.740699008107185364e-02,-5.096591264009475708e-02
6.997067481279373169e-02,-4.742086678743362427e-02,-5.080689117312431335e-02
6.997067481279373169e-02,-4.742086678743362427e-02,-5.080689117312431335e-02
7.048884779214859009e-02,-4.743476212024688721e-02,-5.064788460731506348e-02
7.048884779214859009e-02,-4.743476212024688721e-02,-5.064788460731506348e-02
7.100658118724822998e-02,-4.744868353009223938e-02,-5.048888549208641052e-02
7.100658118724822998e-02,-4.744868353009223938e-02,-5.048888549208641052e-02
7.152385264635086060e-02,-4.746261239051818848e-02,-5.032990127801895142e-02
7.152385264635086060e-02,-4.746261239051818848e-02,-5.032990127801895142e-02
7.204068452119827271e-02,-4.747656732797622681e-02,-5.017093569040298462e-02
7.204068452119827271e-02,-4.747656732797622681e-02,-5.017093569040298462e-02
7.255706936120986938e-02,-4.749053344130516052e-02,-5.001198127865791321e-02
7.255706936120986938e-02,-4.749053344130516052e-02,-5.001198127865791321e-02
7.307300716638565063e-02,-4.750451445579528809e-02,-4.985304549336433411e-02
7.307300716638565063e-02,-4.750451445579528809e-02,-4.985304549336433411e-02
7.358852028846740723e-02,-4.751851409673690796e-02,-4.969413205981254578e-02
7.358852028846740723e-02,-4.751851409673690796e-02,-4.969413205981254578e-02
7.410360872745513916e-02,-4.753252863883972168e-02,-4.953523725271224976e-02
7.410360872745513916e-02,-4.753252863883972168e-02,-4.953523725271224976e-02
7.461824268102645874e-02,-4.754655435681343079e-02,-4.937636107206344604e-02
7.461824268102645874e-02,-4.754655435681343079e-02,-4.937636107206344604e-02
7.513246685266494751e-02,-4.756058752536773682e-02,-4.921751096844673157e-02
7.513246685266494751e-02,-4.756058752536773682e-02,-4.921751096844673157e-02
7.564625144004821777e-02,-4.757463559508323669e-02,-4.905869439244270325e-02
7.564625144004821777e-02,-4.757463559508323669e-02,-4.905869439244270325e-02
7.615961879491806030e-02,-4.758869111537933350e-02,-4.889990016818046570e-02
7.615961879491806030e-02,-4.758869111537933350e-02,-4.889990016818046570e-02
7.667258381843566895e-02,-4.760276526212692261e-02,-4.874113574624061584e-02
7.667258381843566895e-02,-4.760276526212692261e-02,-4.874113574624061584e-02
7.718511670827865601e-02,-4.761684685945510864e-02,-4.858240485191345215e-02
7.718511670827865601e-02,-4.761684685945510864e-02,-4.858240485191345215e-02
7.769722491502761841e-02,-4.763092845678329468e-02,-4.842370003461837769e-02
7.769722491502761841e-02,-4.763092845678329468e-02,-4.842370003461837769e-02
7.820893079042434692e-02,-4.764502122998237610e-02,-4.826503247022628784e-02
7.820893079042434692e-02,-4.764502122998237610e-02,-4.826503247022628784e-02
7.872023433446884155e-02,-4.765912517905235291e-02,-4.810640588402748108e-02
7.872023433446884155e-02,-4.765912517905235291e-02,-4.810640588402748108e-02
7.923112809658050537e-02,-4.767322912812232971e-02,-4.794780910015106201e-02
7.923112809658050537e-02,-4.767322912812232971e-02,-4.794780910015106201e-02
7.974161952733993530e-02,-4.768734052777290344e-02,-4.778924956917762756e-02
7.974161952733993530e-02,-4.768734052777290344e-02,-4.778924956917762756e-02
8.025170117616653442e-02,-4.770145937800407410e-02,-4.763073846697807312e-02
8.025170117616653442e-02,-4.770145937800407410e-02,-4.763073846697807312e-02
8.076140284538269043e-02,-4.771557450294494629e-02,-4.747226461768150330e-02
8.076140284538269043e-02,-4.771557450294494629e-02,-4.747226461768150330e-02
8.127069473266601562e-02,-4.772969335317611694e-02,-4.731383547186851501e-02
8.127069473266601562e-02,-4.772969335317611694e-02,-4.731383547186851501e-02
8.177960664033889771e-02,-4.774381592869758606e-02,-4.715545102953910828e-02
8.177960664033889771e-02,-4.774381592869758606e-02,-4.715545102953910828e-02
8.228812366724014282e-02,-4.775794222950935364e-02,-4.699711874127388000e-02
8.228812366724014282e-02,-4.775794222950935364e-02,-4.699711874127388000e-02
8.279625326395034790e-02,-4.777206853032112122e-02,-4.683883488178253174e-02
8.279625326395034790e-02,-4.777206853032112122e-02,-4.683883488178253174e-02
8.330400288105010986e-02,-4.778618365526199341e-02,-4.668059945106506348e-02
8.330400288105010986e-02,-4.778618365526199341e-02,-4.668059945106506348e-02
8.381136506795883179e-02,-4.780030623078346252e-02,-4.652241244912147522e-02
8.381136506795883179e-02,-4.780030623078346252e-02,-4.652241244912147522e-02
8.431836217641830444e-02,-4.781442508101463318e-02,-4.636428505182266235e-02
8.431836217641830444e-02,-4.781442508101463318e-02,-4.636428505182266235e-02
8.482497930526733398e-02,-4.782854020595550537e-02,-4.620620980858802795e-02
8.482497930526733398e-02,-4.782854020595550537e-02,-4.620620980858802795e-02
8.533122390508651733e-02,-4.784265533089637756e-02,-4.604819416999816895e-02
8.533122390508651733e-02,-4.784265533089637756e-02,-4.604819416999816895e-02
8.583711087703704834e-02,-4.785675927996635437e-02,-4.589023441076278687e-02
8.583711087703704834e-02,-4.785675927996635437e-02,-4.589023441076278687e-02
8.634261786937713623e-02,-4.787085577845573425e-02,-4.573232680559158325e-02
8.634261786937713623e-02,-4.787085577845573425e-02,-4.573232680559158325e-02
8.684775233268737793e-02,-4.788495227694511414e-02,-4.557448998093605042e-02
8.684775233268737793e-02,-4.788495227694511414e-02,-4.557448998093605042e-02
8.735255151987075806e-02,-4.789903387427330017e-02,-4.541671648621559143e-02
8.735255151987075806e-02,-4.789903387427330017e-02,-4.541671648621559143e-02
8.785697817802429199e-02,-4.791311174631118774e-02,-4.525900632143020630e-02
8.785697817802429199e-02,-4.791311174631118774e-02,-4.525900632143020630e-02
8.836105465888977051e-02,-4.792718216776847839e-02,-4.510137066245079041e-02
8.836105465888977051e-02,-4.792718216776847839e-02,-4.510137066245079041e-02
8.886478096246719360e-02,-4.794123396277427673e-02,-4.494379088282585144e-02
8.886478096246719360e-02,-4.794123396277427673e-02,-4.494379088282585144e-02
8.936814963817596436e-02,-4.795528575778007507e-02,-4.478628188371658325e-02
8.936814963817596436e-02,-4.795528575778007507e-02,-4.478628188371658325e-02
8.987117558717727661e-02,-4.796932637691497803e-02,-4.462885856628417969e-02
8.987117558717727661e-02,-4.796932637691497803e-02,-4.462885856628417969e-02
9.037385880947113037e-02,-4.798334836959838867e-02,-4.447149485349655151e-02
9.037385880947113037e-02,-4.798334836959838867e-02,-4.447149485349655151e-02
9.087621420621871948e-02,-4.799735546112060547e-02,-4.431420937180519104e-02
9.087621420621871948e-02,-4.799735546112060547e-02,-4.431420937180519104e-02
9.137821197509765625e-02,-4.801135510206222534e-02,-4.415700212121009827e-02
9.137821197509765625e-02,-4.801135510206222534e-02,-4.415700212121009827e-02
9.187988191843032837e-02,-4.802533611655235291e-02,-4.399986937642097473e-02
9.187988191843032837e-02,-4.802533611655235291e-02,-4.399986937642097473e-02
9.238122403621673584e-02,-4.803930595517158508e-02,-4.384281486272811890e-02
9.238122403621673584e-02,-4.803930595517158508e-02,-4.384281486272811890e-02
9.288223087787628174e-02,-4.805325716733932495e-02,-4.368584603071212769e-02
9.288223087787628174e-02,-4.805325716733932495e-02,-4.368584603071212769e-02
9.338291734457015991e-02,-4.806718602776527405e-02,-4.352895915508270264e-02
9.338291734457015991e-02,-4.806718602776527405e-02,-4.352895915508270264e-02
9.388328343629837036e-02,-4.808110371232032776e-02,-4.337216168642044067e-02
9.388328343629837036e-02,-4.808110371232032776e-02,-4.337216168642044067e-02
9.438331425189971924e-02,-4.809499531984329224e-02,-4.321544244885444641e-02
9.438331425189971924e-02,-4.809499531984329224e-02,-4.321544244885444641e-02
9.488305449485778809e-02,-4.810887202620506287e-02,-4.305881261825561523e-02
9.488305449485778809e-02,-4.810887202620506287e-02,-4.305881261825561523e-02
9.538246691226959229e-02,-4.812273010611534119e-02,-4.290227219462394714e-02
9.538246691226959229e-02,-4.812273010611534119e-02,-4.290227219462394714e-02
9.588155150413513184e-02,-4.813655838370323181e-02,-4.274582490324974060e-02
9.588155150413513184e-02,-4.813655838370323181e-02,-4.274582490324974060e-02
9.638033062219619751e-02,-4.815036803483963013e-02,-4.258947074413299561e-02
9.638033062219619751e-02,-4.815036803483963013e-02,-4.258947074413299561e-02
9.687880426645278931e-02,-4.816415533423423767e-02,-4.243321344256401062e-02
9.687880426645278931e-02,-4.816415533423423767e-02,-4.243321344256401062e-02
9.737699478864669800e-02,-4.817792773246765137e-02,-4.227704554796218872e-02
9.737699478864669800e-02,-4.817792773246765137e-02,-4.227704554796218872e-02
9.787487238645553589e-02,-4.819166287779808044e-02,-4.212097451090812683e-02
9.787487238645553589e-02,-4.819166287779808044e-02,-4.212097451090812683e-02
9.837243705987930298e-02,-4.820537939667701721e-02,-4.196501150727272034e-02
9.837243705987930298e-02,-4.820537939667701721e-02,-4.196501150727272034e-02
9.886972606182098389e-02,-4.821906611323356628e-02,-4.180914163589477539e-02
9.886972606182098389e-02,-4.821906611323356628e-02,-4.180914163589477539e-02
9.936670958995819092e-02,-4.823273047804832458e-02,-4.165337979793548584e-02
9.936670958995819092e-02,-4.823273047804832458e-02,-4.165337979793548584e-02
9.986341744661331177e-02,-4.824636131525039673e-02,-4.149771854281425476e-02
9.986341744661331177e-02,-4.824636131525039673e-02,-4.149771854281425476e-02
1.003598347306251526e-01,-4.825996235013008118e-02,-4.134216159582138062e-02
1.003598347306251526e-01,-4.825996235013008118e-02,-4.134216159582138062e-02
1.008559614419937134e-01,-4.827353358268737793e-02,-4.118671268224716187e-02
1.008559614419937134e-01,-4.827353358268737793e-02,-4.118671268224716187e-02
1.013518124818801880e-01,-4.828707873821258545e-02,-4.103137180209159851e-02
1.013518124818801880e-01,-4.828707873821258545e-02,-4.103137180209159851e-02
1.018473878502845764e-01,-4.830059409141540527e-02,-4.087614640593528748e-02
1.018473878502845764e-01,-4.830059409141540527e-02,-4.087614640593528748e-02
1.023426800966262817e-01,-4.831407591700553894e-02,-4.072102531790733337e-02
1.023426800966262817e-01,-4.831407591700553894e-02,-4.072102531790733337e-02
1.028376966714859009e-01,-4.832752048969268799e-02,-4.056602343916893005e-02
1.028376966714859009e-01,-4.832752048969268799e-02,-4.056602343916893005e-02
1.033324524760246277e-01,-4.834093526005744934e-02,-4.041113704442977905e-02
1.033324524760246277e-01,-4.834093526005744934e-02,-4.041113704442977905e-02
1.038269400596618652e-01,-4.835431277751922607e-02,-4.025636985898017883e-02
1.038269400596618652e-01,-4.835431277751922607e-02,-4.025636985898017883e-02
1.043211668729782104e-01,-4.836765304207801819e-02,-4.010171070694923401e-02
1.043211668729782104e-01,-4.836765304207801819e-02,-4.010171070694923401e-02
1.048151180148124695e-01,-4.838095977902412415e-02,-3.994718194007873535e-02
1.048151180148124695e-01,-4.838095977902412415e-02,-3.994718194007873535e-02
1.053088307380676270e-01,-4.839423298835754395e-02,-3.979277238249778748e-02
1.053088307380676270e-01,-4.839423298835754395e-02,-3.979277238249778748e-02
1.058022677898406982e-01,-4.840746521949768066e-02,-3.963848575949668884e-02
1.058022677898406982e-01,-4.840746521949768066e-02,-3.963848575949668884e-02
1.062954664230346680e-01,-4.842065647244453430e-02,-3.948432952165603638e-02
1.062954664230346680e-01,-4.842065647244453430e-02,-3.948432952165603638e-02
1.067884191870689392e-01,-4.843381047248840332e-02,-3.933029249310493469e-02
1.067884191870689392e-01,-4.843381047248840332e-02,-3.933029249310493469e-02
1.072811037302017212e-01,-4.844692349433898926e-02,-3.917638584971427917e-02
1.072811037302017212e-01,-4.844692349433898926e-02,-3.917638584971427917e-02
1.077735647559165955e-01,-4.845999553799629211e-02,-3.902260586619377136e-02
1.077735647559165955e-01,-4.845999553799629211e-02,-3.902260586619377136e-02
1.082657873630523682e-01,-4.847302660346031189e-02,-3.886896744370460510e-02
1.082657873630523682e-01,-4.847302660346031189e-02,-3.886896744370460510e-02
1.087577566504478455e-01,-4.848601296544075012e-02,-3.871545195579528809e-02
1.087577566504478455e-01,-4.848601296544075012e-02,-3.871545195579528809e-02
1.092494949698448181e-01,-4.849896207451820374e-02,-3.856208175420761108e-02
1.092494949698448181e-01,-4.849896207451820374e-02,-3.856208175420761108e-02
1.097410023212432861e-01,-4.851185902953147888e-02,-3.840883448719978333e-02
1.097410023212432861e-01,-4.851185902953147888e-02,-3.840883448719978333e-02
1.102322638034820557e-01,-4.852471500635147095e-02,-3.825573623180389404e-02
1.102322638034820557e-01,-4.852471500635147095e-02,-3.825573623180389404e-02
1.107233390212059021e-01,-4.853752255439758301e-02,-3.810277953743934631e-02
1.107233390212059021e-01,-4.853752255439758301e-02,-3.810277953743934631e-02
1.112141609191894531e-01,-4.855028539896011353e-02,-3.794995695352554321e-02
1.112141609191894531e-01,-4.855028539896011353e-02,-3.794995695352554321e-02
1.117047518491744995e-01,-4.856299608945846558e-02,-3.779727965593338013e-02
1.117047518491744995e-01,-4.856299608945846558e-02,-3.779727965593338013e-02
1.121951416134834290e-01,-4.857566207647323608e-02,-3.764474764466285706e-02
1.121951416134834290e-01,-4.857566207647323608e-02,-3.764474764466285706e-02
1.126853153109550476e-01,-4.858827590942382812e-02,-3.749236464500427246e-02
1.126853153109550476e-01,-4.858827590942382812e-02,-3.749236464500427246e-02
1.131752654910087585e-01,-4.860084131360054016e-02,-3.734011948108673096e-02
1.131752654910087585e-01,-4.860084131360054016e-02,-3.734011948108673096e-02
1.136650145053863525e-01,-4.861335456371307373e-02,-3.718803077936172485e-02
1.136650145053863525e-01,-4.861335456371307373e-02,-3.718803077936172485e-02
1.141545549035072327e-01,-4.862581938505172729e-02,-3.703609481453895569e-02
1.141545549035072327e-01,-4.862581938505172729e-02,-3.703609481453895569e-02
1.146438941359519958e-01,-4.863822832703590393e-02,-3.688430786132812500e-02
1.146438941359519958e-01,-4.863822832703590393e-02,-3.688430786132812500e-02
1.151330173015594482e-01,-4.865058511495590210e-02,-3.673268109560012817e-02
1.151330173015594482e-01,-4.865058511495590210e-02,-3.673268109560012817e-02
1.156219616532325745e-01,-4.866288229823112488e-02,-3.658120706677436829e-02
1.156219616532325745e-01,-4.866288229823112488e-02,-3.658120706677436829e-02
1.161106973886489868e-01,-4.867513105273246765e-02,-3.642988950014114380e-02
1.161106973886489868e-01,-4.867513105273246765e-02,-3.642988950014114380e-02
1.165992319583892822e-01,-4.868732765316963196e-02,-3.627873584628105164e-02
1.165992319583892822e-01,-4.868732765316963196e-02,-3.627873584628105164e-02
1.170875951647758484e-01,-4.869946092367172241e-02,-3.612773492932319641e-02
1.170875951647758484e-01,-4.869946092367172241e-02,-3.612773492932319641e-02
1.175757646560668945e-01,-4.871153831481933594e-02,-3.597690165042877197e-02
1.175757646560668945e-01,-4.871153831481933594e-02,-3.597690165042877197e-02
1.180637478828430176e-01,-4.872355237603187561e-02,-3.582623228430747986e-02
1.180637478828430176e-01,-4.872355237603187561e-02,-3.582623228430747986e-02
1.185515448451042175e-01,-4.873551055788993835e-02,-3.567572683095932007e-02
1.185515448451042175e-01,-4.873551055788993835e-02,-3.567572683095932007e-02
1.190391704440116882e-01,-4.874740913510322571e-02,-3.552539274096488953e-02
1.190391704440116882e-01,-4.874740913510322571e-02,-3.552539274096488953e-02
1.195266246795654297e-01,-4.875924810767173767e-02,-3.537522256374359131e-02
1.195266246795654297e-01,-4.875924810767173767e-02,-3.537522256374359131e-02
1.200138926506042480e-01,-4.877102375030517578e-02,-3.522522747516632080e-02
1.200138926506042480e-01,-4.877102375030517578e-02,-3.522522747516632080e-02
1.205009892582893372e-01,-4.878273606300354004e-02,-3.507540374994277954e-02
1.205009892582893372e-01,-4.878273606300354004e-02,-3.507540374994277954e-02
1.209879368543624878e-01,-4.879438877105712891e-02,-3.492574766278266907e-02
1.209879368543624878e-01,-4.879438877105712891e-02,-3.492574766278266907e-02
1.214746981859207153e-01,-4.880597442388534546e-02,-3.477627784013748169e-02
1.214746981859207153e-01,-4.880597442388534546e-02,-3.477627784013748169e-02
1.219613179564476013e-01,-4.881749302148818970e-02,-3.462697565555572510e-02
1.219613179564476013e-01,-4.881749302148818970e-02,-3.462697565555572510e-02
1.224477589130401611e-01,-4.882894828915596008e-02,-3.447785973548889160e-02
1.224477589130401611e-01,-4.882894828915596008e-02,-3.447785973548889160e-02
1.229340583086013794e-01,-4.884033650159835815e-02,-3.432891890406608582e-02
1.229340583086013794e-01,-4.884033650159835815e-02,-3.432891890406608582e-02
1.234201788902282715e-01,-4.885165765881538391e-02,-3.418016433715820312e-02
1.234201788902282715e-01,-4.885165765881538391e-02,-3.418016433715820312e-02
1.239061802625656128e-01,-4.886290431022644043e-02,-3.403158858418464661e-02
1.239061802625656128e-01,-4.886290431022644043e-02,-3.403158858418464661e-02
1.243920251727104187e-01,-4.887409508228302002e-02,-3.388320282101631165e-02
1.243920251727104187e-01,-4.887409508228302002e-02,-3.388320282101631165e-02
1.248777210712432861e-01,-4.888520389795303345e-02,-3.373499959707260132e-02
1.248777210712432861e-01,-4.888520389795303345e-02,-3.373499959707260132e-02
1.253632754087448120e-01,-4.889624193310737610e-02,-3.358699008822441101e-02
1.253632754087448120e-01,-4.889624193310737610e-02,-3.358699008822441101e-02
1.258486807346343994e-01,-4.890722036361694336e-02,-3.343916684389114380e-02
1.258486807346343994e-01,-4.890722036361694336e-02,-3.343916684389114380e-02
1.263339817523956299e-01,-4.891812056303024292e-02,-3.329153731465339661e-02
1.263339817523956299e-01,-4.891812056303024292e-02,-3.329153731465339661e-02
1.268191188573837280e-01,-4.892893880605697632e-02,-3.314410150051116943e-02
1.268191188573837280e-01,-4.892893880605697632e-02,-3.314410150051116943e-02
1.273041367530822754e-01,-4.893969371914863586e-02,-3.299685567617416382e-02
1.273041367530822754e-01,-4.893969371914863586e-02,-3.299685567617416382e-02
1.277890205383300781e-01,-4.895036667585372925e-02,-3.284980729222297668e-02
1.277890205383300781e-01,-4.895036667585372925e-02,-3.284980729222297668e-02
1.282737851142883301e-01,-4.896097257733345032e-02,-3.270296007394790649e-02
1.282737851142883301e-01,-4.896097257733345032e-02,-3.270296007394790649e-02
1.287584155797958374e-01,-4.897149279713630676e-02,-3.255631402134895325e-02
1.287584155797958374e-01,-4.897149279713630676e-02,-3.255631402134895325e-02
1.292429417371749878e-01,-4.898193851113319397e-02,-3.240986913442611694e-02
1.292429417371749878e-01,-4.898193851113319397e-02,-3.240986913442611694e-02
1.297273337841033936e-01,-4.899230599403381348e-02,-3.226362913846969604e-02
1.297273337841033936e-01,-4.899230599403381348e-02,-3.226362913846969604e-02
1.302116364240646362e-01,-4.900259524583816528e-02,-3.211758658289909363e-02
1.302116364240646362e-01,-4.900259524583816528e-02,-3.211758658289909363e-02
1.306958198547363281e-01,-4.901280626654624939e-02,-3.197175636887550354e-02
1.306958198547363281e-01,-4.901280626654624939e-02,-3.197175636887550354e-02
1.311798840761184692e-01,-4.902293533086776733e-02,-3.182613477110862732e-02
1.311798840761184692e-01,-4.902293533086776733e-02,-3.182613477110862732e-02
1.316638439893722534e-01,-4.903298243880271912e-02,-3.168072178959846497e-02
1.316638439893722534e-01,-4.903298243880271912e-02,-3.168072178959846497e-02
1.321477144956588745e-01,-4.904295131564140320e-02,-3.153551742434501648e-02
1.321477144956588745e-01,-4.904295131564140320e-02,-3.153551742434501648e-02
1.326314806938171387e-01,-4.905282706022262573e-02,-3.139052912592887878e-02
1.326314806938171387e-01,-4.905282706022262573e-02,-3.139052912592887878e-02
1.331151425838470459e-01,-4.906262829899787903e-02,-3.124575130641460419e-02
1.331151425838470459e-01,-4.906262829899787903e-02,-3.124575130641460419e-02
1.335987150669097900e-01,-4.907234013080596924e-02,-3.110119327902793884e-02
1.335987150669097900e-01,-4.907234013080596924e-02,-3.110119327902793884e-02
1.340822130441665649e-01,-4.908197000622749329e-02,-3.095685318112373352e-02
1.340822130441665649e-01,-4.908197000622749329e-02,-3.095685318112373352e-02
1.345655918121337891e-01,-4.909151047468185425e-02,-3.081273101270198822e-02
1.345655918121337891e-01,-4.909151047468185425e-02,-3.081273101270198822e-02
1.350488960742950439e-01,-4.910096153616905212e-02,-3.066883236169815063e-02
1.350488960742950439e-01,-4.910096153616905212e-02,-3.066883236169815063e-02
1.355321407318115234e-01,-4.911033064126968384e-02,-3.052515350282192230e-02
1.355321407318115234e-01,-4.911033064126968384e-02,-3.052515350282192230e-02
1.360152810811996460e-01,-4.911960661411285400e-02,-3.038170002400875092e-02
1.360152810811996460e-01,-4.911960661411285400e-02,-3.038170002400875092e-02
1.364983320236206055e-01,-4.912878945469856262e-02,-3.023847192525863647e-02
1.364983320236206055e-01,-4.912878945469856262e-02,-3.023847192525863647e-02
1.369813382625579834e-01,-4.913789033889770508e-02,-3.009547293186187744e-02
1.369813382625579834e-01,-4.913789033889770508e-02,-3.009547293186187744e-02
1.374642699956893921e-01,-4.914689809083938599e-02,-2.995269559323787689e-02
1.374642699956893921e-01,-4.914689809083938599e-02,-2.995269559323787689e-02
1.379471272230148315e-01,-4.915580898523330688e-02,-2.981015853583812714e-02
1.379471272230148315e-01,-4.915580898523330688e-02,-2.981015853583812714e-02
1.384299099445343018e-01,-4.916462674736976624e-02,-2.966785244643688202e-02
1.384299099445343018e-01,-4.916462674736976624e-02,-2.966785244643688202e-02
1.389126479625701904e-01,-4.917335882782936096e-02,-2.952577732503414154e-02
1.389126479625701904e-01,-4.917335882782936096e-02,-2.952577732503414154e-02
1.393953114748001099e-01,-4.918198287487030029e-02,-2.938394062221050262e-02
1.393953114748001099e-01,-4.918198287487030029e-02,-2.938394062221050262e-02
1.398779302835464478e-01,-4.919051751494407654e-02,-2.924233861267566681e-02
1.398779302835464478e-01,-4.919051751494407654e-02,-2.924233861267566681e-02
1.403604894876480103e-01,-4.919896274805068970e-02,-2.910097688436508179e-02
1.403604894876480103e-01,-4.919896274805068970e-02,-2.910097688436508179e-02
1.408429890871047974e-01,-4.920730367302894592e-02,-2.895985171198844910e-02
1.408429890871047974e-01,-4.920730367302894592e-02,-2.895985171198844910e-02
1.413254290819168091e-01,-4.921554774045944214e-02,-2.881897799670696259e-02
1.413254290819168091e-01,-4.921554774045944214e-02,-2.881897799670696259e-02
1.418078541755676270e-01,-4.922369495034217834e-02,-2.867833897471427917e-02
1.418078541755676270e-01,-4.922369495034217834e-02,-2.867833897471427917e-02
1.422902196645736694e-01,-4.923174157738685608e-02,-2.853794954717159271e-02
1.422902196645736694e-01,-4.923174157738685608e-02,-2.853794954717159271e-02
1.427725553512573242e-01,-4.923969134688377380e-02,-2.839780598878860474e-02
1.427725553512573242e-01,-4.923969134688377380e-02,-2.839780598878860474e-02
1.432548463344573975e-01,-4.924752935767173767e-02,-2.825791202485561371e-02
1.432548463344573975e-01,-4.924752935767173767e-02,-2.825791202485561371e-02
1.437371075153350830e-01,-4.925527796149253845e-02,-2.811827138066291809e-02
1.437371075153350830e-01,-4.925527796149253845e-02,-2.811827138066291809e-02
1.442193388938903809e-01,-4.926291480660438538e-02,-2.797887474298477173e-02
1.442193388938903809e-01,-4.926291480660438538e-02,-2.797887474298477173e-02
1.447015404701232910e-01,-4.927045106887817383e-02,-2.783973701298236847e-02
1.447015404701232910e-01,-4.927045106887817383e-02,-2.783973701298236847e-02
1.451836973428726196e-01,-4.927787929773330688e-02,-2.770085074007511139e-02
1.451836973428726196e-01,-4.927787929773330688e-02,-2.770085074007511139e-02
1.456658542156219482e-01,-4.928521066904067993e-02,-2.756222523748874664e-02
1.456658542156219482e-01,-4.928521066904067993e-02,-2.756222523748874664e-02
1.461479663848876953e-01,-4.929242655634880066e-02,-2.742385491728782654e-02
1.461479663848876953e-01,-4.929242655634880066e-02,-2.742385491728782654e-02
1.466300785541534424e-01,-4.929954186081886292e-02,-2.728574723005294800e-02
1.466300785541534424e-01,-4.929954186081886292e-02,-2.728574723005294800e-02
1.471121758222579956e-01,-4.930655285716056824e-02,-2.714790031313896179e-02
1.471121758222579956e-01,-4.930655285716056824e-02,-2.714790031313896179e-02
1.475942730903625488e-01,-4.931344464421272278e-02,-2.701031789183616638e-02
1.475942730903625488e-01,-4.931344464421272278e-02,-2.701031789183616638e-02
1.480763405561447144e-01,-4.932023212313652039e-02,-2.687299810349941254e-02
1.480763405561447144e-01,-4.932023212313652039e-02,-2.687299810349941254e-02
1.485584080219268799e-01,-4.932690784335136414e-02,-2.673594839870929718e-02
1.485584080219268799e-01,-4.932690784335136414e-02,-2.673594839870929718e-02
1.490404903888702393e-01,-4.933347925543785095e-02,-2.659916505217552185e-02
1.490404903888702393e-01,-4.933347925543785095e-02,-2.659916505217552185e-02
1.495225429534912109e-01,-4.933993145823478699e-02,-2.646265178918838501e-02
1.495225429534912109e-01,-4.933993145823478699e-02,-2.646265178918838501e-02
1.500046104192733765e-01,-4.934627190232276917e-02,-2.632640674710273743e-02
1.500046104192733765e-01,-4.934627190232276917e-02,-2.632640674710273743e-02
1.504866927862167358e-01,-4.935249686241149902e-02,-2.619043551385402679e-02
1.504866927862167358e-01,-4.935249686241149902e-02,-2.619043551385402679e-02
1.509687900543212891e-01,-4.935861378908157349e-02,-2.605474181473255157e-02
1.509687900543212891e-01,-4.935861378908157349e-02,-2.605474181473255157e-02
1.514508575201034546e-01,-4.936460778117179871e-02,-2.591932192444801331e-02
1.514508575201034546e-01,-4.936460778117179871e-02,-2.591932192444801331e-02
1.519329696893692017e-01,-4.937049001455307007e-02,-2.578418329358100891e-02
1.519329696893692017e-01,-4.937049001455307007e-02,-2.578418329358100891e-02
1.524151116609573364e-01,-4.937625676393508911e-02,-2.564932219684123993e-02
1.524151116609573364e-01,-4.937625676393508911e-02,-2.564932219684123993e-02
1.528972387313842773e-01,-4.938190057873725891e-02,-2.551474235951900482e-02
1.528972387313842773e-01,-4.938190057873725891e-02,-2.551474235951900482e-02
1.533794105052947998e-01,-4.938743636012077332e-02,-2.538044191896915436e-02
1.533794105052947998e-01,-4.938743636012077332e-02,-2.538044191896915436e-02
1.538615822792053223e-01,-4.939283803105354309e-02,-2.524642832577228546e-02
1.538615822792053223e-01,-4.939283803105354309e-02,-2.524642832577228546e-02
1.543438136577606201e-01,-4.939813166856765747e-02,-2.511270344257354736e-02
1.543438136577606201e-01,-4.939813166856765747e-02,-2.511270344257354736e-02
1.548260599374771118e-01,-4.940329864621162415e-02,-2.497926540672779083e-02
1.548260599374771118e-01,-4.940329864621162415e-02,-2.497926540672779083e-02
1.553083509206771851e-01,-4.940834268927574158e-02,-2.484611608088016510e-02
1.553083509206771851e-01,-4.940834268927574158e-02,-2.484611608088016510e-02
1.557906717061996460e-01,-4.941327124834060669e-02,-2.471325732767581940e-02
1.557906717061996460e-01,-4.941327124834060669e-02,-2.471325732767581940e-02
1.562730371952056885e-01,-4.941806942224502563e-02,-2.458068728446960449e-02
1.562730371952056885e-01,-4.941806942224502563e-02,-2.458068728446960449e-02
1.567554324865341187e-01,-4.942274838685989380e-02,-2.444841712713241577e-02
1.567554324865341187e-01,-4.942274838685989380e-02,-2.444841712713241577e-02
1.572379022836685181e-01,-4.942730069160461426e-02,-2.431643940508365631e-02
1.572379022836685181e-01,-4.942730069160461426e-02,-2.431643940508365631e-02
1.577203869819641113e-01,-4.943172261118888855e-02,-2.418475784361362457e-02
1.577203869819641113e-01,-4.943172261118888855e-02,-2.418475784361362457e-02
1.582029312849044800e-01,-4.943602532148361206e-02,-2.405337803065776825e-02
1.582029312849044800e-01,-4.943602532148361206e-02,-2.405337803065776825e-02
1.586855202913284302e-01,-4.944019764661788940e-02,-2.392229810357093811e-02
1.586855202913284302e-01,-4.944019764661788940e-02,-2.392229810357093811e-02
1.591681838035583496e-01,-4.944423213601112366e-02,-2.379151992499828339e-02
1.591681838035583496e-01,-4.944423213601112366e-02,-2.379151992499828339e-02
1.596508920192718506e-01,-4.944815114140510559e-02,-2.366104535758495331e-02
1.596508920192718506e-01,-4.944815114140510559e-02,-2.366104535758495331e-02
1.601336598396301270e-01,-4.945193231105804443e-02,-2.353087998926639557e-02
1.601336598396301270e-01,-4.945193231105804443e-02,-2.353087998926639557e-02
1.606165170669555664e-01,-4.945558682084083557e-02,-2.340101823210716248e-02
1.606165170669555664e-01,-4.945558682084083557e-02,-2.340101823210716248e-02
1.610994189977645874e-01,-4.945910722017288208e-02,-2.327146939933300018e-02
1.610994189977645874e-01,-4.945910722017288208e-02,-2.327146939933300018e-02
1.615823954343795776e-01,-4.946248978376388550e-02,-2.314222790300846100e-02
1.615823954343795776e-01,-4.946248978376388550e-02,-2.314222790300846100e-02
1.620654463768005371e-01,-4.946574941277503967e-02,-2.301329746842384338e-02
1.620654463768005371e-01,-4.946574941277503967e-02,-2.301329746842384338e-02
1.625485718250274658e-01,-4.946886748075485229e-02,-2.288467995822429657e-02
1.625485718250274658e-01,-4.946886748075485229e-02,-2.288467995822429657e-02
1.630318015813827515e-01,-4.947185516357421875e-02,-2.275638096034526825e-02
1.630318015813827515e-01,-4.947185516357421875e-02,-2.275638096034526825e-02
1.635150909423828125e-01,-4.947470873594284058e-02,-2.262839674949645996e-02
1.635150909423828125e-01,-4.947470873594284058e-02,-2.262839674949645996e-02
1.639984697103500366e-01,-4.947742447257041931e-02,-2.250073291361331940e-02
1.639984697103500366e-01,-4.947742447257041931e-02,-2.250073291361331940e-02
1.644819229841232300e-01,-4.947999492287635803e-02,-2.237338759005069733e-02
1.644819229841232300e-01,-4.947999492287635803e-02,-2.237338759005069733e-02
1.649654805660247803e-01,-4.948243126273155212e-02,-2.224636450409889221e-02
1.649654805660247803e-01,-4.948243126273155212e-02,-2.224636450409889221e-02
1.654491126537322998e-01,-4.948473349213600159e-02,-2.211966365575790405e-02
1.654491126537322998e-01,-4.948473349213600159e-02,-2.211966365575790405e-02
1.659328490495681763e-01,-4.948688670992851257e-02,-2.199328690767288208e-02
1.659328490495681763e-01,-4.948688670992851257e-02,-2.199328690767288208e-02
1.664167046546936035e-01,-4.948890954256057739e-02,-2.186724171042442322e-02
1.664167046546936035e-01,-4.948890954256057739e-02,-2.186724171042442322e-02
1.669006496667861938e-01,-4.949078336358070374e-02,-2.174152061343193054e-02
1.669006496667861938e-01,-4.949078336358070374e-02,-2.174152061343193054e-02
1.673846989870071411e-01,-4.949251562356948853e-02,-2.161613106727600098e-02
1.673846989870071411e-01,-4.949251562356948853e-02,-2.161613106727600098e-02
1.678688526153564453e-01,-4.949411004781723022e-02,-2.149107307195663452e-02
1.678688526153564453e-01,-4.949411004781723022e-02,-2.149107307195663452e-02
1.683531105518341064e-01,-4.949555546045303345e-02,-2.136634662747383118e-02
1.683531105518341064e-01,-4.949555546045303345e-02,-2.136634662747383118e-02
1.688375025987625122e-01,-4.949686303734779358e-02,-2.124195918440818787e-02
1.688375025987625122e-01,-4.949686303734779358e-02,-2.124195918440818787e-02
1.693219840526580811e-01,-4.949801787734031677e-02,-2.111790329217910767e-02
1.693219840526580811e-01,-4.949801787734031677e-02,-2.111790329217910767e-02
1.698065996170043945e-01,-4.949902743101119995e-02,-2.099418826401233673e-02
1.698065996170043945e-01,-4.949902743101119995e-02,-2.099418826401233673e-02
1.702913194894790649e-01,-4.949988797307014465e-02,-2.087080851197242737e-02
1.702913194894790649e-01,-4.949988797307014465e-02,-2.087080851197242737e-02
1.707761883735656738e-01,-4.950059950351715088e-02,-2.074777707457542419e-02
1.707761883735656738e-01,-4.950059950351715088e-02,-2.074777707457542419e-02
1.712611764669418335e-01,-4.950117319822311401e-02,-2.062508463859558105e-02
1.712611764669418335e-01,-4.950117319822311401e-02,-2.062508463859558105e-02
1.717462986707687378e-01,-4.950158670544624329e-02,-2.050273492932319641e-02
1.717462986707687378e-01,-4.950158670544624329e-02,-2.050273492932319641e-02
1.722315549850463867e-01,-4.950185120105743408e-02,-2.038073353469371796e-02
1.722315549850463867e-01,-4.950185120105743408e-02,-2.038073353469371796e-02
1.727169305086135864e-01,-4.950196295976638794e-02,-2.025907859206199646e-02
1.727169305086135864e-01,-4.950196295976638794e-02,-2.025907859206199646e-02
1.732024699449539185e-01,-4.950192570686340332e-02,-2.013777755200862885e-02
1.732024699449539185e-01,-4.950192570686340332e-02,-2.013777755200862885e-02
1.736881136894226074e-01,-4.950173571705818176e-02,-2.001682110130786896e-02
1.736881136894226074e-01,-4.950173571705818176e-02,-2.001682110130786896e-02
1.741739213466644287e-01,-4.950139299035072327e-02,-1.989622227847576141e-02
1.741739213466644287e-01,-4.950139299035072327e-02,-1.989622227847576141e-02
1.746598780155181885e-01,-4.950089007616043091e-02,-1.977597363293170929e-02
1.746598780155181885e-01,-4.950089007616043091e-02,-1.977597363293170929e-02
1.751459985971450806e-01,-4.950023069977760315e-02,-1.965608447790145874e-02
1.751459985971450806e-01,-4.950023069977760315e-02,-1.965608447790145874e-02
1.756322532892227173e-01,-4.949942231178283691e-02,-1.953655295073986053e-02
1.756322532892227173e-01,-4.949942231178283691e-02,-1.953655295073986053e-02
1.761186718940734863e-01,-4.949845373630523682e-02,-1.941737905144691467e-02
1.761186718940734863e-01,-4.949845373630523682e-02,-1.941737905144691467e-02
1.766052395105361938e-01,-4.949732869863510132e-02,-1.929856650531291962e-02
1.766052395105361938e-01,-4.949732869863510132e-02,-1.929856650531291962e-02
1.770919859409332275e-01,-4.949603974819183350e-02,-1.918011531233787537e-02
1.770919859409332275e-01,-4.949603974819183350e-02,-1.918011531233787537e-02
1.775788664817810059e-01,-4.949459806084632874e-02,-1.906203106045722961e-02
1.775788664817810059e-01,-4.949459806084632874e-02,-1.906203106045722961e-02
1.780659407377243042e-01,-4.949298873543739319e-02,-1.894430816173553467e-02
1.780659407377243042e-01,-4.949298873543739319e-02,-1.894430816173553467e-02
1.785531640052795410e-01,-4.949122294783592224e-02,-1.882695406675338745e-02
1.785531640052795410e-01,-4.949122294783592224e-02,-1.882695406675338745e-02
1.790405958890914917e-01,-4.948929324746131897e-02,-1.870997250080108643e-02
1.790405958890914917e-01,-4.948929324746131897e-02,-1.870997250080108643e-02
1.795281618833541870e-01,-4.948719963431358337e-02,-1.859335601329803467e-02
1.795281618833541870e-01,-4.948719963431358337e-02,-1.859335601329803467e-02
1.800159215927124023e-01,-4.948494210839271545e-02,-1.847711578011512756e-02
1.800159215927124023e-01,-4.948494210839271545e-02,-1.847711578011512756e-02
1.805038601160049438e-01,-4.948252066969871521e-02,-1.836124435067176819e-02
1.805038601160049438e-01,-4.948252066969871521e-02,-1.836124435067176819e-02
1.809920072555541992e-01,-4.947993904352188110e-02,-1.824575476348400116e-02
1.809920072555541992e-01,-4.947993904352188110e-02,-1.824575476348400116e-02
1.814803183078765869e-01,-4.947718605399131775e-02,-1.813063770532608032e-02
1.814803183078765869e-01,-4.947718605399131775e-02,-1.813063770532608032e-02
1.819688230752944946e-01,-4.947426542639732361e-02,-1.801589690148830414e-02
1.819688230752944946e-01,-4.947426542639732361e-02,-1.801589690148830414e-02
1.824575215578079224e-01,-4.947117716073989868e-02,-1.790154166519641876e-02
1.824575215578079224e-01,-4.947117716073989868e-02,-1.790154166519641876e-02
1.829463988542556763e-01,-4.946792125701904297e-02,-1.778756827116012573e-02
1.829463988542556763e-01,-4.946792125701904297e-02,-1.778756827116012573e-02
1.834354698657989502e-01,-4.946449771523475647e-02,-1.767397858202457428e-02
1.834354698657989502e-01,-4.946449771523475647e-02,-1.767397858202457428e-02
1.839247792959213257e-01,-4.946090281009674072e-02,-1.756077073514461517e-02
1.839247792959213257e-01,-4.946090281009674072e-02,-1.756077073514461517e-02
1.844142675399780273e-01,-4.945713281631469727e-02,-1.744795031845569611e-02
1.844142675399780273e-01,-4.945713281631469727e-02,-1.744795031845569611e-02
1.849039644002914429e-01,-4.945319890975952148e-02,-1.733552105724811554e-02
1.849039644002914429e-01,-4.945319890975952148e-02,-1.733552105724811554e-02
1.853938847780227661e-01,-4.944907873868942261e-02,-1.722347922623157501e-02
1.853938847780227661e-01,-4.944907873868942261e-02,-1.722347922623157501e-02
1.858840137720108032e-01,-4.944479838013648987e-02,-1.711183041334152222e-02
1.858840137720108032e-01,-4.944479838013648987e-02,-1.711183041334152222e-02
1.863743364810943604e-01,-4.944033548235893250e-02,-1.700057461857795715e-02
1.863743364810943604e-01,-4.944033548235893250e-02,-1.700057461857795715e-02
1.868648827075958252e-01,-4.943570122122764587e-02,-1.688971184194087982e-02
1.868648827075958252e-01,-4.943570122122764587e-02,-1.688971184194087982e-02
1.873556673526763916e-01,-4.943088814616203308e-02,-1.677924953401088715e-02
1.873556673526763916e-01,-4.943088814616203308e-02,-1.677924953401088715e-02
1.878466606140136719e-01,-4.942590370774269104e-02,-1.666918210685253143e-02
1.878466606140136719e-01,-4.942590370774269104e-02,-1.666918210685253143e-02
1.883379071950912476e-01,-4.942073673009872437e-02,-1.655951514840126038e-02
1.883379071950912476e-01,-4.942073673009872437e-02,-1.655951514840126038e-02
1.888293474912643433e-01,-4.941539093852043152e-02,-1.645025052130222321e-02
1.888293474912643433e-01,-4.941539093852043152e-02,-1.645025052130222321e-02
1.893210262060165405e-01,-4.940986633300781250e-02,-1.634138636291027069e-02
1.893210262060165405e-01,-4.940986633300781250e-02,-1.634138636291027069e-02
1.898129582405090332e-01,-4.940416663885116577e-02,-1.623293012380599976e-02
1.898129582405090332e-01,-4.940416663885116577e-02,-1.623293012380599976e-02
1.903051286935806274e-01,-4.939828068017959595e-02,-1.612487994134426117e-02
1.903051286935806274e-01,-4.939828068017959595e-02,-1.612487994134426117e-02
1.907975226640701294e-01,-4.939221218228340149e-02,-1.601723581552505493e-02
1.907975226640701294e-01,-4.939221218228340149e-02,-1.601723581552505493e-02
1.912901550531387329e-01,-4.938596114516258240e-02,-1.590999960899353027e-02
1.912901550531387329e-01,-4.938596114516258240e-02,-1.590999960899353027e-02
1.917830556631088257e-01,-4.937953129410743713e-02,-1.580317877233028412e-02
1.917830556631088257e-01,-4.937953129410743713e-02,-1.580317877233028412e-02
1.922762095928192139e-01,-4.937291145324707031e-02,-1.569676958024501801e-02
1.922762095928192139e-01,-4.937291145324707031e-02,-1.569676958024501801e-02
1.927696019411087036e-01,-4.936611279845237732e-02,-1.559077296406030655e-02
1.927696019411087036e-01,-4.936611279845237732e-02,-1.559077296406030655e-02
1.932632327079772949e-01,-4.935912042856216431e-02,-1.548519451171159744e-02
1.932632327079772949e-01,-4.935912042856216431e-02,-1.548519451171159744e-02
1.937571465969085693e-01,-4.935194179415702820e-02,-1.538003236055374146e-02
1.937571465969085693e-01,-4.935194179415702820e-02,-1.538003236055374146e-02
1.942513138055801392e-01,-4.934458062052726746e-02,-1.527529116719961166e-02
1.942513138055801392e-01,-4.934458062052726746e-02,-1.527529116719961166e-02
1.947457194328308105e-01,-4.933703318238258362e-02,-1.517096627503633499e-02
1.947457194328308105e-01,-4.933703318238258362e-02,-1.517096627503633499e-02
1.952404379844665527e-01,-4.932929202914237976e-02,-1.506706885993480682e-02
1.952404379844665527e-01,-4.932929202914237976e-02,-1.506706885993480682e-02
1.957353949546813965e-01,-4.932136088609695435e-02,-1.496359147131443024e-02
1.957353949546813965e-01,-4.932136088609695435e-02,-1.496359147131443024e-02
1.962306350469589233e-01,-4.931323602795600891e-02,-1.486054435372352600e-02
1.962306350469589233e-01,-4.931323602795600891e-02,-1.486054435372352600e-02
1.967261284589767456e-01,-4.930492490530014038e-02,-1.475792191922664642e-02
1.967261284589767456e-01,-4.930492490530014038e-02,-1.475792191922664642e-02
1.972219198942184448e-01,-4.929642006754875183e-02,-1.465573068708181381e-02
1.972219198942184448e-01,-4.929642006754875183e-02,-1.465573068708181381e-02
1.977179944515228271e-01,-4.928771778941154480e-02,-1.455396786332130432e-02
1.977179944515228271e-01,-4.928771778941154480e-02,-1.455396786332130432e-02
1.982143521308898926e-01,-4.927882552146911621e-02,-1.445263810455799103e-02
1.982143521308898926e-01,-4.927882552146911621e-02,-1.445263810455799103e-02
1.987109780311584473e-01,-4.926973953843116760e-02,-1.435174234211444855e-02
1.987109780311584473e-01,-4.926973953843116760e-02,-1.435174234211444855e-02
1.992079019546508789e-01,-4.926045611500740051e-02,-1.425128336995840073e-02
1.992079019546508789e-01,-4.926045611500740051e-02,-1.425128336995840073e-02
1.997051239013671875e-01,-4.925096780061721802e-02,-1.415125839412212372e-02
1.997051239013671875e-01,-4.925096780061721802e-02,-1.415125839412212372e-02
2.002026289701461792e-01,-4.924129322171211243e-02,-1.405167486518621445e-02
2.002026289701461792e-01,-4.924129322171211243e-02,-1.405167486518621445e-02
2.007004469633102417e-01,-4.923141747713088989e-02,-1.395253185182809830e-02
2.007004469633102417e-01,-4.923141747713088989e-02,-1.395253185182809830e-02
2.011985480785369873e-01,-4.922134056687355042e-02,-1.385382749140262604e-02
2.011985480785369873e-01,-4.922134056687355042e-02,-1.385382749140262604e-02
2.016969621181488037e-01,-4.921106249094009399e-02,-1.375556923449039459e-02
2.016969621181488037e-01,-4.921106249094009399e-02,-1.375556923449039459e-02
2.021956890821456909e-01,-4.920059069991111755e-02,-1.365775708109140396e-02
2.021956890821456909e-01,-4.920059069991111755e-02,-1.365775708109140396e-02
2.026947289705276489e-01,-4.918990656733512878e-02,-1.356039196252822876e-02
2.026947289705276489e-01,-4.918990656733512878e-02,-1.356039196252822876e-02
2.031940519809722900e-01,-4.917902499437332153e-02,-1.346347294747829437e-02
2.031940519809722900e-01,-4.917902499437332153e-02,-1.346347294747829437e-02
2.036937028169631958e-01,-4.916794225573539734e-02,-1.336700748652219772e-02
2.036937028169631958e-01,-4.916794225573539734e-02,-1.336700748652219772e-02
2.041936665773391724e-01,-4.915665090084075928e-02,-1.327098999172449112e-02
2.041936665773391724e-01,-4.915665090084075928e-02,-1.327098999172449112e-02
2.046939581632614136e-01,-4.914515838027000427e-02,-1.317542791366577148e-02
2.046939581632614136e-01,-4.914515838027000427e-02,-1.317542791366577148e-02
2.051945626735687256e-01,-4.913346096873283386e-02,-1.308032125234603882e-02
2.051945626735687256e-01,-4.913346096873283386e-02,-1.308032125234603882e-02
2.056955248117446899e-01,-4.912155494093894958e-02,-1.298567187041044235e-02
2.056955248117446899e-01,-4.912155494093894958e-02,-1.298567187041044235e-02
2.061967700719833374e-01,-4.910944774746894836e-02,-1.289147790521383286e-02
2.061967700719833374e-01,-4.910944774746894836e-02,-1.289147790521383286e-02
2.066984027624130249e-01,-4.909712821245193481e-02,-1.279774494469165802e-02
2.066984027624130249e-01,-4.909712821245193481e-02,-1.279774494469165802e-02
2.072003185749053955e-01,-4.908459261059761047e-02,-1.270447485148906708e-02
2.072003185749053955e-01,-4.908459261059761047e-02,-1.270447485148906708e-02
2.077025771141052246e-01,-4.907185584306716919e-02,-1.261166669428348541e-02
2.077025771141052246e-01,-4.907185584306716919e-02,-1.261166669428348541e-02
2.082051932811737061e-01,-4.905890673398971558e-02,-1.251932606101036072e-02
2.082051932811737061e-01,-4.905890673398971558e-02,-1.251932606101036072e-02
2.087081670761108398e-01,-4.904574155807495117e-02,-1.242744829505681992e-02
2.087081670761108398e-01,-4.904574155807495117e-02,-1.242744829505681992e-02
2.092114388942718506e-01,-4.903236776590347290e-02,-1.233603898435831070e-02
2.092114388942718506e-01,-4.903236776590347290e-02,-1.233603898435831070e-02
2.097150832414627075e-01,-4.901877790689468384e-02,-1.224509999155998230e-02
2.097150832414627075e-01,-4.901877790689468384e-02,-1.224509999155998230e-02
2.102190852165222168e-01,-4.900497943162918091e-02,-1.215463224798440933e-02
2.102190852165222168e-01,-4.900497943162918091e-02,-1.215463224798440933e-02
2.107234299182891846e-01,-4.899096488952636719e-02,-1.206463947892189026e-02
2.107234299182891846e-01,-4.899096488952636719e-02,-1.206463947892189026e-02
2.112281471490859985e-01,-4.897673055529594421e-02,-1.197511982172727585e-02
2.112281471490859985e-01,-4.897673055529594421e-02,-1.197511982172727585e-02
2.117332220077514648e-01,-4.896228387951850891e-02,-1.188607420772314072e-02
2.117332220077514648e-01,-4.896228387951850891e-02,-1.188607420772314072e-02
2.122386395931243896e-01,-4.894761368632316589e-02,-1.179750729352235794e-02
2.122386395931243896e-01,-4.894761368632316589e-02,-1.179750729352235794e-02
2.127444297075271606e-01,-4.893273487687110901e-02,-1.170942094177007675e-02
2.127444297075271606e-01,-4.893273487687110901e-02,-1.170942094177007675e-02
2.132505923509597778e-01,-4.891763255000114441e-02,-1.162181701511144638e-02
2.132505923509597778e-01,-4.891763255000114441e-02,-1.162181701511144638e-02
2.137571275234222412e-01,-4.890231415629386902e-02,-1.153469271957874298e-02
2.137571275234222412e-01,-4.890231415629386902e-02,-1.153469271957874298e-02
2.142640501260757446e-01,-4.888676479458808899e-02,-1.144805457442998886e-02
2.142640501260757446e-01,-4.888676479458808899e-02,-1.144805457442998886e-02
2.147713154554367065e-01,-4.887100309133529663e-02,-1.136190257966518402e-02
2.147713154554367065e-01,-4.887100309133529663e-02,-1.136190257966518402e-02
2.152789831161499023e-01,-4.885501787066459656e-02,-1.127623673528432846e-02
2.152789831161499023e-01,-4.885501787066459656e-02,-1.127623673528432846e-02
2.157870382070541382e-01,-4.883881285786628723e-02,-1.119106076657772064e-02
2.157870382070541382e-01,-4.883881285786628723e-02,-1.119106076657772064e-02
2.162954807281494141e-01,-4.882237687706947327e-02,-1.110637467354536057e-02
2.162954807281494141e-01,-4.882237687706947327e-02,-1.110637467354536057e-02
2.168042957782745361e-01,-4.880572110414505005e-02,-1.102218218147754669e-02
2.168042957782745361e-01,-4.880572110414505005e-02,-1.102218218147754669e-02
2.173134833574295044e-01,-4.878883436322212219e-02,-1.093848329037427902e-02
2.173134833574295044e-01,-4.878883436322212219e-02,-1.093848329037427902e-02
2.178231179714202881e-01,-4.877172783017158508e-02,-1.085527893155813217e-02
2.178231179714202881e-01,-4.877172783017158508e-02,-1.085527893155813217e-02
2.183331102132797241e-01,-4.875438660383224487e-02,-1.077257376164197922e-02
2.183331102132797241e-01,-4.875438660383224487e-02,-1.077257376164197922e-02
2.188434898853302002e-01,-4.873682558536529541e-02,-1.069036684930324554e-02
2.188434898853302002e-01,-4.873682558536529541e-02,-1.069036684930324554e-02
2.193543165922164917e-01,-4.871903732419013977e-02,-1.060865912586450577e-02
2.193543165922164917e-01,-4.871903732419013977e-02,-1.060865912586450577e-02
2.198655307292938232e-01,-4.870101064443588257e-02,-1.052745524793863297e-02
2.198655307292938232e-01,-4.870101064443588257e-02,-1.052745524793863297e-02
2.203771322965621948e-01,-4.868275299668312073e-02,-1.044675521552562714e-02
2.203771322965621948e-01,-4.868275299668312073e-02,-1.044675521552562714e-02
2.208891510963439941e-01,-4.866427183151245117e-02,-1.036655995994806290e-02
2.208891510963439941e-01,-4.866427183151245117e-02,-1.036655995994806290e-02
2.214016169309616089e-01,-4.864555597305297852e-02,-1.028687227517366409e-02
2.214016169309616089e-01,-4.864555597305297852e-02,-1.028687227517366409e-02
2.219144701957702637e-01,-4.862660914659500122e-02,-1.020769216120243073e-02
2.219144701957702637e-01,-4.862660914659500122e-02,-1.020769216120243073e-02
2.224277406930923462e-01,-4.860742762684822083e-02,-1.012902427464723587e-02
2.224277406930923462e-01,-4.860742762684822083e-02,-1.012902427464723587e-02
2.229414284229278564e-01,-4.858800768852233887e-02,-1.005086582154035568e-02
2.229414284229278564e-01,-4.858800768852233887e-02,-1.005086582154035568e-02
2.234555631875991821e-01,-4.856835305690765381e-02,-9.973222389817237854e-03
2.234555631875991821e-01,-4.856835305690765381e-02,-9.973222389817237854e-03
2.239701151847839355e-01,-4.854846745729446411e-02,-9.896093048155307770e-03
2.239701151847839355e-01,-4.854846745729446411e-02,-9.896093048155307770e-03
2.244850993156433105e-01,-4.852834343910217285e-02,-9.819481521844863892e-03
2.244850993156433105e-01,-4.852834343910217285e-02,-9.819481521844863892e-03
2.250005155801773071e-01,-4.850797727704048157e-02,-9.743387810885906219e-03
2.250005155801773071e-01,-4.850797727704048157e-02,-9.743387810885906219e-03
2.255163639783859253e-01,-4.848737642168998718e-02,-9.667813777923583984e-03
2.255163639783859253e-01,-4.848737642168998718e-02,-9.667813777923583984e-03
2.260326594114303589e-01,-4.846653342247009277e-02,-9.592763148248195648e-03
2.260326594114303589e-01,-4.846653342247009277e-02,-9.592763148248195648e-03
2.265493869781494141e-01,-4.844544827938079834e-02,-9.518234059214591980e-03
2.265493869781494141e-01,-4.844544827938079834e-02,-9.518234059214591980e-03
2.270665764808654785e-01,-4.842412844300270081e-02,-9.444231167435646057e-03
2.270665764808654785e-01,-4.842412844300270081e-02,-9.444231167435646057e-03
2.275841683149337769e-01,-4.840256273746490479e-02,-9.370753541588783264e-03
2.275841683149337769e-01,-4.840256273746490479e-02,-9.370753541588783264e-03
2.281022667884826660e-01,-4.838075488805770874e-02,-9.297805838286876678e-03
2.281022667884826660e-01,-4.838075488805770874e-02,-9.297805838286876678e-03
2.286207824945449829e-01,-4.835870489478111267e-02,-9.225386194884777069e-03
2.286207824945449829e-01,-4.835870489478111267e-02,-9.225386194884777069e-03
2.291397899389266968e-01,-4.833640903234481812e-02,-9.153498336672782898e-03
2.291397899389266968e-01,-4.833640903234481812e-02,-9.153498336672782898e-03
2.296592146158218384e-01,-4.831386730074882507e-02,-9.082144126296043396e-03
2.296592146158218384e-01,-4.831386730074882507e-02,-9.082144126296043396e-03
2.301791161298751831e-01,-4.829107969999313354e-02,-9.011325426399707794e-03
2.301791161298751831e-01,-4.829107969999313354e-02,-9.011325426399707794e-03
2.306995093822479248e-01,-4.826804623007774353e-02,-8.941040374338626862e-03
2.306995093822479248e-01,-4.826804623007774353e-02,-8.941040374338626862e-03
2.312203347682952881e-01,-4.824476316571235657e-02,-8.871294558048248291e-03
2.312203347682952881e-01,-4.824476316571235657e-02,-8.871294558048248291e-03
2.317416518926620483e-01,-4.822123423218727112e-02,-8.802088908851146698e-03
2.317416518926620483e-01,-4.822123423218727112e-02,-8.802088908851146698e-03
2.322634011507034302e-01,-4.819745570421218872e-02,-8.733423426747322083e-03
2.322634011507034302e-01,-4.819745570421218872e-02,-8.733423426747322083e-03
2.327856719493865967e-01,-4.817342758178710938e-02,-8.665300905704498291e-03
2.327856719493865967e-01,-4.817342758178710938e-02,-8.665300905704498291e-03
2.333084046840667725e-01,-4.814914613962173462e-02,-8.597724139690399170e-03
2.333084046840667725e-01,-4.814914613962173462e-02,-8.597724139690399170e-03
2.338316291570663452e-01,-4.812461510300636292e-02,-8.530692197382450104e-03
2.338316291570663452e-01,-4.812461510300636292e-02,-8.530692197382450104e-03
2.343553304672241211e-01,-4.809982702136039734e-02,-8.464207872748374939e-03
2.343553304672241211e-01,-4.809982702136039734e-02,-8.464207872748374939e-03
2.348795086145401001e-01,-4.807478934526443481e-02,-8.398272097110748291e-03
2.348795086145401001e-01,-4.807478934526443481e-02,-8.398272097110748291e-03
2.354041785001754761e-01,-4.804949834942817688e-02,-8.332889527082443237e-03
2.354041785001754761e-01,-4.804949834942817688e-02,-8.332889527082443237e-03
2.359293699264526367e-01,-4.802395030856132507e-02,-8.268058300018310547e-03
2.359293699264526367e-01,-4.802395030856132507e-02,-8.268058300018310547e-03
2.364550232887268066e-01,-4.799814894795417786e-02,-8.203779347240924835e-03
2.364550232887268066e-01,-4.799814894795417786e-02,-8.203779347240924835e-03
2.369811981916427612e-01,-4.797208309173583984e-02,-8.140058256685733795e-03
2.369811981916427612e-01,-4.797208309173583984e-02,-8.140058256685733795e-03
2.375078499317169189e-01,-4.794576391577720642e-02,-8.076895028352737427e-03
2.375078499317169189e-01,-4.794576391577720642e-02,-8.076895028352737427e-03
2.380350381135940552e-01,-4.791919514536857605e-02,-8.014289662241935730e-03
2.380350381135940552e-01,-4.791919514536857605e-02,-8.014289662241935730e-03
2.385627329349517822e-01,-4.789235815405845642e-02,-7.952244952321052551e-03
2.385627329349517822e-01,-4.789235815405845642e-02,-7.952244952321052551e-03
2.390909045934677124e-01,-4.786526039242744446e-02,-7.890763692557811737e-03
2.390909045934677124e-01,-4.786526039242744446e-02,-7.890763692557811737e-03
2.396195977926254272e-01,-4.783790186047554016e-02,-7.829844020307064056e-03
2.396195977926254272e-01,-4.783790186047554016e-02,-7.829844020307064056e-03
2.401488125324249268e-01,-4.781029000878334045e-02,-7.769491523504257202e-03
2.401488125324249268e-01,-4.781029000878334045e-02,-7.769491523504257202e-03
2.406785488128662109e-01,-4.778240621089935303e-02,-7.709706667810678482e-03
2.406785488128662109e-01,-4.778240621089935303e-02,-7.709706667810678482e-03
2.412088066339492798e-01,-4.775426536798477173e-02,-7.650489918887615204e-03
2.412088066339492798e-01,-4.775426536798477173e-02,-7.650489918887615204e-03
2.417395859956741333e-01,-4.772585630416870117e-02,-7.591843139380216599e-03
2.417395859956741333e-01,-4.772585630416870117e-02,-7.591843139380216599e-03
2.422708868980407715e-01,-4.769717901945114136e-02,-7.533769123256206512e-03
2.422708868980407715e-01,-4.769717901945114136e-02,-7.533769123256206512e-03
2.428027391433715820e-01,-4.766824841499328613e-02,-7.476268336176872253e-03
2.428027391433715820e-01,-4.766824841499328613e-02,-7.476268336176872253e-03
2.433351129293441772e-01,-4.763903841376304626e-02,-7.419342640787363052e-03
2.433351129293441772e-01,-4.763903841376304626e-02,-7.419342640787363052e-03
2.438680231571197510e-01,-4.760956764221191406e-02,-7.362994365394115448e-03
2.438680231571197510e-01,-4.760956764221191406e-02,-7.362994365394115448e-03
2.444014549255371094e-01,-4.757982492446899414e-02,-7.307224906980991364e-03
2.444014549255371094e-01,-4.757982492446899414e-02,-7.307224906980991364e-03
2.449354231357574463e-01,-4.754981398582458496e-02,-7.252034731209278107e-03
2.449354231357574463e-01,-4.754981398582458496e-02,-7.252034731209278107e-03
2.454699873924255371e-01,-4.751953482627868652e-02,-7.197426632046699524e-03
2.454699873924255371e-01,-4.751953482627868652e-02,-7.197426632046699524e-03
2.460050433874130249e-01,-4.748898372054100037e-02,-7.143402006477117538e-03
2.460050433874130249e-01,-4.748898372054100037e-02,-7.143402006477117538e-03
2.465406507253646851e-01,-4.745816066861152649e-02,-7.089962717145681381e-03
2.465406507253646851e-01,-4.745816066861152649e-02,-7.089962717145681381e-03
2.470768392086029053e-01,-4.742706567049026489e-02,-7.037110161036252975e-03
2.470768392086029053e-01,-4.742706567049026489e-02,-7.037110161036252975e-03
2.476135641336441040e-01,-4.739569872617721558e-02,-6.984845735132694244e-03
2.476135641336441040e-01,-4.739569872617721558e-02,-6.984845735132694244e-03
2.481508851051330566e-01,-4.736405983567237854e-02,-6.933170370757579803e-03
2.481508851051330566e-01,-4.736405983567237854e-02,-6.933170370757579803e-03
2.486887425184249878e-01,-4.733214527368545532e-02,-6.882088258862495422e-03
2.486887425184249878e-01,-4.733214527368545532e-02,-6.882088258862495422e-03
2.492271214723587036e-01,-4.729995131492614746e-02,-6.831598468124866486e-03
2.492271214723587036e-01,-4.729995131492614746e-02,-6.831598468124866486e-03
2.497661411762237549e-01,-4.726748168468475342e-02,-6.781702395528554916e-03
2.497661411762237549e-01,-4.726748168468475342e-02,-6.781702395528554916e-03
2.503056526184082031e-01,-4.723473265767097473e-02,-6.732403300702571869e-03
2.503056526184082031e-01,-4.723473265767097473e-02,-6.732403300702571869e-03
2.508457899093627930e-01,-4.720171168446540833e-02,-6.683703977614641190e-03
2.508457899093627930e-01,-4.720171168446540833e-02,-6.683703977614641190e-03
2.513864934444427490e-01,-4.716840758919715881e-02,-6.635602097958326340e-03
2.513864934444427490e-01,-4.716840758919715881e-02,-6.635602097958326340e-03
2.519277632236480713e-01,-4.713482782244682312e-02,-6.588102318346500397e-03
2.519277632236480713e-01,-4.713482782244682312e-02,-6.588102318346500397e-03
2.524696588516235352e-01,-4.710096493363380432e-02,-6.541205570101737976e-03
2.524696588516235352e-01,-4.710096493363380432e-02,-6.541205570101737976e-03
2.530120611190795898e-01,-4.706681892275810242e-02,-6.494912784546613693e-03
2.530120611190795898e-01,-4.706681892275810242e-02,-6.494912784546613693e-03
2.535551190376281738e-01,-4.703238978981971741e-02,-6.449227221310138702e-03
2.535551190376281738e-01,-4.703238978981971741e-02,-6.449227221310138702e-03
2.540987133979797363e-01,-4.699767753481864929e-02,-6.404148880392313004e-03
2.540987133979797363e-01,-4.699767753481864929e-02,-6.404148880392313004e-03
2.546429336071014404e-01,-4.696268588304519653e-02,-6.359679158776998520e-03
2.546429336071014404e-01,-4.696268588304519653e-02,-6.359679158776998520e-03
2.551877498626708984e-01,-4.692740738391876221e-02,-6.315821781754493713e-03
2.551877498626708984e-01,-4.692740738391876221e-02,-6.315821781754493713e-03
2.557331621646881104e-01,-4.689184948801994324e-02,-6.272576749324798584e-03
2.557331621646881104e-01,-4.689184948801994324e-02,-6.272576749324798584e-03
2.562791407108306885e-01,-4.685599356889724731e-02,-6.229945458471775055e-03
2.562791407108306885e-01,-4.685599356889724731e-02,-6.229945458471775055e-03
2.568257451057434082e-01,-4.681985825300216675e-02,-6.187930237501859665e-03
2.568257451057434082e-01,-4.681985825300216675e-02,-6.187930237501859665e-03
2.573729753494262695e-01,-4.678343236446380615e-02,-6.146532949060201645e-03
2.573729753494262695e-01,-4.678343236446380615e-02,-6.146532949060201645e-03
2.579208016395568848e-01,-4.674671590328216553e-02,-6.105754990130662918e-03
2.579208016395568848e-01,-4.674671590328216553e-02,-6.105754990130662918e-03
2.584692239761352539e-01,-4.670971259474754333e-02,-6.065596360713243484e-03
2.584692239761352539e-01,-4.670971259474754333e-02,-6.065596360713243484e-03
2.590183019638061523e-01,-4.667242243885993958e-02,-6.026061251759529114e-03
2.590183019638061523e-01,-4.667242243885993958e-02,-6.026061251759529114e-03
2.595679163932800293e-01,-4.663483053445816040e-02,-5.987151060253381729e-03
2.595679163932800293e-01,-4.663483053445816040e-02,-5.987151060253381729e-03
2.601182162761688232e-01,-4.659695550799369812e-02,-5.948864854872226715e-03
2.601182162761688232e-01,-4.659695550799369812e-02,-5.948864854872226715e-03
2.606691420078277588e-01,-4.655878245830535889e-02,-5.911207292228937149e-03
2.606691420078277588e-01,-4.655878245830535889e-02,-5.911207292228937149e-03
2.612206637859344482e-01,-4.652031883597373962e-02,-5.874177906662225723e-03
2.612206637859344482e-01,-4.652031883597373962e-02,-5.874177906662225723e-03
2.617728114128112793e-01,-4.648155719041824341e-02,-5.837778095155954361e-03
2.617728114128112793e-01,-4.648155719041824341e-02,-5.837778095155954361e-03
2.623256146907806396e-01,-4.644250124692916870e-02,-5.802012514322996140e-03
2.623256146907806396e-01,-4.644250124692916870e-02,-5.802012514322996140e-03
2.628790438175201416e-01,-4.640315473079681396e-02,-5.766878835856914520e-03
2.628790438175201416e-01,-4.640315473079681396e-02,-5.766878835856914520e-03
2.634331285953521729e-01,-4.636350646615028381e-02,-5.732381716370582581e-03
2.634331285953521729e-01,-4.636350646615028381e-02,-5.732381716370582581e-03
2.639878690242767334e-01,-4.632355645298957825e-02,-5.698521621525287628e-03
2.639878690242767334e-01,-4.632355645298957825e-02,-5.698521621525287628e-03
2.645432054996490479e-01,-4.628331214189529419e-02,-5.665299948304891586e-03
2.645432054996490479e-01,-4.628331214189529419e-02,-5.665299948304891586e-03
2.650991678237915039e-01,-4.624276980757713318e-02,-5.632717628031969070e-03
2.650991678237915039e-01,-4.624276980757713318e-02,-5.632717628031969070e-03
2.656558454036712646e-01,-4.620192945003509521e-02,-5.600778851658105850e-03
2.656558454036712646e-01,-4.620192945003509521e-02,-5.600778851658105850e-03
2.662131488323211670e-01,-4.616078361868858337e-02,-5.569482222199440002e-03
2.662131488323211670e-01,-4.616078361868858337e-02,-5.569482222199440002e-03
2.667711079120635986e-01,-4.611933976411819458e-02,-5.538831930607557297e-03
2.667711079120635986e-01,-4.611933976411819458e-02,-5.538831930607557297e-03
2.673297226428985596e-01,-4.607758298516273499e-02,-5.508828442543745041e-03
2.673297226428985596e-01,-4.607758298516273499e-02,-5.508828442543745041e-03
2.678889930248260498e-01,-4.603553190827369690e-02,-5.479472223669290543e-03
2.678889930248260498e-01,-4.603553190827369690e-02,-5.479472223669290543e-03
2.684489190578460693e-01,-4.599317163228988647e-02,-5.450767464935779572e-03
2.684489190578460693e-01,-4.599317163228988647e-02,-5.450767464935779572e-03
2.690095305442810059e-01,-4.595050960779190063e-02,-5.422712769359350204e-03
2.690095305442810059e-01,-4.595050960779190063e-02,-5.422712769359350204e-03
2.695707976818084717e-01,-4.590753838419914246e-02,-5.395312793552875519e-03
2.695707976818084717e-01,-4.590753838419914246e-02,-5.395312793552875519e-03
2.701327204704284668e-01,-4.586426168680191040e-02,-5.368566606193780899e-03
2.701327204704284668e-01,-4.586426168680191040e-02,-5.368566606193780899e-03
2.706953585147857666e-01,-4.582067579030990601e-02,-5.342477466911077499e-03
2.706953585147857666e-01,-4.582067579030990601e-02,-5.342477466911077499e-03
2.712586522102355957e-01,-4.577678442001342773e-02,-5.317046307027339935e-03
2.712586522102355957e-01,-4.577678442001342773e-02,-5.317046307027339935e-03
2.718226015567779541e-01,-4.573258757591247559e-02,-5.292275454849004745e-03
2.718226015567779541e-01,-4.573258757591247559e-02,-5.292275454849004745e-03
2.723872661590576172e-01,-4.568807408213615417e-02,-5.268164910376071930e-03
2.723872661590576172e-01,-4.568807408213615417e-02,-5.268164910376071930e-03
2.729526162147521973e-01,-4.564325138926506042e-02,-5.244718398898839951e-03
2.729526162147521973e-01,-4.564325138926506042e-02,-5.244718398898839951e-03
2.735186219215393066e-01,-4.559811204671859741e-02,-5.221935920417308807e-03
2.735186219215393066e-01,-4.559811204671859741e-02,-5.221935920417308807e-03
2.740853726863861084e-01,-4.555266723036766052e-02,-5.199821200221776962e-03
2.740853726863861084e-01,-4.555266723036766052e-02,-5.199821200221776962e-03
2.746527791023254395e-01,-4.550690203905105591e-02,-5.178372841328382492e-03
2.746527791023254395e-01,-4.550690203905105591e-02,-5.178372841328382492e-03
2.752208709716796875e-01,-4.546082392334938049e-02,-5.157594569027423859e-03
2.752208709716796875e-01,-4.546082392334938049e-02,-5.157594569027423859e-03
2.757897078990936279e-01,-4.541443660855293274e-02,-5.137486848980188370e-03
2.757897078990936279e-01,-4.541443660855293274e-02,-5.137486848980188370e-03
2.763592302799224854e-01,-4.536772891879081726e-02,-5.118052475154399872e-03
2.763592302799224854e-01,-4.536772891879081726e-02,-5.118052475154399872e-03
2.769294381141662598e-01,-4.532070457935333252e-02,-5.099292378872632980e-03
2.769294381141662598e-01,-4.532070457935333252e-02,-5.099292378872632980e-03
2.775003910064697266e-01,-4.527336731553077698e-02,-5.081208888441324234e-03
2.775003910064697266e-01,-4.527336731553077698e-02,-5.081208888441324234e-03
2.780719995498657227e-01,-4.522570222616195679e-02,-5.063801538199186325e-03
2.780719995498657227e-01,-4.522570222616195679e-02,-5.063801538199186325e-03
2.786443531513214111e-01,-4.517772421240806580e-02,-5.047074053436517715e-03
2.786443531513214111e-01,-4.517772421240806580e-02,-5.047074053436517715e-03
2.792174518108367920e-01,-4.512942582368850708e-02,-5.031028296798467636e-03
2.792174518108367920e-01,-4.512942582368850708e-02,-5.031028296798467636e-03
2.797912359237670898e-01,-4.508081078529357910e-02,-5.015665665268898010e-03
2.797912359237670898e-01,-4.508081078529357910e-02,-5.015665665268898010e-03
2.803657352924346924e-01,-4.503186419606208801e-02,-5.000986158847808838e-03
2.803657352924346924e-01,-4.503186419606208801e-02,-5.000986158847808838e-03
2.809409797191619873e-01,-4.498259723186492920e-02,-4.986992105841636658e-03
2.809409797191619873e-01,-4.498259723186492920e-02,-4.986992105841636658e-03
2.815169394016265869e-01,-4.493300989270210266e-02,-4.973685834556818008e-03
2.815169394016265869e-01,-4.493300989270210266e-02,-4.973685834556818008e-03
2.820936441421508789e-01,-4.488310217857360840e-02,-4.961068276315927505e-03
2.820936441421508789e-01,-4.488310217857360840e-02,-4.961068276315927505e-03
2.826710641384124756e-01,-4.483286291360855103e-02,-4.949142225086688995e-03
2.826710641384124756e-01,-4.483286291360855103e-02,-4.949142225086688995e-03
2.832492589950561523e-01,-4.478230327367782593e-02,-4.937908146530389786e-03
2.832492589950561523e-01,-4.478230327367782593e-02,-4.937908146530389786e-03
2.838281393051147461e-01,-4.473141208291053772e-02,-4.927366971969604492e-03
2.838281393051147461e-01,-4.473141208291053772e-02,-4.927366971969604492e-03
2.844078242778778076e-01,-4.468019679188728333e-02,-4.917522892355918884e-03
2.844078242778778076e-01,-4.468019679188728333e-02,-4.917522892355918884e-03
2.849881947040557861e-01,-4.462864995002746582e-02,-4.908374510705471039e-03
2.849881947040557861e-01,-4.462864995002746582e-02,-4.908374510705471039e-03
2.855693399906158447e-01,-4.457677528262138367e-02,-4.899925552308559418e-03
2.855693399906158447e-01,-4.457677528262138367e-02,-4.899925552308559418e-03
2.861512303352355957e-01,-4.452456906437873840e-02,-4.892177414149045944e-03
2.861512303352355957e-01,-4.452456906437873840e-02,-4.892177414149045944e-03
2.867338955402374268e-01,-4.447203502058982849e-02,-4.885130561888217926e-03
2.867338955402374268e-01,-4.447203502058982849e-02,-4.885130561888217926e-03
2.873172760009765625e-01,-4.441916942596435547e-02,-4.878788255155086517e-03
2.873172760009765625e-01,-4.441916942596435547e-02,-4.878788255155086517e-03
2.879014611244201660e-01,-4.436596855521202087e-02,-4.873150493949651718e-03
2.879014611244201660e-01,-4.436596855521202087e-02,-4.873150493949651718e-03
2.884863913059234619e-01,-4.431243985891342163e-02,-4.868220072239637375e-03
2.884863913059234619e-01,-4.431243985891342163e-02,-4.868220072239637375e-03
2.890720963478088379e-01,-4.425857216119766235e-02,-4.863998387008905411e-03
2.890720963478088379e-01,-4.425857216119766235e-02,-4.863998387008905411e-03
2.896585464477539062e-01,-4.420436918735504150e-02,-4.860486369580030441e-03
2.896585464477539062e-01,-4.420436918735504150e-02,-4.860486369580030441e-03
2.902457714080810547e-01,-4.414983093738555908e-02,-4.857686348259449005e-03
2.902457714080810547e-01,-4.414983093738555908e-02,-4.857686348259449005e-03
2.908337712287902832e-01,-4.409496113657951355e-02,-4.855599254369735718e-03
2.908337712287902832e-01,-4.409496113657951355e-02,-4.855599254369735718e-03
2.914225459098815918e-01,-4.403974860906600952e-02,-4.854228347539901733e-03
2.914225459098815918e-01,-4.403974860906600952e-02,-4.854228347539901733e-03
2.920121252536773682e-01,-4.398420080542564392e-02,-4.853573162108659744e-03
2.920121252536773682e-01,-4.398420080542564392e-02,-4.853573162108659744e-03
2.926024496555328369e-01,-4.392831027507781982e-02,-4.853636492043733597e-03
2.926024496555328369e-01,-4.392831027507781982e-02,-4.853636492043733597e-03
2.931935787200927734e-01,-4.387208074331283569e-02,-4.854419268667697906e-03
2.931935787200927734e-01,-4.387208074331283569e-02,-4.854419268667697906e-03
2.937854826450347900e-01,-4.381551593542098999e-02,-4.855923820286989212e-03
2.937854826450347900e-01,-4.381551593542098999e-02,-4.855923820286989212e-03
2.943781912326812744e-01,-4.375860095024108887e-02,-4.858152009546756744e-03
2.943781912326812744e-01,-4.375860095024108887e-02,-4.858152009546756744e-03
2.949717044830322266e-01,-4.370135441422462463e-02,-4.861104767769575119e-03
2.949717044830322266e-01,-4.370135441422462463e-02,-4.861104767769575119e-03
2.955660223960876465e-01,-4.364375770092010498e-02,-4.864783957600593567e-03
2.955660223960876465e-01,-4.364375770092010498e-02,-4.864783957600593567e-03
2.961611151695251465e-01,-4.358581453561782837e-02,-4.869190976023674011e-03
2.961611151695251465e-01,-4.358581453561782837e-02,-4.869190976023674011e-03
2.967569828033447266e-01,-4.352753236889839172e-02,-4.874328151345252991e-03
2.967569828033447266e-01,-4.352753236889839172e-02,-4.874328151345252991e-03
2.973536849021911621e-01,-4.346890002489089966e-02,-4.880195949226617813e-03
2.973536849021911621e-01,-4.346890002489089966e-02,-4.880195949226617813e-03
2.979511618614196777e-01,-4.340992495417594910e-02,-4.886797163635492325e-03
2.979511618614196777e-01,-4.340992495417594910e-02,-4.886797163635492325e-03
2.985495030879974365e-01,-4.335060343146324158e-02,-4.894132260233163834e-03
2.985495030879974365e-01,-4.335060343146324158e-02,-4.894132260233163834e-03
2.991486489772796631e-01,-4.329093173146247864e-02,-4.902204964309930801e-03
2.991486489772796631e-01,-4.329093173146247864e-02,-4.902204964309930801e-03
2.997485995292663574e-01,-4.323091357946395874e-02,-4.911013878881931305e-03
2.997485995292663574e-01,-4.323091357946395874e-02,-4.911013878881931305e-03
3.003493547439575195e-01,-4.317054525017738342e-02,-4.920563194900751114e-03
3.003493547439575195e-01,-4.317054525017738342e-02,-4.920563194900751114e-03
3.009509146213531494e-01,-4.310982301831245422e-02,-4.930851981043815613e-03
3.009509146213531494e-01,-4.310982301831245422e-02,-4.930851981043815613e-03
3.015533685684204102e-01,-4.304875060915946960e-02,-4.941885825246572495e-03
3.015533685684204102e-01,-4.304875060915946960e-02,-4.941885825246572495e-03
3.021565973758697510e-01,-4.298732429742813110e-02,-4.953662399202585220e-03
3.021565973758697510e-01,-4.298732429742813110e-02,-4.953662399202585220e-03
3.027606606483459473e-01,-4.292554780840873718e-02,-4.966184962540864944e-03
3.027606606483459473e-01,-4.292554780840873718e-02,-4.966184962540864944e-03
3.033655285835266113e-01,-4.286341741681098938e-02,-4.979454912245273590e-03
3.033655285835266113e-01,-4.286341741681098938e-02,-4.979454912245273590e-03
3.039712905883789062e-01,-4.280093312263488770e-02,-4.993475042283535004e-03
3.039712905883789062e-01,-4.280093312263488770e-02,-4.993475042283535004e-03
3.045778572559356689e-01,-4.273809120059013367e-02,-5.008245352655649185e-03
3.045778572559356689e-01,-4.273809120059013367e-02,-5.008245352655649185e-03
3.051853179931640625e-01,-4.267489537596702576e-02,-5.023767706006765366e-03
3.051853179931640625e-01,-4.267489537596702576e-02,-5.023767706006765366e-03
3.057935833930969238e-01,-4.261133819818496704e-02,-5.040044896304607391e-03
3.057935833930969238e-01,-4.261133819818496704e-02,-5.040044896304607391e-03
3.064026534557342529e-01,-4.254742339253425598e-02,-5.057077389210462570e-03
3.064026534557342529e-01,-4.254742339253425598e-02,-5.057077389210462570e-03
3.070126473903656006e-01,-4.248315468430519104e-02,-5.074866581708192825e-03
3.070126473903656006e-01,-4.248315468430519104e-02,-5.074866581708192825e-03
3.076234757900238037e-01,-4.241852834820747375e-02,-5.093415733426809311e-03
3.076234757900238037e-01,-4.241852834820747375e-02,-5.093415733426809311e-03
3.082351386547088623e-01,-4.235353320837020874e-02,-5.112725310027599335e-03
3.082351386547088623e-01,-4.235353320837020874e-02,-5.112725310027599335e-03
3.088476657867431641e-01,-4.228818416595458984e-02,-5.132795777171850204e-03
3.088476657867431641e-01,-4.228818416595458984e-02,-5.132795777171850204e-03
3.094610273838043213e-01,-4.222246631979942322e-02,-5.153630860149860382e-03
3.094610273838043213e-01,-4.222246631979942322e-02,-5.153630860149860382e-03
3.100753128528594971e-01,-4.215639084577560425e-02,-5.175230558961629868e-03
3.100753128528594971e-01,-4.215639084577560425e-02,-5.175230558961629868e-03
3.106904327869415283e-01,-4.208995029330253601e-02,-5.197598598897457123e-03
3.106904327869415283e-01,-4.208995029330253601e-02,-5.197598598897457123e-03
3.113064169883728027e-01,-4.202314466238021851e-02,-5.220734979957342148e-03
3.113064169883728027e-01,-4.202314466238021851e-02,-5.220734979957342148e-03
3.119232952594757080e-01,-4.195597767829895020e-02,-5.244641564786434174e-03
3.119232952594757080e-01,-4.195597767829895020e-02,-5.244641564786434174e-03
3.125410377979278564e-01,-4.188843816518783569e-02,-5.269320681691169739e-03
3.125410377979278564e-01,-4.188843816518783569e-02,-5.269320681691169739e-03
3.131596744060516357e-01,-4.182053729891777039e-02,-5.294772330671548843e-03
3.131596744060516357e-01,-4.182053729891777039e-02,-5.294772330671548843e-03
3.137791454792022705e-01,-4.175226390361785889e-02,-5.320998840034008026e-03
3.137791454792022705e-01,-4.175226390361785889e-02,-5.320998840034008026e-03
3.143995106220245361e-01,-4.168362170457839966e-02,-5.348003469407558441e-03
3.143995106220245361e-01,-4.168362170457839966e-02,-5.348003469407558441e-03
3.150207996368408203e-01,-4.161461442708969116e-02,-5.375785287469625473e-03
3.150207996368408203e-01,-4.161461442708969116e-02,-5.375785287469625473e-03
3.156429827213287354e-01,-4.154523089528083801e-02,-5.404348019510507584e-03
3.156429827213287354e-01,-4.154523089528083801e-02,-5.404348019510507584e-03
3.162660300731658936e-01,-4.147548601031303406e-02,-5.433691665530204773e-03
3.162660300731658936e-01,-4.147548601031303406e-02,-5.433691665530204773e-03
3.168899416923522949e-01,-4.140536114573478699e-02,-5.463818553835153580e-03
3.168899416923522949e-01,-4.140536114573478699e-02,-5.463818553835153580e-03
3.175148069858551025e-01,-4.133486747741699219e-02,-5.494731478393077850e-03
3.175148069858551025e-01,-4.133486747741699219e-02,-5.494731478393077850e-03
3.181405663490295410e-01,-4.126399382948875427e-02,-5.526430439203977585e-03
3.181405663490295410e-01,-4.126399382948875427e-02,-5.526430439203977585e-03
3.187672495841979980e-01,-4.119275137782096863e-02,-5.558916367590427399e-03
3.187672495841979980e-01,-4.119275137782096863e-02,-5.558916367590427399e-03
3.193947970867156982e-01,-4.112112894654273987e-02,-5.592193454504013062e-03
3.193947970867156982e-01,-4.112112894654273987e-02,-5.592193454504013062e-03
3.200232386589050293e-01,-4.104913771152496338e-02,-5.626261699944734573e-03
3.200232386589050293e-01,-4.104913771152496338e-02,-5.626261699944734573e-03
3.206526339054107666e-01,-4.097677022218704224e-02,-5.661122966557741165e-03
3.206526339054107666e-01,-4.097677022218704224e-02,-5.661122966557741165e-03
3.212829232215881348e-01,-4.090401902794837952e-02,-5.696778185665607452e-03
3.212829232215881348e-01,-4.090401902794837952e-02,-5.696778185665607452e-03
3.219141364097595215e-01,-4.083088785409927368e-02,-5.733230616897344589e-03
3.219141364097595215e-01,-4.083088785409927368e-02,-5.733230616897344589e-03
3.225462436676025391e-01,-4.075738042593002319e-02,-5.770481191575527191e-03
3.225462436676025391e-01,-4.075738042593002319e-02,-5.770481191575527191e-03
3.231793642044067383e-01,-4.068349674344062805e-02,-5.808530841022729874e-03
3.231793642044067383e-01,-4.068349674344062805e-02,-5.808530841022729874e-03
3.238133192062377930e-01,-4.060922935605049133e-02,-5.847380496561527252e-03
3.238133192062377930e-01,-4.060922935605049133e-02,-5.847380496561527252e-03
3.244482576847076416e-01,-4.053457826375961304e-02,-5.887034814804792404e-03
3.244482576847076416e-01,-4.053457826375961304e-02,-5.887034814804792404e-03
3.250840902328491211e-01,-4.045954346656799316e-02,-5.927492864429950714e-03
3.250840902328491211e-01,-4.045954346656799316e-02,-5.927492864429950714e-03
3.257208764553070068e-01,-4.038412868976593018e-02,-5.968756042420864105e-03
3.257208764553070068e-01,-4.038412868976593018e-02,-5.968756042420864105e-03
3.263585865497589111e-01,-4.030833020806312561e-02,-6.010828074067831039e-03
3.263585865497589111e-01,-4.030833020806312561e-02,-6.010828074067831039e-03
3.269972801208496094e-01,-4.023214057087898254e-02,-6.053708959370851517e-03
3.269972801208496094e-01,-4.023214057087898254e-02,-6.053708959370851517e-03
3.276368379592895508e-01,-4.015557095408439636e-02,-6.097401026636362076e-03
3.276368379592895508e-01,-4.015557095408439636e-02,-6.097401026636362076e-03
3.282774090766906738e-01,-4.007861018180847168e-02,-6.141905207186937332e-03
3.282774090766906738e-01,-4.007861018180847168e-02,-6.141905207186937332e-03
3.289189040660858154e-01,-4.000126942992210388e-02,-6.187223829329013824e-03
3.289189040660858154e-01,-4.000126942992210388e-02,-6.187223829329013824e-03
3.295613825321197510e-01,-3.992353379726409912e-02,-6.233357824385166168e-03
3.295613825321197510e-01,-3.992353379726409912e-02,-6.233357824385166168e-03
3.302048146724700928e-01,-3.984541073441505432e-02,-6.280309520661830902e-03
3.302048146724700928e-01,-3.984541073441505432e-02,-6.280309520661830902e-03
3.308491408824920654e-01,-3.976689651608467102e-02,-6.328080780804157257e-03
3.308491408824920654e-01,-3.976689651608467102e-02,-6.328080780804157257e-03
3.314944803714752197e-01,-3.968799114227294922e-02,-6.376672070473432541e-03
3.314944803714752197e-01,-3.968799114227294922e-02,-6.376672070473432541e-03
3.321407437324523926e-01,-3.960869833827018738e-02,-6.426085252314805984e-03
3.321407437324523926e-01,-3.960869833827018738e-02,-6.426085252314805984e-03
3.327879905700683594e-01,-3.952901065349578857e-02,-6.476322654634714127e-03
3.327879905700683594e-01,-3.952901065349578857e-02,-6.476322654634714127e-03
3.334362506866455078e-01,-3.944892808794975281e-02,-6.527386140078306198e-03
3.334362506866455078e-01,-3.944892808794975281e-02,-6.527386140078306198e-03
3.340854644775390625e-01,-3.936845436692237854e-02,-6.579277105629444122e-03
3.340854644775390625e-01,-3.936845436692237854e-02,-6.579277105629444122e-03
3.347356319427490234e-01,-3.928758203983306885e-02,-6.631995085626840591e-03
3.347356319427490234e-01,-3.928758203983306885e-02,-6.631995085626840591e-03
3.353868126869201660e-01,-3.920631483197212219e-02,-6.685545668005943298e-03
3.353868126869201660e-01,-3.920631483197212219e-02,-6.685545668005943298e-03
3.360388875007629395e-01,-3.912465274333953857e-02,-6.739926524460315704e-03
3.360388875007629395e-01,-3.912465274333953857e-02,-6.739926524460315704e-03
3.366920053958892822e-01,-3.904259204864501953e-02,-6.795141845941543579e-03
3.366920053958892822e-01,-3.904259204864501953e-02,-6.795141845941543579e-03
3.373461067676544189e-01,-3.896013274788856506e-02,-6.851193029433488846e-03
3.373461067676544189e-01,-3.896013274788856506e-02,-6.851193029433488846e-03
3.380011916160583496e-01,-3.887727484107017517e-02,-6.908080540597438812e-03
3.380011916160583496e-01,-3.887727484107017517e-02,-6.908080540597438812e-03
3.386573195457458496e-01,-3.879401832818984985e-02,-6.965805776417255402e-03
3.386573195457458496e-01,-3.879401832818984985e-02,-6.965805776417255402e-03
3.393143713474273682e-01,-3.871035948395729065e-02,-7.024372462183237076e-03
3.393143713474273682e-01,-3.871035948395729065e-02,-7.024372462183237076e-03
3.399724364280700684e-01,-3.862630203366279602e-02,-7.083780132234096527e-03
3.399724364280700684e-01,-3.862630203366279602e-02,-7.083780132234096527e-03
3.406315445899963379e-01,-3.854183852672576904e-02,-7.144031580537557602e-03
3.406315445899963379e-01,-3.854183852672576904e-02,-7.144031580537557602e-03
3.412915766239166260e-01,-3.845697641372680664e-02,-7.205128204077482224e-03
3.412915766239166260e-01,-3.845697641372680664e-02,-7.205128204077482224e-03
3.419526815414428711e-01,-3.837170079350471497e-02,-7.267070934176445007e-03
3.419526815414428711e-01,-3.837170079350471497e-02,-7.267070934176445007e-03
3.426147699356079102e-01,-3.828603029251098633e-02,-7.329862099140882492e-03
3.426147699356079102e-01,-3.828603029251098633e-02,-7.329862099140882492e-03
3.432779312133789062e-01,-3.819995373487472534e-02,-7.393503095954656601e-03
3.432779312133789062e-01,-3.819995373487472534e-02,-7.393503095954656601e-03
3.439420163631439209e-01,-3.811345994472503662e-02,-7.457996252924203873e-03
3.439420163631439209e-01,-3.811345994472503662e-02,-7.457996252924203873e-03
3.446071445941925049e-01,-3.802657127380371094e-02,-7.523341570049524307e-03
3.446071445941925049e-01,-3.802657127380371094e-02,-7.523341570049524307e-03
3.452732861042022705e-01,-3.793926909565925598e-02,-7.589542772620916367e-03
3.452732861042022705e-01,-3.793926909565925598e-02,-7.589542772620916367e-03
3.459404408931732178e-01,-3.785155713558197021e-02,-7.656599860638380051e-03
3.459404408931732178e-01,-3.785155713558197021e-02,-7.656599860638380051e-03
3.466086983680725098e-01,-3.776343911886215210e-02,-7.724515162408351898e-03
3.466086983680725098e-01,-3.776343911886215210e-02,-7.724515162408351898e-03
3.472779393196105957e-01,-3.767490759491920471e-02,-7.793290074914693832e-03
3.472779393196105957e-01,-3.767490759491920471e-02,-7.793290074914693832e-03
3.479481935501098633e-01,-3.758596256375312805e-02,-7.862925529479980469e-03
3.479481935501098633e-01,-3.758596256375312805e-02,-7.862925529479980469e-03
3.486194908618927002e-01,-3.749661147594451904e-02,-7.933424785733222961e-03
3.486194908618927002e-01,-3.749661147594451904e-02,-7.933424785733222961e-03
