1.468225866556167603e-01,7.339561358094215393e-03,-9.180372208356857300e-02
1.468225866556167603e-01,7.339561358094215393e-03,-9.180372208356857300e-02
1.467933803796768188e-01,7.089402526617050171e-03,-9.130968898534774780e-02
1.467933803796768188e-01,7.089402526617050171e-03,-9.130968898534774780e-02
1.467637568712234497e-01,6.839358247816562653e-03,-9.081615507602691650e-02
1.467637568712234497e-01,6.839358247816562653e-03,-9.081615507602691650e-02
1.467337608337402344e-01,6.589430384337902069e-03,-9.032315760850906372e-02
1.467337608337402344e-01,6.589430384337902069e-03,-9.032315760850906372e-02
1.467033922672271729e-01,6.339621730148792267e-03,-8.983065932989120483e-02
1.467033922672271729e-01,6.339621730148792267e-03,-8.983065932989120483e-02
1.466726213693618774e-01,6.089933216571807861e-03,-8.933866769075393677e-02
1.466726213693618774e-01,6.089933216571807861e-03,-8.933866769075393677e-02
1.466414481401443481e-01,5.840365309268236160e-03,-8.884718269109725952e-02
1.466414481401443481e-01,5.840365309268236160e-03,-8.884718269109725952e-02
1.466099172830581665e-01,5.590921733528375626e-03,-8.835621178150177002e-02
1.466099172830581665e-01,5.590921733528375626e-03,-8.835621178150177002e-02
1.465779989957809448e-01,5.341603886336088181e-03,-8.786573261022567749e-02
1.465779989957809448e-01,5.341603886336088181e-03,-8.786573261022567749e-02
1.465457230806350708e-01,5.092413630336523056e-03,-8.737578243017196655e-02
1.465457230806350708e-01,5.092413630336523056e-03,-8.737578243017196655e-02
1.465130448341369629e-01,4.843350965529680252e-03,-8.688633143901824951e-02
1.465130448341369629e-01,4.843350965529680252e-03,-8.688633143901824951e-02
1.464799940586090088e-01,4.594419151544570923e-03,-8.639738708734512329e-02
1.464799940586090088e-01,4.594419151544570923e-03,-8.639738708734512329e-02
1.464465707540512085e-01,4.345620051026344299e-03,-8.590893447399139404e-02
1.464465707540512085e-01,4.345620051026344299e-03,-8.590893447399139404e-02
1.464127749204635620e-01,4.096955526620149612e-03,-8.542099595069885254e-02
1.464127749204635620e-01,4.096955526620149612e-03,-8.542099595069885254e-02
1.463786214590072632e-01,3.848426276817917824e-03,-8.493355661630630493e-02
1.463786214590072632e-01,3.848426276817917824e-03,-8.493355661630630493e-02
1.463440656661987305e-01,3.600034862756729126e-03,-8.444660156965255737e-02
1.463440656661987305e-01,3.600034862756729126e-03,-8.444660156965255737e-02
1.463091522455215454e-01,3.351783612743020058e-03,-8.396017551422119141e-02
1.463091522455215454e-01,3.351783612743020058e-03,-8.396017551422119141e-02
1.462738662958145142e-01,3.103671828284859657e-03,-8.347421884536743164e-02
1.462738662958145142e-01,3.103671828284859657e-03,-8.347421884536743164e-02
1.462382376194000244e-01,2.855704165995121002e-03,-8.298878371715545654e-02
1.462382376194000244e-01,2.855704165995121002e-03,-8.298878371715545654e-02
1.462022066116333008e-01,2.607881091535091400e-03,-8.250383287668228149e-02
1.462022066116333008e-01,2.607881091535091400e-03,-8.250383287668228149e-02
1.461658179759979248e-01,2.360204001888632774e-03,-8.201938122510910034e-02
1.461658179759979248e-01,2.360204001888632774e-03,-8.201938122510910034e-02
1.461290866136550903e-01,2.112675225362181664e-03,-8.153542131185531616e-02
1.461290866136550903e-01,2.112675225362181664e-03,-8.153542131185531616e-02
1.460919976234436035e-01,1.865296973846852779e-03,-8.105196058750152588e-02
1.460919976234436035e-01,1.865296973846852779e-03,-8.105196058750152588e-02
1.460545361042022705e-01,1.618069596588611603e-03,-8.056898415088653564e-02
1.460545361042022705e-01,1.618069596588611603e-03,-8.056898415088653564e-02
1.460167318582534790e-01,1.370995887555181980e-03,-8.008650690317153931e-02
1.460167318582534790e-01,1.370995887555181980e-03,-8.008650690317153931e-02
1.459785401821136475e-01,1.124076195992529392e-03,-7.960452139377593994e-02
1.459785401821136475e-01,1.124076195992529392e-03,-7.960452139377593994e-02
1.459400057792663574e-01,8.773145964369177818e-04,-7.912302017211914062e-02
1.459400057792663574e-01,8.773145964369177818e-04,-7.912302017211914062e-02
1.459011286497116089e-01,6.307119037955999374e-04,-7.864201068878173828e-02
1.459011286497116089e-01,6.307119037955999374e-04,-7.864201068878173828e-02
1.458618938922882080e-01,3.842694277409464121e-04,-7.816148549318313599e-02
1.458618938922882080e-01,3.842694277409464121e-04,-7.816148549318313599e-02
1.458223015069961548e-01,1.379889436066150665e-04,-7.768145203590393066e-02
1.458223015069961548e-01,1.379889436066150665e-04,-7.768145203590393066e-02
1.457823663949966431e-01,-1.081276714103296399e-04,-7.720190286636352539e-02
1.457823663949966431e-01,-1.081276714103296399e-04,-7.720190286636352539e-02
1.457420587539672852e-01,-3.540793259162455797e-04,-7.672283798456192017e-02
1.457420587539672852e-01,-3.540793259162455797e-04,-7.672283798456192017e-02
1.457014232873916626e-01,-5.998627166263759136e-04,-7.624425739049911499e-02
1.457014232873916626e-01,-5.998627166263759136e-04,-7.624425739049911499e-02
1.456604450941085815e-01,-8.454768103547394276e-04,-7.576616853475570679e-02
1.456604450941085815e-01,-8.454768103547394276e-04,-7.576616853475570679e-02
1.456191092729568481e-01,-1.090920413844287395e-03,-7.528854906558990479e-02
1.456191092729568481e-01,-1.090920413844287395e-03,-7.528854906558990479e-02
1.455774307250976562e-01,-1.336191664449870586e-03,-7.481141388416290283e-02
1.455774307250976562e-01,-1.336191664449870586e-03,-7.481141388416290283e-02
1.455354392528533936e-01,-1.581287593580782413e-03,-7.433476299047470093e-02
1.455354392528533936e-01,-1.581287593580782413e-03,-7.433476299047470093e-02
1.454930752515792847e-01,-1.826207968406379223e-03,-7.385858148336410522e-02
1.454930752515792847e-01,-1.826207968406379223e-03,-7.385858148336410522e-02
1.454503983259201050e-01,-2.070949878543615341e-03,-7.338289916515350342e-02
1.454503983259201050e-01,-2.070949878543615341e-03,-7.338289916515350342e-02
1.454073637723922729e-01,-2.315512858331203461e-03,-7.290767133235931396e-02
1.454073637723922729e-01,-2.315512858331203461e-03,-7.290767133235931396e-02
1.453640013933181763e-01,-2.559893764555454254e-03,-7.243293523788452148e-02
1.453640013933181763e-01,-2.559893764555454254e-03,-7.243293523788452148e-02
1.453202813863754272e-01,-2.804092131555080414e-03,-7.195866852998733521e-02
1.453202813863754272e-01,-2.804092131555080414e-03,-7.195866852998733521e-02
1.452762633562088013e-01,-3.048105398193001747e-03,-7.148487865924835205e-02
1.452762633562088013e-01,-3.048105398193001747e-03,-7.148487865924835205e-02
1.452318876981735229e-01,-3.291931934654712677e-03,-7.101156562566757202e-02
1.452318876981735229e-01,-3.291931934654712677e-03,-7.101156562566757202e-02
1.451871842145919800e-01,-3.535570343956351280e-03,-7.053871452808380127e-02
1.451871842145919800e-01,-3.535570343956351280e-03,-7.053871452808380127e-02
1.451421678066253662e-01,-3.779017599299550056e-03,-7.006634771823883057e-02
1.451421678066253662e-01,-3.779017599299550056e-03,-7.006634771823883057e-02
1.450968086719512939e-01,-4.022272769361734390e-03,-6.959443539381027222e-02
1.450968086719512939e-01,-4.022272769361734390e-03,-6.959443539381027222e-02
1.450511366128921509e-01,-4.265335854142904282e-03,-6.912299990653991699e-02
1.450511366128921509e-01,-4.265335854142904282e-03,-6.912299990653991699e-02
1.450051218271255493e-01,-4.508202895522117615e-03,-6.865204125642776489e-02
1.450051218271255493e-01,-4.508202895522117615e-03,-6.865204125642776489e-02
1.449587792158126831e-01,-4.750872030854225159e-03,-6.818154454231262207e-02
1.449587792158126831e-01,-4.750872030854225159e-03,-6.818154454231262207e-02
1.449121534824371338e-01,-4.993341863155364990e-03,-6.771150976419448853e-02
1.449121534824371338e-01,-4.993341863155364990e-03,-6.771150976419448853e-02
1.448651552200317383e-01,-5.235612392425537109e-03,-6.724194437265396118e-02
1.448651552200317383e-01,-5.235612392425537109e-03,-6.724194437265396118e-02
1.448178738355636597e-01,-5.477680824697017670e-03,-6.677284836769104004e-02
1.448178738355636597e-01,-5.477680824697017670e-03,-6.677284836769104004e-02
1.447702795267105103e-01,-5.719542503356933594e-03,-6.630421429872512817e-02
1.447702795267105103e-01,-5.719542503356933594e-03,-6.630421429872512817e-02
1.447223424911499023e-01,-5.961200688034296036e-03,-6.583603471517562866e-02
1.447223424911499023e-01,-5.961200688034296036e-03,-6.583603471517562866e-02
1.446740925312042236e-01,-6.202649790793657303e-03,-6.536832451820373535e-02
1.446740925312042236e-01,-6.202649790793657303e-03,-6.536832451820373535e-02
1.446255445480346680e-01,-6.443892605602741241e-03,-6.490107625722885132e-02
1.446255445480346680e-01,-6.443892605602741241e-03,-6.490107625722885132e-02
1.445766836404800415e-01,-6.684919819235801697e-03,-6.443428248167037964e-02
1.445766836404800415e-01,-6.684919819235801697e-03,-6.443428248167037964e-02
1.445274949073791504e-01,-6.925735156983137131e-03,-6.396795809268951416e-02
1.445274949073791504e-01,-6.925735156983137131e-03,-6.396795809268951416e-02
1.444780081510543823e-01,-7.166336756199598312e-03,-6.350208818912506104e-02
1.444780081510543823e-01,-7.166336756199598312e-03,-6.350208818912506104e-02
1.444282084703445435e-01,-7.406724151223897934e-03,-6.303666532039642334e-02
1.444282084703445435e-01,-7.406724151223897934e-03,-6.303666532039642334e-02
1.443780809640884399e-01,-7.646889891475439072e-03,-6.257170438766479492e-02
1.443780809640884399e-01,-7.646889891475439072e-03,-6.257170438766479492e-02
1.443276852369308472e-01,-7.886836305260658264e-03,-6.210720911622047424e-02
1.443276852369308472e-01,-7.886836305260658264e-03,-6.210720911622047424e-02
1.442769616842269897e-01,-8.126561529934406281e-03,-6.164315715432167053e-02
1.442769616842269897e-01,-8.126561529934406281e-03,-6.164315715432167053e-02
1.442259699106216431e-01,-8.366064168512821198e-03,-6.117955595254898071e-02
1.442259699106216431e-01,-8.366064168512821198e-03,-6.117955595254898071e-02
1.441746503114700317e-01,-8.605339564383029938e-03,-6.071641296148300171e-02
1.441746503114700317e-01,-8.605339564383029938e-03,-6.071641296148300171e-02
1.441230177879333496e-01,-8.844388648867607117e-03,-6.025372445583343506e-02
1.441230177879333496e-01,-8.844388648867607117e-03,-6.025372445583343506e-02
1.440711021423339844e-01,-9.083211421966552734e-03,-5.979147180914878845e-02
1.440711021423339844e-01,-9.083211421966552734e-03,-5.979147180914878845e-02
1.440188735723495483e-01,-9.321799501776695251e-03,-5.932967737317085266e-02
1.440188735723495483e-01,-9.321799501776695251e-03,-5.932967737317085266e-02
1.439663767814636230e-01,-9.560160338878631592e-03,-5.886833742260932922e-02
1.439663767814636230e-01,-9.560160338878631592e-03,-5.886833742260932922e-02
1.439135670661926270e-01,-9.798283688724040985e-03,-5.840743333101272583e-02
1.439135670661926270e-01,-9.798283688724040985e-03,-5.840743333101272583e-02
1.438604593276977539e-01,-1.003617141395807266e-02,-5.794698372483253479e-02
1.438604593276977539e-01,-1.003617141395807266e-02,-5.794698372483253479e-02
1.438070833683013916e-01,-1.027382165193557739e-02,-5.748698487877845764e-02
1.438070833683013916e-01,-1.027382165193557739e-02,-5.748698487877845764e-02
1.437533944845199585e-01,-1.051123533397912979e-02,-5.702741071581840515e-02
1.437533944845199585e-01,-1.051123533397912979e-02,-5.702741071581840515e-02
1.436994373798370361e-01,-1.074840500950813293e-02,-5.656830221414566040e-02
1.436994373798370361e-01,-1.074840500950813293e-02,-5.656830221414566040e-02
1.436451822519302368e-01,-1.098533347249031067e-02,-5.610962584614753723e-02
1.436451822519302368e-01,-1.098533347249031067e-02,-5.610962584614753723e-02
1.435906440019607544e-01,-1.122201699763536453e-02,-5.565140023827552795e-02
1.435906440019607544e-01,-1.122201699763536453e-02,-5.565140023827552795e-02
1.435358077287673950e-01,-1.145845372229814529e-02,-5.519360303878784180e-02
1.435358077287673950e-01,-1.145845372229814529e-02,-5.519360303878784180e-02
1.434807032346725464e-01,-1.169464364647865295e-02,-5.473625659942626953e-02
1.434807032346725464e-01,-1.169464364647865295e-02,-5.473625659942626953e-02
1.434253007173538208e-01,-1.193058304488658905e-02,-5.427933484315872192e-02
1.434253007173538208e-01,-1.193058304488658905e-02,-5.427933484315872192e-02
1.433696299791336060e-01,-1.216627191752195358e-02,-5.382286012172698975e-02
1.433696299791336060e-01,-1.216627191752195358e-02,-5.382286012172698975e-02
1.433136910200119019e-01,-1.240170747041702271e-02,-5.336681753396987915e-02
1.433136910200119019e-01,-1.240170747041702271e-02,-5.336681753396987915e-02
1.432574540376663208e-01,-1.263688784092664719e-02,-5.291121453046798706e-02
1.432574540376663208e-01,-1.263688784092664719e-02,-5.291121453046798706e-02
1.432009488344192505e-01,-1.287181209772825241e-02,-5.245604738593101501e-02
1.432009488344192505e-01,-1.287181209772825241e-02,-5.245604738593101501e-02
1.431441754102706909e-01,-1.310647744685411453e-02,-5.200131237506866455e-02
1.431441754102706909e-01,-1.310647744685411453e-02,-5.200131237506866455e-02
1.430871188640594482e-01,-1.334088202565908432e-02,-5.154701322317123413e-02
1.430871188640594482e-01,-1.334088202565908432e-02,-5.154701322317123413e-02
1.430297940969467163e-01,-1.357502490282058716e-02,-5.109314247965812683e-02
1.430297940969467163e-01,-1.357502490282058716e-02,-5.109314247965812683e-02
1.429721862077713013e-01,-1.380890235304832458e-02,-5.063970759510993958e-02
1.429721862077713013e-01,-1.380890235304832458e-02,-5.063970759510993958e-02
1.429143249988555908e-01,-1.404251623898744583e-02,-5.018669739365577698e-02
1.429143249988555908e-01,-1.404251623898744583e-02,-5.018669739365577698e-02
1.428561955690383911e-01,-1.427586376667022705e-02,-4.973411187529563904e-02
1.428561955690383911e-01,-1.427586376667022705e-02,-4.973411187529563904e-02
1.427977979183197021e-01,-1.450894027948379517e-02,-4.928196594119071960e-02
1.427977979183197021e-01,-1.450894027948379517e-02,-4.928196594119071960e-02
1.427391469478607178e-01,-1.474174577742815018e-02,-4.883024841547012329e-02
1.427391469478607178e-01,-1.474174577742815018e-02,-4.883024841547012329e-02
1.426801979541778564e-01,-1.497428119182586670e-02,-4.837893694639205933e-02
1.426801979541778564e-01,-1.497428119182586670e-02,-4.837893694639205933e-02
1.426210105419158936e-01,-1.520653907209634781e-02,-4.792807251214981079e-02
1.426210105419158936e-01,-1.520653907209634781e-02,-4.792807251214981079e-02
1.425615847110748291e-01,-1.543852221220731735e-02,-4.747762903571128845e-02
1.425615847110748291e-01,-1.543852221220731735e-02,-4.747762903571128845e-02
1.425018459558486938e-01,-1.567022874951362610e-02,-4.702759906649589539e-02
1.425018459558486938e-01,-1.567022874951362610e-02,-4.702759906649589539e-02
1.424418687820434570e-01,-1.590165682137012482e-02,-4.657799750566482544e-02
1.424418687820434570e-01,-1.590165682137012482e-02,-4.657799750566482544e-02
1.423816680908203125e-01,-1.613280177116394043e-02,-4.612882435321807861e-02
1.423816680908203125e-01,-1.613280177116394043e-02,-4.612882435321807861e-02
1.423211693763732910e-01,-1.636366359889507294e-02,-4.568004980683326721e-02
1.423211693763732910e-01,-1.636366359889507294e-02,-4.568004980683326721e-02
1.422604322433471680e-01,-1.659424230456352234e-02,-4.523171111941337585e-02
1.422604322433471680e-01,-1.659424230456352234e-02,-4.523171111941337585e-02
1.421994268894195557e-01,-1.682453230023384094e-02,-4.478379338979721069e-02
1.421994268894195557e-01,-1.682453230023384094e-02,-4.478379338979721069e-02
1.421382129192352295e-01,-1.705453731119632721e-02,-4.433628544211387634e-02
1.421382129192352295e-01,-1.705453731119632721e-02,-4.433628544211387634e-02
1.420767307281494141e-01,-1.728424802422523499e-02,-4.388919845223426819e-02
1.420767307281494141e-01,-1.728424802422523499e-02,-4.388919845223426819e-02
1.420149803161621094e-01,-1.751367002725601196e-02,-4.344253242015838623e-02
1.420149803161621094e-01,-1.751367002725601196e-02,-4.344253242015838623e-02
1.419530063867568970e-01,-1.774279773235321045e-02,-4.299627244472503662e-02
1.419530063867568970e-01,-1.774279773235321045e-02,-4.299627244472503662e-02
1.418907791376113892e-01,-1.797162927687168121e-02,-4.255042225122451782e-02
1.418907791376113892e-01,-1.797162927687168121e-02,-4.255042225122451782e-02
1.418282985687255859e-01,-1.820016652345657349e-02,-4.210500046610832214e-02
1.418282985687255859e-01,-1.820016652345657349e-02,-4.210500046610832214e-02
1.417655795812606812e-01,-1.842840202152729034e-02,-4.165997356176376343e-02
1.417655795812606812e-01,-1.842840202152729034e-02,-4.165997356176376343e-02
1.417026221752166748e-01,-1.865633763372898102e-02,-4.121536388993263245e-02
1.417026221752166748e-01,-1.865633763372898102e-02,-4.121536388993263245e-02
1.416394263505935669e-01,-1.888397336006164551e-02,-4.077117145061492920e-02
1.416394263505935669e-01,-1.888397336006164551e-02,-4.077117145061492920e-02
1.415759921073913574e-01,-1.911130361258983612e-02,-4.032737389206886292e-02
1.415759921073913574e-01,-1.911130361258983612e-02,-4.032737389206886292e-02
1.415123194456100464e-01,-1.933832652866840363e-02,-3.988399729132652283e-02
1.415123194456100464e-01,-1.933832652866840363e-02,-3.988399729132652283e-02
1.414484083652496338e-01,-1.956504210829734802e-02,-3.944101929664611816e-02
1.414484083652496338e-01,-1.956504210829734802e-02,-3.944101929664611816e-02
1.413842588663101196e-01,-1.979145035147666931e-02,-3.899845108389854431e-02
1.413842588663101196e-01,-1.979145035147666931e-02,-3.899845108389854431e-02
1.413198858499526978e-01,-2.001754380762577057e-02,-3.855628520250320435e-02
1.413198858499526978e-01,-2.001754380762577057e-02,-3.855628520250320435e-02
1.412552744150161743e-01,-2.024333178997039795e-02,-3.811452537775039673e-02
1.412552744150161743e-01,-2.024333178997039795e-02,-3.811452537775039673e-02
1.411904543638229370e-01,-2.046879939734935760e-02,-3.767316788434982300e-02
1.411904543638229370e-01,-2.046879939734935760e-02,-3.767316788434982300e-02
1.411253809928894043e-01,-2.069395221769809723e-02,-3.723221272230148315e-02
1.411253809928894043e-01,-2.069395221769809723e-02,-3.723221272230148315e-02
1.410600692033767700e-01,-2.091878466308116913e-02,-3.679165616631507874e-02
1.410600692033767700e-01,-2.091878466308116913e-02,-3.679165616631507874e-02
1.409945487976074219e-01,-2.114330232143402100e-02,-3.635150566697120667e-02
1.409945487976074219e-01,-2.114330232143402100e-02,-3.635150566697120667e-02
1.409288197755813599e-01,-2.136749401688575745e-02,-3.591175004839897156e-02
1.409288197755813599e-01,-2.136749401688575745e-02,-3.591175004839897156e-02
1.408628374338150024e-01,-2.159136347472667694e-02,-3.547239676117897034e-02
1.408628374338150024e-01,-2.159136347472667694e-02,-3.547239676117897034e-02
1.407966464757919312e-01,-2.181490883231163025e-02,-3.503343462944030762e-02
1.407966464757919312e-01,-2.181490883231163025e-02,-3.503343462944030762e-02
1.407302320003509521e-01,-2.203812822699546814e-02,-3.459487855434417725e-02
1.407302320003509521e-01,-2.203812822699546814e-02,-3.459487855434417725e-02
1.406636089086532593e-01,-2.226101793348789215e-02,-3.415671363472938538e-02
1.406636089086532593e-01,-2.226101793348789215e-02,-3.415671363472938538e-02
1.405967622995376587e-01,-2.248357608914375305e-02,-3.371893614530563354e-02
1.405967622995376587e-01,-2.248357608914375305e-02,-3.371893614530563354e-02
1.405296921730041504e-01,-2.270580455660820007e-02,-3.328155726194381714e-02
1.405296921730041504e-01,-2.270580455660820007e-02,-3.328155726194381714e-02
1.404624283313751221e-01,-2.292769961059093475e-02,-3.284457325935363770e-02
1.404624283313751221e-01,-2.292769961059093475e-02,-3.284457325935363770e-02
1.403949260711669922e-01,-2.314925938844680786e-02,-3.240797296166419983e-02
1.403949260711669922e-01,-2.314925938844680786e-02,-3.240797296166419983e-02
1.403272300958633423e-01,-2.337047643959522247e-02,-3.197177127003669739e-02
1.403272300958633423e-01,-2.337047643959522247e-02,-3.197177127003669739e-02
1.402593106031417847e-01,-2.359135821461677551e-02,-3.153596073389053345e-02
1.402593106031417847e-01,-2.359135821461677551e-02,-3.153596073389053345e-02
1.401911824941635132e-01,-2.381189912557601929e-02,-3.110053017735481262e-02
1.401911824941635132e-01,-2.381189912557601929e-02,-3.110053017735481262e-02
1.401228457689285278e-01,-2.403209917247295380e-02,-3.066549450159072876e-02
1.401228457689285278e-01,-2.403209917247295380e-02,-3.066549450159072876e-02
1.400543153285980225e-01,-2.425195276737213135e-02,-3.023084439337253571e-02
1.400543153285980225e-01,-2.425195276737213135e-02,-3.023084439337253571e-02
1.399855762720108032e-01,-2.447146549820899963e-02,-2.979657799005508423e-02
1.399855762720108032e-01,-2.447146549820899963e-02,-2.979657799005508423e-02
1.399166136980056763e-01,-2.469062246382236481e-02,-2.936269342899322510e-02
1.399166136980056763e-01,-2.469062246382236481e-02,-2.936269342899322510e-02
1.398474723100662231e-01,-2.490943484008312225e-02,-2.892919071018695831e-02
1.398474723100662231e-01,-2.490943484008312225e-02,-2.892919071018695831e-02
1.397781372070312500e-01,-2.512789517641067505e-02,-2.849607728421688080e-02
1.397781372070312500e-01,-2.512789517641067505e-02,-2.849607728421688080e-02
1.397085636854171753e-01,-2.534599974751472473e-02,-2.806334756314754486e-02
1.397085636854171753e-01,-2.534599974751472473e-02,-2.806334756314754486e-02
1.396388113498687744e-01,-2.556375041604042053e-02,-2.763099409639835358e-02
1.396388113498687744e-01,-2.556375041604042053e-02,-2.763099409639835358e-02
1.395688802003860474e-01,-2.578114718198776245e-02,-2.719901874661445618e-02
1.395688802003860474e-01,-2.578114718198776245e-02,-2.719901874661445618e-02
1.394987404346466064e-01,-2.599818073213100433e-02,-2.676742896437644958e-02
1.394987404346466064e-01,-2.599818073213100433e-02,-2.676742896437644958e-02
1.394283920526504517e-01,-2.621486410498619080e-02,-2.633621171116828918e-02
1.394283920526504517e-01,-2.621486410498619080e-02,-2.633621171116828918e-02
1.393578797578811646e-01,-2.643117494881153107e-02,-2.590537257492542267e-02
1.393578797578811646e-01,-2.643117494881153107e-02,-2.590537257492542267e-02
1.392871588468551636e-01,-2.664712443947792053e-02,-2.547491341829299927e-02
1.392871588468551636e-01,-2.664712443947792053e-02,-2.547491341829299927e-02
1.392162442207336426e-01,-2.686271443963050842e-02,-2.504482120275497437e-02
1.392162442207336426e-01,-2.686271443963050842e-02,-2.504482120275497437e-02
1.391451507806777954e-01,-2.707793377339839935e-02,-2.461511455476284027e-02
1.391451507806777954e-01,-2.707793377339839935e-02,-2.461511455476284027e-02
1.390738636255264282e-01,-2.729278057813644409e-02,-2.418577112257480621e-02
1.390738636255264282e-01,-2.729278057813644409e-02,-2.418577112257480621e-02
1.390024125576019287e-01,-2.750726230442523956e-02,-2.375680580735206604e-02
1.390024125576019287e-01,-2.750726230442523956e-02,-2.375680580735206604e-02
1.389307528734207153e-01,-2.772136777639389038e-02,-2.332820929586887360e-02
1.389307528734207153e-01,-2.772136777639389038e-02,-2.332820929586887360e-02
1.388589143753051758e-01,-2.793510630726814270e-02,-2.289998717606067657e-02
1.388589143753051758e-01,-2.793510630726814270e-02,-2.289998717606067657e-02
1.387868970632553101e-01,-2.814846113324165344e-02,-2.247212640941143036e-02
1.387868970632553101e-01,-2.814846113324165344e-02,-2.247212640941143036e-02
1.387147158384323120e-01,-2.836144529283046722e-02,-2.204464375972747803e-02
1.387147158384323120e-01,-2.836144529283046722e-02,-2.204464375972747803e-02
1.386423408985137939e-01,-2.857404202222824097e-02,-2.161752246320247650e-02
1.386423408985137939e-01,-2.857404202222824097e-02,-2.161752246320247650e-02
1.385697722434997559e-01,-2.878626249730587006e-02,-2.119076810777187347e-02
1.385697722434997559e-01,-2.878626249730587006e-02,-2.119076810777187347e-02
1.384970396757125854e-01,-2.899809926748275757e-02,-2.076437696814537048e-02
1.384970396757125854e-01,-2.899809926748275757e-02,-2.076437696814537048e-02
1.384241431951522827e-01,-2.920955047011375427e-02,-2.033835649490356445e-02
1.384241431951522827e-01,-2.920955047011375427e-02,-2.033835649490356445e-02
1.383510679006576538e-01,-2.942061424255371094e-02,-1.991269364953041077e-02
1.383510679006576538e-01,-2.942061424255371094e-02,-1.991269364953041077e-02
1.382777988910675049e-01,-2.963129431009292603e-02,-1.948739401996135712e-02
1.382777988910675049e-01,-2.963129431009292603e-02,-1.948739401996135712e-02
1.382043808698654175e-01,-2.984158508479595184e-02,-1.906245388090610504e-02
1.382043808698654175e-01,-2.984158508479595184e-02,-1.906245388090610504e-02
1.381308138370513916e-01,-3.005148284137248993e-02,-1.863788254559040070e-02
1.381308138370513916e-01,-3.005148284137248993e-02,-1.863788254559040070e-02
1.380570530891418457e-01,-3.026098199188709259e-02,-1.821366697549819946e-02
1.380570530891418457e-01,-3.026098199188709259e-02,-1.821366697549819946e-02
1.379831284284591675e-01,-3.047009184956550598e-02,-1.778980344533920288e-02
1.379831284284591675e-01,-3.047009184956550598e-02,-1.778980344533920288e-02
1.379090547561645508e-01,-3.067880496382713318e-02,-1.736630871891975403e-02
1.379090547561645508e-01,-3.067880496382713318e-02,-1.736630871891975403e-02
1.378347873687744141e-01,-3.088711574673652649e-02,-1.694316416978836060e-02
1.378347873687744141e-01,-3.088711574673652649e-02,-1.694316416978836060e-02
1.377604007720947266e-01,-3.109502792358398438e-02,-1.652037538588047028e-02
1.377604007720947266e-01,-3.109502792358398438e-02,-1.652037538588047028e-02
1.376858055591583252e-01,-3.130253776907920837e-02,-1.609794236719608307e-02
1.376858055591583252e-01,-3.130253776907920837e-02,-1.609794236719608307e-02
1.376110911369323730e-01,-3.150964528322219849e-02,-1.567586697638034821e-02
1.376110911369323730e-01,-3.150964528322219849e-02,-1.567586697638034821e-02
1.375361979007720947e-01,-3.171634301543235779e-02,-1.525414083153009415e-02
1.375361979007720947e-01,-3.171634301543235779e-02,-1.525414083153009415e-02
1.374611705541610718e-01,-3.192264214158058167e-02,-1.483276486396789551e-02
1.374611705541610718e-01,-3.192264214158058167e-02,-1.483276486396789551e-02
1.373859643936157227e-01,-3.212852403521537781e-02,-1.441174279898405075e-02
1.373859643936157227e-01,-3.212852403521537781e-02,-1.441174279898405075e-02
1.373106241226196289e-01,-3.233399614691734314e-02,-1.399107463657855988e-02
1.373106241226196289e-01,-3.233399614691734314e-02,-1.399107463657855988e-02
1.372351050376892090e-01,-3.253905475139617920e-02,-1.357075106352567673e-02
1.372351050376892090e-01,-3.253905475139617920e-02,-1.357075106352567673e-02
1.371594518423080444e-01,-3.274370357394218445e-02,-1.315077394247055054e-02
1.371594518423080444e-01,-3.274370357394218445e-02,-1.315077394247055054e-02
1.370836496353149414e-01,-3.294793143868446350e-02,-1.273114699870347977e-02
1.370836496353149414e-01,-3.294793143868446350e-02,-1.273114699870347977e-02
1.370076984167098999e-01,-3.315174579620361328e-02,-1.231186650693416595e-02
1.370076984167098999e-01,-3.315174579620361328e-02,-1.231186650693416595e-02
1.369315981864929199e-01,-3.335514292120933533e-02,-1.189293246716260910e-02
1.369315981864929199e-01,-3.335514292120933533e-02,-1.189293246716260910e-02
1.368553489446640015e-01,-3.355811163783073425e-02,-1.147433556616306305e-02
1.368553489446640015e-01,-3.355811163783073425e-02,-1.147433556616306305e-02
1.367789655923843384e-01,-3.376065939664840698e-02,-1.105608884245157242e-02
1.367789655923843384e-01,-3.376065939664840698e-02,-1.105608884245157242e-02
1.367024481296539307e-01,-3.396278619766235352e-02,-1.063818298280239105e-02
1.367024481296539307e-01,-3.396278619766235352e-02,-1.063818298280239105e-02
1.366257667541503906e-01,-3.416448831558227539e-02,-1.022061519324779510e-02
1.366257667541503906e-01,-3.416448831558227539e-02,-1.022061519324779510e-02
1.365489512681961060e-01,-3.436575457453727722e-02,-9.803391061723232269e-03
1.365489512681961060e-01,-3.436575457453727722e-02,-9.803391061723232269e-03
1.364720165729522705e-01,-3.456659242510795593e-02,-9.386506862938404083e-03
1.364720165729522705e-01,-3.456659242510795593e-02,-9.386506862938404083e-03
1.363949328660964966e-01,-3.476699814200401306e-02,-8.969959802925586700e-03
1.363949328660964966e-01,-3.476699814200401306e-02,-8.969959802925586700e-03
1.363177001476287842e-01,-3.496697545051574707e-02,-8.553744293749332428e-03
1.363177001476287842e-01,-3.496697545051574707e-02,-8.553744293749332428e-03
1.362403482198715210e-01,-3.516650944948196411e-02,-8.137878030538558960e-03
1.362403482198715210e-01,-3.516650944948196411e-02,-8.137878030538558960e-03
1.361628621816635132e-01,-3.536561131477355957e-02,-7.722335867583751678e-03
1.361628621816635132e-01,-3.536561131477355957e-02,-7.722335867583751678e-03
1.360852569341659546e-01,-3.556426987051963806e-02,-7.307137828320264816e-03
1.360852569341659546e-01,-3.556426987051963806e-02,-7.307137828320264816e-03
1.360075026750564575e-01,-3.576249629259109497e-02,-6.892267148941755295e-03
1.360075026750564575e-01,-3.576249629259109497e-02,-6.892267148941755295e-03
1.359296292066574097e-01,-3.596027567982673645e-02,-6.477731745690107346e-03
1.359296292066574097e-01,-3.596027567982673645e-02,-6.477731745690107346e-03
1.358516216278076172e-01,-3.615761175751686096e-02,-6.063520442694425583e-03
1.358516216278076172e-01,-3.615761175751686096e-02,-6.063520442694425583e-03
1.357735097408294678e-01,-3.635449707508087158e-02,-5.649654194712638855e-03
1.357735097408294678e-01,-3.635449707508087158e-02,-5.649654194712638855e-03
1.356952488422393799e-01,-3.655094280838966370e-02,-5.236105527728796005e-03
1.356952488422393799e-01,-3.655094280838966370e-02,-5.236105527728796005e-03
1.356168687343597412e-01,-3.674693405628204346e-02,-4.822890274226665497e-03
1.356168687343597412e-01,-3.674693405628204346e-02,-4.822890274226665497e-03
1.355383545160293579e-01,-3.694247454404830933e-02,-4.410000052303075790e-03
1.355383545160293579e-01,-3.694247454404830933e-02,-4.410000052303075790e-03
1.354597508907318115e-01,-3.713756427168846130e-02,-3.997443243861198425e-03
1.354597508907318115e-01,-3.713756427168846130e-02,-3.997443243861198425e-03
1.353810280561447144e-01,-3.733219578862190247e-02,-3.585210535675287247e-03
1.353810280561447144e-01,-3.733219578862190247e-02,-3.585210535675287247e-03
1.353021711111068726e-01,-3.752637282013893127e-02,-3.173300065100193024e-03
1.353021711111068726e-01,-3.752637282013893127e-02,-3.173300065100193024e-03
1.352231949567794800e-01,-3.772009164094924927e-02,-2.761713461950421333e-03
1.352231949567794800e-01,-3.772009164094924927e-02,-2.761713461950421333e-03
1.351441144943237305e-01,-3.791335225105285645e-02,-2.350451890379190445e-03
1.351441144943237305e-01,-3.791335225105285645e-02,-2.350451890379190445e-03
1.350649148225784302e-01,-3.810614719986915588e-02,-1.939512090757489204e-03
1.350649148225784302e-01,-3.810614719986915588e-02,-1.939512090757489204e-03
1.349856108427047729e-01,-3.829848393797874451e-02,-1.528892549686133862e-03
1.349856108427047729e-01,-3.829848393797874451e-02,-1.528892549686133862e-03
1.349061876535415649e-01,-3.849035128951072693e-02,-1.118591171689331532e-03
1.349061876535415649e-01,-3.849035128951072693e-02,-1.118591171689331532e-03
1.348266750574111938e-01,-3.868175670504570007e-02,-7.086112746037542820e-04
1.348266750574111938e-01,-3.868175670504570007e-02,-7.086112746037542820e-04
1.347470283508300781e-01,-3.887268900871276855e-02,-2.989500353578478098e-04
1.347470283508300781e-01,-3.887268900871276855e-02,-2.989500353578478098e-04
1.346672922372817993e-01,-3.906315192580223083e-02,1.103986287489533424e-04
1.346672922372817993e-01,-3.906315192580223083e-02,1.103986287489533424e-04
1.345874518156051636e-01,-3.925314545631408691e-02,5.194244440644979477e-04
1.345874518156051636e-01,-3.925314545631408691e-02,5.194244440644979477e-04
1.345074921846389771e-01,-3.944265842437744141e-02,9.281413513235747814e-04
1.345074921846389771e-01,-3.944265842437744141e-02,9.281413513235747814e-04
1.344274580478668213e-01,-3.963170200586318970e-02,1.336536370217800140e-03
1.344274580478668213e-01,-3.963170200586318970e-02,1.336536370217800140e-03
1.343473047018051147e-01,-3.982026875019073486e-02,1.744624692946672440e-03
1.343473047018051147e-01,-3.982026875019073486e-02,1.744624692946672440e-03
1.342670470476150513e-01,-4.000835120677947998e-02,2.152392407879233360e-03
1.342670470476150513e-01,-4.000835120677947998e-02,2.152392407879233360e-03
1.341866999864578247e-01,-4.019595310091972351e-02,2.559858374297618866e-03
1.341866999864578247e-01,-4.019595310091972351e-02,2.559858374297618866e-03
1.341062635183334351e-01,-4.038307815790176392e-02,2.967011183500289917e-03
1.341062635183334351e-01,-4.038307815790176392e-02,2.967011183500289917e-03
1.340257227420806885e-01,-4.056971520185470581e-02,3.373851068317890167e-03
1.340257227420806885e-01,-4.056971520185470581e-02,3.373851068317890167e-03
1.339450925588607788e-01,-4.075586795806884766e-02,3.780382918193936348e-03
1.339450925588607788e-01,-4.075586795806884766e-02,3.780382918193936348e-03
1.338643729686737061e-01,-4.094152897596359253e-02,4.186608828604221344e-03
1.338643729686737061e-01,-4.094152897596359253e-02,4.186608828604221344e-03
1.337835490703582764e-01,-4.112670570611953735e-02,4.592531360685825348e-03
1.337835490703582764e-01,-4.112670570611953735e-02,4.592531360685825348e-03
1.337026506662368774e-01,-4.131137952208518982e-02,4.998140968382358551e-03
1.337026506662368774e-01,-4.131137952208518982e-02,4.998140968382358551e-03
1.336216479539871216e-01,-4.149557277560234070e-02,5.403452087193727493e-03
1.336216479539871216e-01,-4.149557277560234070e-02,5.403452087193727493e-03
1.335405707359313965e-01,-4.167926684021949768e-02,5.808454472571611404e-03
1.335405707359313965e-01,-4.167926684021949768e-02,5.808454472571611404e-03
1.334594190120697021e-01,-4.186246916651725769e-02,6.213155575096607208e-03
1.334594190120697021e-01,-4.186246916651725769e-02,6.213155575096607208e-03
1.333781629800796509e-01,-4.204516485333442688e-02,6.617558654397726059e-03
1.333781629800796509e-01,-4.204516485333442688e-02,6.617558654397726059e-03
1.332968473434448242e-01,-4.222736507654190063e-02,7.021654862910509109e-03
1.332968473434448242e-01,-4.222736507654190063e-02,7.021654862910509109e-03
1.332154273986816406e-01,-4.240905493497848511e-02,7.425456307828426361e-03
1.332154273986816406e-01,-4.240905493497848511e-02,7.425456307828426361e-03
1.331339478492736816e-01,-4.259025678038597107e-02,7.828954607248306274e-03
1.331339478492736816e-01,-4.259025678038597107e-02,7.828954607248306274e-03
1.330523788928985596e-01,-4.277094081044197083e-02,8.232159540057182312e-03
1.330523788928985596e-01,-4.277094081044197083e-02,8.232159540057182312e-03
1.329707354307174683e-01,-4.295112192630767822e-02,8.635063655674457550e-03
1.329707354307174683e-01,-4.295112192630767822e-02,8.635063655674457550e-03
1.328890025615692139e-01,-4.313079267740249634e-02,9.037675336003303528e-03
1.328890025615692139e-01,-4.313079267740249634e-02,9.037675336003303528e-03
1.328072100877761841e-01,-4.330995678901672363e-02,9.439988993108272552e-03
1.328072100877761841e-01,-4.330995678901672363e-02,9.439988993108272552e-03
1.327253431081771851e-01,-4.348860681056976318e-02,9.842011146247386932e-03
1.327253431081771851e-01,-4.348860681056976318e-02,9.842011146247386932e-03
1.326434165239334106e-01,-4.366673901677131653e-02,1.024373620748519897e-02
1.326434165239334106e-01,-4.366673901677131653e-02,1.024373620748519897e-02
1.325614154338836670e-01,-4.384435713291168213e-02,1.064517255872488022e-02
1.325614154338836670e-01,-4.384435713291168213e-02,1.064517255872488022e-02
1.324793249368667603e-01,-4.402146488428115845e-02,1.104631554335355759e-02
1.324793249368667603e-01,-4.402146488428115845e-02,1.104631554335355759e-02
1.323971897363662720e-01,-4.419804736971855164e-02,1.144717168062925339e-02
1.323971897363662720e-01,-4.419804736971855164e-02,1.144717168062925339e-02
1.323149800300598145e-01,-4.437410831451416016e-02,1.184773724526166916e-02
1.323149800300598145e-01,-4.437410831451416016e-02,1.184773724526166916e-02
1.322326958179473877e-01,-4.454963654279708862e-02,1.224800851196050644e-02
1.322326958179473877e-01,-4.454963654279708862e-02,1.224800851196050644e-02
1.321503818035125732e-01,-4.472464695572853088e-02,1.264800038188695908e-02
1.321503818035125732e-01,-4.472464695572853088e-02,1.264800038188695908e-02
1.320679783821105957e-01,-4.489913582801818848e-02,1.304770167917013168e-02
1.320679783821105957e-01,-4.489913582801818848e-02,1.304770167917013168e-02
1.319855153560638428e-01,-4.507309943437576294e-02,1.344711612910032272e-02
1.319855153560638428e-01,-4.507309943437576294e-02,1.344711612910032272e-02
1.319029927253723145e-01,-4.524652659893035889e-02,1.384625211358070374e-02
1.319029927253723145e-01,-4.524652659893035889e-02,1.384625211358070374e-02
1.318204253911972046e-01,-4.541942477226257324e-02,1.424509938806295395e-02
1.318204253911972046e-01,-4.541942477226257324e-02,1.424509938806295395e-02
1.317377984523773193e-01,-4.559178650379180908e-02,1.464366726577281952e-02
1.317377984523773193e-01,-4.559178650379180908e-02,1.464366726577281952e-02
1.316551119089126587e-01,-4.576361551880836487e-02,1.504195109009742737e-02
1.316551119089126587e-01,-4.576361551880836487e-02,1.504195109009742737e-02
1.315723955631256104e-01,-4.593490436673164368e-02,1.543995365500450134e-02
1.315723955631256104e-01,-4.593490436673164368e-02,1.543995365500450134e-02
1.314895898103713989e-01,-4.610566049814224243e-02,1.583767868578433990e-02
1.314895898103713989e-01,-4.610566049814224243e-02,1.583767868578433990e-02
1.314067542552947998e-01,-4.627587273716926575e-02,1.623512804508209229e-02
1.314067542552947998e-01,-4.627587273716926575e-02,1.623512804508209229e-02
1.313238739967346191e-01,-4.644553735852241516e-02,1.663229614496231079e-02
1.313238739967346191e-01,-4.644553735852241516e-02,1.663229614496231079e-02
1.312409192323684692e-01,-4.661466181278228760e-02,1.702918671071529388e-02
1.312409192323684692e-01,-4.661466181278228760e-02,1.702918671071529388e-02
1.311579495668411255e-01,-4.678324982523918152e-02,1.742580160498619080e-02
1.311579495668411255e-01,-4.678324982523918152e-02,1.742580160498619080e-02
1.310749351978302002e-01,-4.695127904415130615e-02,1.782214455306529999e-02
1.310749351978302002e-01,-4.695127904415130615e-02,1.782214455306529999e-02
1.309918612241744995e-01,-4.711876064538955688e-02,1.821820996701717377e-02
1.309918612241744995e-01,-4.711876064538955688e-02,1.821820996701717377e-02
1.309087574481964111e-01,-4.728569462895393372e-02,1.861400529742240906e-02
1.309087574481964111e-01,-4.728569462895393372e-02,1.861400529742240906e-02
1.308256089687347412e-01,-4.745207354426383972e-02,1.900952681899070740e-02
1.308256089687347412e-01,-4.745207354426383972e-02,1.900952681899070740e-02
1.307424157857894897e-01,-4.761789739131927490e-02,1.940477825701236725e-02
1.307424157857894897e-01,-4.761789739131927490e-02,1.940477825701236725e-02
1.306591778993606567e-01,-4.778317362070083618e-02,1.979976519942283630e-02
1.306591778993606567e-01,-4.778317362070083618e-02,1.979976519942283630e-02
1.305759251117706299e-01,-4.794788733124732971e-02,2.019447460770606995e-02
1.305759251117706299e-01,-4.794788733124732971e-02,2.019447460770606995e-02
1.304926276206970215e-01,-4.811203479766845703e-02,2.058891765773296356e-02
1.304926276206970215e-01,-4.811203479766845703e-02,2.058891765773296356e-02
1.304092854261398315e-01,-4.827561974525451660e-02,2.098309434950351715e-02
1.304092854261398315e-01,-4.827561974525451660e-02,2.098309434950351715e-02
1.303259283304214478e-01,-4.843864962458610535e-02,2.137700840830802917e-02
1.303259283304214478e-01,-4.843864962458610535e-02,2.137700840830802917e-02
1.302425414323806763e-01,-4.860111325979232788e-02,2.177065238356590271e-02
1.302425414323806763e-01,-4.860111325979232788e-02,2.177065238356590271e-02
1.301590949296951294e-01,-4.876300692558288574e-02,2.216403186321258545e-02
1.301590949296951294e-01,-4.876300692558288574e-02,2.216403186321258545e-02
1.300756633281707764e-01,-4.892433807253837585e-02,2.255715243518352509e-02
1.300756633281707764e-01,-4.892433807253837585e-02,2.255715243518352509e-02
1.299921721220016479e-01,-4.908509179949760437e-02,2.295001223683357239e-02
1.299921721220016479e-01,-4.908509179949760437e-02,2.295001223683357239e-02
1.299086660146713257e-01,-4.924527555704116821e-02,2.334260754287242889e-02
1.299086660146713257e-01,-4.924527555704116821e-02,2.334260754287242889e-02
1.298251450061798096e-01,-4.940488934516906738e-02,2.373494394123554230e-02
1.298251450061798096e-01,-4.940488934516906738e-02,2.373494394123554230e-02
1.297415941953659058e-01,-4.956392571330070496e-02,2.412701956927776337e-02
1.297415941953659058e-01,-4.956392571330070496e-02,2.412701956927776337e-02
1.296580284833908081e-01,-4.972238466143608093e-02,2.451883442699909210e-02
1.296580284833908081e-01,-4.972238466143608093e-02,2.451883442699909210e-02
1.295744329690933228e-01,-4.988026246428489685e-02,2.491039410233497620e-02
1.295744329690933228e-01,-4.988026246428489685e-02,2.491039410233497620e-02
1.294908225536346436e-01,-5.003756284713745117e-02,2.530169300734996796e-02
1.294908225536346436e-01,-5.003756284713745117e-02,2.530169300734996796e-02
1.294071972370147705e-01,-5.019428208470344543e-02,2.569274418056011200e-02
1.294071972370147705e-01,-5.019428208470344543e-02,2.569274418056011200e-02
1.293235719203948975e-01,-5.035041272640228271e-02,2.608353830873966217e-02
1.293235719203948975e-01,-5.035041272640228271e-02,2.608353830873966217e-02
1.292399019002914429e-01,-5.050595849752426147e-02,2.647407911717891693e-02
1.292399019002914429e-01,-5.050595849752426147e-02,2.647407911717891693e-02
1.291562467813491821e-01,-5.066091194748878479e-02,2.686436660587787628e-02
1.291562467813491821e-01,-5.066091194748878479e-02,2.686436660587787628e-02
1.290725767612457275e-01,-5.081528425216674805e-02,2.725440077483654022e-02
1.290725767612457275e-01,-5.081528425216674805e-02,2.725440077483654022e-02
1.289888769388198853e-01,-5.096906051039695740e-02,2.764418348670005798e-02
1.289888769388198853e-01,-5.096906051039695740e-02,2.764418348670005798e-02
1.289051920175552368e-01,-5.112225189805030823e-02,2.803372219204902649e-02
1.289051920175552368e-01,-5.112225189805030823e-02,2.803372219204902649e-02
1.288214772939682007e-01,-5.127483606338500977e-02,2.842300757765769958e-02
1.288214772939682007e-01,-5.127483606338500977e-02,2.842300757765769958e-02
1.287377625703811646e-01,-5.142682790756225586e-02,2.881204523146152496e-02
1.287377625703811646e-01,-5.142682790756225586e-02,2.881204523146152496e-02
1.286540776491165161e-01,-5.157822370529174805e-02,2.920083329081535339e-02
1.286540776491165161e-01,-5.157822370529174805e-02,2.920083329081535339e-02
1.285703480243682861e-01,-5.172901973128318787e-02,2.958938293159008026e-02
1.285703480243682861e-01,-5.172901973128318787e-02,2.958938293159008026e-02
1.284866183996200562e-01,-5.187921226024627686e-02,2.997768111526966095e-02
1.284866183996200562e-01,-5.187921226024627686e-02,2.997768111526966095e-02
1.284028887748718262e-01,-5.202880129218101501e-02,3.036573901772499084e-02
1.284028887748718262e-01,-5.202880129218101501e-02,3.036573901772499084e-02
1.283192038536071777e-01,-5.217779055237770081e-02,3.075355105102062225e-02
1.283192038536071777e-01,-5.217779055237770081e-02,3.075355105102062225e-02
1.282354742288589478e-01,-5.232617631554603577e-02,3.114112839102745056e-02
1.282354742288589478e-01,-5.232617631554603577e-02,3.114112839102745056e-02
1.281517744064331055e-01,-5.247393622994422913e-02,3.152845427393913269e-02
1.281517744064331055e-01,-5.247393622994422913e-02,3.152845427393913269e-02
1.280680745840072632e-01,-5.262110009789466858e-02,3.191554546356201172e-02
1.280680745840072632e-01,-5.262110009789466858e-02,3.191554546356201172e-02
1.279843747615814209e-01,-5.276764556765556335e-02,3.230239823460578918e-02
1.279843747615814209e-01,-5.276764556765556335e-02,3.230239823460578918e-02
1.279006749391555786e-01,-5.291357263922691345e-02,3.268901258707046509e-02
1.279006749391555786e-01,-5.291357263922691345e-02,3.268901258707046509e-02
1.278170049190521240e-01,-5.305889621376991272e-02,3.307538852095603943e-02
1.278170049190521240e-01,-5.305889621376991272e-02,3.307538852095603943e-02
1.277333348989486694e-01,-5.320360139012336731e-02,3.346152976155281067e-02
1.277333348989486694e-01,-5.320360139012336731e-02,3.346152976155281067e-02
1.276496797800064087e-01,-5.334768071770668030e-02,3.384743258357048035e-02
1.276496797800064087e-01,-5.334768071770668030e-02,3.384743258357048035e-02
1.275660395622253418e-01,-5.349113419651985168e-02,3.423310816287994385e-02
1.275660395622253418e-01,-5.349113419651985168e-02,3.423310816287994385e-02
1.274824291467666626e-01,-5.363398045301437378e-02,3.461854159832000732e-02
1.274824291467666626e-01,-5.363398045301437378e-02,3.461854159832000732e-02
1.273988187313079834e-01,-5.377618595957756042e-02,3.500374406576156616e-02
1.273988187313079834e-01,-5.377618595957756042e-02,3.500374406576156616e-02
1.273152232170104980e-01,-5.391776934266090393e-02,3.538871929049491882e-02
1.273152232170104980e-01,-5.391776934266090393e-02,3.538871929049491882e-02
1.272316426038742065e-01,-5.405872315168380737e-02,3.577346354722976685e-02
1.272316426038742065e-01,-5.405872315168380737e-02,3.577346354722976685e-02
1.271481066942214966e-01,-5.419905483722686768e-02,3.615797683596611023e-02
1.271481066942214966e-01,-5.419905483722686768e-02,3.615797683596611023e-02
1.270645707845687866e-01,-5.433875694870948792e-02,3.654226288199424744e-02
1.270645707845687866e-01,-5.433875694870948792e-02,3.654226288199424744e-02
1.269810795783996582e-01,-5.447781458497047424e-02,3.692632168531417847e-02
1.269810795783996582e-01,-5.447781458497047424e-02,3.692632168531417847e-02
1.268975883722305298e-01,-5.461623892188072205e-02,3.731014952063560486e-02
1.268975883722305298e-01,-5.461623892188072205e-02,3.731014952063560486e-02
1.268141567707061768e-01,-5.475403741002082825e-02,3.769375383853912354e-02
1.268141567707061768e-01,-5.475403741002082825e-02,3.769375383853912354e-02
1.267307102680206299e-01,-5.489118769764900208e-02,3.807713836431503296e-02
1.267307102680206299e-01,-5.489118769764900208e-02,3.807713836431503296e-02
1.266473382711410522e-01,-5.502770468592643738e-02,3.846029192209243774e-02
1.266473382711410522e-01,-5.502770468592643738e-02,3.846029192209243774e-02
1.265639513731002808e-01,-5.516357719898223877e-02,3.884322941303253174e-02
1.265639513731002808e-01,-5.516357719898223877e-02,3.884322941303253174e-02
1.264806240797042847e-01,-5.529879778623580933e-02,3.922594338655471802e-02
1.264806240797042847e-01,-5.529879778623580933e-02,3.922594338655471802e-02
1.263973265886306763e-01,-5.543338134884834290e-02,3.960843384265899658e-02
1.263973265886306763e-01,-5.543338134884834290e-02,3.960843384265899658e-02
1.263140738010406494e-01,-5.556732043623924255e-02,3.999070450663566589e-02
1.263140738010406494e-01,-5.556732043623924255e-02,3.999070450663566589e-02
1.262308210134506226e-01,-5.570060387253761292e-02,4.037275910377502441e-02
1.262308210134506226e-01,-5.570060387253761292e-02,4.037275910377502441e-02
1.261476576328277588e-01,-5.583323910832405090e-02,4.075459390878677368e-02
1.261476576328277588e-01,-5.583323910832405090e-02,4.075459390878677368e-02
1.260645091533660889e-01,-5.596522241830825806e-02,4.113621264696121216e-02
1.260645091533660889e-01,-5.596522241830825806e-02,4.113621264696121216e-02
1.259813755750656128e-01,-5.609654635190963745e-02,4.151761531829833984e-02
1.259813755750656128e-01,-5.609654635190963745e-02,4.151761531829833984e-02
1.258983165025711060e-01,-5.622721463441848755e-02,4.189880192279815674e-02
1.258983165025711060e-01,-5.622721463441848755e-02,4.189880192279815674e-02
1.258152872323989868e-01,-5.635723471641540527e-02,4.227977618575096130e-02
1.258152872323989868e-01,-5.635723471641540527e-02,4.227977618575096130e-02
1.257323175668716431e-01,-5.648659169673919678e-02,4.266053065657615662e-02
1.257323175668716431e-01,-5.648659169673919678e-02,4.266053065657615662e-02
1.256493777036666870e-01,-5.661528185009956360e-02,4.304108396172523499e-02
1.256493777036666870e-01,-5.661528185009956360e-02,4.304108396172523499e-02
1.255664825439453125e-01,-5.674331262707710266e-02,4.342142120003700256e-02
1.255664825439453125e-01,-5.674331262707710266e-02,4.342142120003700256e-02
1.254836320877075195e-01,-5.687068030238151550e-02,4.380154982209205627e-02
1.254836320877075195e-01,-5.687068030238151550e-02,4.380154982209205627e-02
1.254008561372756958e-01,-5.699737370014190674e-02,4.418146982789039612e-02
1.254008561372756958e-01,-5.699737370014190674e-02,4.418146982789039612e-02
1.253181248903274536e-01,-5.712340772151947021e-02,4.456117376685142517e-02
1.253181248903274536e-01,-5.712340772151947021e-02,4.456117376685142517e-02
1.252354383468627930e-01,-5.724877119064331055e-02,4.494067654013633728e-02
1.252354383468627930e-01,-5.724877119064331055e-02,4.494067654013633728e-02
1.251528114080429077e-01,-5.737345665693283081e-02,4.531997442245483398e-02
1.251528114080429077e-01,-5.737345665693283081e-02,4.531997442245483398e-02
1.250702440738677979e-01,-5.749747902154922485e-02,4.569906368851661682e-02
1.250702440738677979e-01,-5.749747902154922485e-02,4.569906368851661682e-02
1.249877139925956726e-01,-5.762081965804100037e-02,4.607795551419258118e-02
1.249877139925956726e-01,-5.762081965804100037e-02,4.607795551419258118e-02
1.249052584171295166e-01,-5.774347484111785889e-02,4.645663499832153320e-02
1.249052584171295166e-01,-5.774347484111785889e-02,4.645663499832153320e-02
1.248228624463081360e-01,-5.786545574665069580e-02,4.683510959148406982e-02
1.248228624463081360e-01,-5.786545574665069580e-02,4.683510959148406982e-02
1.247405260801315308e-01,-5.798676237463951111e-02,4.721339419484138489e-02
1.247405260801315308e-01,-5.798676237463951111e-02,4.721339419484138489e-02
1.246582493185997009e-01,-5.810738727450370789e-02,4.759147018194198608e-02
1.246582493185997009e-01,-5.810738727450370789e-02,4.759147018194198608e-02
1.245760619640350342e-01,-5.822731927037239075e-02,4.796935245394706726e-02
1.245760619640350342e-01,-5.822731927037239075e-02,4.796935245394706726e-02
1.244938895106315613e-01,-5.834657326340675354e-02,4.834702610969543457e-02
1.244938895106315613e-01,-5.834657326340675354e-02,4.834702610969543457e-02
1.244118288159370422e-01,-5.846513807773590088e-02,4.872450977563858032e-02
1.244118288159370422e-01,-5.846513807773590088e-02,4.872450977563858032e-02
1.243298053741455078e-01,-5.858300998806953430e-02,4.910179600119590759e-02
1.243298053741455078e-01,-5.858300998806953430e-02,4.910179600119590759e-02
1.242478713393211365e-01,-5.870020017027854919e-02,4.947888851165771484e-02
1.242478713393211365e-01,-5.870020017027854919e-02,4.947888851165771484e-02
1.241660118103027344e-01,-5.881669372320175171e-02,4.985578358173370361e-02
1.241660118103027344e-01,-5.881669372320175171e-02,4.985578358173370361e-02
1.240842118859291077e-01,-5.893249064683914185e-02,5.023248493671417236e-02
1.240842118859291077e-01,-5.893249064683914185e-02,5.023248493671417236e-02
1.240025013685226440e-01,-5.904758721590042114e-02,5.060899257659912109e-02
1.240025013685226440e-01,-5.904758721590042114e-02,5.060899257659912109e-02
1.239208504557609558e-01,-5.916199088096618652e-02,5.098531767725944519e-02
1.239208504557609558e-01,-5.916199088096618652e-02,5.098531767725944519e-02
1.238392814993858337e-01,-5.927569419145584106e-02,5.136143788695335388e-02
1.238392814993858337e-01,-5.927569419145584106e-02,5.136143788695335388e-02
1.237577944993972778e-01,-5.938868969678878784e-02,5.173737183213233948e-02
1.237577944993972778e-01,-5.938868969678878784e-02,5.173737183213233948e-02
1.236763745546340942e-01,-5.950098857283592224e-02,5.211312323808670044e-02
1.236763745546340942e-01,-5.950098857283592224e-02,5.211312323808670044e-02
1.235950365662574768e-01,-5.961258709430694580e-02,5.248868465423583984e-02
1.235950365662574768e-01,-5.961258709430694580e-02,5.248868465423583984e-02
1.235137954354286194e-01,-5.972347408533096313e-02,5.286405235528945923e-02
1.235137954354286194e-01,-5.972347408533096313e-02,5.286405235528945923e-02
1.234326362609863281e-01,-5.983364582061767578e-02,5.323923751711845398e-02
1.234326362609863281e-01,-5.983364582061767578e-02,5.323923751711845398e-02
1.233515515923500061e-01,-5.994310975074768066e-02,5.361423641443252563e-02
1.233515515923500061e-01,-5.994310975074768066e-02,5.361423641443252563e-02
1.232705563306808472e-01,-6.005186587572097778e-02,5.398905649781227112e-02
1.232705563306808472e-01,-6.005186587572097778e-02,5.398905649781227112e-02
1.231896579265594482e-01,-6.015990674495697021e-02,5.436369404196739197e-02
1.231896579265594482e-01,-6.015990674495697021e-02,5.436369404196739197e-02
1.231088489294052124e-01,-6.026723235845565796e-02,5.473814159631729126e-02
1.231088489294052124e-01,-6.026723235845565796e-02,5.473814159631729126e-02
1.230281218886375427e-01,-6.037384271621704102e-02,5.511241033673286438e-02
1.230281218886375427e-01,-6.037384271621704102e-02,5.511241033673286438e-02
1.229474768042564392e-01,-6.047972664237022400e-02,5.548650771379470825e-02
1.229474768042564392e-01,-6.047972664237022400e-02,5.548650771379470825e-02
1.228669434785842896e-01,-6.058490276336669922e-02,5.586041882634162903e-02
1.228669434785842896e-01,-6.058490276336669922e-02,5.586041882634162903e-02
1.227864921092987061e-01,-6.068934500217437744e-02,5.623414739966392517e-02
1.227864921092987061e-01,-6.068934500217437744e-02,5.623414739966392517e-02
1.227061524987220764e-01,-6.079306825995445251e-02,5.660770460963249207e-02
1.227061524987220764e-01,-6.079306825995445251e-02,5.660770460963249207e-02
1.226258948445320129e-01,-6.089606136083602905e-02,5.698107928037643433e-02
1.226258948445320129e-01,-6.089606136083602905e-02,5.698107928037643433e-02
1.225457414984703064e-01,-6.099832803010940552e-02,5.735428258776664734e-02
1.225457414984703064e-01,-6.099832803010940552e-02,5.735428258776664734e-02
1.224656999111175537e-01,-6.109987199306488037e-02,5.772731080651283264e-02
1.224656999111175537e-01,-6.109987199306488037e-02,5.772731080651283264e-02
1.223857477307319641e-01,-6.120067834854125977e-02,5.810016766190528870e-02
1.223857477307319641e-01,-6.120067834854125977e-02,5.810016766190528870e-02
1.223058998584747314e-01,-6.130075082182884216e-02,5.847284942865371704e-02
1.223058998584747314e-01,-6.130075082182884216e-02,5.847284942865371704e-02
1.222261562943458557e-01,-6.140009313821792603e-02,5.884536355733871460e-02
1.222261562943458557e-01,-6.140009313821792603e-02,5.884536355733871460e-02
1.221465244889259338e-01,-6.149869039654731750e-02,5.921770259737968445e-02
1.221465244889259338e-01,-6.149869039654731750e-02,5.921770259737968445e-02
1.220669969916343689e-01,-6.159655004739761353e-02,5.958987772464752197e-02
1.220669969916343689e-01,-6.159655004739761353e-02,5.958987772464752197e-02
1.219875738024711609e-01,-6.169367954134941101e-02,5.996187403798103333e-02
1.219875738024711609e-01,-6.169367954134941101e-02,5.996187403798103333e-02
1.219082549214363098e-01,-6.179006025195121765e-02,6.033371016383171082e-02
1.219082549214363098e-01,-6.179006025195121765e-02,6.033371016383171082e-02
1.218290776014328003e-01,-6.188569962978363037e-02,6.070537492632865906e-02
1.218290776014328003e-01,-6.188569962978363037e-02,6.070537492632865906e-02
1.217499822378158569e-01,-6.198059394955635071e-02,6.107687950134277344e-02
1.217499822378158569e-01,-6.198059394955635071e-02,6.107687950134277344e-02
1.216710135340690613e-01,-6.207473576068878174e-02,6.144821643829345703e-02
1.216710135340690613e-01,-6.207473576068878174e-02,6.144821643829345703e-02
1.215921491384506226e-01,-6.216813623905181885e-02,6.181939691305160522e-02
1.215921491384506226e-01,-6.216813623905181885e-02,6.181939691305160522e-02
1.215134188532829285e-01,-6.226078048348426819e-02,6.219039484858512878e-02
1.215134188532829285e-01,-6.226078048348426819e-02,6.219039484858512878e-02
1.214347928762435913e-01,-6.235267221927642822e-02,6.256124377250671387e-02
1.214347928762435913e-01,-6.235267221927642822e-02,6.256124377250671387e-02
1.213563084602355957e-01,-6.244381517171859741e-02,6.293193250894546509e-02
1.213563084602355957e-01,-6.244381517171859741e-02,6.293193250894546509e-02
1.212779283523559570e-01,-6.253420561552047729e-02,6.330246478319168091e-02
1.212779283523559570e-01,-6.253420561552047729e-02,6.330246478319168091e-02
1.211996823549270630e-01,-6.262382864952087402e-02,6.367282569408416748e-02
1.211996823549270630e-01,-6.262382864952087402e-02,6.367282569408416748e-02
1.211215406656265259e-01,-6.271269172430038452e-02,6.404303759336471558e-02
1.211215406656265259e-01,-6.271269172430038452e-02,6.404303759336471558e-02
1.210435330867767334e-01,-6.280080974102020264e-02,6.441310048103332520e-02
1.210435330867767334e-01,-6.280080974102020264e-02,6.441310048103332520e-02
1.209656596183776855e-01,-6.288815289735794067e-02,6.478299945592880249e-02
1.209656596183776855e-01,-6.288815289735794067e-02,6.478299945592880249e-02
1.208878979086875916e-01,-6.297472864389419556e-02,6.515273451805114746e-02
1.208878979086875916e-01,-6.297472864389419556e-02,6.515273451805114746e-02
1.208102926611900330e-01,-6.306054443120956421e-02,6.552231311798095703e-02
1.208102926611900330e-01,-6.306054443120956421e-02,6.552231311798095703e-02
1.207327991724014282e-01,-6.314558535814285278e-02,6.589175760746002197e-02
1.207327991724014282e-01,-6.314558535814285278e-02,6.589175760746002197e-02
1.206554323434829712e-01,-6.322985887527465820e-02,6.626103818416595459e-02
1.206554323434829712e-01,-6.322985887527465820e-02,6.626103818416595459e-02
1.205782219767570496e-01,-6.331335753202438354e-02,6.663016974925994873e-02
1.205782219767570496e-01,-6.331335753202438354e-02,6.663016974925994873e-02
1.205011382699012756e-01,-6.339608877897262573e-02,6.699915230274200439e-02
1.205011382699012756e-01,-6.339608877897262573e-02,6.699915230274200439e-02
1.204241812229156494e-01,-6.347805261611938477e-02,6.736798584461212158e-02
1.204241812229156494e-01,-6.347805261611938477e-02,6.736798584461212158e-02
1.203473731875419617e-01,-6.355921924114227295e-02,6.773666292428970337e-02
1.203473731875419617e-01,-6.355921924114227295e-02,6.773666292428970337e-02
1.202706992626190186e-01,-6.363961845636367798e-02,6.810519844293594360e-02
1.202706992626190186e-01,-6.363961845636367798e-02,6.810519844293594360e-02
1.201941594481468201e-01,-6.371924281120300293e-02,6.847358494997024536e-02
1.201941594481468201e-01,-6.371924281120300293e-02,6.847358494997024536e-02
1.201177760958671570e-01,-6.379807740449905396e-02,6.884182989597320557e-02
1.201177760958671570e-01,-6.379807740449905396e-02,6.884182989597320557e-02
1.200415268540382385e-01,-6.387613713741302490e-02,6.920993328094482422e-02
1.200415268540382385e-01,-6.387613713741302490e-02,6.920993328094482422e-02
1.199654340744018555e-01,-6.395339220762252808e-02,6.957788020372390747e-02
1.199654340744018555e-01,-6.395339220762252808e-02,6.957788020372390747e-02
1.198894828557968140e-01,-6.402988731861114502e-02,6.994569301605224609e-02
1.198894828557968140e-01,-6.402988731861114502e-02,6.994569301605224609e-02
1.198136731982231140e-01,-6.410557031631469727e-02,7.031336426734924316e-02
1.198136731982231140e-01,-6.410557031631469727e-02,7.031336426734924316e-02
1.197380200028419495e-01,-6.418046355247497559e-02,7.068089395761489868e-02
1.197380200028419495e-01,-6.418046355247497559e-02,7.068089395761489868e-02
1.196625083684921265e-01,-6.425457447767257690e-02,7.104828953742980957e-02
1.196625083684921265e-01,-6.425457447767257690e-02,7.104828953742980957e-02
1.195871606469154358e-01,-6.432788819074630737e-02,7.141553610563278198e-02
1.195871606469154358e-01,-6.432788819074630737e-02,7.141553610563278198e-02
1.195119544863700867e-01,-6.440041214227676392e-02,7.178264856338500977e-02
1.195119544863700867e-01,-6.440041214227676392e-02,7.178264856338500977e-02
1.194368973374366760e-01,-6.447213143110275269e-02,7.214961946010589600e-02
1.194368973374366760e-01,-6.447213143110275269e-02,7.214961946010589600e-02
1.193620115518569946e-01,-6.454304605722427368e-02,7.251647114753723145e-02
1.193620115518569946e-01,-6.454304605722427368e-02,7.251647114753723145e-02
1.192872747778892517e-01,-6.461316347122192383e-02,7.288316637277603149e-02
1.192872747778892517e-01,-6.461316347122192383e-02,7.288316637277603149e-02
1.192127093672752380e-01,-6.468248367309570312e-02,7.324974238872528076e-02
1.192127093672752380e-01,-6.468248367309570312e-02,7.324974238872528076e-02
1.191382929682731628e-01,-6.475099921226501465e-02,7.361618429422378540e-02
1.191382929682731628e-01,-6.475099921226501465e-02,7.361618429422378540e-02
1.190640479326248169e-01,-6.481868773698806763e-02,7.398249208927154541e-02
1.190640479326248169e-01,-6.481868773698806763e-02,7.398249208927154541e-02
1.189899444580078125e-01,-6.488559395074844360e-02,7.434866577386856079e-02
1.189899444580078125e-01,-6.488559395074844360e-02,7.434866577386856079e-02
1.189160272479057312e-01,-6.495167315006256104e-02,7.471471279859542847e-02
1.189160272479057312e-01,-6.495167315006256104e-02,7.471471279859542847e-02
1.188422739505767822e-01,-6.501694768667221069e-02,7.508062571287155151e-02
1.188422739505767822e-01,-6.501694768667221069e-02,7.508062571287155151e-02
1.187686920166015625e-01,-6.508140265941619873e-02,7.544641941785812378e-02
1.187686920166015625e-01,-6.508140265941619873e-02,7.544641941785812378e-02
1.186952739953994751e-01,-6.514505296945571899e-02,7.581207901239395142e-02
1.186952739953994751e-01,-6.514505296945571899e-02,7.581207901239395142e-02
1.186220198869705200e-01,-6.520787626504898071e-02,7.617761194705963135e-02
1.186220198869705200e-01,-6.520787626504898071e-02,7.617761194705963135e-02
1.185489371418952942e-01,-6.526989489793777466e-02,7.654302567243576050e-02
1.185489371418952942e-01,-6.526989489793777466e-02,7.654302567243576050e-02
1.184760332107543945e-01,-6.533107906579971313e-02,7.690830528736114502e-02
1.184760332107543945e-01,-6.533107906579971313e-02,7.690830528736114502e-02
1.184033006429672241e-01,-6.539143621921539307e-02,7.727346569299697876e-02
1.184033006429672241e-01,-6.539143621921539307e-02,7.727346569299697876e-02
1.183307543396949768e-01,-6.545098125934600830e-02,7.763850688934326172e-02
1.183307543396949768e-01,-6.545098125934600830e-02,7.763850688934326172e-02
1.182583644986152649e-01,-6.550969928503036499e-02,7.800342142581939697e-02
1.182583644986152649e-01,-6.550969928503036499e-02,7.800342142581939697e-02
1.181861609220504761e-01,-6.556758284568786621e-02,7.836822420358657837e-02
1.181861609220504761e-01,-6.556758284568786621e-02,7.836822420358657837e-02
1.181141361594200134e-01,-6.562464684247970581e-02,7.873290032148361206e-02
1.181141361594200134e-01,-6.562464684247970581e-02,7.873290032148361206e-02
1.180422976613044739e-01,-6.568086892366409302e-02,7.909746468067169189e-02
1.180422976613044739e-01,-6.568086892366409302e-02,7.909746468067169189e-02
1.179706454277038574e-01,-6.573625653982162476e-02,7.946190237998962402e-02
1.179706454277038574e-01,-6.573625653982162476e-02,7.946190237998962402e-02
1.178991794586181641e-01,-6.579082459211349487e-02,7.982622087001800537e-02
1.178991794586181641e-01,-6.579082459211349487e-02,7.982622087001800537e-02
1.178278923034667969e-01,-6.584455072879791260e-02,8.019044250249862671e-02
1.178278923034667969e-01,-6.584455072879791260e-02,8.019044250249862671e-02
1.177567988634109497e-01,-6.589743494987487793e-02,8.055453002452850342e-02
1.177567988634109497e-01,-6.589743494987487793e-02,8.055453002452850342e-02
1.176858991384506226e-01,-6.594947725534439087e-02,8.091851323843002319e-02
1.176858991384506226e-01,-6.594947725534439087e-02,8.091851323843002319e-02
1.176151633262634277e-01,-6.600067764520645142e-02,8.128238469362258911e-02
1.176151633262634277e-01,-6.600067764520645142e-02,8.128238469362258911e-02
1.175446361303329468e-01,-6.605103611946105957e-02,8.164614439010620117e-02
1.175446361303329468e-01,-6.605103611946105957e-02,8.164614439010620117e-02
1.174743026494979858e-01,-6.610055267810821533e-02,8.200978487730026245e-02
1.174743026494979858e-01,-6.610055267810821533e-02,8.200978487730026245e-02
1.174041554331779480e-01,-6.614921987056732178e-02,8.237332105636596680e-02
1.174041554331779480e-01,-6.614921987056732178e-02,8.237332105636596680e-02
1.173341944813728333e-01,-6.619703769683837891e-02,8.273674547672271729e-02
1.173341944813728333e-01,-6.619703769683837891e-02,8.273674547672271729e-02
1.172644570469856262e-01,-6.624400615692138672e-02,8.310006558895111084e-02
1.172644570469856262e-01,-6.624400615692138672e-02,8.310006558895111084e-02
1.171948909759521484e-01,-6.629012525081634521e-02,8.346327394247055054e-02
1.171948909759521484e-01,-6.629012525081634521e-02,8.346327394247055054e-02
1.171255335211753845e-01,-6.633538752794265747e-02,8.382639288902282715e-02
1.171255335211753845e-01,-6.633538752794265747e-02,8.382639288902282715e-02
1.170563846826553345e-01,-6.637979298830032349e-02,8.418939262628555298e-02
1.170563846826553345e-01,-6.637979298830032349e-02,8.418939262628555298e-02
1.169874370098114014e-01,-6.642334908246994019e-02,8.455228805541992188e-02
1.169874370098114014e-01,-6.642334908246994019e-02,8.455228805541992188e-02
1.169186905026435852e-01,-6.646603345870971680e-02,8.491508662700653076e-02
1.169186905026435852e-01,-6.646603345870971680e-02,8.491508662700653076e-02
1.168501526117324829e-01,-6.650786101818084717e-02,8.527776598930358887e-02
1.168501526117324829e-01,-6.650786101818084717e-02,8.527776598930358887e-02
1.167818084359169006e-01,-6.654883176088333130e-02,8.564035594463348389e-02
1.167818084359169006e-01,-6.654883176088333130e-02,8.564035594463348389e-02
1.167136877775192261e-01,-6.658893823623657227e-02,8.600285649299621582e-02
1.167136877775192261e-01,-6.658893823623657227e-02,8.600285649299621582e-02
1.166457757353782654e-01,-6.662817299365997314e-02,8.636523783206939697e-02
1.166457757353782654e-01,-6.662817299365997314e-02,8.636523783206939697e-02
1.165780648589134216e-01,-6.666654348373413086e-02,8.672753721475601196e-02
1.165780648589134216e-01,-6.666654348373413086e-02,8.672753721475601196e-02
1.165105700492858887e-01,-6.670404225587844849e-02,8.708973973989486694e-02
1.165105700492858887e-01,-6.670404225587844849e-02,8.708973973989486694e-02
1.164432764053344727e-01,-6.674066185951232910e-02,8.745183050632476807e-02
1.164432764053344727e-01,-6.674066185951232910e-02,8.745183050632476807e-02
1.163762062788009644e-01,-6.677642464637756348e-02,8.781383931636810303e-02
1.163762062788009644e-01,-6.677642464637756348e-02,8.781383931636810303e-02
1.163093671202659607e-01,-6.681129336357116699e-02,8.817575126886367798e-02
1.163093671202659607e-01,-6.681129336357116699e-02,8.817575126886367798e-02
1.162427216768264771e-01,-6.684530526399612427e-02,8.853756636381149292e-02
1.162427216768264771e-01,-6.684530526399612427e-02,8.853756636381149292e-02
1.161763072013854980e-01,-6.687843054533004761e-02,8.889928460121154785e-02
1.161763072013854980e-01,-6.687843054533004761e-02,8.889928460121154785e-02
1.161101162433624268e-01,-6.691067665815353394e-02,8.926092088222503662e-02
1.161101162433624268e-01,-6.691067665815353394e-02,8.926092088222503662e-02
1.160441488027572632e-01,-6.694203615188598633e-02,8.962246775627136230e-02
1.160441488027572632e-01,-6.694203615188598633e-02,8.962246775627136230e-02
1.159783899784088135e-01,-6.697251647710800171e-02,8.998391777276992798e-02
1.159783899784088135e-01,-6.697251647710800171e-02,8.998391777276992798e-02
1.159128695726394653e-01,-6.700211763381958008e-02,9.034527838230133057e-02
1.159128695726394653e-01,-6.700211763381958008e-02,9.034527838230133057e-02
1.158475652337074280e-01,-6.703081727027893066e-02,9.070655703544616699e-02
1.158475652337074280e-01,-6.703081727027893066e-02,9.070655703544616699e-02
1.157824993133544922e-01,-6.705863028764724731e-02,9.106774628162384033e-02
1.157824993133544922e-01,-6.705863028764724731e-02,9.106774628162384033e-02
1.157176569104194641e-01,-6.708555668592453003e-02,9.142884612083435059e-02
1.157176569104194641e-01,-6.708555668592453003e-02,9.142884612083435059e-02
1.156530380249023438e-01,-6.711159646511077881e-02,9.178987145423889160e-02
1.156530380249023438e-01,-6.711159646511077881e-02,9.178987145423889160e-02
1.155886724591255188e-01,-6.713673472404479980e-02,9.215079993009567261e-02
1.155886724591255188e-01,-6.713673472404479980e-02,9.215079993009567261e-02
1.155245155096054077e-01,-6.716097891330718994e-02,9.251165390014648438e-02
1.155245155096054077e-01,-6.716097891330718994e-02,9.251165390014648438e-02
1.154605969786643982e-01,-6.718432158231735229e-02,9.287241101264953613e-02
1.154605969786643982e-01,-6.718432158231735229e-02,9.287241101264953613e-02
1.153969317674636841e-01,-6.720677018165588379e-02,9.323311597108840942e-02
1.153969317674636841e-01,-6.720677018165588379e-02,9.323311597108840942e-02
1.153334900736808777e-01,-6.722831726074218750e-02,9.359372407197952271e-02
1.153334900736808777e-01,-6.722831726074218750e-02,9.359372407197952271e-02
1.152702793478965759e-01,-6.724895536899566650e-02,9.395425766706466675e-02
1.152702793478965759e-01,-6.724895536899566650e-02,9.395425766706466675e-02
1.152073219418525696e-01,-6.726869195699691772e-02,9.431470930576324463e-02
1.152073219418525696e-01,-6.726869195699691772e-02,9.431470930576324463e-02
1.151446029543876648e-01,-6.728751957416534424e-02,9.467507898807525635e-02
1.151446029543876648e-01,-6.728751957416534424e-02,9.467507898807525635e-02
1.150821223855018616e-01,-6.730545312166213989e-02,9.503536671400070190e-02
1.150821223855018616e-01,-6.730545312166213989e-02,9.503536671400070190e-02
1.150198951363563538e-01,-6.732246279716491699e-02,9.539560228586196899e-02
1.150198951363563538e-01,-6.732246279716491699e-02,9.539560228586196899e-02
1.149578988552093506e-01,-6.733856350183486938e-02,9.575575590133666992e-02
1.149578988552093506e-01,-6.733856350183486938e-02,9.575575590133666992e-02
1.148961633443832397e-01,-6.735375523567199707e-02,9.611582756042480469e-02
1.148961633443832397e-01,-6.735375523567199707e-02,9.611582756042480469e-02
1.148346662521362305e-01,-6.736803054809570312e-02,9.647582471370697021e-02
1.148346662521362305e-01,-6.736803054809570312e-02,9.647582471370697021e-02
1.147734299302101135e-01,-6.738138943910598755e-02,9.683576226234436035e-02
1.147734299302101135e-01,-6.738138943910598755e-02,9.683576226234436035e-02
1.147124394774436951e-01,-6.739382445812225342e-02,9.719563275575637817e-02
1.147124394774436951e-01,-6.739382445812225342e-02,9.719563275575637817e-02
1.146516948938369751e-01,-6.740534305572509766e-02,9.755542129278182983e-02
1.146516948938369751e-01,-6.740534305572509766e-02,9.755542129278182983e-02
1.145912036299705505e-01,-6.741593033075332642e-02,9.791514277458190918e-02
1.145912036299705505e-01,-6.741593033075332642e-02,9.791514277458190918e-02
1.145309731364250183e-01,-6.742560863494873047e-02,9.827481210231781006e-02
1.145309731364250183e-01,-6.742560863494873047e-02,9.827481210231781006e-02
1.144710034132003784e-01,-6.743434816598892212e-02,9.863439947366714478e-02
1.144710034132003784e-01,-6.743434816598892212e-02,9.863439947366714478e-02
1.144112795591354370e-01,-6.744216382503509521e-02,9.899392724037170410e-02
1.144112795591354370e-01,-6.744216382503509521e-02,9.899392724037170410e-02
1.143518313765525818e-01,-6.744904816150665283e-02,9.935338050127029419e-02
1.143518313765525818e-01,-6.744904816150665283e-02,9.935338050127029419e-02
1.142926290631294250e-01,-6.745501607656478882e-02,9.971278160810470581e-02
1.142926290631294250e-01,-6.745501607656478882e-02,9.971278160810470581e-02
1.142337098717689514e-01,-6.746004521846771240e-02,1.000721156597137451e-01
1.142337098717689514e-01,-6.746004521846771240e-02,1.000721156597137451e-01
1.141750290989875793e-01,-6.746413558721542358e-02,1.004313975572586060e-01
1.141750290989875793e-01,-6.746413558721542358e-02,1.004313975572586060e-01
1.141166314482688904e-01,-6.746727973222732544e-02,1.007906049489974976e-01
1.141166314482688904e-01,-6.746727973222732544e-02,1.007906049489974976e-01
1.140584945678710938e-01,-6.746950000524520874e-02,1.011497527360916138e-01
1.140584945678710938e-01,-6.746950000524520874e-02,1.011497527360916138e-01
1.140006259083747864e-01,-6.747078150510787964e-02,1.015088409185409546e-01
1.140006259083747864e-01,-6.747078150510787964e-02,1.015088409185409546e-01
1.139430254697799683e-01,-6.747111678123474121e-02,1.018678918480873108e-01
1.139430254697799683e-01,-6.747111678123474121e-02,1.018678918480873108e-01
1.138856932520866394e-01,-6.747050583362579346e-02,1.022268682718276978e-01
1.138856932520866394e-01,-6.747050583362579346e-02,1.022268682718276978e-01
1.138286367058753967e-01,-6.746895611286163330e-02,1.025857999920845032e-01
1.138286367058753967e-01,-6.746895611286163330e-02,1.025857999920845032e-01
1.137718483805656433e-01,-6.746644526720046997e-02,1.029446572065353394e-01
1.137718483805656433e-01,-6.746644526720046997e-02,1.029446572065353394e-01
1.137153431773185730e-01,-6.746300309896469116e-02,1.033034697175025940e-01
1.137153431773185730e-01,-6.746300309896469116e-02,1.033034697175025940e-01
1.136591061949729919e-01,-6.745860725641250610e-02,1.036622449755668640e-01
1.136591061949729919e-01,-6.745860725641250610e-02,1.036622449755668640e-01
1.136031523346900940e-01,-6.745325028896331787e-02,1.040209531784057617e-01
1.136031523346900940e-01,-6.745325028896331787e-02,1.040209531784057617e-01
1.135474741458892822e-01,-6.744694709777832031e-02,1.043796092271804810e-01
1.135474741458892822e-01,-6.744694709777832031e-02,1.043796092271804810e-01
1.134920865297317505e-01,-6.743968278169631958e-02,1.047382205724716187e-01
1.134920865297317505e-01,-6.743968278169631958e-02,1.047382205724716187e-01
1.134369671344757080e-01,-6.743147224187850952e-02,1.050967797636985779e-01
1.134369671344757080e-01,-6.743147224187850952e-02,1.050967797636985779e-01
1.133821383118629456e-01,-6.742228567600250244e-02,1.054552942514419556e-01
1.133821383118629456e-01,-6.742228567600250244e-02,1.054552942514419556e-01
1.133275777101516724e-01,-6.741216033697128296e-02,1.058137565851211548e-01
1.133275777101516724e-01,-6.741216033697128296e-02,1.058137565851211548e-01
1.132733225822448730e-01,-6.740105897188186646e-02,1.061721742153167725e-01
1.132733225822448730e-01,-6.740105897188186646e-02,1.061721742153167725e-01
1.132193505764007568e-01,-6.738899648189544678e-02,1.065305545926094055e-01
1.132193505764007568e-01,-6.738899648189544678e-02,1.065305545926094055e-01
1.131656616926193237e-01,-6.737596541643142700e-02,1.068888828158378601e-01
1.131656616926193237e-01,-6.737596541643142700e-02,1.068888828158378601e-01
1.131122782826423645e-01,-6.736196577548980713e-02,1.072471663355827332e-01
1.131122782826423645e-01,-6.736196577548980713e-02,1.072471663355827332e-01
1.130591630935668945e-01,-6.734700500965118408e-02,1.076054051518440247e-01
1.130591630935668945e-01,-6.734700500965118408e-02,1.076054051518440247e-01
1.130063682794570923e-01,-6.733106821775436401e-02,1.079636067152023315e-01
1.130063682794570923e-01,-6.733106821775436401e-02,1.079636067152023315e-01
1.129538565874099731e-01,-6.731415539979934692e-02,1.083217710256576538e-01
1.129538565874099731e-01,-6.731415539979934692e-02,1.083217710256576538e-01
1.129016280174255371e-01,-6.729626655578613281e-02,1.086798906326293945e-01
1.129016280174255371e-01,-6.729626655578613281e-02,1.086798906326293945e-01
1.128497049212455750e-01,-6.727740913629531860e-02,1.090379804372787476e-01
1.128497049212455750e-01,-6.727740913629531860e-02,1.090379804372787476e-01
1.127980798482894897e-01,-6.725756824016571045e-02,1.093960255384445190e-01
1.127980798482894897e-01,-6.725756824016571045e-02,1.093960255384445190e-01
1.127467527985572815e-01,-6.723674386739730835e-02,1.097540408372879028e-01
1.127467527985572815e-01,-6.723674386739730835e-02,1.097540408372879028e-01
1.126957237720489502e-01,-6.721494346857070923e-02,1.101120114326477051e-01
1.126957237720489502e-01,-6.721494346857070923e-02,1.101120114326477051e-01
1.126450076699256897e-01,-6.719215959310531616e-02,1.104699522256851196e-01
1.126450076699256897e-01,-6.719215959310531616e-02,1.104699522256851196e-01
1.125946044921875000e-01,-6.716838479042053223e-02,1.108278557658195496e-01
1.125946044921875000e-01,-6.716838479042053223e-02,1.108278557658195496e-01
1.125444918870925903e-01,-6.714363396167755127e-02,1.111857295036315918e-01
1.125444918870925903e-01,-6.714363396167755127e-02,1.111857295036315918e-01
1.124946847558021545e-01,-6.711788475513458252e-02,1.115435734391212463e-01
1.124946847558021545e-01,-6.711788475513458252e-02,1.115435734391212463e-01
1.124451905488967896e-01,-6.709114462137222290e-02,1.119013875722885132e-01
1.124451905488967896e-01,-6.709114462137222290e-02,1.119013875722885132e-01
1.123960018157958984e-01,-6.706341356039047241e-02,1.122591644525527954e-01
1.123960018157958984e-01,-6.706341356039047241e-02,1.122591644525527954e-01
1.123471185564994812e-01,-6.703469157218933105e-02,1.126169189810752869e-01
1.123471185564994812e-01,-6.703469157218933105e-02,1.126169189810752869e-01
1.122985705733299255e-01,-6.700497120618820190e-02,1.129746362566947937e-01
1.122985705733299255e-01,-6.700497120618820190e-02,1.129746362566947937e-01
1.122503206133842468e-01,-6.697425991296768188e-02,1.133323386311531067e-01
1.122503206133842468e-01,-6.697425991296768188e-02,1.133323386311531067e-01
1.122023910284042358e-01,-6.694254279136657715e-02,1.136900112032890320e-01
1.122023910284042358e-01,-6.694254279136657715e-02,1.136900112032890320e-01
1.121547818183898926e-01,-6.690982729196548462e-02,1.140476614236831665e-01
1.121547818183898926e-01,-6.690982729196548462e-02,1.140476614236831665e-01
1.121074706315994263e-01,-6.687611341476440430e-02,1.144052818417549133e-01
1.121074706315994263e-01,-6.687611341476440430e-02,1.144052818417549133e-01
1.120604872703552246e-01,-6.684137880802154541e-02,1.147628799080848694e-01
1.120604872703552246e-01,-6.684137880802154541e-02,1.147628799080848694e-01
1.120138391852378845e-01,-6.680565327405929565e-02,1.151204630732536316e-01
1.120138391852378845e-01,-6.680565327405929565e-02,1.151204630732536316e-01
1.119675040245056152e-01,-6.676891446113586426e-02,1.154780089855194092e-01
1.119675040245056152e-01,-6.676891446113586426e-02,1.154780089855194092e-01
1.119214966893196106e-01,-6.673116981983184814e-02,1.158355548977851868e-01
1.119214966893196106e-01,-6.673116981983184814e-02,1.158355548977851868e-01
1.118757948279380798e-01,-6.669241189956665039e-02,1.161930710077285767e-01
1.118757948279380798e-01,-6.669241189956665039e-02,1.161930710077285767e-01
1.118304505944252014e-01,-6.665263324975967407e-02,1.165505722165107727e-01
1.118304505944252014e-01,-6.665263324975967407e-02,1.165505722165107727e-01
1.117854043841362000e-01,-6.661184877157211304e-02,1.169080585241317749e-01
1.117854043841362000e-01,-6.661184877157211304e-02,1.169080585241317749e-01
1.117407009005546570e-01,-6.657004356384277344e-02,1.172655224800109863e-01
1.117407009005546570e-01,-6.657004356384277344e-02,1.172655224800109863e-01
1.116963401436805725e-01,-6.652721762657165527e-02,1.176229640841484070e-01
1.116963401436805725e-01,-6.652721762657165527e-02,1.176229640841484070e-01
1.116522923111915588e-01,-6.648336350917816162e-02,1.179803982377052307e-01
1.116522923111915588e-01,-6.648336350917816162e-02,1.179803982377052307e-01
1.116085946559906006e-01,-6.643850356340408325e-02,1.183378323912620544e-01
1.116085946559906006e-01,-6.643850356340408325e-02,1.183378323912620544e-01
1.115652322769165039e-01,-6.639262288808822632e-02,1.186952367424964905e-01
1.115652322769165039e-01,-6.639262288808822632e-02,1.186952367424964905e-01
1.115221828222274780e-01,-6.634571403264999390e-02,1.190526336431503296e-01
1.115221828222274780e-01,-6.634571403264999390e-02,1.190526336431503296e-01
1.114794835448265076e-01,-6.629776209592819214e-02,1.194100156426429749e-01
1.114794835448265076e-01,-6.629776209592819214e-02,1.194100156426429749e-01
1.114371344447135925e-01,-6.624879688024520874e-02,1.197673901915550232e-01
1.114371344447135925e-01,-6.624879688024520874e-02,1.197673901915550232e-01
1.113950982689857483e-01,-6.619878858327865601e-02,1.201247647404670715e-01
1.113950982689857483e-01,-6.619878858327865601e-02,1.201247647404670715e-01
1.113534346222877502e-01,-6.614775210618972778e-02,1.204821392893791199e-01
1.113534346222877502e-01,-6.614775210618972778e-02,1.204821392893791199e-01
1.113120913505554199e-01,-6.609568744897842407e-02,1.208394914865493774e-01
1.113120913505554199e-01,-6.609568744897842407e-02,1.208394914865493774e-01
1.112711057066917419e-01,-6.604258716106414795e-02,1.211968362331390381e-01
1.112711057066917419e-01,-6.604258716106414795e-02,1.211968362331390381e-01
1.112304553389549255e-01,-6.598844379186630249e-02,1.215541884303092957e-01
1.112304553389549255e-01,-6.598844379186630249e-02,1.215541884303092957e-01
1.111901625990867615e-01,-6.593324989080429077e-02,1.219115331768989563e-01
1.111901625990867615e-01,-6.593324989080429077e-02,1.219115331768989563e-01
1.111502200365066528e-01,-6.587703526020050049e-02,1.222688704729080200e-01
1.111502200365066528e-01,-6.587703526020050049e-02,1.222688704729080200e-01
1.111106351017951965e-01,-6.581976264715194702e-02,1.226262152194976807e-01
1.111106351017951965e-01,-6.581976264715194702e-02,1.226262152194976807e-01
1.110713779926300049e-01,-6.576144695281982422e-02,1.229835301637649536e-01
1.110713779926300049e-01,-6.576144695281982422e-02,1.229835301637649536e-01
1.110324934124946594e-01,-6.570209562778472900e-02,1.233408749103546143e-01
1.110324934124946594e-01,-6.570209562778472900e-02,1.233408749103546143e-01
1.109939441084861755e-01,-6.564169377088546753e-02,1.236982271075248718e-01
1.109939441084861755e-01,-6.564169377088546753e-02,1.236982271075248718e-01
1.109557673335075378e-01,-6.558024138212203979e-02,1.240555569529533386e-01
1.109557673335075378e-01,-6.558024138212203979e-02,1.240555569529533386e-01
1.109179407358169556e-01,-6.551773101091384888e-02,1.244128942489624023e-01
1.109179407358169556e-01,-6.551773101091384888e-02,1.244128942489624023e-01
1.108804792165756226e-01,-6.545417010784149170e-02,1.247702389955520630e-01
1.108804792165756226e-01,-6.545417010784149170e-02,1.247702389955520630e-01
1.108433827757835388e-01,-6.538955122232437134e-02,1.251275986433029175e-01
1.108433827757835388e-01,-6.538955122232437134e-02,1.251275986433029175e-01
1.108066290616989136e-01,-6.532388180494308472e-02,1.254849433898925781e-01
1.108066290616989136e-01,-6.532388180494308472e-02,1.254849433898925781e-01
1.107702404260635376e-01,-6.525713950395584106e-02,1.258423179388046265e-01
1.107702404260635376e-01,-6.525713950395584106e-02,1.258423179388046265e-01
1.107342168688774109e-01,-6.518934667110443115e-02,1.261996924877166748e-01
1.107342168688774109e-01,-6.518934667110443115e-02,1.261996924877166748e-01
1.106985732913017273e-01,-6.512049585580825806e-02,1.265570670366287231e-01
1.106985732913017273e-01,-6.512049585580825806e-02,1.265570670366287231e-01
1.106632873415946960e-01,-6.505057960748672485e-02,1.269144564867019653e-01
1.106632873415946960e-01,-6.505057960748672485e-02,1.269144564867019653e-01
1.106283739209175110e-01,-6.497959047555923462e-02,1.272718608379364014e-01
1.106283739209175110e-01,-6.497959047555923462e-02,1.272718608379364014e-01
1.105938106775283813e-01,-6.490754336118698120e-02,1.276292800903320312e-01
1.105938106775283813e-01,-6.490754336118698120e-02,1.276292800903320312e-01
1.105596497654914856e-01,-6.483442336320877075e-02,1.279867142438888550e-01
1.105596497654914856e-01,-6.483442336320877075e-02,1.279867142438888550e-01
1.105258390307426453e-01,-6.476023048162460327e-02,1.283441334962844849e-01
1.105258390307426453e-01,-6.476023048162460327e-02,1.283441334962844849e-01
1.104924082756042480e-01,-6.468495726585388184e-02,1.287015974521636963e-01
1.104924082756042480e-01,-6.468495726585388184e-02,1.287015974521636963e-01
1.104593425989151001e-01,-6.460861861705780029e-02,1.290590614080429077e-01
1.104593425989151001e-01,-6.460861861705780029e-02,1.290590614080429077e-01
1.104266643524169922e-01,-6.453119963407516479e-02,1.294165402650833130e-01
1.104266643524169922e-01,-6.453119963407516479e-02,1.294165402650833130e-01
1.103943735361099243e-01,-6.445270776748657227e-02,1.297740489244461060e-01
1.103943735361099243e-01,-6.445270776748657227e-02,1.297740489244461060e-01
1.103624626994132996e-01,-6.437313556671142578e-02,1.301315724849700928e-01
1.103624626994132996e-01,-6.437313556671142578e-02,1.301315724849700928e-01
1.103309094905853271e-01,-6.429248303174972534e-02,1.304891258478164673e-01
1.103309094905853271e-01,-6.429248303174972534e-02,1.304891258478164673e-01
1.102997511625289917e-01,-6.421074271202087402e-02,1.308466792106628418e-01
1.102997511625289917e-01,-6.421074271202087402e-02,1.308466792106628418e-01
1.102689951658248901e-01,-6.412790715694427490e-02,1.312042623758316040e-01
1.102689951658248901e-01,-6.412790715694427490e-02,1.312042623758316040e-01
1.102385967969894409e-01,-6.404399871826171875e-02,1.315618753433227539e-01
1.102385967969894409e-01,-6.404399871826171875e-02,1.315618753433227539e-01
1.102085858583450317e-01,-6.395900994539260864e-02,1.319195032119750977e-01
1.102085858583450317e-01,-6.395900994539260864e-02,1.319195032119750977e-01
1.101789698004722595e-01,-6.387291848659515381e-02,1.322771459817886353e-01
1.101789698004722595e-01,-6.387291848659515381e-02,1.322771459817886353e-01
1.101497560739517212e-01,-6.378573179244995117e-02,1.326348185539245605e-01
1.101497560739517212e-01,-6.378573179244995117e-02,1.326348185539245605e-01
1.101209074258804321e-01,-6.369745731353759766e-02,1.329925358295440674e-01
1.101209074258804321e-01,-6.369745731353759766e-02,1.329925358295440674e-01
1.100924760103225708e-01,-6.360807269811630249e-02,1.333502680063247681e-01
1.100924760103225708e-01,-6.360807269811630249e-02,1.333502680063247681e-01
1.100644245743751526e-01,-6.351760774850845337e-02,1.337080299854278564e-01
1.100644245743751526e-01,-6.351760774850845337e-02,1.337080299854278564e-01
1.100367754697799683e-01,-6.342604011297225952e-02,1.340658217668533325e-01
1.100367754697799683e-01,-6.342604011297225952e-02,1.340658217668533325e-01
1.100095063447952271e-01,-6.333337724208831787e-02,1.344236284494400024e-01
1.100095063447952271e-01,-6.333337724208831787e-02,1.344236284494400024e-01
1.099826470017433167e-01,-6.323960423469543457e-02,1.347814798355102539e-01
1.099826470017433167e-01,-6.323960423469543457e-02,1.347814798355102539e-01
1.099561825394630432e-01,-6.314472854137420654e-02,1.351393610239028931e-01
1.099561825394630432e-01,-6.314472854137420654e-02,1.351393610239028931e-01
1.099301278591156006e-01,-6.304874271154403687e-02,1.354972720146179199e-01
1.099301278591156006e-01,-6.304874271154403687e-02,1.354972720146179199e-01
1.099044606089591980e-01,-6.295166164636611938e-02,1.358552277088165283e-01
1.099044606089591980e-01,-6.295166164636611938e-02,1.358552277088165283e-01
1.098792031407356262e-01,-6.285345554351806641e-02,1.362132132053375244e-01
1.098792031407356262e-01,-6.285345554351806641e-02,1.362132132053375244e-01
1.098543554544448853e-01,-6.275413930416107178e-02,1.365712136030197144e-01
1.098543554544448853e-01,-6.275413930416107178e-02,1.365712136030197144e-01
1.098299175500869751e-01,-6.265373528003692627e-02,1.369292736053466797e-01
1.098299175500869751e-01,-6.265373528003692627e-02,1.369292736053466797e-01
1.098058819770812988e-01,-6.255218386650085449e-02,1.372873783111572266e-01
1.098058819770812988e-01,-6.255218386650085449e-02,1.372873783111572266e-01
1.097822338342666626e-01,-6.244953349232673645e-02,1.376455128192901611e-01
1.097822338342666626e-01,-6.244953349232673645e-02,1.376455128192901611e-01
1.097590178251266479e-01,-6.234575435519218445e-02,1.380036771297454834e-01
1.097590178251266479e-01,-6.234575435519218445e-02,1.380036771297454834e-01
1.097362264990806580e-01,-6.224085763096809387e-02,1.383619010448455811e-01
1.097362264990806580e-01,-6.224085763096809387e-02,1.383619010448455811e-01
1.097138226032257080e-01,-6.213484704494476318e-02,1.387201398611068726e-01
1.097138226032257080e-01,-6.213484704494476318e-02,1.387201398611068726e-01
1.096918433904647827e-01,-6.202770769596099854e-02,1.390784531831741333e-01
1.096918433904647827e-01,-6.202770769596099854e-02,1.390784531831741333e-01
1.096702665090560913e-01,-6.191944330930709839e-02,1.394367814064025879e-01
1.096702665090560913e-01,-6.191944330930709839e-02,1.394367814064025879e-01
1.096491217613220215e-01,-6.181005761027336121e-02,1.397951692342758179e-01
1.096491217613220215e-01,-6.181005761027336121e-02,1.397951692342758179e-01
1.096284016966819763e-01,-6.169953197240829468e-02,1.401536017656326294e-01
1.096284016966819763e-01,-6.169953197240829468e-02,1.401536017656326294e-01
1.096080914139747620e-01,-6.158788129687309265e-02,1.405120790004730225e-01
1.096080914139747620e-01,-6.158788129687309265e-02,1.405120790004730225e-01
1.095882058143615723e-01,-6.147510185837745667e-02,1.408706009387969971e-01
1.095882058143615723e-01,-6.147510185837745667e-02,1.408706009387969971e-01
1.095687374472618103e-01,-6.136118248105049133e-02,1.412291675806045532e-01
1.095687374472618103e-01,-6.136118248105049133e-02,1.412291675806045532e-01
1.095496937632560730e-01,-6.124613061547279358e-02,1.415877938270568848e-01
1.095496937632560730e-01,-6.124613061547279358e-02,1.415877938270568848e-01
1.095310822129249573e-01,-6.112993881106376648e-02,1.419464647769927979e-01
1.095310822129249573e-01,-6.112993881106376648e-02,1.419464647769927979e-01
1.095128953456878662e-01,-6.101260334253311157e-02,1.423051804304122925e-01
1.095128953456878662e-01,-6.101260334253311157e-02,1.423051804304122925e-01
1.094951257109642029e-01,-6.089413538575172424e-02,1.426639556884765625e-01
1.094951257109642029e-01,-6.089413538575172424e-02,1.426639556884765625e-01
1.094778031110763550e-01,-6.077452003955841064e-02,1.430227905511856079e-01
1.094778031110763550e-01,-6.077452003955841064e-02,1.430227905511856079e-01
1.094608977437019348e-01,-6.065376102924346924e-02,1.433816701173782349e-01
1.094608977437019348e-01,-6.065376102924346924e-02,1.433816701173782349e-01
1.094444394111633301e-01,-6.053185835480690002e-02,1.437406092882156372e-01
1.094444394111633301e-01,-6.053185835480690002e-02,1.437406092882156372e-01
1.094283983111381531e-01,-6.040879711508750916e-02,1.440995931625366211e-01
1.094283983111381531e-01,-6.040879711508750916e-02,1.440995931625366211e-01
1.094128042459487915e-01,-6.028460338711738586e-02,1.444586515426635742e-01
1.094128042459487915e-01,-6.028460338711738586e-02,1.444586515426635742e-01
1.093976423144340515e-01,-6.015924736857414246e-02,1.448177546262741089e-01
1.093976423144340515e-01,-6.015924736857414246e-02,1.448177546262741089e-01
1.093829199671745300e-01,-6.003273651003837585e-02,1.451769322156906128e-01
1.093829199671745300e-01,-6.003273651003837585e-02,1.451769322156906128e-01
1.093686372041702271e-01,-5.990507081151008606e-02,1.455361545085906982e-01
1.093686372041702271e-01,-5.990507081151008606e-02,1.455361545085906982e-01
1.093547940254211426e-01,-5.977625399827957153e-02,1.458954513072967529e-01
1.093547940254211426e-01,-5.977625399827957153e-02,1.458954513072967529e-01
1.093413978815078735e-01,-5.964628234505653381e-02,1.462547928094863892e-01
1.093413978815078735e-01,-5.964628234505653381e-02,1.462547928094863892e-01
1.093284338712692261e-01,-5.951513722538948059e-02,1.466142237186431885e-01
1.093284338712692261e-01,-5.951513722538948059e-02,1.466142237186431885e-01
1.093159168958663940e-01,-5.938283726572990417e-02,1.469736993312835693e-01
1.093159168958663940e-01,-5.938283726572990417e-02,1.469736993312835693e-01
1.093038544058799744e-01,-5.924937129020690918e-02,1.473332345485687256e-01
1.093038544058799744e-01,-5.924937129020690918e-02,1.473332345485687256e-01
1.092922315001487732e-01,-5.911473929882049561e-02,1.476928442716598511e-01
1.092922315001487732e-01,-5.911473929882049561e-02,1.476928442716598511e-01
1.092810705304145813e-01,-5.897894129157066345e-02,1.480525135993957520e-01
1.092810705304145813e-01,-5.897894129157066345e-02,1.480525135993957520e-01
1.092703491449356079e-01,-5.884197726845741272e-02,1.484122574329376221e-01
1.092703491449356079e-01,-5.884197726845741272e-02,1.484122574329376221e-01
1.092600822448730469e-01,-5.870383605360984802e-02,1.487720757722854614e-01
1.092600822448730469e-01,-5.870383605360984802e-02,1.487720757722854614e-01
1.092502698302268982e-01,-5.856452509760856628e-02,1.491319388151168823e-01
1.092502698302268982e-01,-5.856452509760856628e-02,1.491319388151168823e-01
1.092409193515777588e-01,-5.842404067516326904e-02,1.494919061660766602e-01
1.092409193515777588e-01,-5.842404067516326904e-02,1.494919061660766602e-01
1.092320233583450317e-01,-5.828237906098365784e-02,1.498519182205200195e-01
1.092320233583450317e-01,-5.828237906098365784e-02,1.498519182205200195e-01
1.092235743999481201e-01,-5.813954398036003113e-02,1.502120196819305420e-01
1.092235743999481201e-01,-5.813954398036003113e-02,1.502120196819305420e-01
1.092155948281288147e-01,-5.799551680684089661e-02,1.505721807479858398e-01
1.092155948281288147e-01,-5.799551680684089661e-02,1.505721807479858398e-01
1.092080548405647278e-01,-5.785031989216804504e-02,1.509324312210083008e-01
1.092080548405647278e-01,-5.785031989216804504e-02,1.509324312210083008e-01
1.092010065913200378e-01,-5.770393088459968567e-02,1.512927412986755371e-01
1.092010065913200378e-01,-5.770393088459968567e-02,1.512927412986755371e-01
1.091944053769111633e-01,-5.755637213587760925e-02,1.516531407833099365e-01
1.091944053769111633e-01,-5.755637213587760925e-02,1.516531407833099365e-01
1.091882660984992981e-01,-5.740761384367942810e-02,1.520135998725891113e-01
1.091882660984992981e-01,-5.740761384367942810e-02,1.520135998725891113e-01
1.091825962066650391e-01,-5.725767090916633606e-02,1.523741632699966431e-01
1.091825962066650391e-01,-5.725767090916633606e-02,1.523741632699966431e-01
1.091773957014083862e-01,-5.710653588175773621e-02,1.527347862720489502e-01
1.091773957014083862e-01,-5.710653588175773621e-02,1.527347862720489502e-01
1.091726645827293396e-01,-5.695421248674392700e-02,1.530954837799072266e-01
1.091726645827293396e-01,-5.695421248674392700e-02,1.530954837799072266e-01
1.091683879494667053e-01,-5.680068954825401306e-02,1.534562855958938599e-01
1.091683879494667053e-01,-5.680068954825401306e-02,1.534562855958938599e-01
1.091646105051040649e-01,-5.664598196744918823e-02,1.538171619176864624e-01
1.091646105051040649e-01,-5.664598196744918823e-02,1.538171619176864624e-01
1.091612875461578369e-01,-5.649007484316825867e-02,1.541780978441238403e-01
1.091612875461578369e-01,-5.649007484316825867e-02,1.541780978441238403e-01
1.091584488749504089e-01,-5.633296072483062744e-02,1.545391529798507690e-01
1.091584488749504089e-01,-5.633296072483062744e-02,1.545391529798507690e-01
1.091560795903205872e-01,-5.617465078830718994e-02,1.549002677202224731e-01
1.091560795903205872e-01,-5.617465078830718994e-02,1.549002677202224731e-01
1.091541871428489685e-01,-5.601513758301734924e-02,1.552614867687225342e-01
1.091541871428489685e-01,-5.601513758301734924e-02,1.552614867687225342e-01
1.091527789831161499e-01,-5.585442110896110535e-02,1.556227803230285645e-01
1.091527789831161499e-01,-5.585442110896110535e-02,1.556227803230285645e-01
1.091518402099609375e-01,-5.569249019026756287e-02,1.559841632843017578e-01
1.091518402099609375e-01,-5.569249019026756287e-02,1.559841632843017578e-01
1.091513857245445251e-01,-5.552936345338821411e-02,1.563456356525421143e-01
1.091513857245445251e-01,-5.552936345338821411e-02,1.563456356525421143e-01
1.091514229774475098e-01,-5.536502599716186523e-02,1.567072123289108276e-01
1.091514229774475098e-01,-5.536502599716186523e-02,1.567072123289108276e-01
1.091519445180892944e-01,-5.519947037100791931e-02,1.570688635110855103e-01
1.091519445180892944e-01,-5.519947037100791931e-02,1.570688635110855103e-01
1.091529354453086853e-01,-5.503271520137786865e-02,1.574306041002273560e-01
1.091529354453086853e-01,-5.503271520137786865e-02,1.574306041002273560e-01
1.091544181108474731e-01,-5.486472323536872864e-02,1.577924340963363647e-01
1.091544181108474731e-01,-5.486472323536872864e-02,1.577924340963363647e-01
1.091564074158668518e-01,-5.469552427530288696e-02,1.581543833017349243e-01
1.091564074158668518e-01,-5.469552427530288696e-02,1.581543833017349243e-01
1.091588735580444336e-01,-5.452511459589004517e-02,1.585164070129394531e-01
1.091588735580444336e-01,-5.452511459589004517e-02,1.585164070129394531e-01
1.091618314385414124e-01,-5.435348674654960632e-02,1.588785350322723389e-01
1.091618314385414124e-01,-5.435348674654960632e-02,1.588785350322723389e-01
1.091652810573577881e-01,-5.418062210083007812e-02,1.592407524585723877e-01
1.091652810573577881e-01,-5.418062210083007812e-02,1.592407524585723877e-01
1.091692224144935608e-01,-5.400655046105384827e-02,1.596030592918395996e-01
1.091692224144935608e-01,-5.400655046105384827e-02,1.596030592918395996e-01
1.091736555099487305e-01,-5.383124947547912598e-02,1.599654853343963623e-01
1.091736555099487305e-01,-5.383124947547912598e-02,1.599654853343963623e-01
1.091785877943038940e-01,-5.365471541881561279e-02,1.603280007839202881e-01
1.091785877943038940e-01,-5.365471541881561279e-02,1.603280007839202881e-01
1.091840267181396484e-01,-5.347695574164390564e-02,1.606906205415725708e-01
1.091840267181396484e-01,-5.347695574164390564e-02,1.606906205415725708e-01
1.091899648308753967e-01,-5.329796671867370605e-02,1.610533446073532104e-01
1.091899648308753967e-01,-5.329796671867370605e-02,1.610533446073532104e-01
1.091963946819305420e-01,-5.311774089932441711e-02,1.614161431789398193e-01
1.091963946819305420e-01,-5.311774089932441711e-02,1.614161431789398193e-01
1.092033237218856812e-01,-5.293629318475723267e-02,1.617790758609771729e-01
1.092033237218856812e-01,-5.293629318475723267e-02,1.617790758609771729e-01
1.092107668519020081e-01,-5.275360494852066040e-02,1.621420979499816895e-01
1.092107668519020081e-01,-5.275360494852066040e-02,1.621420979499816895e-01
1.092187166213989258e-01,-5.256966874003410339e-02,1.625052392482757568e-01
1.092187166213989258e-01,-5.256966874003410339e-02,1.625052392482757568e-01
1.092271730303764343e-01,-5.238450318574905396e-02,1.628684699535369873e-01
1.092271730303764343e-01,-5.238450318574905396e-02,1.628684699535369873e-01
1.092361211776733398e-01,-5.219808965921401978e-02,1.632318198680877686e-01
1.092361211776733398e-01,-5.219808965921401978e-02,1.632318198680877686e-01
1.092455908656120300e-01,-5.201043188571929932e-02,1.635952740907669067e-01
1.092455908656120300e-01,-5.201043188571929932e-02,1.635952740907669067e-01
1.092555671930313110e-01,-5.182154104113578796e-02,1.639588326215744019e-01
1.092555671930313110e-01,-5.182154104113578796e-02,1.639588326215744019e-01
1.092660650610923767e-01,-5.163140222430229187e-02,1.643225103616714478e-01
1.092660650610923767e-01,-5.163140222430229187e-02,1.643225103616714478e-01
1.092770695686340332e-01,-5.144001170992851257e-02,1.646862924098968506e-01
1.092770695686340332e-01,-5.144001170992851257e-02,1.646862924098968506e-01
1.092885881662368774e-01,-5.124737322330474854e-02,1.650501787662506104e-01
1.092885881662368774e-01,-5.124737322330474854e-02,1.650501787662506104e-01
1.093006283044815063e-01,-5.105347931385040283e-02,1.654141992330551147e-01
1.093006283044815063e-01,-5.105347931385040283e-02,1.654141992330551147e-01
1.093131750822067261e-01,-5.085833370685577393e-02,1.657783091068267822e-01
1.093131750822067261e-01,-5.085833370685577393e-02,1.657783091068267822e-01
1.093262434005737305e-01,-5.066192522644996643e-02,1.661425530910491943e-01
1.093262434005737305e-01,-5.066192522644996643e-02,1.661425530910491943e-01
1.093398407101631165e-01,-5.046427622437477112e-02,1.665069162845611572e-01
1.093398407101631165e-01,-5.046427622437477112e-02,1.665069162845611572e-01
1.093539521098136902e-01,-5.026535689830780029e-02,1.668713837862014771e-01
1.093539521098136902e-01,-5.026535689830780029e-02,1.668713837862014771e-01
1.093685925006866455e-01,-5.006518587470054626e-02,1.672359704971313477e-01
1.093685925006866455e-01,-5.006518587470054626e-02,1.672359704971313477e-01
1.093837469816207886e-01,-4.986375197768211365e-02,1.676006615161895752e-01
1.093837469816207886e-01,-4.986375197768211365e-02,1.676006615161895752e-01
1.093994304537773132e-01,-4.966105148196220398e-02,1.679655015468597412e-01
1.093994304537773132e-01,-4.966105148196220398e-02,1.679655015468597412e-01
1.094156578183174133e-01,-4.945708066225051880e-02,1.683304458856582642e-01
1.094156578183174133e-01,-4.945708066225051880e-02,1.683304458856582642e-01
1.094323992729187012e-01,-4.925185069441795349e-02,1.686955243349075317e-01
1.094323992729187012e-01,-4.925185069441795349e-02,1.686955243349075317e-01
1.094496697187423706e-01,-4.904534667730331421e-02,1.690607219934463501e-01
1.094496697187423706e-01,-4.904534667730331421e-02,1.690607219934463501e-01
1.094674840569496155e-01,-4.883757606148719788e-02,1.694260388612747192e-01
1.094674840569496155e-01,-4.883757606148719788e-02,1.694260388612747192e-01
1.094858124852180481e-01,-4.862852767109870911e-02,1.697914749383926392e-01
1.094858124852180481e-01,-4.862852767109870911e-02,1.697914749383926392e-01
1.095046848058700562e-01,-4.841820895671844482e-02,1.701570451259613037e-01
1.095046848058700562e-01,-4.841820895671844482e-02,1.701570451259613037e-01
1.095241010189056396e-01,-4.820661246776580811e-02,1.705227345228195190e-01
1.095241010189056396e-01,-4.820661246776580811e-02,1.705227345228195190e-01
1.095440387725830078e-01,-4.799373820424079895e-02,1.708885580301284790e-01
1.095440387725830078e-01,-4.799373820424079895e-02,1.708885580301284790e-01
1.095645204186439514e-01,-4.777959361672401428e-02,1.712544858455657959e-01
1.095645204186439514e-01,-4.777959361672401428e-02,1.712544858455657959e-01
1.095855608582496643e-01,-4.756415635347366333e-02,1.716205775737762451e-01
1.095855608582496643e-01,-4.756415635347366333e-02,1.716205775737762451e-01
1.096071079373359680e-01,-4.734744504094123840e-02,1.719867736101150513e-01
1.096071079373359680e-01,-4.734744504094123840e-02,1.719867736101150513e-01
1.096292138099670410e-01,-4.712943732738494873e-02,1.723531186580657959e-01
1.096292138099670410e-01,-4.712943732738494873e-02,1.723531186580657959e-01
1.096518784761428833e-01,-4.691014438867568970e-02,1.727195829153060913e-01
1.096518784761428833e-01,-4.691014438867568970e-02,1.727195829153060913e-01
1.096750721335411072e-01,-4.668956995010375977e-02,1.730861812829971313e-01
1.096750721335411072e-01,-4.668956995010375977e-02,1.730861812829971313e-01
1.096988171339035034e-01,-4.646771028637886047e-02,1.734529435634613037e-01
1.096988171339035034e-01,-4.646771028637886047e-02,1.734529435634613037e-01
1.097231134772300720e-01,-4.624454677104949951e-02,1.738198101520538330e-01
1.097231134772300720e-01,-4.624454677104949951e-02,1.738198101520538330e-01
1.097479537129402161e-01,-4.602009430527687073e-02,1.741868257522583008e-01
1.097479537129402161e-01,-4.602009430527687073e-02,1.741868257522583008e-01
1.097733378410339355e-01,-4.579434916377067566e-02,1.745539605617523193e-01
1.097733378410339355e-01,-4.579434916377067566e-02,1.745539605617523193e-01
1.097993031144142151e-01,-4.556730389595031738e-02,1.749212443828582764e-01
1.097993031144142151e-01,-4.556730389595031738e-02,1.749212443828582764e-01
1.098257899284362793e-01,-4.533896967768669128e-02,1.752886772155761719e-01
1.098257899284362793e-01,-4.533896967768669128e-02,1.752886772155761719e-01
1.098528504371643066e-01,-4.510932415723800659e-02,1.756562441587448120e-01
1.098528504371643066e-01,-4.510932415723800659e-02,1.756562441587448120e-01
1.098804548382759094e-01,-4.487838223576545715e-02,1.760239452123641968e-01
1.098804548382759094e-01,-4.487838223576545715e-02,1.760239452123641968e-01
1.099086254835128784e-01,-4.464613273739814758e-02,1.763917803764343262e-01
1.099086254835128784e-01,-4.464613273739814758e-02,1.763917803764343262e-01
1.099373698234558105e-01,-4.441257566213607788e-02,1.767597943544387817e-01
1.099373698234558105e-01,-4.441257566213607788e-02,1.767597943544387817e-01
1.099666506052017212e-01,-4.417771846055984497e-02,1.771279126405715942e-01
1.099666506052017212e-01,-4.417771846055984497e-02,1.771279126405715942e-01
1.099964976310729980e-01,-4.394154250621795654e-02,1.774961799383163452e-01
1.099964976310729980e-01,-4.394154250621795654e-02,1.774961799383163452e-01
1.100269183516502380e-01,-4.370405897498130798e-02,1.778646111488342285e-01
1.100269183516502380e-01,-4.370405897498130798e-02,1.778646111488342285e-01
1.100578978657722473e-01,-4.346526414155960083e-02,1.782331913709640503e-01
1.100578978657722473e-01,-4.346526414155960083e-02,1.782331913709640503e-01
1.100894436240196228e-01,-4.322515055537223816e-02,1.786019057035446167e-01
1.100894436240196228e-01,-4.322515055537223816e-02,1.786019057035446167e-01
1.101215705275535583e-01,-4.298372939229011536e-02,1.789707839488983154e-01
1.101215705275535583e-01,-4.298372939229011536e-02,1.789707839488983154e-01
1.101542487740516663e-01,-4.274097830057144165e-02,1.793398112058639526e-01
1.101542487740516663e-01,-4.274097830057144165e-02,1.793398112058639526e-01
1.101875081658363342e-01,-4.249691590666770935e-02,1.797089576721191406e-01
1.101875081658363342e-01,-4.249691590666770935e-02,1.797089576721191406e-01
1.102213189005851746e-01,-4.225153848528862000e-02,1.800782829523086548e-01
1.102213189005851746e-01,-4.225153848528862000e-02,1.800782829523086548e-01
1.102557256817817688e-01,-4.200482740998268127e-02,1.804477572441101074e-01
1.102557256817817688e-01,-4.200482740998268127e-02,1.804477572441101074e-01
1.102906912565231323e-01,-4.175679385662078857e-02,1.808173805475234985e-01
1.102906912565231323e-01,-4.175679385662078857e-02,1.808173805475234985e-01
1.103262528777122498e-01,-4.150743409991264343e-02,1.811871826648712158e-01
1.103262528777122498e-01,-4.150743409991264343e-02,1.811871826648712158e-01
1.103623881936073303e-01,-4.125674068927764893e-02,1.815571039915084839e-01
1.103623881936073303e-01,-4.125674068927764893e-02,1.815571039915084839e-01
1.103990897536277771e-01,-4.100472480058670044e-02,1.819271743297576904e-01
1.103990897536277771e-01,-4.100472480058670044e-02,1.819271743297576904e-01
1.104363873600959778e-01,-4.075137898325920105e-02,1.822974383831024170e-01
1.104363873600959778e-01,-4.075137898325920105e-02,1.822974383831024170e-01
1.104742437601089478e-01,-4.049668833613395691e-02,1.826678514480590820e-01
1.104742437601089478e-01,-4.049668833613395691e-02,1.826678514480590820e-01
1.105127036571502686e-01,-4.024066776037216187e-02,1.830384135246276855e-01
1.105127036571502686e-01,-4.024066776037216187e-02,1.830384135246276855e-01
1.105517446994781494e-01,-3.998331353068351746e-02,1.834091395139694214e-01
1.105517446994781494e-01,-3.998331353068351746e-02,1.834091395139694214e-01
1.105913668870925903e-01,-3.972461447119712830e-02,1.837800294160842896e-01
1.105913668870925903e-01,-3.972461447119712830e-02,1.837800294160842896e-01
1.106315627694129944e-01,-3.946458175778388977e-02,1.841510832309722900e-01
1.106315627694129944e-01,-3.946458175778388977e-02,1.841510832309722900e-01
1.106723621487617493e-01,-3.920320421457290649e-02,1.845222860574722290e-01
1.106723621487617493e-01,-3.920320421457290649e-02,1.845222860574722290e-01
1.107137650251388550e-01,-3.894047811627388000e-02,1.848936527967453003e-01
1.107137650251388550e-01,-3.894047811627388000e-02,1.848936527967453003e-01
1.107557490468025208e-01,-3.867641091346740723e-02,1.852651983499526978e-01
1.107557490468025208e-01,-3.867641091346740723e-02,1.852651983499526978e-01
1.107983142137527466e-01,-3.841099515557289124e-02,1.856369078159332275e-01
1.107983142137527466e-01,-3.841099515557289124e-02,1.856369078159332275e-01
1.108414828777313232e-01,-3.814421966671943665e-02,1.860087811946868896e-01
1.108414828777313232e-01,-3.814421966671943665e-02,1.860087811946868896e-01
1.108852475881576538e-01,-3.787611052393913269e-02,1.863808333873748779e-01
1.108852475881576538e-01,-3.787611052393913269e-02,1.863808333873748779e-01
1.109296157956123352e-01,-3.760663792490959167e-02,1.867530494928359985e-01
1.109296157956123352e-01,-3.760663792490959167e-02,1.867530494928359985e-01
1.109745725989341736e-01,-3.733581304550170898e-02,1.871254146099090576e-01
1.109745725989341736e-01,-3.733581304550170898e-02,1.871254146099090576e-01
1.110201328992843628e-01,-3.706363216042518616e-02,1.874979883432388306e-01
1.110201328992843628e-01,-3.706363216042518616e-02,1.874979883432388306e-01
1.110662892460823059e-01,-3.679008409380912781e-02,1.878707110881805420e-01
1.110662892460823059e-01,-3.679008409380912781e-02,1.878707110881805420e-01
1.111130714416503906e-01,-3.651518002152442932e-02,1.882435977458953857e-01
1.111130714416503906e-01,-3.651518002152442932e-02,1.882435977458953857e-01
1.111604347825050354e-01,-3.623892739415168762e-02,1.886166632175445557e-01
1.111604347825050354e-01,-3.623892739415168762e-02,1.886166632175445557e-01
1.112083941698074341e-01,-3.596129640936851501e-02,1.889899075031280518e-01
1.112083941698074341e-01,-3.596129640936851501e-02,1.889899075031280518e-01
1.112569868564605713e-01,-3.568230196833610535e-02,1.893633455038070679e-01
1.112569868564605713e-01,-3.568230196833610535e-02,1.893633455038070679e-01
1.113061755895614624e-01,-3.540195524692535400e-02,1.897369325160980225e-01
1.113061755895614624e-01,-3.540195524692535400e-02,1.897369325160980225e-01
1.113559678196907043e-01,-3.512021899223327637e-02,1.901107281446456909e-01
1.113559678196907043e-01,-3.512021899223327637e-02,1.901107281446456909e-01
1.114063709974288940e-01,-3.483711928129196167e-02,1.904846578836441040e-01
1.114063709974288940e-01,-3.483711928129196167e-02,1.904846578836441040e-01
1.114574000239372253e-01,-3.455265238881111145e-02,1.908588111400604248e-01
1.114574000239372253e-01,-3.455265238881111145e-02,1.908588111400604248e-01
1.115090399980545044e-01,-3.426680341362953186e-02,1.912331283092498779e-01
1.115090399980545044e-01,-3.426680341362953186e-02,1.912331283092498779e-01
1.115612909197807312e-01,-3.397958353161811829e-02,1.916076242923736572e-01
1.115612909197807312e-01,-3.397958353161811829e-02,1.916076242923736572e-01
1.116141602396965027e-01,-3.369099646806716919e-02,1.919822841882705688e-01
1.116141602396965027e-01,-3.369099646806716919e-02,1.919822841882705688e-01
1.116676405072212219e-01,-3.340101242065429688e-02,1.923571676015853882e-01
1.116676405072212219e-01,-3.340101242065429688e-02,1.923571676015853882e-01
1.117217466235160828e-01,-3.310966119170188904e-02,1.927322149276733398e-01
1.117217466235160828e-01,-3.310966119170188904e-02,1.927322149276733398e-01
1.117764636874198914e-01,-3.281692042946815491e-02,1.931074261665344238e-01
1.117764636874198914e-01,-3.281692042946815491e-02,1.931074261665344238e-01
1.118318289518356323e-01,-3.252279758453369141e-02,1.934828609228134155e-01
1.118318289518356323e-01,-3.252279758453369141e-02,1.934828609228134155e-01
1.118877902626991272e-01,-3.222728893160820007e-02,1.938584595918655396e-01
1.118877902626991272e-01,-3.222728893160820007e-02,1.938584595918655396e-01
1.119443923234939575e-01,-3.193038329482078552e-02,1.942342370748519897e-01
1.119443923234939575e-01,-3.193038329482078552e-02,1.942342370748519897e-01
1.120016127824783325e-01,-3.163209185004234314e-02,1.946102231740951538e-01
1.120016127824783325e-01,-3.163209185004234314e-02,1.946102231740951538e-01
1.120594665408134460e-01,-3.133241087198257446e-02,1.949864029884338379e-01
1.120594665408134460e-01,-3.133241087198257446e-02,1.949864029884338379e-01
1.121179461479187012e-01,-3.103133477270603180e-02,1.953627765178680420e-01
1.121179461479187012e-01,-3.103133477270603180e-02,1.953627765178680420e-01
1.121770590543746948e-01,-3.072886727750301361e-02,1.957393139600753784e-01
1.121770590543746948e-01,-3.072886727750301361e-02,1.957393139600753784e-01
1.122367978096008301e-01,-3.042500838637351990e-02,1.961160749197006226e-01
1.122367978096008301e-01,-3.042500838637351990e-02,1.961160749197006226e-01
1.122971847653388977e-01,-3.011974319815635681e-02,1.964930295944213867e-01
1.122971847653388977e-01,-3.011974319815635681e-02,1.964930295944213867e-01
1.123581826686859131e-01,-2.981307730078697205e-02,1.968701630830764771e-01
1.123581826686859131e-01,-2.981307730078697205e-02,1.968701630830764771e-01
1.124198287725448608e-01,-2.950501069426536560e-02,1.972475051879882812e-01
1.124198287725448608e-01,-2.950501069426536560e-02,1.972475051879882812e-01
1.124821230769157410e-01,-2.919554151594638824e-02,1.976250261068344116e-01
1.124821230769157410e-01,-2.919554151594638824e-02,1.976250261068344116e-01
1.125450357794761658e-01,-2.888466417789459229e-02,1.980027407407760620e-01
1.125450357794761658e-01,-2.888466417789459229e-02,1.980027407407760620e-01
1.126086041331291199e-01,-2.857238426804542542e-02,1.983806788921356201e-01
1.126086041331291199e-01,-2.857238426804542542e-02,1.983806788921356201e-01
1.126728206872940063e-01,-2.825869061052799225e-02,1.987588256597518921e-01
1.126728206872940063e-01,-2.825869061052799225e-02,1.987588256597518921e-01
1.127376556396484375e-01,-2.794358506798744202e-02,1.991371363401412964e-01
1.127376556396484375e-01,-2.794358506798744202e-02,1.991371363401412964e-01
1.128031611442565918e-01,-2.762707322835922241e-02,1.995156705379486084e-01
1.128031611442565918e-01,-2.762707322835922241e-02,1.995156705379486084e-01
1.128692924976348877e-01,-2.730914019048213959e-02,1.998944133520126343e-01
1.128692924976348877e-01,-2.730914019048213959e-02,1.998944133520126343e-01
1.129360795021057129e-01,-2.698979713022708893e-02,2.002733349800109863e-01
1.129360795021057129e-01,-2.698979713022708893e-02,2.002733349800109863e-01
1.130035147070884705e-01,-2.666903659701347351e-02,2.006524652242660522e-01
1.130035147070884705e-01,-2.666903659701347351e-02,2.006524652242660522e-01
1.130716055631637573e-01,-2.634684741497039795e-02,2.010318338871002197e-01
1.130716055631637573e-01,-2.634684741497039795e-02,2.010318338871002197e-01
1.131403446197509766e-01,-2.602324075996875763e-02,2.014113813638687134e-01
1.131403446197509766e-01,-2.602324075996875763e-02,2.014113813638687134e-01
1.132097393274307251e-01,-2.569822035729885101e-02,2.017911374568939209e-01
1.132097393274307251e-01,-2.569822035729885101e-02,2.017911374568939209e-01
1.132797747850418091e-01,-2.537176944315433502e-02,2.021710872650146484e-01
1.132797747850418091e-01,-2.537176944315433502e-02,2.021710872650146484e-01
1.133504733443260193e-01,-2.504388801753520966e-02,2.025512903928756714e-01
1.133504733443260193e-01,-2.504388801753520966e-02,2.025512903928756714e-01
1.134218350052833557e-01,-2.471457608044147491e-02,2.029316723346710205e-01
1.134218350052833557e-01,-2.471457608044147491e-02,2.029316723346710205e-01
1.134938597679138184e-01,-2.438384480774402618e-02,2.033122777938842773e-01
1.134938597679138184e-01,-2.438384480774402618e-02,2.033122777938842773e-01
1.135665327310562134e-01,-2.405166998505592346e-02,2.036930918693542480e-01
1.135665327310562134e-01,-2.405166998505592346e-02,2.036930918693542480e-01
1.136398613452911377e-01,-2.371807582676410675e-02,2.040741145610809326e-01
1.136398613452911377e-01,-2.371807582676410675e-02,2.040741145610809326e-01
1.137138605117797852e-01,-2.338302880525588989e-02,2.044553458690643311e-01
1.137138605117797852e-01,-2.338302880525588989e-02,2.044553458690643311e-01
1.137885302305221558e-01,-2.304655499756336212e-02,2.048368155956268311e-01
1.137885302305221558e-01,-2.304655499756336212e-02,2.048368155956268311e-01
1.138638556003570557e-01,-2.270864136517047882e-02,2.052184790372848511e-01
1.138638556003570557e-01,-2.270864136517047882e-02,2.052184790372848511e-01
1.139398589730262756e-01,-2.236928977072238922e-02,2.056003659963607788e-01
1.139398589730262756e-01,-2.236928977072238922e-02,2.056003659963607788e-01
1.140165179967880249e-01,-2.202849648892879486e-02,2.059824913740158081e-01
1.140165179967880249e-01,-2.202849648892879486e-02,2.059824913740158081e-01
1.140938550233840942e-01,-2.168625220656394958e-02,2.063648104667663574e-01
1.140938550233840942e-01,-2.168625220656394958e-02,2.063648104667663574e-01
1.141718551516532898e-01,-2.134256064891815186e-02,2.067473381757736206e-01
1.141718551516532898e-01,-2.134256064891815186e-02,2.067473381757736206e-01
1.142505332827568054e-01,-2.099743112921714783e-02,2.071301192045211792e-01
1.142505332827568054e-01,-2.099743112921714783e-02,2.071301192045211792e-01
1.143298819661140442e-01,-2.065085060894489288e-02,2.075130939483642578e-01
1.143298819661140442e-01,-2.065085060894489288e-02,2.075130939483642578e-01
1.144099161028862000e-01,-2.030281163752079010e-02,2.078963220119476318e-01
1.144099161028862000e-01,-2.030281163752079010e-02,2.078963220119476318e-01
1.144906133413314819e-01,-1.995333097875118256e-02,2.082797437906265259e-01
1.144906133413314819e-01,-1.995333097875118256e-02,2.082797437906265259e-01
1.145719885826110840e-01,-1.960238628089427948e-02,2.086633890867233276e-01
1.145719885826110840e-01,-1.960238628089427948e-02,2.086633890867233276e-01
1.146540641784667969e-01,-1.924998499453067780e-02,2.090473026037216187e-01
1.146540641784667969e-01,-1.924998499453067780e-02,2.090473026037216187e-01
1.147367954254150391e-01,-1.889613084495067596e-02,2.094314098358154297e-01
1.147367954254150391e-01,-1.889613084495067596e-02,2.094314098358154297e-01
1.148202270269393921e-01,-1.854080893099308014e-02,2.098157554864883423e-01
1.148202270269393921e-01,-1.854080893099308014e-02,2.098157554864883423e-01
1.149043291807174683e-01,-1.818403415381908417e-02,2.102003097534179688e-01
1.149043291807174683e-01,-1.818403415381908417e-02,2.102003097534179688e-01
1.149891242384910583e-01,-1.782579720020294189e-02,2.105851173400878906e-01
1.149891242384910583e-01,-1.782579720020294189e-02,2.105851173400878906e-01
1.150746047496795654e-01,-1.746609061956405640e-02,2.109701335430145264e-01
1.150746047496795654e-01,-1.746609061956405640e-02,2.109701335430145264e-01
1.151607707142829895e-01,-1.710491441190242767e-02,2.113554179668426514e-01
1.151607707142829895e-01,-1.710491441190242767e-02,2.113554179668426514e-01
1.152476295828819275e-01,-1.674227230250835419e-02,2.117409110069274902e-01
1.152476295828819275e-01,-1.674227230250835419e-02,2.117409110069274902e-01
1.153351813554763794e-01,-1.637816056609153748e-02,2.121266275644302368e-01
1.153351813554763794e-01,-1.637816056609153748e-02,2.121266275644302368e-01
1.154234111309051514e-01,-1.601257547736167908e-02,2.125125974416732788e-01
1.154234111309051514e-01,-1.601257547736167908e-02,2.125125974416732788e-01
1.155123561620712280e-01,-1.564552076160907745e-02,2.128987908363342285e-01
1.155123561620712280e-01,-1.564552076160907745e-02,2.128987908363342285e-01
1.156019791960716248e-01,-1.527698803693056107e-02,2.132852226495742798e-01
1.156019791960716248e-01,-1.527698803693056107e-02,2.132852226495742798e-01
1.156922951340675354e-01,-1.490697544068098068e-02,2.136719077825546265e-01
1.156922951340675354e-01,-1.490697544068098068e-02,2.136719077825546265e-01
1.157833188772201538e-01,-1.453547831624746323e-02,2.140588164329528809e-01
1.157833188772201538e-01,-1.453547831624746323e-02,2.140588164329528809e-01
1.158750355243682861e-01,-1.416251342743635178e-02,2.144459486007690430e-01
1.158750355243682861e-01,-1.416251342743635178e-02,2.144459486007690430e-01
1.159674599766731262e-01,-1.378805842250585556e-02,2.148333489894866943e-01
1.159674599766731262e-01,-1.378805842250585556e-02,2.148333489894866943e-01
1.160605698823928833e-01,-1.341213006526231766e-02,2.152209728956222534e-01
1.160605698823928833e-01,-1.341213006526231766e-02,2.152209728956222534e-01
1.161544024944305420e-01,-1.303470041602849960e-02,2.156088650226593018e-01
1.161544024944305420e-01,-1.303470041602849960e-02,2.156088650226593018e-01
1.162489280104637146e-01,-1.265578716993331909e-02,2.159969508647918701e-01
1.162489280104637146e-01,-1.265578716993331909e-02,2.159969508647918701e-01
1.163441687822341919e-01,-1.227537821978330612e-02,2.163853347301483154e-01
1.163441687822341919e-01,-1.227537821978330612e-02,2.163853347301483154e-01
1.164401173591613770e-01,-1.189349032938480377e-02,2.167739421129226685e-01
1.164401173591613770e-01,-1.189349032938480377e-02,2.167739421129226685e-01
1.165367588400840759e-01,-1.151010673493146896e-02,2.171627879142761230e-01
1.165367588400840759e-01,-1.151010673493146896e-02,2.171627879142761230e-01
1.166341230273246765e-01,-1.112522371113300323e-02,2.175518870353698730e-01
1.166341230273246765e-01,-1.112522371113300323e-02,2.175518870353698730e-01
1.167321950197219849e-01,-1.073884963989257812e-02,2.179412543773651123e-01
1.167321950197219849e-01,-1.073884963989257812e-02,2.179412543773651123e-01
1.168309822678565979e-01,-1.035097613930702209e-02,2.183308452367782593e-01
1.168309822678565979e-01,-1.035097613930702209e-02,2.183308452367782593e-01
1.169304847717285156e-01,-9.961601346731185913e-03,2.187206745147705078e-01
1.169304847717285156e-01,-9.961601346731185913e-03,2.187206745147705078e-01
1.170306876301765442e-01,-9.570721536874771118e-03,2.191107720136642456e-01
1.170306876301765442e-01,-9.570721536874771118e-03,2.191107720136642456e-01
1.171316206455230713e-01,-9.178340435028076172e-03,2.195011228322982788e-01
1.171316206455230713e-01,-9.178340435028076172e-03,2.195011228322982788e-01
1.172332689166069031e-01,-8.784448727965354919e-03,2.198917418718338013e-01
1.172332689166069031e-01,-8.784448727965354919e-03,2.198917418718338013e-01
1.173356473445892334e-01,-8.389056660234928131e-03,2.202825844287872314e-01
1.173356473445892334e-01,-8.389056660234928131e-03,2.202825844287872314e-01
1.174387484788894653e-01,-7.992158643901348114e-03,2.206736952066421509e-01
1.174387484788894653e-01,-7.992158643901348114e-03,2.206736952066421509e-01
1.175425574183464050e-01,-7.593737915158271790e-03,2.210650593042373657e-01
1.175425574183464050e-01,-7.593737915158271790e-03,2.210650593042373657e-01
1.176470965147018433e-01,-7.193812169134616852e-03,2.214566916227340698e-01
1.176470965147018433e-01,-7.193812169134616852e-03,2.214566916227340698e-01
1.177523583173751831e-01,-6.792380474507808685e-03,2.218485474586486816e-01
1.177523583173751831e-01,-6.792380474507808685e-03,2.218485474586486816e-01
1.178583502769470215e-01,-6.389426998794078827e-03,2.222407013177871704e-01
1.178583502769470215e-01,-6.389426998794078827e-03,2.222407013177871704e-01
1.179650723934173584e-01,-5.984956864267587662e-03,2.226330935955047607e-01
1.179650723934173584e-01,-5.984956864267587662e-03,2.226330935955047607e-01
1.180725172162055969e-01,-5.578954238444566727e-03,2.230257689952850342e-01
1.180725172162055969e-01,-5.578954238444566727e-03,2.230257689952850342e-01
1.181807070970535278e-01,-5.171440541744232178e-03,2.234186828136444092e-01
1.181807070970535278e-01,-5.171440541744232178e-03,2.234186828136444092e-01
1.182896196842193604e-01,-4.762404598295688629e-03,2.238118499517440796e-01
1.182896196842193604e-01,-4.762404598295688629e-03,2.238118499517440796e-01
1.183992549777030945e-01,-4.351847339421510696e-03,2.242053151130676270e-01
1.183992549777030945e-01,-4.351847339421510696e-03,2.242053151130676270e-01
1.185096353292465210e-01,-3.939762711524963379e-03,2.245990186929702759e-01
1.185096353292465210e-01,-3.939762711524963379e-03,2.245990186929702759e-01
1.186207681894302368e-01,-3.526140237227082253e-03,2.249930202960968018e-01
1.186207681894302368e-01,-3.526140237227082253e-03,2.249930202960968018e-01
1.187326163053512573e-01,-3.111001104116439819e-03,2.253872305154800415e-01
1.187326163053512573e-01,-3.111001104116439819e-03,2.253872305154800415e-01
1.188452169299125671e-01,-2.694318769499659538e-03,2.257817536592483521e-01
1.188452169299125671e-01,-2.694318769499659538e-03,2.257817536592483521e-01
1.189585477113723755e-01,-2.276103943586349487e-03,2.261765301227569580e-01
1.189585477113723755e-01,-2.276103943586349487e-03,2.261765301227569580e-01
1.190726235508918762e-01,-1.856356742791831493e-03,2.265715897083282471e-01
1.190726235508918762e-01,-1.856356742791831493e-03,2.265715897083282471e-01
1.191874518990516663e-01,-1.435082289390265942e-03,2.269668877124786377e-01
1.191874518990516663e-01,-1.435082289390265942e-03,2.269668877124786377e-01
1.193030253052711487e-01,-1.012253807857632637e-03,2.273624837398529053e-01
1.193030253052711487e-01,-1.012253807857632637e-03,2.273624837398529053e-01
1.194193288683891296e-01,-5.878982483409345150e-04,2.277583330869674683e-01
1.194193288683891296e-01,-5.878982483409345150e-04,2.277583330869674683e-01
1.195363998413085938e-01,-1.619941467652097344e-04,2.281544655561447144e-01
1.195363998413085938e-01,-1.619941467652097344e-04,2.281544655561447144e-01
1.196542084217071533e-01,2.654585114214569330e-04,2.285508811473846436e-01
1.196542084217071533e-01,2.654585114214569330e-04,2.285508811473846436e-01
1.197727620601654053e-01,6.944490596652030945e-04,2.289475649595260620e-01
1.197727620601654053e-01,6.944490596652030945e-04,2.289475649595260620e-01
1.198920831084251404e-01,1.124988193623721600e-03,2.293445169925689697e-01
1.198920831084251404e-01,1.124988193623721600e-03,2.293445169925689697e-01
1.200121566653251648e-01,1.557075767777860165e-03,2.297417670488357544e-01
1.200121566653251648e-01,1.557075767777860165e-03,2.297417670488357544e-01
1.201329752802848816e-01,1.990722725167870522e-03,2.301392853260040283e-01
1.201329752802848816e-01,1.990722725167870522e-03,2.301392853260040283e-01
1.202545538544654846e-01,2.425912767648696899e-03,2.305370718240737915e-01
1.202545538544654846e-01,2.425912767648696899e-03,2.305370718240737915e-01
1.203768849372863770e-01,2.862662076950073242e-03,2.309351265430450439e-01
1.203768849372863770e-01,2.862662076950073242e-03,2.309351265430450439e-01
1.204999834299087524e-01,3.300970653071999550e-03,2.313334941864013672e-01
1.204999834299087524e-01,3.300970653071999550e-03,2.313334941864013672e-01
1.206238344311714172e-01,3.740827552974224091e-03,2.317321300506591797e-01
1.206238344311714172e-01,3.740827552974224091e-03,2.317321300506591797e-01
1.207484528422355652e-01,4.182243719696998596e-03,2.321310490369796753e-01
1.207484528422355652e-01,4.182243719696998596e-03,2.321310490369796753e-01
1.208738312125205994e-01,4.625230096280574799e-03,2.325302660465240479e-01
1.208738312125205994e-01,4.625230096280574799e-03,2.325302660465240479e-01
1.209999844431877136e-01,5.069781094789505005e-03,2.329297363758087158e-01
1.209999844431877136e-01,5.069781094789505005e-03,2.329297363758087158e-01
1.211268901824951172e-01,5.515885539352893829e-03,2.333295196294784546e-01
1.211268901824951172e-01,5.515885539352893829e-03,2.333295196294784546e-01
1.212545633316040039e-01,5.963565316051244736e-03,2.337295562028884888e-01
1.212545633316040039e-01,5.963565316051244736e-03,2.337295562028884888e-01
1.213830038905143738e-01,6.412815302610397339e-03,2.341299206018447876e-01
1.213830038905143738e-01,6.412815302610397339e-03,2.341299206018447876e-01
1.215122267603874207e-01,6.863629911094903946e-03,2.345305532217025757e-01
1.215122267603874207e-01,6.863629911094903946e-03,2.345305532217025757e-01
1.216422095894813538e-01,7.316019386053085327e-03,2.349314689636230469e-01
1.216422095894813538e-01,7.316019386053085327e-03,2.349314689636230469e-01
1.217729747295379639e-01,7.769979070872068405e-03,2.353326976299285889e-01
1.217729747295379639e-01,7.769979070872068405e-03,2.353326976299285889e-01
1.219045072793960571e-01,8.225508034229278564e-03,2.357341945171356201e-01
1.219045072793960571e-01,8.225508034229278564e-03,2.357341945171356201e-01
1.220368221402168274e-01,8.682629093527793884e-03,2.361359894275665283e-01
1.220368221402168274e-01,8.682629093527793884e-03,2.361359894275665283e-01
1.221699118614196777e-01,9.141325019299983978e-03,2.365380972623825073e-01
1.221699118614196777e-01,9.141325019299983978e-03,2.365380972623825073e-01
1.223037764430046082e-01,9.601595811545848846e-03,2.369404584169387817e-01
1.223037764430046082e-01,9.601595811545848846e-03,2.369404584169387817e-01
1.224384233355522156e-01,1.006345357745885849e-02,2.373431622982025146e-01
1.224384233355522156e-01,1.006345357745885849e-02,2.373431622982025146e-01
1.225738376379013062e-01,1.052689086645841599e-02,2.377461344003677368e-01
1.225738376379013062e-01,1.052689086645841599e-02,2.377461344003677368e-01
1.227100566029548645e-01,1.099191978573799133e-02,2.381494194269180298e-01
1.227100566029548645e-01,1.099191978573799133e-02,2.381494194269180298e-01
1.228470578789710999e-01,1.145853474736213684e-02,2.385529875755310059e-01
1.228470578789710999e-01,1.145853474736213684e-02,2.385529875755310059e-01
1.229848340153694153e-01,1.192674133926630020e-02,2.389568835496902466e-01
1.229848340153694153e-01,1.192674133926630020e-02,2.389568835496902466e-01
1.231233924627304077e-01,1.239653304219245911e-02,2.393610477447509766e-01
1.231233924627304077e-01,1.239653304219245911e-02,2.393610477447509766e-01
1.232627630233764648e-01,1.286792755126953125e-02,2.397655248641967773e-01
1.232627630233764648e-01,1.286792755126953125e-02,2.397655248641967773e-01
1.234029009938240051e-01,1.334090717136859894e-02,2.401702851057052612e-01
1.234029009938240051e-01,1.334090717136859894e-02,2.401702851057052612e-01
1.235438436269760132e-01,1.381548959761857986e-02,2.405753880739212036e-01
1.235438436269760132e-01,1.381548959761857986e-02,2.405753880739212036e-01
1.236855611205101013e-01,1.429165713489055634e-02,2.409807443618774414e-01
1.236855611205101013e-01,1.429165713489055634e-02,2.409807443618774414e-01
1.238280907273292542e-01,1.476943213492631912e-02,2.413864433765411377e-01
1.238280907273292542e-01,1.476943213492631912e-02,2.413864433765411377e-01
1.239714100956916809e-01,1.524882018566131592e-02,2.417924404144287109e-01
1.239714100956916809e-01,1.524882018566131592e-02,2.417924404144287109e-01
1.241155117750167847e-01,1.572979986667633057e-02,2.421987354755401611e-01
1.241155117750167847e-01,1.572979986667633057e-02,2.421987354755401611e-01
1.242604255676269531e-01,1.621238514780998230e-02,2.426053434610366821e-01
1.242604255676269531e-01,1.621238514780998230e-02,2.426053434610366821e-01
1.244061440229415894e-01,1.669658534228801727e-02,2.430122643709182739e-01
1.244061440229415894e-01,1.669658534228801727e-02,2.430122643709182739e-01
1.245526522397994995e-01,1.718237996101379395e-02,2.434194833040237427e-01
1.245526522397994995e-01,1.718237996101379395e-02,2.434194833040237427e-01
1.246999651193618774e-01,1.766979880630970001e-02,2.438270151615142822e-01
1.246999651193618774e-01,1.766979880630970001e-02,2.438270151615142822e-01
1.248480901122093201e-01,1.815882511436939240e-02,2.442348748445510864e-01
1.248480901122093201e-01,1.815882511436939240e-02,2.442348748445510864e-01
1.249970048666000366e-01,1.864945329725742340e-02,2.446430474519729614e-01
1.249970048666000366e-01,1.864945329725742340e-02,2.446430474519729614e-01
1.251467317342758179e-01,1.914171501994132996e-02,2.450515180826187134e-01
1.251467317342758179e-01,1.914171501994132996e-02,2.450515180826187134e-01
1.252972781658172607e-01,1.963558979332447052e-02,2.454603016376495361e-01
1.252972781658172607e-01,1.963558979332447052e-02,2.454603016376495361e-01
1.254486143589019775e-01,2.013107761740684509e-02,2.458693832159042358e-01
1.254486143589019775e-01,2.013107761740684509e-02,2.458693832159042358e-01
1.256007701158523560e-01,2.062819339334964752e-02,2.462788522243499756e-01
1.256007701158523560e-01,2.062819339334964752e-02,2.462788522243499756e-01
1.257537454366683960e-01,2.112692780792713165e-02,2.466885894536972046e-01
1.257537454366683960e-01,2.112692780792713165e-02,2.466885894536972046e-01
1.259075403213500977e-01,2.162729017436504364e-02,2.470986396074295044e-01
1.259075403213500977e-01,2.162729017436504364e-02,2.470986396074295044e-01
1.260621249675750732e-01,2.212928049266338348e-02,2.475090175867080688e-01
1.260621249675750732e-01,2.212928049266338348e-02,2.475090175867080688e-01
1.262175440788269043e-01,2.263288944959640503e-02,2.479197084903717041e-01
1.262175440788269043e-01,2.263288944959640503e-02,2.479197084903717041e-01
1.263737678527832031e-01,2.313813939690589905e-02,2.483307272195816040e-01
1.263737678527832031e-01,2.313813939690589905e-02,2.483307272195816040e-01
1.265308111906051636e-01,2.364500984549522400e-02,2.487420588731765747e-01
1.265308111906051636e-01,2.364500984549522400e-02,2.487420588731765747e-01
1.266886889934539795e-01,2.415352128446102142e-02,2.491537481546401978e-01
1.266886889934539795e-01,2.415352128446102142e-02,2.491537481546401978e-01
1.268473714590072632e-01,2.466366067528724670e-02,2.495657205581665039e-01
1.268473714590072632e-01,2.466366067528724670e-02,2.495657205581665039e-01
1.270068883895874023e-01,2.517544105648994446e-02,2.499780356884002686e-01
1.270068883895874023e-01,2.517544105648994446e-02,2.499780356884002686e-01
1.271672248840332031e-01,2.568885870277881622e-02,2.503906786441802979e-01
1.271672248840332031e-01,2.568885870277881622e-02,2.503906786441802979e-01
1.273283958435058594e-01,2.620391733944416046e-02,2.508036494255065918e-01
1.273283958435058594e-01,2.620391733944416046e-02,2.508036494255065918e-01
1.274904012680053711e-01,2.672061696648597717e-02,2.512169480323791504e-01
1.274904012680053711e-01,2.672061696648597717e-02,2.512169480323791504e-01
1.276532113552093506e-01,2.723896689713001251e-02,2.516305744647979736e-01
1.276532113552093506e-01,2.723896689713001251e-02,2.516305744647979736e-01
1.278168559074401855e-01,2.775895036756992340e-02,2.520444989204406738e-01
1.278168559074401855e-01,2.775895036756992340e-02,2.520444989204406738e-01
1.279813498258590698e-01,2.828059159219264984e-02,2.524588108062744141e-01
1.279813498258590698e-01,2.828059159219264984e-02,2.524588108062744141e-01
1.281466633081436157e-01,2.880387380719184875e-02,2.528734207153320312e-01
1.281466633081436157e-01,2.880387380719184875e-02,2.528734207153320312e-01
1.283127963542938232e-01,2.932881191372871399e-02,2.532883584499359131e-01
1.283127963542938232e-01,2.932881191372871399e-02,2.532883584499359131e-01
1.284797936677932739e-01,2.985540218651294708e-02,2.537036836147308350e-01
1.284797936677932739e-01,2.985540218651294708e-02,2.537036836147308350e-01
1.286476105451583862e-01,3.038364276289939880e-02,2.541192770004272461e-01
1.286476105451583862e-01,3.038364276289939880e-02,2.541192770004272461e-01
1.288162767887115479e-01,3.091354481875896454e-02,2.545352578163146973e-01
1.288162767887115479e-01,3.091354481875896454e-02,2.545352578163146973e-01
1.289857774972915649e-01,3.144510090351104736e-02,2.549515366554260254e-01
1.289857774972915649e-01,3.144510090351104736e-02,2.549515366554260254e-01
1.291561275720596313e-01,3.197832033038139343e-02,2.553681731224060059e-01
1.291561275720596313e-01,3.197832033038139343e-02,2.553681731224060059e-01
1.293272972106933594e-01,3.251319378614425659e-02,2.557851076126098633e-01
1.293272972106933594e-01,3.251319378614425659e-02,2.557851076126098633e-01
1.294993311166763306e-01,3.304973989725112915e-02,2.562024295330047607e-01
1.294993311166763306e-01,3.304973989725112915e-02,2.562024295330047607e-01
1.296722143888473511e-01,3.358794376254081726e-02,2.566200792789459229e-01
1.296722143888473511e-01,3.358794376254081726e-02,2.566200792789459229e-01
1.298459321260452271e-01,3.412781655788421631e-02,2.570380866527557373e-01
1.298459321260452271e-01,3.412781655788421631e-02,2.570380866527557373e-01
1.300204992294311523e-01,3.466935828328132629e-02,2.574563920497894287e-01
1.300204992294311523e-01,3.466935828328132629e-02,2.574563920497894287e-01
1.301959156990051270e-01,3.521256521344184875e-02,2.578750848770141602e-01
1.301959156990051270e-01,3.521256521344184875e-02,2.578750848770141602e-01
1.303721964359283447e-01,3.575744852423667908e-02,2.582941055297851562e-01
1.303721964359283447e-01,3.575744852423667908e-02,2.582941055297851562e-01
1.305493116378784180e-01,3.630400821566581726e-02,2.587134838104248047e-01
1.305493116378784180e-01,3.630400821566581726e-02,2.587134838104248047e-01
1.307272911071777344e-01,3.685223683714866638e-02,2.591331899166107178e-01
1.307272911071777344e-01,3.685223683714866638e-02,2.591331899166107178e-01
1.309061199426651001e-01,3.740214556455612183e-02,2.595532238483428955e-01
1.309061199426651001e-01,3.740214556455612183e-02,2.595532238483428955e-01
1.310858130455017090e-01,3.795372694730758667e-02,2.599736750125885010e-01
1.310858130455017090e-01,3.795372694730758667e-02,2.599736750125885010e-01
1.312663555145263672e-01,3.850699961185455322e-02,2.603943943977355957e-01
1.312663555145263672e-01,3.850699961185455322e-02,2.603943943977355957e-01
1.314477622509002686e-01,3.906194865703582764e-02,2.608155310153961182e-01
1.314477622509002686e-01,3.906194865703582764e-02,2.608155310153961182e-01
1.316300332546234131e-01,3.961857408285140991e-02,2.612369656562805176e-01
1.316300332546234131e-01,3.961857408285140991e-02,2.612369656562805176e-01
1.318131536245346069e-01,4.017689451575279236e-02,2.616587877273559570e-01
1.318131536245346069e-01,4.017689451575279236e-02,2.616587877273559570e-01
1.319971382617950439e-01,4.073690623044967651e-02,2.620809376239776611e-01
1.319971382617950439e-01,4.073690623044967651e-02,2.620809376239776611e-01
1.321820020675659180e-01,4.129859805107116699e-02,2.625034749507904053e-01
1.321820020675659180e-01,4.129859805107116699e-02,2.625034749507904053e-01
1.323677301406860352e-01,4.186198487877845764e-02,2.629263699054718018e-01
1.323677301406860352e-01,4.186198487877845764e-02,2.629263699054718018e-01
1.325543224811553955e-01,4.242707043886184692e-02,2.633495926856994629e-01
1.325543224811553955e-01,4.242707043886184692e-02,2.633495926856994629e-01
1.327417790889739990e-01,4.299383983016014099e-02,2.637731730937957764e-01
1.327417790889739990e-01,4.299383983016014099e-02,2.637731730937957764e-01
1.329301148653030396e-01,4.356231167912483215e-02,2.641971111297607422e-01
1.329301148653030396e-01,4.356231167912483215e-02,2.641971111297607422e-01
1.331193298101425171e-01,4.413248226046562195e-02,2.646214365959167480e-01
1.331193298101425171e-01,4.413248226046562195e-02,2.646214365959167480e-01
1.333093941211700439e-01,4.470434784889221191e-02,2.650460898876190186e-01
1.333093941211700439e-01,4.470434784889221191e-02,2.650460898876190186e-01
1.335003376007080078e-01,4.527791216969490051e-02,2.654711306095123291e-01
1.335003376007080078e-01,4.527791216969490051e-02,2.654711306095123291e-01
1.336921751499176025e-01,4.585319384932518005e-02,2.658964991569519043e-01
1.336921751499176025e-01,4.585319384932518005e-02,2.658964991569519043e-01
1.338848769664764404e-01,4.643016681075096130e-02,2.663222253322601318e-01
1.338848769664764404e-01,4.643016681075096130e-02,2.663222253322601318e-01
1.340784579515457153e-01,4.700885340571403503e-02,2.667483687400817871e-01
1.340784579515457153e-01,4.700885340571403503e-02,2.667483687400817871e-01
1.342729330062866211e-01,4.758924245834350586e-02,2.671748399734497070e-01
1.342729330062866211e-01,4.758924245834350586e-02,2.671748399734497070e-01
1.344682723283767700e-01,4.817134886980056763e-02,2.676016986370086670e-01
1.344682723283767700e-01,4.817134886980056763e-02,2.676016986370086670e-01
1.346644908189773560e-01,4.875516146421432495e-02,2.680288851261138916e-01
1.346644908189773560e-01,4.875516146421432495e-02,2.680288851261138916e-01
1.348616182804107666e-01,4.934069514274597168e-02,2.684564590454101562e-01
1.348616182804107666e-01,4.934069514274597168e-02,2.684564590454101562e-01
1.350596100091934204e-01,4.992794618010520935e-02,2.688844203948974609e-01
1.350596100091934204e-01,4.992794618010520935e-02,2.688844203948974609e-01
1.352584958076477051e-01,5.051689594984054565e-02,2.693127095699310303e-01
1.352584958076477051e-01,5.051689594984054565e-02,2.693127095699310303e-01
1.354582756757736206e-01,5.110757797956466675e-02,2.697413861751556396e-01
1.354582756757736206e-01,5.110757797956466675e-02,2.697413861751556396e-01
1.356589347124099731e-01,5.169997736811637878e-02,2.701704800128936768e-01
1.356589347124099731e-01,5.169997736811637878e-02,2.701704800128936768e-01
1.358605027198791504e-01,5.229410529136657715e-02,2.705999016761779785e-01
1.358605027198791504e-01,5.229410529136657715e-02,2.705999016761779785e-01
1.360629498958587646e-01,5.288995429873466492e-02,2.710297107696533203e-01
1.360629498958587646e-01,5.288995429873466492e-02,2.710297107696533203e-01
1.362662911415100098e-01,5.348753556609153748e-02,2.714599072933197021e-01
1.362662911415100098e-01,5.348753556609153748e-02,2.714599072933197021e-01
1.364705264568328857e-01,5.408683419227600098e-02,2.718904316425323486e-01
1.364705264568328857e-01,5.408683419227600098e-02,2.718904316425323486e-01
1.366756707429885864e-01,5.468786880373954773e-02,2.723214030265808105e-01
1.366756707429885864e-01,5.468786880373954773e-02,2.723214030265808105e-01
1.368817090988159180e-01,5.529062822461128235e-02,2.727526724338531494e-01
1.368817090988159180e-01,5.529062822461128235e-02,2.727526724338531494e-01
1.370886415243148804e-01,5.589511990547180176e-02,2.731843888759613037e-01
1.370886415243148804e-01,5.589511990547180176e-02,2.731843888759613037e-01
1.372964680194854736e-01,5.650135129690170288e-02,2.736164331436157227e-01
1.372964680194854736e-01,5.650135129690170288e-02,2.736164331436157227e-01
1.375052183866500854e-01,5.710932239890098572e-02,2.740488946437835693e-01
1.375052183866500854e-01,5.710932239890098572e-02,2.740488946437835693e-01
1.377148479223251343e-01,5.771902948617935181e-02,2.744817137718200684e-01
1.377148479223251343e-01,5.771902948617935181e-02,2.744817137718200684e-01
1.379254162311553955e-01,5.833047628402709961e-02,2.749149203300476074e-01
1.379254162311553955e-01,5.833047628402709961e-02,2.749149203300476074e-01
1.381368637084960938e-01,5.894365534186363220e-02,2.753485143184661865e-01
1.381368637084960938e-01,5.894365534186363220e-02,2.753485143184661865e-01
1.383492201566696167e-01,5.955859273672103882e-02,2.757824659347534180e-01
1.383492201566696167e-01,5.955859273672103882e-02,2.757824659347534180e-01
1.385624855756759644e-01,6.017526611685752869e-02,2.762168347835540771e-01
1.385624855756759644e-01,6.017526611685752869e-02,2.762168347835540771e-01
1.387766897678375244e-01,6.079369038343429565e-02,2.766515910625457764e-01
1.387766897678375244e-01,6.079369038343429565e-02,2.766515910625457764e-01
1.389917880296707153e-01,6.141386926174163818e-02,2.770867347717285156e-01
1.389917880296707153e-01,6.141386926174163818e-02,2.770867347717285156e-01
1.392077952623367310e-01,6.203578785061836243e-02,2.775222361087799072e-01
1.392077952623367310e-01,6.203578785061836243e-02,2.775222361087799072e-01
1.394247114658355713e-01,6.265945732593536377e-02,2.779581546783447266e-01
1.394247114658355713e-01,6.265945732593536377e-02,2.779581546783447266e-01
1.396425515413284302e-01,6.328488886356353760e-02,2.783944606781005859e-01
1.396425515413284302e-01,6.328488886356353760e-02,2.783944606781005859e-01
1.398613154888153076e-01,6.391207128763198853e-02,2.788311541080474854e-01
1.398613154888153076e-01,6.391207128763198853e-02,2.788311541080474854e-01
1.400810033082962036e-01,6.454101204872131348e-02,2.792682349681854248e-01
1.400810033082962036e-01,6.454101204872131348e-02,2.792682349681854248e-01
1.403016149997711182e-01,6.517172604799270630e-02,2.797057032585144043e-01
1.403016149997711182e-01,6.517172604799270630e-02,2.797057032585144043e-01
1.405231207609176636e-01,6.580418348312377930e-02,2.801435887813568115e-01
1.405231207609176636e-01,6.580418348312377930e-02,2.801435887813568115e-01
1.407455652952194214e-01,6.643840670585632324e-02,2.805818617343902588e-01
1.407455652952194214e-01,6.643840670585632324e-02,2.805818617343902588e-01
1.409689337015151978e-01,6.707439571619033813e-02,2.810205221176147461e-01
1.409689337015151978e-01,6.707439571619033813e-02,2.810205221176147461e-01
1.411932408809661865e-01,6.771215796470642090e-02,2.814595401287078857e-01
1.411932408809661865e-01,6.771215796470642090e-02,2.814595401287078857e-01
1.414184570312500000e-01,6.835167109966278076e-02,2.818990051746368408e-01
1.414184570312500000e-01,6.835167109966278076e-02,2.818990051746368408e-01
1.416446268558502197e-01,6.899297237396240234e-02,2.823388576507568359e-01
1.416446268558502197e-01,6.899297237396240234e-02,2.823388576507568359e-01
1.418717056512832642e-01,6.963603198528289795e-02,2.827790975570678711e-01
1.418717056512832642e-01,6.963603198528289795e-02,2.827790975570678711e-01
1.420997232198715210e-01,7.028087228536605835e-02,2.832197844982147217e-01
1.420997232198715210e-01,7.028087228536605835e-02,2.832197844982147217e-01
1.423286646604537964e-01,7.092750072479248047e-02,2.836608290672302246e-01
1.423286646604537964e-01,7.092750072479248047e-02,2.836608290672302246e-01
1.425585597753524780e-01,7.157588750123977661e-02,2.841022610664367676e-01
1.425585597753524780e-01,7.157588750123977661e-02,2.841022610664367676e-01
1.427893787622451782e-01,7.222605496644973755e-02,2.845441401004791260e-01
1.427893787622451782e-01,7.222605496644973755e-02,2.845441401004791260e-01
1.430211365222930908e-01,7.287800312042236328e-02,2.849864065647125244e-01
1.430211365222930908e-01,7.287800312042236328e-02,2.849864065647125244e-01
1.432538330554962158e-01,7.353173941373825073e-02,2.854290604591369629e-01
1.432538330554962158e-01,7.353173941373825073e-02,2.854290604591369629e-01
1.434874683618545532e-01,7.418724894523620605e-02,2.858721315860748291e-01
1.434874683618545532e-01,7.418724894523620605e-02,2.858721315860748291e-01
1.437220573425292969e-01,7.484454661607742310e-02,2.863156199455261230e-01
1.437220573425292969e-01,7.484454661607742310e-02,2.863156199455261230e-01
1.439575701951980591e-01,7.550363242626190186e-02,2.867595255374908447e-01
1.439575701951980591e-01,7.550363242626190186e-02,2.867595255374908447e-01
1.441940367221832275e-01,7.616451382637023926e-02,2.872038185596466064e-01
1.441940367221832275e-01,7.616451382637023926e-02,2.872038185596466064e-01
1.444314569234848022e-01,7.682719081640243530e-02,2.876485288143157959e-01
1.444314569234848022e-01,7.682719081640243530e-02,2.876485288143157959e-01
1.446698158979415894e-01,7.749164104461669922e-02,2.880936264991760254e-01
1.446698158979415894e-01,7.749164104461669922e-02,2.880936264991760254e-01
1.449091285467147827e-01,7.815790176391601562e-02,2.885392010211944580e-01
1.449091285467147827e-01,7.815790176391601562e-02,2.885392010211944580e-01
1.451493799686431885e-01,7.882595062255859375e-02,2.889851331710815430e-01
1.451493799686431885e-01,7.882595062255859375e-02,2.889851331710815430e-01
1.453905999660491943e-01,7.949580252170562744e-02,2.894314825534820557e-01
1.453905999660491943e-01,7.949580252170562744e-02,2.894314825534820557e-01
1.456327587366104126e-01,8.016745001077651978e-02,2.898782491683959961e-01
1.456327587366104126e-01,8.016745001077651978e-02,2.898782491683959961e-01
1.458758711814880371e-01,8.084090054035186768e-02,2.903254628181457520e-01
1.458758711814880371e-01,8.084090054035186768e-02,2.903254628181457520e-01
1.461199522018432617e-01,8.151615411043167114e-02,2.907730638980865479e-01
1.461199522018432617e-01,8.151615411043167114e-02,2.907730638980865479e-01
1.463649868965148926e-01,8.219321072101593018e-02,2.912210822105407715e-01
1.463649868965148926e-01,8.219321072101593018e-02,2.912210822105407715e-01
1.466109752655029297e-01,8.287207782268524170e-02,2.916695177555084229e-01
1.466109752655029297e-01,8.287207782268524170e-02,2.916695177555084229e-01
1.468579322099685669e-01,8.355274796485900879e-02,2.921183705329895020e-01
1.468579322099685669e-01,8.355274796485900879e-02,2.921183705329895020e-01
1.471058279275894165e-01,8.423522859811782837e-02,2.925676703453063965e-01
1.471058279275894165e-01,8.423522859811782837e-02,2.925676703453063965e-01
1.473547071218490601e-01,8.491952717304229736e-02,2.930173575878143311e-01
1.473547071218490601e-01,8.491952717304229736e-02,2.930173575878143311e-01
1.476045548915863037e-01,8.560563623905181885e-02,2.934675216674804688e-01
1.476045548915863037e-01,8.560563623905181885e-02,2.934675216674804688e-01
1.478553563356399536e-01,8.629355579614639282e-02,2.939180433750152588e-01
1.478553563356399536e-01,8.629355579614639282e-02,2.939180433750152588e-01
1.481071114540100098e-01,8.698330074548721313e-02,2.943690121173858643e-01
1.481071114540100098e-01,8.698330074548721313e-02,2.943690121173858643e-01
1.483598500490188599e-01,8.767486363649368286e-02,2.948204278945922852e-01
1.483598500490188599e-01,8.767486363649368286e-02,2.948204278945922852e-01
1.486135572195053101e-01,8.836825191974639893e-02,2.952722907066345215e-01
1.486135572195053101e-01,8.836825191974639893e-02,2.952722907066345215e-01
1.488682329654693604e-01,8.906343579292297363e-02,2.957245111465454102e-01
1.488682329654693604e-01,8.906343579292297363e-02,2.957245111465454102e-01
1.491238921880722046e-01,8.976046741008758545e-02,2.961772084236145020e-01
1.491238921880722046e-01,8.976046741008758545e-02,2.961772084236145020e-01
1.493805050849914551e-01,9.045932441949844360e-02,2.966302931308746338e-01
1.493805050849914551e-01,9.045932441949844360e-02,2.966302931308746338e-01
1.496381014585494995e-01,9.116000682115554810e-02,2.970838546752929688e-01
1.496381014585494995e-01,9.116000682115554810e-02,2.970838546752929688e-01
1.498966962099075317e-01,9.186251461505889893e-02,2.975378334522247314e-01
1.498966962099075317e-01,9.186251461505889893e-02,2.975378334522247314e-01
1.501562446355819702e-01,9.256685525178909302e-02,2.979922294616699219e-01
1.501562446355819702e-01,9.256685525178909302e-02,2.979922294616699219e-01
1.504167765378952026e-01,9.327302128076553345e-02,2.984470725059509277e-01
1.504167765378952026e-01,9.327302128076553345e-02,2.984470725059509277e-01
1.506783068180084229e-01,9.398103505373001099e-02,2.989023625850677490e-01
1.506783068180084229e-01,9.398103505373001099e-02,2.989023625850677490e-01
1.509407907724380493e-01,9.469088912010192871e-02,2.993580698966979980e-01
1.509407907724380493e-01,9.469088912010192871e-02,2.993580698966979980e-01
1.512042731046676636e-01,9.540256857872009277e-02,2.998142242431640625e-01
1.512042731046676636e-01,9.540256857872009277e-02,2.998142242431640625e-01
1.514687389135360718e-01,9.611609578132629395e-02,3.002707958221435547e-01
1.514687389135360718e-01,9.611609578132629395e-02,3.002707958221435547e-01
1.517341881990432739e-01,9.683144837617874146e-02,3.007278144359588623e-01
1.517341881990432739e-01,9.683144837617874146e-02,3.007278144359588623e-01
1.520006358623504639e-01,9.754866361618041992e-02,3.011852800846099854e-01
1.520006358623504639e-01,9.754866361618041992e-02,3.011852800846099854e-01
1.522680670022964478e-01,9.826771169900894165e-02,3.016431927680969238e-01
1.522680670022964478e-01,9.826771169900894165e-02,3.016431927680969238e-01
1.525364816188812256e-01,9.898860752582550049e-02,3.021014928817749023e-01
1.525364816188812256e-01,9.898860752582550049e-02,3.021014928817749023e-01
1.528058797121047974e-01,9.971135109663009644e-02,3.025602698326110840e-01
1.528058797121047974e-01,9.971135109663009644e-02,3.025602698326110840e-01
1.530762910842895508e-01,1.004359573125839233e-01,3.030195534229278564e-01
1.530762910842895508e-01,1.004359573125839233e-01,3.030195534229278564e-01
1.533476859331130981e-01,1.011624038219451904e-01,3.034791946411132812e-01
1.533476859331130981e-01,1.011624038219451904e-01,3.034791946411132812e-01
1.536200791597366333e-01,1.018907129764556885e-01,3.039393126964569092e-01
1.536200791597366333e-01,1.018907129764556885e-01,3.039393126964569092e-01
1.538934856653213501e-01,1.026208698749542236e-01,3.043998777866363525e-01
1.538934856653213501e-01,1.026208698749542236e-01,3.043998777866363525e-01
1.541678756475448608e-01,1.033528968691825867e-01,3.048608899116516113e-01
1.541678756475448608e-01,1.033528968691825867e-01,3.048608899116516113e-01
1.544432640075683594e-01,1.040867641568183899e-01,3.053223490715026855e-01
1.544432640075683594e-01,1.040867641568183899e-01,3.053223490715026855e-01
-7.596747577190399170e-02,8.342123590409755707e-03,-7.604566961526870728e-02
-7.596747577190399170e-02,8.342123590409755707e-03,-7.604566961526870728e-02
-7.580450922250747681e-02,8.600920438766479492e-03,-7.576865702867507935e-02
-7.580450922250747681e-02,8.600920438766479492e-03,-7.576865702867507935e-02
-7.564251124858856201e-02,8.857969194650650024e-03,-7.549132406711578369e-02
-7.564251124858856201e-02,8.857969194650650024e-03,-7.549132406711578369e-02
-7.548146694898605347e-02,9.113272652029991150e-03,-7.521367818117141724e-02
-7.548146694898605347e-02,9.113272652029991150e-03,-7.521367818117141724e-02
-7.532137632369995117e-02,9.366830810904502869e-03,-7.493573427200317383e-02
-7.532137632369995117e-02,9.366830810904502869e-03,-7.493573427200317383e-02
-7.516223937273025513e-02,9.618648327887058258e-03,-7.465747743844985962e-02
-7.516223937273025513e-02,9.618648327887058258e-03,-7.465747743844985962e-02
-7.500405609607696533e-02,9.868727065622806549e-03,-7.437891513109207153e-02
-7.500405609607696533e-02,9.868727065622806549e-03,-7.437891513109207153e-02
-7.484682649374008179e-02,1.011706795543432236e-02,-7.410006970167160034e-02
-7.484682649374008179e-02,1.011706795543432236e-02,-7.410006970167160034e-02
-7.469054311513900757e-02,1.036367379128932953e-02,-7.382090389728546143e-02
-7.469054311513900757e-02,1.036367379128932953e-02,-7.382090389728546143e-02
-7.453520596027374268e-02,1.060854736715555191e-02,-7.354145497083663940e-02
-7.453520596027374268e-02,1.060854736715555191e-02,-7.354145497083663940e-02
-7.438081502914428711e-02,1.085168868303298950e-02,-7.326171547174453735e-02
-7.438081502914428711e-02,1.085168868303298950e-02,-7.326171547174453735e-02
-7.422737032175064087e-02,1.109310239553451538e-02,-7.298168540000915527e-02
-7.422737032175064087e-02,1.109310239553451538e-02,-7.298168540000915527e-02
-7.407486438751220703e-02,1.133278850466012955e-02,-7.270137220621109009e-02
-7.407486438751220703e-02,1.133278850466012955e-02,-7.270137220621109009e-02
-7.392329722642898560e-02,1.157075166702270508e-02,-7.242076098918914795e-02
-7.392329722642898560e-02,1.157075166702270508e-02,-7.242076098918914795e-02
-7.377266138792037964e-02,1.180699001997709274e-02,-7.213988155126571655e-02
-7.377266138792037964e-02,1.180699001997709274e-02,-7.213988155126571655e-02
-7.362296432256698608e-02,1.204151101410388947e-02,-7.185871899127960205e-02
-7.362296432256698608e-02,1.204151101410388947e-02,-7.185871899127960205e-02
-7.347419857978820801e-02,1.227430999279022217e-02,-7.157728075981140137e-02
-7.347419857978820801e-02,1.227430999279022217e-02,-7.157728075981140137e-02
-7.332637161016464233e-02,1.250539533793926239e-02,-7.129557430744171143e-02
-7.332637161016464233e-02,1.250539533793926239e-02,-7.129557430744171143e-02
-7.317946851253509521e-02,1.273476704955101013e-02,-7.101359963417053223e-02
-7.317946851253509521e-02,1.273476704955101013e-02,-7.101359963417053223e-02
-7.303350418806076050e-02,1.296242605894804001e-02,-7.073134183883666992e-02
-7.303350418806076050e-02,1.296242605894804001e-02,-7.073134183883666992e-02
-7.288844883441925049e-02,1.318837422877550125e-02,-7.044883072376251221e-02
-7.288844883441925049e-02,1.318837422877550125e-02,-7.044883072376251221e-02
-7.274432480335235596e-02,1.341261621564626694e-02,-7.016605138778686523e-02
-7.274432480335235596e-02,1.341261621564626694e-02,-7.016605138778686523e-02
-7.260112464427947998e-02,1.363515015691518784e-02,-6.988301873207092285e-02
-7.260112464427947998e-02,1.363515015691518784e-02,-6.988301873207092285e-02
-7.245884090662002563e-02,1.385598350316286087e-02,-6.959973275661468506e-02
-7.245884090662002563e-02,1.385598350316286087e-02,-6.959973275661468506e-02
-7.231748104095458984e-02,1.407511532306671143e-02,-6.931618601083755493e-02
-7.231748104095458984e-02,1.407511532306671143e-02,-6.931618601083755493e-02
-7.217702269554138184e-02,1.429254747927188873e-02,-6.903238594532012939e-02
-7.217702269554138184e-02,1.429254747927188873e-02,-6.903238594532012939e-02
-7.203749567270278931e-02,1.450828183442354202e-02,-6.874833256006240845e-02
-7.203749567270278931e-02,1.450828183442354202e-02,-6.874833256006240845e-02
-7.189887762069702148e-02,1.472232211381196976e-02,-6.846403330564498901e-02
-7.189887762069702148e-02,1.472232211381196976e-02,-6.846403330564498901e-02
-7.176116853952407837e-02,1.493466924875974655e-02,-6.817950308322906494e-02
-7.176116853952407837e-02,1.493466924875974655e-02,-6.817950308322906494e-02
-7.162436842918395996e-02,1.514532417058944702e-02,-6.789471209049224854e-02
-7.162436842918395996e-02,1.514532417058944702e-02,-6.789471209049224854e-02
-7.148846983909606934e-02,1.535429060459136963e-02,-6.760969758033752441e-02
-7.148846983909606934e-02,1.535429060459136963e-02,-6.760969758033752441e-02
-7.135347276926040649e-02,1.556157227605581284e-02,-6.732444465160369873e-02
-7.135347276926040649e-02,1.556157227605581284e-02,-6.732444465160369873e-02
-7.121938467025756836e-02,1.576716825366020203e-02,-6.703895330429077148e-02
-7.121938467025756836e-02,1.576716825366020203e-02,-6.703895330429077148e-02
-7.108620554208755493e-02,1.597108319401741028e-02,-6.675323843955993652e-02
-7.108620554208755493e-02,1.597108319401741028e-02,-6.675323843955993652e-02
-7.095392048358917236e-02,1.617331802845001221e-02,-6.646728515625000000e-02
-7.095392048358917236e-02,1.617331802845001221e-02,-6.646728515625000000e-02
-7.082252949476242065e-02,1.637387275695800781e-02,-6.618112325668334961e-02
-7.082252949476242065e-02,1.637387275695800781e-02,-6.618112325668334961e-02
-7.069203257560729980e-02,1.657275296747684479e-02,-6.589472293853759766e-02
-7.069203257560729980e-02,1.657275296747684479e-02,-6.589472293853759766e-02
-7.056243717670440674e-02,1.676995679736137390e-02,-6.560811400413513184e-02
-7.056243717670440674e-02,1.676995679736137390e-02,-6.560811400413513184e-02
-7.043372094631195068e-02,1.696549542248249054e-02,-6.532128900289535522e-02
-7.043372094631195068e-02,1.696549542248249054e-02,-6.532128900289535522e-02
-7.030589878559112549e-02,1.715935766696929932e-02,-6.503423303365707397e-02
-7.030589878559112549e-02,1.715935766696929932e-02,-6.503423303365707397e-02
-7.017897069454193115e-02,1.735155284404754639e-02,-6.474698334932327271e-02
-7.017897069454193115e-02,1.735155284404754639e-02,-6.474698334932327271e-02
-7.005292177200317383e-02,1.754208840429782867e-02,-6.445951759815216064e-02
-7.005292177200317383e-02,1.754208840429782867e-02,-6.445951759815216064e-02
-6.992775201797485352e-02,1.773095503449440002e-02,-6.417183578014373779e-02
-6.992775201797485352e-02,1.773095503449440002e-02,-6.417183578014373779e-02
-6.980347633361816406e-02,1.791816391050815582e-02,-6.388396769762039185e-02
-6.980347633361816406e-02,1.791816391050815582e-02,-6.388396769762039185e-02
-6.968007981777191162e-02,1.810370944440364838e-02,-6.359588354825973511e-02
-6.968007981777191162e-02,1.810370944440364838e-02,-6.359588354825973511e-02
-6.955754756927490234e-02,1.828760094940662384e-02,-6.330761313438415527e-02
-6.955754756927490234e-02,1.828760094940662384e-02,-6.330761313438415527e-02
-6.943590193986892700e-02,1.846983656287193298e-02,-6.301914155483245850e-02
-6.943590193986892700e-02,1.846983656287193298e-02,-6.301914155483245850e-02
-6.931512802839279175e-02,1.865042001008987427e-02,-6.273046880960464478e-02
-6.931512802839279175e-02,1.865042001008987427e-02,-6.273046880960464478e-02
-6.919523328542709351e-02,1.882935315370559692e-02,-6.244161352515220642e-02
-6.919523328542709351e-02,1.882935315370559692e-02,-6.244161352515220642e-02
-6.907621026039123535e-02,1.900663599371910095e-02,-6.215257570147514343e-02
-6.907621026039123535e-02,1.900663599371910095e-02,-6.215257570147514343e-02
-6.895803660154342651e-02,1.918227598071098328e-02,-6.186334788799285889e-02
-6.895803660154342651e-02,1.918227598071098328e-02,-6.186334788799285889e-02
-6.884074956178665161e-02,1.935626566410064697e-02,-6.157393008470535278e-02
-6.884074956178665161e-02,1.935626566410064697e-02,-6.157393008470535278e-02
-6.872431188821792603e-02,1.952861994504928589e-02,-6.128434464335441589e-02
-6.872431188821792603e-02,1.952861994504928589e-02,-6.128434464335441589e-02
-6.860874593257904053e-02,1.969932951033115387e-02,-6.099457666277885437e-02
-6.860874593257904053e-02,1.969932951033115387e-02,-6.099457666277885437e-02
-6.849404424428939819e-02,1.986840367317199707e-02,-6.070463359355926514e-02
-6.849404424428939819e-02,1.986840367317199707e-02,-6.070463359355926514e-02
-6.838019937276840210e-02,2.003584243357181549e-02,-6.041451543569564819e-02
-6.838019937276840210e-02,2.003584243357181549e-02,-6.041451543569564819e-02
-6.826720386743545532e-02,2.020164579153060913e-02,-6.012422591447830200e-02
-6.826720386743545532e-02,2.020164579153060913e-02,-6.012422591447830200e-02
-6.815508008003234863e-02,2.036581933498382568e-02,-5.983379110693931580e-02
-6.815508008003234863e-02,2.036581933498382568e-02,-5.983379110693931580e-02
-6.804379820823669434e-02,2.052836120128631592e-02,-5.954316258430480957e-02
-6.804379820823669434e-02,2.052836120128631592e-02,-5.954316258430480957e-02
-6.793336570262908936e-02,2.068927325308322906e-02,-5.925239622592926025e-02
-6.793336570262908936e-02,2.068927325308322906e-02,-5.925239622592926025e-02
-6.782379001379013062e-02,2.084856480360031128e-02,-5.896145850419998169e-02
-6.782379001379013062e-02,2.084856480360031128e-02,-5.896145850419998169e-02
-6.771504878997802734e-02,2.100623026490211487e-02,-5.867037177085876465e-02
-6.771504878997802734e-02,2.100623026490211487e-02,-5.867037177085876465e-02
-6.760716438293457031e-02,2.116227895021438599e-02,-5.837912485003471375e-02
-6.760716438293457031e-02,2.116227895021438599e-02,-5.837912485003471375e-02
-6.750012189149856567e-02,2.131670527160167694e-02,-5.808773636817932129e-02
-6.750012189149856567e-02,2.131670527160167694e-02,-5.808773636817932129e-02
-6.739392131567001343e-02,2.146951481699943542e-02,-5.779619514942169189e-02
-6.739392131567001343e-02,2.146951481699943542e-02,-5.779619514942169189e-02
-6.728857010602951050e-02,2.162070944905281067e-02,-5.750451236963272095e-02
-6.728857010602951050e-02,2.162070944905281067e-02,-5.750451236963272095e-02
-6.718404591083526611e-02,2.177029103040695190e-02,-5.721268057823181152e-02
-6.718404591083526611e-02,2.177029103040695190e-02,-5.721268057823181152e-02
-6.708035618066787720e-02,2.191826514899730682e-02,-5.692071467638015747e-02
-6.708035618066787720e-02,2.191826514899730682e-02,-5.692071467638015747e-02
-6.697750091552734375e-02,2.206462621688842773e-02,-5.662860348820686340e-02
-6.697750091552734375e-02,2.206462621688842773e-02,-5.662860348820686340e-02
-6.687549501657485962e-02,2.220938540995121002e-02,-5.633637309074401855e-02
-6.687549501657485962e-02,2.220938540995121002e-02,-5.633637309074401855e-02
-6.677429378032684326e-02,2.235254086554050446e-02,-5.604399368166923523e-02
-6.677429378032684326e-02,2.235254086554050446e-02,-5.604399368166923523e-02
-6.667393445968627930e-02,2.249408885836601257e-02,-5.575150251388549805e-02
-6.667393445968627930e-02,2.249408885836601257e-02,-5.575150251388549805e-02
-6.657440215349197388e-02,2.263404056429862976e-02,-5.545887351036071777e-02
-6.657440215349197388e-02,2.263404056429862976e-02,-5.545887351036071777e-02
-6.647568941116333008e-02,2.277239598333835602e-02,-5.516611784696578979e-02
-6.647568941116333008e-02,2.277239598333835602e-02,-5.516611784696578979e-02
-6.637781113386154175e-02,2.290915139019489288e-02,-5.487324669957160950e-02
-6.637781113386154175e-02,2.290915139019489288e-02,-5.487324669957160950e-02
-6.628074496984481812e-02,2.304431796073913574e-02,-5.458026379346847534e-02
-6.628074496984481812e-02,2.304431796073913574e-02,-5.458026379346847534e-02
-6.618450582027435303e-02,2.317788824439048767e-02,-5.428715795278549194e-02
-6.618450582027435303e-02,2.317788824439048767e-02,-5.428715795278549194e-02
-6.608907133340835571e-02,2.330987527966499329e-02,-5.399393662810325623e-02
-6.608907133340835571e-02,2.330987527966499329e-02,-5.399393662810325623e-02
-6.599445641040802002e-02,2.344027161598205566e-02,-5.370061099529266357e-02
-6.599445641040802002e-02,2.344027161598205566e-02,-5.370061099529266357e-02
-6.590065360069274902e-02,2.356908097863197327e-02,-5.340717732906341553e-02
-6.590065360069274902e-02,2.356908097863197327e-02,-5.340717732906341553e-02
-6.580766290426254272e-02,2.369630523025989532e-02,-5.311362817883491516e-02
-6.580766290426254272e-02,2.369630523025989532e-02,-5.311362817883491516e-02
-6.571548432111740112e-02,2.382195368409156799e-02,-5.281997844576835632e-02
-6.571548432111740112e-02,2.382195368409156799e-02,-5.281997844576835632e-02
-6.562411785125732422e-02,2.394602075219154358e-02,-5.252623930573463440e-02
-6.562411785125732422e-02,2.394602075219154358e-02,-5.252623930573463440e-02
-6.553354859352111816e-02,2.406851202249526978e-02,-5.223239213228225708e-02
-6.553354859352111816e-02,2.406851202249526978e-02,-5.223239213228225708e-02
-6.544379144906997681e-02,2.418943122029304504e-02,-5.193845927715301514e-02
-6.544379144906997681e-02,2.418943122029304504e-02,-5.193845927715301514e-02
-6.535483151674270630e-02,2.430877462029457092e-02,-5.164443328976631165e-02
-6.535483151674270630e-02,2.430877462029457092e-02,-5.164443328976631165e-02
-6.526666879653930664e-02,2.442654967308044434e-02,-5.135031789541244507e-02
-6.526666879653930664e-02,2.442654967308044434e-02,-5.135031789541244507e-02
-6.517930328845977783e-02,2.454275451600551605e-02,-5.105611681938171387e-02
-6.517930328845977783e-02,2.454275451600551605e-02,-5.105611681938171387e-02
-6.509274244308471680e-02,2.465739287436008453e-02,-5.076182261109352112e-02
-6.509274244308471680e-02,2.465739287436008453e-02,-5.076182261109352112e-02
-6.500696390867233276e-02,2.477047033607959747e-02,-5.046746134757995605e-02
-6.500696390867233276e-02,2.477047033607959747e-02,-5.046746134757995605e-02
-6.492199003696441650e-02,2.488198317587375641e-02,-5.017301067709922791e-02
-6.492199003696441650e-02,2.488198317587375641e-02,-5.017301067709922791e-02
-6.483780592679977417e-02,2.499193698167800903e-02,-4.987849295139312744e-02
-6.483780592679977417e-02,2.499193698167800903e-02,-4.987849295139312744e-02
-6.475440412759780884e-02,2.510033361613750458e-02,-4.958389699459075928e-02
-6.475440412759780884e-02,2.510033361613750458e-02,-4.958389699459075928e-02
-6.467179208993911743e-02,2.520717494189739227e-02,-4.928923398256301880e-02
-6.467179208993911743e-02,2.520717494189739227e-02,-4.928923398256301880e-02
-6.458996236324310303e-02,2.531246095895767212e-02,-4.899449646472930908e-02
-6.458996236324310303e-02,2.531246095895767212e-02,-4.899449646472930908e-02
-6.450892239809036255e-02,2.541619911789894104e-02,-4.869969561696052551e-02
-6.450892239809036255e-02,2.541619911789894104e-02,-4.869969561696052551e-02
-6.442865729331970215e-02,2.551838196814060211e-02,-4.840484261512756348e-02
-6.442865729331970215e-02,2.551838196814060211e-02,-4.840484261512756348e-02
-6.434916704893112183e-02,2.561902441084384918e-02,-4.810991883277893066e-02
-6.434916704893112183e-02,2.561902441084384918e-02,-4.810991883277893066e-02
-6.427045166492462158e-02,2.571811899542808533e-02,-4.781493544578552246e-02
-6.427045166492462158e-02,2.571811899542808533e-02,-4.781493544578552246e-02
-6.419252604246139526e-02,2.581566944718360901e-02,-4.751990735530853271e-02
-6.419252604246139526e-02,2.581566944718360901e-02,-4.751990735530853271e-02
-6.411536782979965210e-02,2.591168135404586792e-02,-4.722483083605766296e-02
-6.411536782979965210e-02,2.591168135404586792e-02,-4.722483083605766296e-02
-6.403897702693939209e-02,2.600615657866001129e-02,-4.692969471216201782e-02
-6.403897702693939209e-02,2.600615657866001129e-02,-4.692969471216201782e-02
-6.396336108446121216e-02,2.609909139573574066e-02,-4.663451388478279114e-02
-6.396336108446121216e-02,2.609909139573574066e-02,-4.663451388478279114e-02
-6.388851255178451538e-02,2.619048953056335449e-02,-4.633929207921028137e-02
-6.388851255178451538e-02,2.619048953056335449e-02,-4.633929207921028137e-02
-6.381443142890930176e-02,2.628035843372344971e-02,-4.604402557015419006e-02
-6.381443142890930176e-02,2.628035843372344971e-02,-4.604402557015419006e-02
-6.374110281467437744e-02,2.636869624257087708e-02,-4.574872925877571106e-02
-6.374110281467437744e-02,2.636869624257087708e-02,-4.574872925877571106e-02
-6.366854161024093628e-02,2.645550481975078583e-02,-4.545338824391365051e-02
-6.366854161024093628e-02,2.645550481975078583e-02,-4.545338824391365051e-02
-6.359673291444778442e-02,2.654078975319862366e-02,-4.515801742672920227e-02
-6.359673291444778442e-02,2.654078975319862366e-02,-4.515801742672920227e-02
-6.352570652961730957e-02,2.662455104291439056e-02,-4.486261680722236633e-02
-6.352570652961730957e-02,2.662455104291439056e-02,-4.486261680722236633e-02
-6.345541775226593018e-02,2.670679427683353424e-02,-4.456718638539314270e-02
-6.345541775226593018e-02,2.670679427683353424e-02,-4.456718638539314270e-02
-6.338588893413543701e-02,2.678751386702060699e-02,-4.427173733711242676e-02
-6.338588893413543701e-02,2.678751386702060699e-02,-4.427173733711242676e-02
-6.331710517406463623e-02,2.686671167612075806e-02,-4.397625848650932312e-02
-6.331710517406463623e-02,2.686671167612075806e-02,-4.397625848650932312e-02
-6.324908882379531860e-02,2.694439701735973358e-02,-4.368076846003532410e-02
-6.324908882379531860e-02,2.694439701735973358e-02,-4.368076846003532410e-02
-6.318180263042449951e-02,2.702056989073753357e-02,-4.338524863123893738e-02
-6.318180263042449951e-02,2.702056989073753357e-02,-4.338524863123893738e-02
-6.311526894569396973e-02,2.709523215889930725e-02,-4.308972135186195374e-02
-6.311526894569396973e-02,2.709523215889930725e-02,-4.308972135186195374e-02
-6.304948031902313232e-02,2.716838754713535309e-02,-4.279418662190437317e-02
-6.304948031902313232e-02,2.716838754713535309e-02,-4.279418662190437317e-02
-6.298443675041198730e-02,2.724003419280052185e-02,-4.249863699078559875e-02
-6.298443675041198730e-02,2.724003419280052185e-02,-4.249863699078559875e-02
-6.292013078927993774e-02,2.731017209589481354e-02,-4.220308363437652588e-02
-6.292013078927993774e-02,2.731017209589481354e-02,-4.220308363437652588e-02
-6.285656243562698364e-02,2.737881056964397430e-02,-4.190752282738685608e-02
-6.285656243562698364e-02,2.737881056964397430e-02,-4.190752282738685608e-02
-6.279373168945312500e-02,2.744595147669315338e-02,-4.161196202039718628e-02
-6.279373168945312500e-02,2.744595147669315338e-02,-4.161196202039718628e-02
-6.273164600133895874e-02,2.751158736646175385e-02,-4.131640493869781494e-02
-6.273164600133895874e-02,2.751158736646175385e-02,-4.131640493869781494e-02
-6.267028301954269409e-02,2.757572568953037262e-02,-4.102084785699844360e-02
-6.267028301954269409e-02,2.757572568953037262e-02,-4.102084785699844360e-02
-6.260965764522552490e-02,2.763837762176990509e-02,-4.072530567646026611e-02
-6.260965764522552490e-02,2.763837762176990509e-02,-4.072530567646026611e-02
-6.254975497722625732e-02,2.769953384995460510e-02,-4.042977467179298401e-02
-6.254975497722625732e-02,2.769953384995460510e-02,-4.042977467179298401e-02
-6.249058619141578674e-02,2.775919809937477112e-02,-4.013424739241600037e-02
-6.249058619141578674e-02,2.775919809937477112e-02,-4.013424739241600037e-02
-6.243214756250381470e-02,2.781737782061100006e-02,-3.983873501420021057e-02
-6.243214756250381470e-02,2.781737782061100006e-02,-3.983873501420021057e-02
-6.237442418932914734e-02,2.787406928837299347e-02,-3.954324498772621155e-02
-6.237442418932914734e-02,2.787406928837299347e-02,-3.954324498772621155e-02
-6.231742724776268005e-02,2.792927995324134827e-02,-3.924777731299400330e-02
-6.231742724776268005e-02,2.792927995324134827e-02,-3.924777731299400330e-02
-6.226113811135292053e-02,2.798300608992576599e-02,-3.895233199000358582e-02
-6.226113811135292053e-02,2.798300608992576599e-02,-3.895233199000358582e-02
-6.220558285713195801e-02,2.803525142371654510e-02,-3.865690901875495911e-02
-6.220558285713195801e-02,2.803525142371654510e-02,-3.865690901875495911e-02
-6.215073168277740479e-02,2.808602154254913330e-02,-3.836151584982872009e-02
-6.215073168277740479e-02,2.808602154254913330e-02,-3.836151584982872009e-02
-6.209660321474075317e-02,2.813531458377838135e-02,-3.806614875793457031e-02
-6.209660321474075317e-02,2.813531458377838135e-02,-3.806614875793457031e-02
-6.204318255186080933e-02,2.818313986063003540e-02,-3.777082264423370361e-02
-6.204318255186080933e-02,2.818313986063003540e-02,-3.777082264423370361e-02
-6.199047341942787170e-02,2.822948992252349854e-02,-3.747553005814552307e-02
-6.199047341942787170e-02,2.822948992252349854e-02,-3.747553005814552307e-02
-6.193847954273223877e-02,2.827437035739421844e-02,-3.718027845025062561e-02
-6.193847954273223877e-02,2.827437035739421844e-02,-3.718027845025062561e-02
-6.188718602061271667e-02,2.831778116524219513e-02,-3.688506409525871277e-02
-6.188718602061271667e-02,2.831778116524219513e-02,-3.688506409525871277e-02
-6.183660030364990234e-02,2.835973538458347321e-02,-3.658989444375038147e-02
-6.183660030364990234e-02,2.835973538458347321e-02,-3.658989444375038147e-02
-6.178671494126319885e-02,2.840022556483745575e-02,-3.629477694630622864e-02
-6.178671494126319885e-02,2.840022556483745575e-02,-3.629477694630622864e-02
-6.173752993345260620e-02,2.843924798071384430e-02,-3.599970415234565735e-02
-6.173752993345260620e-02,2.843924798071384430e-02,-3.599970415234565735e-02
-6.168904155492782593e-02,2.847681753337383270e-02,-3.570467978715896606e-02
-6.168904155492782593e-02,2.847681753337383270e-02,-3.570467978715896606e-02
-6.164125353097915649e-02,2.851292677223682404e-02,-3.540971875190734863e-02
-6.164125353097915649e-02,2.851292677223682404e-02,-3.540971875190734863e-02
-6.159416213631629944e-02,2.854758501052856445e-02,-3.511482104659080505e-02
-6.159416213631629944e-02,2.854758501052856445e-02,-3.511482104659080505e-02
-6.154775619506835938e-02,2.858079411089420319e-02,-3.481996804475784302e-02
-6.154775619506835938e-02,2.858079411089420319e-02,-3.481996804475784302e-02
-6.150205060839653015e-02,2.861255034804344177e-02,-3.452518954873085022e-02
-6.150205060839653015e-02,2.861255034804344177e-02,-3.452518954873085022e-02
-6.145703047513961792e-02,2.864285372197628021e-02,-3.423047065734863281e-02
-6.145703047513961792e-02,2.864285372197628021e-02,-3.423047065734863281e-02
-6.141270324587821960e-02,2.867172099649906158e-02,-3.393581882119178772e-02
-6.141270324587821960e-02,2.867172099649906158e-02,-3.393581882119178772e-02
-6.136906147003173828e-02,2.869913540780544281e-02,-3.364124149084091187e-02
-6.136906147003173828e-02,2.869913540780544281e-02,-3.364124149084091187e-02
-6.132609769701957703e-02,2.872511371970176697e-02,-3.334673494100570679e-02
-6.132609769701957703e-02,2.872511371970176697e-02,-3.334673494100570679e-02
-6.128381937742233276e-02,2.874965220689773560e-02,-3.305230662226676941e-02
-6.128381937742233276e-02,2.874965220689773560e-02,-3.305230662226676941e-02
-6.124221906065940857e-02,2.877274900674819946e-02,-3.275796398520469666e-02
-6.124221906065940857e-02,2.877274900674819946e-02,-3.275796398520469666e-02
-6.120129674673080444e-02,2.879441902041435242e-02,-3.246369957923889160e-02
-6.120129674673080444e-02,2.879441902041435242e-02,-3.246369957923889160e-02
-6.116104871034622192e-02,2.881464920938014984e-02,-3.216951340436935425e-02
-6.116104871034622192e-02,2.881464920938014984e-02,-3.216951340436935425e-02
-6.112148612737655640e-02,2.883345261216163635e-02,-3.187541663646697998e-02
-6.112148612737655640e-02,2.883345261216163635e-02,-3.187541663646697998e-02
-6.108258292078971863e-02,2.885082364082336426e-02,-3.158141672611236572e-02
-6.108258292078971863e-02,2.885082364082336426e-02,-3.158141672611236572e-02
-6.104435399174690247e-02,2.886677347123622894e-02,-3.128750249743461609e-02
-6.104435399174690247e-02,2.886677347123622894e-02,-3.128750249743461609e-02
-6.100679934024810791e-02,2.888128906488418579e-02,-3.099368326365947723e-02
-6.100679934024810791e-02,2.888128906488418579e-02,-3.099368326365947723e-02
-6.096991151571273804e-02,2.889439091086387634e-02,-3.069996647536754608e-02
-6.096991151571273804e-02,2.889439091086387634e-02,-3.069996647536754608e-02
-6.093367561697959900e-02,2.890606597065925598e-02,-3.040634281933307648e-02
-6.093367561697959900e-02,2.890606597065925598e-02,-3.040634281933307648e-02
-6.089810654520988464e-02,2.891632728278636932e-02,-3.011282533407211304e-02
-6.089810654520988464e-02,2.891632728278636932e-02,-3.011282533407211304e-02
-6.086320430040359497e-02,2.892517484724521637e-02,-2.981941029429435730e-02
-6.086320430040359497e-02,2.892517484724521637e-02,-2.981941029429435730e-02
-6.082896143198013306e-02,2.893260307610034943e-02,-2.952611260116100311e-02
-6.082896143198013306e-02,2.893260307610034943e-02,-2.952611260116100311e-02
-6.079536676406860352e-02,2.893862128257751465e-02,-2.923292294144630432e-02
-6.079536676406860352e-02,2.893862128257751465e-02,-2.923292294144630432e-02
-6.076243892312049866e-02,2.894323132932186127e-02,-2.893984131515026093e-02
-6.076243892312049866e-02,2.894323132932186127e-02,-2.893984131515026093e-02
-6.073015183210372925e-02,2.894642762839794159e-02,-2.864688262343406677e-02
-6.073015183210372925e-02,2.894642762839794159e-02,-2.864688262343406677e-02
-6.069852411746978760e-02,2.894822508096694946e-02,-2.835403569042682648e-02
-6.069852411746978760e-02,2.894822508096694946e-02,-2.835403569042682648e-02
-6.066754832863807678e-02,2.894861437380313873e-02,-2.806132100522518158e-02
-6.066754832863807678e-02,2.894861437380313873e-02,-2.806132100522518158e-02
-6.063721701502799988e-02,2.894760854542255402e-02,-2.776872180402278900e-02
-6.063721701502799988e-02,2.894760854542255402e-02,-2.776872180402278900e-02
-6.060753390192985535e-02,2.894520014524459839e-02,-2.747625485062599182e-02
-6.060753390192985535e-02,2.894520014524459839e-02,-2.747625485062599182e-02
-6.057849153876304626e-02,2.894139289855957031e-02,-2.718391641974449158e-02
-6.057849153876304626e-02,2.894139289855957031e-02,-2.718391641974449158e-02
-6.055009365081787109e-02,2.893619425594806671e-02,-2.689170464873313904e-02
-6.055009365081787109e-02,2.893619425594806671e-02,-2.689170464873313904e-02
-6.052233278751373291e-02,2.892959862947463989e-02,-2.659963816404342651e-02
-6.052233278751373291e-02,2.892959862947463989e-02,-2.659963816404342651e-02
-6.049521267414093018e-02,2.892160788178443909e-02,-2.630769833922386169e-02
-6.049521267414093018e-02,2.892160788178443909e-02,-2.630769833922386169e-02
-6.046872586011886597e-02,2.891223877668380737e-02,-2.601590938866138458e-02
-6.046872586011886597e-02,2.891223877668380737e-02,-2.601590938866138458e-02
-6.044287607073783875e-02,2.890148200094699860e-02,-2.572425454854965210e-02
-6.044287607073783875e-02,2.890148200094699860e-02,-2.572425454854965210e-02
-6.041765585541725159e-02,2.888933755457401276e-02,-2.543275058269500732e-02
-6.041765585541725159e-02,2.888933755457401276e-02,-2.543275058269500732e-02
-6.039306521415710449e-02,2.887580916285514832e-02,-2.514139749109745026e-02
-6.039306521415710449e-02,2.887580916285514832e-02,-2.514139749109745026e-02
-6.036910787224769592e-02,2.886090055108070374e-02,-2.485018968582153320e-02
-6.036910787224769592e-02,2.886090055108070374e-02,-2.485018968582153320e-02
-6.034577637910842896e-02,2.884461544454097748e-02,-2.455914020538330078e-02
-6.034577637910842896e-02,2.884461544454097748e-02,-2.455914020538330078e-02
-6.032305955886840820e-02,2.882695384323596954e-02,-2.426824159920215607e-02
-6.032305955886840820e-02,2.882695384323596954e-02,-2.426824159920215607e-02
-6.030097603797912598e-02,2.880791760981082916e-02,-2.397750318050384521e-02
-6.030097603797912598e-02,2.880791760981082916e-02,-2.397750318050384521e-02
-6.027951464056968689e-02,2.878751233220100403e-02,-2.368693612515926361e-02
-6.027951464056968689e-02,2.878751233220100403e-02,-2.368693612515926361e-02
-6.025866791605949402e-02,2.876573614776134491e-02,-2.339652553200721741e-02
-6.025866791605949402e-02,2.876573614776134491e-02,-2.339652553200721741e-02
-6.023843958973884583e-02,2.874258719384670258e-02,-2.310627885162830353e-02
-6.023843958973884583e-02,2.874258719384670258e-02,-2.310627885162830353e-02
-6.021882593631744385e-02,2.871808595955371857e-02,-2.281620912253856659e-02
-6.021882593631744385e-02,2.871808595955371857e-02,-2.281620912253856659e-02
-6.019982323050498962e-02,2.869221195578575134e-02,-2.252630703151226044e-02
-6.019982323050498962e-02,2.869221195578575134e-02,-2.252630703151226044e-02
-6.018143892288208008e-02,2.866497635841369629e-02,-2.223658375442028046e-02
-6.018143892288208008e-02,2.866497635841369629e-02,-2.223658375442028046e-02
-6.016366183757781982e-02,2.863638103008270264e-02,-2.194703370332717896e-02
-6.016366183757781982e-02,2.863638103008270264e-02,-2.194703370332717896e-02
-6.014648452401161194e-02,2.860643342137336731e-02,-2.165766991674900055e-02
-6.014648452401161194e-02,2.860643342137336731e-02,-2.165766991674900055e-02
-6.012992560863494873e-02,2.857512608170509338e-02,-2.136848494410514832e-02
-6.012992560863494873e-02,2.857512608170509338e-02,-2.136848494410514832e-02
-6.011396273970603943e-02,2.854247204959392548e-02,-2.107948623597621918e-02
-6.011396273970603943e-02,2.854247204959392548e-02,-2.107948623597621918e-02
-6.009859591722488403e-02,2.850846014916896820e-02,-2.079067379236221313e-02
-6.009859591722488403e-02,2.850846014916896820e-02,-2.079067379236221313e-02
-6.008384376764297485e-02,2.847310900688171387e-02,-2.050205878913402557e-02
-6.008384376764297485e-02,2.847310900688171387e-02,-2.050205878913402557e-02
-6.006967648863792419e-02,2.843640185892581940e-02,-2.021363377571105957e-02
-6.006967648863792419e-02,2.843640185892581940e-02,-2.021363377571105957e-02
-6.005611270666122437e-02,2.839835174381732941e-02,-1.992540247738361359e-02
-6.005611270666122437e-02,2.839835174381732941e-02,-1.992540247738361359e-02
-6.004313752055168152e-02,2.835896424949169159e-02,-1.963737420737743378e-02
-6.004313752055168152e-02,2.835896424949169159e-02,-1.963737420737743378e-02
-6.003075465559959412e-02,2.831823751330375671e-02,-1.934955082833766937e-02
-6.003075465559959412e-02,2.831823751330375671e-02,-1.934955082833766937e-02
-6.001897528767585754e-02,2.827616780996322632e-02,-1.906192675232887268e-02
-6.001897528767585754e-02,2.827616780996322632e-02,-1.906192675232887268e-02
-6.000777706503868103e-02,2.823276072740554810e-02,-1.877450942993164062e-02
-6.000777706503868103e-02,2.823276072740554810e-02,-1.877450942993164062e-02
-5.999715626239776611e-02,2.818802930414676666e-02,-1.848730258643627167e-02
-5.999715626239776611e-02,2.818802930414676666e-02,-1.848730258643627167e-02
-5.998712778091430664e-02,2.814195677638053894e-02,-1.820030808448791504e-02
-5.998712778091430664e-02,2.814195677638053894e-02,-1.820030808448791504e-02
-5.997768044471740723e-02,2.809455990791320801e-02,-1.791353151202201843e-02
-5.997768044471740723e-02,2.809455990791320801e-02,-1.791353151202201843e-02
-5.996881797909736633e-02,2.804583497345447540e-02,-1.762697286903858185e-02
-5.996881797909736633e-02,2.804583497345447540e-02,-1.762697286903858185e-02
-5.996053665876388550e-02,2.799578011035919189e-02,-1.734063029289245605e-02
-5.996053665876388550e-02,2.799578011035919189e-02,-1.734063029289245605e-02
-5.995282530784606934e-02,2.794440835714340210e-02,-1.705451868474483490e-02
-5.995282530784606934e-02,2.794440835714340210e-02,-1.705451868474483490e-02
-5.994569137692451477e-02,2.789170667529106140e-02,-1.676862500607967377e-02
-5.994569137692451477e-02,2.789170667529106140e-02,-1.676862500607967377e-02
-5.993913486599922180e-02,2.783769927918910980e-02,-1.648296415805816650e-02
-5.993913486599922180e-02,2.783769927918910980e-02,-1.648296415805816650e-02
-5.993313714861869812e-02,2.778236754238605499e-02,-1.619752682745456696e-02
-5.993313714861869812e-02,2.778236754238605499e-02,-1.619752682745456696e-02
-5.992771685123443604e-02,2.772572077810764313e-02,-1.591233350336551666e-02
-5.992771685123443604e-02,2.772572077810764313e-02,-1.591233350336551666e-02
-5.992286279797554016e-02,2.766776271164417267e-02,-1.562737114727497101e-02
-5.992286279797554016e-02,2.766776271164417267e-02,-1.562737114727497101e-02
-5.991858616471290588e-02,2.760848961770534515e-02,-1.534265279769897461e-02
-5.991858616471290588e-02,2.760848961770534515e-02,-1.534265279769897461e-02
-5.991485714912414551e-02,2.754791267216205597e-02,-1.505817007273435593e-02
-5.991485714912414551e-02,2.754791267216205597e-02,-1.505817007273435593e-02
-5.991169810295104980e-02,2.748603001236915588e-02,-1.477393414825201035e-02
-5.991169810295104980e-02,2.748603001236915588e-02,-1.477393414825201035e-02
-5.990909039974212646e-02,2.742284350097179413e-02,-1.448994595557451248e-02
-5.990909039974212646e-02,2.742284350097179413e-02,-1.448994595557451248e-02
-5.990705266594886780e-02,2.735835127532482147e-02,-1.420620642602443695e-02
-5.990705266594886780e-02,2.735835127532482147e-02,-1.420620642602443695e-02
-5.990556627511978149e-02,2.729256264865398407e-02,-1.392272207885980606e-02
-5.990556627511978149e-02,2.729256264865398407e-02,-1.392272207885980606e-02
-5.990463122725486755e-02,2.722547575831413269e-02,-1.363949105143547058e-02
-5.990463122725486755e-02,2.722547575831413269e-02,-1.363949105143547058e-02
-5.990425497293472290e-02,2.715709060430526733e-02,-1.335651706904172897e-02
-5.990425497293472290e-02,2.715709060430526733e-02,-1.335651706904172897e-02
-5.990441888570785522e-02,2.708741091191768646e-02,-1.307380292564630508e-02
-5.990441888570785522e-02,2.708741091191768646e-02,-1.307380292564630508e-02
-5.990513414144515991e-02,2.701644599437713623e-02,-1.279135420918464661e-02
-5.990513414144515991e-02,2.701644599437713623e-02,-1.279135420918464661e-02
-5.990640446543693542e-02,2.694418653845787048e-02,-1.250917464494705200e-02
-5.990640446543693542e-02,2.694418653845787048e-02,-1.250917464494705200e-02
-5.990821495652198792e-02,2.687064372003078461e-02,-1.222725957632064819e-02
-5.990821495652198792e-02,2.687064372003078461e-02,-1.222725957632064819e-02
-5.991056561470031738e-02,2.679581195116043091e-02,-1.194561086595058441e-02
-5.991056561470031738e-02,2.679581195116043091e-02,-1.194561086595058441e-02
-5.991346016526222229e-02,2.671969868242740631e-02,-1.166424341499805450e-02
-5.991346016526222229e-02,2.671969868242740631e-02,-1.166424341499805450e-02
-5.991689115762710571e-02,2.664230018854141235e-02,-1.138314884155988693e-02
-5.991689115762710571e-02,2.664230018854141235e-02,-1.138314884155988693e-02
-5.992086604237556458e-02,2.656363323330879211e-02,-1.110233925282955170e-02
-5.992086604237556458e-02,2.656363323330879211e-02,-1.110233925282955170e-02
-5.992536619305610657e-02,2.648368105292320251e-02,-1.082180533558130264e-02
-5.992536619305610657e-02,2.648368105292320251e-02,-1.082180533558130264e-02
-5.993040651082992554e-02,2.640245668590068817e-02,-1.054155733436346054e-02
-5.993040651082992554e-02,2.640245668590068817e-02,-1.054155733436346054e-02
-5.993597581982612610e-02,2.631995826959609985e-02,-1.026159618049860001e-02
-5.993597581982612610e-02,2.631995826959609985e-02,-1.026159618049860001e-02
-5.994207412004470825e-02,2.623619139194488525e-02,-9.981925599277019501e-03
-5.994207412004470825e-02,2.623619139194488525e-02,-9.981925599277019501e-03
-5.994870141148567200e-02,2.615115419030189514e-02,-9.702545590698719025e-03
-5.994870141148567200e-02,2.615115419030189514e-02,-9.702545590698719025e-03
-5.995586141943931580e-02,2.606485225260257721e-02,-9.423464536666870117e-03
-5.995586141943931580e-02,2.606485225260257721e-02,-9.423464536666870117e-03
-5.996353179216384888e-02,2.597728371620178223e-02,-9.144679643213748932e-03
-5.996353179216384888e-02,2.597728371620178223e-02,-9.144679643213748932e-03
-5.997173115611076355e-02,2.588846161961555481e-02,-8.866195566952228546e-03
-5.997173115611076355e-02,2.588846161961555481e-02,-8.866195566952228546e-03
-5.998044833540916443e-02,2.579837106168270111e-02,-8.588012307882308960e-03
-5.998044833540916443e-02,2.579837106168270111e-02,-8.588012307882308960e-03
-5.998968705534934998e-02,2.570702508091926575e-02,-8.310135453939437866e-03
-5.998968705534934998e-02,2.570702508091926575e-02,-8.310135453939437866e-03
-5.999943986535072327e-02,2.561442553997039795e-02,-8.032572455704212189e-03
-5.999943986535072327e-02,2.561442553997039795e-02,-8.032572455704212189e-03
-6.000970304012298584e-02,2.552056871354579926e-02,-7.755314931273460388e-03
-6.000970304012298584e-02,2.552056871354579926e-02,-7.755314931273460388e-03
-6.002048030495643616e-02,2.542546391487121582e-02,-7.478374056518077850e-03
-6.002048030495643616e-02,2.542546391487121582e-02,-7.478374056518077850e-03
-6.003177538514137268e-02,2.532911300659179688e-02,-7.201749365776777267e-03
-6.003177538514137268e-02,2.532911300659179688e-02,-7.201749365776777267e-03
-6.004356965422630310e-02,2.523151226341724396e-02,-6.925443653017282486e-03
-6.004356965422630310e-02,2.523151226341724396e-02,-6.925443653017282486e-03
-6.005587428808212280e-02,2.513265796005725861e-02,-6.649457383900880814e-03
-6.005587428808212280e-02,2.513265796005725861e-02,-6.649457383900880814e-03
-6.006868928670883179e-02,2.503257058560848236e-02,-6.373798009008169174e-03
-6.006868928670883179e-02,2.503257058560848236e-02,-6.373798009008169174e-03
-6.008199602365493774e-02,2.493124082684516907e-02,-6.098466925323009491e-03
-6.008199602365493774e-02,2.493124082684516907e-02,-6.098466925323009491e-03
-6.009580940008163452e-02,2.482867054641246796e-02,-5.823466461151838303e-03
-6.009580940008163452e-02,2.482867054641246796e-02,-5.823466461151838303e-03
-6.011011824011802673e-02,2.472486346960067749e-02,-5.548795685172080994e-03
-6.011011824011802673e-02,2.472486346960067749e-02,-5.548795685172080994e-03
-6.012493371963500977e-02,2.461982704699039459e-02,-5.274458788335323334e-03
-6.012493371963500977e-02,2.461982704699039459e-02,-5.274458788335323334e-03
-6.014023721218109131e-02,2.451355382800102234e-02,-5.000466480851173401e-03
-6.014023721218109131e-02,2.451355382800102234e-02,-5.000466480851173401e-03
-6.015603244304656982e-02,2.440605312585830688e-02,-4.726806189864873886e-03
-6.015603244304656982e-02,2.440605312585830688e-02,-4.726806189864873886e-03
-6.017231941223144531e-02,2.429731748998165131e-02,-4.453491419553756714e-03
-6.017231941223144531e-02,2.429731748998165131e-02,-4.453491419553756714e-03
-6.018910184502601624e-02,2.418736368417739868e-02,-4.180528689175844193e-03
-6.018910184502601624e-02,2.418736368417739868e-02,-4.180528689175844193e-03
-6.020636484026908875e-02,2.407618053257465363e-02,-3.907905425876379013e-03
-6.020636484026908875e-02,2.407618053257465363e-02,-3.907905425876379013e-03
-6.022411584854125977e-02,2.396377734839916229e-02,-3.635640256106853485e-03
-6.022411584854125977e-02,2.396377734839916229e-02,-3.635640256106853485e-03
-6.024235486984252930e-02,2.385015599429607391e-02,-3.363726893439888954e-03
-6.024235486984252930e-02,2.385015599429607391e-02,-3.363726893439888954e-03
-6.026106700301170349e-02,2.373531460762023926e-02,-3.092169994488358498e-03
-6.026106700301170349e-02,2.373531460762023926e-02,-3.092169994488358498e-03
-6.028026342391967773e-02,2.361926250159740448e-02,-2.820970723405480385e-03
-6.028026342391967773e-02,2.361926250159740448e-02,-2.820970723405480385e-03
-6.029994413256645203e-02,2.350199222564697266e-02,-2.550137694925069809e-03
-6.029994413256645203e-02,2.350199222564697266e-02,-2.550137694925069809e-03
-6.032009050250053406e-02,2.338351123034954071e-02,-2.279668115079402924e-03
-6.032009050250053406e-02,2.338351123034954071e-02,-2.279668115079402924e-03
-6.034071370959281921e-02,2.326381951570510864e-02,-2.009563380852341652e-03
-6.034071370959281921e-02,2.326381951570510864e-02,-2.009563380852341652e-03
-6.036181375384330750e-02,2.314292266964912415e-02,-1.739831292070448399e-03
-6.036181375384330750e-02,2.314292266964912415e-02,-1.739831292070448399e-03
-6.038337945938110352e-02,2.302082255482673645e-02,-1.470470102503895760e-03
-6.038337945938110352e-02,2.302082255482673645e-02,-1.470470102503895760e-03
-6.040541827678680420e-02,2.289751917123794556e-02,-1.201482722535729408e-03
-6.040541827678680420e-02,2.289751917123794556e-02,-1.201482722535729408e-03
-6.042791903018951416e-02,2.277301810681819916e-02,-9.328752639703452587e-04
-6.042791903018951416e-02,2.277301810681819916e-02,-9.328752639703452587e-04
-6.045089289546012878e-02,2.264730818569660187e-02,-6.646478432230651379e-04
-6.045089289546012878e-02,2.264730818569660187e-02,-6.646478432230651379e-04
-6.047432124614715576e-02,2.252041175961494446e-02,-3.968042728956788778e-04
-6.047432124614715576e-02,2.252041175961494446e-02,-3.968042728956788778e-04
-6.049821153283119202e-02,2.239232324063777924e-02,-1.293443201575428247e-04
-6.049821153283119202e-02,2.239232324063777924e-02,-1.293443201575428247e-04
-6.052256375551223755e-02,2.226303331553936005e-02,1.377254957333207130e-04
-6.052256375551223755e-02,2.226303331553936005e-02,1.377254957333207130e-04
-6.054737046360969543e-02,2.213255502283573151e-02,4.044023226015269756e-04
-6.054737046360969543e-02,2.213255502283573151e-02,4.044023226015269756e-04
-6.057263538241386414e-02,2.200089208781719208e-02,6.706855492666363716e-04
-6.057263538241386414e-02,2.200089208781719208e-02,6.706855492666363716e-04
-6.059835106134414673e-02,2.186804637312889099e-02,9.365720907226204872e-04
-6.059835106134414673e-02,2.186804637312889099e-02,9.365720907226204872e-04
-6.062451377511024475e-02,2.173401229083538055e-02,1.202061306685209274e-03
-6.062451377511024475e-02,2.173401229083538055e-02,1.202061306685209274e-03
-6.065113469958305359e-02,2.159879729151725769e-02,1.467147376388311386e-03
-6.065113469958305359e-02,2.159879729151725769e-02,1.467147376388311386e-03
-6.067820265889167786e-02,2.146239764988422394e-02,1.731832395307719707e-03
-6.067820265889167786e-02,2.146239764988422394e-02,1.731832395307719707e-03
-6.070571392774581909e-02,2.132482826709747314e-02,1.996105536818504333e-03
-6.070571392774581909e-02,2.132482826709747314e-02,1.996105536818504333e-03
-6.073366478085517883e-02,2.118608355522155762e-02,2.259968547150492668e-03
-6.073366478085517883e-02,2.118608355522155762e-02,2.259968547150492668e-03
-6.076205894351005554e-02,2.104616165161132812e-02,2.523420844227075577e-03
-6.076205894351005554e-02,2.104616165161132812e-02,2.523420844227075577e-03
-6.079090014100074768e-02,2.090507000684738159e-02,2.786459634080529213e-03
-6.079090014100074768e-02,2.090507000684738159e-02,2.786459634080529213e-03
-6.082017347216606140e-02,2.076280675828456879e-02,3.049074439331889153e-03
-6.082017347216606140e-02,2.076280675828456879e-02,3.049074439331889153e-03
-6.084987893700599670e-02,2.061938308179378510e-02,3.311275038868188858e-03
-6.084987893700599670e-02,2.061938308179378510e-02,3.311275038868188858e-03
-6.088002026081085205e-02,2.047479152679443359e-02,3.573048161342740059e-03
-6.088002026081085205e-02,2.047479152679443359e-02,3.573048161342740059e-03
-6.091060116887092590e-02,2.032903209328651428e-02,3.834397299215197563e-03
-6.091060116887092590e-02,2.032903209328651428e-02,3.834397299215197563e-03
-6.094160303473472595e-02,2.018212154507637024e-02,4.095316864550113678e-03
-6.094160303473472595e-02,2.018212154507637024e-02,4.095316864550113678e-03
-6.097304075956344604e-02,2.003404125571250916e-02,4.355806857347488403e-03
-6.097304075956344604e-02,2.003404125571250916e-02,4.355806857347488403e-03
-6.100489571690559387e-02,1.988481357693672180e-02,4.615860059857368469e-03
-6.100489571690559387e-02,1.988481357693672180e-02,4.615860059857368469e-03
-6.103719398379325867e-02,1.973443292081356049e-02,4.875484853982925415e-03
-6.103719398379325867e-02,1.973443292081356049e-02,4.875484853982925415e-03
-6.106989830732345581e-02,1.958289742469787598e-02,5.134655628353357315e-03
-6.106989830732345581e-02,1.958289742469787598e-02,5.134655628353357315e-03
-6.110302731394767761e-02,1.943020895123481750e-02,5.393396597355604172e-03
-6.110302731394767761e-02,1.943020895123481750e-02,5.393396597355604172e-03
-6.113657727837562561e-02,1.927637122571468353e-02,5.651687737554311752e-03
-6.113657727837562561e-02,1.927637122571468353e-02,5.651687737554311752e-03
-6.117054820060729980e-02,1.912138983607292175e-02,5.909531842917203903e-03
-6.117054820060729980e-02,1.912138983607292175e-02,5.909531842917203903e-03
-6.120492145419120789e-02,1.896526850759983063e-02,6.166928447782993317e-03
-6.120492145419120789e-02,1.896526850759983063e-02,6.166928447782993317e-03
-6.123972311615943909e-02,1.880800351500511169e-02,6.423872895538806915e-03
-6.123972311615943909e-02,1.880800351500511169e-02,6.423872895538806915e-03
-6.127492710947990417e-02,1.864960230886936188e-02,6.680355872958898544e-03
-6.127492710947990417e-02,1.864960230886936188e-02,6.680355872958898544e-03
-6.131054461002349854e-02,1.849005930125713348e-02,6.936387624591588974e-03
-6.131054461002349854e-02,1.849005930125713348e-02,6.936387624591588974e-03
-6.134656444191932678e-02,1.832938194274902344e-02,7.191956043243408203e-03
-6.134656444191932678e-02,1.832938194274902344e-02,7.191956043243408203e-03
-6.138299405574798584e-02,1.816757582128047943e-02,7.447056472301483154e-03
-6.138299405574798584e-02,1.816757582128047943e-02,7.447056472301483154e-03
-6.141982227563858032e-02,1.800463162362575531e-02,7.701701484620571136e-03
-6.141982227563858032e-02,1.800463162362575531e-02,7.701701484620571136e-03
-6.145706400275230408e-02,1.784056425094604492e-02,7.955868728458881378e-03
-6.145706400275230408e-02,1.784056425094604492e-02,7.955868728458881378e-03
-6.149469688534736633e-02,1.767536811530590057e-02,8.209566585719585419e-03
-6.149469688534736633e-02,1.767536811530590057e-02,8.209566585719585419e-03
-6.153272837400436401e-02,1.750904507935047150e-02,8.462795987725257874e-03
-6.153272837400436401e-02,1.750904507935047150e-02,8.462795987725257874e-03
-6.157114729285240173e-02,1.734160259366035461e-02,8.715543895959854126e-03
-6.157114729285240173e-02,1.734160259366035461e-02,8.715543895959854126e-03
-6.160997226834297180e-02,1.717303693294525146e-02,8.967810310423374176e-03
-6.160997226834297180e-02,1.717303693294525146e-02,8.967810310423374176e-03
-6.164919584989547729e-02,1.700335927307605743e-02,9.219598956406116486e-03
-6.164919584989547729e-02,1.700335927307605743e-02,9.219598956406116486e-03
-6.168879941105842590e-02,1.683255843818187714e-02,9.470897726714611053e-03
-6.168879941105842590e-02,1.683255843818187714e-02,9.470897726714611053e-03
-6.172879040241241455e-02,1.666064560413360596e-02,9.721715003252029419e-03
-6.172879040241241455e-02,1.666064560413360596e-02,9.721715003252029419e-03
-6.176916882395744324e-02,1.648762263357639313e-02,9.972040541470050812e-03
-6.176916882395744324e-02,1.648762263357639313e-02,9.972040541470050812e-03
-6.180993467569351196e-02,1.631348766386508942e-02,1.022187247872352600e-02
-6.180993467569351196e-02,1.631348766386508942e-02,1.022187247872352600e-02
-6.185108795762062073e-02,1.613824814558029175e-02,1.047120522707700729e-02
-6.185108795762062073e-02,1.613824814558029175e-02,1.047120522707700729e-02
-6.189261749386787415e-02,1.596190221607685089e-02,1.072004437446594238e-02
-6.189261749386787415e-02,1.596190221607685089e-02,1.072004437446594238e-02
-6.193451583385467529e-02,1.578444615006446838e-02,1.096838619560003281e-02
-6.193451583385467529e-02,1.578444615006446838e-02,1.096838619560003281e-02
-6.197680532932281494e-02,1.560589671134948730e-02,1.121622230857610703e-02
-6.197680532932281494e-02,1.560589671134948730e-02,1.121622230857610703e-02
-6.201946362853050232e-02,1.542624365538358688e-02,1.146355085074901581e-02
-6.201946362853050232e-02,1.542624365538358688e-02,1.146355085074901581e-02
-6.206250190734863281e-02,1.524549908936023712e-02,1.171037182211875916e-02
-6.206250190734863281e-02,1.524549908936023712e-02,1.171037182211875916e-02
-6.210590526461601257e-02,1.506365370005369186e-02,1.195667590945959091e-02
-6.210590526461601257e-02,1.506365370005369186e-02,1.195667590945959091e-02
-6.214968115091323853e-02,1.488071680068969727e-02,1.220247242599725723e-02
-6.214968115091323853e-02,1.488071680068969727e-02,1.220247242599725723e-02
-6.219381839036941528e-02,1.469668839126825333e-02,1.244774740189313889e-02
-6.219381839036941528e-02,1.469668839126825333e-02,1.244774740189313889e-02
-6.223832070827484131e-02,1.451157219707965851e-02,1.269250921905040741e-02
-6.223832070827484131e-02,1.451157219707965851e-02,1.269250921905040741e-02
-6.228319555521011353e-02,1.432537287473678589e-02,1.293674670159816742e-02
-6.228319555521011353e-02,1.432537287473678589e-02,1.293674670159816742e-02
-6.232842430472373962e-02,1.413808669894933701e-02,1.318045891821384430e-02
-6.232842430472373962e-02,1.413808669894933701e-02,1.318045891821384430e-02
-6.237402185797691345e-02,1.394971925765275955e-02,1.342364493757486343e-02
-6.237402185797691345e-02,1.394971925765275955e-02,1.342364493757486343e-02
-6.241996958851814270e-02,1.376026775687932968e-02,1.366629730910062790e-02
-6.241996958851814270e-02,1.376026775687932968e-02,1.366629730910062790e-02
-6.246627867221832275e-02,1.356973778456449509e-02,1.390841789543628693e-02
-6.246627867221832275e-02,1.356973778456449509e-02,1.390841789543628693e-02
-6.251294165849685669e-02,1.337813492864370346e-02,1.415000669658184052e-02
-6.251294165849685669e-02,1.337813492864370346e-02,1.415000669658184052e-02
-6.255995482206344604e-02,1.318545732647180557e-02,1.439105812460184097e-02
-6.255995482206344604e-02,1.318545732647180557e-02,1.439105812460184097e-02
-6.260731071233749390e-02,1.299170963466167450e-02,1.463156379759311676e-02
-6.260731071233749390e-02,1.299170963466167450e-02,1.463156379759311676e-02
-6.265502423048019409e-02,1.279688812792301178e-02,1.487152744084596634e-02
-6.265502423048019409e-02,1.279688812792301178e-02,1.487152744084596634e-02
-6.270308792591094971e-02,1.260100211948156357e-02,1.511094439774751663e-02
-6.270308792591094971e-02,1.260100211948156357e-02,1.511094439774751663e-02
-6.275148689746856689e-02,1.240405160933732986e-02,1.534981094300746918e-02
-6.275148689746856689e-02,1.240405160933732986e-02,1.534981094300746918e-02
-6.280023604631423950e-02,1.220603566616773605e-02,1.558813359588384628e-02
-6.280023604631423950e-02,1.220603566616773605e-02,1.558813359588384628e-02
-6.284932792186737061e-02,1.200695987790822983e-02,1.582589559257030487e-02
-6.284932792186737061e-02,1.200695987790822983e-02,1.582589559257030487e-02
-6.289874762296676636e-02,1.180682517588138580e-02,1.606310158967971802e-02
-6.289874762296676636e-02,1.180682517588138580e-02,1.606310158967971802e-02
-6.294851005077362061e-02,1.160563156008720398e-02,1.629974879324436188e-02
-6.294851005077362061e-02,1.160563156008720398e-02,1.629974879324436188e-02
-6.299860775470733643e-02,1.140338554978370667e-02,1.653583720326423645e-02
-6.299860775470733643e-02,1.140338554978370667e-02,1.653583720326423645e-02
-6.304904073476791382e-02,1.120008528232574463e-02,1.677135750651359558e-02
-6.304904073476791382e-02,1.120008528232574463e-02,1.677135750651359558e-02
-6.309980154037475586e-02,1.099573355168104172e-02,1.700631156563758850e-02
-6.309980154037475586e-02,1.099573355168104172e-02,1.700631156563758850e-02
-6.315089017152786255e-02,1.079033408313989639e-02,1.724069565534591675e-02
-6.315089017152786255e-02,1.079033408313989639e-02,1.724069565534591675e-02
-6.320231407880783081e-02,1.058388780802488327e-02,1.747450418770313263e-02
-6.320231407880783081e-02,1.058388780802488327e-02,1.747450418770313263e-02
-6.325405836105346680e-02,1.037639658898115158e-02,1.770773902535438538e-02
-6.325405836105346680e-02,1.037639658898115158e-02,1.770773902535438538e-02
-6.330612301826477051e-02,1.016786415129899979e-02,1.794040016829967499e-02
-6.330612301826477051e-02,1.016786415129899979e-02,1.794040016829967499e-02
-6.335851550102233887e-02,9.958289563655853271e-03,1.817247271537780762e-02
-6.335851550102233887e-02,9.958289563655853271e-03,1.817247271537780762e-02
-6.341122835874557495e-02,9.747684001922607422e-03,1.840396597981452942e-02
-6.341122835874557495e-02,9.747684001922607422e-03,1.840396597981452942e-02
-6.346425414085388184e-02,9.536036290228366852e-03,1.863487809896469116e-02
-6.346425414085388184e-02,9.536036290228366852e-03,1.863487809896469116e-02
-6.351760029792785645e-02,9.323356673121452332e-03,1.886519603431224823e-02
-6.351760029792785645e-02,9.323356673121452332e-03,1.886519603431224823e-02
-6.357125937938690186e-02,9.109642356634140015e-03,1.909491978585720062e-02
-6.357125937938690186e-02,9.109642356634140015e-03,1.909491978585720062e-02
-6.362523138523101807e-02,8.894901722669601440e-03,1.932405307888984680e-02
-6.362523138523101807e-02,8.894901722669601440e-03,1.932405307888984680e-02
-6.367950886487960815e-02,8.679133839905261993e-03,1.955259032547473907e-02
-6.367950886487960815e-02,8.679133839905261993e-03,1.955259032547473907e-02
-6.373410671949386597e-02,8.462338708341121674e-03,1.978052593767642975e-02
-6.373410671949386597e-02,8.462338708341121674e-03,1.978052593767642975e-02
-6.378899514675140381e-02,8.244521915912628174e-03,2.000785991549491882e-02
-6.378899514675140381e-02,8.244521915912628174e-03,2.000785991549491882e-02
-6.384420394897460938e-02,8.025685325264930725e-03,2.023458667099475861e-02
-6.384420394897460938e-02,8.025685325264930725e-03,2.023458667099475861e-02
-6.389970332384109497e-02,7.805826608091592789e-03,2.046071179211139679e-02
-6.389970332384109497e-02,7.805826608091592789e-03,2.046071179211139679e-02
-6.395550817251205444e-02,7.584954611957073212e-03,2.068622596561908722e-02
-6.395550817251205444e-02,7.584954611957073212e-03,2.068622596561908722e-02
-6.401161849498748779e-02,7.363063283264636993e-03,2.091112546622753143e-02
-6.401161849498748779e-02,7.363063283264636993e-03,2.091112546622753143e-02
-6.406801193952560425e-02,7.140164263546466827e-03,2.113541029393672943e-02
-6.406801193952560425e-02,7.140164263546466827e-03,2.113541029393672943e-02
-6.412471085786819458e-02,6.916249170899391174e-03,2.135907672345638275e-02
-6.412471085786819458e-02,6.916249170899391174e-03,2.135907672345638275e-02
-6.418170034885406494e-02,6.691329181194305420e-03,2.158211916685104370e-02
-6.418170034885406494e-02,6.691329181194305420e-03,2.158211916685104370e-02
-6.423898041248321533e-02,6.465401966124773026e-03,2.180454134941101074e-02
-6.423898041248321533e-02,6.465401966124773026e-03,2.180454134941101074e-02
-6.429655104875564575e-02,6.238475441932678223e-03,2.202633768320083618e-02
-6.429655104875564575e-02,6.238475441932678223e-03,2.202633768320083618e-02
-6.435440480709075928e-02,6.010539829730987549e-03,2.224750816822052002e-02
-6.435440480709075928e-02,6.010539829730987549e-03,2.224750816822052002e-02
-6.441254913806915283e-02,5.781608633697032928e-03,2.246803976595401764e-02
-6.441254913806915283e-02,5.781608633697032928e-03,2.246803976595401764e-02
-6.447097659111022949e-02,5.551678594201803207e-03,2.268793806433677673e-02
-6.447097659111022949e-02,5.551678594201803207e-03,2.268793806433677673e-02
-6.452967971563339233e-02,5.320747382938861847e-03,2.290720678865909576e-02
-6.452967971563339233e-02,5.320747382938861847e-03,2.290720678865909576e-02
-6.458867341279983521e-02,5.088826641440391541e-03,2.312583103775978088e-02
-6.458867341279983521e-02,5.088826641440391541e-03,2.312583103775978088e-02
-6.464793533086776733e-02,4.855917301028966904e-03,2.334381267428398132e-02
-6.464793533086776733e-02,4.855917301028966904e-03,2.334381267428398132e-02
-6.470748037099838257e-02,4.622015636414289474e-03,2.356115169823169708e-02
-6.470748037099838257e-02,4.622015636414289474e-03,2.356115169823169708e-02
-6.476730108261108398e-02,4.387126304209232330e-03,2.377784438431262970e-02
-6.476730108261108398e-02,4.387126304209232330e-03,2.377784438431262970e-02
-6.482739001512527466e-02,4.151254426687955856e-03,2.399388328194618225e-02
-6.482739001512527466e-02,4.151254426687955856e-03,2.399388328194618225e-02
-6.488774716854095459e-02,3.914398606866598129e-03,2.420927025377750397e-02
-6.488774716854095459e-02,3.914398606866598129e-03,2.420927025377750397e-02
-6.494837999343872070e-02,3.676560241729021072e-03,2.442400529980659485e-02
-6.494837999343872070e-02,3.676560241729021072e-03,2.442400529980659485e-02
-6.500927358865737915e-02,3.437744686380028725e-03,2.463807538151741028e-02
-6.500927358865737915e-02,3.437744686380028725e-03,2.463807538151741028e-02
-6.507042795419692993e-02,3.197954734787344933e-03,2.485148981213569641e-02
-6.507042795419692993e-02,3.197954734787344933e-03,2.485148981213569641e-02
-6.513185054063796997e-02,2.957184799015522003e-03,2.506423927843570709e-02
-6.513185054063796997e-02,2.957184799015522003e-03,2.506423927843570709e-02
-6.519353389739990234e-02,2.715443260967731476e-03,2.527632378041744232e-02
-6.519353389739990234e-02,2.715443260967731476e-03,2.527632378041744232e-02
-6.525547802448272705e-02,2.472736174240708351e-03,2.548773773014545441e-02
-6.525547802448272705e-02,2.472736174240708351e-03,2.548773773014545441e-02
-6.531767547130584717e-02,2.229053527116775513e-03,2.569848485291004181e-02
-6.531767547130584717e-02,2.229053527116775513e-03,2.569848485291004181e-02
-6.538012623786926270e-02,1.984415110200643539e-03,2.590855211019515991e-02
-6.538012623786926270e-02,1.984415110200643539e-03,2.590855211019515991e-02
-6.544283032417297363e-02,1.738804625347256660e-03,2.611794322729110718e-02
-6.544283032417297363e-02,1.738804625347256660e-03,2.611794322729110718e-02
-6.550578773021697998e-02,1.492233015596866608e-03,2.632665447890758514e-02
-6.550578773021697998e-02,1.492233015596866608e-03,2.632665447890758514e-02
-6.556899845600128174e-02,1.244701561518013477e-03,2.653468586504459381e-02
-6.556899845600128174e-02,1.244701561518013477e-03,2.653468586504459381e-02
-6.563245505094528198e-02,9.962170151993632317e-04,2.674203179776668549e-02
-6.563245505094528198e-02,9.962170151993632317e-04,2.674203179776668549e-02
-6.569615751504898071e-02,7.467712857760488987e-04,2.694868855178356171e-02
-6.569615751504898071e-02,7.467712857760488987e-04,2.694868855178356171e-02
-6.576009839773178101e-02,4.963710671290755272e-04,2.715465798974037170e-02
-6.576009839773178101e-02,4.963710671290755272e-04,2.715465798974037170e-02
-6.582428514957427979e-02,2.450216852594166994e-04,2.735993824899196625e-02
-6.582428514957427979e-02,2.450216852594166994e-04,2.735993824899196625e-02
-6.588871031999588013e-02,-7.274171366589143872e-06,2.756452001631259918e-02
-6.588871031999588013e-02,-7.274171366589143872e-06,2.756452001631259918e-02
-6.595336645841598511e-02,-2.605191839393228292e-04,2.776839584112167358e-02
-6.595336645841598511e-02,-2.605191839393228292e-04,2.776839584112167358e-02
-6.601827591657638550e-02,-5.147120100446045399e-04,2.797157876193523407e-02
-6.601827591657638550e-02,-5.147120100446045399e-04,2.797157876193523407e-02
-6.608340889215469360e-02,-7.698433473706245422e-04,2.817405387759208679e-02
-6.608340889215469360e-02,-7.698433473706245422e-04,2.817405387759208679e-02
-6.614877283573150635e-02,-1.025918405503034592e-03,2.837583050131797791e-02
-6.614877283573150635e-02,-1.025918405503034592e-03,2.837583050131797791e-02
-6.621437519788742065e-02,-1.282930723391473293e-03,2.857688814401626587e-02
-6.621437519788742065e-02,-1.282930723391473293e-03,2.857688814401626587e-02
-6.628020107746124268e-02,-1.540880068205296993e-03,2.877723984420299530e-02
-6.628020107746124268e-02,-1.540880068205296993e-03,2.877723984420299530e-02
-6.634625047445297241e-02,-1.799762598238885403e-03,2.897687815129756927e-02
-6.634625047445297241e-02,-1.799762598238885403e-03,2.897687815129756927e-02
-6.641252338886260986e-02,-2.059579594060778618e-03,2.917579747736454010e-02
-6.641252338886260986e-02,-2.059579594060778618e-03,2.917579747736454010e-02
-6.647903472185134888e-02,-2.320324536412954330e-03,2.937399968504905701e-02
-6.647903472185134888e-02,-2.320324536412954330e-03,2.937399968504905701e-02
-6.654574722051620483e-02,-2.581998473033308983e-03,2.957147173583507538e-02
-6.654574722051620483e-02,-2.581998473033308983e-03,2.957147173583507538e-02
-6.661268323659896851e-02,-2.844600006937980652e-03,2.976822853088378906e-02
-6.661268323659896851e-02,-2.844600006937980652e-03,2.976822853088378906e-02
-6.667984277009963989e-02,-3.108122851699590683e-03,2.996425330638885498e-02
-6.667984277009963989e-02,-3.108122851699590683e-03,2.996425330638885498e-02
-6.674721091985702515e-02,-3.372570965439081192e-03,3.015955165028572083e-02
-6.674721091985702515e-02,-3.372570965439081192e-03,3.015955165028572083e-02
-6.681479513645172119e-02,-3.637937363237142563e-03,3.035411424934864044e-02
-6.681479513645172119e-02,-3.637937363237142563e-03,3.035411424934864044e-02
-6.688259541988372803e-02,-3.904218086972832680e-03,3.054793551564216614e-02
-6.688259541988372803e-02,-3.904218086972832680e-03,3.054793551564216614e-02
-6.695060431957244873e-02,-4.171421285718679428e-03,3.074102848768234253e-02
-6.695060431957244873e-02,-4.171421285718679428e-03,3.074102848768234253e-02
-6.701881438493728638e-02,-4.439528565853834152e-03,3.093337826430797577e-02
-6.701881438493728638e-02,-4.439528565853834152e-03,3.093337826430797577e-02
-6.708722561597824097e-02,-4.708555527031421661e-03,3.112498112022876740e-02
-6.708722561597824097e-02,-4.708555527031421661e-03,3.112498112022876740e-02
-6.715584546327590942e-02,-4.978487268090248108e-03,3.131584078073501587e-02
-6.715584546327590942e-02,-4.978487268090248108e-03,3.131584078073501587e-02
-6.722467392683029175e-02,-5.249322857707738876e-03,3.150594979524612427e-02
-6.722467392683029175e-02,-5.249322857707738876e-03,3.150594979524612427e-02
-6.729370355606079102e-02,-5.521069280803203583e-03,3.169531002640724182e-02
-6.729370355606079102e-02,-5.521069280803203583e-03,3.169531002640724182e-02
-6.736291944980621338e-02,-5.793717689812183380e-03,3.188391029834747314e-02
-6.736291944980621338e-02,-5.793717689812183380e-03,3.188391029834747314e-02
-6.743233650922775269e-02,-6.067262031137943268e-03,3.207176178693771362e-02
-6.743233650922775269e-02,-6.067262031137943268e-03,3.207176178693771362e-02
-6.750194728374481201e-02,-6.341713014990091324e-03,3.225884586572647095e-02
-6.750194728374481201e-02,-6.341713014990091324e-03,3.225884586572647095e-02
-6.757175922393798828e-02,-6.617054343223571777e-03,3.244516998529434204e-02
-6.757175922393798828e-02,-6.617054343223571777e-03,3.244516998529434204e-02
-6.764174252748489380e-02,-6.893291138112545013e-03,3.263072669506072998e-02
-6.764174252748489380e-02,-6.893291138112545013e-03,3.263072669506072998e-02
-6.771193444728851318e-02,-7.170419674366712570e-03,3.281552717089653015e-02
-6.771193444728851318e-02,-7.170419674366712570e-03,3.281552717089653015e-02
-6.778229773044586182e-02,-7.448436226695775986e-03,3.299954161047935486e-02
-6.778229773044586182e-02,-7.448436226695775986e-03,3.299954161047935486e-02
-6.785285472869873047e-02,-7.727348245680332184e-03,3.318279981613159180e-02
-6.785285472869873047e-02,-7.727348245680332184e-03,3.318279981613159180e-02
-6.792359054088592529e-02,-8.007140830159187317e-03,3.336527198553085327e-02
-6.792359054088592529e-02,-8.007140830159187317e-03,3.336527198553085327e-02
-6.799451261758804321e-02,-8.287814445793628693e-03,3.354696556925773621e-02
-6.799451261758804321e-02,-8.287814445793628693e-03,3.354696556925773621e-02
-6.806559860706329346e-02,-8.569375611841678619e-03,3.372788429260253906e-02
-6.806559860706329346e-02,-8.569375611841678619e-03,3.372788429260253906e-02
-6.813687831163406372e-02,-8.851813152432441711e-03,3.390801697969436646e-02
-6.813687831163406372e-02,-8.851813152432441711e-03,3.390801697969436646e-02
-6.820832937955856323e-02,-9.135130792856216431e-03,3.408735990524291992e-02
-6.820832937955856323e-02,-9.135130792856216431e-03,3.408735990524291992e-02
-6.827995181083679199e-02,-9.419321082532405853e-03,3.426591679453849792e-02
-6.827995181083679199e-02,-9.419321082532405853e-03,3.426591679453849792e-02
-6.835174560546875000e-02,-9.704379364848136902e-03,3.444368019700050354e-02
-6.835174560546875000e-02,-9.704379364848136902e-03,3.444368019700050354e-02
-6.842370331287384033e-02,-9.990317746996879578e-03,3.462065383791923523e-02
-6.842370331287384033e-02,-9.990317746996879578e-03,3.462065383791923523e-02
-6.849582493305206299e-02,-1.027712225914001465e-02,3.479682281613349915e-02
-6.849582493305206299e-02,-1.027712225914001465e-02,3.479682281613349915e-02
-6.856812536716461182e-02,-1.056479755789041519e-02,3.497219830751419067e-02
-6.856812536716461182e-02,-1.056479755789041519e-02,3.497219830751419067e-02
-6.864058971405029297e-02,-1.085333060473203659e-02,3.514677286148071289e-02
-6.864058971405029297e-02,-1.085333060473203659e-02,3.514677286148071289e-02
-6.871321052312850952e-02,-1.114272978156805038e-02,3.532053530216217041e-02
-6.871321052312850952e-02,-1.114272978156805038e-02,3.532053530216217041e-02
-6.878599524497985840e-02,-1.143298763781785965e-02,3.549349680542945862e-02
-6.878599524497985840e-02,-1.143298763781785965e-02,3.549349680542945862e-02
-6.885892152786254883e-02,-1.172410324215888977e-02,3.566564619541168213e-02
-6.885892152786254883e-02,-1.172410324215888977e-02,3.566564619541168213e-02
-6.893201917409896851e-02,-1.201608311384916306e-02,3.583697974681854248e-02
-6.893201917409896851e-02,-1.201608311384916306e-02,3.583697974681854248e-02
-6.900526583194732666e-02,-1.230890583246946335e-02,3.600750118494033813e-02
-6.900526583194732666e-02,-1.230890583246946335e-02,3.600750118494033813e-02
-6.907866895198822021e-02,-1.260258816182613373e-02,3.617720305919647217e-02
-6.907866895198822021e-02,-1.260258816182613373e-02,3.617720305919647217e-02
-6.915222853422164917e-02,-1.289711799472570419e-02,3.634608536958694458e-02
-6.915222853422164917e-02,-1.289711799472570419e-02,3.634608536958694458e-02
-6.922592222690582275e-02,-1.319249346852302551e-02,3.651414439082145691e-02
-6.922592222690582275e-02,-1.319249346852302551e-02,3.651414439082145691e-02
-6.929977238178253174e-02,-1.348871737718582153e-02,3.668137639760971069e-02
-6.929977238178253174e-02,-1.348871737718582153e-02,3.668137639760971069e-02
-6.937376409769058228e-02,-1.378578506410121918e-02,3.684777766466140747e-02
-6.937376409769058228e-02,-1.378578506410121918e-02,3.684777766466140747e-02
-6.944790482521057129e-02,-1.408369373530149460e-02,3.701334819197654724e-02
-6.944790482521057129e-02,-1.408369373530149460e-02,3.701334819197654724e-02
-6.952217221260070801e-02,-1.438244059681892395e-02,3.717808425426483154e-02
-6.952217221260070801e-02,-1.438244059681892395e-02,3.717808425426483154e-02
-6.959658116102218628e-02,-1.468203030526638031e-02,3.734198957681655884e-02
-6.959658116102218628e-02,-1.468203030526638031e-02,3.734198957681655884e-02
-6.967113167047500610e-02,-1.498244982212781906e-02,3.750504180788993835e-02
-6.967113167047500610e-02,-1.498244982212781906e-02,3.750504180788993835e-02
-6.974581629037857056e-02,-1.528369821608066559e-02,3.766726702451705933e-02
-6.974581629037857056e-02,-1.528369821608066559e-02,3.766726702451705933e-02
-6.982063502073287964e-02,-1.558578386902809143e-02,3.782863169908523560e-02
-6.982063502073287964e-02,-1.558578386902809143e-02,3.782863169908523560e-02
-6.989558786153793335e-02,-1.588869839906692505e-02,3.798915818333625793e-02
-6.989558786153793335e-02,-1.588869839906692505e-02,3.798915818333625793e-02
-6.997066736221313477e-02,-1.619244180619716644e-02,3.814883530139923096e-02
-6.997066736221313477e-02,-1.619244180619716644e-02,3.814883530139923096e-02
-7.004587352275848389e-02,-1.649700105190277100e-02,3.830765560269355774e-02
-7.004587352275848389e-02,-1.649700105190277100e-02,3.830765560269355774e-02
-7.012120634317398071e-02,-1.680239289999008179e-02,3.846562653779983521e-02
-7.012120634317398071e-02,-1.680239289999008179e-02,3.846562653779983521e-02
-7.019666582345962524e-02,-1.710859686136245728e-02,3.862273693084716797e-02
-7.019666582345962524e-02,-1.710859686136245728e-02,3.862273693084716797e-02
-7.027224451303482056e-02,-1.741562411189079285e-02,3.877897933125495911e-02
-7.027224451303482056e-02,-1.741562411189079285e-02,3.877897933125495911e-02
-7.034794241189956665e-02,-1.772346720099449158e-02,3.893437236547470093e-02
-7.034794241189956665e-02,-1.772346720099449158e-02,3.893437236547470093e-02
-7.042375206947326660e-02,-1.803212240338325500e-02,3.908888250589370728e-02
-7.042375206947326660e-02,-1.803212240338325500e-02,3.908888250589370728e-02
-7.049968838691711426e-02,-1.834158785641193390e-02,3.924253210425376892e-02
-7.049968838691711426e-02,-1.834158785641193390e-02,3.924253210425376892e-02
-7.057572901248931885e-02,-1.865186728537082672e-02,3.939530625939369202e-02
-7.057572901248931885e-02,-1.865186728537082672e-02,3.939530625939369202e-02
-7.065189629793167114e-02,-1.896294951438903809e-02,3.954721242189407349e-02
-7.065189629793167114e-02,-1.896294951438903809e-02,3.954721242189407349e-02
-7.072815299034118652e-02,-1.927484571933746338e-02,3.969823569059371948e-02
-7.072815299034118652e-02,-1.927484571933746338e-02,3.969823569059371948e-02
-7.080452889204025269e-02,-1.958753727376461029e-02,3.984837979078292847e-02
-7.080452889204025269e-02,-1.958753727376461029e-02,3.984837979078292847e-02
-7.088101655244827271e-02,-1.990103535354137421e-02,3.999764472246170044e-02
-7.088101655244827271e-02,-1.990103535354137421e-02,3.999764472246170044e-02
-7.095760852098464966e-02,-2.021532878279685974e-02,4.014602303504943848e-02
-7.095760852098464966e-02,-2.021532878279685974e-02,4.014602303504943848e-02
-7.103429734706878662e-02,-2.053042128682136536e-02,4.029351472854614258e-02
-7.103429734706878662e-02,-2.053042128682136536e-02,4.029351472854614258e-02
-7.111109048128128052e-02,-2.084630914032459259e-02,4.044011980295181274e-02
-7.111109048128128052e-02,-2.084630914032459259e-02,4.044011980295181274e-02
-7.118798047304153442e-02,-2.116298489272594452e-02,4.058582335710525513e-02
-7.118798047304153442e-02,-2.116298489272594452e-02,4.058582335710525513e-02
-7.126495987176895142e-02,-2.148045785725116730e-02,4.073063284158706665e-02
-7.126495987176895142e-02,-2.148045785725116730e-02,4.073063284158706665e-02
-7.134205102920532227e-02,-2.179872244596481323e-02,4.087455570697784424e-02
-7.134205102920532227e-02,-2.179872244596481323e-02,4.087455570697784424e-02
-7.141922414302825928e-02,-2.211776748299598694e-02,4.101756587624549866e-02
-7.141922414302825928e-02,-2.211776748299598694e-02,4.101756587624549866e-02
-7.149649411439895630e-02,-2.243760041892528534e-02,4.115966707468032837e-02
-7.149649411439895630e-02,-2.243760041892528534e-02,4.115966707468032837e-02
-7.157385349273681641e-02,-2.275821007788181305e-02,4.130087420344352722e-02
-7.157385349273681641e-02,-2.275821007788181305e-02,4.130087420344352722e-02
-7.165129482746124268e-02,-2.307960018515586853e-02,4.144117236137390137e-02
-7.165129482746124268e-02,-2.307960018515586853e-02,4.144117236137390137e-02
-7.172882556915283203e-02,-2.340177819132804871e-02,4.158055037260055542e-02
-7.172882556915283203e-02,-2.340177819132804871e-02,4.158055037260055542e-02
-7.180643081665039062e-02,-2.372471988201141357e-02,4.171901941299438477e-02
-7.180643081665039062e-02,-2.372471988201141357e-02,4.171901941299438477e-02
-7.188413292169570923e-02,-2.404844202101230621e-02,4.185656458139419556e-02
-7.188413292169570923e-02,-2.404844202101230621e-02,4.185656458139419556e-02
-7.196190953254699707e-02,-2.437294088304042816e-02,4.199320077896118164e-02
-7.196190953254699707e-02,-2.437294088304042816e-02,4.199320077896118164e-02
-7.203975319862365723e-02,-2.469819970428943634e-02,4.212890565395355225e-02
-7.203975319862365723e-02,-2.469819970428943634e-02,4.212890565395355225e-02
-7.211768627166748047e-02,-2.502423338592052460e-02,4.226369410753250122e-02
-7.211768627166748047e-02,-2.502423338592052460e-02,4.226369410753250122e-02
-7.219568639993667603e-02,-2.535103075206279755e-02,4.239754751324653625e-02
-7.219568639993667603e-02,-2.535103075206279755e-02,4.239754751324653625e-02
-7.227376848459243774e-02,-2.567858994007110596e-02,4.253047704696655273e-02
-7.227376848459243774e-02,-2.567858994007110596e-02,4.253047704696655273e-02
-7.235191017389297485e-02,-2.600690349936485291e-02,4.266246780753135681e-02
-7.235191017389297485e-02,-2.600690349936485291e-02,4.266246780753135681e-02
-7.243012636899948120e-02,-2.633599191904067993e-02,4.279352724552154541e-02
-7.243012636899948120e-02,-2.633599191904067993e-02,4.279352724552154541e-02
-7.250840216875076294e-02,-2.666582167148590088e-02,4.292364045977592468e-02
-7.250840216875076294e-02,-2.666582167148590088e-02,4.292364045977592468e-02
-7.258675247430801392e-02,-2.699641883373260498e-02,4.305282235145568848e-02
-7.258675247430801392e-02,-2.699641883373260498e-02,4.305282235145568848e-02
-7.266515493392944336e-02,-2.732775732874870300e-02,4.318105429410934448e-02
-7.266515493392944336e-02,-2.732775732874870300e-02,4.318105429410934448e-02
-7.274362444877624512e-02,-2.765985578298568726e-02,4.330834373831748962e-02
-7.274362444877624512e-02,-2.765985578298568726e-02,4.330834373831748962e-02
-7.282215356826782227e-02,-2.799270115792751312e-02,4.343468695878982544e-02
-7.282215356826782227e-02,-2.799270115792751312e-02,4.343468695878982544e-02
-7.290074229240417480e-02,-2.832628786563873291e-02,4.356007650494575500e-02
-7.290074229240417480e-02,-2.832628786563873291e-02,4.356007650494575500e-02
-7.297936826944351196e-02,-2.866061963140964508e-02,4.368450120091438293e-02
-7.297936826944351196e-02,-2.866061963140964508e-02,4.368450120091438293e-02
-7.305806130170822144e-02,-2.899569459259510040e-02,4.380797594785690308e-02
-7.305806130170822144e-02,-2.899569459259510040e-02,4.380797594785690308e-02
-7.313681393861770630e-02,-2.933151461184024811e-02,4.393049329519271851e-02
-7.313681393861770630e-02,-2.933151461184024811e-02,4.393049329519271851e-02
-7.321560382843017578e-02,-2.966806665062904358e-02,4.405205324292182922e-02
-7.321560382843017578e-02,-2.966806665062904358e-02,4.405205324292182922e-02
-7.329444587230682373e-02,-3.000536188483238220e-02,4.417263343930244446e-02
-7.329444587230682373e-02,-3.000536188483238220e-02,4.417263343930244446e-02
-7.337333261966705322e-02,-3.034338913857936859e-02,4.429225623607635498e-02
-7.337333261966705322e-02,-3.034338913857936859e-02,4.429225623607635498e-02
-7.345226407051086426e-02,-3.068214096128940582e-02,4.441091418266296387e-02
-7.345226407051086426e-02,-3.068214096128940582e-02,4.441091418266296387e-02
-7.353122532367706299e-02,-3.102162666618824005e-02,4.452858492732048035e-02
-7.353122532367706299e-02,-3.102162666618824005e-02,4.452858492732048035e-02
-7.361023873090744019e-02,-3.136183694005012512e-02,4.464528709650039673e-02
-7.361023873090744019e-02,-3.136183694005012512e-02,4.464528709650039673e-02
-7.368929684162139893e-02,-3.170277923345565796e-02,4.476100578904151917e-02
-7.368929684162139893e-02,-3.170277923345565796e-02,4.476100578904151917e-02
-7.376836985349655151e-02,-3.204443305730819702e-02,4.487575590610504150e-02
-7.376836985349655151e-02,-3.204443305730819702e-02,4.487575590610504150e-02
-7.384749501943588257e-02,-3.238682076334953308e-02,4.498951509594917297e-02
-7.384749501943588257e-02,-3.238682076334953308e-02,4.498951509594917297e-02
-7.392664253711700439e-02,-3.272992372512817383e-02,4.510228708386421204e-02
-7.392664253711700439e-02,-3.272992372512817383e-02,4.510228708386421204e-02
-7.400583475828170776e-02,-3.307374194264411926e-02,4.521406814455986023e-02
-7.400583475828170776e-02,-3.307374194264411926e-02,4.521406814455986023e-02
-7.408504188060760498e-02,-3.341827541589736938e-02,4.532485827803611755e-02
-7.408504188060760498e-02,-3.341827541589736938e-02,4.532485827803611755e-02
-7.416428625583648682e-02,-3.376352414488792419e-02,4.543465375900268555e-02
-7.416428625583648682e-02,-3.376352414488792419e-02,4.543465375900268555e-02
-7.424354553222656250e-02,-3.410948067903518677e-02,4.554346203804016113e-02
-7.424354553222656250e-02,-3.410948067903518677e-02,4.554346203804016113e-02
-7.432281970977783203e-02,-3.445614129304885864e-02,4.565126076340675354e-02
-7.432281970977783203e-02,-3.445614129304885864e-02,4.565126076340675354e-02
-7.440213114023208618e-02,-3.480351343750953674e-02,4.575805738568305969e-02
-7.440213114023208618e-02,-3.480351343750953674e-02,4.575805738568305969e-02
-7.448145002126693726e-02,-3.515158593654632568e-02,4.586384445428848267e-02
-7.448145002126693726e-02,-3.515158593654632568e-02,4.586384445428848267e-02
-7.456079125404357910e-02,-3.550036251544952393e-02,4.596863314509391785e-02
-7.456079125404357910e-02,-3.550036251544952393e-02,4.596863314509391785e-02
-7.464015483856201172e-02,-3.584984317421913147e-02,4.607240855693817139e-02
-7.464015483856201172e-02,-3.584984317421913147e-02,4.607240855693817139e-02
-7.471951842308044434e-02,-3.620001673698425293e-02,4.617516696453094482e-02
-7.471951842308044434e-02,-3.620001673698425293e-02,4.617516696453094482e-02
-7.479889690876007080e-02,-3.655088692903518677e-02,4.627691954374313354e-02
-7.479889690876007080e-02,-3.655088692903518677e-02,4.627691954374313354e-02
-7.487828284502029419e-02,-3.690245002508163452e-02,4.637763649225234985e-02
-7.487828284502029419e-02,-3.690245002508163452e-02,4.637763649225234985e-02
-7.495768368244171143e-02,-3.725470602512359619e-02,4.647734761238098145e-02
-7.495768368244171143e-02,-3.725470602512359619e-02,4.647734761238098145e-02
-7.503708451986312866e-02,-3.760765865445137024e-02,4.657603427767753601e-02
-7.503708451986312866e-02,-3.760765865445137024e-02,4.657603427767753601e-02
-7.511649280786514282e-02,-3.796128556132316589e-02,4.667368903756141663e-02
-7.511649280786514282e-02,-3.796128556132316589e-02,4.667368903756141663e-02
-7.519590109586715698e-02,-3.831560164690017700e-02,4.677031934261322021e-02
-7.519590109586715698e-02,-3.831560164690017700e-02,4.677031934261322021e-02
-7.527530938386917114e-02,-3.867059946060180664e-02,4.686591029167175293e-02
-7.527530938386917114e-02,-3.867059946060180664e-02,4.686591029167175293e-02
-7.535471022129058838e-02,-3.902628645300865173e-02,4.696047306060791016e-02
-7.535471022129058838e-02,-3.902628645300865173e-02,4.696047306060791016e-02
-7.543411850929260254e-02,-3.938264772295951843e-02,4.705399647355079651e-02
-7.543411850929260254e-02,-3.938264772295951843e-02,4.705399647355079651e-02
-7.551351189613342285e-02,-3.973968327045440674e-02,4.714648798108100891e-02
-7.551351189613342285e-02,-3.973968327045440674e-02,4.714648798108100891e-02
-7.559289783239364624e-02,-4.009739309549331665e-02,4.723792150616645813e-02
-7.559289783239364624e-02,-4.009739309549331665e-02,4.723792150616645813e-02
-7.567228376865386963e-02,-4.045578092336654663e-02,4.732831940054893494e-02
-7.567228376865386963e-02,-4.045578092336654663e-02,4.732831940054893494e-02
-7.575164735317230225e-02,-4.081483557820320129e-02,4.741767048835754395e-02
-7.575164735317230225e-02,-4.081483557820320129e-02,4.741767048835754395e-02
-7.583100348711013794e-02,-4.117456078529357910e-02,4.750597476959228516e-02
-7.583100348711013794e-02,-4.117456078529357910e-02,4.750597476959228516e-02
-7.591033726930618286e-02,-4.153494536876678467e-02,4.759320989251136780e-02
-7.591033726930618286e-02,-4.153494536876678467e-02,4.759320989251136780e-02
-7.598965615034103394e-02,-4.189600050449371338e-02,4.767940193414688110e-02
-7.598965615034103394e-02,-4.189600050449371338e-02,4.767940193414688110e-02
-7.606896013021469116e-02,-4.225771874189376831e-02,4.776453971862792969e-02
-7.606896013021469116e-02,-4.225771874189376831e-02,4.776453971862792969e-02
-7.614823430776596069e-02,-4.262009263038635254e-02,4.784860834479331970e-02
-7.614823430776596069e-02,-4.262009263038635254e-02,4.784860834479331970e-02
-7.622749358415603638e-02,-4.298312589526176453e-02,4.793161153793334961e-02
-7.622749358415603638e-02,-4.298312589526176453e-02,4.793161153793334961e-02
-7.630672305822372437e-02,-4.334681108593940735e-02,4.801354929804801941e-02
-7.630672305822372437e-02,-4.334681108593940735e-02,4.801354929804801941e-02
-7.638593018054962158e-02,-4.371115937829017639e-02,4.809442162513732910e-02
-7.638593018054962158e-02,-4.371115937829017639e-02,4.809442162513732910e-02
-7.646510750055313110e-02,-4.407615214586257935e-02,4.817422106862068176e-02
-7.646510750055313110e-02,-4.407615214586257935e-02,4.817422106862068176e-02
-7.654425501823425293e-02,-4.444179311394691467e-02,4.825294390320777893e-02
-7.654425501823425293e-02,-4.444179311394691467e-02,4.825294390320777893e-02
-7.662336528301239014e-02,-4.480808228254318237e-02,4.833060130476951599e-02
-7.662336528301239014e-02,-4.480808228254318237e-02,4.833060130476951599e-02
-7.670244574546813965e-02,-4.517501592636108398e-02,4.840716347098350525e-02
-7.670244574546813965e-02,-4.517501592636108398e-02,4.840716347098350525e-02
-7.678148150444030762e-02,-4.554259032011032104e-02,4.848264902830123901e-02
-7.678148150444030762e-02,-4.554259032011032104e-02,4.848264902830123901e-02
-7.686049491167068481e-02,-4.591080918908119202e-02,4.855705425143241882e-02
-7.686049491167068481e-02,-4.591080918908119202e-02,4.855705425143241882e-02
-7.693945616483688354e-02,-4.627967253327369690e-02,4.863036051392555237e-02
-7.693945616483688354e-02,-4.627967253327369690e-02,4.863036051392555237e-02
-7.701838016510009766e-02,-4.664916172623634338e-02,4.870258644223213196e-02
-7.701838016510009766e-02,-4.664916172623634338e-02,4.870258644223213196e-02
-7.709725201129913330e-02,-4.701929166913032532e-02,4.877371713519096375e-02
-7.709725201129913330e-02,-4.701929166913032532e-02,4.877371713519096375e-02
-7.717608660459518433e-02,-4.739004746079444885e-02,4.884374514222145081e-02
-7.717608660459518433e-02,-4.739004746079444885e-02,4.884374514222145081e-02
-7.725486904382705688e-02,-4.776144027709960938e-02,4.891268536448478699e-02
-7.725486904382705688e-02,-4.776144027709960938e-02,4.891268536448478699e-02
-7.733360677957534790e-02,-4.813346266746520996e-02,4.898051172494888306e-02
-7.733360677957534790e-02,-4.813346266746520996e-02,4.898051172494888306e-02
-7.741228491067886353e-02,-4.850610718131065369e-02,4.904723912477493286e-02
-7.741228491067886353e-02,-4.850610718131065369e-02,4.904723912477493286e-02
-7.749091833829879761e-02,-4.887937754392623901e-02,4.911287128925323486e-02
-7.749091833829879761e-02,-4.887937754392623901e-02,4.911287128925323486e-02
-7.756949216127395630e-02,-4.925327003002166748e-02,4.917738214135169983e-02
-7.756949216127395630e-02,-4.925327003002166748e-02,4.917738214135169983e-02
-7.764801383018493652e-02,-4.962777346372604370e-02,4.924078658223152161e-02
-7.764801383018493652e-02,-4.962777346372604370e-02,4.924078658223152161e-02
-7.772646844387054443e-02,-5.000290647149085999e-02,4.930306971073150635e-02
-7.772646844387054443e-02,-5.000290647149085999e-02,4.930306971073150635e-02
-7.780486345291137695e-02,-5.037864670157432556e-02,4.936424642801284790e-02
-7.780486345291137695e-02,-5.037864670157432556e-02,4.936424642801284790e-02
-7.788319140672683716e-02,-5.075499787926673889e-02,4.942428693175315857e-02
-7.788319140672683716e-02,-5.075499787926673889e-02,4.942428693175315857e-02
-7.796145975589752197e-02,-5.113197490572929382e-02,4.948322474956512451e-02
-7.796145975589752197e-02,-5.113197490572929382e-02,4.948322474956512451e-02
-7.803966104984283447e-02,-5.150954797863960266e-02,4.954102262854576111e-02
-7.803966104984283447e-02,-5.150954797863960266e-02,4.954102262854576111e-02
-7.811780273914337158e-02,-5.188773572444915771e-02,4.959769919514656067e-02
-7.811780273914337158e-02,-5.188773572444915771e-02,4.959769919514656067e-02
-7.819585502147674561e-02,-5.226652696728706360e-02,4.965325072407722473e-02
-7.819585502147674561e-02,-5.226652696728706360e-02,4.965325072407722473e-02
-7.827384769916534424e-02,-5.264591425657272339e-02,4.970765858888626099e-02
-7.827384769916534424e-02,-5.264591425657272339e-02,4.970765858888626099e-02
-7.835176587104797363e-02,-5.302591249346733093e-02,4.976093769073486328e-02
-7.835176587104797363e-02,-5.302591249346733093e-02,4.976093769073486328e-02
-7.842960208654403687e-02,-5.340649932622909546e-02,4.981307685375213623e-02
-7.842960208654403687e-02,-5.340649932622909546e-02,4.981307685375213623e-02
-7.850735634565353394e-02,-5.378768593072891235e-02,4.986407235264778137e-02
-7.850735634565353394e-02,-5.378768593072891235e-02,4.986407235264778137e-02
-7.858504354953765869e-02,-5.416947230696678162e-02,4.991392418742179871e-02
-7.858504354953765869e-02,-5.416947230696678162e-02,4.991392418742179871e-02
-7.866264134645462036e-02,-5.455184727907180786e-02,4.996262118220329285e-02
-7.866264134645462036e-02,-5.455184727907180786e-02,4.996262118220329285e-02
-7.874015718698501587e-02,-5.493480712175369263e-02,5.001018568873405457e-02
-7.874015718698501587e-02,-5.493480712175369263e-02,5.001018568873405457e-02
-7.881757616996765137e-02,-5.531836301088333130e-02,5.005659162998199463e-02
-7.881757616996765137e-02,-5.531836301088333130e-02,5.005659162998199463e-02
-7.889492064714431763e-02,-5.570250377058982849e-02,5.010183900594711304e-02
-7.889492064714431763e-02,-5.570250377058982849e-02,5.010183900594711304e-02
-7.897217571735382080e-02,-5.608722567558288574e-02,5.014593526721000671e-02
-7.897217571735382080e-02,-5.608722567558288574e-02,5.014593526721000671e-02
-7.904933393001556396e-02,-5.647252500057220459e-02,5.018886923789978027e-02
-7.904933393001556396e-02,-5.647252500057220459e-02,5.018886923789978027e-02
-7.912639528512954712e-02,-5.685840919613838196e-02,5.023064091801643372e-02
-7.912639528512954712e-02,-5.685840919613838196e-02,5.023064091801643372e-02
-7.920336723327636719e-02,-5.724486708641052246e-02,5.027124285697937012e-02
-7.920336723327636719e-02,-5.724486708641052246e-02,5.027124285697937012e-02
-7.928023487329483032e-02,-5.763189867138862610e-02,5.031068250536918640e-02
-7.928023487329483032e-02,-5.763189867138862610e-02,5.031068250536918640e-02
-7.935701310634613037e-02,-5.801951512694358826e-02,5.034895241260528564e-02
-7.935701310634613037e-02,-5.801951512694358826e-02,5.034895241260528564e-02
-7.943368703126907349e-02,-5.840769410133361816e-02,5.038604512810707092e-02
-7.943368703126907349e-02,-5.840769410133361816e-02,5.038604512810707092e-02
-7.951025664806365967e-02,-5.879643931984901428e-02,5.042196437716484070e-02
-7.951025664806365967e-02,-5.879643931984901428e-02,5.042196437716484070e-02
-7.958671450614929199e-02,-5.918576568365097046e-02,5.045671015977859497e-02
-7.958671450614929199e-02,-5.918576568365097046e-02,5.045671015977859497e-02
-7.966306805610656738e-02,-5.957563593983650208e-02,5.049026757478713989e-02
-7.966306805610656738e-02,-5.957563593983650208e-02,5.049026757478713989e-02
-7.973933219909667969e-02,-5.996608361601829529e-02,5.052264034748077393e-02
-7.973933219909667969e-02,-5.996608361601829529e-02,5.052264034748077393e-02
-7.981545478105545044e-02,-6.035708636045455933e-02,5.055382475256919861e-02
-7.981545478105545044e-02,-6.035708636045455933e-02,5.055382475256919861e-02
-7.989148795604705811e-02,-6.074865162372589111e-02,5.058382451534271240e-02
-7.989148795604705811e-02,-6.074865162372589111e-02,5.058382451534271240e-02
-7.996739447116851807e-02,-6.114076822996139526e-02,5.061262845993041992e-02
-7.996739447116851807e-02,-6.114076822996139526e-02,5.061262845993041992e-02
-8.004320412874221802e-02,-6.153343990445137024e-02,5.064024776220321655e-02
-8.004320412874221802e-02,-6.153343990445137024e-02,5.064024776220321655e-02
-8.011886477470397949e-02,-6.192666664719581604e-02,5.066666752099990845e-02
-8.011886477470397949e-02,-6.192666664719581604e-02,5.066666752099990845e-02
-8.019442856311798096e-02,-6.232044100761413574e-02,5.069187656044960022e-02
-8.019442856311798096e-02,-6.232044100761413574e-02,5.069187656044960022e-02
-8.026985824108123779e-02,-6.271477043628692627e-02,5.071589723229408264e-02
-8.026985824108123779e-02,-6.271477043628692627e-02,5.071589723229408264e-02
-8.034516870975494385e-02,-6.310963630676269531e-02,5.073870345950126648e-02
-8.034516870975494385e-02,-6.310963630676269531e-02,5.073870345950126648e-02
-8.042035251855850220e-02,-6.350504606962203979e-02,5.076030641794204712e-02
-8.042035251855850220e-02,-6.350504606962203979e-02,5.076030641794204712e-02
-8.049540221691131592e-02,-6.390099972486495972e-02,5.078069493174552917e-02
-8.049540221691131592e-02,-6.390099972486495972e-02,5.078069493174552917e-02
-8.057032525539398193e-02,-6.429748982191085815e-02,5.079987645149230957e-02
-8.057032525539398193e-02,-6.429748982191085815e-02,5.079987645149230957e-02
-8.064512908458709717e-02,-6.469452381134033203e-02,5.081783235073089600e-02
-8.064512908458709717e-02,-6.469452381134033203e-02,5.081783235073089600e-02
-8.071979135274887085e-02,-6.509208679199218750e-02,5.083456262946128845e-02
-8.071979135274887085e-02,-6.509208679199218750e-02,5.083456262946128845e-02
-8.079431951045989990e-02,-6.549017876386642456e-02,5.085008963942527771e-02
-8.079431951045989990e-02,-6.549017876386642456e-02,5.085008963942527771e-02
-8.086870610713958740e-02,-6.588882207870483398e-02,5.086439102888107300e-02
-8.086870610713958740e-02,-6.588882207870483398e-02,5.086439102888107300e-02
-8.094295114278793335e-02,-6.628797203302383423e-02,5.087745562195777893e-02
-8.094295114278793335e-02,-6.628797203302383423e-02,5.087745562195777893e-02
-8.101705461740493774e-02,-6.668766587972640991e-02,5.088930204510688782e-02
-8.101705461740493774e-02,-6.668766587972640991e-02,5.088930204510688782e-02
-8.109102398157119751e-02,-6.708787381649017334e-02,5.089991167187690735e-02
-8.109102398157119751e-02,-6.708787381649017334e-02,5.089991167187690735e-02
-8.116484433412551880e-02,-6.748860329389572144e-02,5.090928822755813599e-02
-8.116484433412551880e-02,-6.748860329389572144e-02,5.090928822755813599e-02
-8.123851567506790161e-02,-6.788985431194305420e-02,5.091743171215057373e-02
-8.123851567506790161e-02,-6.788985431194305420e-02,5.091743171215057373e-02
-8.131203800439834595e-02,-6.829163432121276855e-02,5.092432349920272827e-02
-8.131203800439834595e-02,-6.829163432121276855e-02,5.092432349920272827e-02
-8.138541132211685181e-02,-6.869391351938247681e-02,5.092997476458549500e-02
-8.138541132211685181e-02,-6.869391351938247681e-02,5.092997476458549500e-02
-8.145863562822341919e-02,-6.909672170877456665e-02,5.093438923358917236e-02
-8.145863562822341919e-02,-6.909672170877456665e-02,5.093438923358917236e-02
-8.153169602155685425e-02,-6.950002163648605347e-02,5.093754455447196960e-02
-8.153169602155685425e-02,-6.950002163648605347e-02,5.093754455447196960e-02
-8.160460740327835083e-02,-6.990385055541992188e-02,5.093945935368537903e-02
-8.160460740327835083e-02,-6.990385055541992188e-02,5.093945935368537903e-02
-8.167735487222671509e-02,-7.030818611383438110e-02,5.094011873006820679e-02
-8.167735487222671509e-02,-7.030818611383438110e-02,5.094011873006820679e-02
-8.174994587898254395e-02,-7.071301341056823730e-02,5.093951523303985596e-02
-8.174994587898254395e-02,-7.071301341056823730e-02,5.093951523303985596e-02
-8.182238042354583740e-02,-7.111835479736328125e-02,5.093766376376152039e-02
-8.182238042354583740e-02,-7.111835479736328125e-02,5.093766376376152039e-02
-8.189465105533599854e-02,-7.152420282363891602e-02,5.093453824520111084e-02
-8.189465105533599854e-02,-7.152420282363891602e-02,5.093453824520111084e-02
-8.196674287319183350e-02,-7.193054258823394775e-02,5.093016102910041809e-02
-8.196674287319183350e-02,-7.193054258823394775e-02,5.093016102910041809e-02
-8.203868567943572998e-02,-7.233738154172897339e-02,5.092451721429824829e-02
-8.203868567943572998e-02,-7.233738154172897339e-02,5.092451721429824829e-02
-8.211044222116470337e-02,-7.274470478296279907e-02,5.091759562492370605e-02
-8.211044222116470337e-02,-7.274470478296279907e-02,5.091759562492370605e-02
-8.218203485012054443e-02,-7.315253466367721558e-02,5.090940371155738831e-02
-8.218203485012054443e-02,-7.315253466367721558e-02,5.090940371155738831e-02
-8.225344866514205933e-02,-7.356084883213043213e-02,5.089994892477989197e-02
-8.225344866514205933e-02,-7.356084883213043213e-02,5.089994892477989197e-02
-8.232469111680984497e-02,-7.396965473890304565e-02,5.088920891284942627e-02
-8.232469111680984497e-02,-7.396965473890304565e-02,5.088920891284942627e-02
-8.239575475454330444e-02,-7.437895238399505615e-02,5.087718367576599121e-02
-8.239575475454330444e-02,-7.437895238399505615e-02,5.087718367576599121e-02
-8.246663957834243774e-02,-7.478873431682586670e-02,5.086387693881988525e-02
-8.246663957834243774e-02,-7.478873431682586670e-02,5.086387693881988525e-02
-8.253734558820724487e-02,-7.519897818565368652e-02,5.084929615259170532e-02
-8.253734558820724487e-02,-7.519897818565368652e-02,5.084929615259170532e-02
-8.260785788297653198e-02,-7.560972124338150024e-02,5.083341524004936218e-02
-8.260785788297653198e-02,-7.560972124338150024e-02,5.083341524004936218e-02
-8.267819881439208984e-02,-7.602094113826751709e-02,5.081624537706375122e-02
-8.267819881439208984e-02,-7.602094113826751709e-02,5.081624537706375122e-02
-8.274834603071212769e-02,-7.643263041973114014e-02,5.079778656363487244e-02
-8.274834603071212769e-02,-7.643263041973114014e-02,5.079778656363487244e-02
-8.281830698251724243e-02,-7.684479653835296631e-02,5.077803134918212891e-02
-8.281830698251724243e-02,-7.684479653835296631e-02,5.077803134918212891e-02
-8.288806676864624023e-02,-7.725743949413299561e-02,5.075697600841522217e-02
-8.288806676864624023e-02,-7.725743949413299561e-02,5.075697600841522217e-02
-8.295764774084091187e-02,-7.767055183649063110e-02,5.073461681604385376e-02
-8.295764774084091187e-02,-7.767055183649063110e-02,5.073461681604385376e-02
-8.302702754735946655e-02,-7.808412611484527588e-02,5.071095749735832214e-02
-8.302702754735946655e-02,-7.808412611484527588e-02,5.071095749735832214e-02
-8.309621363878250122e-02,-7.849816977977752686e-02,5.068599060177803040e-02
-8.309621363878250122e-02,-7.849816977977752686e-02,5.068599060177803040e-02
-8.316520601511001587e-02,-7.891266793012619019e-02,5.065971612930297852e-02
-8.316520601511001587e-02,-7.891266793012619019e-02,5.065971612930297852e-02
-8.323398232460021973e-02,-7.932763546705245972e-02,5.063213035464286804e-02
-8.323398232460021973e-02,-7.932763546705245972e-02,5.063213035464286804e-02
-8.330257236957550049e-02,-7.974305748939514160e-02,5.060322582721710205e-02
-8.330257236957550049e-02,-7.974305748939514160e-02,5.060322582721710205e-02
-8.337095379829406738e-02,-8.015894889831542969e-02,5.057300627231597900e-02
-8.337095379829406738e-02,-8.015894889831542969e-02,5.057300627231597900e-02
-8.343913406133651733e-02,-8.057527989149093628e-02,5.054146423935890198e-02
-8.343913406133651733e-02,-8.057527989149093628e-02,5.054146423935890198e-02
-8.350709825754165649e-02,-8.099208027124404907e-02,5.050859972834587097e-02
-8.350709825754165649e-02,-8.099208027124404907e-02,5.050859972834587097e-02
-8.357485383749008179e-02,-8.140931278467178345e-02,5.047441273927688599e-02
-8.357485383749008179e-02,-8.140931278467178345e-02,5.047441273927688599e-02
-8.364240080118179321e-02,-8.182700723409652710e-02,5.043889582157135010e-02
-8.364240080118179321e-02,-8.182700723409652710e-02,5.043889582157135010e-02
-8.370973169803619385e-02,-8.224513381719589233e-02,5.040205270051956177e-02
-8.370973169803619385e-02,-8.224513381719589233e-02,5.040205270051956177e-02
-8.377685397863388062e-02,-8.266372233629226685e-02,5.036387220025062561e-02
-8.377685397863388062e-02,-8.266372233629226685e-02,5.036387220025062561e-02
-8.384374529123306274e-02,-8.308273553848266602e-02,5.032435804605484009e-02
-8.384374529123306274e-02,-8.308273553848266602e-02,5.032435804605484009e-02
-8.391042798757553101e-02,-8.350219577550888062e-02,5.028350278735160828e-02
-8.391042798757553101e-02,-8.350219577550888062e-02,5.028350278735160828e-02
-8.397687971591949463e-02,-8.392210304737091064e-02,5.024130642414093018e-02
-8.397687971591949463e-02,-8.392210304737091064e-02,5.024130642414093018e-02
-8.404311537742614746e-02,-8.434244245290756226e-02,5.019776895642280579e-02
-8.404311537742614746e-02,-8.434244245290756226e-02,5.019776895642280579e-02
-8.410913497209548950e-02,-8.476321399211883545e-02,5.015287548303604126e-02
-8.410913497209548950e-02,-8.476321399211883545e-02,5.015287548303604126e-02
-8.417491614818572998e-02,-8.518441021442413330e-02,5.010664835572242737e-02
-8.417491614818572998e-02,-8.518441021442413330e-02,5.010664835572242737e-02
-8.424047380685806274e-02,-8.560604602098464966e-02,5.005905404686927795e-02
-8.424047380685806274e-02,-8.560604602098464966e-02,5.005905404686927795e-02
-8.430579304695129395e-02,-8.602810651063919067e-02,5.001011490821838379e-02
-8.430579304695129395e-02,-8.602810651063919067e-02,5.001011490821838379e-02
-8.437088131904602051e-02,-8.645059168338775635e-02,4.995981231331825256e-02
-8.437088131904602051e-02,-8.645059168338775635e-02,4.995981231331825256e-02
-8.443574607372283936e-02,-8.687348663806915283e-02,4.990815743803977966e-02
-8.443574607372283936e-02,-8.687348663806915283e-02,4.990815743803977966e-02
-8.450035750865936279e-02,-8.729681372642517090e-02,4.985513165593147278e-02
-8.450035750865936279e-02,-8.729681372642517090e-02,4.985513165593147278e-02
-8.456474542617797852e-02,-8.772057294845581055e-02,4.980074241757392883e-02
-8.456474542617797852e-02,-8.772057294845581055e-02,4.980074241757392883e-02
-8.462888747453689575e-02,-8.814473450183868408e-02,4.974499344825744629e-02
-8.462888747453689575e-02,-8.814473450183868408e-02,4.974499344825744629e-02
-8.469278365373611450e-02,-8.856931328773498535e-02,4.968785867094993591e-02
-8.469278365373611450e-02,-8.856931328773498535e-02,4.968785867094993591e-02
-8.475644141435623169e-02,-8.899430185556411743e-02,4.962936416268348694e-02
-8.475644141435623169e-02,-8.899430185556411743e-02,4.962936416268348694e-02
-8.481985330581665039e-02,-8.941970020532608032e-02,4.956948384642601013e-02
-8.481985330581665039e-02,-8.941970020532608032e-02,4.956948384642601013e-02
-8.488301187753677368e-02,-8.984550833702087402e-02,4.950823262333869934e-02
-8.488301187753677368e-02,-8.984550833702087402e-02,4.950823262333869934e-02
-8.494592458009719849e-02,-9.027172625064849854e-02,4.944559931755065918e-02
-8.494592458009719849e-02,-9.027172625064849854e-02,4.944559931755065918e-02
-8.500858396291732788e-02,-9.069835394620895386e-02,4.938158020377159119e-02
-8.500858396291732788e-02,-9.069835394620895386e-02,4.938158020377159119e-02
-8.507099747657775879e-02,-9.112538397312164307e-02,4.931617528200149536e-02
-8.507099747657775879e-02,-9.112538397312164307e-02,4.931617528200149536e-02
-8.513314276933670044e-02,-9.155279397964477539e-02,4.924937337636947632e-02
-8.513314276933670044e-02,-9.155279397964477539e-02,4.924937337636947632e-02
-8.519504219293594360e-02,-9.198061376810073853e-02,4.918118938803672791e-02
-8.519504219293594360e-02,-9.198061376810073853e-02,4.918118938803672791e-02
-8.525667339563369751e-02,-9.240883588790893555e-02,4.911160841584205627e-02
-8.525667339563369751e-02,-9.240883588790893555e-02,4.911160841584205627e-02
-8.531805127859115601e-02,-9.283745288848876953e-02,4.904063418507575989e-02
-8.531805127859115601e-02,-9.283745288848876953e-02,4.904063418507575989e-02
-8.537916094064712524e-02,-9.326644986867904663e-02,4.896825179457664490e-02
-8.537916094064712524e-02,-9.326644986867904663e-02,4.896825179457664490e-02
-8.544000238180160522e-02,-9.369583427906036377e-02,4.889446496963500977e-02
-8.544000238180160522e-02,-9.369583427906036377e-02,4.889446496963500977e-02
-8.550058305263519287e-02,-9.412562102079391479e-02,4.881928116083145142e-02
-8.550058305263519287e-02,-9.412562102079391479e-02,4.881928116083145142e-02
-8.556089550256729126e-02,-9.455578029155731201e-02,4.874267801642417908e-02
-8.556089550256729126e-02,-9.455578029155731201e-02,4.874267801642417908e-02
-8.562093228101730347e-02,-9.498632699251174927e-02,4.866467416286468506e-02
-8.562093228101730347e-02,-9.498632699251174927e-02,4.866467416286468506e-02
-8.568069338798522949e-02,-9.541725367307662964e-02,4.858525842428207397e-02
-8.568069338798522949e-02,-9.541725367307662964e-02,4.858525842428207397e-02
-8.574019372463226318e-02,-9.584856778383255005e-02,4.850442335009574890e-02
-8.574019372463226318e-02,-9.584856778383255005e-02,4.850442335009574890e-02
-8.579941093921661377e-02,-9.628025442361831665e-02,4.842216521501541138e-02
-8.579941093921661377e-02,-9.628025442361831665e-02,4.842216521501541138e-02
-8.585834503173828125e-02,-9.671230614185333252e-02,4.833849519491195679e-02
-8.585834503173828125e-02,-9.671230614185333252e-02,4.833849519491195679e-02
-8.591699600219726562e-02,-9.714473783969879150e-02,4.825338721275329590e-02
-8.591699600219726562e-02,-9.714473783969879150e-02,4.825338721275329590e-02
-8.597537875175476074e-02,-9.757754206657409668e-02,4.816686362028121948e-02
-8.597537875175476074e-02,-9.757754206657409668e-02,4.816686362028121948e-02
-8.603346347808837891e-02,-9.801070392131805420e-02,4.807890951633453369e-02
-8.603346347808837891e-02,-9.801070392131805420e-02,4.807890951633453369e-02
-8.609126508235931396e-02,-9.844423830509185791e-02,4.798952117562294006e-02
-8.609126508235931396e-02,-9.844423830509185791e-02,4.798952117562294006e-02
-8.614878356456756592e-02,-9.887813776731491089e-02,4.789869487285614014e-02
-8.614878356456756592e-02,-9.887813776731491089e-02,4.789869487285614014e-02
-8.620601147413253784e-02,-9.931240230798721313e-02,4.780643433332443237e-02
-8.620601147413253784e-02,-9.931240230798721313e-02,4.780643433332443237e-02
-8.626294881105422974e-02,-9.974702447652816772e-02,4.771274328231811523e-02
-8.626294881105422974e-02,-9.974702447652816772e-02,4.771274328231811523e-02
-8.631959557533264160e-02,-1.001820042729377747e-01,4.761759936809539795e-02
-8.631959557533264160e-02,-1.001820042729377747e-01,4.761759936809539795e-02
-8.637594431638717651e-02,-1.006173267960548401e-01,4.752101004123687744e-02
-8.637594431638717651e-02,-1.006173267960548401e-01,4.752101004123687744e-02
-8.643198758363723755e-02,-1.010530292987823486e-01,4.742297157645225525e-02
-8.643198758363723755e-02,-1.010530292987823486e-01,4.742297157645225525e-02
-8.648773282766342163e-02,-1.014890670776367188e-01,4.732348024845123291e-02
-8.648773282766342163e-02,-1.014890670776367188e-01,4.732348024845123291e-02
-8.654318749904632568e-02,-1.019254550337791443e-01,4.722254723310470581e-02
-8.654318749904632568e-02,-1.019254550337791443e-01,4.722254723310470581e-02
-8.659833669662475586e-02,-1.023621931672096252e-01,4.712015017867088318e-02
-8.659833669662475586e-02,-1.023621931672096252e-01,4.712015017867088318e-02
-8.665317296981811523e-02,-1.027992665767669678e-01,4.701629281044006348e-02
-8.665317296981811523e-02,-1.027992665767669678e-01,4.701629281044006348e-02
-8.670770376920700073e-02,-1.032366901636123657e-01,4.691097885370254517e-02
-8.670770376920700073e-02,-1.032366901636123657e-01,4.691097885370254517e-02
-8.676193654537200928e-02,-1.036744639277458191e-01,4.680419713258743286e-02
-8.676193654537200928e-02,-1.036744639277458191e-01,4.680419713258743286e-02
-8.681584894657135010e-02,-1.041125655174255371e-01,4.669595509767532349e-02
-8.681584894657135010e-02,-1.041125655174255371e-01,4.669595509767532349e-02
-8.686945587396621704e-02,-1.045510023832321167e-01,4.658623412251472473e-02
-8.686945587396621704e-02,-1.045510023832321167e-01,4.658623412251472473e-02
-8.692272752523422241e-02,-1.049897745251655579e-01,4.647504165768623352e-02
-8.692272752523422241e-02,-1.049897745251655579e-01,4.647504165768623352e-02
-8.697570115327835083e-02,-1.054288819432258606e-01,4.636238142848014832e-02
-8.697570115327835083e-02,-1.054288819432258606e-01,4.636238142848014832e-02
-8.702836185693740845e-02,-1.058683171868324280e-01,4.624824225902557373e-02
-8.702836185693740845e-02,-1.058683171868324280e-01,4.624824225902557373e-02
-8.708068728446960449e-02,-1.063080802559852600e-01,4.613262042403221130e-02
-8.708068728446960449e-02,-1.063080802559852600e-01,4.613262042403221130e-02
-8.713269978761672974e-02,-1.067481786012649536e-01,4.601551964879035950e-02
-8.713269978761672974e-02,-1.067481786012649536e-01,4.601551964879035950e-02
-8.718437701463699341e-02,-1.071885898709297180e-01,4.589692503213882446e-02
-8.718437701463699341e-02,-1.071885898709297180e-01,4.589692503213882446e-02
-8.723574131727218628e-02,-1.076293289661407471e-01,4.577684402465820312e-02
-8.723574131727218628e-02,-1.076293289661407471e-01,4.577684402465820312e-02
-8.728677034378051758e-02,-1.080703958868980408e-01,4.565528780221939087e-02
-8.728677034378051758e-02,-1.080703958868980408e-01,4.565528780221939087e-02
-8.733747154474258423e-02,-1.085117608308792114e-01,4.553222656250000000e-02
-8.733747154474258423e-02,-1.085117608308792114e-01,4.553222656250000000e-02
-8.738784492015838623e-02,-1.089534536004066467e-01,4.540767148137092590e-02
-8.738784492015838623e-02,-1.089534536004066467e-01,4.540767148137092590e-02
-8.743788301944732666e-02,-1.093954518437385559e-01,4.528161883354187012e-02
-8.743788301944732666e-02,-1.093954518437385559e-01,4.528161883354187012e-02
-8.748758584260940552e-02,-1.098377704620361328e-01,4.515404999256134033e-02
-8.748758584260940552e-02,-1.098377704620361328e-01,4.515404999256134033e-02
-8.753694593906402588e-02,-1.102803945541381836e-01,4.502499103546142578e-02
-8.753694593906402588e-02,-1.102803945541381836e-01,4.502499103546142578e-02
-8.758596330881118774e-02,-1.107233241200447083e-01,4.489442333579063416e-02
-8.758596330881118774e-02,-1.107233241200447083e-01,4.489442333579063416e-02
-8.763465285301208496e-02,-1.111665591597557068e-01,4.476234316825866699e-02
-8.763465285301208496e-02,-1.111665591597557068e-01,4.476234316825866699e-02
-8.768299967050552368e-02,-1.116100996732711792e-01,4.462875425815582275e-02
-8.768299967050552368e-02,-1.116100996732711792e-01,4.462875425815582275e-02
-8.773098886013031006e-02,-1.120539456605911255e-01,4.449364915490150452e-02
-8.773098886013031006e-02,-1.120539456605911255e-01,4.449364915490150452e-02
-8.777863532304763794e-02,-1.124980822205543518e-01,4.435703158378601074e-02
-8.777863532304763794e-02,-1.124980822205543518e-01,4.435703158378601074e-02
-8.782594650983810425e-02,-1.129425093531608582e-01,4.421888291835784912e-02
-8.782594650983810425e-02,-1.129425093531608582e-01,4.421888291835784912e-02
-8.787288516759872437e-02,-1.133872345089912415e-01,4.407922551035881042e-02
-8.787288516759872437e-02,-1.133872345089912415e-01,4.407922551035881042e-02
-8.791948109865188599e-02,-1.138322576880455017e-01,4.393803328275680542e-02
-8.791948109865188599e-02,-1.138322576880455017e-01,4.393803328275680542e-02
-8.796572685241699219e-02,-1.142775714397430420e-01,4.379531741142272949e-02
-8.796572685241699219e-02,-1.142775714397430420e-01,4.379531741142272949e-02
-8.801160752773284912e-02,-1.147231608629226685e-01,4.365106299519538879e-02
-8.801160752773284912e-02,-1.147231608629226685e-01,4.365106299519538879e-02
-8.805713802576065063e-02,-1.151690557599067688e-01,4.350528493523597717e-02
-8.805713802576065063e-02,-1.151690557599067688e-01,4.350528493523597717e-02
-8.810230344533920288e-02,-1.156152188777923584e-01,4.335796087980270386e-02
-8.810230344533920288e-02,-1.156152188777923584e-01,4.335796087980270386e-02
-8.814710378646850586e-02,-1.160616725683212280e-01,4.320910573005676270e-02
-8.814710378646850586e-02,-1.160616725683212280e-01,4.320910573005676270e-02
-8.819154649972915649e-02,-1.165084019303321838e-01,4.305870831012725830e-02
-8.819154649972915649e-02,-1.165084019303321838e-01,4.305870831012725830e-02
-8.823561668395996094e-02,-1.169554069638252258e-01,4.290676116943359375e-02
-8.823561668395996094e-02,-1.169554069638252258e-01,4.290676116943359375e-02
-8.827932924032211304e-02,-1.174026951193809509e-01,4.275327175855636597e-02
-8.827932924032211304e-02,-1.174026951193809509e-01,4.275327175855636597e-02
-8.832266181707382202e-02,-1.178502440452575684e-01,4.259824007749557495e-02
-8.832266181707382202e-02,-1.178502440452575684e-01,4.259824007749557495e-02
-8.836563676595687866e-02,-1.182980760931968689e-01,4.244164377450942993e-02
-8.836563676595687866e-02,-1.182980760931968689e-01,4.244164377450942993e-02
-8.840821683406829834e-02,-1.187461614608764648e-01,4.228349775075912476e-02
-8.840821683406829834e-02,-1.187461614608764648e-01,4.228349775075912476e-02
-8.845043182373046875e-02,-1.191945225000381470e-01,4.212379083037376404e-02
-8.845043182373046875e-02,-1.191945225000381470e-01,4.212379083037376404e-02
-8.849227428436279297e-02,-1.196431517601013184e-01,4.196253046393394470e-02
-8.849227428436279297e-02,-1.196431517601013184e-01,4.196253046393394470e-02
-8.853372931480407715e-02,-1.200920417904853821e-01,4.179970920085906982e-02
-8.853372931480407715e-02,-1.200920417904853821e-01,4.179970920085906982e-02
-8.857480436563491821e-02,-1.205411925911903381e-01,4.163531213998794556e-02
-8.857480436563491821e-02,-1.205411925911903381e-01,4.163531213998794556e-02
-8.861549943685531616e-02,-1.209906041622161865e-01,4.146934300661087036e-02
-8.861549943685531616e-02,-1.209906041622161865e-01,4.146934300661087036e-02
-8.865580707788467407e-02,-1.214402616024017334e-01,4.130182042717933655e-02
-8.865580707788467407e-02,-1.214402616024017334e-01,4.130182042717933655e-02
-8.869574218988418579e-02,-1.218901798129081726e-01,4.113271087408065796e-02
-8.869574218988418579e-02,-1.218901798129081726e-01,4.113271087408065796e-02
-8.873527497053146362e-02,-1.223403587937355042e-01,4.096204042434692383e-02
-8.873527497053146362e-02,-1.223403587937355042e-01,4.096204042434692383e-02
-8.877441287040710449e-02,-1.227907836437225342e-01,4.078977555036544800e-02
-8.877441287040710449e-02,-1.227907836437225342e-01,4.078977555036544800e-02
-8.881316334009170532e-02,-1.232414469122886658e-01,4.061593115329742432e-02
-8.881316334009170532e-02,-1.232414469122886658e-01,4.061593115329742432e-02
-8.885151147842407227e-02,-1.236923709511756897e-01,4.044050350785255432e-02
-8.885151147842407227e-02,-1.236923709511756897e-01,4.044050350785255432e-02
-8.888947963714599609e-02,-1.241435259580612183e-01,4.026349633932113647e-02
-8.888947963714599609e-02,-1.241435259580612183e-01,4.026349633932113647e-02
-8.892703801393508911e-02,-1.245949268341064453e-01,4.008489474654197693e-02
-8.892703801393508911e-02,-1.245949268341064453e-01,4.008489474654197693e-02
-8.896420896053314209e-02,-1.250465810298919678e-01,3.990470245480537415e-02
-8.896420896053314209e-02,-1.250465810298919678e-01,3.990470245480537415e-02
-8.900096267461776733e-02,-1.254984438419342041e-01,3.972291201353073120e-02
-8.900096267461776733e-02,-1.254984438419342041e-01,3.972291201353073120e-02
-8.903732150793075562e-02,-1.259505748748779297e-01,3.953952714800834656e-02
-8.903732150793075562e-02,-1.259505748748779297e-01,3.953952714800834656e-02
-8.907325565814971924e-02,-1.264028996229171753e-01,3.935453295707702637e-02
-8.907325565814971924e-02,-1.264028996229171753e-01,3.935453295707702637e-02
-8.910880982875823975e-02,-1.268554776906967163e-01,3.916795179247856140e-02
-8.910880982875823975e-02,-1.268554776906967163e-01,3.916795179247856140e-02
-8.914393186569213867e-02,-1.273082792758941650e-01,3.897975757718086243e-02
-8.914393186569213867e-02,-1.273082792758941650e-01,3.897975757718086243e-02
-8.917865157127380371e-02,-1.277613341808319092e-01,3.878995776176452637e-02
-8.917865157127380371e-02,-1.277613341808319092e-01,3.878995776176452637e-02
-8.921295404434204102e-02,-1.282145678997039795e-01,3.859854489564895630e-02
-8.921295404434204102e-02,-1.282145678997039795e-01,3.859854489564895630e-02
-8.924683928489685059e-02,-1.286680549383163452e-01,3.840551525354385376e-02
-8.924683928489685059e-02,-1.286680549383163452e-01,3.840551525354385376e-02
-8.928032219409942627e-02,-1.291217505931854248e-01,3.821087628602981567e-02
-8.928032219409942627e-02,-1.291217505931854248e-01,3.821087628602981567e-02
-8.931337296962738037e-02,-1.295756697654724121e-01,3.801461309194564819e-02
-8.931337296962738037e-02,-1.295756697654724121e-01,3.801461309194564819e-02
-8.934600651264190674e-02,-1.300298124551773071e-01,3.781672567129135132e-02
-8.934600651264190674e-02,-1.300298124551773071e-01,3.781672567129135132e-02
-8.937821537256240845e-02,-1.304841488599777222e-01,3.761722519993782043e-02
-8.937821537256240845e-02,-1.304841488599777222e-01,3.761722519993782043e-02
-8.940999209880828857e-02,-1.309387087821960449e-01,3.741608932614326477e-02
-8.940999209880828857e-02,-1.309387087821960449e-01,3.741608932614326477e-02
-8.944135159254074097e-02,-1.313934773206710815e-01,3.721332550048828125e-02
-8.944135159254074097e-02,-1.313934773206710815e-01,3.721332550048828125e-02
-8.947228640317916870e-02,-1.318484544754028320e-01,3.700892627239227295e-02
-8.947228640317916870e-02,-1.318484544754028320e-01,3.700892627239227295e-02
-8.950278908014297485e-02,-1.323036402463912964e-01,3.680289536714553833e-02
-8.950278908014297485e-02,-1.323036402463912964e-01,3.680289536714553833e-02
-8.953284472227096558e-02,-1.327590197324752808e-01,3.659522160887718201e-02
-8.953284472227096558e-02,-1.327590197324752808e-01,3.659522160887718201e-02
-8.956247568130493164e-02,-1.332146227359771729e-01,3.638591989874839783e-02
-8.956247568130493164e-02,-1.332146227359771729e-01,3.638591989874839783e-02
-8.959166705608367920e-02,-1.336704045534133911e-01,3.617497161030769348e-02
-8.959166705608367920e-02,-1.336704045534133911e-01,3.617497161030769348e-02
-8.962042629718780518e-02,-1.341263949871063232e-01,3.596237301826477051e-02
-8.962042629718780518e-02,-1.341263949871063232e-01,3.596237301826477051e-02
-8.964873850345611572e-02,-1.345825791358947754e-01,3.574812784790992737e-02
-8.964873850345611572e-02,-1.345825791358947754e-01,3.574812784790992737e-02
-8.967661112546920776e-02,-1.350389420986175537e-01,3.553222864866256714e-02
-8.967661112546920776e-02,-1.350389420986175537e-01,3.553222864866256714e-02
-8.970403671264648438e-02,-1.354954987764358521e-01,3.531467914581298828e-02
-8.970403671264648438e-02,-1.354954987764358521e-01,3.531467914581298828e-02
-8.973101526498794556e-02,-1.359522491693496704e-01,3.509547188878059387e-02
-8.973101526498794556e-02,-1.359522491693496704e-01,3.509547188878059387e-02
-8.975756168365478516e-02,-1.364091932773590088e-01,3.487461060285568237e-02
-8.975756168365478516e-02,-1.364091932773590088e-01,3.487461060285568237e-02
-8.978364616632461548e-02,-1.368663161993026733e-01,3.465207666158676147e-02
-8.978364616632461548e-02,-1.368663161993026733e-01,3.465207666158676147e-02
-8.980927616357803345e-02,-1.373236179351806641e-01,3.442788869142532349e-02
-8.980927616357803345e-02,-1.373236179351806641e-01,3.442788869142532349e-02
-8.983445912599563599e-02,-1.377811133861541748e-01,3.420203551650047302e-02
-8.983445912599563599e-02,-1.377811133861541748e-01,3.420203551650047302e-02
-8.985918015241622925e-02,-1.382387876510620117e-01,3.397450596094131470e-02
-8.985918015241622925e-02,-1.382387876510620117e-01,3.397450596094131470e-02
-8.988344669342041016e-02,-1.386966109275817871e-01,3.374531492590904236e-02
-8.988344669342041016e-02,-1.386966109275817871e-01,3.374531492590904236e-02
-8.990725129842758179e-02,-1.391546279191970825e-01,3.351443633437156677e-02
-8.990725129842758179e-02,-1.391546279191970825e-01,3.351443633437156677e-02
-8.993060886859893799e-02,-1.396128237247467041e-01,3.328188508749008179e-02
-8.993060886859893799e-02,-1.396128237247467041e-01,3.328188508749008179e-02
-8.995348215103149414e-02,-1.400711685419082642e-01,3.304765745997428894e-02
-8.995348215103149414e-02,-1.400711685419082642e-01,3.304765745997428894e-02
-8.997590094804763794e-02,-1.405296921730041504e-01,3.281173855066299438e-02
-8.997590094804763794e-02,-1.405296921730041504e-01,3.281173855066299438e-02
-8.999785780906677246e-02,-1.409883946180343628e-01,3.257414326071739197e-02
-8.999785780906677246e-02,-1.409883946180343628e-01,3.257414326071739197e-02
-9.001933038234710693e-02,-1.414472311735153198e-01,3.233484923839569092e-02
-9.001933038234710693e-02,-1.414472311735153198e-01,3.233484923839569092e-02
-9.004034847021102905e-02,-1.419062614440917969e-01,3.209387511014938354e-02
-9.004034847021102905e-02,-1.419062614440917969e-01,3.209387511014938354e-02
-9.006088972091674805e-02,-1.423654258251190186e-01,3.185119479894638062e-02
-9.006088972091674805e-02,-1.423654258251190186e-01,3.185119479894638062e-02
-9.008095413446426392e-02,-1.428247541189193726e-01,3.160683065652847290e-02
-9.008095413446426392e-02,-1.428247541189193726e-01,3.160683065652847290e-02
-9.010052680969238281e-02,-1.432842463254928589e-01,3.136076405644416809e-02
-9.010052680969238281e-02,-1.432842463254928589e-01,3.136076405644416809e-02
-9.011964499950408936e-02,-1.437438726425170898e-01,3.111299127340316772e-02
-9.011964499950408936e-02,-1.437438726425170898e-01,3.111299127340316772e-02
-9.013827145099639893e-02,-1.442036628723144531e-01,3.086351603269577026e-02
-9.013827145099639893e-02,-1.442036628723144531e-01,3.086351603269577026e-02
-9.015641361474990845e-02,-1.446635872125625610e-01,3.061234019696712494e-02
-9.015641361474990845e-02,-1.446635872125625610e-01,3.061234019696712494e-02
-9.017409384250640869e-02,-1.451236754655838013e-01,3.035944886505603790e-02
-9.017409384250640869e-02,-1.451236754655838013e-01,3.035944886505603790e-02
-9.019126743078231812e-02,-1.455838978290557861e-01,3.010485321283340454e-02
-9.019126743078231812e-02,-1.455838978290557861e-01,3.010485321283340454e-02
-9.020794928073883057e-02,-1.460442692041397095e-01,2.984852716326713562e-02
-9.020794928073883057e-02,-1.460442692041397095e-01,2.984852716326713562e-02
-9.022414684295654297e-02,-1.465047895908355713e-01,2.959049306809902191e-02
-9.022414684295654297e-02,-1.465047895908355713e-01,2.959049306809902191e-02
-9.023986011743545532e-02,-1.469654440879821777e-01,2.933073975145816803e-02
-9.023986011743545532e-02,-1.469654440879821777e-01,2.933073975145816803e-02
-9.025506675243377686e-02,-1.474262177944183350e-01,2.906925976276397705e-02
-9.025506675243377686e-02,-1.474262177944183350e-01,2.906925976276397705e-02
-9.026978164911270142e-02,-1.478871405124664307e-01,2.880606241524219513e-02
-9.026978164911270142e-02,-1.478871405124664307e-01,2.880606241524219513e-02
-9.028400480747222900e-02,-1.483481675386428833e-01,2.854112908244132996e-02
-9.028400480747222900e-02,-1.483481675386428833e-01,2.854112908244132996e-02
-9.029772877693176270e-02,-1.488093584775924683e-01,2.827446535229682922e-02
-9.029772877693176270e-02,-1.488093584775924683e-01,2.827446535229682922e-02
-9.031095355749130249e-02,-1.492706537246704102e-01,2.800606563687324524e-02
-9.031095355749130249e-02,-1.492706537246704102e-01,2.800606563687324524e-02
-9.032367169857025146e-02,-1.497321128845214844e-01,2.773593552410602570e-02
-9.032367169857025146e-02,-1.497321128845214844e-01,2.773593552410602570e-02
-9.033587574958801270e-02,-1.501936465501785278e-01,2.746406197547912598e-02
-9.033587574958801270e-02,-1.501936465501785278e-01,2.746406197547912598e-02
-9.034758061170578003e-02,-1.506553143262863159e-01,2.719045057892799377e-02
-9.034758061170578003e-02,-1.506553143262863159e-01,2.719045057892799377e-02
-9.035877138376235962e-02,-1.511171311140060425e-01,2.691509015858173370e-02
-9.035877138376235962e-02,-1.511171311140060425e-01,2.691509015858173370e-02
-9.036946296691894531e-02,-1.515790373086929321e-01,2.663799002766609192e-02
-9.036946296691894531e-02,-1.515790373086929321e-01,2.663799002766609192e-02
-9.037963300943374634e-02,-1.520410627126693726e-01,2.635913714766502380e-02
-9.037963300943374634e-02,-1.520410627126693726e-01,2.635913714766502380e-02
-9.038929641246795654e-02,-1.525032073259353638e-01,2.607852779328823090e-02
-9.038929641246795654e-02,-1.525032073259353638e-01,2.607852779328823090e-02
-9.039843082427978516e-02,-1.529654562473297119e-01,2.579616568982601166e-02
-9.039843082427978516e-02,-1.529654562473297119e-01,2.579616568982601166e-02
-9.040705859661102295e-02,-1.534278094768524170e-01,2.551204897463321686e-02
-9.040705859661102295e-02,-1.534278094768524170e-01,2.551204897463321686e-02
-9.041514992713928223e-02,-1.538902670145034790e-01,2.522617392241954803e-02
-9.041514992713928223e-02,-1.538902670145034790e-01,2.522617392241954803e-02
-9.042273461818695068e-02,-1.543528288602828979e-01,2.493852563202381134e-02
-9.042273461818695068e-02,-1.543528288602828979e-01,2.493852563202381134e-02
-9.042980521917343140e-02,-1.548155099153518677e-01,2.464912459254264832e-02
-9.042980521917343140e-02,-1.548155099153518677e-01,2.464912459254264832e-02
-9.043633192777633667e-02,-1.552782803773880005e-01,2.435794845223426819e-02
-9.043633192777633667e-02,-1.552782803773880005e-01,2.435794845223426819e-02
-9.044232219457626343e-02,-1.557411402463912964e-01,2.406499721109867096e-02
-9.044232219457626343e-02,-1.557411402463912964e-01,2.406499721109867096e-02
-9.044779837131500244e-02,-1.562041193246841431e-01,2.377027831971645355e-02
-9.044779837131500244e-02,-1.562041193246841431e-01,2.377027831971645355e-02
-9.045274555683135986e-02,-1.566671729087829590e-01,2.347378060221672058e-02
-9.045274555683135986e-02,-1.566671729087829590e-01,2.347378060221672058e-02
-9.045715630054473877e-02,-1.571303158998489380e-01,2.317550592124462128e-02
-9.045715630054473877e-02,-1.571303158998489380e-01,2.317550592124462128e-02
-9.046102315187454224e-02,-1.575935631990432739e-01,2.287544682621955872e-02
-9.046102315187454224e-02,-1.575935631990432739e-01,2.287544682621955872e-02
-9.046436101198196411e-02,-1.580568850040435791e-01,2.257360517978668213e-02
-9.046436101198196411e-02,-1.580568850040435791e-01,2.257360517978668213e-02
-9.046715497970581055e-02,-1.585202813148498535e-01,2.226997725665569305e-02
-9.046715497970581055e-02,-1.585202813148498535e-01,2.226997725665569305e-02
-9.046940505504608154e-02,-1.589837968349456787e-01,2.196455746889114380e-02
-9.046940505504608154e-02,-1.589837968349456787e-01,2.196455746889114380e-02
-9.047111123800277710e-02,-1.594473719596862793e-01,2.165734767913818359e-02
-9.047111123800277710e-02,-1.594473719596862793e-01,2.165734767913818359e-02
-9.047228097915649414e-02,-1.599110215902328491e-01,2.134834229946136475e-02
-9.047228097915649414e-02,-1.599110215902328491e-01,2.134834229946136475e-02
-9.047289937734603882e-02,-1.603747606277465820e-01,2.103754691779613495e-02
-9.047289937734603882e-02,-1.603747606277465820e-01,2.103754691779613495e-02
-9.047297388315200806e-02,-1.608385592699050903e-01,2.072493731975555420e-02
-9.047297388315200806e-02,-1.608385592699050903e-01,2.072493731975555420e-02
-9.047248959541320801e-02,-1.613024473190307617e-01,2.041053399443626404e-02
-9.047248959541320801e-02,-1.613024473190307617e-01,2.041053399443626404e-02
-9.047145396471023560e-02,-1.617663800716400146e-01,2.009431459009647369e-02
-9.047145396471023560e-02,-1.617663800716400146e-01,2.009431459009647369e-02
-9.046986699104309082e-02,-1.622304022312164307e-01,1.977629959583282471e-02
-9.046986699104309082e-02,-1.622304022312164307e-01,1.977629959583282471e-02
-9.046772122383117676e-02,-1.626944839954376221e-01,1.945646293461322784e-02
-9.046772122383117676e-02,-1.626944839954376221e-01,1.945646293461322784e-02
-9.046501666307449341e-02,-1.631586402654647827e-01,1.913481950759887695e-02
-9.046501666307449341e-02,-1.631586402654647827e-01,1.913481950759887695e-02
-9.046176075935363770e-02,-1.636228412389755249e-01,1.881136000156402588e-02
-9.046176075935363770e-02,-1.636228412389755249e-01,1.881136000156402588e-02
-9.045792371034622192e-02,-1.640871018171310425e-01,1.848608627915382385e-02
-9.045792371034622192e-02,-1.640871018171310425e-01,1.848608627915382385e-02
-9.045353531837463379e-02,-1.645514369010925293e-01,1.815898716449737549e-02
-9.045353531837463379e-02,-1.645514369010925293e-01,1.815898716449737549e-02
-9.044858068227767944e-02,-1.650158166885375977e-01,1.783005706965923309e-02
-9.044858068227767944e-02,-1.650158166885375977e-01,1.783005706965923309e-02
-9.044305980205535889e-02,-1.654802560806274414e-01,1.749929785728454590e-02
-9.044305980205535889e-02,-1.654802560806274414e-01,1.749929785728454590e-02
-9.043695777654647827e-02,-1.659447401762008667e-01,1.716671884059906006e-02
-9.043695777654647827e-02,-1.659447401762008667e-01,1.716671884059906006e-02
-9.043028205633163452e-02,-1.664092689752578735e-01,1.683230698108673096e-02
-9.043028205633163452e-02,-1.664092689752578735e-01,1.683230698108673096e-02
-9.042305499315261841e-02,-1.668738424777984619e-01,1.649605296552181244e-02
-9.042305499315261841e-02,-1.668738424777984619e-01,1.649605296552181244e-02
-9.041523933410644531e-02,-1.673384904861450195e-01,1.615796796977519989e-02
-9.041523933410644531e-02,-1.673384904861450195e-01,1.615796796977519989e-02
-9.040684252977371216e-02,-1.678031682968139648e-01,1.581803523004055023e-02
-9.040684252977371216e-02,-1.678031682968139648e-01,1.581803523004055023e-02
-9.039787203073501587e-02,-1.682678610086441040e-01,1.547626405954360962e-02
-9.039787203073501587e-02,-1.682678610086441040e-01,1.547626405954360962e-02
-9.038832783699035645e-02,-1.687326133251190186e-01,1.513264700770378113e-02
-9.038832783699035645e-02,-1.687326133251190186e-01,1.513264700770378113e-02
-9.037818759679794312e-02,-1.691974252462387085e-01,1.478718221187591553e-02
-9.037818759679794312e-02,-1.691974252462387085e-01,1.478718221187591553e-02
-9.036746621131896973e-02,-1.696622371673583984e-01,1.443986408412456512e-02
-9.036746621131896973e-02,-1.696622371673583984e-01,1.443986408412456512e-02
-9.035615622997283936e-02,-1.701270788908004761e-01,1.409069821238517761e-02
-9.035615622997283936e-02,-1.701270788908004761e-01,1.409069821238517761e-02
-9.034425765275955200e-02,-1.705919653177261353e-01,1.373966876417398453e-02
-9.034425765275955200e-02,-1.705919653177261353e-01,1.373966876417398453e-02
-9.033177793025970459e-02,-1.710568666458129883e-01,1.338678691536188126e-02
-9.033177793025970459e-02,-1.710568666458129883e-01,1.338678691536188126e-02
-9.031869471073150635e-02,-1.715218275785446167e-01,1.303204707801342010e-02
-9.031869471073150635e-02,-1.715218275785446167e-01,1.303204707801342010e-02
-9.030501544475555420e-02,-1.719867885112762451e-01,1.267542690038681030e-02
-9.030501544475555420e-02,-1.719867885112762451e-01,1.267542690038681030e-02
-9.029074758291244507e-02,-1.724517643451690674e-01,1.231694873422384262e-02
-9.029074758291244507e-02,-1.724517643451690674e-01,1.231694873422384262e-02
-9.027586877346038818e-02,-1.729167699813842773e-01,1.195660699158906937e-02
-9.027586877346038818e-02,-1.729167699813842773e-01,1.195660699158906937e-02
-9.026040136814117432e-02,-1.733818054199218750e-01,1.159438583999872208e-02
-9.026040136814117432e-02,-1.733818054199218750e-01,1.159438583999872208e-02
-9.024433046579360962e-02,-1.738468408584594727e-01,1.123028993606567383e-02
-9.024433046579360962e-02,-1.738468408584594727e-01,1.123028993606567383e-02
-9.022766351699829102e-02,-1.743119060993194580e-01,1.086431462317705154e-02
-9.022766351699829102e-02,-1.743119060993194580e-01,1.086431462317705154e-02
-9.021037071943283081e-02,-1.747769415378570557e-01,1.049646455794572830e-02
-9.021037071943283081e-02,-1.747769415378570557e-01,1.049646455794572830e-02
-9.019248187541961670e-02,-1.752420216798782349e-01,1.012672483921051025e-02
-9.019248187541961670e-02,-1.752420216798782349e-01,1.012672483921051025e-02
-9.017397463321685791e-02,-1.757070869207382202e-01,9.755105711519718170e-03
-9.017397463321685791e-02,-1.757070869207382202e-01,9.755105711519718170e-03
-9.015487134456634521e-02,-1.761721819639205933e-01,9.381595999002456665e-03
-9.015487134456634521e-02,-1.761721819639205933e-01,9.381595999002456665e-03
-9.013514220714569092e-02,-1.766372770071029663e-01,9.006195701658725739e-03
-9.013514220714569092e-02,-1.766372770071029663e-01,9.006195701658725739e-03
-9.011479467153549194e-02,-1.771023571491241455e-01,8.628900162875652313e-03
-9.011479467153549194e-02,-1.771023571491241455e-01,8.628900162875652313e-03
-9.009384363889694214e-02,-1.775674372911453247e-01,8.249702863395214081e-03
-9.009384363889694214e-02,-1.775674372911453247e-01,8.249702863395214081e-03
-9.007227420806884766e-02,-1.780325323343276978e-01,7.868615910410881042e-03
-9.007227420806884766e-02,-1.780325323343276978e-01,7.868615910410881042e-03
-9.005005657672882080e-02,-1.784975975751876831e-01,7.485617417842149734e-03
-9.005005657672882080e-02,-1.784975975751876831e-01,7.485617417842149734e-03
-9.002725034952163696e-02,-1.789626777172088623e-01,7.100728340446949005e-03
-9.002725034952163696e-02,-1.789626777172088623e-01,7.100728340446949005e-03
-9.000379592180252075e-02,-1.794277280569076538e-01,6.713922601193189621e-03
-9.000379592180252075e-02,-1.794277280569076538e-01,6.713922601193189621e-03
-8.997972309589385986e-02,-1.798927783966064453e-01,6.325199734419584274e-03
-8.997972309589385986e-02,-1.798927783966064453e-01,6.325199734419584274e-03
-8.995500952005386353e-02,-1.803577989339828491e-01,5.934586282819509506e-03
-8.995500952005386353e-02,-1.803577989339828491e-01,5.934586282819509506e-03
-8.992967754602432251e-02,-1.808228343725204468e-01,5.542039871215820312e-03
-8.992967754602432251e-02,-1.808228343725204468e-01,5.542039871215820312e-03
-8.990371227264404297e-02,-1.812878251075744629e-01,5.147587507963180542e-03
-8.990371227264404297e-02,-1.812878251075744629e-01,5.147587507963180542e-03
-8.987711369991302490e-02,-1.817527860403060913e-01,4.751201719045639038e-03
-8.987711369991302490e-02,-1.817527860403060913e-01,4.751201719045639038e-03
-8.984986692667007446e-02,-1.822177618741989136e-01,4.352904856204986572e-03
-8.984986692667007446e-02,-1.822177618741989136e-01,4.352904856204986572e-03
-8.982199430465698242e-02,-1.826826930046081543e-01,3.952674567699432373e-03
-8.982199430465698242e-02,-1.826826930046081543e-01,3.952674567699432373e-03
-8.979348093271255493e-02,-1.831475943326950073e-01,3.550521796569228172e-03
-8.979348093271255493e-02,-1.831475943326950073e-01,3.550521796569228172e-03
-8.976431190967559814e-02,-1.836124658584594727e-01,3.146425355225801468e-03
-8.976431190967559814e-02,-1.836124658584594727e-01,3.146425355225801468e-03
-8.973451703786849976e-02,-1.840773224830627441e-01,2.740406896919012070e-03
-8.973451703786849976e-02,-1.840773224830627441e-01,2.740406896919012070e-03
-8.970406651496887207e-02,-1.845421195030212402e-01,2.332449890673160553e-03
-8.970406651496887207e-02,-1.845421195030212402e-01,2.332449890673160553e-03
-8.967296779155731201e-02,-1.850069016218185425e-01,1.922554452903568745e-03
-8.967296779155731201e-02,-1.850069016218185425e-01,1.922554452903568745e-03
-8.964122086763381958e-02,-1.854716390371322632e-01,1.510715461336076260e-03
-8.964122086763381958e-02,-1.854716390371322632e-01,1.510715461336076260e-03
-8.960881829261779785e-02,-1.859363466501235962e-01,1.096932683140039444e-03
-8.960881829261779785e-02,-1.859363466501235962e-01,1.096932683140039444e-03
-8.957577496767044067e-02,-1.864009946584701538e-01,6.812062929384410381e-04
-8.957577496767044067e-02,-1.864009946584701538e-01,6.812062929384410381e-04
-8.954206109046936035e-02,-1.868656128644943237e-01,2.635254932101815939e-04
-8.954206109046936035e-02,-1.868656128644943237e-01,2.635254932101815939e-04
-8.950769156217575073e-02,-1.873301714658737183e-01,-1.561043318361043930e-04
-8.950769156217575073e-02,-1.873301714658737183e-01,-1.561043318361043930e-04
-8.947267383337020874e-02,-1.877946853637695312e-01,-5.776938633061945438e-04
-8.947267383337020874e-02,-1.877946853637695312e-01,-5.776938633061945438e-04
-8.943698555231094360e-02,-1.882591545581817627e-01,-1.001232420094311237e-03
-8.943698555231094360e-02,-1.882591545581817627e-01,-1.001232420094311237e-03
-8.940062671899795532e-02,-1.887235790491104126e-01,-1.426741480827331543e-03
-8.940062671899795532e-02,-1.887235790491104126e-01,-1.426741480827331543e-03
-8.936361223459243774e-02,-1.891879439353942871e-01,-1.854210160672664642e-03
-8.936361223459243774e-02,-1.891879439353942871e-01,-1.854210160672664642e-03
-8.932592719793319702e-02,-1.896522492170333862e-01,-2.283643931150436401e-03
-8.932592719793319702e-02,-1.896522492170333862e-01,-2.283643931150436401e-03
-8.928757905960083008e-02,-1.901164948940277100e-01,-2.715042792260646820e-03
-8.928757905960083008e-02,-1.901164948940277100e-01,-2.715042792260646820e-03
-8.924856036901473999e-02,-1.905806958675384521e-01,-3.148411866277456284e-03
-8.924856036901473999e-02,-1.905806958675384521e-01,-3.148411866277456284e-03
-8.920887112617492676e-02,-1.910448074340820312e-01,-3.583767451345920563e-03
-8.920887112617492676e-02,-1.910448074340820312e-01,-3.583767451345920563e-03
-8.916849642992019653e-02,-1.915088742971420288e-01,-4.021088127046823502e-03
-8.916849642992019653e-02,-1.915088742971420288e-01,-4.021088127046823502e-03
-8.912745118141174316e-02,-1.919728666543960571e-01,-4.460389725863933563e-03
-8.912745118141174316e-02,-1.919728666543960571e-01,-4.460389725863933563e-03
-8.908572793006896973e-02,-1.924367845058441162e-01,-4.901677835732698441e-03
-8.908572793006896973e-02,-1.924367845058441162e-01,-4.901677835732698441e-03
-8.904333412647247314e-02,-1.929006576538085938e-01,-5.344941746443510056e-03
-8.904333412647247314e-02,-1.929006576538085938e-01,-5.344941746443510056e-03
-8.900023996829986572e-02,-1.933644264936447144e-01,-5.790202878415584564e-03
-8.900023996829986572e-02,-1.933644264936447144e-01,-5.790202878415584564e-03
-8.895646780729293823e-02,-1.938281357288360596e-01,-6.237455643713474274e-03
-8.895646780729293823e-02,-1.938281357288360596e-01,-6.237455643713474274e-03
-8.891201764345169067e-02,-1.942917555570602417e-01,-6.686684209853410721e-03
-8.891201764345169067e-02,-1.942917555570602417e-01,-6.686684209853410721e-03
-8.886686712503433228e-02,-1.947553157806396484e-01,-7.137920241802930832e-03
-8.886686712503433228e-02,-1.947553157806396484e-01,-7.137920241802930832e-03
-8.882103115320205688e-02,-1.952187716960906982e-01,-7.591148372739553452e-03
-8.882103115320205688e-02,-1.952187716960906982e-01,-7.591148372739553452e-03
-8.877450227737426758e-02,-1.956821382045745850e-01,-8.046383969485759735e-03
-8.877450227737426758e-02,-1.956821382045745850e-01,-8.046383969485759735e-03
-8.872728794813156128e-02,-1.961454451084136963e-01,-8.503616787493228912e-03
-8.872728794813156128e-02,-1.961454451084136963e-01,-8.503616787493228912e-03
-8.867936581373214722e-02,-1.966086626052856445e-01,-8.962851949036121368e-03
-8.867936581373214722e-02,-1.966086626052856445e-01,-8.962851949036121368e-03
-8.863075822591781616e-02,-1.970717757940292358e-01,-9.424106217920780182e-03
-8.863075822591781616e-02,-1.970717757940292358e-01,-9.424106217920780182e-03
-8.858144283294677734e-02,-1.975347995758056641e-01,-9.887367486953735352e-03
-8.858144283294677734e-02,-1.975347995758056641e-01,-9.887367486953735352e-03
-8.853142708539962769e-02,-1.979977488517761230e-01,-1.035263668745756149e-02
-8.853142708539962769e-02,-1.979977488517761230e-01,-1.035263668745756149e-02
-8.848071843385696411e-02,-1.984605640172958374e-01,-1.081992965191602707e-02
-8.848071843385696411e-02,-1.984605640172958374e-01,-1.081992965191602707e-02
-8.842928707599639893e-02,-1.989233046770095825e-01,-1.128923613578081131e-02
-8.842928707599639893e-02,-1.989233046770095825e-01,-1.128923613578081131e-02
-8.837716281414031982e-02,-1.993859410285949707e-01,-1.176057104021310806e-02
-8.837716281414031982e-02,-1.993859410285949707e-01,-1.176057104021310806e-02
-8.832431584596633911e-02,-1.998484581708908081e-01,-1.223393063992261887e-02
-8.832431584596633911e-02,-1.998484581708908081e-01,-1.223393063992261887e-02
-8.827076852321624756e-02,-2.003108859062194824e-01,-1.270930282771587372e-02
-8.827076852321624756e-02,-2.003108859062194824e-01,-1.270930282771587372e-02
-8.821652084589004517e-02,-2.007732391357421875e-01,-1.318672578781843185e-02
-8.821652084589004517e-02,-2.007732391357421875e-01,-1.318672578781843185e-02
-8.816154301166534424e-02,-2.012354284524917603e-01,-1.366616692394018173e-02
-8.816154301166534424e-02,-2.012354284524917603e-01,-1.366616692394018173e-02
-8.810584247112274170e-02,-2.016975283622741699e-01,-1.414765324443578720e-02
-8.810584247112274170e-02,-2.016975283622741699e-01,-1.414765324443578720e-02
-8.804943412542343140e-02,-2.021595388650894165e-01,-1.463116612285375595e-02
-8.804943412542343140e-02,-2.021595388650894165e-01,-1.463116612285375595e-02
-8.799230307340621948e-02,-2.026214152574539185e-01,-1.511672325432300568e-02
-8.799230307340621948e-02,-2.026214152574539185e-01,-1.511672325432300568e-02
-8.793444931507110596e-02,-2.030831575393676758e-01,-1.560432650148868561e-02
-8.793444931507110596e-02,-2.030831575393676758e-01,-1.560432650148868561e-02
-8.787586539983749390e-02,-2.035447657108306885e-01,-1.609397679567337036e-02
-8.787586539983749390e-02,-2.035447657108306885e-01,-1.609397679567337036e-02
-8.781657367944717407e-02,-2.040062993764877319e-01,-1.658567041158676147e-02
-8.781657367944717407e-02,-2.040062993764877319e-01,-1.658567041158676147e-02
-8.775652945041656494e-02,-2.044676840305328369e-01,-1.707942038774490356e-02
-8.775652945041656494e-02,-2.044676840305328369e-01,-1.707942038774490356e-02
-8.769577741622924805e-02,-2.049289643764495850e-01,-1.757521741092205048e-02
-8.769577741622924805e-02,-2.049289643764495850e-01,-1.757521741092205048e-02
-8.763428032398223877e-02,-2.053900808095932007e-01,-1.807307079434394836e-02
-8.763428032398223877e-02,-2.053900808095932007e-01,-1.807307079434394836e-02
-8.757205307483673096e-02,-2.058510780334472656e-01,-1.857299171388149261e-02
-8.757205307483673096e-02,-2.058510780334472656e-01,-1.857299171388149261e-02
-8.750908076763153076e-02,-2.063119560480117798e-01,-1.907497271895408630e-02
-8.750908076763153076e-02,-2.063119560480117798e-01,-1.907497271895408630e-02
-8.744538575410842896e-02,-2.067726999521255493e-01,-1.957901753485202789e-02
-8.744538575410842896e-02,-2.067726999521255493e-01,-1.957901753485202789e-02
-8.738094568252563477e-02,-2.072332799434661865e-01,-2.008512802422046661e-02
-8.738094568252563477e-02,-2.072332799434661865e-01,-2.008512802422046661e-02
-8.731576800346374512e-02,-2.076937705278396606e-01,-2.059330604970455170e-02
-8.731576800346374512e-02,-2.076937705278396606e-01,-2.059330604970455170e-02
-8.724984526634216309e-02,-2.081540822982788086e-01,-2.110356092453002930e-02
-8.724984526634216309e-02,-2.081540822982788086e-01,-2.110356092453002930e-02
-8.718317002058029175e-02,-2.086142450571060181e-01,-2.161588706076145172e-02
-8.718317002058029175e-02,-2.086142450571060181e-01,-2.161588706076145172e-02
-8.711574971675872803e-02,-2.090742886066436768e-01,-2.213029004633426666e-02
-8.711574971675872803e-02,-2.090742886066436768e-01,-2.213029004633426666e-02
-8.704759180545806885e-02,-2.095341682434082031e-01,-2.264677360653877258e-02
-8.704759180545806885e-02,-2.095341682434082031e-01,-2.264677360653877258e-02
-8.697866648435592651e-02,-2.099939137697219849e-01,-2.316534332931041718e-02
-8.697866648435592651e-02,-2.099939137697219849e-01,-2.316534332931041718e-02
-8.690900355577468872e-02,-2.104534953832626343e-01,-2.368599362671375275e-02
-8.690900355577468872e-02,-2.104534953832626343e-01,-2.368599362671375275e-02
-8.683858066797256470e-02,-2.109129279851913452e-01,-2.420874312520027161e-02
-8.683858066797256470e-02,-2.109129279851913452e-01,-2.420874312520027161e-02
-8.676740527153015137e-02,-2.113721966743469238e-01,-2.473357878625392914e-02
-8.676740527153015137e-02,-2.113721966743469238e-01,-2.473357878625392914e-02
-8.669546246528625488e-02,-2.118313461542129517e-01,-2.526050433516502380e-02
-8.669546246528625488e-02,-2.118313461542129517e-01,-2.526050433516502380e-02
-8.662275969982147217e-02,-2.122902870178222656e-01,-2.578953094780445099e-02
-8.662275969982147217e-02,-2.122902870178222656e-01,-2.578953094780445099e-02
-8.654930442571640015e-02,-2.127490788698196411e-01,-2.632065303623676300e-02
-8.654930442571640015e-02,-2.127490788698196411e-01,-2.632065303623676300e-02
-8.647506684064865112e-02,-2.132076919078826904e-01,-2.685388177633285522e-02
-8.647506684064865112e-02,-2.132076919078826904e-01,-2.685388177633285522e-02
-8.640008419752120972e-02,-2.136661708354949951e-01,-2.738920971751213074e-02
-8.640008419752120972e-02,-2.136661708354949951e-01,-2.738920971751213074e-02
-8.632432669401168823e-02,-2.141244709491729736e-01,-2.792665176093578339e-02
-8.632432669401168823e-02,-2.141244709491729736e-01,-2.792665176093578339e-02
-8.624779433012008667e-02,-2.145826071500778198e-01,-2.846619673073291779e-02
-8.624779433012008667e-02,-2.145826071500778198e-01,-2.846619673073291779e-02
-8.617049455642700195e-02,-2.150405496358871460e-01,-2.900785766541957855e-02
-8.617049455642700195e-02,-2.150405496358871460e-01,-2.900785766541957855e-02
-8.609241992235183716e-02,-2.154983431100845337e-01,-2.955163270235061646e-02
-8.609241992235183716e-02,-2.154983431100845337e-01,-2.955163270235061646e-02
-8.601357042789459229e-02,-2.159559279680252075e-01,-3.009752556681632996e-02
-8.601357042789459229e-02,-2.159559279680252075e-01,-3.009752556681632996e-02
-8.593394607305526733e-02,-2.164133787155151367e-01,-3.064553998410701752e-02
-8.593394607305526733e-02,-2.164133787155151367e-01,-3.064553998410701752e-02
-8.585353940725326538e-02,-2.168705910444259644e-01,-3.119567409157752991e-02
-8.585353940725326538e-02,-2.168705910444259644e-01,-3.119567409157752991e-02
-8.577235043048858643e-02,-2.173276841640472412e-01,-3.174793720245361328e-02
-8.577235043048858643e-02,-2.173276841640472412e-01,-3.174793720245361328e-02
-8.569037169218063354e-02,-2.177845388650894165e-01,-3.230233862996101379e-02
-8.569037169218063354e-02,-2.177845388650894165e-01,-3.230233862996101379e-02
-8.560761809349060059e-02,-2.182412147521972656e-01,-3.285884857177734375e-02
-8.560761809349060059e-02,-2.182412147521972656e-01,-3.285884857177734375e-02
-8.552406728267669678e-02,-2.186977118253707886e-01,-3.341750800609588623e-02
-8.552406728267669678e-02,-2.186977118253707886e-01,-3.341750800609588623e-02
-8.543974161148071289e-02,-2.191540300846099854e-01,-3.397830203175544739e-02
-8.543974161148071289e-02,-2.191540300846099854e-01,-3.397830203175544739e-02
-8.535461127758026123e-02,-2.196101546287536621e-01,-3.454123809933662415e-02
-8.535461127758026123e-02,-2.196101546287536621e-01,-3.454123809933662415e-02
-8.526869863271713257e-02,-2.200660705566406250e-01,-3.510631248354911804e-02
-8.526869863271713257e-02,-2.200660705566406250e-01,-3.510631248354911804e-02
-8.518198877573013306e-02,-2.205217778682708740e-01,-3.567352890968322754e-02
-8.518198877573013306e-02,-2.205217778682708740e-01,-3.567352890968322754e-02
-8.509448170661926270e-02,-2.209773063659667969e-01,-3.624289482831954956e-02
-8.509448170661926270e-02,-2.209773063659667969e-01,-3.624289482831954956e-02
-8.500616997480392456e-02,-2.214326113462448120e-01,-3.681441023945808411e-02
-8.500616997480392456e-02,-2.214326113462448120e-01,-3.681441023945808411e-02
-8.491706848144531250e-02,-2.218877375125885010e-01,-3.738808259367942810e-02
-8.491706848144531250e-02,-2.218877375125885010e-01,-3.738808259367942810e-02
-8.482715487480163574e-02,-2.223426252603530884e-01,-3.796389698982238770e-02
-8.482715487480163574e-02,-2.223426252603530884e-01,-3.796389698982238770e-02
-8.473644405603408813e-02,-2.227973639965057373e-01,-3.854188323020935059e-02
-8.473644405603408813e-02,-2.227973639965057373e-01,-3.854188323020935059e-02
-8.464492112398147583e-02,-2.232518047094345093e-01,-3.912202641367912292e-02
-8.464492112398147583e-02,-2.232518047094345093e-01,-3.912202641367912292e-02
-8.455259352922439575e-02,-2.237060964107513428e-01,-3.970433026552200317e-02
-8.455259352922439575e-02,-2.237060964107513428e-01,-3.970433026552200317e-02
-8.445946127176284790e-02,-2.241601496934890747e-01,-4.028879851102828979e-02
-8.445946127176284790e-02,-2.241601496934890747e-01,-4.028879851102828979e-02
-8.436550945043563843e-02,-2.246139943599700928e-01,-4.087544232606887817e-02
-8.436550945043563843e-02,-2.246139943599700928e-01,-4.087544232606887817e-02
-8.427074551582336426e-02,-2.250676304101943970e-01,-4.146425053477287292e-02
-8.427074551582336426e-02,-2.250676304101943970e-01,-4.146425053477287292e-02
-8.417516946792602539e-02,-2.255210429430007935e-01,-4.205524176359176636e-02
-8.417516946792602539e-02,-2.255210429430007935e-01,-4.205524176359176636e-02
-8.407877385616302490e-02,-2.259742170572280884e-01,-4.264840483665466309e-02
-8.407877385616302490e-02,-2.259742170572280884e-01,-4.264840483665466309e-02
-8.398155868053436279e-02,-2.264271676540374756e-01,-4.324374347925186157e-02
-8.398155868053436279e-02,-2.264271676540374756e-01,-4.324374347925186157e-02
-8.388352394104003906e-02,-2.268798947334289551e-01,-4.384126141667366028e-02
-8.388352394104003906e-02,-2.268798947334289551e-01,-4.384126141667366028e-02
-8.378466218709945679e-02,-2.273323982954025269e-01,-4.444096982479095459e-02
-8.378466218709945679e-02,-2.273323982954025269e-01,-4.444096982479095459e-02
-8.368497341871261597e-02,-2.277846485376358032e-01,-4.504286497831344604e-02
-8.368497341871261597e-02,-2.277846485376358032e-01,-4.504286497831344604e-02
-8.358446508646011353e-02,-2.282367050647735596e-01,-4.564694687724113464e-02
-8.358446508646011353e-02,-2.282367050647735596e-01,-4.564694687724113464e-02
-8.348312228918075562e-02,-2.286884933710098267e-01,-4.625323042273521423e-02
-8.348312228918075562e-02,-2.286884933710098267e-01,-4.625323042273521423e-02
-8.338095247745513916e-02,-2.291400432586669922e-01,-4.686169698834419250e-02
-8.338095247745513916e-02,-2.291400432586669922e-01,-4.686169698834419250e-02
-8.327794820070266724e-02,-2.295913696289062500e-01,-4.747236892580986023e-02
-8.327794820070266724e-02,-2.295913696289062500e-01,-4.747236892580986023e-02
-8.317410200834274292e-02,-2.300424426794052124e-01,-4.808523878455162048e-02
-8.317410200834274292e-02,-2.300424426794052124e-01,-4.808523878455162048e-02
-8.306943625211715698e-02,-2.304932624101638794e-01,-4.870031401515007019e-02
-8.306943625211715698e-02,-2.304932624101638794e-01,-4.870031401515007019e-02
-8.296391367912292480e-02,-2.309438437223434448e-01,-4.931759461760520935e-02
-8.296391367912292480e-02,-2.309438437223434448e-01,-4.931759461760520935e-02
-8.285756409168243408e-02,-2.313942015171051025e-01,-4.993708804249763489e-02
-8.285756409168243408e-02,-2.313942015171051025e-01,-4.993708804249763489e-02
-8.275036513805389404e-02,-2.318442910909652710e-01,-5.055878311395645142e-02
-8.275036513805389404e-02,-2.318442910909652710e-01,-5.055878311395645142e-02
-8.264232426881790161e-02,-2.322941124439239502e-01,-5.118269845843315125e-02
-8.264232426881790161e-02,-2.322941124439239502e-01,-5.118269845843315125e-02
-8.253344148397445679e-02,-2.327437102794647217e-01,-5.180883035063743591e-02
-8.253344148397445679e-02,-2.327437102794647217e-01,-5.180883035063743591e-02
-8.242370188236236572e-02,-2.331930100917816162e-01,-5.243718251585960388e-02
-8.242370188236236572e-02,-2.331930100917816162e-01,-5.243718251585960388e-02
-8.231312036514282227e-02,-2.336420714855194092e-01,-5.306775122880935669e-02
-8.231312036514282227e-02,-2.336420714855194092e-01,-5.306775122880935669e-02
-8.220168203115463257e-02,-2.340908497571945190e-01,-5.370054394006729126e-02
-8.220168203115463257e-02,-2.340908497571945190e-01,-5.370054394006729126e-02
-8.208939433097839355e-02,-2.345394045114517212e-01,-5.433557182550430298e-02
-8.208939433097839355e-02,-2.345394045114517212e-01,-5.433557182550430298e-02
-8.197624981403350830e-02,-2.349876910448074341e-01,-5.497282370924949646e-02
-8.197624981403350830e-02,-2.349876910448074341e-01,-5.497282370924949646e-02
-8.186224102973937988e-02,-2.354356795549392700e-01,-5.561230331659317017e-02
-8.186224102973937988e-02,-2.354356795549392700e-01,-5.561230331659317017e-02
-8.174737542867660522e-02,-2.358834147453308105e-01,-5.625403299927711487e-02
-8.174737542867660522e-02,-2.358834147453308105e-01,-5.625403299927711487e-02
-8.163165301084518433e-02,-2.363308817148208618e-01,-5.689798668026924133e-02
-8.163165301084518433e-02,-2.363308817148208618e-01,-5.689798668026924133e-02
-8.151506632566452026e-02,-2.367780804634094238e-01,-5.754419043660163879e-02
-8.151506632566452026e-02,-2.367780804634094238e-01,-5.754419043660163879e-02
-8.139761537313461304e-02,-2.372249811887741089e-01,-5.819263309240341187e-02
-8.139761537313461304e-02,-2.372249811887741089e-01,-5.819263309240341187e-02
-8.127929270267486572e-02,-2.376716285943984985e-01,-5.884332209825515747e-02
-8.127929270267486572e-02,-2.376716285943984985e-01,-5.884332209825515747e-02
-8.116010576486587524e-02,-2.381179779767990112e-01,-5.949625745415687561e-02
-8.116010576486587524e-02,-2.381179779767990112e-01,-5.949625745415687561e-02
-8.104003965854644775e-02,-2.385640442371368408e-01,-6.015145033597946167e-02
-8.104003965854644775e-02,-2.385640442371368408e-01,-6.015145033597946167e-02
-8.091911673545837402e-02,-2.390098273754119873e-01,-6.080889329314231873e-02
-8.091911673545837402e-02,-2.390098273754119873e-01,-6.080889329314231873e-02
-8.079729974269866943e-02,-2.394553273916244507e-01,-6.146859005093574524e-02
-8.079729974269866943e-02,-2.394553273916244507e-01,-6.146859005093574524e-02
-8.067462593317031860e-02,-2.399005591869354248e-01,-6.213055178523063660e-02
-8.067462593317031860e-02,-2.399005591869354248e-01,-6.213055178523063660e-02
-8.055105805397033691e-02,-2.403454780578613281e-01,-6.279476732015609741e-02
-8.055105805397033691e-02,-2.403454780578613281e-01,-6.279476732015609741e-02
-8.042661100625991821e-02,-2.407900840044021606e-01,-6.346125900745391846e-02
-8.042661100625991821e-02,-2.407900840044021606e-01,-6.346125900745391846e-02
-8.030129224061965942e-02,-2.412344217300415039e-01,-6.413000822067260742e-02
-8.030129224061965942e-02,-2.412344217300415039e-01,-6.413000822067260742e-02
-8.017507940530776978e-02,-2.416784465312957764e-01,-6.480103731155395508e-02
-8.017507940530776978e-02,-2.416784465312957764e-01,-6.480103731155395508e-02
-8.004798740148544312e-02,-2.421222031116485596e-01,-6.547433137893676758e-02
-8.004798740148544312e-02,-2.421222031116485596e-01,-6.547433137893676758e-02
-7.992000877857208252e-02,-2.425656169652938843e-01,-6.614989787340164185e-02
-7.992000877857208252e-02,-2.425656169652938843e-01,-6.614989787340164185e-02
-7.979112863540649414e-02,-2.430087625980377197e-01,-6.682775169610977173e-02
-7.979112863540649414e-02,-2.430087625980377197e-01,-6.682775169610977173e-02
-7.966136187314987183e-02,-2.434515804052352905e-01,-6.750787794589996338e-02
-7.966136187314987183e-02,-2.434515804052352905e-01,-6.750787794589996338e-02
-7.953070849180221558e-02,-2.438941001892089844e-01,-6.819029152393341064e-02
-7.953070849180221558e-02,-2.438941001892089844e-01,-6.819029152393341064e-02
-7.939915359020233154e-02,-2.443363219499588013e-01,-6.887499243021011353e-02
-7.939915359020233154e-02,-2.443363219499588013e-01,-6.887499243021011353e-02
-7.926669716835021973e-02,-2.447782009840011597e-01,-6.956197321414947510e-02
-7.926669716835021973e-02,-2.447782009840011597e-01,-6.956197321414947510e-02
-7.913334667682647705e-02,-2.452197968959808350e-01,-7.025125622749328613e-02
-7.913334667682647705e-02,-2.452197968959808350e-01,-7.025125622749328613e-02
-7.899909466505050659e-02,-2.456610500812530518e-01,-7.094282656908035278e-02
-7.899909466505050659e-02,-2.456610500812530518e-01,-7.094282656908035278e-02
-7.886394113302230835e-02,-2.461019903421401978e-01,-7.163669168949127197e-02
-7.886394113302230835e-02,-2.461019903421401978e-01,-7.163669168949127197e-02
-7.872787863016128540e-02,-2.465426325798034668e-01,-7.233286648988723755e-02
-7.872787863016128540e-02,-2.465426325798034668e-01,-7.233286648988723755e-02
-7.859090715646743774e-02,-2.469829618930816650e-01,-7.303133606910705566e-02
-7.859090715646743774e-02,-2.469829618930816650e-01,-7.303133606910705566e-02
-7.845302671194076538e-02,-2.474229186773300171e-01,-7.373210787773132324e-02
-7.845302671194076538e-02,-2.474229186773300171e-01,-7.373210787773132324e-02
-7.831424474716186523e-02,-2.478625774383544922e-01,-7.443519681692123413e-02
-7.831424474716186523e-02,-2.478625774383544922e-01,-7.443519681692123413e-02
-7.817453891038894653e-02,-2.483018934726715088e-01,-7.514058798551559448e-02
-7.817453891038894653e-02,-2.483018934726715088e-01,-7.514058798551559448e-02
-7.803393155336380005e-02,-2.487408816814422607e-01,-7.584829628467559814e-02
-7.803393155336380005e-02,-2.487408816814422607e-01,-7.584829628467559814e-02
-7.789239287376403809e-02,-2.491795420646667480e-01,-7.655831426382064819e-02
-7.789239287376403809e-02,-2.491795420646667480e-01,-7.655831426382064819e-02
-7.774994522333145142e-02,-2.496178746223449707e-01,-7.727065682411193848e-02
-7.774994522333145142e-02,-2.496178746223449707e-01,-7.727065682411193848e-02
-7.760657370090484619e-02,-2.500558793544769287e-01,-7.798531651496887207e-02
-7.760657370090484619e-02,-2.500558793544769287e-01,-7.798531651496887207e-02
-7.746228575706481934e-02,-2.504934966564178467e-01,-7.870230078697204590e-02
-7.746228575706481934e-02,-2.504934966564178467e-01,-7.870230078697204590e-02
-7.731706649065017700e-02,-2.509308159351348877e-01,-7.942160964012145996e-02
-7.731706649065017700e-02,-2.509308159351348877e-01,-7.942160964012145996e-02
-7.717091590166091919e-02,-2.513677775859832764e-01,-8.014324307441711426e-02
-7.717091590166091919e-02,-2.513677775859832764e-01,-8.014324307441711426e-02
-7.702384889125823975e-02,-2.518044114112854004e-01,-8.086720854043960571e-02
-7.702384889125823975e-02,-2.518044114112854004e-01,-8.086720854043960571e-02
-7.687584310770034790e-02,-2.522406578063964844e-01,-8.159351348876953125e-02
-7.687584310770034790e-02,-2.522406578063964844e-01,-8.159351348876953125e-02
-7.672691345214843750e-02,-2.526766061782836914e-01,-8.232215046882629395e-02
-7.672691345214843750e-02,-2.526766061782836914e-01,-8.232215046882629395e-02
-7.657704502344131470e-02,-2.531121671199798584e-01,-8.305313438177108765e-02
-7.657704502344131470e-02,-2.531121671199798584e-01,-8.305313438177108765e-02
-7.642624527215957642e-02,-2.535474002361297607e-01,-8.378645777702331543e-02
-7.642624527215957642e-02,-2.535474002361297607e-01,-8.378645777702331543e-02
-7.627449929714202881e-02,-2.539822161197662354e-01,-8.452212065458297729e-02
-7.627449929714202881e-02,-2.539822161197662354e-01,-8.452212065458297729e-02
-4.259849786758422852e-01,1.442371457815170288e-01,-2.153223194181919098e-02
-4.259849786758422852e-01,1.442371457815170288e-01,-2.153223194181919098e-02
-4.252381324768066406e-01,1.438396275043487549e-01,-2.157291583716869354e-02
-4.252381324768066406e-01,1.438396275043487549e-01,-2.157291583716869354e-02
-4.244923293590545654e-01,1.434426456689834595e-01,-2.161401882767677307e-02
-4.244923293590545654e-01,1.434426456689834595e-01,-2.161401882767677307e-02
-4.237475693225860596e-01,1.430461555719375610e-01,-2.165554650127887726e-02
-4.237475693225860596e-01,1.430461555719375610e-01,-2.165554650127887726e-02
-4.230037629604339600e-01,1.426502168178558350e-01,-2.169749327003955841e-02
-4.230037629604339600e-01,1.426502168178558350e-01,-2.169749327003955841e-02
-4.222609102725982666e-01,1.422547399997711182e-01,-2.173985540866851807e-02
-4.222609102725982666e-01,1.422547399997711182e-01,-2.173985540866851807e-02
-4.215190708637237549e-01,1.418598145246505737e-01,-2.178263664245605469e-02
-4.215190708637237549e-01,1.418598145246505737e-01,-2.178263664245605469e-02
-4.207783341407775879e-01,1.414654105901718140e-01,-2.182583138346672058e-02
-4.207783341407775879e-01,1.414654105901718140e-01,-2.182583138346672058e-02
-4.200384914875030518e-01,1.410714983940124512e-01,-2.186944521963596344e-02
-4.200384914875030518e-01,1.410714983940124512e-01,-2.186944521963596344e-02
-4.192996621131896973e-01,1.406781226396560669e-01,-2.191347070038318634e-02
-4.192996621131896973e-01,1.406781226396560669e-01,-2.191347070038318634e-02
-4.185617864131927490e-01,1.402852535247802734e-01,-2.195790782570838928e-02
-4.185617864131927490e-01,1.402852535247802734e-01,-2.195790782570838928e-02
-4.178248941898345947e-01,1.398928910493850708e-01,-2.200275845825672150e-02
-4.178248941898345947e-01,1.398928910493850708e-01,-2.200275845825672150e-02
-4.170890152454376221e-01,1.395010650157928467e-01,-2.204801514744758606e-02
-4.170890152454376221e-01,1.395010650157928467e-01,-2.204801514744758606e-02
-4.163541197776794434e-01,1.391097456216812134e-01,-2.209368348121643066e-02
-4.163541197776794434e-01,1.391097456216812134e-01,-2.209368348121643066e-02
-4.156201481819152832e-01,1.387189328670501709e-01,-2.213975973427295685e-02
-4.156201481819152832e-01,1.387189328670501709e-01,-2.213975973427295685e-02
-4.148871898651123047e-01,1.383286565542221069e-01,-2.218624576926231384e-02
-4.148871898651123047e-01,1.383286565542221069e-01,-2.218624576926231384e-02
-4.141551852226257324e-01,1.379388868808746338e-01,-2.223313413560390472e-02
-4.141551852226257324e-01,1.379388868808746338e-01,-2.223313413560390472e-02
-4.134241640567779541e-01,1.375496387481689453e-01,-2.228042669594287872e-02
-4.134241640567779541e-01,1.375496387481689453e-01,-2.228042669594287872e-02
-4.126940071582794189e-01,1.371609121561050415e-01,-2.232812345027923584e-02
-4.126940071582794189e-01,1.371609121561050415e-01,-2.232812345027923584e-02
-4.119648933410644531e-01,1.367726922035217285e-01,-2.237622253596782684e-02
-4.119648933410644531e-01,1.367726922035217285e-01,-2.237622253596782684e-02
-4.112366735935211182e-01,1.363849937915802002e-01,-2.242472209036350250e-02
-4.112366735935211182e-01,1.363849937915802002e-01,-2.242472209036350250e-02
-4.105094075202941895e-01,1.359978169202804565e-01,-2.247362397611141205e-02
-4.105094075202941895e-01,1.359978169202804565e-01,-2.247362397611141205e-02
-4.097831249237060547e-01,1.356111913919448853e-01,-2.252292446792125702e-02
-4.097831249237060547e-01,1.356111913919448853e-01,-2.252292446792125702e-02
-4.090577065944671631e-01,1.352250277996063232e-01,-2.257261984050273895e-02
-4.090577065944671631e-01,1.352250277996063232e-01,-2.257261984050273895e-02
-4.083333313465118408e-01,1.348394155502319336e-01,-2.262271568179130554e-02
-4.083333313465118408e-01,1.348394155502319336e-01,-2.262271568179130554e-02
-4.076098501682281494e-01,1.344543099403381348e-01,-2.267320081591606140e-02
-4.076098501682281494e-01,1.344543099403381348e-01,-2.267320081591606140e-02
-4.068872630596160889e-01,1.340697258710861206e-01,-2.272408455610275269e-02
-4.068872630596160889e-01,1.340697258710861206e-01,-2.272408455610275269e-02
-4.061656296253204346e-01,1.336856633424758911e-01,-2.277535945177078247e-02
-4.061656296253204346e-01,1.336856633424758911e-01,-2.277535945177078247e-02
-4.054449498653411865e-01,1.333021372556686401e-01,-2.282702736556529999e-02
-4.054449498653411865e-01,1.333021372556686401e-01,-2.282702736556529999e-02
-4.047251045703887939e-01,1.329191029071807861e-01,-2.287908457219600677e-02
-4.047251045703887939e-01,1.329191029071807861e-01,-2.287908457219600677e-02
-4.040062427520751953e-01,1.325366050004959106e-01,-2.293153293430805206e-02
-4.040062427520751953e-01,1.325366050004959106e-01,-2.293153293430805206e-02
-4.032883048057556152e-01,1.321546286344528198e-01,-2.298437058925628662e-02
-4.032883048057556152e-01,1.321546286344528198e-01,-2.298437058925628662e-02
-4.025712907314300537e-01,1.317731589078903198e-01,-2.303759567439556122e-02
-4.025712907314300537e-01,1.317731589078903198e-01,-2.303759567439556122e-02
-4.018551111221313477e-01,1.313922107219696045e-01,-2.309120632708072662e-02
-4.018551111221313477e-01,1.313922107219696045e-01,-2.309120632708072662e-02
-4.011399149894714355e-01,1.310117989778518677e-01,-2.314520068466663361e-02
-4.011399149894714355e-01,1.310117989778518677e-01,-2.314520068466663361e-02
-4.004255235195159912e-01,1.306318938732147217e-01,-2.319957874715328217e-02
-4.004255235195159912e-01,1.306318938732147217e-01,-2.319957874715328217e-02
-3.997121453285217285e-01,1.302525401115417480e-01,-2.325434610247612000e-02
-3.997121453285217285e-01,1.302525401115417480e-01,-2.325434610247612000e-02
-3.989995718002319336e-01,1.298736631870269775e-01,-2.330948598682880402e-02
-3.989995718002319336e-01,1.298736631870269775e-01,-2.330948598682880402e-02
-3.982878923416137695e-01,1.294953376054763794e-01,-2.336501143872737885e-02
-3.982878923416137695e-01,1.294953376054763794e-01,-2.336501143872737885e-02
-3.975771963596343994e-01,1.291175186634063721e-01,-2.342091687023639679e-02
-3.975771963596343994e-01,1.291175186634063721e-01,-2.342091687023639679e-02
-3.968673348426818848e-01,1.287402212619781494e-01,-2.347719669342041016e-02
-3.968673348426818848e-01,1.287402212619781494e-01,-2.347719669342041016e-02
-3.961582779884338379e-01,1.283634454011917114e-01,-2.353386022150516510e-02
-3.961582779884338379e-01,1.283634454011917114e-01,-2.353386022150516510e-02
-3.954501748085021973e-01,1.279872059822082520e-01,-2.359089069068431854e-02
-3.954501748085021973e-01,1.279872059822082520e-01,-2.359089069068431854e-02
-3.947429358959197998e-01,1.276114881038665771e-01,-2.364829927682876587e-02
-3.947429358959197998e-01,1.276114881038665771e-01,-2.364829927682876587e-02
-3.940365314483642578e-01,1.272362768650054932e-01,-2.370608411729335785e-02
-3.940365314483642578e-01,1.272362768650054932e-01,-2.370608411729335785e-02
-3.933310508728027344e-01,1.268616169691085815e-01,-2.376424334943294525e-02
-3.933310508728027344e-01,1.268616169691085815e-01,-2.376424334943294525e-02
-3.926264047622680664e-01,1.264874488115310669e-01,-2.382277138531208038e-02
-3.926264047622680664e-01,1.264874488115310669e-01,-2.382277138531208038e-02
-3.919225633144378662e-01,1.261138170957565308e-01,-2.388166636228561401e-02
-3.919225633144378662e-01,1.261138170957565308e-01,-2.388166636228561401e-02
-3.912197649478912354e-01,1.257407069206237793e-01,-2.394093573093414307e-02
-3.912197649478912354e-01,1.257407069206237793e-01,-2.394093573093414307e-02
-3.905176520347595215e-01,1.253681182861328125e-01,-2.400057390332221985e-02
-3.905176520347595215e-01,1.253681182861328125e-01,-2.400057390332221985e-02
-3.898164331912994385e-01,1.249960437417030334e-01,-2.406057156622409821e-02
-3.898164331912994385e-01,1.249960437417030334e-01,-2.406057156622409821e-02
-3.891160190105438232e-01,1.246245056390762329e-01,-2.412093803286552429e-02
-3.891160190105438232e-01,1.246245056390762329e-01,-2.412093803286552429e-02
-3.884165287017822266e-01,1.242535039782524109e-01,-2.418167144060134888e-02
-3.884165287017822266e-01,1.242535039782524109e-01,-2.418167144060134888e-02
-3.877177834510803223e-01,1.238830015063285828e-01,-2.424276620149612427e-02
-3.877177834510803223e-01,1.238830015063285828e-01,-2.424276620149612427e-02
-3.870199322700500488e-01,1.235130429267883301e-01,-2.430422231554985046e-02
-3.870199322700500488e-01,1.235130429267883301e-01,-2.430422231554985046e-02
-3.863228857517242432e-01,1.231435984373092651e-01,-2.436604164540767670e-02
-3.863228857517242432e-01,1.231435984373092651e-01,-2.436604164540767670e-02
-3.856267631053924561e-01,1.227746680378913879e-01,-2.442821860313415527e-02
-3.856267631053924561e-01,1.227746680378913879e-01,-2.442821860313415527e-02
-3.849314153194427490e-01,1.224062964320182800e-01,-2.449075877666473389e-02
-3.849314153194427490e-01,1.224062964320182800e-01,-2.449075877666473389e-02
-3.842369019985198975e-01,1.220384240150451660e-01,-2.455365285277366638e-02
-3.842369019985198975e-01,1.220384240150451660e-01,-2.455365285277366638e-02
-3.835431635379791260e-01,1.216710805892944336e-01,-2.461690269410610199e-02
-3.835431635379791260e-01,1.216710805892944336e-01,-2.461690269410610199e-02
-3.828502595424652100e-01,1.213042736053466797e-01,-2.468050830066204071e-02
-3.828502595424652100e-01,1.213042736053466797e-01,-2.468050830066204071e-02
-3.821581304073333740e-01,1.209379732608795166e-01,-2.474446967244148254e-02
-3.821581304073333740e-01,1.209379732608795166e-01,-2.474446967244148254e-02
-3.814668953418731689e-01,1.205722093582153320e-01,-2.480878494679927826e-02
-3.814668953418731689e-01,1.205722093582153320e-01,-2.480878494679927826e-02
-3.807764947414398193e-01,1.202069520950317383e-01,-2.487345226109027863e-02
-3.807764947414398193e-01,1.202069520950317383e-01,-2.487345226109027863e-02
-3.800868093967437744e-01,1.198422685265541077e-01,-2.493846789002418518e-02
-3.800868093967437744e-01,1.198422685265541077e-01,-2.493846789002418518e-02
-3.793979287147521973e-01,1.194780766963958740e-01,-2.500383555889129639e-02
-3.793979287147521973e-01,1.194780766963958740e-01,-2.500383555889129639e-02
-3.787098824977874756e-01,1.191144064068794250e-01,-2.506955154240131378e-02
-3.787098824977874756e-01,1.191144064068794250e-01,-2.506955154240131378e-02
-3.780225813388824463e-01,1.187512725591659546e-01,-2.513561397790908813e-02
-3.780225813388824463e-01,1.187512725591659546e-01,-2.513561397790908813e-02
-3.773361146450042725e-01,1.183886677026748657e-01,-2.520201914012432098e-02
-3.773361146450042725e-01,1.183886677026748657e-01,-2.520201914012432098e-02
-3.766504824161529541e-01,1.180265843868255615e-01,-2.526877261698246002e-02
-3.766504824161529541e-01,1.180265843868255615e-01,-2.526877261698246002e-02
-3.759655654430389404e-01,1.176650375127792358e-01,-2.533587254583835602e-02
-3.759655654430389404e-01,1.176650375127792358e-01,-2.533587254583835602e-02
-3.752814233303070068e-01,1.173040047287940979e-01,-2.540331147611141205e-02
-3.752814233303070068e-01,1.173040047287940979e-01,-2.540331147611141205e-02
-3.745980560779571533e-01,1.169435232877731323e-01,-2.547109499573707581e-02
-3.745980560779571533e-01,1.169435232877731323e-01,-2.547109499573707581e-02
-3.739154934883117676e-01,1.165835410356521606e-01,-2.553921937942504883e-02
-3.739154934883117676e-01,1.165835410356521606e-01,-2.553921937942504883e-02
-3.732337057590484619e-01,1.162241101264953613e-01,-2.560768090188503265e-02
-3.732337057590484619e-01,1.162241101264953613e-01,-2.560768090188503265e-02
-3.725526928901672363e-01,1.158652007579803467e-01,-2.567648142576217651e-02
-3.725526928901672363e-01,1.158652007579803467e-01,-2.567648142576217651e-02
-3.718724548816680908e-01,1.155068203806877136e-01,-2.574561908841133118e-02
-3.718724548816680908e-01,1.155068203806877136e-01,-2.574561908841133118e-02
-3.711928725242614746e-01,1.151489466428756714e-01,-2.581509016454219818e-02
-3.711928725242614746e-01,1.151489466428756714e-01,-2.581509016454219818e-02
-3.705141544342041016e-01,1.147916242480278015e-01,-2.588490210473537445e-02
-3.705141544342041016e-01,1.147916242480278015e-01,-2.588490210473537445e-02
-3.698361217975616455e-01,1.144348457455635071e-01,-2.595504187047481537e-02
-3.698361217975616455e-01,1.144348457455635071e-01,-2.595504187047481537e-02
-3.691589236259460449e-01,1.140785664319992065e-01,-2.602551691234111786e-02
-3.691589236259460449e-01,1.140785664319992065e-01,-2.602551691234111786e-02
-3.684823811054229736e-01,1.137228235602378845e-01,-2.609632164239883423e-02
-3.684823811054229736e-01,1.137228235602378845e-01,-2.609632164239883423e-02
-3.678066730499267578e-01,1.133676022291183472e-01,-2.616745419800281525e-02
-3.678066730499267578e-01,1.133676022291183472e-01,-2.616745419800281525e-02
-3.671316504478454590e-01,1.130129322409629822e-01,-2.623892202973365784e-02
-3.671316504478454590e-01,1.130129322409629822e-01,-2.623892202973365784e-02
-3.664574027061462402e-01,1.126587837934494019e-01,-2.631071582436561584e-02
-3.664574027061462402e-01,1.126587837934494019e-01,-2.631071582436561584e-02
-3.657838106155395508e-01,1.123051643371582031e-01,-2.638283558189868927e-02
-3.657838106155395508e-01,1.123051643371582031e-01,-2.638283558189868927e-02
-3.651109933853149414e-01,1.119520738720893860e-01,-2.645528316497802734e-02
-3.651109933853149414e-01,1.119520738720893860e-01,-2.645528316497802734e-02
-3.644389510154724121e-01,1.115995123982429504e-01,-2.652805112302303314e-02
-3.644389510154724121e-01,1.115995123982429504e-01,-2.652805112302303314e-02
-3.637676239013671875e-01,1.112474948167800903e-01,-2.660114318132400513e-02
-3.637676239013671875e-01,1.112474948167800903e-01,-2.660114318132400513e-02
-3.630969226360321045e-01,1.108959838747978210e-01,-2.667455747723579407e-02
-3.630969226360321045e-01,1.108959838747978210e-01,-2.667455747723579407e-02
-3.624269962310791016e-01,1.105450093746185303e-01,-2.674829214811325073e-02
-3.624269962310791016e-01,1.105450093746185303e-01,-2.674829214811325073e-02
-3.617578446865081787e-01,1.101945787668228149e-01,-2.682235091924667358e-02
-3.617578446865081787e-01,1.101945787668228149e-01,-2.682235091924667358e-02
-3.610893487930297852e-01,1.098446696996688843e-01,-2.689672634005546570e-02
-3.610893487930297852e-01,1.098446696996688843e-01,-2.689672634005546570e-02
-3.604215681552886963e-01,1.094952970743179321e-01,-2.697141654789447784e-02
-3.604215681552886963e-01,1.094952970743179321e-01,-2.697141654789447784e-02
-3.597544729709625244e-01,1.091464534401893616e-01,-2.704643085598945618e-02
-3.597544729709625244e-01,1.091464534401893616e-01,-2.704643085598945618e-02
-3.590880632400512695e-01,1.087981462478637695e-01,-2.712175436317920685e-02
-3.590880632400512695e-01,1.087981462478637695e-01,-2.712175436317920685e-02
-3.584224283695220947e-01,1.084503680467605591e-01,-2.719739265739917755e-02
-3.584224283695220947e-01,1.084503680467605591e-01,-2.719739265739917755e-02
-3.577574193477630615e-01,1.081031188368797302e-01,-2.727334387600421906e-02
-3.577574193477630615e-01,1.081031188368797302e-01,-2.727334387600421906e-02
-3.570930957794189453e-01,1.077564060688018799e-01,-2.734960988163948059e-02
-3.570930957794189453e-01,1.077564060688018799e-01,-2.734960988163948059e-02
-3.564294874668121338e-01,1.074102148413658142e-01,-2.742618322372436523e-02
-3.564294874668121338e-01,1.074102148413658142e-01,-2.742618322372436523e-02
-3.557665646076202393e-01,1.070645749568939209e-01,-2.750306576490402222e-02
-3.557665646076202393e-01,1.070645749568939209e-01,-2.750306576490402222e-02
-3.551043272018432617e-01,1.067194417119026184e-01,-2.758026309311389923e-02
-3.551043272018432617e-01,1.067194417119026184e-01,-2.758026309311389923e-02
-3.544427454471588135e-01,1.063748598098754883e-01,-2.765776030719280243e-02
-3.544427454471588135e-01,1.063748598098754883e-01,-2.765776030719280243e-02
-3.537818789482116699e-01,1.060308292508125305e-01,-2.773556672036647797e-02
-3.537818789482116699e-01,1.060308292508125305e-01,-2.773556672036647797e-02
-3.531216681003570557e-01,1.056873053312301636e-01,-2.781368046998977661e-02
-3.531216681003570557e-01,1.056873053312301636e-01,-2.781368046998977661e-02
-3.524620831012725830e-01,1.053443178534507751e-01,-2.789209596812725067e-02
-3.524620831012725830e-01,1.053443178534507751e-01,-2.789209596812725067e-02
-3.518031835556030273e-01,1.050018742680549622e-01,-2.797081321477890015e-02
-3.518031835556030273e-01,1.050018742680549622e-01,-2.797081321477890015e-02
-3.511449992656707764e-01,1.046599671244621277e-01,-2.804983407258987427e-02
-3.511449992656707764e-01,1.046599671244621277e-01,-2.804983407258987427e-02
-3.504874110221862793e-01,1.043185740709304810e-01,-2.812915481626987457e-02
-3.504874110221862793e-01,1.043185740709304810e-01,-2.812915481626987457e-02
-3.498304784297943115e-01,1.039777323603630066e-01,-2.820877358317375183e-02
-3.498304784297943115e-01,1.039777323603630066e-01,-2.820877358317375183e-02
-3.491742312908172607e-01,1.036374121904373169e-01,-2.828869223594665527e-02
-3.491742312908172607e-01,1.036374121904373169e-01,-2.828869223594665527e-02
-3.485185801982879639e-01,1.032976433634757996e-01,-2.836890704929828644e-02
-3.485185801982879639e-01,1.032976433634757996e-01,-2.836890704929828644e-02
-3.478636145591735840e-01,1.029584109783172607e-01,-2.844942174851894379e-02
-3.478636145591735840e-01,1.029584109783172607e-01,-2.844942174851894379e-02
-3.472093045711517334e-01,1.026196852326393127e-01,-2.853022515773773193e-02
-3.472093045711517334e-01,1.026196852326393127e-01,-2.853022515773773193e-02
-3.465555906295776367e-01,1.022815182805061340e-01,-2.861132100224494934e-02
-3.465555906295776367e-01,1.022815182805061340e-01,-2.861132100224494934e-02
-3.459025323390960693e-01,1.019438803195953369e-01,-2.869271673262119293e-02
-3.459025323390960693e-01,1.019438803195953369e-01,-2.869271673262119293e-02
-3.452501296997070312e-01,1.016067788004875183e-01,-2.877440303564071655e-02
-3.452501296997070312e-01,1.016067788004875183e-01,-2.877440303564071655e-02
-3.445983231067657471e-01,1.012702211737632751e-01,-2.885637432336807251e-02
-3.445983231067657471e-01,1.012702211737632751e-01,-2.885637432336807251e-02
-3.439471125602722168e-01,1.009341850876808167e-01,-2.893863990902900696e-02
-3.439471125602722168e-01,1.009341850876808167e-01,-2.893863990902900696e-02
-3.432965874671936035e-01,1.005986928939819336e-01,-2.902118861675262451e-02
-3.432965874671936035e-01,1.005986928939819336e-01,-2.902118861675262451e-02
-3.426466286182403564e-01,1.002637296915054321e-01,-2.910402417182922363e-02
-3.426466286182403564e-01,1.002637296915054321e-01,-2.910402417182922363e-02
-3.419972658157348633e-01,9.992930293083190918e-02,-2.918714657425880432e-02
-3.419972658157348633e-01,9.992930293083190918e-02,-2.918714657425880432e-02
-3.413485586643218994e-01,9.959542751312255859e-02,-2.927055209875106812e-02
-3.413485586643218994e-01,9.959542751312255859e-02,-2.927055209875106812e-02
-3.407004773616790771e-01,9.926208108663558960e-02,-2.935424633324146271e-02
-3.407004773616790771e-01,9.926208108663558960e-02,-2.935424633324146271e-02
-3.400529623031616211e-01,9.892927110195159912e-02,-2.943821996450424194e-02
-3.400529623031616211e-01,9.892927110195159912e-02,-2.943821996450424194e-02
-3.394061028957366943e-01,9.859699755907058716e-02,-2.952247112989425659e-02
-3.394061028957366943e-01,9.859699755907058716e-02,-2.952247112989425659e-02
-3.387598097324371338e-01,9.826525300741195679e-02,-2.960700541734695435e-02
-3.387598097324371338e-01,9.826525300741195679e-02,-2.960700541734695435e-02
-3.381140828132629395e-01,9.793406724929809570e-02,-2.969182096421718597e-02
-3.381140828132629395e-01,9.793406724929809570e-02,-2.969182096421718597e-02
-3.374689519405364990e-01,9.760340303182601929e-02,-2.977690845727920532e-02
-3.374689519405364990e-01,9.760340303182601929e-02,-2.977690845727920532e-02
-3.368243873119354248e-01,9.727327525615692139e-02,-2.986227907240390778e-02
-3.368243873119354248e-01,9.727327525615692139e-02,-2.986227907240390778e-02
-3.361804783344268799e-01,9.694369137287139893e-02,-2.994791977107524872e-02
-3.361804783344268799e-01,9.694369137287139893e-02,-2.994791977107524872e-02
-3.355371057987213135e-01,9.661465138196945190e-02,-3.003383614122867584e-02
-3.355371057987213135e-01,9.661465138196945190e-02,-3.003383614122867584e-02
-3.348943293094635010e-01,9.628614783287048340e-02,-3.012003004550933838e-02
-3.348943293094635010e-01,9.628614783287048340e-02,-3.012003004550933838e-02
-3.342521190643310547e-01,9.595818817615509033e-02,-3.020648658275604248e-02
-3.342521190643310547e-01,9.595818817615509033e-02,-3.020648658275604248e-02
-3.336104750633239746e-01,9.563075006008148193e-02,-3.029322065412998199e-02
-3.336104750633239746e-01,9.563075006008148193e-02,-3.029322065412998199e-02
-3.329693973064422607e-01,9.530386328697204590e-02,-3.038022294640541077e-02
-3.329693973064422607e-01,9.530386328697204590e-02,-3.038022294640541077e-02
-3.323289155960083008e-01,9.497750550508499146e-02,-3.046749159693717957e-02
-3.323289155960083008e-01,9.497750550508499146e-02,-3.046749159693717957e-02
-3.316889405250549316e-01,9.465169906616210938e-02,-3.055503219366073608e-02
-3.316889405250549316e-01,9.465169906616210938e-02,-3.055503219366073608e-02
-3.310495615005493164e-01,9.432642906904220581e-02,-3.064283728599548340e-02
-3.310495615005493164e-01,9.432642906904220581e-02,-3.064283728599548340e-02
-3.304106891155242920e-01,9.400168806314468384e-02,-3.073090314865112305e-02
-3.304106891155242920e-01,9.400168806314468384e-02,-3.073090314865112305e-02
-3.297724425792694092e-01,9.367750585079193115e-02,-3.081923536956310272e-02
-3.297724425792694092e-01,9.367750585079193115e-02,-3.081923536956310272e-02
-3.291347026824951172e-01,9.335384517908096313e-02,-3.090782836079597473e-02
-3.291347026824951172e-01,9.335384517908096313e-02,-3.090782836079597473e-02
-3.284974992275238037e-01,9.303072839975357056e-02,-3.099669143557548523e-02
-3.284974992275238037e-01,9.303072839975357056e-02,-3.099669143557548523e-02
-3.278608322143554688e-01,9.270815551280975342e-02,-3.108581155538558960e-02
-3.278608322143554688e-01,9.270815551280975342e-02,-3.108581155538558960e-02
-3.272247314453125000e-01,9.238611161708831787e-02,-3.117518872022628784e-02
-3.272247314453125000e-01,9.238611161708831787e-02,-3.117518872022628784e-02
-3.265891671180725098e-01,9.206463396549224854e-02,-3.126482293009757996e-02
-3.265891671180725098e-01,9.206463396549224854e-02,-3.126482293009757996e-02
-3.259540796279907227e-01,9.174369275569915771e-02,-3.135471418499946594e-02
-3.259540796279907227e-01,9.174369275569915771e-02,-3.135471418499946594e-02
-3.253195881843566895e-01,9.142328798770904541e-02,-3.144485875964164734e-02
-3.253195881843566895e-01,9.142328798770904541e-02,-3.144485875964164734e-02
-3.246856033802032471e-01,9.110341221094131470e-02,-3.153526782989501953e-02
-3.246856033802032471e-01,9.110341221094131470e-02,-3.153526782989501953e-02
-3.240520954132080078e-01,9.078408032655715942e-02,-3.162592649459838867e-02
-3.240520954132080078e-01,9.078408032655715942e-02,-3.162592649459838867e-02
-3.234191834926605225e-01,9.046531468629837036e-02,-3.171683475375175476e-02
-3.234191834926605225e-01,9.046531468629837036e-02,-3.171683475375175476e-02
-3.227867186069488525e-01,9.014706313610076904e-02,-3.180799633264541626e-02
-3.227867186069488525e-01,9.014706313610076904e-02,-3.180799633264541626e-02
-3.221548199653625488e-01,8.982936292886734009e-02,-3.189940378069877625e-02
-3.221548199653625488e-01,8.982936292886734009e-02,-3.189940378069877625e-02
-3.215233981609344482e-01,8.951221406459808350e-02,-3.199106454849243164e-02
-3.215233981609344482e-01,8.951221406459808350e-02,-3.199106454849243164e-02
-3.208924531936645508e-01,8.919559419155120850e-02,-3.208297491073608398e-02
-3.208924531936645508e-01,8.919559419155120850e-02,-3.208297491073608398e-02
-3.202620446681976318e-01,8.887952566146850586e-02,-3.217512741684913635e-02
-3.202620446681976318e-01,8.887952566146850586e-02,-3.217512741684913635e-02
-3.196321427822113037e-01,8.856399357318878174e-02,-3.226752951741218567e-02
-3.196321427822113037e-01,8.856399357318878174e-02,-3.226752951741218567e-02
-3.190026879310607910e-01,8.824899792671203613e-02,-3.236017376184463501e-02
-3.190026879310607910e-01,8.824899792671203613e-02,-3.236017376184463501e-02
-3.183737695217132568e-01,8.793455362319946289e-02,-3.245306015014648438e-02
-3.183737695217132568e-01,8.793455362319946289e-02,-3.245306015014648438e-02
-3.177452683448791504e-01,8.762065321207046509e-02,-3.254619240760803223e-02
-3.177452683448791504e-01,8.762065321207046509e-02,-3.254619240760803223e-02
-3.171173334121704102e-01,8.730730414390563965e-02,-3.263956680893898010e-02
-3.171173334121704102e-01,8.730730414390563965e-02,-3.263956680893898010e-02
-3.164898455142974854e-01,8.699449896812438965e-02,-3.273317590355873108e-02
-3.164898455142974854e-01,8.699449896812438965e-02,-3.273317590355873108e-02
-3.158628642559051514e-01,8.668222278356552124e-02,-3.282702341675758362e-02
-3.158628642559051514e-01,8.668222278356552124e-02,-3.282702341675758362e-02
-3.152363002300262451e-01,8.637049794197082520e-02,-3.292111307382583618e-02
-3.152363002300262451e-01,8.637049794197082520e-02,-3.292111307382583618e-02
-3.146102726459503174e-01,8.605931699275970459e-02,-3.301543369889259338e-02
-3.146102726459503174e-01,8.605931699275970459e-02,-3.301543369889259338e-02
-3.139846920967102051e-01,8.574867993593215942e-02,-3.310999646782875061e-02
-3.139846920967102051e-01,8.574867993593215942e-02,-3.310999646782875061e-02
-3.133595287799835205e-01,8.543859422206878662e-02,-3.320479020476341248e-02
-3.133595287799835205e-01,8.543859422206878662e-02,-3.320479020476341248e-02
-3.127348721027374268e-01,8.512905240058898926e-02,-3.329981863498687744e-02
-3.127348721027374268e-01,8.512905240058898926e-02,-3.329981863498687744e-02
-3.121106624603271484e-01,8.482004702091217041e-02,-3.339507430791854858e-02
-3.121106624603271484e-01,8.482004702091217041e-02,-3.339507430791854858e-02
-3.114869296550750732e-01,8.451158553361892700e-02,-3.349056467413902283e-02
-3.114869296550750732e-01,8.451158553361892700e-02,-3.349056467413902283e-02
-3.108636438846588135e-01,8.420367538928985596e-02,-3.358628600835800171e-02
-3.108636438846588135e-01,8.420367538928985596e-02,-3.358628600835800171e-02
-3.102407753467559814e-01,8.389630913734436035e-02,-3.368223458528518677e-02
-3.102407753467559814e-01,8.389630913734436035e-02,-3.368223458528518677e-02
-3.096183538436889648e-01,8.358948677778244019e-02,-3.377841040492057800e-02
-3.096183538436889648e-01,8.358948677778244019e-02,-3.377841040492057800e-02
-3.089963793754577637e-01,8.328322321176528931e-02,-3.387480974197387695e-02
-3.089963793754577637e-01,8.328322321176528931e-02,-3.387480974197387695e-02
-3.083748221397399902e-01,8.297748863697052002e-02,-3.397143259644508362e-02
-3.083748221397399902e-01,8.297748863697052002e-02,-3.397143259644508362e-02
-3.077537417411804199e-01,8.267231285572052002e-02,-3.406828641891479492e-02
-3.077537417411804199e-01,8.267231285572052002e-02,-3.406828641891479492e-02
-3.071330785751342773e-01,8.236767351627349854e-02,-3.416535630822181702e-02
-3.071330785751342773e-01,8.236767351627349854e-02,-3.416535630822181702e-02
-3.065128624439239502e-01,8.206360042095184326e-02,-3.426265344023704529e-02
-3.065128624439239502e-01,8.206360042095184326e-02,-3.426265344023704529e-02
-3.058930635452270508e-01,8.176004886627197266e-02,-3.436017036437988281e-02
-3.058930635452270508e-01,8.176004886627197266e-02,-3.436017036437988281e-02
-3.052736818790435791e-01,8.145704865455627441e-02,-3.445790335536003113e-02
-3.052736818790435791e-01,8.145704865455627441e-02,-3.445790335536003113e-02
-3.046546876430511475e-01,8.115460723638534546e-02,-3.455585613846778870e-02
-3.046546876430511475e-01,8.115460723638534546e-02,-3.455585613846778870e-02
-3.040361106395721436e-01,8.085270226001739502e-02,-3.465402498841285706e-02
-3.040361106395721436e-01,8.085270226001739502e-02,-3.465402498841285706e-02
-3.034179806709289551e-01,8.055135607719421387e-02,-3.475241363048553467e-02
-3.034179806709289551e-01,8.055135607719421387e-02,-3.475241363048553467e-02
-3.028002679347991943e-01,8.025054633617401123e-02,-3.485101461410522461e-02
-3.028002679347991943e-01,8.025054633617401123e-02,-3.485101461410522461e-02
-3.021829128265380859e-01,7.995029538869857788e-02,-3.494982793927192688e-02
-3.021829128265380859e-01,7.995029538869857788e-02,-3.494982793927192688e-02
-3.015659749507904053e-01,7.965058833360671997e-02,-3.504885360598564148e-02
-3.015659749507904053e-01,7.965058833360671997e-02,-3.504885360598564148e-02
-3.009493947029113770e-01,7.935142517089843750e-02,-3.514809161424636841e-02
-3.009493947029113770e-01,7.935142517089843750e-02,-3.514809161424636841e-02
-3.003333210945129395e-01,7.905282080173492432e-02,-3.524754196405410767e-02
-3.003333210945129395e-01,7.905282080173492432e-02,-3.524754196405410767e-02
-2.997175455093383789e-01,7.875475287437438965e-02,-3.534719720482826233e-02
-2.997175455093383789e-01,7.875475287437438965e-02,-3.534719720482826233e-02
-2.991022169589996338e-01,7.845724374055862427e-02,-3.544706478714942932e-02
-2.991022169589996338e-01,7.845724374055862427e-02,-3.544706478714942932e-02
-2.984871864318847656e-01,7.816026359796524048e-02,-3.554713353514671326e-02
-2.984871864318847656e-01,7.816026359796524048e-02,-3.554713353514671326e-02
-2.978726327419281006e-01,7.786385715007781982e-02,-3.564741462469100952e-02
-2.978726327419281006e-01,7.786385715007781982e-02,-3.564741462469100952e-02
-2.972583770751953125e-01,7.756797969341278076e-02,-3.574789315462112427e-02
-2.972583770751953125e-01,7.756797969341278076e-02,-3.574789315462112427e-02
-2.966445684432983398e-01,7.727266848087310791e-02,-3.584858030080795288e-02
-2.966445684432983398e-01,7.727266848087310791e-02,-3.584858030080795288e-02
-2.960310876369476318e-01,7.697790116071701050e-02,-3.594946488738059998e-02
-2.960310876369476318e-01,7.697790116071701050e-02,-3.594946488738059998e-02
-2.954179644584655762e-01,7.668367773294448853e-02,-3.605055436491966248e-02
-2.954179644584655762e-01,7.668367773294448853e-02,-3.605055436491966248e-02
-2.948052287101745605e-01,7.639001309871673584e-02,-3.615184500813484192e-02
-2.948052287101745605e-01,7.639001309871673584e-02,-3.615184500813484192e-02
-2.941928505897521973e-01,7.609689980745315552e-02,-3.625332936644554138e-02
-2.941928505897521973e-01,7.609689980745315552e-02,-3.625332936644554138e-02
-2.935808300971984863e-01,7.580433040857315063e-02,-3.635501489043235779e-02
-2.935808300971984863e-01,7.580433040857315063e-02,-3.635501489043235779e-02
-2.929691374301910400e-01,7.551231235265731812e-02,-3.645689412951469421e-02
-2.929691374301910400e-01,7.551231235265731812e-02,-3.645689412951469421e-02
-2.923578619956970215e-01,7.522085309028625488e-02,-3.655897080898284912e-02
-2.923578619956970215e-01,7.522085309028625488e-02,-3.655897080898284912e-02
-2.917469143867492676e-01,7.492993772029876709e-02,-3.666124492883682251e-02
-2.917469143867492676e-01,7.492993772029876709e-02,-3.666124492883682251e-02
-2.911362349987030029e-01,7.463956624269485474e-02,-3.676370531320571899e-02
-2.911362349987030029e-01,7.463956624269485474e-02,-3.676370531320571899e-02
-2.905260026454925537e-01,7.434976100921630859e-02,-3.686636313796043396e-02
-2.905260026454925537e-01,7.434976100921630859e-02,-3.686636313796043396e-02
-2.899160683155059814e-01,7.406049966812133789e-02,-3.696921095252037048e-02
-2.899160683155059814e-01,7.406049966812133789e-02,-3.696921095252037048e-02
-2.893064320087432861e-01,7.377178221940994263e-02,-3.707224503159523010e-02
-2.893064320087432861e-01,7.377178221940994263e-02,-3.707224503159523010e-02
-2.886971533298492432e-01,7.348363101482391357e-02,-3.717547282576560974e-02
-2.886971533298492432e-01,7.348363101482391357e-02,-3.717547282576560974e-02
-2.880882024765014648e-01,7.319602370262145996e-02,-3.727888315916061401e-02
-2.880882024765014648e-01,7.319602370262145996e-02,-3.727888315916061401e-02
-2.874795794486999512e-01,7.290896773338317871e-02,-3.738247975707054138e-02
-2.874795794486999512e-01,7.290896773338317871e-02,-3.738247975707054138e-02
-2.868712544441223145e-01,7.262246310710906982e-02,-3.748626634478569031e-02
-2.868712544441223145e-01,7.262246310710906982e-02,-3.748626634478569031e-02
-2.862632870674133301e-01,7.233652472496032715e-02,-3.759023174643516541e-02
-2.862632870674133301e-01,7.233652472496032715e-02,-3.759023174643516541e-02
-2.856556177139282227e-01,7.205112278461456299e-02,-3.769438341259956360e-02
-2.856556177139282227e-01,7.205112278461456299e-02,-3.769438341259956360e-02
-2.850482463836669922e-01,7.176628708839416504e-02,-3.779871761798858643e-02
-2.850482463836669922e-01,7.176628708839416504e-02,-3.779871761798858643e-02
-2.844412028789520264e-01,7.148199528455734253e-02,-3.790322318673133850e-02
-2.844412028789520264e-01,7.148199528455734253e-02,-3.790322318673133850e-02
-2.838344573974609375e-01,7.119825482368469238e-02,-3.800791874527931213e-02
-2.838344573974609375e-01,7.119825482368469238e-02,-3.800791874527931213e-02
-2.832280099391937256e-01,7.091507315635681152e-02,-3.811278939247131348e-02
-2.832280099391937256e-01,7.091507315635681152e-02,-3.811278939247131348e-02
-2.826218605041503906e-01,7.063245028257369995e-02,-3.821783512830734253e-02
-2.826218605041503906e-01,7.063245028257369995e-02,-3.821783512830734253e-02
-2.820159792900085449e-01,7.035037130117416382e-02,-3.832305595278739929e-02
-2.820159792900085449e-01,7.035037130117416382e-02,-3.832305595278739929e-02
-2.814104557037353516e-01,7.006885111331939697e-02,-3.842845186591148376e-02
-2.814104557037353516e-01,7.006885111331939697e-02,-3.842845186591148376e-02
-2.808051705360412598e-01,6.978788226842880249e-02,-3.853402659296989441e-02
-2.808051705360412598e-01,6.978788226842880249e-02,-3.853402659296989441e-02
-2.802001535892486572e-01,6.950747221708297729e-02,-3.863976895809173584e-02
-2.802001535892486572e-01,6.950747221708297729e-02,-3.863976895809173584e-02
-2.795954644680023193e-01,6.922761350870132446e-02,-3.874568268656730652e-02
-2.795954644680023193e-01,6.922761350870132446e-02,-3.874568268656730652e-02
-2.789910733699798584e-01,6.894830614328384399e-02,-3.885176777839660645e-02
-2.789910733699798584e-01,6.894830614328384399e-02,-3.885176777839660645e-02
-2.783868908882141113e-01,6.866956502199172974e-02,-3.895802423357963562e-02
-2.783868908882141113e-01,6.866956502199172974e-02,-3.895802423357963562e-02
-2.777830064296722412e-01,6.839136779308319092e-02,-3.906444460153579712e-02
-2.777830064296722412e-01,6.839136779308319092e-02,-3.906444460153579712e-02
-2.771794199943542480e-01,6.811373680830001831e-02,-3.917103260755538940e-02
-2.771794199943542480e-01,6.811373680830001831e-02,-3.917103260755538940e-02
-2.765760421752929688e-01,6.783665716648101807e-02,-3.927778452634811401e-02
-2.765760421752929688e-01,6.783665716648101807e-02,-3.927778452634811401e-02
-2.759729623794555664e-01,6.756012886762619019e-02,-3.938470780849456787e-02
-2.759729623794555664e-01,6.756012886762619019e-02,-3.938470780849456787e-02
-2.753701210021972656e-01,6.728415191173553467e-02,-3.949178755283355713e-02
-2.753701210021972656e-01,6.728415191173553467e-02,-3.949178755283355713e-02
-2.747674882411956787e-01,6.700873374938964844e-02,-3.959903120994567871e-02
-2.747674882411956787e-01,6.700873374938964844e-02,-3.959903120994567871e-02
-2.741652131080627441e-01,6.673388183116912842e-02,-3.970643505454063416e-02
-2.741652131080627441e-01,6.673388183116912842e-02,-3.970643505454063416e-02
-2.735631167888641357e-01,6.645958125591278076e-02,-3.981400281190872192e-02
-2.735631167888641357e-01,6.645958125591278076e-02,-3.981400281190872192e-02
-2.729613184928894043e-01,6.618583202362060547e-02,-3.992172703146934509e-02
-2.729613184928894043e-01,6.618583202362060547e-02,-3.992172703146934509e-02
-2.723596990108489990e-01,6.591264158487319946e-02,-4.002960771322250366e-02
-2.723596990108489990e-01,6.591264158487319946e-02,-4.002960771322250366e-02
-2.717583477497100830e-01,6.564000993967056274e-02,-4.013764485716819763e-02
-2.717583477497100830e-01,6.564000993967056274e-02,-4.013764485716819763e-02
-2.711572349071502686e-01,6.536792963743209839e-02,-4.024583846330642700e-02
-2.711572349071502686e-01,6.536792963743209839e-02,-4.024583846330642700e-02
-2.705563306808471680e-01,6.509641557931900024e-02,-4.035418480634689331e-02
-2.705563306808471680e-01,6.509641557931900024e-02,-4.035418480634689331e-02
-2.699556648731231689e-01,6.482546031475067139e-02,-4.046268388628959656e-02
-2.699556648731231689e-01,6.482546031475067139e-02,-4.046268388628959656e-02
-2.693552374839782715e-01,6.455505639314651489e-02,-4.057133942842483521e-02
-2.693552374839782715e-01,6.455505639314651489e-02,-4.057133942842483521e-02
-2.687550187110900879e-01,6.428521126508712769e-02,-4.068014398217201233e-02
-2.687550187110900879e-01,6.428521126508712769e-02,-4.068014398217201233e-02
-2.681550383567810059e-01,6.401591747999191284e-02,-4.078909754753112793e-02
-2.681550383567810059e-01,6.401591747999191284e-02,-4.078909754753112793e-02
-2.675552666187286377e-01,6.374719738960266113e-02,-4.089819639921188354e-02
-2.675552666187286377e-01,6.374719738960266113e-02,-4.089819639921188354e-02
-2.669556736946105957e-01,6.347902119159698486e-02,-4.100744426250457764e-02
-2.669556736946105957e-01,6.347902119159698486e-02,-4.100744426250457764e-02
-2.663563191890716553e-01,6.321141868829727173e-02,-4.111683741211891174e-02
-2.663563191890716553e-01,6.321141868829727173e-02,-4.111683741211891174e-02
-2.657571434974670410e-01,6.294436007738113403e-02,-4.122637957334518433e-02
-2.657571434974670410e-01,6.294436007738113403e-02,-4.122637957334518433e-02
-2.651581764221191406e-01,6.267786771059036255e-02,-4.133606329560279846e-02
-2.651581764221191406e-01,6.267786771059036255e-02,-4.133606329560279846e-02
-2.645594477653503418e-01,6.241193413734436035e-02,-4.144588857889175415e-02
-2.645594477653503418e-01,6.241193413734436035e-02,-4.144588857889175415e-02
-2.639608681201934814e-01,6.214655563235282898e-02,-4.155586287379264832e-02
-2.639608681201934814e-01,6.214655563235282898e-02,-4.155586287379264832e-02
-2.633624672889709473e-01,6.188173964619636536e-02,-4.166596382856369019e-02
-2.633624672889709473e-01,6.188173964619636536e-02,-4.166596382856369019e-02
-2.627643346786499023e-01,6.161748617887496948e-02,-4.177621752023696899e-02
-2.627643346786499023e-01,6.161748617887496948e-02,-4.177621752023696899e-02
-2.621663212776184082e-01,6.135379150509834290e-02,-4.188660159707069397e-02
-2.621663212776184082e-01,6.135379150509834290e-02,-4.188660159707069397e-02
-2.615684866905212402e-01,6.109065562486648560e-02,-4.199712350964546204e-02
-2.615684866905212402e-01,6.109065562486648560e-02,-4.199712350964546204e-02
-2.609708607196807861e-01,6.082807853817939758e-02,-4.210777953267097473e-02
-2.609708607196807861e-01,6.082807853817939758e-02,-4.210777953267097473e-02
-2.603733539581298828e-01,6.056606397032737732e-02,-4.221857339143753052e-02
-2.603733539581298828e-01,6.056606397032737732e-02,-4.221857339143753052e-02
-2.597760856151580811e-01,6.030460819602012634e-02,-4.232950508594512939e-02
-2.597760856151580811e-01,6.030460819602012634e-02,-4.232950508594512939e-02
-2.591789662837982178e-01,6.004370748996734619e-02,-4.244056344032287598e-02
-2.591789662837982178e-01,6.004370748996734619e-02,-4.244056344032287598e-02
-2.585819959640502930e-01,5.978337675333023071e-02,-4.255175590515136719e-02
-2.585819959640502930e-01,5.978337675333023071e-02,-4.255175590515136719e-02
-2.579851746559143066e-01,5.952359735965728760e-02,-4.266307502985000610e-02
-2.579851746559143066e-01,5.952359735965728760e-02,-4.266307502985000610e-02
-2.573885619640350342e-01,5.926439166069030762e-02,-4.277452826499938965e-02
-2.573885619640350342e-01,5.926439166069030762e-02,-4.277452826499938965e-02
-2.567920684814453125e-01,5.900574475526809692e-02,-4.288610443472862244e-02
-2.567920684814453125e-01,5.900574475526809692e-02,-4.288610443472862244e-02
-2.561956942081451416e-01,5.874765291810035706e-02,-4.299780726432800293e-02
-2.561956942081451416e-01,5.874765291810035706e-02,-4.299780726432800293e-02
-2.555995285511016846e-01,5.849013105034828186e-02,-4.310963675379753113e-02
-2.555995285511016846e-01,5.849013105034828186e-02,-4.310963675379753113e-02
-2.550035119056701660e-01,5.823316052556037903e-02,-4.322159290313720703e-02
-2.550035119056701660e-01,5.823316052556037903e-02,-4.322159290313720703e-02
-2.544075846672058105e-01,5.797676369547843933e-02,-4.333367198705673218e-02
-2.544075846672058105e-01,5.797676369547843933e-02,-4.333367198705673218e-02
-2.538118660449981689e-01,5.772092193365097046e-02,-4.344587400555610657e-02
-2.538118660449981689e-01,5.772092193365097046e-02,-4.344587400555610657e-02
-2.532162070274353027e-01,5.746564641594886780e-02,-4.355819523334503174e-02
-2.532162070274353027e-01,5.746564641594886780e-02,-4.355819523334503174e-02
-2.526207268238067627e-01,5.721093341708183289e-02,-4.367063567042350769e-02
-2.526207268238067627e-01,5.721093341708183289e-02,-4.367063567042350769e-02
-2.520253360271453857e-01,5.695677921175956726e-02,-4.378319531679153442e-02
-2.520253360271453857e-01,5.695677921175956726e-02,-4.378319531679153442e-02
-2.514300942420959473e-01,5.670319497585296631e-02,-4.389587417244911194e-02
-2.514300942420959473e-01,5.670319497585296631e-02,-4.389587417244911194e-02
-2.508349716663360596e-01,5.645016208291053772e-02,-4.400866851210594177e-02
-2.508349716663360596e-01,5.645016208291053772e-02,-4.400866851210594177e-02
-2.502399981021881104e-01,5.619769543409347534e-02,-4.412157833576202393e-02
-2.502399981021881104e-01,5.619769543409347534e-02,-4.412157833576202393e-02
-2.496450692415237427e-01,5.594580247998237610e-02,-4.423460364341735840e-02
-2.496450692415237427e-01,5.594580247998237610e-02,-4.423460364341735840e-02
-2.490503042936325073e-01,5.569447204470634460e-02,-4.434774070978164673e-02
-2.490503042936325073e-01,5.569447204470634460e-02,-4.434774070978164673e-02
-2.484556287527084351e-01,5.544369295239448547e-02,-4.446098953485488892e-02
-2.484556287527084351e-01,5.544369295239448547e-02,-4.446098953485488892e-02
-2.478610724210739136e-01,5.519348382949829102e-02,-4.457435011863708496e-02
-2.478610724210739136e-01,5.519348382949829102e-02,-4.457435011863708496e-02
-2.472666054964065552e-01,5.494384840130805969e-02,-4.468781501054763794e-02
-2.472666054964065552e-01,5.494384840130805969e-02,-4.468781501054763794e-02
-2.466722428798675537e-01,5.469476804137229919e-02,-4.480139166116714478e-02
-2.466722428798675537e-01,5.469476804137229919e-02,-4.480139166116714478e-02
-2.460779696702957153e-01,5.444626137614250183e-02,-4.491508379578590393e-02
-2.460779696702957153e-01,5.444626137614250183e-02,-4.491508379578590393e-02
-2.454837858676910400e-01,5.419831722974777222e-02,-4.502886906266212463e-02
-2.454837858676910400e-01,5.419831722974777222e-02,-4.502886906266212463e-02
-2.448896765708923340e-01,5.395092070102691650e-02,-4.514276608824729919e-02
-2.448896765708923340e-01,5.395092070102691650e-02,-4.514276608824729919e-02
-2.442957013845443726e-01,5.370411276817321777e-02,-4.525676742196083069e-02
-2.442957013845443726e-01,5.370411276817321777e-02,-4.525676742196083069e-02
-2.437017709016799927e-01,5.345785245299339294e-02,-4.537086933851242065e-02
-2.437017709016799927e-01,5.345785245299339294e-02,-4.537086933851242065e-02
-2.431079149246215820e-01,5.321216955780982971e-02,-4.548507183790206909e-02
-2.431079149246215820e-01,5.321216955780982971e-02,-4.548507183790206909e-02
-2.425141483545303345e-01,5.296704173088073730e-02,-4.559937864542007446e-02
-2.425141483545303345e-01,5.296704173088073730e-02,-4.559937864542007446e-02
-2.419204264879226685e-01,5.272249877452850342e-02,-4.571378231048583984e-02
-2.419204264879226685e-01,5.272249877452850342e-02,-4.571378231048583984e-02
-2.413268089294433594e-01,5.247850716114044189e-02,-4.582828655838966370e-02
-2.413268089294433594e-01,5.247850716114044189e-02,-4.582828655838966370e-02
-2.407332062721252441e-01,5.223507806658744812e-02,-4.594288021326065063e-02
-2.407332062721252441e-01,5.223507806658744812e-02,-4.594288021326065063e-02
-2.401397228240966797e-01,5.199222639203071594e-02,-4.605757445096969604e-02
-2.401397228240966797e-01,5.199222639203071594e-02,-4.605757445096969604e-02
-2.395462691783905029e-01,5.174992978572845459e-02,-4.617236927151679993e-02
-2.395462691783905029e-01,5.174992978572845459e-02,-4.617236927151679993e-02
-2.389528900384902954e-01,5.150820687413215637e-02,-4.628724977374076843e-02
-2.389528900384902954e-01,5.150820687413215637e-02,-4.628724977374076843e-02
-2.383595257997512817e-01,5.126705393195152283e-02,-4.640222713351249695e-02
-2.383595257997512817e-01,5.126705393195152283e-02,-4.640222713351249695e-02
-2.377662509679794312e-01,5.102646350860595703e-02,-4.651729390025138855e-02
-2.377662509679794312e-01,5.102646350860595703e-02,-4.651729390025138855e-02
-2.371730059385299683e-01,5.078644677996635437e-02,-4.663245379924774170e-02
-2.371730059385299683e-01,5.078644677996635437e-02,-4.663245379924774170e-02
-2.365798056125640869e-01,5.054699629545211792e-02,-4.674769937992095947e-02
-2.365798056125640869e-01,5.054699629545211792e-02,-4.674769937992095947e-02
-2.359866201877593994e-01,5.030810832977294922e-02,-4.686303436756134033e-02
-2.359866201877593994e-01,5.030810832977294922e-02,-4.686303436756134033e-02
-2.353934943675994873e-01,5.006979405879974365e-02,-4.697845876216888428e-02
-2.353934943675994873e-01,5.006979405879974365e-02,-4.697845876216888428e-02
-2.348003834486007690e-01,4.983204230666160583e-02,-4.709395766258239746e-02
-2.348003834486007690e-01,4.983204230666160583e-02,-4.709395766258239746e-02
-2.342073023319244385e-01,4.959486424922943115e-02,-4.720955714583396912e-02
-2.342073023319244385e-01,4.959486424922943115e-02,-4.720955714583396912e-02
-2.336142510175704956e-01,4.935825243592262268e-02,-4.732522740960121155e-02
-2.336142510175704956e-01,4.935825243592262268e-02,-4.732522740960121155e-02
-2.330212295055389404e-01,4.912221059203147888e-02,-4.744098335504531860e-02
-2.330212295055389404e-01,4.912221059203147888e-02,-4.744098335504531860e-02
-2.324282079935073853e-01,4.888672381639480591e-02,-4.755682125687599182e-02
-2.324282079935073853e-01,4.888672381639480591e-02,-4.755682125687599182e-02
-2.318352311849594116e-01,4.865182563662528992e-02,-4.767273738980293274e-02
-2.318352311849594116e-01,4.865182563662528992e-02,-4.767273738980293274e-02
-2.312422245740890503e-01,4.841748252511024475e-02,-4.778873547911643982e-02
-2.312422245740890503e-01,4.841748252511024475e-02,-4.778873547911643982e-02
-2.306492328643798828e-01,4.818372055888175964e-02,-4.790481179952621460e-02
-2.306492328643798828e-01,4.818372055888175964e-02,-4.790481179952621460e-02
-2.300562560558319092e-01,4.795052483677864075e-02,-4.802096262574195862e-02
-2.300562560558319092e-01,4.795052483677864075e-02,-4.802096262574195862e-02
-2.294633239507675171e-01,4.771789163351058960e-02,-4.813718423247337341e-02
-2.294633239507675171e-01,4.771789163351058960e-02,-4.813718423247337341e-02
-2.288703471422195435e-01,4.748584330081939697e-02,-4.825348034501075745e-02
-2.288703471422195435e-01,4.748584330081939697e-02,-4.825348034501075745e-02
-2.282773703336715698e-01,4.725433886051177979e-02,-4.836985096335411072e-02
-2.282773703336715698e-01,4.725433886051177979e-02,-4.836985096335411072e-02
-2.276843786239624023e-01,4.702342674136161804e-02,-4.848629981279373169e-02
-2.276843786239624023e-01,4.702342674136161804e-02,-4.848629981279373169e-02
-2.270913720130920410e-01,4.679308086633682251e-02,-4.860281571745872498e-02
-2.270913720130920410e-01,4.679308086633682251e-02,-4.860281571745872498e-02
-2.264983803033828735e-01,4.656330496072769165e-02,-4.871939867734909058e-02
-2.264983803033828735e-01,4.656330496072769165e-02,-4.871939867734909058e-02
-2.259053587913513184e-01,4.633410647511482239e-02,-4.883605241775512695e-02
-2.259053587913513184e-01,4.633410647511482239e-02,-4.883605241775512695e-02
-2.253122925758361816e-01,4.610546678304672241e-02,-4.895277693867683411e-02
-2.253122925758361816e-01,4.610546678304672241e-02,-4.895277693867683411e-02
-2.247191965579986572e-01,4.587739706039428711e-02,-4.906956478953361511e-02
-2.247191965579986572e-01,4.587739706039428711e-02,-4.906956478953361511e-02
-2.241261154413223267e-01,4.564991220831871033e-02,-4.918641597032546997e-02
-2.241261154413223267e-01,4.564991220831871033e-02,-4.918641597032546997e-02
-2.235329449176788330e-01,4.542298614978790283e-02,-4.930333048105239868e-02
-2.235329449176788330e-01,4.542298614978790283e-02,-4.930333048105239868e-02
-2.229397743940353394e-01,4.519663378596305847e-02,-4.942030459642410278e-02
-2.229397743940353394e-01,4.519663378596305847e-02,-4.942030459642410278e-02
-2.223465591669082642e-01,4.497086256742477417e-02,-4.953734949231147766e-02
-2.223465591669082642e-01,4.497086256742477417e-02,-4.953734949231147766e-02
-2.217533290386199951e-01,4.474565759301185608e-02,-4.965445026755332947e-02
-2.217533290386199951e-01,4.474565759301185608e-02,-4.965445026755332947e-02
-2.211600244045257568e-01,4.452102258801460266e-02,-4.977161064743995667e-02
-2.211600244045257568e-01,4.452102258801460266e-02,-4.977161064743995667e-02
-2.205666750669479370e-01,4.429696500301361084e-02,-4.988883063197135925e-02
-2.205666750669479370e-01,4.429696500301361084e-02,-4.988883063197135925e-02
-2.199732661247253418e-01,4.407348111271858215e-02,-5.000610649585723877e-02
-2.199732661247253418e-01,4.407348111271858215e-02,-5.000610649585723877e-02
-2.193798124790191650e-01,4.385055601596832275e-02,-5.012343078851699829e-02
-2.193798124790191650e-01,4.385055601596832275e-02,-5.012343078851699829e-02
-2.187863141298294067e-01,4.362821951508522034e-02,-5.024081841111183167e-02
-2.187863141298294067e-01,4.362821951508522034e-02,-5.024081841111183167e-02
-2.181927412748336792e-01,4.340645298361778259e-02,-5.035826191306114197e-02
-2.181927412748336792e-01,4.340645298361778259e-02,-5.035826191306114197e-02
-2.175991237163543701e-01,4.318525642156600952e-02,-5.047575384378433228e-02
-2.175991237163543701e-01,4.318525642156600952e-02,-5.047575384378433228e-02
-2.170053869485855103e-01,4.296463355422019958e-02,-5.059329420328140259e-02
-2.170053869485855103e-01,4.296463355422019958e-02,-5.059329420328140259e-02
-2.164116203784942627e-01,4.274458810687065125e-02,-5.071088299155235291e-02
-2.164116203784942627e-01,4.274458810687065125e-02,-5.071088299155235291e-02
-2.158177495002746582e-01,4.252511262893676758e-02,-5.082852393388748169e-02
-2.158177495002746582e-01,4.252511262893676758e-02,-5.082852393388748169e-02
-2.152238339185714722e-01,4.230621084570884705e-02,-5.094621703028678894e-02
-2.152238339185714722e-01,4.230621084570884705e-02,-5.094621703028678894e-02
-2.146298289299011230e-01,4.208789020776748657e-02,-5.106395483016967773e-02
-2.146298289299011230e-01,4.208789020776748657e-02,-5.106395483016967773e-02
-2.140357047319412231e-01,4.187013581395149231e-02,-5.118173733353614807e-02
-2.140357047319412231e-01,4.187013581395149231e-02,-5.118173733353614807e-02
-2.134415358304977417e-01,4.165296256542205811e-02,-5.129956454038619995e-02
-2.134415358304977417e-01,4.165296256542205811e-02,-5.129956454038619995e-02
-2.128472328186035156e-01,4.143635556101799011e-02,-5.141743645071983337e-02
-2.128472328186035156e-01,4.143635556101799011e-02,-5.141743645071983337e-02
-2.122528702020645142e-01,4.122033342719078064e-02,-5.153534933924674988e-02
-2.122528702020645142e-01,4.122033342719078064e-02,-5.153534933924674988e-02
-2.116583883762359619e-01,4.100488126277923584e-02,-5.165329948067665100e-02
-2.116583883762359619e-01,4.100488126277923584e-02,-5.165329948067665100e-02
-2.110638171434402466e-01,4.079000651836395264e-02,-5.177129060029983521e-02
-2.110638171434402466e-01,4.079000651836395264e-02,-5.177129060029983521e-02
-2.104691565036773682e-01,4.057570546865463257e-02,-5.188932642340660095e-02
-2.104691565036773682e-01,4.057570546865463257e-02,-5.188932642340660095e-02
-2.098743617534637451e-01,4.036198183894157410e-02,-5.200739577412605286e-02
-2.098743617534637451e-01,4.036198183894157410e-02,-5.200739577412605286e-02
-2.092794626951217651e-01,4.014883190393447876e-02,-5.212550610303878784e-02
-2.092794626951217651e-01,4.014883190393447876e-02,-5.212550610303878784e-02
-2.086844295263290405e-01,3.993625938892364502e-02,-5.224363878369331360e-02
-2.086844295263290405e-01,3.993625938892364502e-02,-5.224363878369331360e-02
-2.080893069505691528e-01,3.972425684332847595e-02,-5.236181989312171936e-02
-2.080893069505691528e-01,3.972425684332847595e-02,-5.236181989312171936e-02
-2.074940651655197144e-01,3.951284289360046387e-02,-5.248002707958221436e-02
-2.074940651655197144e-01,3.951284289360046387e-02,-5.248002707958221436e-02
-2.068986743688583374e-01,3.930199518799781799e-02,-5.259826779365539551e-02
-2.068986743688583374e-01,3.930199518799781799e-02,-5.259826779365539551e-02
-2.063031494617462158e-01,3.909173235297203064e-02,-5.271653831005096436e-02
-2.063031494617462158e-01,3.909173235297203064e-02,-5.271653831005096436e-02
-2.057075053453445435e-01,3.888204321265220642e-02,-5.283483862876892090e-02
-2.057075053453445435e-01,3.888204321265220642e-02,-5.283483862876892090e-02
-2.051117569208145142e-01,3.867293149232864380e-02,-5.295316129922866821e-02
-2.051117569208145142e-01,3.867293149232864380e-02,-5.295316129922866821e-02
-2.045158296823501587e-01,3.846439346671104431e-02,-5.307152122259140015e-02
-2.045158296823501587e-01,3.846439346671104431e-02,-5.307152122259140015e-02
-2.039197534322738647e-01,3.825644031167030334e-02,-5.318990349769592285e-02
-2.039197534322738647e-01,3.825644031167030334e-02,-5.318990349769592285e-02
-2.033235728740692139e-01,3.804906457662582397e-02,-5.330831557512283325e-02
-2.033235728740692139e-01,3.804906457662582397e-02,-5.330831557512283325e-02
-2.027272284030914307e-01,3.784225508570671082e-02,-5.342674627900123596e-02
-2.027272284030914307e-01,3.784225508570671082e-02,-5.342674627900123596e-02
-2.021307200193405151e-01,3.763603046536445618e-02,-5.354520305991172791e-02
-2.021307200193405151e-01,3.763603046536445618e-02,-5.354520305991172791e-02
-2.015340775251388550e-01,3.743038699030876160e-02,-5.366367474198341370e-02
-2.015340775251388550e-01,3.743038699030876160e-02,-5.366367474198341370e-02
-2.009372562170028687e-01,3.722532093524932861e-02,-5.378216505050659180e-02
-2.009372562170028687e-01,3.722532093524932861e-02,-5.378216505050659180e-02
-2.003402858972549438e-01,3.702083602547645569e-02,-5.390068888664245605e-02
-2.003402858972549438e-01,3.702083602547645569e-02,-5.390068888664245605e-02
-1.997431367635726929e-01,3.681692108511924744e-02,-5.401921644806861877e-02
-1.997431367635726929e-01,3.681692108511924744e-02,-5.401921644806861877e-02
-1.991458535194396973e-01,3.661359101533889771e-02,-5.413777008652687073e-02
-1.991458535194396973e-01,3.661359101533889771e-02,-5.413777008652687073e-02
-1.985483467578887939e-01,3.641083836555480957e-02,-5.425633490085601807e-02
-1.985483467578887939e-01,3.641083836555480957e-02,-5.425633490085601807e-02
-1.979506909847259521e-01,3.620866313576698303e-02,-5.437491834163665771e-02
-1.979506909847259521e-01,3.620866313576698303e-02,-5.437491834163665771e-02
-1.973528414964675903e-01,3.600707277655601501e-02,-5.449351295828819275e-02
-1.973528414964675903e-01,3.600707277655601501e-02,-5.449351295828819275e-02
-1.967548280954360962e-01,3.580605611205101013e-02,-5.461211875081062317e-02
-1.967548280954360962e-01,3.580605611205101013e-02,-5.461211875081062317e-02
-1.961566656827926636e-01,3.560562431812286377e-02,-5.473073944449424744e-02
-1.961566656827926636e-01,3.560562431812286377e-02,-5.473073944449424744e-02
-1.955582350492477417e-01,3.540577366948127747e-02,-5.484937131404876709e-02
-1.955582350492477417e-01,3.540577366948127747e-02,-5.484937131404876709e-02
-1.949596703052520752e-01,3.520650416612625122e-02,-5.496800690889358521e-02
-1.949596703052520752e-01,3.520650416612625122e-02,-5.496800690889358521e-02
-1.943608969449996948e-01,3.500780835747718811e-02,-5.508664995431900024e-02
-1.943608969449996948e-01,3.500780835747718811e-02,-5.508664995431900024e-02
-1.937619000673294067e-01,3.480969741940498352e-02,-5.520530045032501221e-02
-1.937619000673294067e-01,3.480969741940498352e-02,-5.520530045032501221e-02
-1.931627541780471802e-01,3.461216390132904053e-02,-5.532396212220191956e-02
-1.931627541780471802e-01,3.461216390132904053e-02,-5.532396212220191956e-02
-1.925633698701858521e-01,3.441521897912025452e-02,-5.544262006878852844e-02
-1.925633698701858521e-01,3.441521897912025452e-02,-5.544262006878852844e-02
-1.919637620449066162e-01,3.421884775161743164e-02,-5.556129291653633118e-02
-1.919637620449066162e-01,3.421884775161743164e-02,-5.556129291653633118e-02
-1.913639754056930542e-01,3.402305766940116882e-02,-5.567995458841323853e-02
-1.913639754056930542e-01,3.402305766940116882e-02,-5.567995458841323853e-02
-1.907639503479003906e-01,3.382785245776176453e-02,-5.579861998558044434e-02
-1.907639503479003906e-01,3.382785245776176453e-02,-5.579861998558044434e-02
-1.901637315750122070e-01,3.363322466611862183e-02,-5.591729283332824707e-02
-1.901637315750122070e-01,3.363322466611862183e-02,-5.591729283332824707e-02
-1.895632892847061157e-01,3.343918919563293457e-02,-5.603595823049545288e-02
-1.895632892847061157e-01,3.343918919563293457e-02,-5.603595823049545288e-02
-1.889625936746597290e-01,3.324572741985321045e-02,-5.615461990237236023e-02
-1.889625936746597290e-01,3.324572741985321045e-02,-5.615461990237236023e-02
-1.883616894483566284e-01,3.305284678936004639e-02,-5.627328157424926758e-02
-1.883616894483566284e-01,3.305284678936004639e-02,-5.627328157424926758e-02
-1.877605617046356201e-01,3.286055102944374084e-02,-5.639194324612617493e-02
-1.877605617046356201e-01,3.286055102944374084e-02,-5.639194324612617493e-02
-1.871591657400131226e-01,3.266884014010429382e-02,-5.651059001684188843e-02
-1.871591657400131226e-01,3.266884014010429382e-02,-5.651059001684188843e-02
-1.865575611591339111e-01,3.247770294547080994e-02,-5.662923306226730347e-02
-1.865575611591339111e-01,3.247770294547080994e-02,-5.662923306226730347e-02
-1.859557032585144043e-01,3.228715807199478149e-02,-5.674786865711212158e-02
-1.859557032585144043e-01,3.228715807199478149e-02,-5.674786865711212158e-02
-1.853536069393157959e-01,3.209719434380531311e-02,-5.686650052666664124e-02
-1.853536069393157959e-01,3.209719434380531311e-02,-5.686650052666664124e-02
-1.847512573003768921e-01,3.190781548619270325e-02,-5.698511749505996704e-02
-1.847512573003768921e-01,3.190781548619270325e-02,-5.698511749505996704e-02
-1.841486394405364990e-01,3.171901777386665344e-02,-5.710371583700180054e-02
-1.841486394405364990e-01,3.171901777386665344e-02,-5.710371583700180054e-02
-1.835457980632781982e-01,3.153080120682716370e-02,-5.722231417894363403e-02
-1.835457980632781982e-01,3.153080120682716370e-02,-5.722231417894363403e-02
-1.829426735639572144e-01,3.134317323565483093e-02,-5.734089016914367676e-02
-1.829426735639572144e-01,3.134317323565483093e-02,-5.734089016914367676e-02
-1.823393106460571289e-01,3.115612640976905823e-02,-5.745945498347282410e-02
-1.823393106460571289e-01,3.115612640976905823e-02,-5.745945498347282410e-02
-1.817356646060943604e-01,3.096966445446014404e-02,-5.757799372076988220e-02
-1.817356646060943604e-01,3.096966445446014404e-02,-5.757799372076988220e-02
-1.811317652463912964e-01,3.078378550708293915e-02,-5.769652500748634338e-02
-1.811317652463912964e-01,3.078378550708293915e-02,-5.769652500748634338e-02
-1.805275827646255493e-01,3.059849329292774200e-02,-5.781503766775131226e-02
-1.805275827646255493e-01,3.059849329292774200e-02,-5.781503766775131226e-02
-1.799231320619583130e-01,3.041378594934940338e-02,-5.793352797627449036e-02
-1.799231320619583130e-01,3.041378594934940338e-02,-5.793352797627449036e-02
-1.793184131383895874e-01,3.022966347634792328e-02,-5.805200338363647461e-02
-1.793184131383895874e-01,3.022966347634792328e-02,-5.805200338363647461e-02
-1.787133812904357910e-01,3.004612959921360016e-02,-5.817044526338577271e-02
-1.787133812904357910e-01,3.004612959921360016e-02,-5.817044526338577271e-02
-1.781080663204193115e-01,2.986317127943038940e-02,-5.828887596726417542e-02
-1.781080663204193115e-01,2.986317127943038940e-02,-5.828887596726417542e-02
-1.775025129318237305e-01,2.968080714344978333e-02,-5.840727686882019043e-02
-1.775025129318237305e-01,2.968080714344978333e-02,-5.840727686882019043e-02
-1.768966317176818848e-01,2.949902229011058807e-02,-5.852565169334411621e-02
-1.768966317176818848e-01,2.949902229011058807e-02,-5.852565169334411621e-02
-1.762904226779937744e-01,2.931782789528369904e-02,-5.864400416612625122e-02
-1.762904226779937744e-01,2.931782789528369904e-02,-5.864400416612625122e-02
-1.756839603185653687e-01,2.913722023367881775e-02,-5.876232311129570007e-02
-1.756839603185653687e-01,2.913722023367881775e-02,-5.876232311129570007e-02
-1.750771999359130859e-01,2.895719185471534729e-02,-5.888061970472335815e-02
-1.750771999359130859e-01,2.895719185471534729e-02,-5.888061970472335815e-02
-1.744701117277145386e-01,2.877775579690933228e-02,-5.899888277053833008e-02
-1.744701117277145386e-01,2.877775579690933228e-02,-5.899888277053833008e-02
-1.738627105951309204e-01,2.859890647232532501e-02,-5.911711230874061584e-02
-1.738627105951309204e-01,2.859890647232532501e-02,-5.911711230874061584e-02
-1.732550412416458130e-01,2.842064201831817627e-02,-5.923531204462051392e-02
-1.732550412416458130e-01,2.842064201831817627e-02,-5.923531204462051392e-02
-1.726470440626144409e-01,2.824296802282333374e-02,-5.935348197817802429e-02
-1.726470440626144409e-01,2.824296802282333374e-02,-5.935348197817802429e-02
-1.720386892557144165e-01,2.806587517261505127e-02,-5.947161093354225159e-02
-1.720386892557144165e-01,2.806587517261505127e-02,-5.947161093354225159e-02
-1.714300364255905151e-01,2.788937278091907501e-02,-5.958971753716468811e-02
-1.714300364255905151e-01,2.788937278091907501e-02,-5.958971753716468811e-02
-1.708210557699203491e-01,2.771346084773540497e-02,-5.970776826143264771e-02
-1.708210557699203491e-01,2.771346084773540497e-02,-5.970776826143264771e-02
-1.702117472887039185e-01,2.753813005983829498e-02,-5.982579663395881653e-02
-1.702117472887039185e-01,2.753813005983829498e-02,-5.982579663395881653e-02
-1.696020960807800293e-01,2.736338973045349121e-02,-5.994378402829170227e-02
-1.696020960807800293e-01,2.736338973045349121e-02,-5.994378402829170227e-02
-1.689921319484710693e-01,2.718924172222614288e-02,-6.006171926856040955e-02
-1.689921319484710693e-01,2.718924172222614288e-02,-6.006171926856040955e-02
-1.683818399906158447e-01,2.701568230986595154e-02,-6.017962098121643066e-02
-1.683818399906158447e-01,2.701568230986595154e-02,-6.017962098121643066e-02
-1.677711755037307739e-01,2.684270031750202179e-02,-6.029748171567916870e-02
-1.677711755037307739e-01,2.684270031750202179e-02,-6.029748171567916870e-02
-1.671601831912994385e-01,2.667031623423099518e-02,-6.041530519723892212e-02
-1.671601831912994385e-01,2.667031623423099518e-02,-6.041530519723892212e-02
-1.665488183498382568e-01,2.649851702153682709e-02,-6.053306907415390015e-02
-1.665488183498382568e-01,2.649851702153682709e-02,-6.053306907415390015e-02
-1.659371554851531982e-01,2.632731013000011444e-02,-6.065079942345619202e-02
-1.659371554851531982e-01,2.632731013000011444e-02,-6.065079942345619202e-02
-1.653250902891159058e-01,2.615669183433055878e-02,-6.076847761869430542e-02
-1.653250902891159058e-01,2.615669183433055878e-02,-6.076847761869430542e-02
-1.647126823663711548e-01,2.598666027188301086e-02,-6.088610738515853882e-02
-1.647126823663711548e-01,2.598666027188301086e-02,-6.088610738515853882e-02
-1.640999019145965576e-01,2.581721544265747070e-02,-6.100369244813919067e-02
-1.640999019145965576e-01,2.581721544265747070e-02,-6.100369244813919067e-02
-1.634867638349533081e-01,2.564836665987968445e-02,-6.112122163176536560e-02
-1.634867638349533081e-01,2.564836665987968445e-02,-6.112122163176536560e-02
-1.628732532262802124e-01,2.548010461032390594e-02,-6.123869493603706360e-02
-1.628732532262802124e-01,2.548010461032390594e-02,-6.123869493603706360e-02
-1.622593849897384644e-01,2.531243674457073212e-02,-6.135612353682518005e-02
-1.622593849897384644e-01,2.531243674457073212e-02,-6.135612353682518005e-02
-1.616451442241668701e-01,2.514535561203956604e-02,-6.147349998354911804e-02
-1.616451442241668701e-01,2.514535561203956604e-02,-6.147349998354911804e-02
-1.610305160284042358e-01,2.497886307537555695e-02,-6.159081310033798218e-02
-1.610305160284042358e-01,2.497886307537555695e-02,-6.159081310033798218e-02
-1.604155004024505615e-01,2.481296285986900330e-02,-6.170807778835296631e-02
-1.604155004024505615e-01,2.481296285986900330e-02,-6.170807778835296631e-02
-1.598000973463058472e-01,2.464765310287475586e-02,-6.182527914643287659e-02
-1.598000973463058472e-01,2.464765310287475586e-02,-6.182527914643287659e-02
-1.591843366622924805e-01,2.448293194174766541e-02,-6.194242462515830994e-02
-1.591843366622924805e-01,2.448293194174766541e-02,-6.194242462515830994e-02
-1.585681587457656860e-01,2.431881055235862732e-02,-6.205951794981956482e-02
-1.585681587457656860e-01,2.431881055235862732e-02,-6.205951794981956482e-02
-1.579515784978866577e-01,2.415527030825614929e-02,-6.217654049396514893e-02
-1.579515784978866577e-01,2.415527030825614929e-02,-6.217654049396514893e-02
-1.573345959186553955e-01,2.399232238531112671e-02,-6.229349598288536072e-02
-1.573345959186553955e-01,2.399232238531112671e-02,-6.229349598288536072e-02
-1.567172259092330933e-01,2.382997050881385803e-02,-6.241040304303169250e-02
-1.567172259092330933e-01,2.382997050881385803e-02,-6.241040304303169250e-02
-1.560994684696197510e-01,2.366820722818374634e-02,-6.252724677324295044e-02
-1.560994684696197510e-01,2.366820722818374634e-02,-6.252724677324295044e-02
-1.554812937974929810e-01,2.350703999400138855e-02,-6.264401227235794067e-02
-1.554812937974929810e-01,2.350703999400138855e-02,-6.264401227235794067e-02
-1.548626869916915894e-01,2.334646321833133698e-02,-6.276071071624755859e-02
-1.548626869916915894e-01,2.334646321833133698e-02,-6.276071071624755859e-02
-1.542436927556991577e-01,2.318648062646389008e-02,-6.287735700607299805e-02
-1.542436927556991577e-01,2.318648062646389008e-02,-6.287735700607299805e-02
-1.536242514848709106e-01,2.302708663046360016e-02,-6.299392133951187134e-02
-1.536242514848709106e-01,2.302708663046360016e-02,-6.299392133951187134e-02
-1.530043929815292358e-01,2.286828495562076569e-02,-6.311041861772537231e-02
-1.530043929815292358e-01,2.286828495562076569e-02,-6.311041861772537231e-02
-1.523841321468353271e-01,2.271007932722568512e-02,-6.322684139013290405e-02
-1.523841321468353271e-01,2.271007932722568512e-02,-6.322684139013290405e-02
-1.517634391784667969e-01,2.255246788263320923e-02,-6.334319710731506348e-02
-1.517634391784667969e-01,2.255246788263320923e-02,-6.334319710731506348e-02
-1.511422991752624512e-01,2.239544503390789032e-02,-6.345948576927185059e-02
-1.511422991752624512e-01,2.239544503390789032e-02,-6.345948576927185059e-02
-1.505207270383834839e-01,2.223902009427547455e-02,-6.357568502426147461e-02
-1.505207270383834839e-01,2.223902009427547455e-02,-6.357568502426147461e-02
-1.498987227678298950e-01,2.208318561315536499e-02,-6.369182467460632324e-02
-1.498987227678298950e-01,2.208318561315536499e-02,-6.369182467460632324e-02
-1.492763012647628784e-01,2.192794345319271088e-02,-6.380788236856460571e-02
-1.492763012647628784e-01,2.192794345319271088e-02,-6.380788236856460571e-02
-1.486533880233764648e-01,2.177330106496810913e-02,-6.392385810613632202e-02
-1.486533880233764648e-01,2.177330106496810913e-02,-6.392385810613632202e-02
-1.480300426483154297e-01,2.161924727261066437e-02,-6.403975188732147217e-02
-1.480300426483154297e-01,2.161924727261066437e-02,-6.403975188732147217e-02
-1.474062502384185791e-01,2.146579138934612274e-02,-6.415557116270065308e-02
-1.474062502384185791e-01,2.146579138934612274e-02,-6.415557116270065308e-02
-1.467820107936859131e-01,2.131292968988418579e-02,-6.427130848169326782e-02
-1.467820107936859131e-01,2.131292968988418579e-02,-6.427130848169326782e-02
-1.461572945117950439e-01,2.116066217422485352e-02,-6.438696384429931641e-02
-1.461572945117950439e-01,2.116066217422485352e-02,-6.438696384429931641e-02
-1.455321460962295532e-01,2.100898697972297668e-02,-6.450253725051879883e-02
-1.455321460962295532e-01,2.100898697972297668e-02,-6.450253725051879883e-02
-1.449065059423446655e-01,2.085791155695915222e-02,-6.461802124977111816e-02
-1.449065059423446655e-01,2.085791155695915222e-02,-6.461802124977111816e-02
-1.442804187536239624e-01,2.070742659270763397e-02,-6.473342329263687134e-02
-1.442804187536239624e-01,2.070742659270763397e-02,-6.473342329263687134e-02
-1.436538547277450562e-01,2.055754140019416809e-02,-6.484873592853546143e-02
-1.436538547277450562e-01,2.055754140019416809e-02,-6.484873592853546143e-02
-1.430267989635467529e-01,2.040824852883815765e-02,-6.496395915746688843e-02
-1.430267989635467529e-01,2.040824852883815765e-02,-6.496395915746688843e-02
-1.423992663621902466e-01,2.025955356657505035e-02,-6.507909297943115234e-02
-1.423992663621902466e-01,2.025955356657505035e-02,-6.507909297943115234e-02
-1.417712718248367310e-01,2.011145092546939850e-02,-6.519414484500885010e-02
-1.417712718248367310e-01,2.011145092546939850e-02,-6.519414484500885010e-02
-1.411427855491638184e-01,1.996394991874694824e-02,-6.530909985303878784e-02
-1.411427855491638184e-01,1.996394991874694824e-02,-6.530909985303878784e-02
-1.405138075351715088e-01,1.981704309582710266e-02,-6.542395800352096558e-02
-1.405138075351715088e-01,1.981704309582710266e-02,-6.542395800352096558e-02
-1.398843377828598022e-01,1.967072859406471252e-02,-6.553872674703598022e-02
-1.398843377828598022e-01,1.967072859406471252e-02,-6.553872674703598022e-02
-1.392543762922286987e-01,1.952501758933067322e-02,-6.565339118242263794e-02
-1.392543762922286987e-01,1.952501758933067322e-02,-6.565339118242263794e-02
-1.386239081621170044e-01,1.937990076839923859e-02,-6.576796621084213257e-02
-1.386239081621170044e-01,1.937990076839923859e-02,-6.576796621084213257e-02
-1.379929482936859131e-01,1.923537813127040863e-02,-6.588245183229446411e-02
-1.379929482936859131e-01,1.923537813127040863e-02,-6.588245183229446411e-02
-1.373614817857742310e-01,1.909145340323448181e-02,-6.599683314561843872e-02
-1.373614817857742310e-01,1.909145340323448181e-02,-6.599683314561843872e-02
-1.367295086383819580e-01,1.894813030958175659e-02,-6.611111015081405640e-02
-1.367295086383819580e-01,1.894813030958175659e-02,-6.611111015081405640e-02
-1.360970288515090942e-01,1.880540139973163605e-02,-6.622529029846191406e-02
-1.360970288515090942e-01,1.880540139973163605e-02,-6.622529029846191406e-02
-1.354640126228332520e-01,1.866327226161956787e-02,-6.633937358856201172e-02
-1.354640126228332520e-01,1.866327226161956787e-02,-6.633937358856201172e-02
-1.348305046558380127e-01,1.852174103260040283e-02,-6.645334511995315552e-02
-1.348305046558380127e-01,1.852174103260040283e-02,-6.645334511995315552e-02
-1.341964453458786011e-01,1.838080398738384247e-02,-6.656721234321594238e-02
-1.341964453458786011e-01,1.838080398738384247e-02,-6.656721234321594238e-02
-1.335618942975997925e-01,1.824046857655048370e-02,-6.668097525835037231e-02
-1.335618942975997925e-01,1.824046857655048370e-02,-6.668097525835037231e-02
-1.329268068075180054e-01,1.810072921216487885e-02,-6.679464131593704224e-02
-1.329268068075180054e-01,1.810072921216487885e-02,-6.679464131593704224e-02
-1.322911828756332397e-01,1.796159334480762482e-02,-6.690819561481475830e-02
-1.322911828756332397e-01,1.796159334480762482e-02,-6.690819561481475830e-02
-1.316550225019454956e-01,1.782304979860782623e-02,-6.702163815498352051e-02
-1.316550225019454956e-01,1.782304979860782623e-02,-6.702163815498352051e-02
-1.310183256864547729e-01,1.768510974943637848e-02,-6.713496893644332886e-02
-1.310183256864547729e-01,1.768510974943637848e-02,-6.713496893644332886e-02
-1.303810924291610718e-01,1.754776947200298309e-02,-6.724818795919418335e-02
-1.303810924291610718e-01,1.754776947200298309e-02,-6.724818795919418335e-02
-1.297432929277420044e-01,1.741102896630764008e-02,-6.736130267381668091e-02
-1.297432929277420044e-01,1.741102896630764008e-02,-6.736130267381668091e-02
-1.291049718856811523e-01,1.727488450706005096e-02,-6.747429817914962769e-02
-1.291049718856811523e-01,1.727488450706005096e-02,-6.747429817914962769e-02
-1.284660696983337402e-01,1.713934354484081268e-02,-6.758717447519302368e-02
-1.284660696983337402e-01,1.713934354484081268e-02,-6.758717447519302368e-02
-1.278266310691833496e-01,1.700439862906932831e-02,-6.769994646310806274e-02
-1.278266310691833496e-01,1.700439862906932831e-02,-6.769994646310806274e-02
-1.271866410970687866e-01,1.687005907297134399e-02,-6.781259924173355103e-02
-1.271866410970687866e-01,1.687005907297134399e-02,-6.781259924173355103e-02
-1.265460848808288574e-01,1.673631370067596436e-02,-6.792513281106948853e-02
-1.265460848808288574e-01,1.673631370067596436e-02,-6.792513281106948853e-02
-1.259049624204635620e-01,1.660317182540893555e-02,-6.803753972053527832e-02
-1.259049624204635620e-01,1.660317182540893555e-02,-6.803753972053527832e-02
-1.252632737159729004e-01,1.647062972187995911e-02,-6.814982742071151733e-02
-1.252632737159729004e-01,1.647062972187995911e-02,-6.814982742071151733e-02
-1.246210187673568726e-01,1.633869111537933350e-02,-6.826200336217880249e-02
-1.246210187673568726e-01,1.633869111537933350e-02,-6.826200336217880249e-02
-1.239781826734542847e-01,1.620735041797161102e-02,-6.837404519319534302e-02
-1.239781826734542847e-01,1.620735041797161102e-02,-6.837404519319534302e-02
-1.233347654342651367e-01,1.607661321759223938e-02,-6.848598271608352661e-02
-1.233347654342651367e-01,1.607661321759223938e-02,-6.848598271608352661e-02
-1.226907819509506226e-01,1.594647392630577087e-02,-6.859777867794036865e-02
-1.226907819509506226e-01,1.594647392630577087e-02,-6.859777867794036865e-02
-1.220461875200271606e-01,1.581693999469280243e-02,-6.870944797992706299e-02
-1.220461875200271606e-01,1.581693999469280243e-02,-6.870944797992706299e-02
-1.214010119438171387e-01,1.568800769746303558e-02,-6.882099807262420654e-02
-1.214010119438171387e-01,1.568800769746303558e-02,-6.882099807262420654e-02
-1.207552701234817505e-01,1.555967237800359726e-02,-6.893242150545120239e-02
-1.207552701234817505e-01,1.555967237800359726e-02,-6.893242150545120239e-02
-1.201089173555374146e-01,1.543194521218538284e-02,-6.904371827840805054e-02
-1.201089173555374146e-01,1.543194521218538284e-02,-6.904371827840805054e-02
-1.194619536399841309e-01,1.530481781810522079e-02,-6.915487349033355713e-02
-1.194619536399841309e-01,1.530481781810522079e-02,-6.915487349033355713e-02
-1.188144162297248840e-01,1.517829485237598419e-02,-6.926590204238891602e-02
-1.188144162297248840e-01,1.517829485237598419e-02,-6.926590204238891602e-02
-1.181662529706954956e-01,1.505237352102994919e-02,-6.937678903341293335e-02
-1.181662529706954956e-01,1.505237352102994919e-02,-6.937678903341293335e-02
-1.175174787640571594e-01,1.492705289274454117e-02,-6.948754936456680298e-02
-1.175174787640571594e-01,1.492705289274454117e-02,-6.948754936456680298e-02
-1.168681010603904724e-01,1.480233669281005859e-02,-6.959818303585052490e-02
-1.168681010603904724e-01,1.480233669281005859e-02,-6.959818303585052490e-02
-1.162181198596954346e-01,1.467822398990392685e-02,-6.970866769552230835e-02
-1.162181198596954346e-01,1.467822398990392685e-02,-6.970866769552230835e-02
-1.155674904584884644e-01,1.455471105873584747e-02,-6.981902569532394409e-02
-1.155674904584884644e-01,1.455471105873584747e-02,-6.981902569532394409e-02
-1.149162724614143372e-01,1.443180721253156662e-02,-6.992924213409423828e-02
-1.149162724614143372e-01,1.443180721253156662e-02,-6.992924213409423828e-02
-1.142644062638282776e-01,1.430950313806533813e-02,-7.003931701183319092e-02
-1.142644062638282776e-01,1.430950313806533813e-02,-7.003931701183319092e-02
-1.136119365692138672e-01,1.418780535459518433e-02,-7.014924287796020508e-02
-1.136119365692138672e-01,1.418780535459518433e-02,-7.014924287796020508e-02
-1.129588112235069275e-01,1.406671199947595596e-02,-7.025903463363647461e-02
-1.129588112235069275e-01,1.406671199947595596e-02,-7.025903463363647461e-02
-1.123050674796104431e-01,1.394622307270765305e-02,-7.036868482828140259e-02
-1.123050674796104431e-01,1.394622307270765305e-02,-7.036868482828140259e-02
-1.116506829857826233e-01,1.382633578032255173e-02,-7.047819346189498901e-02
-1.116506829857826233e-01,1.382633578032255173e-02,-7.047819346189498901e-02
-1.109956353902816772e-01,1.370705384761095047e-02,-7.058755308389663696e-02
-1.109956353902816772e-01,1.370705384761095047e-02,-7.058755308389663696e-02
-1.103399693965911865e-01,1.358837913721799850e-02,-7.069676369428634644e-02
-1.103399693965911865e-01,1.358837913721799850e-02,-7.069676369428634644e-02
-1.096836403012275696e-01,1.347030978649854660e-02,-7.080583274364471436e-02
-1.096836403012275696e-01,1.347030978649854660e-02,-7.080583274364471436e-02
-1.090266704559326172e-01,1.335284300148487091e-02,-7.091475278139114380e-02
-1.090266704559326172e-01,1.335284300148487091e-02,-7.091475278139114380e-02
-1.083690822124481201e-01,1.323598157614469528e-02,-7.102351635694503784e-02
-1.083690822124481201e-01,1.323598157614469528e-02,-7.102351635694503784e-02
-1.077107489109039307e-01,1.311972830444574356e-02,-7.113213092088699341e-02
-1.077107489109039307e-01,1.311972830444574356e-02,-7.113213092088699341e-02
-1.070518344640731812e-01,1.300407666712999344e-02,-7.124059647321701050e-02
-1.070518344640731812e-01,1.300407666712999344e-02,-7.124059647321701050e-02
-1.063922196626663208e-01,1.288903597742319107e-02,-7.134890556335449219e-02
-1.063922196626663208e-01,1.288903597742319107e-02,-7.134890556335449219e-02
-1.057319194078445435e-01,1.277459785342216492e-02,-7.145706564188003540e-02
-1.057319194078445435e-01,1.277459785342216492e-02,-7.145706564188003540e-02
-1.050709858536720276e-01,1.266076602041721344e-02,-7.156506180763244629e-02
-1.050709858536720276e-01,1.266076602041721344e-02,-7.156506180763244629e-02
-1.044093593955039978e-01,1.254754327237606049e-02,-7.167291641235351562e-02
-1.044093593955039978e-01,1.254754327237606049e-02,-7.167291641235351562e-02
-1.037470623850822449e-01,1.243492495268583298e-02,-7.178059220314025879e-02
-1.037470623850822449e-01,1.243492495268583298e-02,-7.178059220314025879e-02
-1.030840724706649780e-01,1.232291013002395630e-02,-7.188811898231506348e-02
-1.030840724706649780e-01,1.232291013002395630e-02,-7.188811898231506348e-02
-1.024203971028327942e-01,1.221150811761617661e-02,-7.199548929929733276e-02
-1.024203971028327942e-01,1.221150811761617661e-02,-7.199548929929733276e-02
-1.017560362815856934e-01,1.210071146488189697e-02,-7.210268825292587280e-02
-1.017560362815856934e-01,1.210071146488189697e-02,-7.210268825292587280e-02
-1.010909900069236755e-01,1.199052017182111740e-02,-7.220974564552307129e-02
-1.010909900069236755e-01,1.199052017182111740e-02,-7.220974564552307129e-02
-1.004252657294273376e-01,1.188094168901443481e-02,-7.231661677360534668e-02
-1.004252657294273376e-01,1.188094168901443481e-02,-7.231661677360534668e-02
-9.975881129503250122e-02,1.177196670323610306e-02,-7.242332398891448975e-02
-9.975881129503250122e-02,1.177196670323610306e-02,-7.242332398891448975e-02
-9.909167885780334473e-02,1.166359893977642059e-02,-7.252987474203109741e-02
-9.909167885780334473e-02,1.166359893977642059e-02,-7.252987474203109741e-02
-9.842383861541748047e-02,1.155584026128053665e-02,-7.263626158237457275e-02
-9.842383861541748047e-02,1.155584026128053665e-02,-7.263626158237457275e-02
-9.775524586439132690e-02,1.144869066774845123e-02,-7.274246960878372192e-02
-9.775524586439132690e-02,1.144869066774845123e-02,-7.274246960878372192e-02
-9.708601236343383789e-02,1.134214922785758972e-02,-7.284852117300033569e-02
-9.708601236343383789e-02,1.134214922785758972e-02,-7.284852117300033569e-02
-9.641601890325546265e-02,1.123621407896280289e-02,-7.295439392328262329e-02
-9.641601890325546265e-02,1.123621407896280289e-02,-7.295439392328262329e-02
-9.574531763792037964e-02,1.113089174032211304e-02,-7.306009531021118164e-02
-9.574531763792037964e-02,1.113089174032211304e-02,-7.306009531021118164e-02
-9.507390856742858887e-02,1.102617569267749786e-02,-7.316561788320541382e-02
-9.507390856742858887e-02,1.102617569267749786e-02,-7.316561788320541382e-02
-9.440176934003829956e-02,1.092206872999668121e-02,-7.327097654342651367e-02
-9.440176934003829956e-02,1.092206872999668121e-02,-7.327097654342651367e-02
-9.372888505458831787e-02,1.081857364624738693e-02,-7.337615638971328735e-02
-9.372888505458831787e-02,1.081857364624738693e-02,-7.337615638971328735e-02
-9.305530041456222534e-02,1.071568764746189117e-02,-7.348115742206573486e-02
-9.305530041456222534e-02,1.071568764746189117e-02,-7.348115742206573486e-02
-9.238095581531524658e-02,1.061340980231761932e-02,-7.358599454164505005e-02
-9.238095581531524658e-02,1.061340980231761932e-02,-7.358599454164505005e-02
-9.170587360858917236e-02,1.051174104213714600e-02,-7.369063794612884521e-02
-9.170587360858917236e-02,1.051174104213714600e-02,-7.369063794612884521e-02
-9.103006869554519653e-02,1.041068229824304581e-02,-7.379510998725891113e-02
-9.103006869554519653e-02,1.041068229824304581e-02,-7.379510998725891113e-02
-9.035351127386093140e-02,1.031023636460304260e-02,-7.389940321445465088e-02
-9.035351127386093140e-02,1.031023636460304260e-02,-7.389940321445465088e-02
-8.967619389295578003e-02,1.021039951592683792e-02,-7.400350272655487061e-02
-8.967619389295578003e-02,1.021039951592683792e-02,-7.400350272655487061e-02
-8.899813145399093628e-02,1.011117268353700638e-02,-7.410742342472076416e-02
-8.899813145399093628e-02,1.011117268353700638e-02,-7.410742342472076416e-02
-8.831931650638580322e-02,1.001255679875612259e-02,-7.421115785837173462e-02
-8.831931650638580322e-02,1.001255679875612259e-02,-7.421115785837173462e-02
-8.763974159955978394e-02,9.914552792906761169e-03,-7.431471347808837891e-02
-8.763974159955978394e-02,9.914552792906761169e-03,-7.431471347808837891e-02
-8.695942163467407227e-02,9.817160665988922119e-03,-7.441808283329010010e-02
-8.695942163467407227e-02,9.817160665988922119e-03,-7.441808283329010010e-02
-8.627830445766448975e-02,9.720377624034881592e-03,-7.452126592397689819e-02
-8.627830445766448975e-02,9.720377624034881592e-03,-7.452126592397689819e-02
-8.559644222259521484e-02,9.624207392334938049e-03,-7.462425529956817627e-02
-8.559644222259521484e-02,9.624207392334938049e-03,-7.462425529956817627e-02
-8.491380512714385986e-02,9.528647176921367645e-03,-7.472705841064453125e-02
-8.491380512714385986e-02,9.528647176921367645e-03,-7.472705841064453125e-02
-8.423040062189102173e-02,9.433700703084468842e-03,-7.482966780662536621e-02
-8.423040062189102173e-02,9.433700703084468842e-03,-7.482966780662536621e-02
-8.354620635509490967e-02,9.339367039501667023e-03,-7.493207603693008423e-02
-8.354620635509490967e-02,9.339367039501667023e-03,-7.493207603693008423e-02
-8.286124467849731445e-02,9.245643392205238342e-03,-7.503430545330047607e-02
-8.286124467849731445e-02,9.245643392205238342e-03,-7.503430545330047607e-02
-8.217548578977584839e-02,9.152533486485481262e-03,-7.513634115457534790e-02
-8.217548578977584839e-02,9.152533486485481262e-03,-7.513634115457534790e-02
-8.148894459009170532e-02,9.060035459697246552e-03,-7.523816823959350586e-02
-8.148894459009170532e-02,9.060035459697246552e-03,-7.523816823959350586e-02
-8.080160617828369141e-02,8.968150243163108826e-03,-7.533980160951614380e-02
-8.080160617828369141e-02,8.968150243163108826e-03,-7.533980160951614380e-02
-8.011348545551300049e-02,8.876879699528217316e-03,-7.544124126434326172e-02
-8.011348545551300049e-02,8.876879699528217316e-03,-7.544124126434326172e-02
-7.942456007003784180e-02,8.786217309534549713e-03,-7.554248720407485962e-02
-7.942456007003784180e-02,8.786217309534549713e-03,-7.554248720407485962e-02
-7.873482257127761841e-02,8.696172386407852173e-03,-7.564351707696914673e-02
-7.873482257127761841e-02,8.696172386407852173e-03,-7.564351707696914673e-02
-7.804429531097412109e-02,8.606742136180400848e-03,-7.574436813592910767e-02
-7.804429531097412109e-02,8.606742136180400848e-03,-7.574436813592910767e-02
-7.735294848680496216e-02,8.517922833561897278e-03,-7.584500312805175781e-02
-7.735294848680496216e-02,8.517922833561897278e-03,-7.584500312805175781e-02
-7.666079699993133545e-02,8.429718203842639923e-03,-7.594543695449829102e-02
-7.666079699993133545e-02,8.429718203842639923e-03,-7.594543695449829102e-02
-7.596782594919204712e-02,8.342128247022628784e-03,-7.604566216468811035e-02
-7.596782594919204712e-02,8.342128247022628784e-03,-7.604566216468811035e-02
-7.527405023574829102e-02,8.255150169134140015e-03,-7.614568620920181274e-02
-7.527405023574829102e-02,8.255150169134140015e-03,-7.614568620920181274e-02
-7.457944750785827637e-02,8.168791420757770538e-03,-7.624550163745880127e-02
-7.457944750785827637e-02,8.168791420757770538e-03,-7.624550163745880127e-02
-7.388402521610260010e-02,8.083043619990348816e-03,-7.634510844945907593e-02
-7.388402521610260010e-02,8.083043619990348816e-03,-7.634510844945907593e-02
-7.318776845932006836e-02,7.997909560799598694e-03,-7.644450664520263672e-02
-7.318776845932006836e-02,7.997909560799598694e-03,-7.644450664520263672e-02
-7.249066978693008423e-02,7.913393899798393250e-03,-7.654368877410888672e-02
-7.249066978693008423e-02,7.913393899798393250e-03,-7.654368877410888672e-02
-7.179275155067443848e-02,7.829491049051284790e-03,-7.664266228675842285e-02
-7.179275155067443848e-02,7.829491049051284790e-03,-7.664266228675842285e-02
-7.109399139881134033e-02,7.746203802525997162e-03,-7.674142718315124512e-02
-7.109399139881134033e-02,7.746203802525997162e-03,-7.674142718315124512e-02
-7.039438933134078979e-02,7.663531694561243057e-03,-7.683998346328735352e-02
-7.039438933134078979e-02,7.663531694561243057e-03,-7.683998346328735352e-02
-6.969393789768218994e-02,7.581477053463459015e-03,-7.693831622600555420e-02
-6.969393789768218994e-02,7.581477053463459015e-03,-7.693831622600555420e-02
-6.899265199899673462e-02,7.500035688281059265e-03,-7.703643292188644409e-02
-6.899265199899673462e-02,7.500035688281059265e-03,-7.703643292188644409e-02
-6.829050928354263306e-02,7.419210858643054962e-03,-7.713432610034942627e-02
-6.829050928354263306e-02,7.419210858643054962e-03,-7.713432610034942627e-02
-6.758750230073928833e-02,7.339005358517169952e-03,-7.723201066255569458e-02
-6.758750230073928833e-02,7.339005358517169952e-03,-7.723201066255569458e-02
-6.688363850116729736e-02,7.259413134306669235e-03,-7.732948660850524902e-02
-6.688363850116729736e-02,7.259413134306669235e-03,-7.732948660850524902e-02
-6.617892533540725708e-02,7.180437911301851273e-03,-7.742672413587570190e-02
-6.617892533540725708e-02,7.180437911301851273e-03,-7.742672413587570190e-02
-6.547334790229797363e-02,7.102079223841428757e-03,-7.752373814582824707e-02
-6.547334790229797363e-02,7.102079223841428757e-03,-7.752373814582824707e-02
-6.476689130067825317e-02,7.024338934570550919e-03,-7.762053608894348145e-02
-6.476689130067825317e-02,7.024338934570550919e-03,-7.762053608894348145e-02
-6.405957043170928955e-02,6.947215180844068527e-03,-7.771711051464080811e-02
-6.405957043170928955e-02,6.947215180844068527e-03,-7.771711051464080811e-02
-6.335137784481048584e-02,6.870707497000694275e-03,-7.781346142292022705e-02
-6.335137784481048584e-02,6.870707497000694275e-03,-7.781346142292022705e-02
-6.264231353998184204e-02,6.794820073992013931e-03,-7.790957391262054443e-02
-6.264231353998184204e-02,6.794820073992013931e-03,-7.790957391262054443e-02
-6.193235889077186584e-02,6.719548720866441727e-03,-7.800547033548355103e-02
-6.193235889077186584e-02,6.719548720866441727e-03,-7.800547033548355103e-02
-6.122151389718055725e-02,6.644893903285264969e-03,-7.810112833976745605e-02
-6.122151389718055725e-02,6.644893903285264969e-03,-7.810112833976745605e-02
-6.050978973507881165e-02,6.570857483893632889e-03,-7.819657772779464722e-02
-6.050978973507881165e-02,6.570857483893632889e-03,-7.819657772779464722e-02
-5.979717522859573364e-02,6.497440394014120102e-03,-7.829177379608154297e-02
-5.979717522859573364e-02,6.497440394014120102e-03,-7.829177379608154297e-02
-5.908365547657012939e-02,6.424639839679002762e-03,-7.838674634695053101e-02
-5.908365547657012939e-02,6.424639839679002762e-03,-7.838674634695053101e-02
-5.836925283074378967e-02,6.352460477501153946e-03,-7.848147302865982056e-02
-5.836925283074378967e-02,6.352460477501153946e-03,-7.848147302865982056e-02
-5.765394121408462524e-02,6.280899047851562500e-03,-7.857598364353179932e-02
-5.765394121408462524e-02,6.280899047851562500e-03,-7.857598364353179932e-02
-5.693772807717323303e-02,6.209955550730228424e-03,-7.867024838924407959e-02
-5.693772807717323303e-02,6.209955550730228424e-03,-7.867024838924407959e-02
-5.622059851884841919e-02,6.139631383121013641e-03,-7.876428216695785522e-02
-5.622059851884841919e-02,6.139631383121013641e-03,-7.876428216695785522e-02
-5.550255998969078064e-02,6.069927476346492767e-03,-7.885807007551193237e-02
-5.550255998969078064e-02,6.069927476346492767e-03,-7.885807007551193237e-02
-5.478361621499061584e-02,6.000841036438941956e-03,-7.895162701606750488e-02
-5.478361621499061584e-02,6.000841036438941956e-03,-7.895162701606750488e-02
-5.406375601887702942e-02,5.932377185672521591e-03,-7.904493808746337891e-02
-5.406375601887702942e-02,5.932377185672521591e-03,-7.904493808746337891e-02
-5.334296077489852905e-02,5.864530336111783981e-03,-7.913801819086074829e-02
-5.334296077489852905e-02,5.864530336111783981e-03,-7.913801819086074829e-02
-5.262125656008720398e-02,5.797304213047027588e-03,-7.923084497451782227e-02
-5.262125656008720398e-02,5.797304213047027588e-03,-7.923084497451782227e-02
-5.189861357212066650e-02,5.730699282139539719e-03,-7.932342588901519775e-02
-5.189861357212066650e-02,5.730699282139539719e-03,-7.932342588901519775e-02
-5.117504671216011047e-02,5.664715077728033066e-03,-7.941577583551406860e-02
-5.117504671216011047e-02,5.664715077728033066e-03,-7.941577583551406860e-02
-5.045053735375404358e-02,5.599349737167358398e-03,-7.950786501169204712e-02
-5.045053735375404358e-02,5.599349737167358398e-03,-7.950786501169204712e-02
-4.972509294748306274e-02,5.534606985747814178e-03,-7.959971576929092407e-02
-4.972509294748306274e-02,5.534606985747814178e-03,-7.959971576929092407e-02
-4.899870976805686951e-02,5.470482632517814636e-03,-7.969132065773010254e-02
-4.899870976805686951e-02,5.470482632517814636e-03,-7.969132065773010254e-02
-4.827137291431427002e-02,5.406981334090232849e-03,-7.978266477584838867e-02
-4.827137291431427002e-02,5.406981334090232849e-03,-7.978266477584838867e-02
-4.754310846328735352e-02,5.344100762158632278e-03,-7.987377047538757324e-02
-4.754310846328735352e-02,5.344100762158632278e-03,-7.987377047538757324e-02
-4.681387543678283691e-02,5.281841848045587540e-03,-7.996462285518646240e-02
-4.681387543678283691e-02,5.281841848045587540e-03,-7.996462285518646240e-02
-4.608369618654251099e-02,5.220204591751098633e-03,-8.005521446466445923e-02
-4.608369618654251099e-02,5.220204591751098633e-03,-8.005521446466445923e-02
-4.535254836082458496e-02,5.159188993275165558e-03,-8.014556020498275757e-02
-4.535254836082458496e-02,5.159188993275165558e-03,-8.014556020498275757e-02
-4.462045803666114807e-02,5.098795983940362930e-03,-8.023564517498016357e-02
-4.462045803666114807e-02,5.098795983940362930e-03,-8.023564517498016357e-02
-4.388738423585891724e-02,5.039022769778966904e-03,-8.032547682523727417e-02
-4.388738423585891724e-02,5.039022769778966904e-03,-8.032547682523727417e-02
-4.315335676074028015e-02,4.979875870048999786e-03,-8.041504770517349243e-02
-4.315335676074028015e-02,4.979875870048999786e-03,-8.041504770517349243e-02
-4.241835325956344604e-02,4.921347368508577347e-03,-8.050435781478881836e-02
-4.241835325956344604e-02,4.921347368508577347e-03,-8.050435781478881836e-02
-4.168238118290901184e-02,4.863446112722158432e-03,-8.059341460466384888e-02
-4.168238118290901184e-02,4.863446112722158432e-03,-8.059341460466384888e-02
-4.094542190432548523e-02,4.806163255125284195e-03,-8.068221062421798706e-02
-4.094542190432548523e-02,4.806163255125284195e-03,-8.068221062421798706e-02
-4.020747914910316467e-02,4.749505780637264252e-03,-8.077075332403182983e-02
-4.020747914910316467e-02,4.749505780637264252e-03,-8.077075332403182983e-02
-3.946856781840324402e-02,4.693471826612949371e-03,-8.085901290178298950e-02
-3.946856781840324402e-02,4.693471826612949371e-03,-8.085901290178298950e-02
-3.872865810990333557e-02,4.638059530407190323e-03,-8.094701915979385376e-02
-3.872865810990333557e-02,4.638059530407190323e-03,-8.094701915979385376e-02
-3.798776865005493164e-02,4.583272617310285568e-03,-8.103476464748382568e-02
-3.798776865005493164e-02,4.583272617310285568e-03,-8.103476464748382568e-02
-3.724586218595504761e-02,4.529110155999660492e-03,-8.112223446369171143e-02
-3.724586218595504761e-02,4.529110155999660492e-03,-8.112223446369171143e-02
-3.650297224521636963e-02,4.475569818168878555e-03,-8.120944350957870483e-02
-3.650297224521636963e-02,4.475569818168878555e-03,-8.120944350957870483e-02
-3.575908392667770386e-02,4.422654863446950912e-03,-8.129637688398361206e-02
-3.575908392667770386e-02,4.422654863446950912e-03,-8.129637688398361206e-02
-3.501418977975845337e-02,4.370362497866153717e-03,-8.138304948806762695e-02
-3.501418977975845337e-02,4.370362497866153717e-03,-8.138304948806762695e-02
-3.426827862858772278e-02,4.318696446716785431e-03,-8.146943897008895874e-02
-3.426827862858772278e-02,4.318696446716785431e-03,-8.146943897008895874e-02
-3.352136909961700439e-02,4.267652984708547592e-03,-8.155556768178939819e-02
-3.352136909961700439e-02,4.267652984708547592e-03,-8.155556768178939819e-02
-3.277343511581420898e-02,4.217236302793025970e-03,-8.164142072200775146e-02
-3.277343511581420898e-02,4.217236302793025970e-03,-8.164142072200775146e-02
-3.202448785305023193e-02,4.167444538325071335e-03,-8.172699064016342163e-02
-3.202448785305023193e-02,4.167444538325071335e-03,-8.172699064016342163e-02
-3.127452731132507324e-02,4.118279553949832916e-03,-8.181229233741760254e-02
-3.127452731132507324e-02,4.118279553949832916e-03,-8.181229233741760254e-02
-3.052354417741298676e-02,4.069735761731863022e-03,-8.189731836318969727e-02
-3.052354417741298676e-02,4.069735761731863022e-03,-8.189731836318969727e-02
-2.977151982486248016e-02,4.021820146590471268e-03,-8.198206871747970581e-02
-2.977151982486248016e-02,4.021820146590471268e-03,-8.198206871747970581e-02
-2.901845611631870270e-02,3.974530845880508423e-03,-8.206652849912643433e-02
-2.901845611631870270e-02,3.974530845880508423e-03,-8.206652849912643433e-02
-2.826437726616859436e-02,3.927867393940687180e-03,-8.215072005987167358e-02
-2.826437726616859436e-02,3.927867393940687180e-03,-8.215072005987167358e-02
-2.750925160944461823e-02,3.881827695295214653e-03,-8.223462104797363281e-02
-2.750925160944461823e-02,3.881827695295214653e-03,-8.223462104797363281e-02
-2.675309590995311737e-02,3.836418502032756805e-03,-8.231824636459350586e-02
-2.675309590995311737e-02,3.836418502032756805e-03,-8.231824636459350586e-02
-2.599588222801685333e-02,3.791632130742073059e-03,-8.240158855915069580e-02
-2.599588222801685333e-02,3.791632130742073059e-03,-8.240158855915069580e-02
-2.523762732744216919e-02,3.747473703697323799e-03,-8.248464018106460571e-02
-2.523762732744216919e-02,3.747473703697323799e-03,-8.248464018106460571e-02
-2.447832189500331879e-02,3.703942755237221718e-03,-8.256740868091583252e-02
-2.447832189500331879e-02,3.703942755237221718e-03,-8.256740868091583252e-02
-2.371795848011970520e-02,3.661038586869835854e-03,-8.264988660812377930e-02
-2.371795848011970520e-02,3.661038586869835854e-03,-8.264988660812377930e-02
-2.295653708279132843e-02,3.618760732933878899e-03,-8.273208141326904297e-02
-2.295653708279132843e-02,3.618760732933878899e-03,-8.273208141326904297e-02
-2.219405770301818848e-02,3.577110823243856430e-03,-8.281398564577102661e-02
-2.219405770301818848e-02,3.577110823243856430e-03,-8.281398564577102661e-02
-2.143051661550998688e-02,3.536089556291699409e-03,-8.289560675621032715e-02
-2.143051661550998688e-02,3.536089556291699409e-03,-8.289560675621032715e-02
-2.066589705646038055e-02,3.495695767924189568e-03,-8.297692239284515381e-02
-2.066589705646038055e-02,3.495695767924189568e-03,-8.297692239284515381e-02
-1.990022137761116028e-02,3.455928061157464981e-03,-8.305795490741729736e-02
-1.990022137761116028e-02,3.455928061157464981e-03,-8.305795490741729736e-02
-1.913345418870449066e-02,3.416789928451180458e-03,-8.313868194818496704e-02
-1.913345418870449066e-02,3.416789928451180458e-03,-8.313868194818496704e-02
-1.836564205586910248e-02,3.378280438482761383e-03,-8.321913331747055054e-02
-1.836564205586910248e-02,3.378280438482761383e-03,-8.321913331747055054e-02
-1.759670674800872803e-02,3.340398427098989487e-03,-8.329927176237106323e-02
-1.759670674800872803e-02,3.340398427098989487e-03,-8.329927176237106323e-02
-1.682670600712299347e-02,3.303146455436944962e-03,-8.337911963462829590e-02
-1.682670600712299347e-02,3.303146455436944962e-03,-8.337911963462829590e-02
-1.605562493205070496e-02,3.266523359343409538e-03,-8.345866948366165161e-02
-1.605562493205070496e-02,3.266523359343409538e-03,-8.345866948366165161e-02
-1.528344396501779556e-02,3.230527741834521294e-03,-8.353791385889053345e-02
-1.528344396501779556e-02,3.230527741834521294e-03,-8.353791385889053345e-02
-1.451018359512090683e-02,3.195161931216716766e-03,-8.361685276031494141e-02
-1.451018359512090683e-02,3.195161931216716766e-03,-8.361685276031494141e-02
-1.373581402003765106e-02,3.160425694659352303e-03,-8.369550108909606934e-02
-1.373581402003765106e-02,3.160425694659352303e-03,-8.369550108909606934e-02
-1.296034362167119980e-02,3.126319032162427902e-03,-8.377385139465332031e-02
-1.296034362167119980e-02,3.126319032162427902e-03,-8.377385139465332031e-02
-1.218376308679580688e-02,3.092841710895299911e-03,-8.385188877582550049e-02
-1.218376308679580688e-02,3.092841710895299911e-03,-8.385188877582550049e-02
-1.140608172863721848e-02,3.059995826333761215e-03,-8.392962068319320679e-02
-1.140608172863721848e-02,3.059995826333761215e-03,-8.392962068319320679e-02
-1.062727998942136765e-02,3.027778584510087967e-03,-8.400705456733703613e-02
-1.062727998942136765e-02,3.027778584510087967e-03,-8.400705456733703613e-02
-9.847377426922321320e-03,2.996193012222647667e-03,-8.408416807651519775e-02
-9.847377426922321320e-03,2.996193012222647667e-03,-8.408416807651519775e-02
-9.066353552043437958e-03,2.965236548334360123e-03,-8.416097611188888550e-02
-9.066353552043437958e-03,2.965236548334360123e-03,-8.416097611188888550e-02
-8.284209296107292175e-03,2.934909891337156296e-03,-8.423747867345809937e-02
-8.284209296107292175e-03,2.934909891337156296e-03,-8.423747867345809937e-02
-7.500932086259126663e-03,2.905215835198760033e-03,-8.431366831064224243e-02
-7.500932086259126663e-03,2.905215835198760033e-03,-8.431366831064224243e-02
-6.716544274240732193e-03,2.876152517274022102e-03,-8.438955247402191162e-02
-6.716544274240732193e-03,2.876152517274022102e-03,-8.438955247402191162e-02
-5.931014195084571838e-03,2.847720636054873466e-03,-8.446510881185531616e-02
-5.931014195084571838e-03,2.847720636054873466e-03,-8.446510881185531616e-02
-5.144340917468070984e-03,2.819920191541314125e-03,-8.454035967588424683e-02
-5.144340917468070984e-03,2.819920191541314125e-03,-8.454035967588424683e-02
-4.356535617262125015e-03,2.792751649394631386e-03,-8.461528271436691284e-02
-4.356535617262125015e-03,2.792751649394631386e-03,-8.461528271436691284e-02
-3.567598527297377586e-03,2.766214078292250633e-03,-8.468990772962570190e-02
-3.567598527297377586e-03,2.766214078292250633e-03,-8.468990772962570190e-02
-2.777518704533576965e-03,2.740307478234171867e-03,-8.476420491933822632e-02
-2.777518704533576965e-03,2.740307478234171867e-03,-8.476420491933822632e-02
-1.986285205930471420e-03,2.715033944696187973e-03,-8.483818918466567993e-02
-1.986285205930471420e-03,2.715033944696187973e-03,-8.483818918466567993e-02
-1.193909207358956337e-03,2.690394176170229912e-03,-8.491184562444686890e-02
-1.193909207358956337e-03,2.690394176170229912e-03,-8.491184562444686890e-02
-4.003584326710551977e-04,2.666384913027286530e-03,-8.498518168926239014e-02
-4.003584326710551977e-04,2.666384913027286530e-03,-8.498518168926239014e-02
3.943351039197295904e-04,2.643009182065725327e-03,-8.505818992853164673e-02
3.943351039197295904e-04,2.643009182065725327e-03,-8.505818992853164673e-02
1.190192764624953270e-03,2.620264887809753418e-03,-8.513088524341583252e-02
1.190192764624953270e-03,2.620264887809753418e-03,-8.513088524341583252e-02
1.987214433029294014e-03,2.598156686872243881e-03,-8.520326018333435059e-02
1.987214433029294014e-03,2.598156686872243881e-03,-8.520326018333435059e-02
2.785410732030868530e-03,2.576678525656461716e-03,-8.527529984712600708e-02
2.785410732030868530e-03,2.576678525656461716e-03,-8.527529984712600708e-02
3.584760706871747971e-03,2.555835293605923653e-03,-8.534701168537139893e-02
3.584760706871747971e-03,2.555835293605923653e-03,-8.534701168537139893e-02
4.385306499898433685e-03,2.535626059398055077e-03,-8.541840314865112305e-02
4.385306499898433685e-03,2.535626059398055077e-03,-8.541840314865112305e-02
5.186995491385459900e-03,2.516049658879637718e-03,-8.548945933580398560e-02
5.186995491385459900e-03,2.516049658879637718e-03,-8.548945933580398560e-02
5.989891011267900467e-03,2.497105859220027924e-03,-8.556018024682998657e-02
5.989891011267900467e-03,2.497105859220027924e-03,-8.556018024682998657e-02
6.793971639126539230e-03,2.478798385709524155e-03,-8.563057333230972290e-02
6.793971639126539230e-03,2.478798385709524155e-03,-8.563057333230972290e-02
7.599238306283950806e-03,2.461124910041689873e-03,-8.570063859224319458e-02
7.599238306283950806e-03,2.461124910041689873e-03,-8.570063859224319458e-02
8.405700325965881348e-03,2.444086829200387001e-03,-8.577037602663040161e-02
8.405700325965881348e-03,2.444086829200387001e-03,-8.577037602663040161e-02
9.213337674736976624e-03,2.427680185064673424e-03,-8.583975583314895630e-02
9.213337674736976624e-03,2.427680185064673424e-03,-8.583975583314895630e-02
1.002219226211309433e-02,2.411910332739353180e-03,-8.590881526470184326e-02
1.002219226211309433e-02,2.411910332739353180e-03,-8.590881526470184326e-02
1.083223242312669754e-02,2.396776573732495308e-03,-8.597753942012786865e-02
1.083223242312669754e-02,2.396776573732495308e-03,-8.597753942012786865e-02
1.164347957819700241e-02,2.382275648415088654e-03,-8.604592084884643555e-02
1.164347957819700241e-02,2.382275648415088654e-03,-8.604592084884643555e-02
1.245594397187232971e-02,2.368412213400006294e-03,-8.611395955085754395e-02
1.245594397187232971e-02,2.368412213400006294e-03,-8.611395955085754395e-02
1.326961535960435867e-02,2.355182077735662460e-03,-8.618165552616119385e-02
1.326961535960435867e-02,2.355182077735662460e-03,-8.618165552616119385e-02
1.408450398594141006e-02,2.342588733881711960e-03,-8.624901622533798218e-02
1.408450398594141006e-02,2.342588733881711960e-03,-8.624901622533798218e-02
1.490059960633516312e-02,2.330633578822016716e-03,-8.631602674722671509e-02
1.490059960633516312e-02,2.330633578822016716e-03,-8.631602674722671509e-02
1.571792364120483398e-02,2.319311955943703651e-03,-8.638270199298858643e-02
1.571792364120483398e-02,2.319311955943703651e-03,-8.638270199298858643e-02
1.653646491467952728e-02,2.308626892045140266e-03,-8.644902706146240234e-02
1.653646491467952728e-02,2.308626892045140266e-03,-8.644902706146240234e-02
1.735623367130756378e-02,2.298577455803751945e-03,-8.651500195264816284e-02
1.735623367130756378e-02,2.298577455803751945e-03,-8.651500195264816284e-02
1.817724294960498810e-02,2.289166674017906189e-03,-8.658064156770706177e-02
1.817724294960498810e-02,2.289166674017906189e-03,-8.658064156770706177e-02
1.899947784841060638e-02,2.280391287058591843e-03,-8.664591610431671143e-02
1.899947784841060638e-02,2.280391287058591843e-03,-8.664591610431671143e-02
1.982295326888561249e-02,2.272254787385463715e-03,-8.671085536479949951e-02
1.982295326888561249e-02,2.272254787385463715e-03,-8.671085536479949951e-02
2.064766734838485718e-02,2.264752285555005074e-03,-8.677543699741363525e-02
2.064766734838485718e-02,2.264752285555005074e-03,-8.677543699741363525e-02
2.147363126277923584e-02,2.257888671010732651e-03,-8.683966100215911865e-02
2.147363126277923584e-02,2.257888671010732651e-03,-8.683966100215911865e-02
2.230083383619785309e-02,2.251663012430071831e-03,-8.690353482961654663e-02
2.230083383619785309e-02,2.251663012430071831e-03,-8.690353482961654663e-02
2.312929555773735046e-02,2.246074145659804344e-03,-8.696705847978591919e-02
2.312929555773735046e-02,2.246074145659804344e-03,-8.696705847978591919e-02
2.395901829004287720e-02,2.241124864667654037e-03,-8.703023195266723633e-02
2.395901829004287720e-02,2.241124864667654037e-03,-8.703023195266723633e-02
2.478997968137264252e-02,2.236812375485897064e-03,-8.709303289651870728e-02
2.478997968137264252e-02,2.236812375485897064e-03,-8.709303289651870728e-02
2.562221325933933258e-02,2.233139239251613617e-03,-8.715549111366271973e-02
2.562221325933933258e-02,2.233139239251613617e-03,-8.715549111366271973e-02
2.645569480955600739e-02,2.230103593319654465e-03,-8.721758425235748291e-02
2.645569480955600739e-02,2.230103593319654465e-03,-8.721758425235748291e-02
2.729046903550624847e-02,2.227705903351306915e-03,-8.727931231260299683e-02
2.729046903550624847e-02,2.227705903351306915e-03,-8.727931231260299683e-02
2.812651358544826508e-02,2.225949196144938469e-03,-8.734068274497985840e-02
2.812651358544826508e-02,2.225949196144938469e-03,-8.734068274497985840e-02
2.896380797028541565e-02,2.224829746410250664e-03,-8.740169554948806763e-02
2.896380797028541565e-02,2.224829746410250664e-03,-8.740169554948806763e-02
2.980240620672702789e-02,2.224349882453680038e-03,-8.746233582496643066e-02
2.980240620672702789e-02,2.224349882453680038e-03,-8.746233582496643066e-02
3.064227476716041565e-02,2.224509371444582939e-03,-8.752261102199554443e-02
3.064227476716041565e-02,2.224509371444582939e-03,-8.752261102199554443e-02
3.148342296481132507e-02,2.225307747721672058e-03,-8.758253604173660278e-02
3.148342296481132507e-02,2.225307747721672058e-03,-8.758253604173660278e-02
3.232585638761520386e-02,2.226746641099452972e-03,-8.764207363128662109e-02
3.232585638761520386e-02,2.226746641099452972e-03,-8.764207363128662109e-02
3.316957876086235046e-02,2.228825353085994720e-03,-8.770125359296798706e-02
3.316957876086235046e-02,2.228825353085994720e-03,-8.770125359296798706e-02
3.401460498571395874e-02,2.231543883681297302e-03,-8.776006847620010376e-02
3.401460498571395874e-02,2.231543883681297302e-03,-8.776006847620010376e-02
3.486092388629913330e-02,2.234903397038578987e-03,-8.781850337982177734e-02
3.486092388629913330e-02,2.234903397038578987e-03,-8.781850337982177734e-02
3.570854291319847107e-02,2.238902961835265160e-03,-8.787656575441360474e-02
3.570854291319847107e-02,2.238902961835265160e-03,-8.787656575441360474e-02
3.655746579170227051e-02,2.243541879579424858e-03,-8.793426305055618286e-02
3.655746579170227051e-02,2.243541879579424858e-03,-8.793426305055618286e-02
3.740770369768142700e-02,2.248824806883931160e-03,-8.799158036708831787e-02
3.740770369768142700e-02,2.248824806883931160e-03,-8.799158036708831787e-02
3.825925290584564209e-02,2.254746155813336372e-03,-8.804852515459060669e-02
3.825925290584564209e-02,2.254746155813336372e-03,-8.804852515459060669e-02
3.911210224032402039e-02,2.261307323351502419e-03,-8.810508996248245239e-02
3.911210224032402039e-02,2.261307323351502419e-03,-8.810508996248245239e-02
3.996628522872924805e-02,2.268512733280658722e-03,-8.816128224134445190e-02
3.996628522872924805e-02,2.268512733280658722e-03,-8.816128224134445190e-02
4.082177951931953430e-02,2.276357728987932205e-03,-8.821710199117660522e-02
4.082177951931953430e-02,2.276357728987932205e-03,-8.821710199117660522e-02
4.167859628796577454e-02,2.284845337271690369e-03,-8.827254176139831543e-02
4.167859628796577454e-02,2.284845337271690369e-03,-8.827254176139831543e-02
4.253673553466796875e-02,2.293975092470645905e-03,-8.832757920026779175e-02
4.253673553466796875e-02,2.293975092470645905e-03,-8.832757920026779175e-02
4.339621216058731079e-02,2.303745597600936890e-03,-8.838225156068801880e-02
4.339621216058731079e-02,2.303745597600936890e-03,-8.838225156068801880e-02
4.425702989101409912e-02,2.314160345122218132e-03,-8.843654394149780273e-02
4.425702989101409912e-02,2.314160345122218132e-03,-8.843654394149780273e-02
4.511918127536773682e-02,2.325216308236122131e-03,-8.849044889211654663e-02
4.511918127536773682e-02,2.325216308236122131e-03,-8.849044889211654663e-02
4.598266258835792542e-02,2.336913952603936195e-03,-8.854396641254425049e-02
4.598266258835792542e-02,2.336913952603936195e-03,-8.854396641254425049e-02
4.684749245643615723e-02,2.349254908040165901e-03,-8.859708905220031738e-02
4.684749245643615723e-02,2.349254908040165901e-03,-8.859708905220031738e-02
4.771368205547332764e-02,2.362239407375454903e-03,-8.864983916282653809e-02
4.771368205547332764e-02,2.362239407375454903e-03,-8.864983916282653809e-02
4.858120530843734741e-02,2.375866519287228584e-03,-8.870219439268112183e-02
4.858120530843734741e-02,2.375866519287228584e-03,-8.870219439268112183e-02
4.945009574294090271e-02,2.390138572081923485e-03,-8.875415474176406860e-02
4.945009574294090271e-02,2.390138572081923485e-03,-8.875415474176406860e-02
5.032034963369369507e-02,2.405054168775677681e-03,-8.880572766065597534e-02
5.032034963369369507e-02,2.405054168775677681e-03,-8.880572766065597534e-02
5.119194090366363525e-02,2.420611679553985596e-03,-8.885690569877624512e-02
5.119194090366363525e-02,2.420611679553985596e-03,-8.885690569877624512e-02
5.206491053104400635e-02,2.436812734231352806e-03,-8.890769630670547485e-02
5.206491053104400635e-02,2.436812734231352806e-03,-8.890769630670547485e-02
5.293925106525421143e-02,2.453657798469066620e-03,-8.895809948444366455e-02
5.293925106525421143e-02,2.453657798469066620e-03,-8.895809948444366455e-02
5.381495133042335510e-02,2.471148967742919922e-03,-8.900809288024902344e-02
5.381495133042335510e-02,2.471148967742919922e-03,-8.900809288024902344e-02
5.469203740358352661e-02,2.489284379407763481e-03,-8.905769884586334229e-02
5.469203740358352661e-02,2.489284379407763481e-03,-8.905769884586334229e-02
5.557048693299293518e-02,2.508063102141022682e-03,-8.910689502954483032e-02
5.557048693299293518e-02,2.508063102141022682e-03,-8.910689502954483032e-02
5.645033344626426697e-02,2.527486765757203102e-03,-8.915570378303527832e-02
5.645033344626426697e-02,2.527486765757203102e-03,-8.915570378303527832e-02
5.733155459165573120e-02,2.547556534409523010e-03,-8.920410275459289551e-02
5.733155459165573120e-02,2.547556534409523010e-03,-8.920410275459289551e-02
5.821416154503822327e-02,2.568271709606051445e-03,-8.925210684537887573e-02
5.821416154503822327e-02,2.568271709606051445e-03,-8.925210684537887573e-02
5.909815430641174316e-02,2.589629031717777252e-03,-8.929970860481262207e-02
5.909815430641174316e-02,2.589629031717777252e-03,-8.929970860481262207e-02
5.998356640338897705e-02,2.611634321510791779e-03,-8.934690803289413452e-02
5.998356640338897705e-02,2.611634321510791779e-03,-8.934690803289413452e-02
6.087034940719604492e-02,2.634284552186727524e-03,-8.939369767904281616e-02
6.087034940719604492e-02,2.634284552186727524e-03,-8.939369767904281616e-02
6.175853312015533447e-02,2.657580887898802757e-03,-8.944007754325866699e-02
6.175853312015533447e-02,2.657580887898802757e-03,-8.944007754325866699e-02
6.264813989400863647e-02,2.681523328647017479e-03,-8.948606252670288086e-02
6.264813989400863647e-02,2.681523328647017479e-03,-8.948606252670288086e-02
6.353913992643356323e-02,2.706111874431371689e-03,-8.953163772821426392e-02
6.353913992643356323e-02,2.706111874431371689e-03,-8.953163772821426392e-02
6.443154811859130859e-02,2.731347922235727310e-03,-8.957678824663162231e-02
6.443154811859130859e-02,2.731347922235727310e-03,-8.957678824663162231e-02
6.532537192106246948e-02,2.757227281108498573e-03,-8.962155133485794067e-02
6.532537192106246948e-02,2.757227281108498573e-03,-8.962155133485794067e-02
6.622062623500823975e-02,2.783755538985133171e-03,-8.966588228940963745e-02
6.622062623500823975e-02,2.783755538985133171e-03,-8.966588228940963745e-02
6.711728870868682861e-02,2.810932463034987450e-03,-8.970980346202850342e-02
6.711728870868682861e-02,2.810932463034987450e-03,-8.970980346202850342e-02
6.801538169384002686e-02,2.838754327967762947e-03,-8.975332230329513550e-02
6.801538169384002686e-02,2.838754327967762947e-03,-8.975332230329513550e-02
6.891489028930664062e-02,2.867223462089896202e-03,-8.979641646146774292e-02
6.891489028930664062e-02,2.867223462089896202e-03,-8.979641646146774292e-02
6.981584429740905762e-02,2.896341029554605484e-03,-8.983909338712692261e-02
6.981584429740905762e-02,2.896341029554605484e-03,-8.983909338712692261e-02
7.071822881698608398e-02,2.926105866208672523e-03,-8.988136053085327148e-02
7.071822881698608398e-02,2.926105866208672523e-03,-8.988136053085327148e-02
7.162204384803771973e-02,2.956518670544028282e-03,-8.992320299148559570e-02
7.162204384803771973e-02,2.956518670544028282e-03,-8.992320299148559570e-02
7.252730429172515869e-02,2.987579908221960068e-03,-8.996462821960449219e-02
7.252730429172515869e-02,2.987579908221960068e-03,-8.996462821960449219e-02
7.343400269746780396e-02,3.019288415089249611e-03,-9.000562876462936401e-02
7.343400269746780396e-02,3.019288415089249611e-03,-9.000562876462936401e-02
7.434216141700744629e-02,3.051646286621689796e-03,-9.004621207714080811e-02
7.434216141700744629e-02,3.051646286621689796e-03,-9.004621207714080811e-02
7.525177299976348877e-02,3.084651660174131393e-03,-9.008637815713882446e-02
7.525177299976348877e-02,3.084651660174131393e-03,-9.008637815713882446e-02
7.616281509399414062e-02,3.118307329714298248e-03,-9.012610465288162231e-02
7.616281509399414062e-02,3.118307329714298248e-03,-9.012610465288162231e-02
7.707533985376358032e-02,3.152609569951891899e-03,-9.016542136669158936e-02
7.707533985376358032e-02,3.152609569951891899e-03,-9.016542136669158936e-02
7.798930257558822632e-02,3.187562106177210808e-03,-9.020430594682693481e-02
7.798930257558822632e-02,3.187562106177210808e-03,-9.020430594682693481e-02
7.890474796295166016e-02,3.223164705559611320e-03,-9.024275839328765869e-02
7.890474796295166016e-02,3.223164705559611320e-03,-9.024275839328765869e-02
7.982163876295089722e-02,3.259414108470082283e-03,-9.028077870607376099e-02
7.982163876295089722e-02,3.259414108470082283e-03,-9.028077870607376099e-02
8.074002712965011597e-02,3.296316135674715042e-03,-9.031838178634643555e-02
8.074002712965011597e-02,3.296316135674715042e-03,-9.031838178634643555e-02
8.165987581014633179e-02,3.333868458867073059e-03,-9.035555273294448853e-02
8.165987581014633179e-02,3.333868458867073059e-03,-9.035555273294448853e-02
8.258119225502014160e-02,3.372068284079432487e-03,-9.039227664470672607e-02
8.258119225502014160e-02,3.372068284079432487e-03,-9.039227664470672607e-02
8.350400626659393311e-02,3.410918870940804482e-03,-9.042859077453613281e-02
8.350400626659393311e-02,3.410918870940804482e-03,-9.042859077453613281e-02
8.442829549312591553e-02,3.450421383604407310e-03,-9.046445041894912720e-02
8.442829549312591553e-02,3.450421383604407310e-03,-9.046445041894912720e-02
8.535408228635787964e-02,3.490573493763804436e-03,-9.049987047910690308e-02
8.535408228635787964e-02,3.490573493763804436e-03,-9.049987047910690308e-02
8.628134429454803467e-02,3.531375899910926819e-03,-9.053487330675125122e-02
8.628134429454803467e-02,3.531375899910926819e-03,-9.053487330675125122e-02
8.721011877059936523e-02,3.572829533368349075e-03,-9.056942909955978394e-02
8.721011877059936523e-02,3.572829533368349075e-03,-9.056942909955978394e-02
8.814036846160888672e-02,3.614934626966714859e-03,-9.060353785753250122e-02
8.814036846160888672e-02,3.614934626966714859e-03,-9.060353785753250122e-02
8.907213062047958374e-02,3.657691879197955132e-03,-9.063721448183059692e-02
8.907213062047958374e-02,3.657691879197955132e-03,-9.063721448183059692e-02
9.000539779663085938e-02,3.701098728924989700e-03,-9.067043662071228027e-02
9.000539779663085938e-02,3.701098728924989700e-03,-9.067043662071228027e-02
9.094017744064331055e-02,3.745157504454255104e-03,-9.070324897766113281e-02
9.094017744064331055e-02,3.745157504454255104e-03,-9.070324897766113281e-02
9.187644720077514648e-02,3.789868671447038651e-03,-9.073558449745178223e-02
9.187644720077514648e-02,3.789868671447038651e-03,-9.073558449745178223e-02
9.281423687934875488e-02,3.835230367258191109e-03,-9.076749533414840698e-02
9.281423687934875488e-02,3.835230367258191109e-03,-9.076749533414840698e-02
9.375355392694473267e-02,3.881246317178010941e-03,-9.079895913600921631e-02
9.375355392694473267e-02,3.881246317178010941e-03,-9.079895913600921631e-02
9.469439089298248291e-02,3.927914425730705261e-03,-9.082996100187301636e-02
9.469439089298248291e-02,3.927914425730705261e-03,-9.082996100187301636e-02
9.563674777746200562e-02,3.975233994424343109e-03,-9.086052328348159790e-02
9.563674777746200562e-02,3.975233994424343109e-03,-9.086052328348159790e-02
9.658063948154449463e-02,4.023206885904073715e-03,-9.089063107967376709e-02
9.658063948154449463e-02,4.023206885904073715e-03,-9.089063107967376709e-02
9.752605110406875610e-02,4.071832634508609772e-03,-9.092029929161071777e-02
9.752605110406875610e-02,4.071832634508609772e-03,-9.092029929161071777e-02
9.847299754619598389e-02,4.121110308915376663e-03,-9.094950556755065918e-02
9.847299754619598389e-02,4.121110308915376663e-03,-9.094950556755065918e-02
9.942148625850677490e-02,4.171042237430810928e-03,-9.097827225923538208e-02
9.942148625850677490e-02,4.171042237430810928e-03,-9.097827225923538208e-02
1.003715172410011292e-01,4.221629351377487183e-03,-9.100656956434249878e-02
1.003715172410011292e-01,4.221629351377487183e-03,-9.100656956434249878e-02
1.013230904936790466e-01,4.272868856787681580e-03,-9.103441238403320312e-02
1.013230904936790466e-01,4.272868856787681580e-03,-9.103441238403320312e-02
1.022762060165405273e-01,4.324761219322681427e-03,-9.106180816888809204e-02
1.022762060165405273e-01,4.324761219322681427e-03,-9.106180816888809204e-02
1.032308861613273621e-01,4.377307835966348648e-03,-9.108874201774597168e-02
1.032308861613273621e-01,4.377307835966348648e-03,-9.108874201774597168e-02
1.041871085762977600e-01,4.430508241057395935e-03,-9.111522138118743896e-02
1.041871085762977600e-01,4.430508241057395935e-03,-9.111522138118743896e-02
1.051448807120323181e-01,4.484362900257110596e-03,-9.114123135805130005e-02
1.051448807120323181e-01,4.484362900257110596e-03,-9.114123135805130005e-02
1.061042323708534241e-01,4.538873210549354553e-03,-9.116678684949874878e-02
1.061042323708534241e-01,4.538873210549354553e-03,-9.116678684949874878e-02
1.070651188492774963e-01,4.594038706272840500e-03,-9.119188040494918823e-02
1.070651188492774963e-01,4.594038706272840500e-03,-9.119188040494918823e-02
1.080275997519493103e-01,4.649857524782419205e-03,-9.121651947498321533e-02
1.080275997519493103e-01,4.649857524782419205e-03,-9.121651947498321533e-02
1.089916452765464783e-01,4.706332925707101822e-03,-9.124068915843963623e-02
1.089916452765464783e-01,4.706332925707101822e-03,-9.124068915843963623e-02
1.099572628736495972e-01,4.763462115079164505e-03,-9.126438945531845093e-02
1.099572628736495972e-01,4.763462115079164505e-03,-9.126438945531845093e-02
1.109244450926780701e-01,4.821246955543756485e-03,-9.128761291503906250e-02
1.109244450926780701e-01,4.821246955543756485e-03,-9.128761291503906250e-02
1.118932291865348816e-01,4.879688844084739685e-03,-9.131038188934326172e-02
1.118932291865348816e-01,4.879688844084739685e-03,-9.131038188934326172e-02
1.128635928034782410e-01,4.938785918056964874e-03,-9.133268147706985474e-02
1.128635928034782410e-01,4.938785918056964874e-03,-9.133268147706985474e-02
1.138355210423469543e-01,4.998538177460432053e-03,-9.135451167821884155e-02
1.138355210423469543e-01,4.998538177460432053e-03,-9.135451167821884155e-02
1.148090660572052002e-01,5.058946553617715836e-03,-9.137587249279022217e-02
1.148090660572052002e-01,5.058946553617715836e-03,-9.137587249279022217e-02
1.157841831445693970e-01,5.120011512190103531e-03,-9.139674901962280273e-02
1.157841831445693970e-01,5.120011512190103531e-03,-9.139674901962280273e-02
1.167609244585037231e-01,5.181734450161457062e-03,-9.141717106103897095e-02
1.167609244585037231e-01,5.181734450161457062e-03,-9.141717106103897095e-02
1.177392527461051941e-01,5.244111642241477966e-03,-9.143710881471633911e-02
1.177392527461051941e-01,5.244111642241477966e-03,-9.143710881471633911e-02
1.187191978096961975e-01,5.307149142026901245e-03,-9.145656973123550415e-02
1.187191978096961975e-01,5.307149142026901245e-03,-9.145656973123550415e-02
1.197007149457931519e-01,5.370839964598417282e-03,-9.147555381059646606e-02
1.197007149457931519e-01,5.370839964598417282e-03,-9.147555381059646606e-02
1.206838637590408325e-01,5.435190163552761078e-03,-9.149405360221862793e-02
1.206838637590408325e-01,5.435190163552761078e-03,-9.149405360221862793e-02
1.216686367988586426e-01,5.500197410583496094e-03,-9.151207655668258667e-02
1.216686367988586426e-01,5.500197410583496094e-03,-9.151207655668258667e-02
1.226550042629241943e-01,5.565860774368047714e-03,-9.152963012456893921e-02
1.226550042629241943e-01,5.565860774368047714e-03,-9.152963012456893921e-02
1.236430034041404724e-01,5.632184445858001709e-03,-9.154669195413589478e-02
1.236430034041404724e-01,5.632184445858001709e-03,-9.154669195413589478e-02
1.246326193213462830e-01,5.699162837117910385e-03,-9.156327694654464722e-02
1.246326193213462830e-01,5.699162837117910385e-03,-9.156327694654464722e-02
1.256238818168640137e-01,5.766801070421934128e-03,-9.157938510179519653e-02
1.256238818168640137e-01,5.766801070421934128e-03,-9.157938510179519653e-02
1.266167610883712769e-01,5.835098680108785629e-03,-9.159499406814575195e-02
1.266167610883712769e-01,5.835098680108785629e-03,-9.159499406814575195e-02
1.276112943887710571e-01,5.904054734855890274e-03,-9.161011874675750732e-02
1.276112943887710571e-01,5.904054734855890274e-03,-9.161011874675750732e-02
1.286074519157409668e-01,5.973669700324535370e-03,-9.162475913763046265e-02
1.286074519157409668e-01,5.973669700324535370e-03,-9.162475913763046265e-02
1.296052336692810059e-01,6.043940316885709763e-03,-9.163890779018402100e-02
1.296052336692810059e-01,6.043940316885709763e-03,-9.163890779018402100e-02
1.306046694517135620e-01,6.114874500781297684e-03,-9.165257960557937622e-02
1.306046694517135620e-01,6.114874500781297684e-03,-9.165257960557937622e-02
1.316057592630386353e-01,6.186464335769414902e-03,-9.166575968265533447e-02
1.316057592630386353e-01,6.186464335769414902e-03,-9.166575968265533447e-02
1.326084882020950317e-01,6.258713547140359879e-03,-9.167843312025070190e-02
1.326084882020950317e-01,6.258713547140359879e-03,-9.167843312025070190e-02
1.336128562688827515e-01,6.331624928861856461e-03,-9.169062227010726929e-02
1.336128562688827515e-01,6.331624928861856461e-03,-9.169062227010726929e-02
1.346189230680465698e-01,6.405194289982318878e-03,-9.170231968164443970e-02
1.346189230680465698e-01,6.405194289982318878e-03,-9.170231968164443970e-02
1.356266289949417114e-01,6.479424424469470978e-03,-9.171351790428161621e-02
1.356266289949417114e-01,6.479424424469470978e-03,-9.171351790428161621e-02
1.366360187530517578e-01,6.554315332323312759e-03,-9.172423183917999268e-02
1.366360187530517578e-01,6.554315332323312759e-03,-9.172423183917999268e-02
1.376470178365707397e-01,6.629864219576120377e-03,-9.173443168401718140e-02
1.376470178365707397e-01,6.629864219576120377e-03,-9.173443168401718140e-02
1.386597305536270142e-01,6.706075742840766907e-03,-9.174413979053497314e-02
1.386597305536270142e-01,6.706075742840766907e-03,-9.174413979053497314e-02
1.396741271018981934e-01,6.782947108149528503e-03,-9.175334125757217407e-02
1.396741271018981934e-01,6.782947108149528503e-03,-9.175334125757217407e-02
1.406901925802230835e-01,6.860480643808841705e-03,-9.176205098628997803e-02
1.406901925802230835e-01,6.860480643808841705e-03,-9.176205098628997803e-02
1.417078971862792969e-01,6.938672158867120743e-03,-9.177024662494659424e-02
1.417078971862792969e-01,6.938672158867120743e-03,-9.177024662494659424e-02
1.427273452281951904e-01,7.017527241259813309e-03,-9.177795797586441040e-02
1.427273452281951904e-01,7.017527241259813309e-03,-9.177795797586441040e-02
1.437484472990036011e-01,7.097042631357908249e-03,-9.178515523672103882e-02
1.437484472990036011e-01,7.097042631357908249e-03,-9.178515523672103882e-02
1.447712630033493042e-01,7.177222054451704025e-03,-9.179184585809707642e-02
1.447712630033493042e-01,7.177222054451704025e-03,-9.179184585809707642e-02
1.457957327365875244e-01,7.258060853928327560e-03,-9.179803729057312012e-02
1.457957327365875244e-01,7.258060853928327560e-03,-9.179803729057312012e-02
1.468219459056854248e-01,7.339564152061939240e-03,-9.180370718240737915e-02
1.468219459056854248e-01,7.339564152061939240e-03,-9.180370718240737915e-02
1.478498131036758423e-01,7.421724498271942139e-03,-9.180887788534164429e-02
1.478498131036758423e-01,7.421724498271942139e-03,-9.180887788534164429e-02
1.488794237375259399e-01,7.504550274461507797e-03,-9.181354194879531860e-02
1.488794237375259399e-01,7.504550274461507797e-03,-9.181354194879531860e-02
1.499107331037521362e-01,7.588040549308061600e-03,-9.181769192218780518e-02
1.499107331037521362e-01,7.588040549308061600e-03,-9.181769192218780518e-02
1.509437263011932373e-01,7.672190666198730469e-03,-9.182132035493850708e-02
1.509437263011932373e-01,7.672190666198730469e-03,-9.182132035493850708e-02
1.519784629344940186e-01,7.757002953439950943e-03,-9.182444959878921509e-02
1.519784629344940186e-01,7.757002953439950943e-03,-9.182444959878921509e-02
1.530148833990097046e-01,7.842479273676872253e-03,-9.182705730199813843e-02
1.530148833990097046e-01,7.842479273676872253e-03,-9.182705730199813843e-02
1.540530472993850708e-01,7.928620092570781708e-03,-9.182915091514587402e-02
1.540530472993850708e-01,7.928620092570781708e-03,-9.182915091514587402e-02
1.550929546356201172e-01,8.015424013137817383e-03,-9.183071553707122803e-02
1.550929546356201172e-01,8.015424013137817383e-03,-9.183071553707122803e-02
1.561345458030700684e-01,8.102889172732830048e-03,-9.183177351951599121e-02
1.561345458030700684e-01,8.102889172732830048e-03,-9.183177351951599121e-02
1.571779102087020874e-01,8.191021159291267395e-03,-9.183231741189956665e-02
1.571779102087020874e-01,8.191021159291267395e-03,-9.183231741189956665e-02
1.582229733467102051e-01,8.279816247522830963e-03,-9.183233231306076050e-02
1.582229733467102051e-01,8.279816247522830963e-03,-9.183233231306076050e-02
1.592698097229003906e-01,8.369275368750095367e-03,-9.183182567358016968e-02
1.592698097229003906e-01,8.369275368750095367e-03,-9.183182567358016968e-02
1.603183597326278687e-01,8.459397591650485992e-03,-9.183080494403839111e-02
1.603183597326278687e-01,8.459397591650485992e-03,-9.183080494403839111e-02
1.613686680793762207e-01,8.550183847546577454e-03,-9.182925522327423096e-02
1.613686680793762207e-01,8.550183847546577454e-03,-9.182925522327423096e-02
1.624207049608230591e-01,8.641636930406093597e-03,-9.182718396186828613e-02
1.624207049608230591e-01,8.641636930406093597e-03,-9.182718396186828613e-02
1.634745001792907715e-01,8.733752183616161346e-03,-9.182459115982055664e-02
1.634745001792907715e-01,8.733752183616161346e-03,-9.182459115982055664e-02
1.645300537347793579e-01,8.826534263789653778e-03,-9.182144701480865479e-02
1.645300537347793579e-01,8.826534263789653778e-03,-9.182144701480865479e-02
1.655873805284500122e-01,8.919983170926570892e-03,-9.181780368089675903e-02
1.655873805284500122e-01,8.919983170926570892e-03,-9.181780368089675903e-02
1.666464358568191528e-01,9.014096111059188843e-03,-9.181360900402069092e-02
1.666464358568191528e-01,9.014096111059188843e-03,-9.181360900402069092e-02
1.677072644233703613e-01,9.108874015510082245e-03,-9.180890023708343506e-02
1.677072644233703613e-01,9.108874015510082245e-03,-9.180890023708343506e-02
1.687698513269424438e-01,9.204315952956676483e-03,-9.180365502834320068e-02
1.687698513269424438e-01,9.204315952956676483e-03,-9.180365502834320068e-02
1.698342412710189819e-01,9.300426580011844635e-03,-9.179786592721939087e-02
1.698342412710189819e-01,9.300426580011844635e-03,-9.179786592721939087e-02
1.709003746509552002e-01,9.397202171385288239e-03,-9.179156273603439331e-02
1.709003746509552002e-01,9.397202171385288239e-03,-9.179156273603439331e-02
1.719682961702346802e-01,9.494644589722156525e-03,-9.178470075130462646e-02
1.719682961702346802e-01,9.494644589722156525e-03,-9.178470075130462646e-02
1.730380058288574219e-01,9.592753835022449493e-03,-9.177731722593307495e-02
1.730380058288574219e-01,9.592753835022449493e-03,-9.177731722593307495e-02
1.741094738245010376e-01,9.691527113318443298e-03,-9.176939725875854492e-02
1.741094738245010376e-01,9.691527113318443298e-03,-9.176939725875854492e-02
1.751827448606491089e-01,9.790970012545585632e-03,-9.176093339920043945e-02
1.751827448606491089e-01,9.790970012545585632e-03,-9.176093339920043945e-02
1.762578189373016357e-01,9.891078807413578033e-03,-9.175193309783935547e-02
1.762578189373016357e-01,9.891078807413578033e-03,-9.175193309783935547e-02
1.773346811532974243e-01,9.991856291890144348e-03,-9.174239635467529297e-02
1.773346811532974243e-01,9.991856291890144348e-03,-9.174239635467529297e-02
1.784133166074752808e-01,1.009330060333013535e-02,-9.173231571912765503e-02
1.784133166074752808e-01,1.009330060333013535e-02,-9.173231571912765503e-02
1.794937849044799805e-01,1.019541081041097641e-02,-9.172167629003524780e-02
1.794937849044799805e-01,1.019541081041097641e-02,-9.172167629003524780e-02
1.805760413408279419e-01,1.029819156974554062e-02,-9.171051532030105591e-02
1.805760413408279419e-01,1.029819156974554062e-02,-9.171051532030105591e-02
1.816601157188415527e-01,1.040163543075323105e-02,-9.169880300760269165e-02
1.816601157188415527e-01,1.040163543075323105e-02,-9.169880300760269165e-02
1.827459782361984253e-01,1.050575077533721924e-02,-9.168653190135955811e-02
1.827459782361984253e-01,1.050575077533721924e-02,-9.168653190135955811e-02
1.838336586952209473e-01,1.061053387820720673e-02,-9.167372435331344604e-02
1.838336586952209473e-01,1.061053387820720673e-02,-9.167372435331344604e-02
1.849231719970703125e-01,1.071598567068576813e-02,-9.166035801172256470e-02
1.849231719970703125e-01,1.071598567068576813e-02,-9.166035801172256470e-02
1.860144883394241333e-01,1.082210429012775421e-02,-9.164644777774810791e-02
1.860144883394241333e-01,1.082210429012775421e-02,-9.164644777774810791e-02
1.871076226234436035e-01,1.092889532446861267e-02,-9.163199365139007568e-02
1.871076226234436035e-01,1.092889532446861267e-02,-9.163199365139007568e-02
1.882026344537734985e-01,1.103635318577289581e-02,-9.161697328090667725e-02
1.882026344537734985e-01,1.103635318577289581e-02,-9.161697328090667725e-02
1.892994046211242676e-01,1.114447880536317825e-02,-9.160140156745910645e-02
1.892994046211242676e-01,1.114447880536317825e-02,-9.160140156745910645e-02
1.903980672359466553e-01,1.125327590852975845e-02,-9.158528596162796021e-02
1.903980672359466553e-01,1.125327590852975845e-02,-9.158528596162796021e-02
1.914985477924346924e-01,1.136274170130491257e-02,-9.156860411167144775e-02
1.914985477924346924e-01,1.136274170130491257e-02,-9.156860411167144775e-02
1.926008462905883789e-01,1.147287618368864059e-02,-9.155137836933135986e-02
1.926008462905883789e-01,1.147287618368864059e-02,-9.155137836933135986e-02
1.937050223350524902e-01,1.158368401229381561e-02,-9.153358638286590576e-02
1.937050223350524902e-01,1.158368401229381561e-02,-9.153358638286590576e-02
1.948110312223434448e-01,1.169515959918498993e-02,-9.151522815227508545e-02
1.948110312223434448e-01,1.169515959918498993e-02,-9.151522815227508545e-02
1.959188729524612427e-01,1.180730387568473816e-02,-9.149631857872009277e-02
1.959188729524612427e-01,1.180730387568473816e-02,-9.149631857872009277e-02
1.970286071300506592e-01,1.192012149840593338e-02,-9.147685766220092773e-02
1.970286071300506592e-01,1.192012149840593338e-02,-9.147685766220092773e-02
1.981401741504669189e-01,1.203360967338085175e-02,-9.145682305097579956e-02
1.981401741504669189e-01,1.203360967338085175e-02,-9.145682305097579956e-02
1.992535889148712158e-01,1.214776746928691864e-02,-9.143622219562530518e-02
1.992535889148712158e-01,1.214776746928691864e-02,-9.143622219562530518e-02
2.003688812255859375e-01,1.226259768009185791e-02,-9.141505509614944458e-02
2.003688812255859375e-01,1.226259768009185791e-02,-9.141505509614944458e-02
2.014860510826110840e-01,1.237809471786022186e-02,-9.139332175254821777e-02
2.014860510826110840e-01,1.237809471786022186e-02,-9.139332175254821777e-02
2.026050686836242676e-01,1.249426789581775665e-02,-9.137102216482162476e-02
2.026050686836242676e-01,1.249426789581775665e-02,-9.137102216482162476e-02
2.037259638309478760e-01,1.261110976338386536e-02,-9.134817123413085938e-02
2.037259638309478760e-01,1.261110976338386536e-02,-9.134817123413085938e-02
2.048487514257431030e-01,1.272862497717142105e-02,-9.132472425699234009e-02
2.048487514257431030e-01,1.272862497717142105e-02,-9.132472425699234009e-02
2.059734314680099487e-01,1.284680981189012527e-02,-9.130071848630905151e-02
2.059734314680099487e-01,1.284680981189012527e-02,-9.130071848630905151e-02
2.070999592542648315e-01,1.296566985547542572e-02,-9.127614647150039673e-02
2.070999592542648315e-01,1.296566985547542572e-02,-9.127614647150039673e-02
2.082283943891525269e-01,1.308519765734672546e-02,-9.125099331140518188e-02
2.082283943891525269e-01,1.308519765734672546e-02,-9.125099331140518188e-02
2.093587070703506470e-01,1.320540253072977066e-02,-9.122526645660400391e-02
2.093587070703506470e-01,1.320540253072977066e-02,-9.122526645660400391e-02
2.104909420013427734e-01,1.332627609372138977e-02,-9.119897335767745972e-02
2.104909420013427734e-01,1.332627609372138977e-02,-9.119897335767745972e-02
2.116250544786453247e-01,1.344782672822475433e-02,-9.117210656404495239e-02
2.116250544786453247e-01,1.344782672822475433e-02,-9.117210656404495239e-02
2.127610296010971069e-01,1.357004698365926743e-02,-9.114463627338409424e-02
2.127610296010971069e-01,1.357004698365926743e-02,-9.114463627338409424e-02
2.138989567756652832e-01,1.369294337928295135e-02,-9.111661463975906372e-02
2.138989567756652832e-01,1.369294337928295135e-02,-9.111661463975906372e-02
2.150387763977050781e-01,1.381651218980550766e-02,-9.108800441026687622e-02
2.150387763977050781e-01,1.381651218980550766e-02,-9.108800441026687622e-02
2.161805182695388794e-01,1.394075062125921249e-02,-9.105881303548812866e-02
2.161805182695388794e-01,1.394075062125921249e-02,-9.105881303548812866e-02
2.173241823911666870e-01,1.406566798686981201e-02,-9.102904051542282104e-02
2.173241823911666870e-01,1.406566798686981201e-02,-9.102904051542282104e-02
2.184697240591049194e-01,1.419125683605670929e-02,-9.099868685007095337e-02
2.184697240591049194e-01,1.419125683605670929e-02,-9.099868685007095337e-02
2.196172028779983521e-01,1.431752089411020279e-02,-9.096773713827133179e-02
2.196172028779983521e-01,1.431752089411020279e-02,-9.096773713827133179e-02
2.207666188478469849e-01,1.444445643573999405e-02,-9.093621373176574707e-02
2.207666188478469849e-01,1.444445643573999405e-02,-9.093621373176574707e-02
2.219179570674896240e-01,1.457206718623638153e-02,-9.090410917997360229e-02
2.219179570674896240e-01,1.457206718623638153e-02,-9.090410917997360229e-02
2.230711877346038818e-01,1.470035500824451447e-02,-9.087140113115310669e-02
2.230711877346038818e-01,1.470035500824451447e-02,-9.087140113115310669e-02
2.242264151573181152e-01,1.482931710779666901e-02,-9.083811193704605103e-02
2.242264151573181152e-01,1.482931710779666901e-02,-9.083811193704605103e-02
2.253835499286651611e-01,1.495895069092512131e-02,-9.080423414707183838e-02
2.253835499286651611e-01,1.495895069092512131e-02,-9.080423414707183838e-02
2.265426367521286011e-01,1.508926320821046829e-02,-9.076976031064987183e-02
2.265426367521286011e-01,1.508926320821046829e-02,-9.076976031064987183e-02
2.277036458253860474e-01,1.522024907171726227e-02,-9.073470532894134521e-02
2.277036458253860474e-01,1.522024907171726227e-02,-9.073470532894134521e-02
2.288666069507598877e-01,1.535191107541322708e-02,-9.069904685020446777e-02
2.288666069507598877e-01,1.535191107541322708e-02,-9.069904685020446777e-02
2.300315201282501221e-01,1.548424921929836273e-02,-9.066279232501983643e-02
2.300315201282501221e-01,1.548424921929836273e-02,-9.066279232501983643e-02
2.311984002590179443e-01,1.561726257205009460e-02,-9.062594920396804810e-02
2.311984002590179443e-01,1.561726257205009460e-02,-9.062594920396804810e-02
2.323672175407409668e-01,1.575095206499099731e-02,-9.058850258588790894e-02
2.323672175407409668e-01,1.575095206499099731e-02,-9.058850258588790894e-02
2.335379868745803833e-01,1.588531956076622009e-02,-9.055046737194061279e-02
2.335379868745803833e-01,1.588531956076622009e-02,-9.055046737194061279e-02
2.347107678651809692e-01,1.602035947144031525e-02,-9.051182121038436890e-02
2.347107678651809692e-01,1.602035947144031525e-02,-9.051182121038436890e-02
2.358854860067367554e-01,1.615607924759387970e-02,-9.047258645296096802e-02
2.358854860067367554e-01,1.615607924759387970e-02,-9.047258645296096802e-02
2.370621711015701294e-01,1.629247702658176422e-02,-9.043274074792861938e-02
2.370621711015701294e-01,1.629247702658176422e-02,-9.043274074792861938e-02
2.382408082485198975e-01,1.642954535782337189e-02,-9.039228409528732300e-02
2.382408082485198975e-01,1.642954535782337189e-02,-9.039228409528732300e-02
2.394214421510696411e-01,1.656729727983474731e-02,-9.035124629735946655e-02
2.394214421510696411e-01,1.656729727983474731e-02,-9.035124629735946655e-02
2.406040430068969727e-01,1.670572161674499512e-02,-9.030959755182266235e-02
2.406040430068969727e-01,1.670572161674499512e-02,-9.030959755182266235e-02
2.417886555194854736e-01,1.684482581913471222e-02,-9.026733785867691040e-02
2.417886555194854736e-01,1.684482581913471222e-02,-9.026733785867691040e-02
2.429752647876739502e-01,1.698461174964904785e-02,-9.022446721792221069e-02
2.429752647876739502e-01,1.698461174964904785e-02,-9.022446721792221069e-02
2.441638559103012085e-01,1.712507195770740509e-02,-9.018099308013916016e-02
2.441638559103012085e-01,1.712507195770740509e-02,-9.018099308013916016e-02
2.453544139862060547e-01,1.726620644330978394e-02,-9.013690799474716187e-02
2.453544139862060547e-01,1.726620644330978394e-02,-9.013690799474716187e-02
2.465469688177108765e-01,1.740802265703678131e-02,-9.009221196174621582e-02
2.465469688177108765e-01,1.740802265703678131e-02,-9.009221196174621582e-02
2.477415502071380615e-01,1.755052059888839722e-02,-9.004690498113632202e-02
2.477415502071380615e-01,1.755052059888839722e-02,-9.004690498113632202e-02
2.489380985498428345e-01,1.769368909299373627e-02,-9.000098705291748047e-02
2.489380985498428345e-01,1.769368909299373627e-02,-9.000098705291748047e-02
2.501367032527923584e-01,1.783754304051399231e-02,-8.995445072650909424e-02
2.501367032527923584e-01,1.783754304051399231e-02,-8.995445072650909424e-02
2.513372898101806641e-01,1.798207685351371765e-02,-8.990731090307235718e-02
2.513372898101806641e-01,1.798207685351371765e-02,-8.990731090307235718e-02
2.525398731231689453e-01,1.812728308141231537e-02,-8.985954523086547852e-02
2.525398731231689453e-01,1.812728308141231537e-02,-8.985954523086547852e-02
2.537445127964019775e-01,1.827317476272583008e-02,-8.981115370988845825e-02
2.537445127964019775e-01,1.827317476272583008e-02,-8.981115370988845825e-02
2.549511492252349854e-01,1.841974258422851562e-02,-8.976215869188308716e-02
2.549511492252349854e-01,1.841974258422851562e-02,-8.976215869188308716e-02
2.561598122119903564e-01,1.856698840856552124e-02,-8.971253782510757446e-02
2.561598122119903564e-01,1.856698840856552124e-02,-8.971253782510757446e-02
2.573705017566680908e-01,1.871491968631744385e-02,-8.966229856014251709e-02
2.573705017566680908e-01,1.871491968631744385e-02,-8.966229856014251709e-02
2.585832178592681885e-01,1.886352710425853729e-02,-8.961143344640731812e-02
2.585832178592681885e-01,1.886352710425853729e-02,-8.961143344640731812e-02
2.597979605197906494e-01,1.901281438767910004e-02,-8.955994993448257446e-02
2.597979605197906494e-01,1.901281438767910004e-02,-8.955994993448257446e-02
2.610147595405578613e-01,1.916278526186943054e-02,-8.950784057378768921e-02
2.610147595405578613e-01,1.916278526186943054e-02,-8.950784057378768921e-02
2.622335553169250488e-01,1.931343041360378265e-02,-8.945509791374206543e-02
2.622335553169250488e-01,1.931343041360378265e-02,-8.945509791374206543e-02
2.634544670581817627e-01,1.946476101875305176e-02,-8.940173685550689697e-02
2.634544670581817627e-01,1.946476101875305176e-02,-8.940173685550689697e-02
2.646774053573608398e-01,1.961677521467208862e-02,-8.934774994850158691e-02
2.646774053573608398e-01,1.961677521467208862e-02,-8.934774994850158691e-02
2.659023702144622803e-01,1.976946368813514709e-02,-8.929312974214553833e-02
2.659023702144622803e-01,1.976946368813514709e-02,-8.929312974214553833e-02
2.671293914318084717e-01,1.992284320294857025e-02,-8.923788368701934814e-02
2.671293914318084717e-01,1.992284320294857025e-02,-8.923788368701934814e-02
2.683584392070770264e-01,2.007689327001571655e-02,-8.918199688196182251e-02
2.683584392070770264e-01,2.007689327001571655e-02,-8.918199688196182251e-02
2.695896327495574951e-01,2.023163251578807831e-02,-8.912549167871475220e-02
2.695896327495574951e-01,2.023163251578807831e-02,-8.912549167871475220e-02
2.708228230476379395e-01,2.038704976439476013e-02,-8.906834572553634644e-02
2.708228230476379395e-01,2.038704976439476013e-02,-8.906834572553634644e-02
2.720580995082855225e-01,2.054315060377120972e-02,-8.901056647300720215e-02
2.720580995082855225e-01,2.054315060377120972e-02,-8.901056647300720215e-02
2.732954025268554688e-01,2.069992944598197937e-02,-8.895214647054672241e-02
2.732954025268554688e-01,2.069992944598197937e-02,-8.895214647054672241e-02
2.745348513126373291e-01,2.085739746689796448e-02,-8.889309316873550415e-02
2.745348513126373291e-01,2.085739746689796448e-02,-8.889309316873550415e-02
2.757763266563415527e-01,2.101554349064826965e-02,-8.883339911699295044e-02
2.757763266563415527e-01,2.101554349064826965e-02,-8.883339911699295044e-02
2.770199179649353027e-01,2.117437310516834259e-02,-8.877306431531906128e-02
2.770199179649353027e-01,2.117437310516834259e-02,-8.877306431531906128e-02
2.782655656337738037e-01,2.133388631045818329e-02,-8.871210366487503052e-02
2.782655656337738037e-01,2.133388631045818329e-02,-8.871210366487503052e-02
2.795132994651794434e-01,2.149408310651779175e-02,-8.865048736333847046e-02
2.795132994651794434e-01,2.149408310651779175e-02,-8.865048736333847046e-02
2.807631194591522217e-01,2.165495976805686951e-02,-8.858823031187057495e-02
2.807631194591522217e-01,2.165495976805686951e-02,-8.858823031187057495e-02
2.820150852203369141e-01,2.181652560830116272e-02,-8.852533996105194092e-02
2.820150852203369141e-01,2.181652560830116272e-02,-8.852533996105194092e-02
2.832690775394439697e-01,2.197877317667007446e-02,-8.846179395914077759e-02
2.832690775394439697e-01,2.197877317667007446e-02,-8.846179395914077759e-02
2.845252156257629395e-01,2.214170247316360474e-02,-8.839759975671768188e-02
2.845252156257629395e-01,2.214170247316360474e-02,-8.839759975671768188e-02
2.857834398746490479e-01,2.230531536042690277e-02,-8.833276480436325073e-02
2.857834398746490479e-01,2.230531536042690277e-02,-8.833276480436325073e-02
2.870437800884246826e-01,2.246961370110511780e-02,-8.826728165149688721e-02
2.870437800884246826e-01,2.246961370110511780e-02,-8.826728165149688721e-02
2.883062064647674561e-01,2.263459563255310059e-02,-8.820114284753799438e-02
2.883062064647674561e-01,2.263459563255310059e-02,-8.820114284753799438e-02
2.895707488059997559e-01,2.280026488006114960e-02,-8.813436329364776611e-02
2.895707488059997559e-01,2.280026488006114960e-02,-8.813436329364776611e-02
2.908374667167663574e-01,2.296661771833896637e-02,-8.806692063808441162e-02
2.908374667167663574e-01,2.296661771833896637e-02,-8.806692063808441162e-02
2.921062409877777100e-01,2.313365601003170013e-02,-8.799883723258972168e-02
2.921062409877777100e-01,2.313365601003170013e-02,-8.799883723258972168e-02
2.933771908283233643e-01,2.330137789249420166e-02,-8.793009817600250244e-02
2.933771908283233643e-01,2.330137789249420166e-02,-8.793009817600250244e-02
2.946501970291137695e-01,2.346978150308132172e-02,-8.786068856716156006e-02
2.946501970291137695e-01,2.346978150308132172e-02,-8.786068856716156006e-02
2.959253489971160889e-01,2.363887429237365723e-02,-8.779063820838928223e-02
2.959253489971160889e-01,2.363887429237365723e-02,-8.779063820838928223e-02
2.972026765346527100e-01,2.380865439772605896e-02,-8.771993219852447510e-02
2.972026765346527100e-01,2.380865439772605896e-02,-8.771993219852447510e-02
2.984821200370788574e-01,2.397911809384822845e-02,-8.764855563640594482e-02
2.984821200370788574e-01,2.397911809384822845e-02,-8.764855563640594482e-02
2.997637093067169189e-01,2.415026724338531494e-02,-8.757652342319488525e-02
2.997637093067169189e-01,2.415026724338531494e-02,-8.757652342319488525e-02
3.010474145412445068e-01,2.432210557162761688e-02,-8.750383555889129639e-02
3.010474145412445068e-01,2.432210557162761688e-02,-8.750383555889129639e-02
3.023333251476287842e-01,2.449462935328483582e-02,-8.743048459291458130e-02
3.023333251476287842e-01,2.449462935328483582e-02,-8.743048459291458130e-02
3.036213219165802002e-01,2.466783486306667328e-02,-8.735647052526473999e-02
3.036213219165802002e-01,2.466783486306667328e-02,-8.735647052526473999e-02
3.049115240573883057e-01,2.484173141419887543e-02,-8.728178590536117554e-02
3.049115240573883057e-01,2.484173141419887543e-02,-8.728178590536117554e-02
3.062038421630859375e-01,2.501631341874599457e-02,-8.720643073320388794e-02
3.062038421630859375e-01,2.501631341874599457e-02,-8.720643073320388794e-02
3.074983358383178711e-01,2.519158646464347839e-02,-8.713042736053466797e-02
3.074983358383178711e-01,2.519158646464347839e-02,-8.713042736053466797e-02
3.087950050830841064e-01,2.536754123866558075e-02,-8.705374598503112793e-02
3.087950050830841064e-01,2.536754123866558075e-02,-8.705374598503112793e-02
3.100938200950622559e-01,2.554418519139289856e-02,-8.697639405727386475e-02
3.100938200950622559e-01,2.554418519139289856e-02,-8.697639405727386475e-02
3.113948106765747070e-01,2.572151459753513336e-02,-8.689837902784347534e-02
3.113948106765747070e-01,2.572151459753513336e-02,-8.689837902784347534e-02
3.126980066299438477e-01,2.589953877031803131e-02,-8.681968599557876587e-02
3.126980066299438477e-01,2.589953877031803131e-02,-8.681968599557876587e-02
3.140033483505249023e-01,2.607824467122554779e-02,-8.674032241106033325e-02
3.140033483505249023e-01,2.607824467122554779e-02,-8.674032241106033325e-02
3.153108358383178711e-01,2.625764347612857819e-02,-8.666028082370758057e-02
3.153108358383178711e-01,2.625764347612857819e-02,-8.666028082370758057e-02
3.166205585002899170e-01,2.643772587180137634e-02,-8.657957613468170166e-02
3.166205585002899170e-01,2.643772587180137634e-02,-8.657957613468170166e-02
3.179324567317962646e-01,2.661849744617938995e-02,-8.649819344282150269e-02
3.179324567317962646e-01,2.661849744617938995e-02,-8.649819344282150269e-02
3.192465305328369141e-01,2.679995819926261902e-02,-8.641612529754638672e-02
3.192465305328369141e-01,2.679995819926261902e-02,-8.641612529754638672e-02
3.205628395080566406e-01,2.698210999369621277e-02,-8.633337914943695068e-02
3.205628395080566406e-01,2.698210999369621277e-02,-8.633337914943695068e-02
3.218812644481658936e-01,2.716494910418987274e-02,-8.624996244907379150e-02
3.218812644481658936e-01,2.716494910418987274e-02,-8.624996244907379150e-02
3.232019543647766113e-01,2.734847739338874817e-02,-8.616586029529571533e-02
3.232019543647766113e-01,2.734847739338874817e-02,-8.616586029529571533e-02
3.245248496532440186e-01,2.753269672393798828e-02,-8.608108013868331909e-02
3.245248496532440186e-01,2.753269672393798828e-02,-8.608108013868331909e-02
3.258499205112457275e-01,2.771760337054729462e-02,-8.599561452865600586e-02
3.258499205112457275e-01,2.771760337054729462e-02,-8.599561452865600586e-02
3.271772563457489014e-01,2.790320292115211487e-02,-8.590946346521377563e-02
3.271772563457489014e-01,2.790320292115211487e-02,-8.590946346521377563e-02
3.285067379474639893e-01,2.808948792517185211e-02,-8.582263439893722534e-02
3.285067379474639893e-01,2.808948792517185211e-02,-8.582263439893722534e-02
3.298384547233581543e-01,2.827646397054195404e-02,-8.573511242866516113e-02
3.298384547233581543e-01,2.827646397054195404e-02,-8.573511242866516113e-02
3.311724066734313965e-01,2.846413478255271912e-02,-8.564690500497817993e-02
3.311724066734313965e-01,2.846413478255271912e-02,-8.564690500497817993e-02
3.325085639953613281e-01,2.865249104797840118e-02,-8.555801212787628174e-02
3.325085639953613281e-01,2.865249104797840118e-02,-8.555801212787628174e-02
3.338469564914703369e-01,2.884154021739959717e-02,-8.546841889619827271e-02
3.338469564914703369e-01,2.884154021739959717e-02,-8.546841889619827271e-02
3.351875841617584229e-01,2.903128229081630707e-02,-8.537815511226654053e-02
3.351875841617584229e-01,2.903128229081630707e-02,-8.537815511226654053e-02
3.365304470062255859e-01,2.922171168029308319e-02,-8.528718352317810059e-02
3.365304470062255859e-01,2.922171168029308319e-02,-8.528718352317810059e-02
3.378755450248718262e-01,2.941283211112022400e-02,-8.519551903009414673e-02
3.378755450248718262e-01,2.941283211112022400e-02,-8.519551903009414673e-02
3.392228782176971436e-01,2.960465103387832642e-02,-8.510317653417587280e-02
3.392228782176971436e-01,2.960465103387832642e-02,-8.510317653417587280e-02
3.405724465847015381e-01,2.979715168476104736e-02,-8.501011878252029419e-02
3.405724465847015381e-01,2.979715168476104736e-02,-8.501011878252029419e-02
3.419242799282073975e-01,2.999034896492958069e-02,-8.491637557744979858e-02
3.419242799282073975e-01,2.999034896492958069e-02,-8.491637557744979858e-02
3.432783484458923340e-01,3.018423728644847870e-02,-8.482193201780319214e-02
3.432783484458923340e-01,3.018423728644847870e-02,-8.482193201780319214e-02
3.446346819400787354e-01,3.037881851196289062e-02,-8.472679555416107178e-02
3.446346819400787354e-01,3.037881851196289062e-02,-8.472679555416107178e-02
3.459932506084442139e-01,3.057409264147281647e-02,-8.463094383478164673e-02
3.459932506084442139e-01,3.057409264147281647e-02,-8.463094383478164673e-02
3.473541140556335449e-01,3.077005967497825623e-02,-8.453441411256790161e-02
3.473541140556335449e-01,3.077005967497825623e-02,-8.453441411256790161e-02
3.487172126770019531e-01,3.096671402454376221e-02,-8.443716913461685181e-02
3.487172126770019531e-01,3.096671402454376221e-02,-8.443716913461685181e-02
3.500826060771942139e-01,3.116406872868537903e-02,-8.433922380208969116e-02
3.500826060771942139e-01,3.116406872868537903e-02,-8.433922380208969116e-02
3.514502644538879395e-01,3.136211261153221130e-02,-8.424057066440582275e-02
3.514502644538879395e-01,3.136211261153221130e-02,-8.424057066440582275e-02
3.528201580047607422e-01,3.156084939837455750e-02,-8.414120972156524658e-02
3.528201580047607422e-01,3.156084939837455750e-02,-8.414120972156524658e-02
3.541923463344573975e-01,3.176028281450271606e-02,-8.404114842414855957e-02
3.541923463344573975e-01,3.176028281450271606e-02,-8.404114842414855957e-02
3.555668592453002930e-01,3.196040540933609009e-02,-8.394037932157516479e-02
3.555668592453002930e-01,3.196040540933609009e-02,-8.394037932157516479e-02
3.569436073303222656e-01,3.216122463345527649e-02,-8.383890241384506226e-02
3.569436073303222656e-01,3.216122463345527649e-02,-8.383890241384506226e-02
3.583226203918457031e-01,3.236273303627967834e-02,-8.373671025037765503e-02
3.583226203918457031e-01,3.236273303627967834e-02,-8.373671025037765503e-02
3.597039580345153809e-01,3.256494179368019104e-02,-8.363381028175354004e-02
3.597039580345153809e-01,3.256494179368019104e-02,-8.363381028175354004e-02
3.610875904560089111e-01,3.276783972978591919e-02,-8.353018760681152344e-02
3.610875904560089111e-01,3.276783972978591919e-02,-8.353018760681152344e-02
3.624734878540039062e-01,3.297143802046775818e-02,-8.342587202787399292e-02
3.624734878540039062e-01,3.297143802046775818e-02,-8.342587202787399292e-02
3.638617694377899170e-01,3.317572921514511108e-02,-8.332082629203796387e-02
3.638617694377899170e-01,3.317572921514511108e-02,-8.332082629203796387e-02
3.652522563934326172e-01,3.338071331381797791e-02,-8.321507275104522705e-02
3.652522563934326172e-01,3.338071331381797791e-02,-8.321507275104522705e-02
3.666450977325439453e-01,3.358639404177665710e-02,-8.310859650373458862e-02
3.666450977325439453e-01,3.358639404177665710e-02,-8.310859650373458862e-02
