7.963347434997558594e-02,8.204276859760284424e-02,-1.056370586156845093e-01
7.963347434997558594e-02,8.204276859760284424e-02,-1.056370586156845093e-01
7.918105274438858032e-02,8.249013125896453857e-02,-1.045720353722572327e-01
7.918105274438858032e-02,8.249013125896453857e-02,-1.045720353722572327e-01
7.873085886240005493e-02,8.293674886226654053e-02,-1.035093441605567932e-01
7.873085886240005493e-02,8.293674886226654053e-02,-1.035093441605567932e-01
7.828288525342941284e-02,8.338262140750885010e-02,-1.024489775300025940e-01
7.828288525342941284e-02,8.338262140750885010e-02,-1.024489775300025940e-01
7.783712446689605713e-02,8.382774144411087036e-02,-1.013909131288528442e-01
7.783712446689605713e-02,8.382774144411087036e-02,-1.013909131288528442e-01
7.739356905221939087e-02,8.427210897207260132e-02,-1.003351733088493347e-01
7.739356905221939087e-02,8.427210897207260132e-02,-1.003351733088493347e-01
7.695223391056060791e-02,8.471573144197463989e-02,-9.928173571825027466e-02
7.695223391056060791e-02,8.471573144197463989e-02,-9.928173571825027466e-02
7.651310414075851440e-02,8.515861630439758301e-02,-9.823063760995864868e-02
7.651310414075851440e-02,8.515861630439758301e-02,-9.823063760995864868e-02
7.607616484165191650e-02,8.560073375701904297e-02,-9.718181937932968140e-02
7.607616484165191650e-02,8.560073375701904297e-02,-9.718181937932968140e-02
7.564143836498260498e-02,8.604209870100021362e-02,-9.613529592752456665e-02
7.564143836498260498e-02,8.604209870100021362e-02,-9.613529592752456665e-02
7.520888745784759521e-02,8.648271858692169189e-02,-9.509107470512390137e-02
7.520888745784759521e-02,8.648271858692169189e-02,-9.509107470512390137e-02
7.477851957082748413e-02,8.692259341478347778e-02,-9.404915571212768555e-02
7.477851957082748413e-02,8.692259341478347778e-02,-9.404915571212768555e-02
7.435035705566406250e-02,8.736171573400497437e-02,-9.300950914621353149e-02
7.435035705566406250e-02,8.736171573400497437e-02,-9.300950914621353149e-02
7.392436265945434570e-02,8.780008554458618164e-02,-9.197213500738143921e-02
7.392436265945434570e-02,8.780008554458618164e-02,-9.197213500738143921e-02
7.350054383277893066e-02,8.823770284652709961e-02,-9.093706309795379639e-02
7.350054383277893066e-02,8.823770284652709961e-02,-9.093706309795379639e-02
7.307890057563781738e-02,8.867456018924713135e-02,-8.990424871444702148e-02
7.307890057563781738e-02,8.867456018924713135e-02,-8.990424871444702148e-02
7.265942543745040894e-02,8.911066502332687378e-02,-8.887369930744171143e-02
7.265942543745040894e-02,8.911066502332687378e-02,-8.887369930744171143e-02
7.224210351705551147e-02,8.954601734876632690e-02,-8.784542232751846313e-02
7.224210351705551147e-02,8.954601734876632690e-02,-8.784542232751846313e-02
7.182696461677551270e-02,8.998060971498489380e-02,-8.681941777467727661e-02
7.182696461677551270e-02,8.998060971498489380e-02,-8.681941777467727661e-02
7.141396403312683105e-02,9.041445702314376831e-02,-8.579566329717636108e-02
7.141396403312683105e-02,9.041445702314376831e-02,-8.579566329717636108e-02
7.100312411785125732e-02,9.084755182266235352e-02,-8.477415889501571655e-02
7.100312411785125732e-02,9.084755182266235352e-02,-8.477415889501571655e-02
7.059443742036819458e-02,9.127988666296005249e-02,-8.375491946935653687e-02
7.059443742036819458e-02,9.127988666296005249e-02,-8.375491946935653687e-02
7.018788903951644897e-02,9.171146154403686523e-02,-8.273790031671524048e-02
7.018788903951644897e-02,9.171146154403686523e-02,-8.273790031671524048e-02
6.978348642587661743e-02,9.214229136705398560e-02,-8.172313868999481201e-02
6.978348642587661743e-02,9.214229136705398560e-02,-8.172313868999481201e-02
6.938120722770690918e-02,9.257234632968902588e-02,-8.071061223745346069e-02
6.938120722770690918e-02,9.257234632968902588e-02,-8.071061223745346069e-02
6.898106634616851807e-02,9.300165623426437378e-02,-7.970030605792999268e-02
6.898106634616851807e-02,9.300165623426437378e-02,-7.970030605792999268e-02
6.858305633068084717e-02,9.343019127845764160e-02,-7.869224250316619873e-02
6.858305633068084717e-02,9.343019127845764160e-02,-7.869224250316619873e-02
6.818717718124389648e-02,9.385798126459121704e-02,-7.768639922142028809e-02
6.818717718124389648e-02,9.385798126459121704e-02,-7.768639922142028809e-02
6.779341399669647217e-02,9.428501129150390625e-02,-7.668277621269226074e-02
6.779341399669647217e-02,9.428501129150390625e-02,-7.668277621269226074e-02
6.740177422761917114e-02,9.471128880977630615e-02,-7.568136602640151978e-02
6.740177422761917114e-02,9.471128880977630615e-02,-7.568136602640151978e-02
6.701224297285079956e-02,9.513679146766662598e-02,-7.468217611312866211e-02
6.701224297285079956e-02,9.513679146766662598e-02,-7.468217611312866211e-02
6.662481278181076050e-02,9.556154161691665649e-02,-7.368518412113189697e-02
6.662481278181076050e-02,9.556154161691665649e-02,-7.368518412113189697e-02
6.623950600624084473e-02,9.598553180694580078e-02,-7.269040495157241821e-02
6.623950600624084473e-02,9.598553180694580078e-02,-7.269040495157241821e-02
6.585628539323806763e-02,9.640876948833465576e-02,-7.169781625270843506e-02
6.585628539323806763e-02,9.640876948833465576e-02,-7.169781625270843506e-02
6.547516584396362305e-02,9.683122485876083374e-02,-7.070743292570114136e-02
6.547516584396362305e-02,9.683122485876083374e-02,-7.070743292570114136e-02
6.509613245725631714e-02,9.725292772054672241e-02,-6.971922516822814941e-02
6.509613245725631714e-02,9.725292772054672241e-02,-6.971922516822814941e-02
6.471920758485794067e-02,9.767388552427291870e-02,-6.873322278261184692e-02
6.471920758485794067e-02,9.767388552427291870e-02,-6.873322278261184692e-02
6.434434652328491211e-02,9.809406101703643799e-02,-6.774939596652984619e-02
6.434434652328491211e-02,9.809406101703643799e-02,-6.774939596652984619e-02
6.397157907485961914e-02,9.851346909999847412e-02,-6.676775217056274414e-02
6.397157907485961914e-02,9.851346909999847412e-02,-6.676775217056274414e-02
6.360087543725967407e-02,9.893213212490081787e-02,-6.578827649354934692e-02
6.360087543725967407e-02,9.893213212490081787e-02,-6.578827649354934692e-02
6.323226541280746460e-02,9.935001283884048462e-02,-6.481097638607025146e-02
6.323226541280746460e-02,9.935001283884048462e-02,-6.481097638607025146e-02
6.286571919918060303e-02,9.976714849472045898e-02,-6.383584439754486084e-02
6.286571919918060303e-02,9.976714849472045898e-02,-6.383584439754486084e-02
6.250122934579849243e-02,1.001835018396377563e-01,-6.286286562681198120e-02
6.250122934579849243e-02,1.001835018396377563e-01,-6.286286562681198120e-02
6.213879957795143127e-02,1.005990952253341675e-01,-6.189204752445220947e-02
6.213879957795143127e-02,1.005990952253341675e-01,-6.189204752445220947e-02
6.177843362092971802e-02,1.010139212012290955e-01,-6.092338263988494873e-02
6.177843362092971802e-02,1.010139212012290955e-01,-6.092338263988494873e-02
6.142012402415275574e-02,1.014279872179031372e-01,-5.995688214898109436e-02
6.142012402415275574e-02,1.014279872179031372e-01,-5.995688214898109436e-02
6.106386706233024597e-02,1.018412634730339050e-01,-5.899251252412796021e-02
6.106386706233024597e-02,1.018412634730339050e-01,-5.899251252412796021e-02
6.070964410901069641e-02,1.022537946701049805e-01,-5.803029239177703857e-02
6.070964410901069641e-02,1.022537946701049805e-01,-5.803029239177703857e-02
6.035747751593589783e-02,1.026655733585357666e-01,-5.707020312547683716e-02
6.035747751593589783e-02,1.026655733585357666e-01,-5.707020312547683716e-02
6.000733748078346252e-02,1.030765548348426819e-01,-5.611225590109825134e-02
6.000733748078346252e-02,1.030765548348426819e-01,-5.611225590109825134e-02
5.965923517942428589e-02,1.034867689013481140e-01,-5.515643209218978882e-02
5.965923517942428589e-02,1.034867689013481140e-01,-5.515643209218978882e-02
5.931315943598747253e-02,1.038962155580520630e-01,-5.420273542404174805e-02
5.931315943598747253e-02,1.038962155580520630e-01,-5.420273542404174805e-02
5.896910652518272400e-02,1.043049022555351257e-01,-5.325116217136383057e-02
5.896910652518272400e-02,1.043049022555351257e-01,-5.325116217136383057e-02
5.862708762288093567e-02,1.047128215432167053e-01,-5.230170115828514099e-02
5.862708762288093567e-02,1.047128215432167053e-01,-5.230170115828514099e-02
5.828707292675971985e-02,1.051199659705162048e-01,-5.135434493422508240e-02
5.828707292675971985e-02,1.051199659705162048e-01,-5.135434493422508240e-02
5.794908106327056885e-02,1.055263355374336243e-01,-5.040911212563514709e-02
5.794908106327056885e-02,1.055263355374336243e-01,-5.040911212563514709e-02
5.761309713125228882e-02,1.059319376945495605e-01,-4.946597293019294739e-02
5.761309713125228882e-02,1.059319376945495605e-01,-4.946597293019294739e-02
5.727912113070487976e-02,1.063367724418640137e-01,-4.852495342493057251e-02
5.727912113070487976e-02,1.063367724418640137e-01,-4.852495342493057251e-02
5.694714188575744629e-02,1.067408174276351929e-01,-4.758600890636444092e-02
5.694714188575744629e-02,1.067408174276351929e-01,-4.758600890636444092e-02
5.661717057228088379e-02,1.071440950036048889e-01,-4.664916545152664185e-02
5.661717057228088379e-02,1.071440950036048889e-01,-4.664916545152664185e-02
5.628918483853340149e-02,1.075465977191925049e-01,-4.571441188454627991e-02
5.628918483853340149e-02,1.075465977191925049e-01,-4.571441188454627991e-02
5.596318840980529785e-02,1.079483404755592346e-01,-4.478172585368156433e-02
5.596318840980529785e-02,1.079483404755592346e-01,-4.478172585368156433e-02
5.563918501138687134e-02,1.083493009209632874e-01,-4.385113716125488281e-02
5.563918501138687134e-02,1.083493009209632874e-01,-4.385113716125488281e-02
5.531715601682662964e-02,1.087494865059852600e-01,-4.292261973023414612e-02
5.531715601682662964e-02,1.087494865059852600e-01,-4.292261973023414612e-02
5.499711632728576660e-02,1.091488972306251526e-01,-4.199616983532905579e-02
5.499711632728576660e-02,1.091488972306251526e-01,-4.199616983532905579e-02
5.467904359102249146e-02,1.095475479960441589e-01,-4.107179492712020874e-02
5.467904359102249146e-02,1.095475479960441589e-01,-4.107179492712020874e-02
5.436294153332710266e-02,1.099454089999198914e-01,-4.014948382973670959e-02
5.436294153332710266e-02,1.099454089999198914e-01,-4.014948382973670959e-02
5.404879897832870483e-02,1.103424951434135437e-01,-3.922921419143676758e-02
5.404879897832870483e-02,1.103424951434135437e-01,-3.922921419143676758e-02
5.373662710189819336e-02,1.107387989759445190e-01,-3.831101953983306885e-02
5.373662710189819336e-02,1.107387989759445190e-01,-3.831101953983306885e-02
5.342641472816467285e-02,1.111343279480934143e-01,-3.739486634731292725e-02
5.342641472816467285e-02,1.111343279480934143e-01,-3.739486634731292725e-02
5.311815440654754639e-02,1.115290820598602295e-01,-3.648076206445693970e-02
5.311815440654754639e-02,1.115290820598602295e-01,-3.648076206445693970e-02
5.281184613704681396e-02,1.119230538606643677e-01,-3.556870296597480774e-02
5.281184613704681396e-02,1.119230538606643677e-01,-3.556870296597480774e-02
5.250748619437217712e-02,1.123162582516670227e-01,-3.465868532657623291e-02
5.250748619437217712e-02,1.123162582516670227e-01,-3.465868532657623291e-02
5.220506712794303894e-02,1.127086728811264038e-01,-3.375068306922912598e-02
5.220506712794303894e-02,1.127086728811264038e-01,-3.375068306922912598e-02
5.190458893775939941e-02,1.131003051996231079e-01,-3.284472972154617310e-02
5.190458893775939941e-02,1.131003051996231079e-01,-3.284472972154617310e-02
5.160603672266006470e-02,1.134911701083183289e-01,-3.194079175591468811e-02
5.160603672266006470e-02,1.134911701083183289e-01,-3.194079175591468811e-02
5.130942165851593018e-02,1.138812601566314697e-01,-3.103888593614101410e-02
5.130942165851593018e-02,1.138812601566314697e-01,-3.103888593614101410e-02
5.101473629474639893e-02,1.142705529928207397e-01,-3.013899177312850952e-02
5.101473629474639893e-02,1.142705529928207397e-01,-3.013899177312850952e-02
5.072196200489997864e-02,1.146590635180473328e-01,-2.924111485481262207e-02
5.072196200489997864e-02,1.146590635180473328e-01,-2.924111485481262207e-02
5.043112114071846008e-02,1.150468066334724426e-01,-2.834524028003215790e-02
5.043112114071846008e-02,1.150468066334724426e-01,-2.834524028003215790e-02
5.014218389987945557e-02,1.154337599873542786e-01,-2.745137363672256470e-02
5.014218389987945557e-02,1.154337599873542786e-01,-2.745137363672256470e-02
4.985516518354415894e-02,1.158199161291122437e-01,-2.655950002372264862e-02
4.985516518354415894e-02,1.158199161291122437e-01,-2.655950002372264862e-02
4.957004636526107788e-02,1.162053123116493225e-01,-2.566963247954845428e-02
4.957004636526107788e-02,1.162053123116493225e-01,-2.566963247954845428e-02
4.928683862090110779e-02,1.165899187326431274e-01,-2.478176541626453400e-02
4.928683862090110779e-02,1.165899187326431274e-01,-2.478176541626453400e-02
4.900552704930305481e-02,1.169737279415130615e-01,-2.389587834477424622e-02
4.900552704930305481e-02,1.169737279415130615e-01,-2.389587834477424622e-02
4.872611165046691895e-02,1.173567622900009155e-01,-2.301196753978729248e-02
4.872611165046691895e-02,1.173567622900009155e-01,-2.301196753978729248e-02
4.844858124852180481e-02,1.177390143275260925e-01,-2.213005162775516510e-02
4.844858124852180481e-02,1.177390143275260925e-01,-2.213005162775516510e-02
4.817293956875801086e-02,1.181204915046691895e-01,-2.125010639429092407e-02
4.817293956875801086e-02,1.181204915046691895e-01,-2.125010639429092407e-02
4.789919033646583557e-02,1.185011565685272217e-01,-2.037213556468486786e-02
4.789919033646583557e-02,1.185011565685272217e-01,-2.037213556468486786e-02
4.762731492519378662e-02,1.188810616731643677e-01,-1.949612237513065338e-02
4.762731492519378662e-02,1.188810616731643677e-01,-1.949612237513065338e-02
4.735730588436126709e-02,1.192601546645164490e-01,-1.862207986414432526e-02
4.735730588436126709e-02,1.192601546645164490e-01,-1.862207986414432526e-02
4.708918556571006775e-02,1.196384876966476440e-01,-1.775000803172588348e-02
4.708918556571006775e-02,1.196384876966476440e-01,-1.775000803172588348e-02
4.682292044162750244e-02,1.200160160660743713e-01,-1.687987521290779114e-02
4.682292044162750244e-02,1.200160160660743713e-01,-1.687987521290779114e-02
4.655851796269416809e-02,1.203927546739578247e-01,-1.601170189678668976e-02
4.655851796269416809e-02,1.203927546739578247e-01,-1.601170189678668976e-02
4.629598557949066162e-02,1.207687258720397949e-01,-1.514547970145940781e-02
4.629598557949066162e-02,1.207687258720397949e-01,-1.514547970145940781e-02
4.603529721498489380e-02,1.211438849568367004e-01,-1.428118813782930374e-02
4.603529721498489380e-02,1.211438849568367004e-01,-1.428118813782930374e-02
4.577646404504776001e-02,1.215182617306709290e-01,-1.341885328292846680e-02
4.577646404504776001e-02,1.215182617306709290e-01,-1.341885328292846680e-02
4.551947861909866333e-02,1.218918636441230774e-01,-1.255844067782163620e-02
4.551947861909866333e-02,1.218918636441230774e-01,-1.255844067782163620e-02
4.526433721184730530e-02,1.222646608948707581e-01,-1.169995591044425964e-02
4.526433721184730530e-02,1.222646608948707581e-01,-1.169995591044425964e-02
4.501102864742279053e-02,1.226366683840751648e-01,-1.084340550005435944e-02
4.501102864742279053e-02,1.226366683840751648e-01,-1.084340550005435944e-02
4.475956410169601440e-02,1.230078712105751038e-01,-9.988772682845592499e-03
4.475956410169601440e-02,1.230078712105751038e-01,-9.988772682845592499e-03
4.450993612408638000e-02,1.233783066272735596e-01,-9.136063046753406525e-03
4.450993612408638000e-02,1.233783066272735596e-01,-9.136063046753406525e-03
4.426212608814239502e-02,1.237479373812675476e-01,-8.285265415906906128e-03
4.426212608814239502e-02,1.237479373812675476e-01,-8.285265415906906128e-03
4.401614516973495483e-02,1.241167783737182617e-01,-7.436384912580251694e-03
4.401614516973495483e-02,1.241167783737182617e-01,-7.436384912580251694e-03
4.377198219299316406e-02,1.244848296046257019e-01,-6.589403375983238220e-03
4.377198219299316406e-02,1.244848296046257019e-01,-6.589403375983238220e-03
4.352963715791702271e-02,1.248520836234092712e-01,-5.744318477809429169e-03
4.352963715791702271e-02,1.248520836234092712e-01,-5.744318477809429169e-03
4.328911006450653076e-02,1.252185404300689697e-01,-4.901140462607145309e-03
4.328911006450653076e-02,1.252185404300689697e-01,-4.901140462607145309e-03
4.305037111043930054e-02,1.255842000246047974e-01,-4.059856291860342026e-03
4.305037111043930054e-02,1.255842000246047974e-01,-4.059856291860342026e-03
4.281345009803771973e-02,1.259490847587585449e-01,-3.220458747819066048e-03
4.281345009803771973e-02,1.259490847587585449e-01,-3.220458747819066048e-03
4.257832840085029602e-02,1.263131648302078247e-01,-2.382935024797916412e-03
4.257832840085029602e-02,1.263131648302078247e-01,-2.382935024797916412e-03
4.234499111771583557e-02,1.266764551401138306e-01,-1.547304680570960045e-03
4.234499111771583557e-02,1.266764551401138306e-01,-1.547304680570960045e-03
4.211345687508583069e-02,1.270389407873153687e-01,-7.135542691685259342e-04
4.211345687508583069e-02,1.270389407873153687e-01,-7.135542691685259342e-04
4.188371449708938599e-02,1.274006217718124390e-01,1.183275817311368883e-04
4.188371449708938599e-02,1.274006217718124390e-01,1.183275817311368883e-04
4.165574908256530762e-02,1.277615278959274292e-01,9.483438334427773952e-04
4.165574908256530762e-02,1.277615278959274292e-01,9.483438334427773952e-04
4.142956808209419250e-02,1.281216144561767578e-01,1.776490476913750172e-03
4.142956808209419250e-02,1.281216144561767578e-01,1.776490476913750172e-03
4.120516031980514526e-02,1.284809112548828125e-01,2.602786757051944733e-03
4.120516031980514526e-02,1.284809112548828125e-01,2.602786757051944733e-03
4.098252207040786743e-02,1.288394331932067871e-01,3.427215619012713432e-03
4.098252207040786743e-02,1.288394331932067871e-01,3.427215619012713432e-03
4.076165705919265747e-02,1.291971355676651001e-01,4.249793477356433868e-03
4.076165705919265747e-02,1.291971355676651001e-01,4.249793477356433868e-03
4.054255411028862000e-02,1.295540183782577515e-01,5.070522893220186234e-03
4.054255411028862000e-02,1.295540183782577515e-01,5.070522893220186234e-03
4.032521322369575500e-02,1.299101263284683228e-01,5.889415740966796875e-03
4.032521322369575500e-02,1.299101263284683228e-01,5.889415740966796875e-03
4.010963439941406250e-02,1.302654296159744263e-01,6.706463173031806946e-03
4.010963439941406250e-02,1.302654296159744263e-01,6.706463173031806946e-03
3.989579528570175171e-02,1.306199282407760620e-01,7.521673571318387985e-03
3.989579528570175171e-02,1.306199282407760620e-01,7.521673571318387985e-03
3.968371078372001648e-02,1.309736371040344238e-01,8.335052989423274994e-03
3.968371078372001648e-02,1.309736371040344238e-01,8.335052989423274994e-03
3.947337716817855835e-02,1.313265264034271240e-01,9.146602824330329895e-03
3.947337716817855835e-02,1.313265264034271240e-01,9.146602824330329895e-03
3.926477581262588501e-02,1.316786259412765503e-01,9.956336580216884613e-03
3.926477581262588501e-02,1.316786259412765503e-01,9.956336580216884613e-03
3.905791044235229492e-02,1.320299357175827026e-01,1.076424773782491684e-02
3.905791044235229492e-02,1.320299357175827026e-01,1.076424773782491684e-02
3.885278478264808655e-02,1.323804408311843872e-01,1.157034561038017273e-02
3.885278478264808655e-02,1.323804408311843872e-01,1.157034561038017273e-02
3.864937648177146912e-02,1.327301114797592163e-01,1.237463019788265228e-02
3.864937648177146912e-02,1.327301114797592163e-01,1.237463019788265228e-02
3.844770416617393494e-02,1.330789923667907715e-01,1.317711081355810165e-02
3.844770416617393494e-02,1.330789923667907715e-01,1.317711081355810165e-02
3.824774548411369324e-02,1.334270834922790527e-01,1.397778559476137161e-02
3.824774548411369324e-02,1.334270834922790527e-01,1.397778559476137161e-02
3.804950416088104248e-02,1.337743550539016724e-01,1.477666012942790985e-02
3.804950416088104248e-02,1.337743550539016724e-01,1.477666012942790985e-02
3.785298392176628113e-02,1.341208368539810181e-01,1.557374093681573868e-02
3.785298392176628113e-02,1.341208368539810181e-01,1.557374093681573868e-02
3.765816241502761841e-02,1.344665139913558960e-01,1.636903733015060425e-02
3.765816241502761841e-02,1.344665139913558960e-01,1.636903733015060425e-02
3.746505454182624817e-02,1.348113864660263062e-01,1.716254279017448425e-02
3.746505454182624817e-02,1.348113864660263062e-01,1.716254279017448425e-02
3.727364167571067810e-02,1.351554393768310547e-01,1.795426569879055023e-02
3.727364167571067810e-02,1.351554393768310547e-01,1.795426569879055023e-02
3.708393126726150513e-02,1.354986876249313354e-01,1.874420978128910065e-02
3.708393126726150513e-02,1.354986876249313354e-01,1.874420978128910065e-02
3.689590469002723694e-02,1.358411312103271484e-01,1.953238993883132935e-02
3.689590469002723694e-02,1.358411312103271484e-01,1.953238993883132935e-02
3.670957311987876892e-02,1.361827701330184937e-01,2.031880058348178864e-02
3.670957311987876892e-02,1.361827701330184937e-01,2.031880058348178864e-02
3.652492538094520569e-02,1.365236043930053711e-01,2.110344171524047852e-02
3.652492538094520569e-02,1.365236043930053711e-01,2.110344171524047852e-02
3.634195774793624878e-02,1.368636190891265869e-01,2.188631147146224976e-02
3.634195774793624878e-02,1.368636190891265869e-01,2.188631147146224976e-02
3.616067022085189819e-02,1.372028142213821411e-01,2.266742661595344543e-02
3.616067022085189819e-02,1.372028142213821411e-01,2.266742661595344543e-02
3.598105162382125854e-02,1.375412344932556152e-01,2.344679832458496094e-02
3.598105162382125854e-02,1.375412344932556152e-01,2.344679832458496094e-02
3.580310195684432983e-02,1.378788203001022339e-01,2.422442473471164703e-02
3.580310195684432983e-02,1.378788203001022339e-01,2.422442473471164703e-02
3.562682494521141052e-02,1.382156014442443848e-01,2.500029467046260834e-02
3.562682494521141052e-02,1.382156014442443848e-01,2.500029467046260834e-02
3.545220196247100830e-02,1.385515779256820679e-01,2.577442303299903870e-02
3.545220196247100830e-02,1.385515779256820679e-01,2.577442303299903870e-02
3.527923300862312317e-02,1.388867348432540894e-01,2.654682286083698273e-02
3.527923300862312317e-02,1.388867348432540894e-01,2.654682286083698273e-02
3.510792925953865051e-02,1.392210870981216431e-01,2.731749042868614197e-02
3.510792925953865051e-02,1.392210870981216431e-01,2.731749042868614197e-02
3.493827208876609802e-02,1.395546197891235352e-01,2.808642573654651642e-02
3.493827208876609802e-02,1.395546197891235352e-01,2.808642573654651642e-02
3.477025032043457031e-02,1.398873627185821533e-01,2.885364741086959839e-02
3.477025032043457031e-02,1.398873627185821533e-01,2.885364741086959839e-02
3.460388258099555969e-02,1.402192562818527222e-01,2.961913309991359711e-02
3.460388258099555969e-02,1.402192562818527222e-01,2.961913309991359711e-02
3.443914651870727539e-02,1.405503600835800171e-01,3.038290701806545258e-02
3.443914651870727539e-02,1.405503600835800171e-01,3.038290701806545258e-02
3.427604585886001587e-02,1.408806443214416504e-01,3.114498034119606018e-02
3.427604585886001587e-02,1.408806443214416504e-01,3.114498034119606018e-02
3.411457315087318420e-02,1.412101238965988159e-01,3.190532699227333069e-02
3.411457315087318420e-02,1.412101238965988159e-01,3.190532699227333069e-02
3.395472466945648193e-02,1.415387839078903198e-01,3.266398236155509949e-02
3.395472466945648193e-02,1.415387839078903198e-01,3.266398236155509949e-02
3.379649668931961060e-02,1.418666243553161621e-01,3.342093527317047119e-02
3.379649668931961060e-02,1.418666243553161621e-01,3.342093527317047119e-02
3.363989293575286865e-02,1.421936452388763428e-01,3.417620062828063965e-02
3.363989293575286865e-02,1.421936452388763428e-01,3.417620062828063965e-02
3.348489850759506226e-02,1.425198614597320557e-01,3.492976352572441101e-02
3.348489850759506226e-02,1.425198614597320557e-01,3.492976352572441101e-02
3.333150967955589294e-02,1.428452432155609131e-01,3.568165376782417297e-02
3.333150967955589294e-02,1.428452432155609131e-01,3.568165376782417297e-02
3.317973762750625610e-02,1.431698203086853027e-01,3.643185645341873169e-02
3.317973762750625610e-02,1.431698203086853027e-01,3.643185645341873169e-02
3.302955627441406250e-02,1.434935778379440308e-01,3.718038275837898254e-02
3.302955627441406250e-02,1.434935778379440308e-01,3.718038275837898254e-02
3.288098052144050598e-02,1.438165307044982910e-01,3.792722150683403015e-02
3.288098052144050598e-02,1.438165307044982910e-01,3.792722150683403015e-02
3.273399546742439270e-02,1.441386342048645020e-01,3.867240250110626221e-02
3.273399546742439270e-02,1.441386342048645020e-01,3.867240250110626221e-02
3.258860111236572266e-02,1.444599479436874390e-01,3.941591084003448486e-02
3.258860111236572266e-02,1.444599479436874390e-01,3.941591084003448486e-02
3.244479000568389893e-02,1.447804272174835205e-01,4.015776142477989197e-02
3.244479000568389893e-02,1.447804272174835205e-01,4.015776142477989197e-02
3.230256214737892151e-02,1.451001018285751343e-01,4.089795798063278198e-02
3.230256214737892151e-02,1.451001018285751343e-01,4.089795798063278198e-02
3.216192126274108887e-02,1.454189419746398926e-01,4.163648560643196106e-02
3.216192126274108887e-02,1.454189419746398926e-01,4.163648560643196106e-02
3.202284127473831177e-02,1.457369476556777954e-01,4.237337782979011536e-02
3.202284127473831177e-02,1.457369476556777954e-01,4.237337782979011536e-02
3.188534080982208252e-02,1.460541635751724243e-01,4.310862347483634949e-02
3.188534080982208252e-02,1.460541635751724243e-01,4.310862347483634949e-02
3.174940124154090881e-02,1.463705450296401978e-01,4.384221881628036499e-02
3.174940124154090881e-02,1.463705450296401978e-01,4.384221881628036499e-02
3.161502256989479065e-02,1.466861218214035034e-01,4.457418993115425110e-02
3.161502256989479065e-02,1.466861218214035034e-01,4.457418993115425110e-02
3.148220479488372803e-02,1.470008492469787598e-01,4.530451819300651550e-02
3.148220479488372803e-02,1.470008492469787598e-01,4.530451819300651550e-02
3.135094791650772095e-02,1.473147571086883545e-01,4.603321850299835205e-02
3.135094791650772095e-02,1.473147571086883545e-01,4.603321850299835205e-02
3.122123144567012787e-02,1.476278603076934814e-01,4.676029831171035767e-02
3.122123144567012787e-02,1.476278603076934814e-01,4.676029831171035767e-02
3.109306097030639648e-02,1.479401439428329468e-01,4.748575761914253235e-02
3.109306097030639648e-02,1.479401439428329468e-01,4.748575761914253235e-02
3.096643649041652679e-02,1.482515782117843628e-01,4.820960015058517456e-02
3.096643649041652679e-02,1.482515782117843628e-01,4.820960015058517456e-02
3.084135428071022034e-02,1.485622078180313110e-01,4.893182218074798584e-02
3.084135428071022034e-02,1.485622078180313110e-01,4.893182218074798584e-02
3.071780502796173096e-02,1.488719880580902100e-01,4.965243861079216003e-02
3.071780502796173096e-02,1.488719880580902100e-01,4.965243861079216003e-02
3.059578314423561096e-02,1.491809636354446411e-01,5.037146061658859253e-02
3.059578314423561096e-02,1.491809636354446411e-01,5.037146061658859253e-02
3.047528676688671112e-02,1.494891196489334106e-01,5.108887702226638794e-02
3.047528676688671112e-02,1.494891196489334106e-01,5.108887702226638794e-02
3.035631962120532990e-02,1.497964411973953247e-01,5.180470272898674011e-02
3.035631962120532990e-02,1.497964411973953247e-01,5.180470272898674011e-02
3.023886308073997498e-02,1.501029282808303833e-01,5.251892656087875366e-02
3.023886308073997498e-02,1.501029282808303833e-01,5.251892656087875366e-02
3.012292645871639252e-02,1.504085808992385864e-01,5.323156714439392090e-02
3.012292645871639252e-02,1.504085808992385864e-01,5.323156714439392090e-02
3.000850044190883636e-02,1.507134288549423218e-01,5.394262820482254028e-02
3.000850044190883636e-02,1.507134288549423218e-01,5.394262820482254028e-02
2.989557944238185883e-02,1.510174572467803955e-01,5.465211346745491028e-02
2.989557944238185883e-02,1.510174572467803955e-01,5.465211346745491028e-02
2.978415600955486298e-02,1.513206064701080322e-01,5.536001548171043396e-02
2.978415600955486298e-02,1.513206064701080322e-01,5.536001548171043396e-02
2.967424690723419189e-02,1.516229659318923950e-01,5.606633424758911133e-02
2.967424690723419189e-02,1.516229659318923950e-01,5.606633424758911133e-02
2.956581488251686096e-02,1.519244909286499023e-01,5.677110701799392700e-02
2.956581488251686096e-02,1.519244909286499023e-01,5.677110701799392700e-02
2.945889160037040710e-02,1.522251963615417480e-01,5.747430026531219482e-02
2.945889160037040710e-02,1.522251963615417480e-01,5.747430026531219482e-02
2.935344353318214417e-02,1.525250524282455444e-01,5.817595496773719788e-02
2.935344353318214417e-02,1.525250524282455444e-01,5.817595496773719788e-02
2.924947440624237061e-02,1.528240889310836792e-01,5.887604504823684692e-02
2.924947440624237061e-02,1.528240889310836792e-01,5.887604504823684692e-02
2.914698608219623566e-02,1.531222909688949585e-01,5.957458913326263428e-02
2.914698608219623566e-02,1.531222909688949585e-01,5.957458913326263428e-02
2.904598414897918701e-02,1.534196436405181885e-01,6.027157232165336609e-02
2.904598414897918701e-02,1.534196436405181885e-01,6.027157232165336609e-02
2.894644252955913544e-02,1.537161916494369507e-01,6.096703559160232544e-02
2.894644252955913544e-02,1.537161916494369507e-01,6.096703559160232544e-02
2.884837612509727478e-02,1.540118902921676636e-01,6.166094541549682617e-02
2.884837612509727478e-02,1.540118902921676636e-01,6.166094541549682617e-02
2.875176444649696350e-02,1.543067693710327148e-01,6.235332787036895752e-02
2.875176444649696350e-02,1.543067693710327148e-01,6.235332787036895752e-02
2.865661866962909698e-02,1.546008139848709106e-01,6.304417550563812256e-02
2.865661866962909698e-02,1.546008139848709106e-01,6.304417550563812256e-02
2.856291830539703369e-02,1.548940092325210571e-01,6.373350322246551514e-02
2.856291830539703369e-02,1.548940092325210571e-01,6.373350322246551514e-02
2.847067825496196747e-02,1.551863849163055420e-01,6.442130357027053833e-02
2.847067825496196747e-02,1.551863849163055420e-01,6.442130357027053833e-02
2.837988734245300293e-02,1.554779112339019775e-01,6.510759145021438599e-02
2.837988734245300293e-02,1.554779112339019775e-01,6.510759145021438599e-02
2.829053252935409546e-02,1.557686030864715576e-01,6.579235941171646118e-02
2.829053252935409546e-02,1.557686030864715576e-01,6.579235941171646118e-02
2.820262312889099121e-02,1.560584753751754761e-01,6.647562235593795776e-02
2.820262312889099121e-02,1.560584753751754761e-01,6.647562235593795776e-02
2.811614982783794403e-02,1.563475131988525391e-01,6.715738028287887573e-02
2.811614982783794403e-02,1.563475131988525391e-01,6.715738028287887573e-02
2.803109958767890930e-02,1.566357165575027466e-01,6.783764064311981201e-02
2.803109958767890930e-02,1.566357165575027466e-01,6.783764064311981201e-02
2.794747985899448395e-02,1.569230556488037109e-01,6.851641088724136353e-02
2.794747985899448395e-02,1.569230556488037109e-01,6.851641088724136353e-02
2.786529064178466797e-02,1.572095751762390137e-01,6.919367611408233643e-02
2.786529064178466797e-02,1.572095751762390137e-01,6.919367611408233643e-02
2.778451517224311829e-02,1.574952602386474609e-01,6.986945867538452148e-02
2.778451517224311829e-02,1.574952602386474609e-01,6.986945867538452148e-02
2.770515345036983490e-02,1.577801108360290527e-01,7.054375112056732178e-02
2.770515345036983490e-02,1.577801108360290527e-01,7.054375112056732178e-02
2.762720920145511627e-02,1.580640822649002075e-01,7.121657580137252808e-02
2.762720920145511627e-02,1.580640822649002075e-01,7.121657580137252808e-02
2.755066752433776855e-02,1.583472788333892822e-01,7.188791781663894653e-02
2.755066752433776855e-02,1.583472788333892822e-01,7.188791781663894653e-02
2.747553400695323944e-02,1.586295962333679199e-01,7.255778461694717407e-02
2.747553400695323944e-02,1.586295962333679199e-01,7.255778461694717407e-02
2.740179188549518585e-02,1.589110791683197021e-01,7.322619110345840454e-02
2.740179188549518585e-02,1.589110791683197021e-01,7.322619110345840454e-02
2.732945233583450317e-02,1.591917276382446289e-01,7.389312982559204102e-02
2.732945233583450317e-02,1.591917276382446289e-01,7.389312982559204102e-02
2.725850977003574371e-02,1.594715416431427002e-01,7.455860823392868042e-02
2.725850977003574371e-02,1.594715416431427002e-01,7.455860823392868042e-02
2.718894556164741516e-02,1.597504913806915283e-01,7.522263377904891968e-02
2.718894556164741516e-02,1.597504913806915283e-01,7.522263377904891968e-02
2.712076902389526367e-02,1.600286215543746948e-01,7.588521391153335571e-02
2.712076902389526367e-02,1.600286215543746948e-01,7.588521391153335571e-02
2.705397456884384155e-02,1.603059023618698120e-01,7.654633373022079468e-02
2.705397456884384155e-02,1.603059023618698120e-01,7.654633373022079468e-02
2.698854729533195496e-02,1.605823338031768799e-01,7.720603048801422119e-02
2.698854729533195496e-02,1.605823338031768799e-01,7.720603048801422119e-02
2.692450396716594696e-02,1.608579307794570923e-01,7.786426693201065063e-02
2.692450396716594696e-02,1.608579307794570923e-01,7.786426693201065063e-02
2.686182223260402679e-02,1.611326634883880615e-01,7.852108031511306763e-02
2.686182223260402679e-02,1.611326634883880615e-01,7.852108031511306763e-02
2.680050581693649292e-02,1.614065617322921753e-01,7.917646318674087524e-02
2.680050581693649292e-02,1.614065617322921753e-01,7.917646318674087524e-02
2.674055099487304688e-02,1.616796404123306274e-01,7.983041554689407349e-02
2.674055099487304688e-02,1.616796404123306274e-01,7.983041554689407349e-02
2.668194659054279327e-02,1.619518399238586426e-01,8.048294484615325928e-02
2.668194659054279327e-02,1.619518399238586426e-01,8.048294484615325928e-02
2.662470191717147827e-02,1.622232198715209961e-01,8.113406598567962646e-02
2.662470191717147827e-02,1.622232198715209961e-01,8.113406598567962646e-02
2.656880021095275879e-02,1.624937355518341064e-01,8.178374916315078735e-02
2.656880021095275879e-02,1.624937355518341064e-01,8.178374916315078735e-02
2.651424333453178406e-02,1.627634316682815552e-01,8.243206143379211426e-02
2.651424333453178406e-02,1.627634316682815552e-01,8.243206143379211426e-02
2.646102942526340485e-02,1.630322635173797607e-01,8.307894319295883179e-02
2.646102942526340485e-02,1.630322635173797607e-01,8.307894319295883179e-02
2.640915103256702423e-02,1.633002161979675293e-01,8.372442424297332764e-02
2.640915103256702423e-02,1.633002161979675293e-01,8.372442424297332764e-02
2.635860256850719452e-02,1.635673493146896362e-01,8.436851203441619873e-02
2.635860256850719452e-02,1.635673493146896362e-01,8.436851203441619873e-02
2.630938403308391571e-02,1.638336479663848877e-01,8.501120656728744507e-02
2.630938403308391571e-02,1.638336479663848877e-01,8.501120656728744507e-02
2.626149170100688934e-02,1.640990972518920898e-01,8.565251529216766357e-02
2.626149170100688934e-02,1.640990972518920898e-01,8.565251529216766357e-02
2.621491812169551849e-02,1.643636971712112427e-01,8.629243075847625732e-02
2.621491812169551849e-02,1.643636971712112427e-01,8.629243075847625732e-02
2.616966143250465393e-02,1.646274477243423462e-01,8.693096041679382324e-02
2.616966143250465393e-02,1.646274477243423462e-01,8.693096041679382324e-02
2.612571977078914642e-02,1.648903191089630127e-01,8.756813406944274902e-02
2.612571977078914642e-02,1.648903191089630127e-01,8.756813406944274902e-02
2.608308196067810059e-02,1.651523858308792114e-01,8.820392936468124390e-02
2.608308196067810059e-02,1.651523858308792114e-01,8.820392936468124390e-02
2.604175172746181488e-02,1.654135435819625854e-01,8.883834630250930786e-02
2.604175172746181488e-02,1.654135435819625854e-01,8.883834630250930786e-02
2.600172348320484161e-02,1.656738966703414917e-01,8.947139978408813477e-02
2.600172348320484161e-02,1.656738966703414917e-01,8.947139978408813477e-02
2.596298791468143463e-02,1.659333854913711548e-01,9.010309725999832153e-02
2.596298791468143463e-02,1.659333854913711548e-01,9.010309725999832153e-02
2.592554688453674316e-02,1.661920100450515747e-01,9.073343873023986816e-02
2.592554688453674316e-02,1.661920100450515747e-01,9.073343873023986816e-02
2.588939853012561798e-02,1.664497852325439453e-01,9.136243164539337158e-02
2.588939853012561798e-02,1.664497852325439453e-01,9.136243164539337158e-02
2.585453167557716370e-02,1.667067259550094604e-01,9.199007600545883179e-02
2.585453167557716370e-02,1.667067259550094604e-01,9.199007600545883179e-02
2.582094259560108185e-02,1.669628173112869263e-01,9.261637181043624878e-02
2.582094259560108185e-02,1.669628173112869263e-01,9.261637181043624878e-02
2.578863687813282013e-02,1.672180294990539551e-01,9.324132651090621948e-02
2.578863687813282013e-02,1.672180294990539551e-01,9.324132651090621948e-02
2.575759962201118469e-02,1.674723923206329346e-01,9.386494755744934082e-02
2.575759962201118469e-02,1.674723923206329346e-01,9.386494755744934082e-02
2.572783268988132477e-02,1.677259057760238647e-01,9.448724985122680664e-02
2.572783268988132477e-02,1.677259057760238647e-01,9.448724985122680664e-02
2.569932863116264343e-02,1.679785698652267456e-01,9.510821849107742310e-02
2.569932863116264343e-02,1.679785698652267456e-01,9.510821849107742310e-02
2.567208744585514069e-02,1.682303845882415771e-01,9.572786837816238403e-02
2.567208744585514069e-02,1.682303845882415771e-01,9.572786837816238403e-02
2.564610540866851807e-02,1.684813052415847778e-01,9.634619951248168945e-02
2.564610540866851807e-02,1.684813052415847778e-01,9.634619951248168945e-02
2.562137320637702942e-02,1.687314212322235107e-01,9.696321189403533936e-02
2.562137320637702942e-02,1.687314212322235107e-01,9.696321189403533936e-02
2.559789270162582397e-02,1.689806282520294189e-01,9.757890552282333374e-02
2.559789270162582397e-02,1.689806282520294189e-01,9.757890552282333374e-02
2.557565271854400635e-02,1.692290306091308594e-01,9.819329530000686646e-02
2.557565271854400635e-02,1.692290306091308594e-01,9.819329530000686646e-02
2.555466070771217346e-02,1.694765239953994751e-01,9.880638867616653442e-02
2.555466070771217346e-02,1.694765239953994751e-01,9.880638867616653442e-02
2.553489804267883301e-02,1.697231829166412354e-01,9.941819310188293457e-02
2.553489804267883301e-02,1.697231829166412354e-01,9.941819310188293457e-02
2.551637962460517883e-02,1.699689924716949463e-01,1.000286787748336792e-01
2.551637962460517883e-02,1.699689924716949463e-01,1.000286787748336792e-01
2.549908310174942017e-02,1.702139228582382202e-01,1.006378978490829468e-01
2.549908310174942017e-02,1.702139228582382202e-01,1.006378978490829468e-01
2.548301033675670624e-02,1.704580038785934448e-01,1.012458279728889465e-01
2.548301033675670624e-02,1.704580038785934448e-01,1.012458279728889465e-01
2.546816319227218628e-02,1.707012355327606201e-01,1.018524691462516785e-01
2.546816319227218628e-02,1.707012355327606201e-01,1.018524691462516785e-01
2.545453421771526337e-02,1.709435880184173584e-01,1.024578213691711426e-01
2.545453421771526337e-02,1.709435880184173584e-01,1.024578213691711426e-01
2.544211409986019135e-02,1.711850911378860474e-01,1.030619144439697266e-01
2.544211409986019135e-02,1.711850911378860474e-01,1.030619144439697266e-01
2.543091028928756714e-02,1.714257299900054932e-01,1.036647409200668335e-01
2.543091028928756714e-02,1.714257299900054932e-01,1.036647409200668335e-01
2.542090415954589844e-02,1.716655194759368896e-01,1.042663082480430603e-01
2.542090415954589844e-02,1.716655194759368896e-01,1.042663082480430603e-01
2.541210316121578217e-02,1.719044148921966553e-01,1.048665866255760193e-01
2.541210316121578217e-02,1.719044148921966553e-01,1.048665866255760193e-01
2.540449611842632294e-02,1.721424758434295654e-01,1.054656431078910828e-01
2.540449611842632294e-02,1.721424758434295654e-01,1.054656431078910828e-01
2.539809234440326691e-02,1.723796725273132324e-01,1.060634329915046692e-01
2.539809234440326691e-02,1.723796725273132324e-01,1.060634329915046692e-01
2.539287135004997253e-02,1.726159751415252686e-01,1.066599711775779724e-01
2.539287135004997253e-02,1.726159751415252686e-01,1.066599711775779724e-01
2.538883499801158905e-02,1.728514581918716431e-01,1.072552725672721863e-01
2.538883499801158905e-02,1.728514581918716431e-01,1.072552725672721863e-01
2.538598701357841492e-02,1.730860471725463867e-01,1.078493222594261169e-01
2.538598701357841492e-02,1.730860471725463867e-01,1.078493222594261169e-01
2.538431063294410706e-02,1.733197718858718872e-01,1.084421500563621521e-01
2.538431063294410706e-02,1.733197718858718872e-01,1.084421500563621521e-01
2.538380958139896393e-02,1.735526472330093384e-01,1.090337485074996948e-01
2.538380958139896393e-02,1.735526472330093384e-01,1.090337485074996948e-01
2.538448013365268707e-02,1.737846434116363525e-01,1.096240878105163574e-01
2.538448013365268707e-02,1.737846434116363525e-01,1.096240878105163574e-01
2.538631670176982880e-02,1.740157753229141235e-01,1.102132350206375122e-01
2.538631670176982880e-02,1.740157753229141235e-01,1.102132350206375122e-01
2.538931183516979218e-02,1.742460429668426514e-01,1.108011454343795776e-01
2.538931183516979218e-02,1.742460429668426514e-01,1.108011454343795776e-01
2.539346925914287567e-02,1.744754314422607422e-01,1.113878637552261353e-01
2.539346925914287567e-02,1.744754314422607422e-01,1.113878637552261353e-01
2.539877966046333313e-02,1.747039854526519775e-01,1.119733527302742004e-01
2.539877966046333313e-02,1.747039854526519775e-01,1.119733527302742004e-01
2.540523745119571686e-02,1.749316304922103882e-01,1.125576347112655640e-01
2.540523745119571686e-02,1.749316304922103882e-01,1.125576347112655640e-01
2.541284449398517609e-02,1.751584261655807495e-01,1.131407171487808228e-01
2.541284449398517609e-02,1.751584261655807495e-01,1.131407171487808228e-01
2.542159333825111389e-02,1.753843575716018677e-01,1.137226000428199768e-01
2.542159333825111389e-02,1.753843575716018677e-01,1.137226000428199768e-01
2.543148212134838104e-02,1.756094247102737427e-01,1.143032759428024292e-01
2.543148212134838104e-02,1.756094247102737427e-01,1.143032759428024292e-01
2.544249780476093292e-02,1.758335977792739868e-01,1.148827895522117615e-01
2.544249780476093292e-02,1.758335977792739868e-01,1.148827895522117615e-01
2.545464970171451569e-02,1.760569214820861816e-01,1.154610887169837952e-01
2.545464970171451569e-02,1.760569214820861816e-01,1.154610887169837952e-01
2.546792849898338318e-02,1.762793511152267456e-01,1.160382255911827087e-01
2.546792849898338318e-02,1.762793511152267456e-01,1.160382255911827087e-01
2.548232674598693848e-02,1.765009611845016479e-01,1.166141703724861145e-01
2.548232674598693848e-02,1.765009611845016479e-01,1.166141703724861145e-01
2.549784630537033081e-02,1.767216473817825317e-01,1.171889528632164001e-01
2.549784630537033081e-02,1.767216473817825317e-01,1.171889528632164001e-01
2.551448158919811249e-02,1.769414693117141724e-01,1.177625507116317749e-01
2.551448158919811249e-02,1.769414693117141724e-01,1.177625507116317749e-01
2.553221955895423889e-02,1.771604418754577637e-01,1.183350235223770142e-01
2.553221955895423889e-02,1.771604418754577637e-01,1.183350235223770142e-01
2.555106952786445618e-02,1.773785203695297241e-01,1.189062893390655518e-01
2.555106952786445618e-02,1.773785203695297241e-01,1.189062893390655518e-01
2.557102590799331665e-02,1.775957196950912476e-01,1.194764003157615662e-01
2.557102590799331665e-02,1.775957196950912476e-01,1.194764003157615662e-01
2.559207193553447723e-02,1.778120845556259155e-01,1.200453788042068481e-01
2.559207193553447723e-02,1.778120845556259155e-01,1.200453788042068481e-01
2.561422251164913177e-02,1.780275106430053711e-01,1.206131875514984131e-01
2.561422251164913177e-02,1.780275106430053711e-01,1.206131875514984131e-01
2.563745528459548950e-02,1.782421022653579712e-01,1.211798787117004395e-01
2.563745528459548950e-02,1.782421022653579712e-01,1.211798787117004395e-01
2.566177956759929657e-02,1.784558296203613281e-01,1.217454224824905396e-01
2.566177956759929657e-02,1.784558296203613281e-01,1.217454224824905396e-01
2.568718232214450836e-02,1.786686629056930542e-01,1.223098114132881165e-01
2.568718232214450836e-02,1.786686629056930542e-01,1.223098114132881165e-01
2.571366541087627411e-02,1.788806170225143433e-01,1.228730678558349609e-01
2.571366541087627411e-02,1.788806170225143433e-01,1.228730678558349609e-01
2.574122510850429535e-02,1.790917068719863892e-01,1.234352216124534607e-01
2.574122510850429535e-02,1.790917068719863892e-01,1.234352216124534607e-01
2.576985582709312439e-02,1.793019175529479980e-01,1.239962279796600342e-01
2.576985582709312439e-02,1.793019175529479980e-01,1.239962279796600342e-01
2.579955384135246277e-02,1.795112341642379761e-01,1.245561316609382629e-01
2.579955384135246277e-02,1.795112341642379761e-01,1.245561316609382629e-01
2.583031170070171356e-02,1.797196865081787109e-01,1.251149028539657593e-01
2.583031170070171356e-02,1.797196865081787109e-01,1.251149028539657593e-01
2.586212940514087677e-02,1.799272894859313965e-01,1.256725639104843140e-01
2.586212940514087677e-02,1.799272894859313965e-01,1.256725639104843140e-01
2.589500509202480316e-02,1.801339536905288696e-01,1.262291222810745239e-01
2.589500509202480316e-02,1.801339536905288696e-01,1.262291222810745239e-01
2.592892944812774658e-02,1.803397536277770996e-01,1.267845779657363892e-01
2.592892944812774658e-02,1.803397536277770996e-01,1.267845779657363892e-01
2.596390247344970703e-02,1.805447041988372803e-01,1.273389309644699097e-01
2.596390247344970703e-02,1.805447041988372803e-01,1.273389309644699097e-01
2.599991485476493835e-02,1.807487607002258301e-01,1.278921961784362793e-01
2.599991485476493835e-02,1.807487607002258301e-01,1.278921961784362793e-01
2.603697218000888824e-02,1.809519380331039429e-01,1.284443587064743042e-01
2.603697218000888824e-02,1.809519380331039429e-01,1.284443587064743042e-01
2.607505954802036285e-02,1.811542212963104248e-01,1.289954334497451782e-01
2.607505954802036285e-02,1.811542212963104248e-01,1.289954334497451782e-01
2.611417882144451141e-02,1.813556402921676636e-01,1.295454502105712891e-01
2.611417882144451141e-02,1.813556402921676636e-01,1.295454502105712891e-01
2.615432813763618469e-02,1.815561801195144653e-01,1.300943642854690552e-01
2.615432813763618469e-02,1.815561801195144653e-01,1.300943642854690552e-01
2.619549818336963654e-02,1.817558258771896362e-01,1.306422054767608643e-01
2.619549818336963654e-02,1.817558258771896362e-01,1.306422054767608643e-01
2.623768523335456848e-02,1.819546073675155640e-01,1.311889737844467163e-01
2.623768523335456848e-02,1.819546073675155640e-01,1.311889737844467163e-01
2.628089301288127899e-02,1.821524798870086670e-01,1.317346841096878052e-01
2.628089301288127899e-02,1.821524798870086670e-01,1.317346841096878052e-01
2.632511034607887268e-02,1.823494732379913330e-01,1.322793364524841309e-01
2.632511034607887268e-02,1.823494732379913330e-01,1.322793364524841309e-01
2.637033350765705109e-02,1.825455874204635620e-01,1.328229308128356934e-01
2.637033350765705109e-02,1.825455874204635620e-01,1.328229308128356934e-01
2.641656063497066498e-02,1.827408224344253540e-01,1.333654522895812988e-01
2.641656063497066498e-02,1.827408224344253540e-01,1.333654522895812988e-01
2.646379172801971436e-02,1.829351633787155151e-01,1.339069455862045288e-01
2.646379172801971436e-02,1.829351633787155151e-01,1.339069455862045288e-01
2.651201374828815460e-02,1.831286251544952393e-01,1.344473809003829956e-01
2.651201374828815460e-02,1.831286251544952393e-01,1.344473809003829956e-01
2.656122855842113495e-02,1.833211928606033325e-01,1.349867731332778931e-01
2.656122855842113495e-02,1.833211928606033325e-01,1.349867731332778931e-01
2.661143243312835693e-02,1.835128962993621826e-01,1.355251371860504150e-01
2.661143243312835693e-02,1.835128962993621826e-01,1.355251371860504150e-01
2.666261605918407440e-02,1.837036609649658203e-01,1.360624730587005615e-01
2.666261605918407440e-02,1.837036609649658203e-01,1.360624730587005615e-01
2.671478316187858582e-02,1.838935911655426025e-01,1.365987658500671387e-01
2.671478316187858582e-02,1.838935911655426025e-01,1.365987658500671387e-01
2.676792442798614502e-02,1.840826123952865601e-01,1.371340453624725342e-01
2.676792442798614502e-02,1.840826123952865601e-01,1.371340453624725342e-01
2.682203985750675201e-02,1.842707544565200806e-01,1.376682817935943604e-01
2.682203985750675201e-02,1.842707544565200806e-01,1.376682817935943604e-01
2.687711641192436218e-02,1.844579875469207764e-01,1.382015198469161987e-01
2.687711641192436218e-02,1.844579875469207764e-01,1.382015198469161987e-01
2.693316154181957245e-02,1.846443563699722290e-01,1.387337297201156616e-01
2.693316154181957245e-02,1.846443563699722290e-01,1.387337297201156616e-01
2.699017152190208435e-02,1.848298162221908569e-01,1.392649561166763306e-01
2.699017152190208435e-02,1.848298162221908569e-01,1.392649561166763306e-01
2.704812958836555481e-02,1.850143969058990479e-01,1.397951692342758179e-01
2.704812958836555481e-02,1.850143969058990479e-01,1.397951692342758179e-01
2.710704319179058075e-02,1.851980835199356079e-01,1.403243839740753174e-01
2.710704319179058075e-02,1.851980835199356079e-01,1.403243839740753174e-01
2.716690115630626678e-02,1.853808760643005371e-01,1.408525854349136353e-01
2.716690115630626678e-02,1.853808760643005371e-01,1.408525854349136353e-01
2.722770906984806061e-02,1.855627894401550293e-01,1.413798034191131592e-01
2.722770906984806061e-02,1.855627894401550293e-01,1.413798034191131592e-01
2.728945389389991760e-02,1.857438087463378906e-01,1.419060379266738892e-01
2.728945389389991760e-02,1.857438087463378906e-01,1.419060379266738892e-01
2.735213376581668854e-02,1.859239339828491211e-01,1.424312889575958252e-01
2.735213376581668854e-02,1.859239339828491211e-01,1.424312889575958252e-01
2.741574496030807495e-02,1.861031651496887207e-01,1.429555565118789673e-01
2.741574496030807495e-02,1.861031651496887207e-01,1.429555565118789673e-01
2.748028934001922607e-02,1.862814873456954956e-01,1.434788405895233154e-01
2.748028934001922607e-02,1.862814873456954956e-01,1.434788405895233154e-01
2.754575386643409729e-02,1.864589452743530273e-01,1.440011709928512573e-01
2.754575386643409729e-02,1.864589452743530273e-01,1.440011709928512573e-01
2.761213853955268860e-02,1.866354793310165405e-01,1.445225328207015991e-01
2.761213853955268860e-02,1.866354793310165405e-01,1.445225328207015991e-01
2.767944335937500000e-02,1.868111491203308105e-01,1.450429260730743408e-01
2.767944335937500000e-02,1.868111491203308105e-01,1.450429260730743408e-01
2.774765156209468842e-02,1.869858950376510620e-01,1.455623656511306763e-01
2.774765156209468842e-02,1.869858950376510620e-01,1.455623656511306763e-01
2.781678177416324615e-02,1.871597617864608765e-01,1.460808217525482178e-01
2.781678177416324615e-02,1.871597617864608765e-01,1.460808217525482178e-01
2.788680791854858398e-02,1.873327344655990601e-01,1.465983688831329346e-01
2.788680791854858398e-02,1.873327344655990601e-01,1.465983688831329346e-01
2.795773372054100037e-02,1.875047981739044189e-01,1.471149474382400513e-01
2.795773372054100037e-02,1.875047981739044189e-01,1.471149474382400513e-01
2.802956104278564453e-02,1.876759827136993408e-01,1.476305872201919556e-01
2.802956104278564453e-02,1.876759827136993408e-01,1.476305872201919556e-01
2.810227684676647186e-02,1.878462582826614380e-01,1.481452882289886475e-01
2.810227684676647186e-02,1.878462582826614380e-01,1.481452882289886475e-01
2.817587926983833313e-02,1.880156546831130981e-01,1.486590653657913208e-01
2.817587926983833313e-02,1.880156546831130981e-01,1.486590653657913208e-01
2.825037203729152679e-02,1.881841421127319336e-01,1.491719037294387817e-01
2.825037203729152679e-02,1.881841421127319336e-01,1.491719037294387817e-01
2.832574211061000824e-02,1.883517056703567505e-01,1.496838033199310303e-01
2.832574211061000824e-02,1.883517056703567505e-01,1.496838033199310303e-01
2.840198948979377747e-02,1.885184049606323242e-01,1.501947939395904541e-01
2.840198948979377747e-02,1.885184049606323242e-01,1.501947939395904541e-01
2.847910486161708832e-02,1.886841803789138794e-01,1.507048755884170532e-01
2.847910486161708832e-02,1.886841803789138794e-01,1.507048755884170532e-01
2.855709567666053772e-02,1.888490766286849976e-01,1.512140333652496338e-01
2.855709567666053772e-02,1.888490766286849976e-01,1.512140333652496338e-01
2.863595262169837952e-02,1.890130490064620972e-01,1.517222821712493896e-01
2.863595262169837952e-02,1.890130490064620972e-01,1.517222821712493896e-01
2.871566452085971832e-02,1.891761422157287598e-01,1.522296369075775146e-01
2.871566452085971832e-02,1.891761422157287598e-01,1.522296369075775146e-01
2.879623696208000183e-02,1.893383264541625977e-01,1.527360826730728149e-01
2.879623696208000183e-02,1.893383264541625977e-01,1.527360826730728149e-01
2.887766063213348389e-02,1.894996017217636108e-01,1.532416194677352905e-01
2.887766063213348389e-02,1.894996017217636108e-01,1.532416194677352905e-01
2.895993366837501526e-02,1.896599978208541870e-01,1.537462919950485229e-01
2.895993366837501526e-02,1.896599978208541870e-01,1.537462919950485229e-01
2.904305234551429749e-02,1.898194700479507446e-01,1.542500406503677368e-01
2.904305234551429749e-02,1.898194700479507446e-01,1.542500406503677368e-01
2.912701107561588287e-02,1.899780482053756714e-01,1.547529250383377075e-01
2.912701107561588287e-02,1.899780482053756714e-01,1.547529250383377075e-01
2.921180985867977142e-02,1.901357024908065796e-01,1.552549302577972412e-01
2.921180985867977142e-02,1.901357024908065796e-01,1.552549302577972412e-01
2.929743565618991852e-02,1.902924925088882446e-01,1.557560563087463379e-01
2.929743565618991852e-02,1.902924925088882446e-01,1.557560563087463379e-01
2.938389778137207031e-02,1.904483288526535034e-01,1.562563031911849976e-01
2.938389778137207031e-02,1.904483288526535034e-01,1.562563031911849976e-01
2.947117947041988373e-02,1.906033158302307129e-01,1.567557156085968018e-01
2.947117947041988373e-02,1.906033158302307129e-01,1.567557156085968018e-01
2.955928444862365723e-02,1.907573640346527100e-01,1.572542190551757812e-01
2.955928444862365723e-02,1.907573640346527100e-01,1.572542190551757812e-01
2.964820712804794312e-02,1.909105181694030762e-01,1.577518731355667114e-01
2.964820712804794312e-02,1.909105181694030762e-01,1.577518731355667114e-01
2.973794005811214447e-02,1.910627484321594238e-01,1.582486927509307861e-01
2.973794005811214447e-02,1.910627484321594238e-01,1.582486927509307861e-01
2.982848882675170898e-02,1.912140846252441406e-01,1.587446630001068115e-01
2.982848882675170898e-02,1.912140846252441406e-01,1.587446630001068115e-01
2.991983480751514435e-02,1.913645118474960327e-01,1.592397689819335938e-01
2.991983480751514435e-02,1.913645118474960327e-01,1.592397689819335938e-01
3.001198358833789825e-02,1.915140450000762939e-01,1.597340255975723267e-01
3.001198358833789825e-02,1.915140450000762939e-01,1.597340255975723267e-01
3.010493703186511993e-02,1.916626393795013428e-01,1.602274477481842041e-01
3.010493703186511993e-02,1.916626393795013428e-01,1.602274477481842041e-01
3.019868023693561554e-02,1.918103545904159546e-01,1.607200503349304199e-01
3.019868023693561554e-02,1.918103545904159546e-01,1.607200503349304199e-01
3.029321134090423584e-02,1.919571459293365479e-01,1.612118184566497803e-01
3.029321134090423584e-02,1.919571459293365479e-01,1.612118184566497803e-01
3.038852848112583160e-02,1.921030282974243164e-01,1.617027372121810913e-01
3.038852848112583160e-02,1.921030282974243164e-01,1.617027372121810913e-01
3.048462606966495514e-02,1.922480463981628418e-01,1.621928662061691284e-01
3.048462606966495514e-02,1.922480463981628418e-01,1.621928662061691284e-01
3.058150783181190491e-02,1.923920810222625732e-01,1.626821458339691162e-01
3.058150783181190491e-02,1.923920810222625732e-01,1.626821458339691162e-01
3.067915327847003937e-02,1.925352513790130615e-01,1.631706207990646362e-01
3.067915327847003937e-02,1.925352513790130615e-01,1.631706207990646362e-01
3.077757358551025391e-02,1.926775127649307251e-01,1.636582911014556885e-01
3.077757358551025391e-02,1.926775127649307251e-01,1.636582911014556885e-01
3.087675385177135468e-02,1.928188204765319824e-01,1.641451865434646606e-01
3.087675385177135468e-02,1.928188204765319824e-01,1.641451865434646606e-01
3.097670525312423706e-02,1.929592490196228027e-01,1.646312326192855835e-01
3.097670525312423706e-02,1.929592490196228027e-01,1.646312326192855835e-01
3.107740730047225952e-02,1.930987685918807983e-01,1.651165038347244263e-01
3.107740730047225952e-02,1.930987685918807983e-01,1.651165038347244263e-01
3.117886930704116821e-02,1.932373642921447754e-01,1.656009852886199951e-01
3.117886930704116821e-02,1.932373642921447754e-01,1.656009852886199951e-01
3.128107637166976929e-02,1.933750361204147339e-01,1.660846471786499023e-01
3.128107637166976929e-02,1.933750361204147339e-01,1.660846471786499023e-01
3.138403221964836121e-02,1.935118287801742554e-01,1.665675491094589233e-01
3.138403221964836121e-02,1.935118287801742554e-01,1.665675491094589233e-01
3.148772567510604858e-02,1.936476826667785645e-01,1.670496761798858643e-01
3.148772567510604858e-02,1.936476826667785645e-01,1.670496761798858643e-01
3.159216418862342834e-02,1.937826424837112427e-01,1.675310134887695312e-01
3.159216418862342834e-02,1.937826424837112427e-01,1.675310134887695312e-01
3.169732913374900818e-02,1.939166635274887085e-01,1.680116057395935059e-01
3.169732913374900818e-02,1.939166635274887085e-01,1.680116057395935059e-01
3.180323168635368347e-02,1.940497756004333496e-01,1.684913933277130127e-01
3.180323168635368347e-02,1.940497756004333496e-01,1.684913933277130127e-01
3.190986067056655884e-02,1.941819787025451660e-01,1.689704358577728271e-01
3.190986067056655884e-02,1.941819787025451660e-01,1.689704358577728271e-01
3.201720118522644043e-02,1.943132430315017700e-01,1.694487035274505615e-01
3.201720118522644043e-02,1.943132430315017700e-01,1.694487035274505615e-01
3.212526813149452209e-02,1.944436132907867432e-01,1.699262112379074097e-01
3.212526813149452209e-02,1.944436132907867432e-01,1.699262112379074097e-01
3.223404288291931152e-02,1.945730447769165039e-01,1.704029887914657593e-01
3.223404288291931152e-02,1.945730447769165039e-01,1.704029887914657593e-01
3.234354034066200256e-02,1.947015970945358276e-01,1.708789914846420288e-01
3.234354034066200256e-02,1.947015970945358276e-01,1.708789914846420288e-01
3.245373070240020752e-02,1.948292106389999390e-01,1.713542640209197998e-01
3.245373070240020752e-02,1.948292106389999390e-01,1.713542640209197998e-01
3.256462886929512024e-02,1.949558854103088379e-01,1.718288213014602661e-01
3.256462886929512024e-02,1.949558854103088379e-01,1.718288213014602661e-01
3.267622739076614380e-02,1.950816810131072998e-01,1.723026037216186523e-01
3.267622739076614380e-02,1.950816810131072998e-01,1.723026037216186523e-01
3.278851881623268127e-02,1.952065229415893555e-01,1.727756708860397339e-01
3.278851881623268127e-02,1.952065229415893555e-01,1.727756708860397339e-01
3.290150314569473267e-02,1.953304708003997803e-01,1.732480227947235107e-01
3.290150314569473267e-02,1.953304708003997803e-01,1.732480227947235107e-01
3.301516920328140259e-02,1.954534649848937988e-01,1.737196445465087891e-01
3.301516920328140259e-02,1.954534649848937988e-01,1.737196445465087891e-01
3.312951698899269104e-02,1.955755800008773804e-01,1.741905361413955688e-01
3.312951698899269104e-02,1.955755800008773804e-01,1.741905361413955688e-01
3.324454650282859802e-02,1.956967413425445557e-01,1.746607124805450439e-01
3.324454650282859802e-02,1.956967413425445557e-01,1.746607124805450439e-01
3.336025029420852661e-02,1.958169788122177124e-01,1.751301884651184082e-01
3.336025029420852661e-02,1.958169788122177124e-01,1.751301884651184082e-01
3.347662836313247681e-02,1.959363371133804321e-01,1.755989640951156616e-01
3.347662836313247681e-02,1.959363371133804321e-01,1.755989640951156616e-01
3.359366580843925476e-02,1.960547119379043579e-01,1.760670244693756104e-01
3.359366580843925476e-02,1.960547119379043579e-01,1.760670244693756104e-01
3.371137008070945740e-02,1.961722224950790405e-01,1.765344142913818359e-01
3.371137008070945740e-02,1.961722224950790405e-01,1.765344142913818359e-01
3.382973000407218933e-02,1.962887793779373169e-01,1.770010739564895630e-01
3.382973000407218933e-02,1.962887793779373169e-01,1.770010739564895630e-01
3.394874557852745056e-02,1.964043974876403809e-01,1.774670481681823730e-01
3.394874557852745056e-02,1.964043974876403809e-01,1.774670481681823730e-01
3.406841680407524109e-02,1.965191066265106201e-01,1.779323518276214600e-01
3.406841680407524109e-02,1.965191066265106201e-01,1.779323518276214600e-01
3.418872877955436707e-02,1.966329067945480347e-01,1.783969700336456299e-01
3.418872877955436707e-02,1.966329067945480347e-01,1.783969700336456299e-01
3.430968523025512695e-02,1.967457681894302368e-01,1.788608878850936890e-01
3.430968523025512695e-02,1.967457681894302368e-01,1.788608878850936890e-01
3.443128988146781921e-02,1.968577057123184204e-01,1.793241798877716064e-01
3.443128988146781921e-02,1.968577057123184204e-01,1.793241798877716064e-01
3.455351293087005615e-02,1.969687193632125854e-01,1.797867417335510254e-01
3.455351293087005615e-02,1.969687193632125854e-01,1.797867417335510254e-01
3.467637673020362854e-02,1.970788091421127319e-01,1.802486777305603027e-01
3.467637673020362854e-02,1.970788091421127319e-01,1.802486777305603027e-01
3.479986637830734253e-02,1.971879452466964722e-01,1.807099431753158569e-01
3.479986637830734253e-02,1.971879452466964722e-01,1.807099431753158569e-01
3.492397442460060120e-02,1.972961723804473877e-01,1.811705529689788818e-01
3.492397442460060120e-02,1.972961723804473877e-01,1.811705529689788818e-01
3.504870831966400146e-02,1.974034905433654785e-01,1.816305369138717651e-01
3.504870831966400146e-02,1.974034905433654785e-01,1.816305369138717651e-01
3.517405316233634949e-02,1.975098550319671631e-01,1.820898205041885376e-01
3.517405316233634949e-02,1.975098550319671631e-01,1.820898205041885376e-01
3.530001640319824219e-02,1.976153105497360229e-01,1.825485080480575562e-01
3.530001640319824219e-02,1.976153105497360229e-01,1.825485080480575562e-01
3.542657941579818726e-02,1.977198272943496704e-01,1.830065250396728516e-01
3.542657941579818726e-02,1.977198272943496704e-01,1.830065250396728516e-01
3.555374965071678162e-02,1.978233903646469116e-01,1.834639161825180054e-01
3.555374965071678162e-02,1.978233903646469116e-01,1.834639161825180054e-01
3.568151220679283142e-02,1.979260593652725220e-01,1.839206814765930176e-01
3.568151220679283142e-02,1.979260593652725220e-01,1.839206814765930176e-01
3.580987825989723206e-02,1.980277746915817261e-01,1.843767911195755005e-01
3.580987825989723206e-02,1.980277746915817261e-01,1.843767911195755005e-01
3.593883663415908813e-02,1.981285810470581055e-01,1.848323047161102295e-01
3.593883663415908813e-02,1.981285810470581055e-01,1.848323047161102295e-01
3.606837987899780273e-02,1.982284486293792725e-01,1.852871924638748169e-01
3.606837987899780273e-02,1.982284486293792725e-01,1.852871924638748169e-01
3.619849681854248047e-02,1.983273625373840332e-01,1.857414543628692627e-01
3.619849681854248047e-02,1.983273625373840332e-01,1.857414543628692627e-01
3.632920235395431519e-02,1.984253674745559692e-01,1.861951202154159546e-01
3.632920235395431519e-02,1.984253674745559692e-01,1.861951202154159546e-01
3.646048903465270996e-02,1.985224187374114990e-01,1.866481602191925049e-01
3.646048903465270996e-02,1.985224187374114990e-01,1.866481602191925049e-01
3.659234195947647095e-02,1.986185610294342041e-01,1.871006339788436890e-01
3.659234195947647095e-02,1.986185610294342041e-01,1.871006339788436890e-01
3.672475367784500122e-02,1.987137645483016968e-01,1.875524669885635376e-01
3.672475367784500122e-02,1.987137645483016968e-01,1.875524669885635376e-01
3.685773536562919617e-02,1.988080292940139771e-01,1.880037188529968262e-01
3.685773536562919617e-02,1.988080292940139771e-01,1.880037188529968262e-01
3.699128329753875732e-02,1.989013701677322388e-01,1.884543895721435547e-01
3.699128329753875732e-02,1.989013701677322388e-01,1.884543895721435547e-01
3.712538257241249084e-02,1.989937573671340942e-01,1.889044642448425293e-01
3.712538257241249084e-02,1.989937573671340942e-01,1.889044642448425293e-01
3.726003319025039673e-02,1.990852057933807373e-01,1.893539428710937500e-01
3.726003319025039673e-02,1.990852057933807373e-01,1.893539428710937500e-01
3.739523142576217651e-02,1.991757303476333618e-01,1.898028701543807983e-01
3.739523142576217651e-02,1.991757303476333618e-01,1.898028701543807983e-01
3.753096610307693481e-02,1.992653161287307739e-01,1.902512162923812866e-01
3.753096610307693481e-02,1.992653161287307739e-01,1.902512162923812866e-01
3.766724839806556702e-02,1.993539631366729736e-01,1.906989961862564087e-01
3.766724839806556702e-02,1.993539631366729736e-01,1.906989961862564087e-01
3.780406713485717773e-02,1.994416862726211548e-01,1.911461949348449707e-01
3.780406713485717773e-02,1.994416862726211548e-01,1.911461949348449707e-01
3.794141486287117004e-02,1.995284557342529297e-01,1.915928423404693604e-01
3.794141486287117004e-02,1.995284557342529297e-01,1.915928423404693604e-01
3.807929530739784241e-02,1.996143013238906860e-01,1.920389384031295776e-01
3.807929530739784241e-02,1.996143013238906860e-01,1.920389384031295776e-01
3.821770101785659790e-02,1.996991783380508423e-01,1.924844533205032349e-01
3.821770101785659790e-02,1.996991783380508423e-01,1.924844533205032349e-01
3.835661336779594421e-02,1.997831612825393677e-01,1.929294615983963013e-01
3.835661336779594421e-02,1.997831612825393677e-01,1.929294615983963013e-01
3.849605470895767212e-02,1.998661756515502930e-01,1.933738887310028076e-01
3.849605470895767212e-02,1.998661756515502930e-01,1.933738887310028076e-01
3.863600268959999084e-02,1.999482363462448120e-01,1.938177645206451416e-01
3.863600268959999084e-02,1.999482363462448120e-01,1.938177645206451416e-01
3.877646103501319885e-02,2.000293880701065063e-01,1.942611485719680786e-01
3.877646103501319885e-02,2.000293880701065063e-01,1.942611485719680786e-01
3.891742229461669922e-02,2.001095861196517944e-01,1.947039663791656494e-01
3.891742229461669922e-02,2.001095861196517944e-01,1.947039663791656494e-01
3.905888274312019348e-02,2.001888453960418701e-01,1.951462775468826294e-01
3.905888274312019348e-02,2.001888453960418701e-01,1.951462775468826294e-01
3.920084983110427856e-02,2.002671658992767334e-01,1.955880522727966309e-01
3.920084983110427856e-02,2.002671658992767334e-01,1.955880522727966309e-01
3.934329748153686523e-02,2.003445476293563843e-01,1.960292905569076538e-01
3.934329748153686523e-02,2.003445476293563843e-01,1.960292905569076538e-01
3.948623314499855042e-02,2.004209756851196289e-01,1.964700222015380859e-01
3.948623314499855042e-02,2.004209756851196289e-01,1.964700222015380859e-01
3.962965309619903564e-02,2.004964500665664673e-01,1.969102621078491211e-01
3.962965309619903564e-02,2.004964500665664673e-01,1.969102621078491211e-01
3.977355733513832092e-02,2.005710154771804810e-01,1.973499804735183716e-01
3.977355733513832092e-02,2.005710154771804810e-01,1.973499804735183716e-01
3.991794213652610779e-02,2.006446123123168945e-01,1.977891921997070312e-01
3.991794213652610779e-02,2.006446123123168945e-01,1.977891921997070312e-01
4.006279259920120239e-02,2.007172852754592896e-01,1.982279121875762939e-01
4.006279259920120239e-02,2.007172852754592896e-01,1.982279121875762939e-01
4.020810872316360474e-02,2.007889598608016968e-01,1.986661106348037720e-01
4.020810872316360474e-02,2.007889598608016968e-01,1.986661106348037720e-01
4.035389795899391174e-02,2.008597403764724731e-01,1.991038620471954346e-01
4.035389795899391174e-02,2.008597403764724731e-01,1.991038620471954346e-01
4.050014540553092957e-02,2.009295672178268433e-01,1.995410919189453125e-01
4.050014540553092957e-02,2.009295672178268433e-01,1.995410919189453125e-01
4.064684733748435974e-02,2.009984254837036133e-01,1.999778449535369873e-01
4.064684733748435974e-02,2.009984254837036133e-01,1.999778449535369873e-01
4.079400002956390381e-02,2.010663747787475586e-01,2.004141211509704590e-01
4.079400002956390381e-02,2.010663747787475586e-01,2.004141211509704590e-01
4.094160720705986023e-02,2.011333405971527100e-01,2.008499354124069214e-01
4.094160720705986023e-02,2.011333405971527100e-01,2.008499354124069214e-01
4.108965769410133362e-02,2.011993676424026489e-01,2.012852430343627930e-01
4.108965769410133362e-02,2.011993676424026489e-01,2.012852430343627930e-01
4.123814776539802551e-02,2.012644559144973755e-01,2.017201483249664307e-01
4.123814776539802551e-02,2.012644559144973755e-01,2.017201483249664307e-01
4.138707369565963745e-02,2.013286054134368896e-01,2.021545320749282837e-01
4.138707369565963745e-02,2.013286054134368896e-01,2.021545320749282837e-01
4.153643175959587097e-02,2.013917863368988037e-01,2.025884836912155151e-01
4.153643175959587097e-02,2.013917863368988037e-01,2.025884836912155151e-01
4.168621823191642761e-02,2.014540433883666992e-01,2.030219733715057373e-01
4.168621823191642761e-02,2.014540433883666992e-01,2.030219733715057373e-01
4.183644056320190430e-02,2.015153169631958008e-01,2.034550011157989502e-01
4.183644056320190430e-02,2.015153169631958008e-01,2.034550011157989502e-01
4.198706895112991333e-02,2.015756517648696899e-01,2.038875967264175415e-01
4.198706895112991333e-02,2.015756517648696899e-01,2.038875967264175415e-01
4.213811829686164856e-02,2.016350626945495605e-01,2.043197602033615112e-01
4.213811829686164856e-02,2.016350626945495605e-01,2.043197602033615112e-01
4.228958487510681152e-02,2.016934901475906372e-01,2.047514766454696655e-01
4.228958487510681152e-02,2.016934901475906372e-01,2.047514766454696655e-01
4.244146123528480530e-02,2.017509788274765015e-01,2.051827460527420044e-01
4.244146123528480530e-02,2.017509788274765015e-01,2.051827460527420044e-01
4.259373992681503296e-02,2.018074989318847656e-01,2.056136131286621094e-01
4.259373992681503296e-02,2.018074989318847656e-01,2.056136131286621094e-01
4.274641349911689758e-02,2.018630951642990112e-01,2.060440182685852051e-01
4.274641349911689758e-02,2.018630951642990112e-01,2.060440182685852051e-01
4.289949312806129456e-02,2.019177079200744629e-01,2.064740359783172607e-01
4.289949312806129456e-02,2.019177079200744629e-01,2.064740359783172607e-01
4.305296763777732849e-02,2.019713819026947021e-01,2.069036513566970825e-01
4.305296763777732849e-02,2.019713819026947021e-01,2.069036513566970825e-01
4.320682212710380554e-02,2.020241171121597290e-01,2.073328047990798950e-01
4.320682212710380554e-02,2.020241171121597290e-01,2.073328047990798950e-01
4.336106404662132263e-02,2.020758986473083496e-01,2.077615559101104736e-01
4.336106404662132263e-02,2.020758986473083496e-01,2.077615559101104736e-01
4.351568967103958130e-02,2.021266818046569824e-01,2.081899344921112061e-01
4.351568967103958130e-02,2.021266818046569824e-01,2.081899344921112061e-01
4.367069900035858154e-02,2.021765410900115967e-01,2.086178958415985107e-01
4.367069900035858154e-02,2.021765410900115967e-01,2.086178958415985107e-01
4.382607340812683105e-02,2.022254616022109985e-01,2.090454697608947754e-01
4.382607340812683105e-02,2.022254616022109985e-01,2.090454697608947754e-01
4.398182034492492676e-02,2.022733837366104126e-01,2.094726115465164185e-01
4.398182034492492676e-02,2.022733837366104126e-01,2.094726115465164185e-01
4.413793236017227173e-02,2.023203819990158081e-01,2.098994106054306030e-01
4.413793236017227173e-02,2.023203819990158081e-01,2.098994106054306030e-01
4.429440572857856750e-02,2.023664414882659912e-01,2.103258073329925537e-01
4.429440572857856750e-02,2.023664414882659912e-01,2.103258073329925537e-01
4.445123672485351562e-02,2.024115025997161865e-01,2.107518464326858521e-01
4.445123672485351562e-02,2.024115025997161865e-01,2.107518464326858521e-01
4.460842162370681763e-02,2.024556249380111694e-01,2.111774832010269165e-01
4.460842162370681763e-02,2.024556249380111694e-01,2.111774832010269165e-01
4.476595297455787659e-02,2.024987637996673584e-01,2.116027623414993286e-01
4.476595297455787659e-02,2.024987637996673584e-01,2.116027623414993286e-01
4.492383077740669250e-02,2.025409936904907227e-01,2.120276689529418945e-01
4.492383077740669250e-02,2.025409936904907227e-01,2.120276689529418945e-01
4.508205503225326538e-02,2.025822252035140991e-01,2.124522179365158081e-01
4.508205503225326538e-02,2.025822252035140991e-01,2.124522179365158081e-01
4.524061456322669983e-02,2.026224881410598755e-01,2.128764092922210693e-01
4.524061456322669983e-02,2.026224881410598755e-01,2.128764092922210693e-01
4.539950564503669739e-02,2.026618272066116333e-01,2.133002281188964844e-01
4.539950564503669739e-02,2.026618272066116333e-01,2.133002281188964844e-01
4.555872827768325806e-02,2.027001976966857910e-01,2.137237042188644409e-01
4.555872827768325806e-02,2.027001976966857910e-01,2.137237042188644409e-01
4.571827873587608337e-02,2.027375996112823486e-01,2.141468375921249390e-01
4.571827873587608337e-02,2.027375996112823486e-01,2.141468375921249390e-01
4.587815329432487488e-02,2.027740329504013062e-01,2.145696282386779785e-01
4.587815329432487488e-02,2.027740329504013062e-01,2.145696282386779785e-01
4.603833705186843872e-02,2.028094977140426636e-01,2.149920761585235596e-01
4.603833705186843872e-02,2.028094977140426636e-01,2.149920761585235596e-01
4.619884118437767029e-02,2.028440237045288086e-01,2.154142111539840698e-01
4.619884118437767029e-02,2.028440237045288086e-01,2.154142111539840698e-01
4.635965451598167419e-02,2.028775960206985474e-01,2.158359587192535400e-01
4.635965451598167419e-02,2.028775960206985474e-01,2.158359587192535400e-01
4.652077704668045044e-02,2.029101699590682983e-01,2.162574529647827148e-01
4.652077704668045044e-02,2.029101699590682983e-01,2.162574529647827148e-01
4.668218269944190979e-02,2.029418051242828369e-01,2.166785746812820435e-01
4.668218269944190979e-02,2.029418051242828369e-01,2.166785746812820435e-01
4.684390872716903687e-02,2.029724568128585815e-01,2.170993983745574951e-01
4.684390872716903687e-02,2.029724568128585815e-01,2.170993983745574951e-01
4.700592532753944397e-02,2.030021697282791138e-01,2.175199240446090698e-01
4.700592532753944397e-02,2.030021697282791138e-01,2.175199240446090698e-01
4.716822877526283264e-02,2.030308842658996582e-01,2.179401069879531860e-01
4.716822877526283264e-02,2.030308842658996582e-01,2.179401069879531860e-01
4.733081534504890442e-02,2.030586600303649902e-01,2.183600068092346191e-01
4.733081534504890442e-02,2.030586600303649902e-01,2.183600068092346191e-01
4.749368876218795776e-02,2.030854672193527222e-01,2.187795937061309814e-01
4.749368876218795776e-02,2.030854672193527222e-01,2.187795937061309814e-01
4.765684157609939575e-02,2.031112909317016602e-01,2.191988974809646606e-01
4.765684157609939575e-02,2.031112909317016602e-01,2.191988974809646606e-01
4.782026261091232300e-02,2.031361758708953857e-01,2.196178734302520752e-01
4.782026261091232300e-02,2.031361758708953857e-01,2.196178734302520752e-01
4.798395559191703796e-02,2.031600624322891235e-01,2.200366109609603882e-01
4.798395559191703796e-02,2.031600624322891235e-01,2.200366109609603882e-01
4.814791679382324219e-02,2.031830251216888428e-01,2.204550355672836304e-01
4.814791679382324219e-02,2.031830251216888428e-01,2.204550355672836304e-01
4.831213876605033875e-02,2.032049745321273804e-01,2.208731621503829956e-01
4.831213876605033875e-02,2.032049745321273804e-01,2.208731621503829956e-01
4.847662523388862610e-02,2.032259702682495117e-01,2.212910354137420654e-01
4.847662523388862610e-02,2.032259702682495117e-01,2.212910354137420654e-01
4.864136129617691040e-02,2.032459974288940430e-01,2.217086404561996460e-01
4.864136129617691040e-02,2.032459974288940430e-01,2.217086404561996460e-01
4.880634695291519165e-02,2.032650858163833618e-01,2.221259623765945435e-01
4.880634695291519165e-02,2.032650858163833618e-01,2.221259623765945435e-01
4.897158220410346985e-02,2.032831609249114990e-01,2.225430309772491455e-01
4.897158220410346985e-02,2.032831609249114990e-01,2.225430309772491455e-01
4.913705587387084961e-02,2.033002674579620361e-01,2.229598462581634521e-01
4.913705587387084961e-02,2.033002674579620361e-01,2.229598462581634521e-01
4.930277541279792786e-02,2.033164352178573608e-01,2.233764082193374634e-01
4.930277541279792786e-02,2.033164352178573608e-01,2.233764082193374634e-01
4.946872591972351074e-02,2.033316195011138916e-01,2.237927168607711792e-01
4.946872591972351074e-02,2.033316195011138916e-01,2.237927168607711792e-01
4.963490366935729980e-02,2.033458352088928223e-01,2.242087274789810181e-01
4.963490366935729980e-02,2.033458352088928223e-01,2.242087274789810181e-01
4.980130866169929504e-02,2.033590525388717651e-01,2.246245592832565308e-01
4.980130866169929504e-02,2.033590525388717651e-01,2.246245592832565308e-01
4.996793717145919800e-02,2.033713161945343018e-01,2.250401228666305542e-01
4.996793717145919800e-02,2.033713161945343018e-01,2.250401228666305542e-01
5.013479292392730713e-02,2.033825963735580444e-01,2.254554927349090576e-01
5.013479292392730713e-02,2.033825963735580444e-01,2.254554927349090576e-01
5.030185356736183167e-02,2.033929377794265747e-01,2.258705645799636841e-01
5.030185356736183167e-02,2.033929377794265747e-01,2.258705645799636841e-01
5.046912655234336853e-02,2.034022659063339233e-01,2.262854576110839844e-01
5.046912655234336853e-02,2.034022659063339233e-01,2.262854576110839844e-01
5.063661187887191772e-02,2.034106403589248657e-01,2.267001122236251831e-01
5.063661187887191772e-02,2.034106403589248657e-01,2.267001122236251831e-01
5.080429464578628540e-02,2.034180462360382080e-01,2.271145433187484741e-01
5.080429464578628540e-02,2.034180462360382080e-01,2.271145433187484741e-01
5.097218230366706848e-02,2.034244537353515625e-01,2.275287508964538574e-01
5.097218230366706848e-02,2.034244537353515625e-01,2.275287508964538574e-01
5.114025995135307312e-02,2.034298926591873169e-01,2.279427796602249146e-01
5.114025995135307312e-02,2.034298926591873169e-01,2.279427796602249146e-01
5.130853131413459778e-02,2.034343630075454712e-01,2.283565849065780640e-01
5.130853131413459778e-02,2.034343630075454712e-01,2.283565849065780640e-01
5.147698894143104553e-02,2.034378647804260254e-01,2.287701815366744995e-01
5.147698894143104553e-02,2.034378647804260254e-01,2.287701815366744995e-01
5.164562910795211792e-02,2.034403532743453979e-01,2.291835844516754150e-01
5.164562910795211792e-02,2.034403532743453979e-01,2.291835844516754150e-01
5.181444808840751648e-02,2.034418880939483643e-01,2.295968085527420044e-01
5.181444808840751648e-02,2.034418880939483643e-01,2.295968085527420044e-01
5.198343843221664429e-02,2.034424543380737305e-01,2.300098240375518799e-01
5.198343843221664429e-02,2.034424543380737305e-01,2.300098240375518799e-01
5.215261131525039673e-02,2.034420371055603027e-01,2.304226607084274292e-01
5.215261131525039673e-02,2.034420371055603027e-01,2.304226607084274292e-01
5.232194066047668457e-02,2.034406512975692749e-01,2.308353036642074585e-01
5.232194066047668457e-02,2.034406512975692749e-01,2.308353036642074585e-01
5.249144509434700012e-02,2.034382820129394531e-01,2.312477827072143555e-01
5.249144509434700012e-02,2.034382820129394531e-01,2.312477827072143555e-01
5.266109853982925415e-02,2.034348994493484497e-01,2.316600829362869263e-01
5.266109853982925415e-02,2.034348994493484497e-01,2.316600829362869263e-01
5.283090844750404358e-02,2.034305632114410400e-01,2.320722341537475586e-01
5.283090844750404358e-02,2.034305632114410400e-01,2.320722341537475586e-01
5.300086736679077148e-02,2.034252583980560303e-01,2.324842214584350586e-01
5.300086736679077148e-02,2.034252583980560303e-01,2.324842214584350586e-01
5.317098274827003479e-02,2.034189552068710327e-01,2.328960299491882324e-01
5.317098274827003479e-02,2.034189552068710327e-01,2.328960299491882324e-01
5.334123969078063965e-02,2.034116685390472412e-01,2.333076894283294678e-01
5.334123969078063965e-02,2.034116685390472412e-01,2.333076894283294678e-01
5.351162701845169067e-02,2.034033983945846558e-01,2.337191849946975708e-01
5.351162701845169067e-02,2.034033983945846558e-01,2.337191849946975708e-01
5.368215963244438171e-02,2.033941745758056641e-01,2.341305315494537354e-01
5.368215963244438171e-02,2.033941745758056641e-01,2.341305315494537354e-01
5.385282263159751892e-02,2.033839374780654907e-01,2.345417439937591553e-01
5.385282263159751892e-02,2.033839374780654907e-01,2.345417439937591553e-01
5.402361229062080383e-02,2.033727467060089111e-01,2.349528372287750244e-01
5.402361229062080383e-02,2.033727467060089111e-01,2.349528372287750244e-01
5.419452488422393799e-02,2.033605426549911499e-01,2.353637516498565674e-01
5.419452488422393799e-02,2.033605426549911499e-01,2.353637516498565674e-01
5.436555668711662292e-02,2.033473700284957886e-01,2.357745468616485596e-01
5.436555668711662292e-02,2.033473700284957886e-01,2.357745468616485596e-01
5.453670397400856018e-02,2.033331990242004395e-01,2.361852228641510010e-01
5.453670397400856018e-02,2.033331990242004395e-01,2.361852228641510010e-01
5.470796674489974976e-02,2.033180594444274902e-01,2.365957945585250854e-01
5.470796674489974976e-02,2.033180594444274902e-01,2.365957945585250854e-01
5.487933382391929626e-02,2.033019065856933594e-01,2.370062172412872314e-01
5.487933382391929626e-02,2.033019065856933594e-01,2.370062172412872314e-01
5.505080893635749817e-02,2.032848000526428223e-01,2.374165356159210205e-01
5.505080893635749817e-02,2.032848000526428223e-01,2.374165356159210205e-01
5.522238463163375854e-02,2.032666951417922974e-01,2.378267496824264526e-01
5.522238463163375854e-02,2.032666951417922974e-01,2.378267496824264526e-01
5.539404600858688354e-02,2.032475918531417847e-01,2.382368296384811401e-01
5.539404600858688354e-02,2.032475918531417847e-01,2.382368296384811401e-01
5.556581541895866394e-02,2.032275199890136719e-01,2.386468499898910522e-01
5.556581541895866394e-02,2.032275199890136719e-01,2.386468499898910522e-01
5.573765560984611511e-02,2.032064646482467651e-01,2.390567511320114136e-01
5.573765560984611511e-02,2.032064646482467651e-01,2.390567511320114136e-01
5.590959638357162476e-02,2.031843960285186768e-01,2.394665330648422241e-01
5.590959638357162476e-02,2.031843960285186768e-01,2.394665330648422241e-01
5.608160793781280518e-02,2.031613737344741821e-01,2.398762851953506470e-01
5.608160793781280518e-02,2.031613737344741821e-01,2.398762851953506470e-01
5.625369399785995483e-02,2.031373381614685059e-01,2.402859032154083252e-01
5.625369399785995483e-02,2.031373381614685059e-01,2.402859032154083252e-01
5.642586201429367065e-02,2.031122893095016479e-01,2.406954467296600342e-01
5.642586201429367065e-02,2.031122893095016479e-01,2.406954467296600342e-01
5.659808591008186340e-02,2.030862867832183838e-01,2.411049008369445801e-01
5.659808591008186340e-02,2.030862867832183838e-01,2.411049008369445801e-01
5.677038058638572693e-02,2.030593007802963257e-01,2.415143251419067383e-01
5.677038058638572693e-02,2.030593007802963257e-01,2.415143251419067383e-01
5.694273114204406738e-02,2.030313014984130859e-01,2.419236302375793457e-01
5.694273114204406738e-02,2.030313014984130859e-01,2.419236302375793457e-01
5.711514502763748169e-02,2.030023336410522461e-01,2.423328906297683716e-01
5.711514502763748169e-02,2.030023336410522461e-01,2.423328906297683716e-01
5.728760361671447754e-02,2.029723376035690308e-01,2.427420765161514282e-01
5.728760361671447754e-02,2.029723376035690308e-01,2.427420765161514282e-01
5.746011808514595032e-02,2.029413878917694092e-01,2.431512326002120972e-01
5.746011808514595032e-02,2.029413878917694092e-01,2.431512326002120972e-01
5.763267353177070618e-02,2.029094249010086060e-01,2.435603290796279907e-01
5.763267353177070618e-02,2.029094249010086060e-01,2.435603290796279907e-01
5.780527368187904358e-02,2.028764784336090088e-01,2.439693361520767212e-01
5.780527368187904358e-02,2.028764784336090088e-01,2.439693361520767212e-01
5.797790363430976868e-02,2.028425484895706177e-01,2.443783581256866455e-01
5.797790363430976868e-02,2.028425484895706177e-01,2.443783581256866455e-01
5.815057083964347839e-02,2.028075754642486572e-01,2.447873055934906006e-01
5.815057083964347839e-02,2.028075754642486572e-01,2.447873055934906006e-01
5.832327157258987427e-02,2.027716636657714844e-01,2.451962232589721680e-01
5.832327157258987427e-02,2.027716636657714844e-01,2.451962232589721680e-01
5.849598348140716553e-02,2.027347087860107422e-01,2.456051111221313477e-01
5.849598348140716553e-02,2.027347087860107422e-01,2.456051111221313477e-01
5.866872891783714294e-02,2.026968151330947876e-01,2.460139691829681396e-01
5.866872891783714294e-02,2.026968151330947876e-01,2.460139691829681396e-01
5.884148180484771729e-02,2.026578783988952637e-01,2.464228123426437378e-01
5.884148180484771729e-02,2.026578783988952637e-01,2.464228123426437378e-01
5.901425331830978394e-02,2.026179581880569458e-01,2.468316256999969482e-01
5.901425331830978394e-02,2.026179581880569458e-01,2.468316256999969482e-01
5.918703228235244751e-02,2.025770545005798340e-01,2.472404092550277710e-01
5.918703228235244751e-02,2.025770545005798340e-01,2.472404092550277710e-01
5.935981497168540955e-02,2.025351375341415405e-01,2.476492077112197876e-01
5.935981497168540955e-02,2.025351375341415405e-01,2.476492077112197876e-01
5.953260511159896851e-02,2.024922519922256470e-01,2.480579614639282227e-01
5.953260511159896851e-02,2.024922519922256470e-01,2.480579614639282227e-01
5.970538035035133362e-02,2.024483233690261841e-01,2.484667748212814331e-01
5.970538035035133362e-02,2.024483233690261841e-01,2.484667748212814331e-01
5.987815931439399719e-02,2.024034410715103149e-01,2.488755136728286743e-01
5.987815931439399719e-02,2.024034410715103149e-01,2.488755136728286743e-01
6.005091965198516846e-02,2.023575305938720703e-01,2.492842972278594971e-01
6.005091965198516846e-02,2.023575305938720703e-01,2.492842972278594971e-01
6.022366136312484741e-02,2.023106515407562256e-01,2.496931105852127075e-01
6.022366136312484741e-02,2.023106515407562256e-01,2.496931105852127075e-01
6.039639562368392944e-02,2.022627443075180054e-01,2.501018941402435303e-01
6.039639562368392944e-02,2.022627443075180054e-01,2.501018941402435303e-01
6.056910380721092224e-02,2.022138237953186035e-01,2.505107223987579346e-01
6.056910380721092224e-02,2.022138237953186035e-01,2.505107223987579346e-01
6.074178218841552734e-02,2.021639347076416016e-01,2.509195804595947266e-01
6.074178218841552734e-02,2.021639347076416016e-01,2.509195804595947266e-01
6.091443449258804321e-02,2.021130323410034180e-01,2.513284087181091309e-01
6.091443449258804321e-02,2.021130323410034180e-01,2.513284087181091309e-01
6.108704209327697754e-02,2.020611315965652466e-01,2.517373263835906982e-01
6.108704209327697754e-02,2.020611315965652466e-01,2.517373263835906982e-01
6.125961989164352417e-02,2.020082324743270874e-01,2.521462440490722656e-01
6.125961989164352417e-02,2.020082324743270874e-01,2.521462440490722656e-01
6.143215671181678772e-02,2.019543051719665527e-01,2.525552213191986084e-01
6.143215671181678772e-02,2.019543051719665527e-01,2.525552213191986084e-01
6.160464137792587280e-02,2.018994092941284180e-01,2.529642283916473389e-01
6.160464137792587280e-02,2.018994092941284180e-01,2.529642283916473389e-01
6.177707016468048096e-02,2.018435001373291016e-01,2.533732950687408447e-01
6.177707016468048096e-02,2.018435001373291016e-01,2.533732950687408447e-01
6.194945797324180603e-02,2.017865926027297974e-01,2.537823915481567383e-01
6.194945797324180603e-02,2.017865926027297974e-01,2.537823915481567383e-01
6.212177872657775879e-02,2.017286419868469238e-01,2.541915774345397949e-01
6.212177872657775879e-02,2.017286419868469238e-01,2.541915774345397949e-01
6.229403614997863770e-02,2.016697227954864502e-01,2.546007931232452393e-01
6.229403614997863770e-02,2.016697227954864502e-01,2.546007931232452393e-01
6.246623396873474121e-02,2.016097903251647949e-01,2.550100684165954590e-01
6.246623396873474121e-02,2.016097903251647949e-01,2.550100684165954590e-01
6.263835728168487549e-02,2.015488594770431519e-01,2.554194033145904541e-01
6.263835728168487549e-02,2.015488594770431519e-01,2.554194033145904541e-01
6.281040608882904053e-02,2.014869302511215210e-01,2.558288276195526123e-01
6.281040608882904053e-02,2.014869302511215210e-01,2.558288276195526123e-01
6.298237293958663940e-02,2.014239728450775146e-01,2.562383413314819336e-01
6.298237293958663940e-02,2.014239728450775146e-01,2.562383413314819336e-01
6.315426528453826904e-02,2.013600170612335205e-01,2.566478848457336426e-01
6.315426528453826904e-02,2.013600170612335205e-01,2.566478848457336426e-01
6.332606822252273560e-02,2.012950479984283447e-01,2.570575773715972900e-01
6.332606822252273560e-02,2.012950479984283447e-01,2.570575773715972900e-01
6.349777430295944214e-02,2.012290954589843750e-01,2.574672996997833252e-01
6.349777430295944214e-02,2.012290954589843750e-01,2.574672996997833252e-01
6.366939842700958252e-02,2.011620998382568359e-01,2.578771412372589111e-01
6.366939842700958252e-02,2.011620998382568359e-01,2.578771412372589111e-01
6.384091824293136597e-02,2.010941207408905029e-01,2.582870721817016602e-01
6.384091824293136597e-02,2.010941207408905029e-01,2.582870721817016602e-01
6.401233375072479248e-02,2.010251134634017944e-01,2.586971223354339600e-01
6.401233375072479248e-02,2.010251134634017944e-01,2.586971223354339600e-01
6.418364495038986206e-02,2.009551227092742920e-01,2.591072618961334229e-01
6.418364495038986206e-02,2.009551227092742920e-01,2.591072618961334229e-01
6.435485184192657471e-02,2.008841186761856079e-01,2.595175206661224365e-01
6.435485184192657471e-02,2.008841186761856079e-01,2.595175206661224365e-01
6.452593207359313965e-02,2.008120864629745483e-01,2.599278390407562256e-01
6.452593207359313965e-02,2.008120864629745483e-01,2.599278390407562256e-01
6.469690054655075073e-02,2.007390558719635010e-01,2.603383660316467285e-01
6.469690054655075073e-02,2.007390558719635010e-01,2.603383660316467285e-01
6.486774981021881104e-02,2.006649971008300781e-01,2.607489228248596191e-01
6.486774981021881104e-02,2.006649971008300781e-01,2.607489228248596191e-01
6.503847241401672363e-02,2.005899399518966675e-01,2.611596584320068359e-01
6.503847241401672363e-02,2.005899399518966675e-01,2.611596584320068359e-01
6.520906090736389160e-02,2.005138844251632690e-01,2.615705132484436035e-01
6.520906090736389160e-02,2.005138844251632690e-01,2.615705132484436035e-01
6.537951529026031494e-02,2.004367858171463013e-01,2.619814872741699219e-01
6.537951529026031494e-02,2.004367858171463013e-01,2.619814872741699219e-01
6.554983556270599365e-02,2.003587037324905396e-01,2.623926103115081787e-01
6.554983556270599365e-02,2.003587037324905396e-01,2.623926103115081787e-01
6.572002172470092773e-02,2.002795934677124023e-01,2.628038823604583740e-01
6.572002172470092773e-02,2.002795934677124023e-01,2.628038823604583740e-01
6.589005142450332642e-02,2.001994699239730835e-01,2.632152736186981201e-01
6.589005142450332642e-02,2.001994699239730835e-01,2.632152736186981201e-01
6.605993211269378662e-02,2.001183182001113892e-01,2.636268436908721924e-01
6.605993211269378662e-02,2.001183182001113892e-01,2.636268436908721924e-01
6.622966378927230835e-02,2.000361829996109009e-01,2.640385329723358154e-01
6.622966378927230835e-02,2.000361829996109009e-01,2.640385329723358154e-01
6.639923900365829468e-02,1.999529898166656494e-01,2.644504010677337646e-01
6.639923900365829468e-02,1.999529898166656494e-01,2.644504010677337646e-01
6.656864285469055176e-02,1.998688131570816040e-01,2.648624479770660400e-01
6.656864285469055176e-02,1.998688131570816040e-01,2.648624479770660400e-01
6.673789024353027344e-02,1.997836083173751831e-01,2.652746438980102539e-01
6.673789024353027344e-02,1.997836083173751831e-01,2.652746438980102539e-01
6.690695881843566895e-02,1.996973752975463867e-01,2.656869888305664062e-01
6.690695881843566895e-02,1.996973752975463867e-01,2.656869888305664062e-01
6.707587093114852905e-02,1.996101588010787964e-01,2.660995423793792725e-01
6.707587093114852905e-02,1.996101588010787964e-01,2.660995423793792725e-01
6.724458932876586914e-02,1.995218992233276367e-01,2.665122747421264648e-01
6.724458932876586914e-02,1.995218992233276367e-01,2.665122747421264648e-01
6.741312891244888306e-02,1.994326561689376831e-01,2.669251859188079834e-01
6.741312891244888306e-02,1.994326561689376831e-01,2.669251859188079834e-01
6.758149713277816772e-02,1.993423402309417725e-01,2.673382759094238281e-01
6.758149713277816772e-02,1.993423402309417725e-01,2.673382759094238281e-01
6.774965673685073853e-02,1.992510408163070679e-01,2.677515447139739990e-01
6.774965673685073853e-02,1.992510408163070679e-01,2.677515447139739990e-01
6.791763007640838623e-02,1.991587132215499878e-01,2.681650221347808838e-01
6.791763007640838623e-02,1.991587132215499878e-01,2.681650221347808838e-01
6.808540970087051392e-02,1.990654021501541138e-01,2.685787081718444824e-01
6.808540970087051392e-02,1.990654021501541138e-01,2.685787081718444824e-01
6.825298815965652466e-02,1.989710032939910889e-01,2.689925730228424072e-01
6.825298815965652466e-02,1.989710032939910889e-01,2.689925730228424072e-01
6.842035800218582153e-02,1.988756209611892700e-01,2.694066464900970459e-01
6.842035800218582153e-02,1.988756209611892700e-01,2.694066464900970459e-01
6.858751922845840454e-02,1.987792104482650757e-01,2.698209583759307861e-01
6.858751922845840454e-02,1.987792104482650757e-01,2.698209583759307861e-01
6.875447928905487061e-02,1.986817866563796997e-01,2.702354788780212402e-01
6.875447928905487061e-02,1.986817866563796997e-01,2.702354788780212402e-01
6.892120838165283203e-02,1.985833495855331421e-01,2.706501781940460205e-01
6.892120838165283203e-02,1.985833495855331421e-01,2.706501781940460205e-01
6.908771395683288574e-02,1.984838694334030151e-01,2.710651457309722900e-01
6.908771395683288574e-02,1.984838694334030151e-01,2.710651457309722900e-01
6.925399601459503174e-02,1.983833760023117065e-01,2.714803516864776611e-01
6.925399601459503174e-02,1.983833760023117065e-01,2.714803516864776611e-01
6.942005455493927002e-02,1.982818543910980225e-01,2.718957662582397461e-01
6.942005455493927002e-02,1.982818543910980225e-01,2.718957662582397461e-01
6.958588212728500366e-02,1.981793045997619629e-01,2.723114192485809326e-01
6.958588212728500366e-02,1.981793045997619629e-01,2.723114192485809326e-01
6.975147873163223267e-02,1.980757266283035278e-01,2.727273106575012207e-01
6.975147873163223267e-02,1.980757266283035278e-01,2.727273106575012207e-01
6.991682201623916626e-02,1.979711353778839111e-01,2.731434404850006104e-01
6.991682201623916626e-02,1.979711353778839111e-01,2.731434404850006104e-01
7.008192688226699829e-02,1.978655308485031128e-01,2.735598385334014893e-01
7.008192688226699829e-02,1.978655308485031128e-01,2.735598385334014893e-01
7.024677842855453491e-02,1.977588832378387451e-01,2.739764750003814697e-01
7.024677842855453491e-02,1.977588832378387451e-01,2.739764750003814697e-01
7.041137665510177612e-02,1.976512223482131958e-01,2.743933796882629395e-01
7.041137665510177612e-02,1.976512223482131958e-01,2.743933796882629395e-01
7.057572156190872192e-02,1.975425183773040771e-01,2.748105525970458984e-01
7.057572156190872192e-02,1.975425183773040771e-01,2.748105525970458984e-01
7.073980569839477539e-02,1.974328160285949707e-01,2.752279937267303467e-01
7.073980569839477539e-02,1.974328160285949707e-01,2.752279937267303467e-01
7.090362161397933960e-02,1.973220556974411011e-01,2.756456732749938965e-01
7.090362161397933960e-02,1.973220556974411011e-01,2.756456732749938965e-01
7.106717675924301147e-02,1.972102820873260498e-01,2.760636210441589355e-01
7.106717675924301147e-02,1.972102820873260498e-01,2.760636210441589355e-01
7.123044878244400024e-02,1.970974802970886230e-01,2.764818668365478516e-01
7.123044878244400024e-02,1.970974802970886230e-01,2.764818668365478516e-01
7.139346003532409668e-02,1.969836354255676270e-01,2.769004106521606445e-01
7.139346003532409668e-02,1.969836354255676270e-01,2.769004106521606445e-01
7.155616581439971924e-02,1.968687772750854492e-01,2.773192226886749268e-01
7.155616581439971924e-02,1.968687772750854492e-01,2.773192226886749268e-01
7.171860337257385254e-02,1.967528909444808960e-01,2.777383029460906982e-01
7.171860337257385254e-02,1.967528909444808960e-01,2.777383029460906982e-01
7.188075780868530273e-02,1.966359615325927734e-01,2.781577110290527344e-01
7.188075780868530273e-02,1.966359615325927734e-01,2.781577110290527344e-01
7.204260677099227905e-02,1.965180039405822754e-01,2.785774171352386475e-01
7.204260677099227905e-02,1.965180039405822754e-01,2.785774171352386475e-01
7.220416516065597534e-02,1.963990181684494019e-01,2.789974510669708252e-01
7.220416516065597534e-02,1.963990181684494019e-01,2.789974510669708252e-01
7.236543297767639160e-02,1.962790191173553467e-01,2.794177234172821045e-01
7.236543297767639160e-02,1.962790191173553467e-01,2.794177234172821045e-01
7.252638041973114014e-02,1.961579918861389160e-01,2.798383533954620361e-01
7.252638041973114014e-02,1.961579918861389160e-01,2.798383533954620361e-01
7.268702983856201172e-02,1.960358917713165283e-01,2.802592813968658447e-01
7.268702983856201172e-02,1.960358917713165283e-01,2.802592813968658447e-01
7.284736633300781250e-02,1.959127932786941528e-01,2.806805372238159180e-01
7.284736633300781250e-02,1.959127932786941528e-01,2.806805372238159180e-01
7.300738990306854248e-02,1.957886368036270142e-01,2.811021208763122559e-01
7.300738990306854248e-02,1.957886368036270142e-01,2.811021208763122559e-01
7.316708564758300781e-02,1.956634819507598877e-01,2.815240025520324707e-01
7.316708564758300781e-02,1.956634819507598877e-01,2.815240025520324707e-01
7.332646101713180542e-02,1.955372542142868042e-01,2.819462418556213379e-01
7.332646101713180542e-02,1.955372542142868042e-01,2.819462418556213379e-01
7.348550856113433838e-02,1.954099982976913452e-01,2.823688387870788574e-01
7.348550856113433838e-02,1.954099982976913452e-01,2.823688387870788574e-01
7.364422082901000977e-02,1.952817142009735107e-01,2.827917337417602539e-01
7.364422082901000977e-02,1.952817142009735107e-01,2.827917337417602539e-01
7.380259782075881958e-02,1.951524019241333008e-01,2.832149863243103027e-01
7.380259782075881958e-02,1.951524019241333008e-01,2.832149863243103027e-01
7.396063953638076782e-02,1.950220465660095215e-01,2.836385965347290039e-01
7.396063953638076782e-02,1.950220465660095215e-01,2.836385965347290039e-01
7.411833107471466064e-02,1.948906481266021729e-01,2.840625345706939697e-01
7.411833107471466064e-02,1.948906481266021729e-01,2.840625345706939697e-01
7.427568733692169189e-02,1.947582513093948364e-01,2.844868600368499756e-01
7.427568733692169189e-02,1.947582513093948364e-01,2.844868600368499756e-01
7.443267852067947388e-02,1.946247667074203491e-01,2.849115431308746338e-01
7.443267852067947388e-02,1.946247667074203491e-01,2.849115431308746338e-01
7.458931952714920044e-02,1.944902539253234863e-01,2.853365838527679443e-01
7.458931952714920044e-02,1.944902539253234863e-01,2.853365838527679443e-01
7.474559545516967773e-02,1.943547278642654419e-01,2.857619822025299072e-01
7.474559545516967773e-02,1.943547278642654419e-01,2.857619822025299072e-01
7.490150630474090576e-02,1.942181587219238281e-01,2.861877381801605225e-01
7.490150630474090576e-02,1.942181587219238281e-01,2.861877381801605225e-01
7.505705952644348145e-02,1.940805315971374512e-01,2.866139113903045654e-01
7.505705952644348145e-02,1.940805315971374512e-01,2.866139113903045654e-01
7.521223276853561401e-02,1.939418762922286987e-01,2.870404422283172607e-01
7.521223276853561401e-02,1.939418762922286987e-01,2.870404422283172607e-01
7.536704093217849731e-02,1.938021928071975708e-01,2.874673902988433838e-01
7.536704093217849731e-02,1.938021928071975708e-01,2.874673902988433838e-01
7.552146166563034058e-02,1.936614513397216797e-01,2.878946959972381592e-01
7.552146166563034058e-02,1.936614513397216797e-01,2.878946959972381592e-01
7.567550241947174072e-02,1.935196816921234131e-01,2.883223891258239746e-01
7.567550241947174072e-02,1.935196816921234131e-01,2.883223891258239746e-01
7.582914829254150391e-02,1.933768689632415771e-01,2.887504994869232178e-01
7.582914829254150391e-02,1.933768689632415771e-01,2.887504994869232178e-01
7.598240673542022705e-02,1.932330280542373657e-01,2.891789972782135010e-01
7.598240673542022705e-02,1.932330280542373657e-01,2.891789972782135010e-01
7.613527774810791016e-02,1.930881142616271973e-01,2.896079123020172119e-01
7.613527774810791016e-02,1.930881142616271973e-01,2.896079123020172119e-01
7.628774642944335938e-02,1.929421722888946533e-01,2.900372445583343506e-01
7.628774642944335938e-02,1.929421722888946533e-01,2.900372445583343506e-01
7.643981277942657471e-02,1.927951872348785400e-01,2.904669642448425293e-01
7.643981277942657471e-02,1.927951872348785400e-01,2.904669642448425293e-01
7.659146189689636230e-02,1.926471441984176636e-01,2.908971011638641357e-01
7.659146189689636230e-02,1.926471441984176636e-01,2.908971011638641357e-01
7.674270123243331909e-02,1.924980878829956055e-01,2.913276851177215576e-01
7.674270123243331909e-02,1.924980878829956055e-01,2.913276851177215576e-01
7.689353078603744507e-02,1.923479735851287842e-01,2.917587161064147949e-01
7.689353078603744507e-02,1.923479735851287842e-01,2.917587161064147949e-01
7.704394310712814331e-02,1.921968311071395874e-01,2.921901345252990723e-01
7.704394310712814331e-02,1.921968311071395874e-01,2.921901345252990723e-01
7.719393074512481689e-02,1.920446008443832397e-01,2.926220297813415527e-01
7.719393074512481689e-02,1.920446008443832397e-01,2.926220297813415527e-01
7.734348624944686890e-02,1.918913424015045166e-01,2.930543124675750732e-01
7.734348624944686890e-02,1.918913424015045166e-01,2.930543124675750732e-01
7.749260962009429932e-02,1.917370557785034180e-01,2.934870719909667969e-01
7.749260962009429932e-02,1.917370557785034180e-01,2.934870719909667969e-01
7.764130830764770508e-02,1.915817111730575562e-01,2.939202785491943359e-01
7.764130830764770508e-02,1.915817111730575562e-01,2.939202785491943359e-01
7.778955996036529541e-02,1.914253383874893188e-01,2.943539321422576904e-01
7.778955996036529541e-02,1.914253383874893188e-01,2.943539321422576904e-01
7.793737202882766724e-02,1.912678927183151245e-01,2.947880327701568604e-01
7.793737202882766724e-02,1.912678927183151245e-01,2.947880327701568604e-01
7.808473706245422363e-02,1.911094039678573608e-01,2.952225804328918457e-01
7.808473706245422363e-02,1.911094039678573608e-01,2.952225804328918457e-01
7.823164761066436768e-02,1.909498572349548340e-01,2.956576049327850342e-01
7.823164761066436768e-02,1.909498572349548340e-01,2.956576049327850342e-01
7.837811112403869629e-02,1.907892823219299316e-01,2.960931360721588135e-01
7.837811112403869629e-02,1.907892823219299316e-01,2.960931360721588135e-01
7.852411270141601562e-02,1.906276643276214600e-01,2.965290844440460205e-01
7.852411270141601562e-02,1.906276643276214600e-01,2.965290844440460205e-01
7.866964489221572876e-02,1.904649734497070312e-01,2.969655394554138184e-01
7.866964489221572876e-02,1.904649734497070312e-01,2.969655394554138184e-01
7.881472259759902954e-02,1.903012394905090332e-01,2.974025011062622070e-01
7.881472259759902954e-02,1.903012394905090332e-01,2.974025011062622070e-01
7.895931601524353027e-02,1.901364475488662720e-01,2.978398799896240234e-01
7.895931601524353027e-02,1.901364475488662720e-01,2.978398799896240234e-01
7.910344749689102173e-02,1.899706125259399414e-01,2.982777953147888184e-01
7.910344749689102173e-02,1.899706125259399414e-01,2.982777953147888184e-01
7.924709469079971313e-02,1.898037344217300415e-01,2.987161874771118164e-01
7.924709469079971313e-02,1.898037344217300415e-01,2.987161874771118164e-01
7.939025014638900757e-02,1.896358132362365723e-01,2.991550564765930176e-01
7.939025014638900757e-02,1.896358132362365723e-01,2.991550564765930176e-01
7.953293621540069580e-02,1.894668191671371460e-01,2.995944619178771973e-01
7.953293621540069580e-02,1.894668191671371460e-01,2.995944619178771973e-01
7.967512309551239014e-02,1.892967820167541504e-01,3.000343739986419678e-01
7.967512309551239014e-02,1.892967820167541504e-01,3.000343739986419678e-01
7.981681078672409058e-02,1.891256868839263916e-01,3.004747629165649414e-01
7.981681078672409058e-02,1.891256868839263916e-01,3.004747629165649414e-01
7.995800673961639404e-02,1.889535188674926758e-01,3.009156882762908936e-01
7.995800673961639404e-02,1.889535188674926758e-01,3.009156882762908936e-01
8.009870350360870361e-02,1.887803226709365845e-01,3.013571500778198242e-01
8.009870350360870361e-02,1.887803226709365845e-01,3.013571500778198242e-01
8.023889362812042236e-02,1.886060684919357300e-01,3.017990887165069580e-01
8.023889362812042236e-02,1.886060684919357300e-01,3.017990887165069580e-01
8.037856221199035645e-02,1.884307563304901123e-01,3.022415935993194580e-01
8.037856221199035645e-02,1.884307563304901123e-01,3.022415935993194580e-01
8.051771670579910278e-02,1.882543861865997314e-01,3.026845753192901611e-01
8.051771670579910278e-02,1.882543861865997314e-01,3.026845753192901611e-01
8.065636456012725830e-02,1.880769878625869751e-01,3.031281530857086182e-01
8.065636456012725830e-02,1.880769878625869751e-01,3.031281530857086182e-01
8.079449087381362915e-02,1.878985017538070679e-01,3.035722374916076660e-01
8.079449087381362915e-02,1.878985017538070679e-01,3.035722374916076660e-01
8.093207329511642456e-02,1.877189576625823975e-01,3.040168583393096924e-01
8.093207329511642456e-02,1.877189576625823975e-01,3.040168583393096924e-01
8.106914162635803223e-02,1.875383704900741577e-01,3.044620454311370850e-01
8.106914162635803223e-02,1.875383704900741577e-01,3.044620454311370850e-01
8.120567351579666138e-02,1.873567104339599609e-01,3.049077689647674561e-01
8.120567351579666138e-02,1.873567104339599609e-01,3.049077689647674561e-01
8.134166151285171509e-02,1.871740072965621948e-01,3.053540885448455811e-01
8.134166151285171509e-02,1.871740072965621948e-01,3.053540885448455811e-01
8.147712796926498413e-02,1.869902461767196655e-01,3.058009147644042969e-01
8.147712796926498413e-02,1.869902461767196655e-01,3.058009147644042969e-01
8.161201328039169312e-02,1.868054121732711792e-01,3.062483072280883789e-01
8.161201328039169312e-02,1.868054121732711792e-01,3.062483072280883789e-01
8.174637705087661743e-02,1.866195499897003174e-01,3.066962957382202148e-01
8.174637705087661743e-02,1.866195499897003174e-01,3.066962957382202148e-01
8.188017457723617554e-02,1.864325851202011108e-01,3.071448504924774170e-01
8.188017457723617554e-02,1.864325851202011108e-01,3.071448504924774170e-01
8.201342076063156128e-02,1.862445771694183350e-01,3.075939416885375977e-01
8.201342076063156128e-02,1.862445771694183350e-01,3.075939416885375977e-01
8.214610815048217773e-02,1.860555112361907959e-01,3.080436587333679199e-01
8.214610815048217773e-02,1.860555112361907959e-01,3.080436587333679199e-01
8.227822184562683105e-02,1.858653873205184937e-01,3.084939718246459961e-01
8.227822184562683105e-02,1.858653873205184937e-01,3.084939718246459961e-01
8.240977674722671509e-02,1.856741905212402344e-01,3.089447915554046631e-01
8.240977674722671509e-02,1.856741905212402344e-01,3.089447915554046631e-01
8.254073560237884521e-02,1.854819357395172119e-01,3.093962669372558594e-01
8.254073560237884521e-02,1.854819357395172119e-01,3.093962669372558594e-01
8.267112821340560913e-02,1.852886378765106201e-01,3.098483383655548096e-01
8.267112821340560913e-02,1.852886378765106201e-01,3.098483383655548096e-01
8.280093967914581299e-02,1.850942522287368774e-01,3.103010356426239014e-01
8.280093967914581299e-02,1.850942522287368774e-01,3.103010356426239014e-01
8.293018490076065063e-02,1.848988085985183716e-01,3.107542693614959717e-01
8.293018490076065063e-02,1.848988085985183716e-01,3.107542693614959717e-01
8.305880427360534668e-02,1.847022920846939087e-01,3.112081289291381836e-01
8.305880427360534668e-02,1.847022920846939087e-01,3.112081289291381836e-01
8.318684995174407959e-02,1.845047473907470703e-01,3.116626441478729248e-01
8.318684995174407959e-02,1.845047473907470703e-01,3.116626441478729248e-01
8.331429958343505859e-02,1.843061000108718872e-01,3.121177256107330322e-01
8.331429958343505859e-02,1.843061000108718872e-01,3.121177256107330322e-01
8.344115316867828369e-02,1.841064095497131348e-01,3.125734627246856689e-01
8.344115316867828369e-02,1.841064095497131348e-01,3.125734627246856689e-01
8.356738835573196411e-02,1.839056611061096191e-01,3.130298256874084473e-01
8.356738835573196411e-02,1.839056611061096191e-01,3.130298256874084473e-01
8.369302004575729370e-02,1.837038397789001465e-01,3.134867846965789795e-01
8.369302004575729370e-02,1.837038397789001465e-01,3.134867846965789795e-01
8.381803333759307861e-02,1.835009157657623291e-01,3.139444291591644287e-01
8.381803333759307861e-02,1.835009157657623291e-01,3.139444291591644287e-01
8.394242823123931885e-02,1.832969486713409424e-01,3.144026398658752441e-01
8.394242823123931885e-02,1.832969486713409424e-01,3.144026398658752441e-01
8.406621962785720825e-02,1.830919235944747925e-01,3.148615658283233643e-01
8.406621962785720825e-02,1.830919235944747925e-01,3.148615658283233643e-01
8.418937027454376221e-02,1.828858405351638794e-01,3.153211176395416260e-01
8.418937027454376221e-02,1.828858405351638794e-01,3.153211176395416260e-01
8.431189507246017456e-02,1.826786547899246216e-01,3.157812952995300293e-01
8.431189507246017456e-02,1.826786547899246216e-01,3.157812952995300293e-01
8.443379402160644531e-02,1.824704259634017944e-01,3.162421286106109619e-01
8.443379402160644531e-02,1.824704259634017944e-01,3.162421286106109619e-01
8.455503731966018677e-02,1.822611242532730103e-01,3.167036473751068115e-01
8.455503731966018677e-02,1.822611242532730103e-01,3.167036473751068115e-01
8.467565476894378662e-02,1.820507496595382690e-01,3.171658217906951904e-01
8.467565476894378662e-02,1.820507496595382690e-01,3.171658217906951904e-01
8.479563146829605103e-02,1.818393170833587646e-01,3.176286518573760986e-01
8.479563146829605103e-02,1.818393170833587646e-01,3.176286518573760986e-01
8.491495251655578613e-02,1.816267967224121094e-01,3.180921673774719238e-01
8.491495251655578613e-02,1.816267967224121094e-01,3.180921673774719238e-01
8.503361791372299194e-02,1.814132034778594971e-01,3.185563385486602783e-01
8.503361791372299194e-02,1.814132034778594971e-01,3.185563385486602783e-01
8.515161275863647461e-02,1.811985522508621216e-01,3.190211653709411621e-01
8.515161275863647461e-02,1.811985522508621216e-01,3.190211653709411621e-01
8.526896685361862183e-02,1.809828430414199829e-01,3.194867074489593506e-01
8.526896685361862183e-02,1.809828430414199829e-01,3.194867074489593506e-01
8.538565784692764282e-02,1.807660162448883057e-01,3.199529349803924561e-01
8.538565784692764282e-02,1.807660162448883057e-01,3.199529349803924561e-01
8.550167083740234375e-02,1.805481314659118652e-01,3.204198777675628662e-01
8.550167083740234375e-02,1.805481314659118652e-01,3.204198777675628662e-01
8.561700582504272461e-02,1.803291887044906616e-01,3.208874762058258057e-01
8.561700582504272461e-02,1.803291887044906616e-01,3.208874762058258057e-01
8.573167771100997925e-02,1.801091730594635010e-01,3.213557898998260498e-01
8.573167771100997925e-02,1.801091730594635010e-01,3.213557898998260498e-01
8.584565669298171997e-02,1.798880845308303833e-01,3.218248188495635986e-01
8.584565669298171997e-02,1.798880845308303833e-01,3.218248188495635986e-01
8.595896512269973755e-02,1.796659082174301147e-01,3.222945332527160645e-01
8.595896512269973755e-02,1.796659082174301147e-01,3.222945332527160645e-01
8.607157319784164429e-02,1.794426590204238892e-01,3.227649629116058350e-01
8.607157319784164429e-02,1.794426590204238892e-01,3.227649629116058350e-01
8.618349581956863403e-02,1.792183518409729004e-01,3.232361078262329102e-01
8.618349581956863403e-02,1.792183518409729004e-01,3.232361078262329102e-01
8.629471808671951294e-02,1.789929419755935669e-01,3.237079977989196777e-01
8.629471808671951294e-02,1.789929419755935669e-01,3.237079977989196777e-01
8.640523999929428101e-02,1.787664741277694702e-01,3.241806030273437500e-01
8.640523999929428101e-02,1.787664741277694702e-01,3.241806030273437500e-01
8.651505410671234131e-02,1.785389482975006104e-01,3.246539235115051270e-01
8.651505410671234131e-02,1.785389482975006104e-01,3.246539235115051270e-01
8.662416040897369385e-02,1.783102899789810181e-01,3.251279890537261963e-01
8.662416040897369385e-02,1.783102899789810181e-01,3.251279890537261963e-01
8.673256635665893555e-02,1.780805885791778564e-01,3.256027698516845703e-01
8.673256635665893555e-02,1.780805885791778564e-01,3.256027698516845703e-01
8.684024959802627563e-02,1.778498142957687378e-01,3.260783255100250244e-01
8.684024959802627563e-02,1.778498142957687378e-01,3.260783255100250244e-01
8.694721013307571411e-02,1.776179522275924683e-01,3.265545964241027832e-01
8.694721013307571411e-02,1.776179522275924683e-01,3.265545964241027832e-01
8.705343306064605713e-02,1.773850172758102417e-01,3.270316421985626221e-01
8.705343306064605713e-02,1.773850172758102417e-01,3.270316421985626221e-01
8.715894818305969238e-02,1.771509945392608643e-01,3.275094330310821533e-01
8.715894818305969238e-02,1.771509945392608643e-01,3.275094330310821533e-01
8.726372569799423218e-02,1.769158989191055298e-01,3.279879987239837646e-01
8.726372569799423218e-02,1.769158989191055298e-01,3.279879987239837646e-01
8.736777305603027344e-02,1.766797304153442383e-01,3.284672796726226807e-01
8.736777305603027344e-02,1.766797304153442383e-01,3.284672796726226807e-01
8.747106045484542847e-02,1.764424443244934082e-01,3.289473652839660645e-01
8.747106045484542847e-02,1.764424443244934082e-01,3.289473652839660645e-01
8.757362514734268188e-02,1.762041151523590088e-01,3.294281959533691406e-01
8.757362514734268188e-02,1.762041151523590088e-01,3.294281959533691406e-01
8.767542988061904907e-02,1.759646981954574585e-01,3.299098014831542969e-01
8.767542988061904907e-02,1.759646981954574585e-01,3.299098014831542969e-01
8.777648955583572388e-02,1.757241934537887573e-01,3.303921818733215332e-01
8.777648955583572388e-02,1.757241934537887573e-01,3.303921818733215332e-01
8.787678182125091553e-02,1.754826158285140991e-01,3.308753967285156250e-01
8.787678182125091553e-02,1.754826158285140991e-01,3.308753967285156250e-01
8.797632157802581787e-02,1.752399206161499023e-01,3.313593566417694092e-01
8.797632157802581787e-02,1.752399206161499023e-01,3.313593566417694092e-01
8.807510137557983398e-02,1.749961674213409424e-01,3.318441212177276611e-01
8.807510137557983398e-02,1.749961674213409424e-01,3.318441212177276611e-01
8.817311376333236694e-02,1.747513413429260254e-01,3.323296904563903809e-01
8.817311376333236694e-02,1.747513413429260254e-01,3.323296904563903809e-01
8.827034384012222290e-02,1.745054125785827637e-01,3.328160047531127930e-01
8.827034384012222290e-02,1.745054125785827637e-01,3.328160047531127930e-01
8.836680650711059570e-02,1.742584109306335449e-01,3.333031833171844482e-01
8.836680650711059570e-02,1.742584109306335449e-01,3.333031833171844482e-01
8.846248686313629150e-02,1.740103214979171753e-01,3.337911069393157959e-01
8.846248686313629150e-02,1.740103214979171753e-01,3.337911069393157959e-01
8.855738490819931030e-02,1.737611591815948486e-01,3.342798948287963867e-01
8.855738490819931030e-02,1.737611591815948486e-01,3.342798948287963867e-01
8.865148574113845825e-02,1.735108792781829834e-01,3.347694575786590576e-01
8.865148574113845825e-02,1.735108792781829834e-01,3.347694575786590576e-01
8.874481171369552612e-02,1.732595264911651611e-01,3.352598845958709717e-01
8.874481171369552612e-02,1.732595264911651611e-01,3.352598845958709717e-01
8.883733302354812622e-02,1.730070859193801880e-01,3.357511162757873535e-01
8.883733302354812622e-02,1.730070859193801880e-01,3.357511162757873535e-01
8.892905712127685547e-02,1.727535724639892578e-01,3.362431824207305908e-01
8.892905712127685547e-02,1.727535724639892578e-01,3.362431824207305908e-01
8.901997655630111694e-02,1.724989563226699829e-01,3.367360234260559082e-01
8.901997655630111694e-02,1.724989563226699829e-01,3.367360234260559082e-01
8.911008387804031372e-02,1.722432374954223633e-01,3.372297585010528564e-01
8.911008387804031372e-02,1.722432374954223633e-01,3.372297585010528564e-01
8.919938653707504272e-02,1.719864457845687866e-01,3.377243578433990479e-01
8.919938653707504272e-02,1.719864457845687866e-01,3.377243578433990479e-01
8.928786963224411011e-02,1.717285662889480591e-01,3.382197320461273193e-01
8.928786963224411011e-02,1.717285662889480591e-01,3.382197320461273193e-01
8.937554061412811279e-02,1.714696139097213745e-01,3.387160301208496094e-01
8.937554061412811279e-02,1.714696139097213745e-01,3.387160301208496094e-01
8.946237713098526001e-02,1.712095290422439575e-01,3.392131030559539795e-01
8.946237713098526001e-02,1.712095290422439575e-01,3.392131030559539795e-01
8.954838663339614868e-02,1.709483861923217773e-01,3.397110998630523682e-01
8.954838663339614868e-02,1.709483861923217773e-01,3.397110998630523682e-01
8.963356912136077881e-02,1.706861555576324463e-01,3.402099311351776123e-01
8.963356912136077881e-02,1.706861555576324463e-01,3.402099311351776123e-01
8.971792459487915039e-02,1.704228222370147705e-01,3.407096266746520996e-01
8.971792459487915039e-02,1.704228222370147705e-01,3.407096266746520996e-01
8.980143070220947266e-02,1.701583862304687500e-01,3.412102162837982178e-01
8.980143070220947266e-02,1.701583862304687500e-01,3.412102162837982178e-01
8.988410234451293945e-02,1.698928773403167725e-01,3.417116403579711914e-01
8.988410234451293945e-02,1.698928773403167725e-01,3.417116403579711914e-01
8.996591717004776001e-02,1.696262657642364502e-01,3.422139585018157959e-01
8.996591717004776001e-02,1.696262657642364502e-01,3.422139585018157959e-01
9.004688262939453125e-02,1.693585813045501709e-01,3.427171409130096436e-01
9.004688262939453125e-02,1.693585813045501709e-01,3.427171409130096436e-01
9.012699872255325317e-02,1.690897643566131592e-01,3.432212173938751221e-01
9.012699872255325317e-02,1.690897643566131592e-01,3.432212173938751221e-01
9.020625799894332886e-02,1.688198745250701904e-01,3.437261879444122314e-01
9.020625799894332886e-02,1.688198745250701904e-01,3.437261879444122314e-01
9.028464555740356445e-02,1.685488969087600708e-01,3.442320823669433594e-01
9.028464555740356445e-02,1.685488969087600708e-01,3.442320823669433594e-01
9.036216884851455688e-02,1.682768166065216064e-01,3.447388410568237305e-01
9.036216884851455688e-02,1.682768166065216064e-01,3.447388410568237305e-01
9.043882787227630615e-02,1.680036336183547974e-01,3.452464640140533447e-01
9.043882787227630615e-02,1.680036336183547974e-01,3.452464640140533447e-01
9.051459282636642456e-02,1.677293628454208374e-01,3.457550704479217529e-01
9.051459282636642456e-02,1.677293628454208374e-01,3.457550704479217529e-01
9.058950096368789673e-02,1.674540042877197266e-01,3.462645411491394043e-01
9.058950096368789673e-02,1.674540042877197266e-01,3.462645411491394043e-01
9.066352248191833496e-02,1.671775281429290771e-01,3.467749357223510742e-01
9.066352248191833496e-02,1.671775281429290771e-01,3.467749357223510742e-01
9.073664247989654541e-02,1.668999642133712769e-01,3.472862839698791504e-01
9.073664247989654541e-02,1.668999642133712769e-01,3.472862839698791504e-01
9.080888330936431885e-02,1.666213124990463257e-01,3.477985262870788574e-01
9.080888330936431885e-02,1.666213124990463257e-01,3.477985262870788574e-01
9.088022261857986450e-02,1.663415431976318359e-01,3.483116626739501953e-01
9.088022261857986450e-02,1.663415431976318359e-01,3.483116626739501953e-01
9.095067530870437622e-02,1.660606861114501953e-01,3.488257825374603271e-01
9.095067530870437622e-02,1.660606861114501953e-01,3.488257825374603271e-01
9.102021902799606323e-02,1.657787412405014038e-01,3.493408262729644775e-01
9.102021902799606323e-02,1.657787412405014038e-01,3.493408262729644775e-01
9.108885377645492554e-02,1.654956787824630737e-01,3.498567938804626465e-01
9.108885377645492554e-02,1.654956787824630737e-01,3.498567938804626465e-01
9.115657210350036621e-02,1.652115285396575928e-01,3.503737449645996094e-01
9.115657210350036621e-02,1.652115285396575928e-01,3.503737449645996094e-01
9.122338891029357910e-02,1.649262607097625732e-01,3.508915603160858154e-01
9.122338891029357910e-02,1.649262607097625732e-01,3.508915603160858154e-01
9.128928184509277344e-02,1.646399199962615967e-01,3.514103889465332031e-01
9.128928184509277344e-02,1.646399199962615967e-01,3.514103889465332031e-01
9.135424345731735229e-02,1.643524467945098877e-01,3.519301712512969971e-01
9.135424345731735229e-02,1.643524467945098877e-01,3.519301712512969971e-01
9.141829609870910645e-02,1.640638858079910278e-01,3.524509370326995850e-01
9.141829609870910645e-02,1.640638858079910278e-01,3.524509370326995850e-01
9.148141741752624512e-02,1.637742370367050171e-01,3.529725968837738037e-01
9.148141741752624512e-02,1.637742370367050171e-01,3.529725968837738037e-01
9.154359251260757446e-02,1.634834557771682739e-01,3.534952700138092041e-01
9.154359251260757446e-02,1.634834557771682739e-01,3.534952700138092041e-01
9.160483628511428833e-02,1.631916016340255737e-01,3.540188968181610107e-01
9.160483628511428833e-02,1.631916016340255737e-01,3.540188968181610107e-01
9.166514128446578979e-02,1.628986299037933350e-01,3.545435369014739990e-01
9.166514128446578979e-02,1.628986299037933350e-01,3.545435369014739990e-01
9.172448515892028809e-02,1.626045554876327515e-01,3.550691306591033936e-01
9.172448515892028809e-02,1.626045554876327515e-01,3.550691306591033936e-01
9.178289026021957397e-02,1.623093634843826294e-01,3.555957376956939697e-01
9.178289026021957397e-02,1.623093634843826294e-01,3.555957376956939697e-01
9.184034168720245361e-02,1.620130836963653564e-01,3.561232984066009521e-01
9.184034168720245361e-02,1.620130836963653564e-01,3.561232984066009521e-01
9.189682453870773315e-02,1.617156863212585449e-01,3.566518723964691162e-01
9.189682453870773315e-02,1.617156863212585449e-01,3.566518723964691162e-01
9.195236116647720337e-02,1.614172011613845825e-01,3.571814000606536865e-01
9.195236116647720337e-02,1.614172011613845825e-01,3.571814000606536865e-01
9.200691431760787964e-02,1.611175984144210815e-01,3.577119708061218262e-01
9.200691431760787964e-02,1.611175984144210815e-01,3.577119708061218262e-01
9.206052124500274658e-02,1.608168929815292358e-01,3.582435548305511475e-01
9.206052124500274658e-02,1.608168929815292358e-01,3.582435548305511475e-01
9.211314469575881958e-02,1.605150699615478516e-01,3.587761521339416504e-01
9.211314469575881958e-02,1.605150699615478516e-01,3.587761521339416504e-01
9.216477721929550171e-02,1.602121442556381226e-01,3.593097329139709473e-01
9.216477721929550171e-02,1.602121442556381226e-01,3.593097329139709473e-01
9.221544861793518066e-02,1.599081307649612427e-01,3.598443865776062012e-01
9.221544861793518066e-02,1.599081307649612427e-01,3.598443865776062012e-01
9.226510673761367798e-02,1.596029847860336304e-01,3.603799641132354736e-01
9.226510673761367798e-02,1.596029847860336304e-01,3.603799641132354736e-01
9.231379628181457520e-02,1.592967212200164795e-01,3.609166443347930908e-01
9.231379628181457520e-02,1.592967212200164795e-01,3.609166443347930908e-01
9.236148744821548462e-02,1.589893698692321777e-01,3.614543378353118896e-01
9.236148744821548462e-02,1.589893698692321777e-01,3.614543378353118896e-01
9.240818768739700317e-02,1.586809009313583374e-01,3.619930446147918701e-01
9.240818768739700317e-02,1.586809009313583374e-01,3.619930446147918701e-01
9.245386719703674316e-02,1.583713293075561523e-01,3.625328242778778076e-01
9.245386719703674316e-02,1.583713293075561523e-01,3.625328242778778076e-01
9.249856323003768921e-02,1.580606400966644287e-01,3.630736470222473145e-01
9.249856323003768921e-02,1.580606400966644287e-01,3.630736470222473145e-01
9.254222363233566284e-02,1.577488183975219727e-01,3.636154830455780029e-01
9.254222363233566284e-02,1.577488183975219727e-01,3.636154830455780029e-01
9.258488565683364868e-02,1.574359089136123657e-01,3.641583919525146484e-01
9.258488565683364868e-02,1.574359089136123657e-01,3.641583919525146484e-01
9.262654185295104980e-02,1.571219116449356079e-01,3.647023737430572510e-01
9.262654185295104980e-02,1.571219116449356079e-01,3.647023737430572510e-01
9.266716241836547852e-02,1.568067669868469238e-01,3.652473986148834229e-01
9.266716241836547852e-02,1.568067669868469238e-01,3.652473986148834229e-01
9.270676225423812866e-02,1.564905196428298950e-01,3.657934665679931641e-01
9.270676225423812866e-02,1.564905196428298950e-01,3.657934665679931641e-01
9.274532645940780640e-02,1.561731547117233276e-01,3.663406372070312500e-01
9.274532645940780640e-02,1.561731547117233276e-01,3.663406372070312500e-01
9.278285503387451172e-02,1.558546870946884155e-01,3.668888509273529053e-01
9.278285503387451172e-02,1.558546870946884155e-01,3.668888509273529053e-01
9.281936287879943848e-02,1.555350869894027710e-01,3.674381673336029053e-01
9.281936287879943848e-02,1.555350869894027710e-01,3.674381673336029053e-01
9.285481274127960205e-02,1.552143990993499756e-01,3.679885268211364746e-01
9.285481274127960205e-02,1.552143990993499756e-01,3.679885268211364746e-01
9.288922697305679321e-02,1.548925787210464478e-01,3.685399889945983887e-01
9.288922697305679321e-02,1.548925787210464478e-01,3.685399889945983887e-01
9.292259067296981812e-02,1.545696258544921875e-01,3.690925538539886475e-01
9.292259067296981812e-02,1.545696258544921875e-01,3.690925538539886475e-01
9.295489639043807983e-02,1.542455703020095825e-01,3.696461915969848633e-01
9.295489639043807983e-02,1.542455703020095825e-01,3.696461915969848633e-01
9.298615157604217529e-02,1.539204269647598267e-01,3.702009618282318115e-01
9.298615157604217529e-02,1.539204269647598267e-01,3.702009618282318115e-01
9.301633387804031372e-02,1.535941362380981445e-01,3.707568049430847168e-01
9.301633387804031372e-02,1.535941362380981445e-01,3.707568049430847168e-01
9.304546564817428589e-02,1.532667279243469238e-01,3.713137507438659668e-01
9.304546564817428589e-02,1.532667279243469238e-01,3.713137507438659668e-01
9.307352453470230103e-02,1.529382169246673584e-01,3.718718290328979492e-01
9.307352453470230103e-02,1.529382169246673584e-01,3.718718290328979492e-01
9.310050308704376221e-02,1.526085734367370605e-01,3.724310100078582764e-01
9.310050308704376221e-02,1.526085734367370605e-01,3.724310100078582764e-01
9.312641620635986328e-02,1.522777974605560303e-01,3.729912936687469482e-01
9.312641620635986328e-02,1.522777974605560303e-01,3.729912936687469482e-01
9.315123409032821655e-02,1.519459486007690430e-01,3.735527098178863525e-01
9.315123409032821655e-02,1.519459486007690430e-01,3.735527098178863525e-01
9.317497164011001587e-02,1.516129374504089355e-01,3.741152286529541016e-01
9.317497164011001587e-02,1.516129374504089355e-01,3.741152286529541016e-01
9.319763630628585815e-02,1.512788385152816772e-01,3.746789097785949707e-01
9.319763630628585815e-02,1.512788385152816772e-01,3.746789097785949707e-01
9.321919083595275879e-02,1.509435921907424927e-01,3.752437233924865723e-01
9.321919083595275879e-02,1.509435921907424927e-01,3.752437233924865723e-01
9.323965013027191162e-02,1.506072282791137695e-01,3.758096396923065186e-01
9.323965013027191162e-02,1.506072282791137695e-01,3.758096396923065186e-01
9.325901418924331665e-02,1.502697467803955078e-01,3.763767480850219727e-01
9.325901418924331665e-02,1.502697467803955078e-01,3.763767480850219727e-01
9.327727556228637695e-02,1.499311476945877075e-01,3.769449293613433838e-01
9.327727556228637695e-02,1.499311476945877075e-01,3.769449293613433838e-01
9.329442679882049561e-02,1.495914310216903687e-01,3.775143325328826904e-01
9.329442679882049561e-02,1.495914310216903687e-01,3.775143325328826904e-01
9.331046789884567261e-02,1.492505967617034912e-01,3.780848979949951172e-01
9.331046789884567261e-02,1.492505967617034912e-01,3.780848979949951172e-01
9.332537651062011719e-02,1.489086300134658813e-01,3.786565661430358887e-01
9.332537651062011719e-02,1.489086300134658813e-01,3.786565661430358887e-01
9.333917498588562012e-02,1.485655307769775391e-01,3.792294263839721680e-01
9.333917498588562012e-02,1.485655307769775391e-01,3.792294263839721680e-01
9.335184842348098755e-02,1.482213288545608521e-01,3.798034489154815674e-01
9.335184842348098755e-02,1.482213288545608521e-01,3.798034489154815674e-01
9.336340427398681641e-02,1.478759795427322388e-01,3.803786337375640869e-01
9.336340427398681641e-02,1.478759795427322388e-01,3.803786337375640869e-01
9.337381273508071899e-02,1.475295126438140869e-01,3.809550106525421143e-01
9.337381273508071899e-02,1.475295126438140869e-01,3.809550106525421143e-01
9.338309615850448608e-02,1.471819281578063965e-01,3.815325796604156494e-01
9.338309615850448608e-02,1.471819281578063965e-01,3.815325796604156494e-01
9.339122474193572998e-02,1.468332111835479736e-01,3.821112811565399170e-01
9.339122474193572998e-02,1.468332111835479736e-01,3.821112811565399170e-01
9.339821338653564453e-02,1.464833766222000122e-01,3.826912045478820801e-01
9.339821338653564453e-02,1.464833766222000122e-01,3.826912045478820801e-01
9.340405464172363281e-02,1.461323797702789307e-01,3.832722902297973633e-01
9.340405464172363281e-02,1.461323797702789307e-01,3.832722902297973633e-01
9.340874850749969482e-02,1.457802951335906982e-01,3.838546574115753174e-01
9.340874850749969482e-02,1.457802951335906982e-01,3.838546574115753174e-01
9.341228753328323364e-02,1.454270780086517334e-01,3.844380974769592285e-01
9.341228753328323364e-02,1.454270780086517334e-01,3.844380974769592285e-01
9.341466426849365234e-02,1.450727134943008423e-01,3.850228488445281982e-01
9.341466426849365234e-02,1.450727134943008423e-01,3.850228488445281982e-01
9.341588616371154785e-02,1.447172313928604126e-01,3.856087923049926758e-01
9.341588616371154785e-02,1.447172313928604126e-01,3.856087923049926758e-01
9.341591596603393555e-02,1.443606466054916382e-01,3.861958980560302734e-01
9.341591596603393555e-02,1.443606466054916382e-01,3.861958980560302734e-01
9.341479092836380005e-02,1.440028995275497437e-01,3.867842555046081543e-01
9.341479092836380005e-02,1.440028995275497437e-01,3.867842555046081543e-01
9.341248869895935059e-02,1.436440199613571167e-01,3.873738348484039307e-01
9.341248869895935059e-02,1.436440199613571167e-01,3.873738348484039307e-01
9.340899437665939331e-02,1.432840228080749512e-01,3.879646062850952148e-01
9.340899437665939331e-02,1.432840228080749512e-01,3.879646062850952148e-01
9.340433776378631592e-02,1.429229080677032471e-01,3.885566592216491699e-01
9.340433776378631592e-02,1.429229080677032471e-01,3.885566592216491699e-01
9.339847415685653687e-02,1.425606310367584229e-01,3.891499340534210205e-01
9.339847415685653687e-02,1.425606310367584229e-01,3.891499340534210205e-01
9.339142590761184692e-02,1.421972513198852539e-01,3.897444307804107666e-01
9.339142590761184692e-02,1.421972513198852539e-01,3.897444307804107666e-01
9.338318556547164917e-02,1.418327242136001587e-01,3.903401792049407959e-01
9.338318556547164917e-02,1.418327242136001587e-01,3.903401792049407959e-01
9.337374567985534668e-02,1.414670646190643311e-01,3.909371495246887207e-01
9.337374567985534668e-02,1.414670646190643311e-01,3.909371495246887207e-01
9.336309134960174561e-02,1.411002725362777710e-01,3.915354013442993164e-01
9.336309134960174561e-02,1.411002725362777710e-01,3.915354013442993164e-01
9.335123747587203979e-02,1.407323479652404785e-01,3.921348750591278076e-01
9.335123747587203979e-02,1.407323479652404785e-01,3.921348750591278076e-01
9.333816915750503540e-02,1.403632909059524536e-01,3.927356004714965820e-01
9.333816915750503540e-02,1.403632909059524536e-01,3.927356004714965820e-01
9.332388639450073242e-02,1.399931013584136963e-01,3.933376371860504150e-01
9.332388639450073242e-02,1.399931013584136963e-01,3.933376371860504150e-01
9.330837428569793701e-02,1.396217793226242065e-01,3.939408957958221436e-01
9.330837428569793701e-02,1.396217793226242065e-01,3.939408957958221436e-01
9.329164773225784302e-02,1.392493098974227905e-01,3.945454657077789307e-01
9.329164773225784302e-02,1.392493098974227905e-01,3.945454657077789307e-01
9.327370673418045044e-02,1.388757079839706421e-01,3.951512575149536133e-01
9.327370673418045044e-02,1.388757079839706421e-01,3.951512575149536133e-01
9.325452148914337158e-02,1.385009884834289551e-01,3.957583606243133545e-01
9.325452148914337158e-02,1.385009884834289551e-01,3.957583606243133545e-01
9.323409944772720337e-02,1.381251066923141479e-01,3.963667154312133789e-01
9.323409944772720337e-02,1.381251066923141479e-01,3.963667154312133789e-01
9.321243315935134888e-02,1.377480924129486084e-01,3.969763815402984619e-01
9.321243315935134888e-02,1.377480924129486084e-01,3.969763815402984619e-01
9.318953752517700195e-02,1.373699754476547241e-01,3.975874185562133789e-01
9.318953752517700195e-02,1.373699754476547241e-01,3.975874185562133789e-01
9.316538274288177490e-02,1.369906812906265259e-01,3.981995880603790283e-01
9.316538274288177490e-02,1.369906812906265259e-01,3.981995880603790283e-01
9.313998371362686157e-02,1.366102546453475952e-01,3.988131582736968994e-01
9.313998371362686157e-02,1.366102546453475952e-01,3.988131582736968994e-01
9.311333298683166504e-02,1.362287104129791260e-01,3.994280099868774414e-01
9.311333298683166504e-02,1.362287104129791260e-01,3.994280099868774414e-01
9.308541566133499146e-02,1.358460038900375366e-01,4.000441730022430420e-01
9.308541566133499146e-02,1.358460038900375366e-01,4.000441730022430420e-01
9.305623918771743774e-02,1.354621648788452148e-01,4.006616771221160889e-01
9.305623918771743774e-02,1.354621648788452148e-01,4.006616771221160889e-01
9.302578866481781006e-02,1.350772082805633545e-01,4.012804627418518066e-01
9.302578866481781006e-02,1.350772082805633545e-01,4.012804627418518066e-01
9.299407154321670532e-02,1.346910893917083740e-01,4.019006192684173584e-01
9.299407154321670532e-02,1.346910893917083740e-01,4.019006192684173584e-01
9.296108037233352661e-02,1.343038231134414673e-01,4.025219976902008057e-01
9.296108037233352661e-02,1.343038231134414673e-01,4.025219976902008057e-01
9.292680025100708008e-02,1.339154243469238281e-01,4.031448066234588623e-01
9.292680025100708008e-02,1.339154243469238281e-01,4.031448066234588623e-01
9.289124608039855957e-02,1.335258781909942627e-01,4.037688672542572021e-01
9.289124608039855957e-02,1.335258781909942627e-01,4.037688672542572021e-01
9.285440295934677124e-02,1.331351995468139648e-01,4.043943583965301514e-01
9.285440295934677124e-02,1.331351995468139648e-01,4.043943583965301514e-01
9.281627088785171509e-02,1.327433586120605469e-01,4.050210714340209961e-01
9.281627088785171509e-02,1.327433586120605469e-01,4.050210714340209961e-01
9.277684241533279419e-02,1.323503851890563965e-01,4.056492149829864502e-01
9.277684241533279419e-02,1.323503851890563965e-01,4.056492149829864502e-01
9.273611754179000854e-02,1.319562792778015137e-01,4.062786996364593506e-01
9.273611754179000854e-02,1.319562792778015137e-01,4.062786996364593506e-01
9.269409626722335815e-02,1.315610110759735107e-01,4.069095253944396973e-01
9.269409626722335815e-02,1.315610110759735107e-01,4.069095253944396973e-01
9.265075623989105225e-02,1.311646103858947754e-01,4.075416624546051025e-01
9.265075623989105225e-02,1.311646103858947754e-01,4.075416624546051025e-01
9.260610491037368774e-02,1.307670623064041138e-01,4.081752300262451172e-01
9.260610491037368774e-02,1.307670623064041138e-01,4.081752300262451172e-01
9.256014972925186157e-02,1.303683817386627197e-01,4.088101983070373535e-01
9.256014972925186157e-02,1.303683817386627197e-01,4.088101983070373535e-01
9.251287579536437988e-02,1.299685388803482056e-01,4.094464480876922607e-01
9.251287579536437988e-02,1.299685388803482056e-01,4.094464480876922607e-01
9.246426820755004883e-02,1.295675486326217651e-01,4.100840687751770020e-01
9.246426820755004883e-02,1.295675486326217651e-01,4.100840687751770020e-01
9.241433441638946533e-02,1.291654109954833984e-01,4.107231199741363525e-01
9.241433441638946533e-02,1.291654109954833984e-01,4.107231199741363525e-01
9.236307442188262939e-02,1.287621408700942993e-01,4.113635420799255371e-01
9.236307442188262939e-02,1.287621408700942993e-01,4.113635420799255371e-01
9.231048077344894409e-02,1.283577084541320801e-01,4.120053350925445557e-01
9.231048077344894409e-02,1.283577084541320801e-01,4.120053350925445557e-01
9.225654602050781250e-02,1.279521286487579346e-01,4.126485288143157959e-01
9.225654602050781250e-02,1.279521286487579346e-01,4.126485288143157959e-01
9.220127016305923462e-02,1.275454163551330566e-01,4.132930636405944824e-01
9.220127016305923462e-02,1.275454163551330566e-01,4.132930636405944824e-01
9.214465320110321045e-02,1.271375417709350586e-01,4.139391183853149414e-01
9.214465320110321045e-02,1.271375417709350586e-01,4.139391183853149414e-01
9.208668023347854614e-02,1.267285197973251343e-01,4.145864546298980713e-01
9.208668023347854614e-02,1.267285197973251343e-01,4.145864546298980713e-01
9.202735126018524170e-02,1.263183355331420898e-01,4.152352809906005859e-01
9.202735126018524170e-02,1.263183355331420898e-01,4.152352809906005859e-01
9.196666628122329712e-02,1.259070336818695068e-01,4.158854782581329346e-01
9.196666628122329712e-02,1.259070336818695068e-01,4.158854782581329346e-01
9.190461784601211548e-02,1.254945397377014160e-01,4.165370464324951172e-01
9.190461784601211548e-02,1.254945397377014160e-01,4.165370464324951172e-01
9.184121340513229370e-02,1.250809133052825928e-01,4.171901047229766846e-01
9.184121340513229370e-02,1.250809133052825928e-01,4.171901047229766846e-01
9.177642315626144409e-02,1.246661469340324402e-01,4.178446233272552490e-01
9.177642315626144409e-02,1.246661469340324402e-01,4.178446233272552490e-01
9.171026200056076050e-02,1.242502182722091675e-01,4.185004532337188721e-01
9.171026200056076050e-02,1.242502182722091675e-01,4.185004532337188721e-01
9.164273738861083984e-02,1.238331347703933716e-01,4.191578030586242676e-01
9.164273738861083984e-02,1.238331347703933716e-01,4.191578030586242676e-01
9.157381206750869751e-02,1.234149038791656494e-01,4.198165833950042725e-01
9.157381206750869751e-02,1.234149038791656494e-01,4.198165833950042725e-01
9.150351583957672119e-02,1.229955106973648071e-01,4.204767346382141113e-01
9.150351583957672119e-02,1.229955106973648071e-01,4.204767346382141113e-01
9.143181890249252319e-02,1.225749775767326355e-01,4.211384057998657227e-01
9.143181890249252319e-02,1.225749775767326355e-01,4.211384057998657227e-01
9.135873615741729736e-02,1.221532821655273438e-01,4.218014776706695557e-01
9.135873615741729736e-02,1.221532821655273438e-01,4.218014776706695557e-01
9.128425270318984985e-02,1.217304319143295288e-01,4.224660098552703857e-01
9.128425270318984985e-02,1.217304319143295288e-01,4.224660098552703857e-01
9.120834618806838989e-02,1.213064268231391907e-01,4.231320321559906006e-01
9.120834618806838989e-02,1.213064268231391907e-01,4.231320321559906006e-01
9.113106131553649902e-02,1.208812668919563293e-01,4.237994551658630371e-01
9.113106131553649902e-02,1.208812668919563293e-01,4.237994551658630371e-01
9.105236083269119263e-02,1.204549446702003479e-01,4.244683682918548584e-01
9.105236083269119263e-02,1.204549446702003479e-01,4.244683682918548584e-01
9.097224473953247070e-02,1.200274676084518433e-01,4.251388311386108398e-01
9.097224473953247070e-02,1.200274676084518433e-01,4.251388311386108398e-01
9.089071303606033325e-02,1.195988431572914124e-01,4.258106648921966553e-01
9.089071303606033325e-02,1.195988431572914124e-01,4.258106648921966553e-01
9.080775082111358643e-02,1.191690489649772644e-01,4.264840185642242432e-01
9.080775082111358643e-02,1.191690489649772644e-01,4.264840185642242432e-01
9.072337299585342407e-02,1.187381073832511902e-01,4.271588623523712158e-01
9.072337299585342407e-02,1.187381073832511902e-01,4.271588623523712158e-01
9.063756465911865234e-02,1.183060109615325928e-01,4.278351664543151855e-01
9.063756465911865234e-02,1.183060109615325928e-01,4.278351664543151855e-01
9.055031090974807739e-02,1.178727373480796814e-01,4.285129308700561523e-01
9.055031090974807739e-02,1.178727373480796814e-01,4.285129308700561523e-01
9.046162664890289307e-02,1.174383088946342468e-01,4.291922450065612793e-01
9.046162664890289307e-02,1.174383088946342468e-01,4.291922450065612793e-01
9.037149697542190552e-02,1.170027330517768860e-01,4.298730194568634033e-01
9.037149697542190552e-02,1.170027330517768860e-01,4.298730194568634033e-01
9.027993679046630859e-02,1.165659949183464050e-01,4.305553436279296875e-01
9.027993679046630859e-02,1.165659949183464050e-01,4.305553436279296875e-01
9.018691629171371460e-02,1.161280870437622070e-01,4.312391281127929688e-01
9.018691629171371460e-02,1.161280870437622070e-01,4.312391281127929688e-01
9.009244292974472046e-02,1.156890243291854858e-01,4.319244325160980225e-01
9.009244292974472046e-02,1.156890243291854858e-01,4.319244325160980225e-01
8.999651670455932617e-02,1.152488067746162415e-01,4.326112568378448486e-01
8.999651670455932617e-02,1.152488067746162415e-01,4.326112568378448486e-01
8.989912271499633789e-02,1.148074045777320862e-01,4.332996308803558350e-01
8.989912271499633789e-02,1.148074045777320862e-01,4.332996308803558350e-01
8.980026096105575562e-02,1.143648549914360046e-01,4.339894354343414307e-01
8.980026096105575562e-02,1.143648549914360046e-01,4.339894354343414307e-01
8.969993889331817627e-02,1.139211505651473999e-01,4.346808791160583496e-01
8.969993889331817627e-02,1.139211505651473999e-01,4.346808791160583496e-01
8.959814161062240601e-02,1.134762763977050781e-01,4.353738129138946533e-01
8.959814161062240601e-02,1.134762763977050781e-01,4.353738129138946533e-01
8.949486911296844482e-02,1.130302250385284424e-01,4.360682666301727295e-01
8.949486911296844482e-02,1.130302250385284424e-01,4.360682666301727295e-01
8.939010649919509888e-02,1.125830262899398804e-01,4.367642104625701904e-01
8.939010649919509888e-02,1.125830262899398804e-01,4.367642104625701904e-01
8.928386867046356201e-02,1.121346578001976013e-01,4.374617934226989746e-01
8.928386867046356201e-02,1.121346578001976013e-01,4.374617934226989746e-01
8.917613327503204346e-02,1.116851195693016052e-01,4.381608963012695312e-01
8.917613327503204346e-02,1.116851195693016052e-01,4.381608963012695312e-01
8.906691521406173706e-02,1.112344264984130859e-01,4.388614892959594727e-01
8.906691521406173706e-02,1.112344264984130859e-01,4.388614892959594727e-01
8.895619213581085205e-02,1.107825562357902527e-01,4.395637512207031250e-01
8.895619213581085205e-02,1.107825562357902527e-01,4.395637512207031250e-01
8.884396404027938843e-02,1.103295311331748962e-01,4.402674734592437744e-01
8.884396404027938843e-02,1.103295311331748962e-01,4.402674734592437744e-01
8.873024582862854004e-02,1.098753288388252258e-01,4.409728050231933594e-01
8.873024582862854004e-02,1.098753288388252258e-01,4.409728050231933594e-01
8.861500024795532227e-02,1.094199642539024353e-01,4.416796863079071045e-01
8.861500024795532227e-02,1.094199642539024353e-01,4.416796863079071045e-01
8.849824965000152588e-02,1.089634299278259277e-01,4.423881471157073975e-01
8.849824965000152588e-02,1.089634299278259277e-01,4.423881471157073975e-01
8.837999403476715088e-02,1.085057333111763000e-01,4.430981874465942383e-01
8.837999403476715088e-02,1.085057333111763000e-01,4.430981874465942383e-01
8.826020359992980957e-02,1.080468595027923584e-01,4.438098669052124023e-01
8.826020359992980957e-02,1.080468595027923584e-01,4.438098669052124023e-01
8.813889324665069580e-02,1.075868308544158936e-01,4.445230066776275635e-01
8.813889324665069580e-02,1.075868308544158936e-01,4.445230066776275635e-01
8.801604807376861572e-02,1.071256175637245178e-01,4.452377855777740479e-01
8.801604807376861572e-02,1.071256175637245178e-01,4.452377855777740479e-01
8.789167553186416626e-02,1.066632419824600220e-01,4.459542036056518555e-01
8.789167553186416626e-02,1.066632419824600220e-01,4.459542036056518555e-01
8.776576817035675049e-02,1.061996892094612122e-01,4.466722011566162109e-01
8.776576817035675049e-02,1.061996892094612122e-01,4.466722011566162109e-01
8.763832598924636841e-02,1.057349741458892822e-01,4.473917782306671143e-01
8.763832598924636841e-02,1.057349741458892822e-01,4.473917782306671143e-01
8.750932663679122925e-02,1.052690669894218445e-01,4.481129646301269531e-01
8.750932663679122925e-02,1.052690669894218445e-01,4.481129646301269531e-01
8.737878501415252686e-02,1.048020124435424805e-01,4.488357603549957275e-01
8.737878501415252686e-02,1.048020124435424805e-01,4.488357603549957275e-01
8.724669367074966431e-02,1.043337807059288025e-01,4.495601654052734375e-01
8.724669367074966431e-02,1.043337807059288025e-01,4.495601654052734375e-01
8.711303025484085083e-02,1.038643717765808105e-01,4.502862095832824707e-01
8.711303025484085083e-02,1.038643717765808105e-01,4.502862095832824707e-01
8.697781711816787720e-02,1.033937931060791016e-01,4.510138630867004395e-01
8.697781711816787720e-02,1.033937931060791016e-01,4.510138630867004395e-01
8.684104681015014648e-02,1.029220297932624817e-01,4.517431557178497314e-01
8.684104681015014648e-02,1.029220297932624817e-01,4.517431557178497314e-01
8.670270442962646484e-02,1.024491041898727417e-01,4.524740874767303467e-01
8.670270442962646484e-02,1.024491041898727417e-01,4.524740874767303467e-01
8.656278252601623535e-02,1.019750013947486877e-01,4.532065987586975098e-01
8.656278252601623535e-02,1.019750013947486877e-01,4.532065987586975098e-01
8.642128854990005493e-02,1.014997214078903198e-01,4.539407789707183838e-01
8.642128854990005493e-02,1.014997214078903198e-01,4.539407789707183838e-01
8.627821505069732666e-02,1.010232716798782349e-01,4.546766281127929688e-01
8.627821505069732666e-02,1.010232716798782349e-01,4.546766281127929688e-01
8.613356202840805054e-02,1.005456373095512390e-01,4.554140865802764893e-01
8.613356202840805054e-02,1.005456373095512390e-01,4.554140865802764893e-01
8.598731458187103271e-02,1.000668480992317200e-01,4.561532139778137207e-01
8.598731458187103271e-02,1.000668480992317200e-01,4.561532139778137207e-01
8.583947271108627319e-02,9.958685934543609619e-02,4.568939805030822754e-01
8.583947271108627319e-02,9.958685934543609619e-02,4.568939805030822754e-01
8.569004386663436890e-02,9.910570085048675537e-02,4.576364159584045410e-01
8.569004386663436890e-02,9.910570085048675537e-02,4.576364159584045410e-01
8.553900569677352905e-02,9.862336516380310059e-02,4.583805203437805176e-01
8.553900569677352905e-02,9.862336516380310059e-02,4.583805203437805176e-01
8.538637310266494751e-02,9.813984483480453491e-02,4.591263234615325928e-01
8.538637310266494751e-02,9.813984483480453491e-02,4.591263234615325928e-01
8.523212373256683350e-02,9.765516221523284912e-02,4.598737955093383789e-01
8.523212373256683350e-02,9.765516221523284912e-02,4.598737955093383789e-01
8.507626503705978394e-02,9.716928750276565552e-02,4.606228768825531006e-01
8.507626503705978394e-02,9.716928750276565552e-02,4.606228768825531006e-01
8.491878956556320190e-02,9.668223559856414795e-02,4.613736569881439209e-01
8.491878956556320190e-02,9.668223559856414795e-02,4.613736569881439209e-01
8.475969731807708740e-02,9.619399905204772949e-02,4.621261656284332275e-01
8.475969731807708740e-02,9.619399905204772949e-02,4.621261656284332275e-01
8.459898084402084351e-02,9.570459276437759399e-02,4.628803133964538574e-01
8.459898084402084351e-02,9.570459276437759399e-02,4.628803133964538574e-01
8.443663269281387329e-02,9.521399438381195068e-02,4.636361598968505859e-01
8.443663269281387329e-02,9.521399438381195068e-02,4.636361598968505859e-01
8.427266031503677368e-02,9.472223371267318726e-02,4.643937647342681885e-01
8.427266031503677368e-02,9.472223371267318726e-02,4.643937647342681885e-01
8.410704880952835083e-02,9.422928839921951294e-02,4.651530385017395020e-01
8.410704880952835083e-02,9.422928839921951294e-02,4.651530385017395020e-01
8.393979072570800781e-02,9.373514354228973389e-02,4.659139513969421387e-01
8.393979072570800781e-02,9.373514354228973389e-02,4.659139513969421387e-01
8.377090841531753540e-02,9.323982894420623779e-02,4.666766822338104248e-01
8.377090841531753540e-02,9.323982894420623779e-02,4.666766822338104248e-01
8.360035717487335205e-02,9.274332225322723389e-02,4.674410223960876465e-01
8.360035717487335205e-02,9.274332225322723389e-02,4.674410223960876465e-01
8.342815190553665161e-02,9.224563091993331909e-02,4.682071208953857422e-01
8.342815190553665161e-02,9.224563091993331909e-02,4.682071208953857422e-01
8.325430005788803101e-02,9.174676239490509033e-02,4.689749479293823242e-01
8.325430005788803101e-02,9.174676239490509033e-02,4.689749479293823242e-01
8.307880163192749023e-02,9.124672412872314453e-02,4.697445333003997803e-01
8.307880163192749023e-02,9.124672412872314453e-02,4.697445333003997803e-01
8.290161937475204468e-02,9.074547141790390015e-02,4.705157876014709473e-01
8.290161937475204468e-02,9.074547141790390015e-02,4.705157876014709473e-01
8.272279053926467896e-02,9.024306386709213257e-02,4.712888002395629883e-01
8.272279053926467896e-02,9.024306386709213257e-02,4.712888002395629883e-01
8.254226297140121460e-02,8.973944932222366333e-02,4.720635414123535156e-01
8.254226297140121460e-02,8.973944932222366333e-02,4.720635414123535156e-01
8.236008882522583008e-02,8.923465758562088013e-02,4.728400409221649170e-01
8.236008882522583008e-02,8.923465758562088013e-02,4.728400409221649170e-01
8.217622339725494385e-02,8.872867375612258911e-02,4.736182987689971924e-01
8.217622339725494385e-02,8.872867375612258911e-02,4.736182987689971924e-01
8.199067413806915283e-02,8.822151273488998413e-02,4.743982851505279541e-01
8.199067413806915283e-02,8.822151273488998413e-02,4.743982851505279541e-01
8.180343359708786011e-02,8.771315962076187134e-02,4.751800596714019775e-01
8.180343359708786011e-02,8.771315962076187134e-02,4.751800596714019775e-01
8.161450922489166260e-02,8.720360696315765381e-02,4.759635031223297119e-01
8.161450922489166260e-02,8.720360696315765381e-02,4.759635031223297119e-01
8.142387866973876953e-02,8.669288456439971924e-02,4.767487943172454834e-01
8.142387866973876953e-02,8.669288456439971924e-02,4.767487943172454834e-01
8.123155683279037476e-02,8.618096262216567993e-02,4.775358140468597412e-01
8.123155683279037476e-02,8.618096262216567993e-02,4.775358140468597412e-01
8.103753626346588135e-02,8.566786348819732666e-02,4.783246517181396484e-01
8.103753626346588135e-02,8.566786348819732666e-02,4.783246517181396484e-01
8.084179461002349854e-02,8.515354990959167480e-02,4.791151881217956543e-01
8.084179461002349854e-02,8.515354990959167480e-02,4.791151881217956543e-01
8.064436167478561401e-02,8.463807404041290283e-02,4.799075722694396973e-01
8.064436167478561401e-02,8.463807404041290283e-02,4.799075722694396973e-01
8.044520020484924316e-02,8.412139117717742920e-02,4.807017147541046143e-01
8.044520020484924316e-02,8.412139117717742920e-02,4.807017147541046143e-01
8.024433255195617676e-02,8.360352367162704468e-02,4.814976453781127930e-01
8.024433255195617676e-02,8.360352367162704468e-02,4.814976453781127930e-01
8.004172146320343018e-02,8.308446407318115234e-02,4.822953641414642334e-01
8.004172146320343018e-02,8.308446407318115234e-02,4.822953641414642334e-01
6.938776373863220215e-02,8.447079360485076904e-02,-1.059088557958602905e-01
6.938776373863220215e-02,8.447079360485076904e-02,-1.059088557958602905e-01
6.900475919246673584e-02,8.422112464904785156e-02,-1.061380431056022644e-01
6.900475919246673584e-02,8.422112464904785156e-02,-1.061380431056022644e-01
6.862299144268035889e-02,8.397092670202255249e-02,-1.063672825694084167e-01
6.862299144268035889e-02,8.397092670202255249e-02,-1.063672825694084167e-01
6.824249774217605591e-02,8.372020721435546875e-02,-1.065965518355369568e-01
6.824249774217605591e-02,8.372020721435546875e-02,-1.065965518355369568e-01
6.786324828863143921e-02,8.346895128488540649e-02,-1.068258732557296753e-01
6.786324828863143921e-02,8.346895128488540649e-02,-1.068258732557296753e-01
6.748525798320770264e-02,8.321715146303176880e-02,-1.070552244782447815e-01
6.748525798320770264e-02,8.321715146303176880e-02,-1.070552244782447815e-01
6.710851192474365234e-02,8.296485245227813721e-02,-1.072846204042434692e-01
6.710851192474365234e-02,8.296485245227813721e-02,-1.072846204042434692e-01
6.673302501440048218e-02,8.271200209856033325e-02,-1.075140461325645447e-01
6.673302501440048218e-02,8.271200209856033325e-02,-1.075140461325645447e-01
6.635878235101699829e-02,8.245862275362014771e-02,-1.077435165643692017e-01
6.635878235101699829e-02,8.245862275362014771e-02,-1.077435165643692017e-01
6.598579138517379761e-02,8.220472931861877441e-02,-1.079730242490768433e-01
6.598579138517379761e-02,8.220472931861877441e-02,-1.079730242490768433e-01
6.561403721570968628e-02,8.195030689239501953e-02,-1.082025542855262756e-01
6.561403721570968628e-02,8.195030689239501953e-02,-1.082025542855262756e-01
6.524352729320526123e-02,8.169534802436828613e-02,-1.084321066737174988e-01
6.524352729320526123e-02,8.169534802436828613e-02,-1.084321066737174988e-01
6.487426161766052246e-02,8.143984526395797729e-02,-1.086617037653923035e-01
6.487426161766052246e-02,8.143984526395797729e-02,-1.086617037653923035e-01
6.450624763965606689e-02,8.118382841348648071e-02,-1.088913083076477051e-01
6.450624763965606689e-02,8.118382841348648071e-02,-1.088913083076477051e-01
6.413946300745010376e-02,8.092728257179260254e-02,-1.091209724545478821e-01
6.413946300745010376e-02,8.092728257179260254e-02,-1.091209724545478821e-01
6.377392262220382690e-02,8.067019283771514893e-02,-1.093506366014480591e-01
6.377392262220382690e-02,8.067019283771514893e-02,-1.093506366014480591e-01
6.340961903333663940e-02,8.041258901357650757e-02,-1.095803231000900269e-01
6.340961903333663940e-02,8.041258901357650757e-02,-1.095803231000900269e-01
6.304653733968734741e-02,8.015444129705429077e-02,-1.098100319504737854e-01
6.304653733968734741e-02,8.015444129705429077e-02,-1.098100319504737854e-01
6.268470734357833862e-02,7.989577949047088623e-02,-1.100397706031799316e-01
6.268470734357833862e-02,7.989577949047088623e-02,-1.100397706031799316e-01
6.232409551739692688e-02,7.963656634092330933e-02,-1.102695316076278687e-01
6.232409551739692688e-02,7.963656634092330933e-02,-1.102695316076278687e-01
6.196472048759460449e-02,7.937682420015335083e-02,-1.104992851614952087e-01
6.196472048759460449e-02,7.937682420015335083e-02,-1.104992851614952087e-01
6.160657480359077454e-02,7.911656051874160767e-02,-1.107290759682655334e-01
6.160657480359077454e-02,7.911656051874160767e-02,-1.107290759682655334e-01
6.124966219067573547e-02,7.885576039552688599e-02,-1.109588816761970520e-01
6.124966219067573547e-02,7.885576039552688599e-02,-1.109588816761970520e-01
6.089396402239799500e-02,7.859443873167037964e-02,-1.111886948347091675e-01
6.089396402239799500e-02,7.859443873167037964e-02,-1.111886948347091675e-01
6.053950637578964233e-02,7.833256572484970093e-02,-1.114185228943824768e-01
6.053950637578964233e-02,7.833256572484970093e-02,-1.114185228943824768e-01
6.018626317381858826e-02,7.807017862796783447e-02,-1.116483584046363831e-01
6.018626317381858826e-02,7.807017862796783447e-02,-1.116483584046363831e-01
5.983424186706542969e-02,7.780724018812179565e-02,-1.118781790137290955e-01
5.983424186706542969e-02,7.780724018812179565e-02,-1.118781790137290955e-01
5.948343873023986816e-02,7.754378765821456909e-02,-1.121080368757247925e-01
5.948343873023986816e-02,7.754378765821456909e-02,-1.121080368757247925e-01
5.913386493921279907e-02,7.727980613708496094e-02,-1.123378872871398926e-01
5.913386493921279907e-02,7.727980613708496094e-02,-1.123378872871398926e-01
5.878549441695213318e-02,7.701527327299118042e-02,-1.125677451491355896e-01
5.878549441695213318e-02,7.701527327299118042e-02,-1.125677451491355896e-01
5.843834951519966125e-02,7.675021886825561523e-02,-1.127976030111312866e-01
5.843834951519966125e-02,7.675021886825561523e-02,-1.127976030111312866e-01
5.809241533279418945e-02,7.648462057113647461e-02,-1.130274608731269836e-01
5.809241533279418945e-02,7.648462057113647461e-02,-1.130274608731269836e-01
5.774769932031631470e-02,7.621850818395614624e-02,-1.132573112845420837e-01
5.774769932031631470e-02,7.621850818395614624e-02,-1.132573112845420837e-01
5.740419402718544006e-02,7.595185190439224243e-02,-1.134871691465377808e-01
5.740419402718544006e-02,7.595185190439224243e-02,-1.134871691465377808e-01
5.706189945340156555e-02,7.568465918302536011e-02,-1.137170195579528809e-01
5.706189945340156555e-02,7.568465918302536011e-02,-1.137170195579528809e-01
5.672080442309379578e-02,7.541693747043609619e-02,-1.139468550682067871e-01
5.672080442309379578e-02,7.541693747043609619e-02,-1.139468550682067871e-01
5.638092756271362305e-02,7.514868676662445068e-02,-1.141766980290412903e-01
5.638092756271362305e-02,7.514868676662445068e-02,-1.141766980290412903e-01
5.604225397109985352e-02,7.487987726926803589e-02,-1.144065260887145996e-01
5.604225397109985352e-02,7.487987726926803589e-02,-1.144065260887145996e-01
5.570478364825248718e-02,7.461056858301162720e-02,-1.146363466978073120e-01
5.570478364825248718e-02,7.461056858301162720e-02,-1.146363466978073120e-01
5.536851286888122559e-02,7.434070110321044922e-02,-1.148661524057388306e-01
5.536851286888122559e-02,7.434070110321044922e-02,-1.148661524057388306e-01
5.503344535827636719e-02,7.407030463218688965e-02,-1.150959283113479614e-01
5.503344535827636719e-02,7.407030463218688965e-02,-1.150959283113479614e-01
5.469958111643791199e-02,7.379937916994094849e-02,-1.153257116675376892e-01
5.469958111643791199e-02,7.379937916994094849e-02,-1.153257116675376892e-01
5.436690896749496460e-02,7.352790236473083496e-02,-1.155554801225662231e-01
5.436690896749496460e-02,7.352790236473083496e-02,-1.155554801225662231e-01
5.403544008731842041e-02,7.325591146945953369e-02,-1.157852187752723694e-01
5.403544008731842041e-02,7.325591146945953369e-02,-1.157852187752723694e-01
5.370516330003738403e-02,7.298336923122406006e-02,-1.160149350762367249e-01
5.370516330003738403e-02,7.298336923122406006e-02,-1.160149350762367249e-01
5.337608233094215393e-02,7.271030545234680176e-02,-1.162446513772010803e-01
5.337608233094215393e-02,7.271030545234680176e-02,-1.162446513772010803e-01
5.304819718003273010e-02,7.243669033050537109e-02,-1.164743229746818542e-01
5.304819718003273010e-02,7.243669033050537109e-02,-1.164743229746818542e-01
5.272149294614791870e-02,7.216255366802215576e-02,-1.167039871215820312e-01
5.272149294614791870e-02,7.216255366802215576e-02,-1.167039871215820312e-01
5.239598825573921204e-02,7.188787311315536499e-02,-1.169336214661598206e-01
5.239598825573921204e-02,7.188787311315536499e-02,-1.169336214661598206e-01
5.207166448235511780e-02,7.161266356706619263e-02,-1.171632185578346252e-01
5.207166448235511780e-02,7.161266356706619263e-02,-1.171632185578346252e-01
5.174853652715682983e-02,7.133691757917404175e-02,-1.173927932977676392e-01
5.174853652715682983e-02,7.133691757917404175e-02,-1.173927932977676392e-01
5.142658576369285583e-02,7.106062024831771851e-02,-1.176223382353782654e-01
5.142658576369285583e-02,7.106062024831771851e-02,-1.176223382353782654e-01
5.110581964254379272e-02,7.078379392623901367e-02,-1.178518682718276978e-01
5.110581964254379272e-02,7.078379392623901367e-02,-1.178518682718276978e-01
5.078623816370964050e-02,7.050643861293792725e-02,-1.180813536047935486e-01
5.078623816370964050e-02,7.050643861293792725e-02,-1.180813536047935486e-01
5.046783760190010071e-02,7.022853940725326538e-02,-1.183107942342758179e-01
5.046783760190010071e-02,7.022853940725326538e-02,-1.183107942342758179e-01
5.015061050653457642e-02,6.995011121034622192e-02,-1.185402125120162964e-01
5.015061050653457642e-02,6.995011121034622192e-02,-1.185402125120162964e-01
4.983456805348396301e-02,6.967113912105560303e-02,-1.187695711851119995e-01
4.983456805348396301e-02,6.967113912105560303e-02,-1.187695711851119995e-01
4.951969906687736511e-02,6.939163058996200562e-02,-1.189989224076271057e-01
4.951969906687736511e-02,6.939163058996200562e-02,-1.189989224076271057e-01
4.920601099729537964e-02,6.911158561706542969e-02,-1.192282140254974365e-01
4.920601099729537964e-02,6.911158561706542969e-02,-1.192282140254974365e-01
4.889348894357681274e-02,6.883100420236587524e-02,-1.194574609398841858e-01
4.889348894357681274e-02,6.883100420236587524e-02,-1.194574609398841858e-01
4.858213663101196289e-02,6.854987144470214844e-02,-1.196866706013679504e-01
4.858213663101196289e-02,6.854987144470214844e-02,-1.196866706013679504e-01
4.827195778489112854e-02,6.826821714639663696e-02,-1.199158355593681335e-01
4.827195778489112854e-02,6.826821714639663696e-02,-1.199158355593681335e-01
4.796295613050460815e-02,6.798601895570755005e-02,-1.201449632644653320e-01
4.796295613050460815e-02,6.798601895570755005e-02,-1.201449632644653320e-01
4.765510559082031250e-02,6.770328432321548462e-02,-1.203740313649177551e-01
4.765510559082031250e-02,6.770328432321548462e-02,-1.203740313649177551e-01
4.734843224287033081e-02,6.742000579833984375e-02,-1.206030473113059998e-01
4.734843224287033081e-02,6.742000579833984375e-02,-1.206030473113059998e-01
4.704292491078376770e-02,6.713619828224182129e-02,-1.208320260047912598e-01
4.704292491078376770e-02,6.713619828224182129e-02,-1.208320260047912598e-01
4.673857614398002625e-02,6.685183942317962646e-02,-1.210609376430511475e-01
4.673857614398002625e-02,6.685183942317962646e-02,-1.210609376430511475e-01
4.643538594245910645e-02,6.656695157289505005e-02,-1.212897971272468567e-01
4.643538594245910645e-02,6.656695157289505005e-02,-1.212897971272468567e-01
4.613336175680160522e-02,6.628151983022689819e-02,-1.215186044573783875e-01
4.613336175680160522e-02,6.628151983022689819e-02,-1.215186044573783875e-01
4.583249613642692566e-02,6.599555164575576782e-02,-1.217473596334457397e-01
4.583249613642692566e-02,6.599555164575576782e-02,-1.217473596334457397e-01
4.553278163075447083e-02,6.570903956890106201e-02,-1.219760552048683167e-01
4.553278163075447083e-02,6.570903956890106201e-02,-1.219760552048683167e-01
4.523422196507453918e-02,6.542199105024337769e-02,-1.222046837210655212e-01
4.523422196507453918e-02,6.542199105024337769e-02,-1.222046837210655212e-01
4.493682831525802612e-02,6.513440608978271484e-02,-1.224332526326179504e-01
4.493682831525802612e-02,6.513440608978271484e-02,-1.224332526326179504e-01
4.464057460427284241e-02,6.484626233577728271e-02,-1.226617619395256042e-01
4.464057460427284241e-02,6.484626233577728271e-02,-1.226617619395256042e-01
4.434549063444137573e-02,6.455760449171066284e-02,-1.228902041912078857e-01
4.434549063444137573e-02,6.455760449171066284e-02,-1.228902041912078857e-01
4.405153542757034302e-02,6.426838785409927368e-02,-1.231185868382453918e-01
4.405153542757034302e-02,6.426838785409927368e-02,-1.231185868382453918e-01
4.375873878598213196e-02,6.397864222526550293e-02,-1.233468875288963318e-01
4.375873878598213196e-02,6.397864222526550293e-02,-1.233468875288963318e-01
4.346708580851554871e-02,6.368834525346755981e-02,-1.235751286149024963e-01
4.346708580851554871e-02,6.368834525346755981e-02,-1.235751286149024963e-01
4.317658022046089172e-02,6.339751929044723511e-02,-1.238033026456832886e-01
4.317658022046089172e-02,6.339751929044723511e-02,-1.238033026456832886e-01
4.288721457123756409e-02,6.310614198446273804e-02,-1.240313872694969177e-01
4.288721457123756409e-02,6.310614198446273804e-02,-1.240313872694969177e-01
4.259900003671646118e-02,6.281422823667526245e-02,-1.242594197392463684e-01
4.259900003671646118e-02,6.281422823667526245e-02,-1.242594197392463684e-01
4.231191799044609070e-02,6.252177059650421143e-02,-1.244873628020286560e-01
4.231191799044609070e-02,6.252177059650421143e-02,-1.244873628020286560e-01
4.202597960829734802e-02,6.222876906394958496e-02,-1.247152313590049744e-01
4.202597960829734802e-02,6.222876906394958496e-02,-1.247152313590049744e-01
4.174117371439933777e-02,6.193523481488227844e-02,-1.249430179595947266e-01
4.174117371439933777e-02,6.193523481488227844e-02,-1.249430179595947266e-01
4.145751520991325378e-02,6.164115294814109802e-02,-1.251707375049591064e-01
4.145751520991325378e-02,6.164115294814109802e-02,-1.251707375049591064e-01
4.117497801780700684e-02,6.134653091430664062e-02,-1.253983676433563232e-01
4.117497801780700684e-02,6.134653091430664062e-02,-1.253983676433563232e-01
4.089358821511268616e-02,6.105136498808860779e-02,-1.256259232759475708e-01
4.089358821511268616e-02,6.105136498808860779e-02,-1.256259232759475708e-01
4.061331972479820251e-02,6.075565889477729797e-02,-1.258533895015716553e-01
4.061331972479820251e-02,6.075565889477729797e-02,-1.258533895015716553e-01
4.033418372273445129e-02,6.045940890908241272e-02,-1.260807514190673828e-01
4.033418372273445129e-02,6.045940890908241272e-02,-1.260807514190673828e-01
4.005618393421173096e-02,6.016261875629425049e-02,-1.263080537319183350e-01
4.005618393421173096e-02,6.016261875629425049e-02,-1.263080537319183350e-01
3.977930173277854919e-02,5.986527726054191589e-02,-1.265352517366409302e-01
3.977930173277854919e-02,5.986527726054191589e-02,-1.265352517366409302e-01
3.950355201959609985e-02,5.956740304827690125e-02,-1.267623752355575562e-01
3.950355201959609985e-02,5.956740304827690125e-02,-1.267623752355575562e-01
3.922892734408378601e-02,5.926898121833801270e-02,-1.269893795251846313e-01
3.922892734408378601e-02,5.926898121833801270e-02,-1.269893795251846313e-01
3.895542025566101074e-02,5.897001549601554871e-02,-1.272163093090057373e-01
3.895542025566101074e-02,5.897001549601554871e-02,-1.272163093090057373e-01
3.868304565548896790e-02,5.867050588130950928e-02,-1.274431496858596802e-01
3.868304565548896790e-02,5.867050588130950928e-02,-1.274431496858596802e-01
3.841177746653556824e-02,5.837044864892959595e-02,-1.276698708534240723e-01
3.841177746653556824e-02,5.837044864892959595e-02,-1.276698708534240723e-01
3.814163804054260254e-02,5.806985497474670410e-02,-1.278965175151824951e-01
3.814163804054260254e-02,5.806985497474670410e-02,-1.278965175151824951e-01
3.787261620163917542e-02,5.776871740818023682e-02,-1.281230598688125610e-01
3.787261620163917542e-02,5.776871740818023682e-02,-1.281230598688125610e-01
3.760470077395439148e-02,5.746703222393989563e-02,-1.283494979143142700e-01
3.760470077395439148e-02,5.746703222393989563e-02,-1.283494979143142700e-01
3.733790665864944458e-02,5.716479942202568054e-02,-1.285758316516876221e-01
3.733790665864944458e-02,5.716479942202568054e-02,-1.285758316516876221e-01
3.707222267985343933e-02,5.686202272772789001e-02,-1.288020461797714233e-01
3.707222267985343933e-02,5.686202272772789001e-02,-1.288020461797714233e-01
3.680765256285667419e-02,5.655870959162712097e-02,-1.290281862020492554e-01
3.680765256285667419e-02,5.655870959162712097e-02,-1.290281862020492554e-01
3.654419258236885071e-02,5.625484511256217957e-02,-1.292542070150375366e-01
3.654419258236885071e-02,5.625484511256217957e-02,-1.292542070150375366e-01
3.628184273838996887e-02,5.595043674111366272e-02,-1.294801086187362671e-01
3.628184273838996887e-02,5.595043674111366272e-02,-1.294801086187362671e-01
3.602059930562973022e-02,5.564548447728157043e-02,-1.297059208154678345e-01
3.602059930562973022e-02,5.564548447728157043e-02,-1.297059208154678345e-01
3.576045855879783630e-02,5.533998459577560425e-02,-1.299315989017486572e-01
3.576045855879783630e-02,5.533998459577560425e-02,-1.299315989017486572e-01
3.550142422318458557e-02,5.503394082188606262e-02,-1.301571726799011230e-01
3.550142422318458557e-02,5.503394082188606262e-02,-1.301571726799011230e-01
3.524349257349967957e-02,5.472734943032264709e-02,-1.303826421499252319e-01
3.524349257349967957e-02,5.472734943032264709e-02,-1.303826421499252319e-01
3.498665615916252136e-02,5.442021042108535767e-02,-1.306079775094985962e-01
3.498665615916252136e-02,5.442021042108535767e-02,-1.306079775094985962e-01
3.473092988133430481e-02,5.411253497004508972e-02,-1.308332085609436035e-01
3.473092988133430481e-02,5.411253497004508972e-02,-1.308332085609436035e-01
3.447629138827323914e-02,5.380430072546005249e-02,-1.310583204030990601e-01
3.447629138827323914e-02,5.380430072546005249e-02,-1.310583204030990601e-01
3.422275558114051819e-02,5.349552631378173828e-02,-1.312833130359649658e-01
3.422275558114051819e-02,5.349552631378173828e-02,-1.312833130359649658e-01
3.397031500935554504e-02,5.318621173501014709e-02,-1.315081715583801270e-01
3.397031500935554504e-02,5.318621173501014709e-02,-1.315081715583801270e-01
3.371896967291831970e-02,5.287633836269378662e-02,-1.317329257726669312e-01
3.371896967291831970e-02,5.287633836269378662e-02,-1.317329257726669312e-01
3.346871212124824524e-02,5.256592854857444763e-02,-1.319575309753417969e-01
3.346871212124824524e-02,5.256592854857444763e-02,-1.319575309753417969e-01
3.321954235434532166e-02,5.225496366620063782e-02,-1.321820169687271118e-01
3.321954235434532166e-02,5.225496366620063782e-02,-1.321820169687271118e-01
3.297146409749984741e-02,5.194345489144325256e-02,-1.324063837528228760e-01
3.297146409749984741e-02,5.194345489144325256e-02,-1.324063837528228760e-01
3.272448107600212097e-02,5.163140222430229187e-02,-1.326306164264678955e-01
3.272448107600212097e-02,5.163140222430229187e-02,-1.326306164264678955e-01
3.247857466340065002e-02,5.131879076361656189e-02,-1.328547000885009766e-01
3.247857466340065002e-02,5.131879076361656189e-02,-1.328547000885009766e-01
3.223375976085662842e-02,5.100564286112785339e-02,-1.330786794424057007e-01
3.223375976085662842e-02,5.100564286112785339e-02,-1.330786794424057007e-01
3.199002519249916077e-02,5.069194361567497253e-02,-1.333025097846984863e-01
3.199002519249916077e-02,5.069194361567497253e-02,-1.333025097846984863e-01
3.174737095832824707e-02,5.037769302725791931e-02,-1.335262060165405273e-01
3.174737095832824707e-02,5.037769302725791931e-02,-1.335262060165405273e-01
3.150580450892448425e-02,5.006289482116699219e-02,-1.337497681379318237e-01
3.150580450892448425e-02,5.006289482116699219e-02,-1.337497681379318237e-01
3.126531094312667847e-02,4.974756017327308655e-02,-1.339731961488723755e-01
3.126531094312667847e-02,4.974756017327308655e-02,-1.339731961488723755e-01
3.102589584887027740e-02,4.943167045712471008e-02,-1.341964751482009888e-01
3.102589584887027740e-02,4.943167045712471008e-02,-1.341964751482009888e-01
3.078755550086498260e-02,4.911522194743156433e-02,-1.344196200370788574e-01
3.078755550086498260e-02,4.911522194743156433e-02,-1.344196200370788574e-01
3.055029548704624176e-02,4.879823327064514160e-02,-1.346426159143447876e-01
3.055029548704624176e-02,4.879823327064514160e-02,-1.346426159143447876e-01
3.031410276889801025e-02,4.848069697618484497e-02,-1.348654627799987793e-01
3.031410276889801025e-02,4.848069697618484497e-02,-1.348654627799987793e-01
3.007898293435573578e-02,4.816260188817977905e-02,-1.350881755352020264e-01
3.007898293435573578e-02,4.816260188817977905e-02,-1.350881755352020264e-01
2.984493225812911987e-02,4.784397035837173462e-02,-1.353107243776321411e-01
2.984493225812911987e-02,4.784397035837173462e-02,-1.353107243776321411e-01
2.961195260286331177e-02,4.752478003501892090e-02,-1.355331391096115112e-01
2.961195260286331177e-02,4.752478003501892090e-02,-1.355331391096115112e-01
2.938003838062286377e-02,4.720504209399223328e-02,-1.357553899288177490e-01
2.938003838062286377e-02,4.720504209399223328e-02,-1.357553899288177490e-01
2.914919145405292511e-02,4.688476026058197021e-02,-1.359775066375732422e-01
2.914919145405292511e-02,4.688476026058197021e-02,-1.359775066375732422e-01
2.891941182315349579e-02,4.656392335891723633e-02,-1.361994594335556030e-01
2.891941182315349579e-02,4.656392335891723633e-02,-1.361994594335556030e-01
2.869068831205368042e-02,4.624253883957862854e-02,-1.364212483167648315e-01
2.869068831205368042e-02,4.624253883957862854e-02,-1.364212483167648315e-01
2.846303023397922516e-02,4.592059925198554993e-02,-1.366428881883621216e-01
2.846303023397922516e-02,4.592059925198554993e-02,-1.366428881883621216e-01
2.823643013834953308e-02,4.559811204671859741e-02,-1.368643790483474731e-01
2.823643013834953308e-02,4.559811204671859741e-02,-1.368643790483474731e-01
2.801088802516460419e-02,4.527507349848747253e-02,-1.370856910943984985e-01
2.801088802516460419e-02,4.527507349848747253e-02,-1.370856910943984985e-01
2.778640203177928925e-02,4.495148360729217529e-02,-1.373068541288375854e-01
2.778640203177928925e-02,4.495148360729217529e-02,-1.373068541288375854e-01
2.756297029554843903e-02,4.462733864784240723e-02,-1.375278532505035400e-01
2.756297029554843903e-02,4.462733864784240723e-02,-1.375278532505035400e-01
2.734059840440750122e-02,4.430264607071876526e-02,-1.377486735582351685e-01
2.734059840440750122e-02,4.430264607071876526e-02,-1.377486735582351685e-01
2.711927145719528198e-02,4.397740587592124939e-02,-1.379693448543548584e-01
2.711927145719528198e-02,4.397740587592124939e-02,-1.379693448543548584e-01
2.689900062978267670e-02,4.365161433815956116e-02,-1.381898373365402222e-01
2.689900062978267670e-02,4.365161433815956116e-02,-1.381898373365402222e-01
2.667977474629878998e-02,4.332526028156280518e-02,-1.384101659059524536e-01
2.667977474629878998e-02,4.332526028156280518e-02,-1.384101659059524536e-01
2.646160498261451721e-02,4.299835860729217529e-02,-1.386303156614303589e-01
2.646160498261451721e-02,4.299835860729217529e-02,-1.386303156614303589e-01
2.624447457492351532e-02,4.267091304063796997e-02,-1.388503015041351318e-01
2.624447457492351532e-02,4.267091304063796997e-02,-1.388503015041351318e-01
2.602839656174182892e-02,4.234291985630989075e-02,-1.390701234340667725e-01
2.602839656174182892e-02,4.234291985630989075e-02,-1.390701234340667725e-01
2.581335231661796570e-02,4.201436042785644531e-02,-1.392897665500640869e-01
2.581335231661796570e-02,4.201436042785644531e-02,-1.392897665500640869e-01
2.559935487806797028e-02,4.168524965643882751e-02,-1.395092308521270752e-01
2.559935487806797028e-02,4.168524965643882751e-02,-1.395092308521270752e-01
2.538640238344669342e-02,4.135559499263763428e-02,-1.397285163402557373e-01
2.538640238344669342e-02,4.135559499263763428e-02,-1.397285163402557373e-01
2.517448365688323975e-02,4.102538898587226868e-02,-1.399476230144500732e-01
2.517448365688323975e-02,4.102538898587226868e-02,-1.399476230144500732e-01
2.496360056102275848e-02,4.069462046027183533e-02,-1.401665508747100830e-01
2.496360056102275848e-02,4.069462046027183533e-02,-1.401665508747100830e-01
2.475376054644584656e-02,4.036330059170722961e-02,-1.403852850198745728e-01
2.475376054644584656e-02,4.036330059170722961e-02,-1.403852850198745728e-01
2.454495616257190704e-02,4.003142192959785461e-02,-1.406038403511047363e-01
2.454495616257190704e-02,4.003142192959785461e-02,-1.406038403511047363e-01
2.433717995882034302e-02,3.969900310039520264e-02,-1.408222168684005737e-01
2.433717995882034302e-02,3.969900310039520264e-02,-1.408222168684005737e-01
2.413042820990085602e-02,3.936602175235748291e-02,-1.410403847694396973e-01
2.413042820990085602e-02,3.936602175235748291e-02,-1.410403847694396973e-01
2.392471767961978912e-02,3.903248533606529236e-02,-1.412584036588668823e-01
2.392471767961978912e-02,3.903248533606529236e-02,-1.412584036588668823e-01
2.372003532946109772e-02,3.869840502738952637e-02,-1.414761841297149658e-01
2.372003532946109772e-02,3.869840502738952637e-02,-1.414761841297149658e-01
2.351637370884418488e-02,3.836375474929809570e-02,-1.416938006877899170e-01
2.351637370884418488e-02,3.836375474929809570e-02,-1.416938006877899170e-01
2.331374399363994598e-02,3.802856430411338806e-02,-1.419112235307693481e-01
2.331374399363994598e-02,3.802856430411338806e-02,-1.419112235307693481e-01
2.311214059591293335e-02,3.769281134009361267e-02,-1.421284377574920654e-01
2.311214059591293335e-02,3.769281134009361267e-02,-1.421284377574920654e-01
2.291155233979225159e-02,3.735651075839996338e-02,-1.423454731702804565e-01
2.291155233979225159e-02,3.735651075839996338e-02,-1.423454731702804565e-01
2.271199040114879608e-02,3.701964765787124634e-02,-1.425622999668121338e-01
2.271199040114879608e-02,3.701964765787124634e-02,-1.425622999668121338e-01
2.251344919204711914e-02,3.668223321437835693e-02,-1.427789479494094849e-01
2.251344919204711914e-02,3.668223321437835693e-02,-1.427789479494094849e-01
2.231592498719692230e-02,3.634426370263099670e-02,-1.429953724145889282e-01
2.231592498719692230e-02,3.634426370263099670e-02,-1.429953724145889282e-01
2.211941964924335480e-02,3.600573912262916565e-02,-1.432115882635116577e-01
2.211941964924335480e-02,3.600573912262916565e-02,-1.432115882635116577e-01
2.192392572760581970e-02,3.566666319966316223e-02,-1.434276252985000610e-01
2.192392572760581970e-02,3.566666319966316223e-02,-1.434276252985000610e-01
2.172945067286491394e-02,3.532702848315238953e-02,-1.436434537172317505e-01
2.172945067286491394e-02,3.532702848315238953e-02,-1.436434537172317505e-01
2.153598144650459290e-02,3.498683124780654907e-02,-1.438590586185455322e-01
2.153598144650459290e-02,3.498683124780654907e-02,-1.438590586185455322e-01
2.134352922439575195e-02,3.464608266949653625e-02,-1.440744698047637939e-01
2.134352922439575195e-02,3.464608266949653625e-02,-1.440744698047637939e-01
2.115208283066749573e-02,3.430478274822235107e-02,-1.442896574735641479e-01
2.115208283066749573e-02,3.430478274822235107e-02,-1.442896574735641479e-01
2.096165157854557037e-02,3.396291658282279968e-02,-1.445046514272689819e-01
2.096165157854557037e-02,3.396291658282279968e-02,-1.445046514272689819e-01
2.077222429215908051e-02,3.362049907445907593e-02,-1.447194218635559082e-01
2.077222429215908051e-02,3.362049907445907593e-02,-1.447194218635559082e-01
2.058379724621772766e-02,3.327752649784088135e-02,-1.449339836835861206e-01
2.058379724621772766e-02,3.327752649784088135e-02,-1.449339836835861206e-01
2.039637789130210876e-02,3.293399512767791748e-02,-1.451483070850372314e-01
2.039637789130210876e-02,3.293399512767791748e-02,-1.451483070850372314e-01
2.020996063947677612e-02,3.258990868926048279e-02,-1.453624367713928223e-01
2.020996063947677612e-02,3.258990868926048279e-02,-1.453624367713928223e-01
2.002453990280628204e-02,3.224526345729827881e-02,-1.455763429403305054e-01
2.002453990280628204e-02,3.224526345729827881e-02,-1.455763429403305054e-01
1.984012685716152191e-02,3.190006688237190247e-02,-1.457900255918502808e-01
1.984012685716152191e-02,3.190006688237190247e-02,-1.457900255918502808e-01
1.965670101344585419e-02,3.155430778861045837e-02,-1.460034847259521484e-01
1.965670101344585419e-02,3.155430778861045837e-02,-1.460034847259521484e-01
1.947427913546562195e-02,3.120798617601394653e-02,-1.462167203426361084e-01
1.947427913546562195e-02,3.120798617601394653e-02,-1.462167203426361084e-01
1.929285377264022827e-02,3.086110949516296387e-02,-1.464297473430633545e-01
1.929285377264022827e-02,3.086110949516296387e-02,-1.464297473430633545e-01
1.911241747438907623e-02,3.051367774605751038e-02,-1.466425210237503052e-01
1.911241747438907623e-02,3.051367774605751038e-02,-1.466425210237503052e-01
1.893297582864761353e-02,3.016568906605243683e-02,-1.468550860881805420e-01
1.893297582864761353e-02,3.016568906605243683e-02,-1.468550860881805420e-01
1.875451952219009399e-02,2.981713227927684784e-02,-1.470674276351928711e-01
1.875451952219009399e-02,2.981713227927684784e-02,-1.470674276351928711e-01
1.857705786824226379e-02,2.946802414953708649e-02,-1.472795158624649048e-01
1.857705786824226379e-02,2.946802414953708649e-02,-1.472795158624649048e-01
1.840058341622352600e-02,2.911836095154285431e-02,-1.474913805723190308e-01
1.840058341622352600e-02,2.911836095154285431e-02,-1.474913805723190308e-01
1.822509244084358215e-02,2.876813896000385284e-02,-1.477030068635940552e-01
1.822509244084358215e-02,2.876813896000385284e-02,-1.477030068635940552e-01
1.805059053003787994e-02,2.841735258698463440e-02,-1.479144096374511719e-01
1.805059053003787994e-02,2.841735258698463440e-02,-1.479144096374511719e-01
1.787706650793552399e-02,2.806601114571094513e-02,-1.481255739927291870e-01
1.787706650793552399e-02,2.806601114571094513e-02,-1.481255739927291870e-01
1.770452596247196198e-02,2.771410532295703888e-02,-1.483364999294281006e-01
1.770452596247196198e-02,2.771410532295703888e-02,-1.483364999294281006e-01
1.753296330571174622e-02,2.736163884401321411e-02,-1.485471725463867188e-01
1.753296330571174622e-02,2.736163884401321411e-02,-1.485471725463867188e-01
1.736238226294517517e-02,2.700862474739551544e-02,-1.487575918436050415e-01
1.736238226294517517e-02,2.700862474739551544e-02,-1.487575918436050415e-01
1.719277352094650269e-02,2.665503509342670441e-02,-1.489678174257278442e-01
1.719277352094650269e-02,2.665503509342670441e-02,-1.489678174257278442e-01
1.702414825558662415e-02,2.630089782178401947e-02,-1.491777747869491577e-01
1.702414825558662415e-02,2.630089782178401947e-02,-1.491777747869491577e-01
1.685649156570434570e-02,2.594619058072566986e-02,-1.493874639272689819e-01
1.685649156570434570e-02,2.594619058072566986e-02,-1.493874639272689819e-01
1.668981276452541351e-02,2.559093199670314789e-02,-1.495969295501708984e-01
1.668981276452541351e-02,2.559093199670314789e-02,-1.495969295501708984e-01
1.652409881353378296e-02,2.523511089384555817e-02,-1.498061269521713257e-01
1.652409881353378296e-02,2.523511089384555817e-02,-1.498061269521713257e-01
1.635935902595520020e-02,2.487872354686260223e-02,-1.500150859355926514e-01
1.635935902595520020e-02,2.487872354686260223e-02,-1.500150859355926514e-01
1.619558595120906830e-02,2.452178113162517548e-02,-1.502238065004348755e-01
1.619558595120906830e-02,2.452178113162517548e-02,-1.502238065004348755e-01
1.603277958929538727e-02,2.416427433490753174e-02,-1.504322290420532227e-01
1.603277958929538727e-02,2.416427433490753174e-02,-1.504322290420532227e-01
1.587094366550445557e-02,2.380621433258056641e-02,-1.506404429674148560e-01
1.587094366550445557e-02,2.380621433258056641e-02,-1.506404429674148560e-01
1.571006700396537781e-02,2.344758808612823486e-02,-1.508484035730361938e-01
1.571006700396537781e-02,2.344758808612823486e-02,-1.508484035730361938e-01
1.555015332996845245e-02,2.308839559555053711e-02,-1.510560512542724609e-01
1.555015332996845245e-02,2.308839559555053711e-02,-1.510560512542724609e-01
1.539119891822338104e-02,2.272864244878292084e-02,-1.512634903192520142e-01
1.539119891822338104e-02,2.272864244878292084e-02,-1.512634903192520142e-01
1.523320842534303665e-02,2.236833423376083374e-02,-1.514706611633300781e-01
1.523320842534303665e-02,2.236833423376083374e-02,-1.514706611633300781e-01
1.507616974413394928e-02,2.200745604932308197e-02,-1.516775488853454590e-01
1.507616974413394928e-02,2.200745604932308197e-02,-1.516775488853454590e-01
1.492009032517671585e-02,2.164601720869541168e-02,-1.518841832876205444e-01
1.492009032517671585e-02,2.164601720869541168e-02,-1.518841832876205444e-01
1.476496737450361252e-02,2.128401584923267365e-02,-1.520905643701553345e-01
1.476496737450361252e-02,2.128401584923267365e-02,-1.520905643701553345e-01
1.461079996079206467e-02,2.092145383358001709e-02,-1.522966474294662476e-01
1.461079996079206467e-02,2.092145383358001709e-02,-1.522966474294662476e-01
1.445758342742919922e-02,2.055833302438259125e-02,-1.525024920701980591e-01
1.445758342742919922e-02,2.055833302438259125e-02,-1.525024920701980591e-01
1.430531777441501617e-02,2.019464224576950073e-02,-1.527080386877059937e-01
1.430531777441501617e-02,2.019464224576950073e-02,-1.527080386877059937e-01
1.415399648249149323e-02,1.983039826154708862e-02,-1.529133319854736328e-01
1.415399648249149323e-02,1.983039826154708862e-02,-1.529133319854736328e-01
1.400362700223922729e-02,1.946558244526386261e-02,-1.531183570623397827e-01
1.400362700223922729e-02,1.946558244526386261e-02,-1.531183570623397827e-01
1.385420188307762146e-02,1.910020597279071808e-02,-1.533230990171432495e-01
1.385420188307762146e-02,1.910020597279071808e-02,-1.533230990171432495e-01
1.370572205632925034e-02,1.873426511883735657e-02,-1.535275727510452271e-01
1.370572205632925034e-02,1.873426511883735657e-02,-1.535275727510452271e-01
1.355818752199411392e-02,1.836776174604892731e-02,-1.537317633628845215e-01
1.355818752199411392e-02,1.836776174604892731e-02,-1.537317633628845215e-01
1.341159082949161530e-02,1.800069212913513184e-02,-1.539356559514999390e-01
1.341159082949161530e-02,1.800069212913513184e-02,-1.539356559514999390e-01
1.326593849807977676e-02,1.763306371867656708e-02,-1.541392803192138672e-01
1.326593849807977676e-02,1.763306371867656708e-02,-1.541392803192138672e-01
1.312122400850057602e-02,1.726486533880233765e-02,-1.543426364660263062e-01
1.312122400850057602e-02,1.726486533880233765e-02,-1.543426364660263062e-01
1.297744549810886383e-02,1.689610444009304047e-02,-1.545456945896148682e-01
1.297744549810886383e-02,1.689610444009304047e-02,-1.545456945896148682e-01
1.283460576087236404e-02,1.652678288519382477e-02,-1.547484695911407471e-01
1.283460576087236404e-02,1.652678288519382477e-02,-1.547484695911407471e-01
1.269269827753305435e-02,1.615689322352409363e-02,-1.549509316682815552e-01
1.269269827753305435e-02,1.615689322352409363e-02,-1.549509316682815552e-01
1.255172118544578552e-02,1.578644104301929474e-02,-1.551531702280044556e-01
1.255172118544578552e-02,1.578644104301929474e-02,-1.551531702280044556e-01
1.241168193519115448e-02,1.541541796177625656e-02,-1.553550660610198975e-01
1.241168193519115448e-02,1.541541796177625656e-02,-1.553550660610198975e-01
1.227256841957569122e-02,1.504383701831102371e-02,-1.555566787719726562e-01
1.227256841957569122e-02,1.504383701831102371e-02,-1.555566787719726562e-01
1.213438343256711960e-02,1.467168889939785004e-02,-1.557580083608627319e-01
1.213438343256711960e-02,1.467168889939785004e-02,-1.557580083608627319e-01
1.199712511152029037e-02,1.429897453635931015e-02,-1.559590250253677368e-01
1.199712511152029037e-02,1.429897453635931015e-02,-1.559590250253677368e-01
1.186079625040292740e-02,1.392569392919540405e-02,-1.561597883701324463e-01
1.186079625040292740e-02,1.392569392919540405e-02,-1.561597883701324463e-01
1.172538474202156067e-02,1.355184707790613174e-02,-1.563602089881896973e-01
1.172538474202156067e-02,1.355184707790613174e-02,-1.563602089881896973e-01
1.159090269356966019e-02,1.317743305116891861e-02,-1.565603613853454590e-01
1.159090269356966019e-02,1.317743305116891861e-02,-1.565603613853454590e-01
1.145733892917633057e-02,1.280245650559663773e-02,-1.567601859569549561e-01
1.145733892917633057e-02,1.280245650559663773e-02,-1.567601859569549561e-01
1.132469717413187027e-02,1.242691371589899063e-02,-1.569597423076629639e-01
1.132469717413187027e-02,1.242691371589899063e-02,-1.569597423076629639e-01
1.119296904653310776e-02,1.205080002546310425e-02,-1.571589708328247070e-01
1.119296904653310776e-02,1.205080002546310425e-02,-1.571589708328247070e-01
1.106215920299291611e-02,1.167411915957927704e-02,-1.573578864336013794e-01
1.106215920299291611e-02,1.167411915957927704e-02,-1.573578864336013794e-01
1.093226484954357147e-02,1.129687670618295670e-02,-1.575565040111541748e-01
1.093226484954357147e-02,1.129687670618295670e-02,-1.575565040111541748e-01
1.080328691750764847e-02,1.091906707733869553e-02,-1.577548384666442871e-01
1.080328691750764847e-02,1.091906707733869553e-02,-1.577548384666442871e-01
1.067522075027227402e-02,1.054068468511104584e-02,-1.579528450965881348e-01
1.067522075027227402e-02,1.054068468511104584e-02,-1.579528450965881348e-01
1.054806075990200043e-02,1.016174536198377609e-02,-1.581505089998245239e-01
1.054806075990200043e-02,1.016174536198377609e-02,-1.581505089998245239e-01
1.042181625962257385e-02,9.782229550182819366e-03,-1.583478897809982300e-01
1.042181625962257385e-02,9.782229550182819366e-03,-1.583478897809982300e-01
1.029647700488567352e-02,9.402146562933921814e-03,-1.585449725389480591e-01
1.029647700488567352e-02,9.402146562933921814e-03,-1.585449725389480591e-01
1.017204113304615021e-02,9.021499194204807281e-03,-1.587417125701904297e-01
1.017204113304615021e-02,9.021499194204807281e-03,-1.587417125701904297e-01
1.004851330071687698e-02,8.640281856060028076e-03,-1.589381545782089233e-01
1.004851330071687698e-02,8.640281856060028076e-03,-1.589381545782089233e-01
9.925891645252704620e-03,8.258497342467308044e-03,-1.591342687606811523e-01
9.925891645252704620e-03,8.258497342467308044e-03,-1.591342687606811523e-01
9.804167784750461578e-03,7.876143790781497955e-03,-1.593300402164459229e-01
9.804167784750461578e-03,7.876143790781497955e-03,-1.593300402164459229e-01
9.683345444500446320e-03,7.493221201002597809e-03,-1.595255285501480103e-01
9.683345444500446320e-03,7.493221201002597809e-03,-1.595255285501480103e-01
9.563419967889785767e-03,7.109729573130607605e-03,-1.597206741571426392e-01
9.563419967889785767e-03,7.109729573130607605e-03,-1.597206741571426392e-01
9.444396011531352997e-03,6.725675426423549652e-03,-1.599155068397521973e-01
9.444396011531352997e-03,6.725675426423549652e-03,-1.599155068397521973e-01
9.326266124844551086e-03,6.341046188026666641e-03,-1.601099818944931030e-01
9.326266124844551086e-03,6.341046188026666641e-03,-1.601099818944931030e-01
9.209030307829380035e-03,5.955846048891544342e-03,-1.603041589260101318e-01
9.209030307829380035e-03,5.955846048891544342e-03,-1.603041589260101318e-01
9.092691354453563690e-03,5.570084322243928909e-03,-1.604980230331420898e-01
9.092691354453563690e-03,5.570084322243928909e-03,-1.604980230331420898e-01
8.977239020168781281e-03,5.183746106922626495e-03,-1.606915146112442017e-01
8.977239020168781281e-03,5.183746106922626495e-03,-1.606915146112442017e-01
8.862678892910480499e-03,4.796839784830808640e-03,-1.608846932649612427e-01
8.862678892910480499e-03,4.796839784830808640e-03,-1.608846932649612427e-01
8.749009110033512115e-03,4.409366287291049957e-03,-1.610775291919708252e-01
8.749009110033512115e-03,4.409366287291049957e-03,-1.610775291919708252e-01
8.636223152279853821e-03,4.021320492029190063e-03,-1.612700372934341431e-01
8.636223152279853821e-03,4.021320492029190063e-03,-1.612700372934341431e-01
8.524325676262378693e-03,3.632704261690378189e-03,-1.614622175693511963e-01
8.524325676262378693e-03,3.632704261690378189e-03,-1.614622175693511963e-01
8.413312956690788269e-03,3.243519924581050873e-03,-1.616540551185607910e-01
8.413312956690788269e-03,3.243519924581050873e-03,-1.616540551185607910e-01
8.303183130919933319e-03,2.853764453902840614e-03,-1.618455499410629272e-01
8.303183130919933319e-03,2.853764453902840614e-03,-1.618455499410629272e-01
8.193933404982089996e-03,2.463434590026736259e-03,-1.620366871356964111e-01
8.193933404982089996e-03,2.463434590026736259e-03,-1.620366871356964111e-01
8.085564710199832916e-03,2.072541043162345886e-03,-1.622275114059448242e-01
8.085564710199832916e-03,2.072541043162345886e-03,-1.622275114059448242e-01
7.978068664669990540e-03,1.681070309132337570e-03,-1.624179631471633911e-01
7.978068664669990540e-03,1.681070309132337570e-03,-1.624179631471633911e-01
7.871455512940883636e-03,1.289030304178595543e-03,-1.626080721616744995e-01
7.871455512940883636e-03,1.289030304178595543e-03,-1.626080721616744995e-01
7.765715476125478745e-03,8.964203298091888428e-04,-1.627978533506393433e-01
7.765715476125478745e-03,8.964203298091888428e-04,-1.627978533506393433e-01
7.660851813852787018e-03,5.032366025261580944e-04,-1.629872620105743408e-01
7.660851813852787018e-03,5.032366025261580944e-04,-1.629872620105743408e-01
7.556857541203498840e-03,1.094835533876903355e-04,-1.631763428449630737e-01
7.556857541203498840e-03,1.094835533876903355e-04,-1.631763428449630737e-01
7.453736383467912674e-03,-2.848399744834750891e-04,-1.633650809526443481e-01
7.453736383467912674e-03,-2.848399744834750891e-04,-1.633650809526443481e-01
7.351485081017017365e-03,-6.797399837523698807e-04,-1.635534465312957764e-01
7.351485081017017365e-03,-6.797399837523698807e-04,-1.635534465312957764e-01
7.250101305544376373e-03,-1.075206091627478600e-03,-1.637414544820785522e-01
7.250101305544376373e-03,-1.075206091627478600e-03,-1.637414544820785522e-01
7.149583660066127777e-03,-1.471249153837561607e-03,-1.639290899038314819e-01
7.149583660066127777e-03,-1.471249153837561607e-03,-1.639290899038314819e-01
7.049931678920984268e-03,-1.867863931693136692e-03,-1.641163825988769531e-01
7.049931678920984268e-03,-1.867863931693136692e-03,-1.641163825988769531e-01
6.951142102479934692e-03,-2.265052869915962219e-03,-1.643033325672149658e-01
6.951142102479934692e-03,-2.265052869915962219e-03,-1.643033325672149658e-01
6.853213999420404434e-03,-2.662813523784279823e-03,-1.644898951053619385e-01
6.853213999420404434e-03,-2.662813523784279823e-03,-1.644898951053619385e-01
6.756150163710117340e-03,-3.061147173866629601e-03,-1.646761149168014526e-01
6.756150163710117340e-03,-3.061147173866629601e-03,-1.646761149168014526e-01
6.659943144768476486e-03,-3.460049862042069435e-03,-1.648619621992111206e-01
6.659943144768476486e-03,-3.460049862042069435e-03,-1.648619621992111206e-01
6.564595736563205719e-03,-3.859528806060552597e-03,-1.650474518537521362e-01
6.564595736563205719e-03,-3.859528806060552597e-03,-1.650474518537521362e-01
6.470100954174995422e-03,-4.259582143276929855e-03,-1.652325540781021118e-01
6.470100954174995422e-03,-4.259582143276929855e-03,-1.652325540781021118e-01
6.376463454216718674e-03,-4.660208709537982941e-03,-1.654173284769058228e-01
6.376463454216718674e-03,-4.660208709537982941e-03,-1.654173284769058228e-01
6.283679045736789703e-03,-5.061408504843711853e-03,-1.656016707420349121e-01
6.283679045736789703e-03,-5.061408504843711853e-03,-1.656016707420349121e-01
6.191747728735208511e-03,-5.463182460516691208e-03,-1.657857149839401245e-01
6.191747728735208511e-03,-5.463182460516691208e-03,-1.657857149839401245e-01
6.100666709244251251e-03,-5.865528713911771774e-03,-1.659693270921707153e-01
6.100666709244251251e-03,-5.865528713911771774e-03,-1.659693270921707153e-01
6.010431796312332153e-03,-6.268452387303113937e-03,-1.661525964736938477e-01
6.010431796312332153e-03,-6.268452387303113937e-03,-1.661525964736938477e-01
5.921045318245887756e-03,-6.671948358416557312e-03,-1.663354784250259399e-01
5.921045318245887756e-03,-6.671948358416557312e-03,-1.663354784250259399e-01
5.832505878061056137e-03,-7.076024077832698822e-03,-1.665179878473281860e-01
5.832505878061056137e-03,-7.076024077832698822e-03,-1.665179878473281860e-01
5.744812078773975372e-03,-7.480667438358068466e-03,-1.667001098394393921e-01
5.744812078773975372e-03,-7.480667438358068466e-03,-1.667001098394393921e-01
5.657956004142761230e-03,-7.885889150202274323e-03,-1.668818444013595581e-01
5.657956004142761230e-03,-7.885889150202274323e-03,-1.668818444013595581e-01
5.571947898715734482e-03,-8.291682228446006775e-03,-1.670632213354110718e-01
5.571947898715734482e-03,-8.291682228446006775e-03,-1.670632213354110718e-01
5.486775189638137817e-03,-8.698056451976299286e-03,-1.672441810369491577e-01
5.486775189638137817e-03,-8.698056451976299286e-03,-1.672441810369491577e-01
5.402442067861557007e-03,-9.105005301535129547e-03,-1.674247831106185913e-01
5.402442067861557007e-03,-9.105005301535129547e-03,-1.674247831106185913e-01
5.318950861692428589e-03,-9.512525983154773712e-03,-1.676049977540969849e-01
5.318950861692428589e-03,-9.512525983154773712e-03,-1.676049977540969849e-01
5.236288532614707947e-03,-9.920625016093254089e-03,-1.677847951650619507e-01
5.236288532614707947e-03,-9.920625016093254089e-03,-1.677847951650619507e-01
5.154463462531566620e-03,-1.032929867506027222e-02,-1.679642200469970703e-01
5.154463462531566620e-03,-1.032929867506027222e-02,-1.679642200469970703e-01
5.073466803878545761e-03,-1.073855068534612656e-02,-1.681432723999023438e-01
5.073466803878545761e-03,-1.073855068534612656e-02,-1.681432723999023438e-01
4.993308335542678833e-03,-1.114837732166051865e-02,-1.683219075202941895e-01
4.993308335542678833e-03,-1.114837732166051865e-02,-1.683219075202941895e-01
4.913975484669208527e-03,-1.155877672135829926e-02,-1.685001701116561890e-01
4.913975484669208527e-03,-1.155877672135829926e-02,-1.685001701116561890e-01
4.835472907871007919e-03,-1.196975260972976685e-02,-1.686780303716659546e-01
4.835472907871007919e-03,-1.196975260972976685e-02,-1.686780303716659546e-01
4.757793154567480087e-03,-1.238131430000066757e-02,-1.688554883003234863e-01
4.757793154567480087e-03,-1.238131430000066757e-02,-1.688554883003234863e-01
4.680944606661796570e-03,-1.279344689100980759e-02,-1.690325438976287842e-01
4.680944606661796570e-03,-1.279344689100980759e-02,-1.690325438976287842e-01
4.604917019605636597e-03,-1.320615876466035843e-02,-1.692091971635818481e-01
4.604917019605636597e-03,-1.320615876466035843e-02,-1.692091971635818481e-01
4.529710393399000168e-03,-1.361944619566202164e-02,-1.693854480981826782e-01
4.529710393399000168e-03,-1.361944619566202164e-02,-1.693854480981826782e-01
4.455324728041887283e-03,-1.403331197798252106e-02,-1.695613116025924683e-01
4.455324728041887283e-03,-1.403331197798252106e-02,-1.695613116025924683e-01
4.381761420518159866e-03,-1.444775331765413284e-02,-1.697367429733276367e-01
4.381761420518159866e-03,-1.444775331765413284e-02,-1.697367429733276367e-01
4.309013485908508301e-03,-1.486277580261230469e-02,-1.699117869138717651e-01
4.309013485908508301e-03,-1.486277580261230469e-02,-1.699117869138717651e-01
4.237082786858081818e-03,-1.527837011963129044e-02,-1.700864136219024658e-01
4.237082786858081818e-03,-1.527837011963129044e-02,-1.700864136219024658e-01
4.165968392044305801e-03,-1.569454744458198547e-02,-1.702606528997421265e-01
4.165968392044305801e-03,-1.569454744458198547e-02,-1.702606528997421265e-01
4.095661919564008713e-03,-1.611130312085151672e-02,-1.704344600439071655e-01
4.095661919564008713e-03,-1.611130312085151672e-02,-1.704344600439071655e-01
4.026173613965511322e-03,-1.652863994240760803e-02,-1.706078797578811646e-01
4.026173613965511322e-03,-1.652863994240760803e-02,-1.706078797578811646e-01
3.957496024668216705e-03,-1.694654673337936401e-02,-1.707808524370193481e-01
3.957496024668216705e-03,-1.694654673337936401e-02,-1.707808524370193481e-01
3.889624727889895439e-03,-1.736503653228282928e-02,-1.709534227848052979e-01
3.889624727889895439e-03,-1.736503653228282928e-02,-1.709534227848052979e-01
3.822558093816041946e-03,-1.778410933911800385e-02,-1.711255609989166260e-01
3.822558093816041946e-03,-1.778410933911800385e-02,-1.711255609989166260e-01
3.756304271519184113e-03,-1.820375211536884308e-02,-1.712973266839981079e-01
3.756304271519184113e-03,-1.820375211536884308e-02,-1.712973266839981079e-01
3.690849058330059052e-03,-1.862398535013198853e-02,-1.714686155319213867e-01
3.690849058330059052e-03,-1.862398535013198853e-02,-1.714686155319213867e-01
3.626199671998620033e-03,-1.904479041695594788e-02,-1.716395169496536255e-01
3.626199671998620033e-03,-1.904479041695594788e-02,-1.716395169496536255e-01
3.562355181202292442e-03,-1.946617662906646729e-02,-1.718100011348724365e-01
3.562355181202292442e-03,-1.946617662906646729e-02,-1.718100011348724365e-01
3.499305807054042816e-03,-1.988814398646354675e-02,-1.719800531864166260e-01
3.499305807054042816e-03,-1.988814398646354675e-02,-1.719800531864166260e-01
3.437057835981249809e-03,-2.031069248914718628e-02,-1.721496731042861938e-01
3.437057835981249809e-03,-2.031069248914718628e-02,-1.721496731042861938e-01
3.375604981556534767e-03,-2.073381841182708740e-02,-1.723188608884811401e-01
3.375604981556534767e-03,-2.073381841182708740e-02,-1.723188608884811401e-01
3.314948407933115959e-03,-2.115752175450325012e-02,-1.724876314401626587e-01
3.314948407933115959e-03,-2.115752175450325012e-02,-1.724876314401626587e-01
3.255090443417429924e-03,-2.158181369304656982e-02,-1.726559549570083618e-01
3.255090443417429924e-03,-2.158181369304656982e-02,-1.726559549570083618e-01
3.196018980816006660e-03,-2.200668305158615112e-02,-1.728238463401794434e-01
3.196018980816006660e-03,-2.200668305158615112e-02,-1.728238463401794434e-01
3.137745195999741554e-03,-2.243212796747684479e-02,-1.729913204908370972e-01
3.137745195999741554e-03,-2.243212796747684479e-02,-1.729913204908370972e-01
3.080255119130015373e-03,-2.285815961658954620e-02,-1.731583625078201294e-01
3.080255119130015373e-03,-2.285815961658954620e-02,-1.731583625078201294e-01
3.023557132109999657e-03,-2.328476868569850922e-02,-1.733249574899673462e-01
3.023557132109999657e-03,-2.328476868569850922e-02,-1.733249574899673462e-01
2.967645879834890366e-03,-2.371196076273918152e-02,-1.734910905361175537e-01
2.967645879834890366e-03,-2.371196076273918152e-02,-1.734910905361175537e-01
2.912521129474043846e-03,-2.413973398506641388e-02,-1.736568361520767212e-01
2.912521129474043846e-03,-2.413973398506641388e-02,-1.736568361520767212e-01
2.858180552721023560e-03,-2.456809021532535553e-02,-1.738220900297164917e-01
2.858180552721023560e-03,-2.456809021532535553e-02,-1.738220900297164917e-01
2.804617863148450851e-03,-2.499702572822570801e-02,-1.739869266748428345e-01
2.804617863148450851e-03,-2.499702572822570801e-02,-1.739869266748428345e-01
2.751842606812715530e-03,-2.542654424905776978e-02,-1.741513162851333618e-01
2.751842606812715530e-03,-2.542654424905776978e-02,-1.741513162851333618e-01
2.699842676520347595e-03,-2.585664391517639160e-02,-1.743152737617492676e-01
2.699842676520347595e-03,-2.585664391517639160e-02,-1.743152737617492676e-01
2.648618305101990700e-03,-2.628732658922672272e-02,-1.744787842035293579e-01
2.648618305101990700e-03,-2.628732658922672272e-02,-1.744787842035293579e-01
2.598176244646310806e-03,-2.671859040856361389e-02,-1.746418029069900513e-01
2.598176244646310806e-03,-2.671859040856361389e-02,-1.746418029069900513e-01
2.548508113250136375e-03,-2.715043909847736359e-02,-1.748043894767761230e-01
2.548508113250136375e-03,-2.715043909847736359e-02,-1.748043894767761230e-01
2.499610884115099907e-03,-2.758286520838737488e-02,-1.749665588140487671e-01
2.499610884115099907e-03,-2.758286520838737488e-02,-1.749665588140487671e-01
2.451487351208925247e-03,-2.801588177680969238e-02,-1.751282513141632080e-01
2.451487351208925247e-03,-2.801588177680969238e-02,-1.751282513141632080e-01
2.404134953394532204e-03,-2.844947949051856995e-02,-1.752894818782806396e-01
2.404134953394532204e-03,-2.844947949051856995e-02,-1.752894818782806396e-01
2.357549499720335007e-03,-2.888366207480430603e-02,-1.754502654075622559e-01
2.357549499720335007e-03,-2.888366207480430603e-02,-1.754502654075622559e-01
2.311737742274999619e-03,-2.931842394173145294e-02,-1.756105870008468628e-01
2.311737742274999619e-03,-2.931842394173145294e-02,-1.756105870008468628e-01
2.266688272356987000e-03,-2.975377067923545837e-02,-1.757704466581344604e-01
2.266688272356987000e-03,-2.975377067923545837e-02,-1.757704466581344604e-01
2.222402952611446381e-03,-3.018969856202602386e-02,-1.759298592805862427e-01
2.222402952611446381e-03,-3.018969856202602386e-02,-1.759298592805862427e-01
2.178882947191596031e-03,-3.062621690332889557e-02,-1.760887801647186279e-01
2.178882947191596031e-03,-3.062621690332889557e-02,-1.760887801647186279e-01
2.136120572686195374e-03,-3.106331452727317810e-02,-1.762472689151763916e-01
2.136120572686195374e-03,-3.106331452727317810e-02,-1.762472689151763916e-01
2.094121184200048447e-03,-3.150099888443946838e-02,-1.764052659273147583e-01
2.094121184200048447e-03,-3.150099888443946838e-02,-1.764052659273147583e-01
2.052884083241224289e-03,-3.193926438689231873e-02,-1.765628308057785034e-01
2.052884083241224289e-03,-3.193926438689231873e-02,-1.765628308057785034e-01
2.012400422245264053e-03,-3.237811475992202759e-02,-1.767199039459228516e-01
2.012400422245264053e-03,-3.237811475992202759e-02,-1.767199039459228516e-01
1.972674857825040817e-03,-3.281755000352859497e-02,-1.768765002489089966e-01
1.972674857825040817e-03,-3.281755000352859497e-02,-1.768765002489089966e-01
1.933703315444290638e-03,-3.325757384300231934e-02,-1.770326644182205200e-01
1.933703315444290638e-03,-3.325757384300231934e-02,-1.770326644182205200e-01
1.895482302643358707e-03,-3.369817510247230530e-02,-1.771883070468902588e-01
1.895482302643358707e-03,-3.369817510247230530e-02,-1.771883070468902588e-01
1.858015893958508968e-03,-3.413937240839004517e-02,-1.773435175418853760e-01
1.858015893958508968e-03,-3.413937240839004517e-02,-1.773435175418853760e-01
1.821298268623650074e-03,-3.458115085959434509e-02,-1.774982213973999023e-01
1.821298268623650074e-03,-3.458115085959434509e-02,-1.774982213973999023e-01
1.785330241546034813e-03,-3.502351418137550354e-02,-1.776524633169174194e-01
1.785330241546034813e-03,-3.502351418137550354e-02,-1.776524633169174194e-01
1.750106806866824627e-03,-3.546646237373352051e-02,-1.778062283992767334e-01
1.750106806866824627e-03,-3.546646237373352051e-02,-1.778062283992767334e-01
1.715634949505329132e-03,-3.590999171137809753e-02,-1.779594868421554565e-01
1.715634949505329132e-03,-3.590999171137809753e-02,-1.779594868421554565e-01
1.681899069808423519e-03,-3.635411709547042847e-02,-1.781122833490371704e-01
1.681899069808423519e-03,-3.635411709547042847e-02,-1.781122833490371704e-01
1.648912206292152405e-03,-3.679881989955902100e-02,-1.782645732164382935e-01
1.648912206292152405e-03,-3.679881989955902100e-02,-1.782645732164382935e-01
1.616663415916264057e-03,-3.724411502480506897e-02,-1.784164011478424072e-01
1.616663415916264057e-03,-3.724411502480506897e-02,-1.784164011478424072e-01
1.585155376233160496e-03,-3.768999129533767700e-02,-1.785677373409271240e-01
1.585155376233160496e-03,-3.768999129533767700e-02,-1.785677373409271240e-01
1.554385176859796047e-03,-3.813645988702774048e-02,-1.787185966968536377e-01
1.554385176859796047e-03,-3.813645988702774048e-02,-1.787185966968536377e-01
1.524351770058274269e-03,-3.858351334929466248e-02,-1.788689494132995605e-01
1.524351770058274269e-03,-3.858351334929466248e-02,-1.788689494132995605e-01
1.495056319981813431e-03,-3.903114795684814453e-02,-1.790188401937484741e-01
1.495056319981813431e-03,-3.903114795684814453e-02,-1.790188401937484741e-01
1.466489513404667377e-03,-3.947938233613967896e-02,-1.791681945323944092e-01
1.466489513404667377e-03,-3.947938233613967896e-02,-1.791681945323944092e-01
1.438658451661467552e-03,-3.992819786071777344e-02,-1.793170720338821411e-01
1.438658451661467552e-03,-3.992819786071777344e-02,-1.793170720338821411e-01
1.411559409461915493e-03,-4.037759825587272644e-02,-1.794654726982116699e-01
1.411559409461915493e-03,-4.037759825587272644e-02,-1.794654726982116699e-01
1.385188777931034565e-03,-4.082759097218513489e-02,-1.796133518218994141e-01
1.385188777931034565e-03,-4.082759097218513489e-02,-1.796133518218994141e-01
1.359545858576893806e-03,-4.127816855907440186e-02,-1.797607392072677612e-01
1.359545858576893806e-03,-4.127816855907440186e-02,-1.797607392072677612e-01
1.334628555923700333e-03,-4.172933474183082581e-02,-1.799076348543167114e-01
1.334628555923700333e-03,-4.172933474183082581e-02,-1.799076348543167114e-01
1.310436171479523182e-03,-4.218108579516410828e-02,-1.800540238618850708e-01
1.310436171479523182e-03,-4.218108579516410828e-02,-1.800540238618850708e-01
1.286966959014534950e-03,-4.263343289494514465e-02,-1.801999062299728394e-01
1.286966959014534950e-03,-4.263343289494514465e-02,-1.801999062299728394e-01
1.264223596081137657e-03,-4.308635741472244263e-02,-1.803452819585800171e-01
1.264223596081137657e-03,-4.308635741472244263e-02,-1.803452819585800171e-01
1.242198050022125244e-03,-4.353988170623779297e-02,-1.804901659488677979e-01
1.242198050022125244e-03,-4.353988170623779297e-02,-1.804901659488677979e-01
1.220890670083463192e-03,-4.399398714303970337e-02,-1.806345432996749878e-01
1.220890670083463192e-03,-4.399398714303970337e-02,-1.806345432996749878e-01
1.200301223434507847e-03,-4.444868862628936768e-02,-1.807783842086791992e-01
1.200301223434507847e-03,-4.444868862628936768e-02,-1.807783842086791992e-01
1.180429593659937382e-03,-4.490397498011589050e-02,-1.809217482805252075e-01
1.180429593659937382e-03,-4.490397498011589050e-02,-1.809217482805252075e-01
1.161271473392844200e-03,-4.535984992980957031e-02,-1.810645759105682373e-01
1.161271473392844200e-03,-4.535984992980957031e-02,-1.810645759105682373e-01
1.142823486588895321e-03,-4.581632465124130249e-02,-1.812068819999694824e-01
1.142823486588895321e-03,-4.581632465124130249e-02,-1.812068819999694824e-01
1.125090755522251129e-03,-4.627337306737899780e-02,-1.813487112522125244e-01
1.125090755522251129e-03,-4.627337306737899780e-02,-1.813487112522125244e-01
1.108069205656647682e-03,-4.673101752996444702e-02,-1.814899742603302002e-01
1.108069205656647682e-03,-4.673101752996444702e-02,-1.814899742603302002e-01
1.091755111701786518e-03,-4.718925803899765015e-02,-1.816307604312896729e-01
1.091755111701786518e-03,-4.718925803899765015e-02,-1.816307604312896729e-01
1.076147658750414848e-03,-4.764808341860771179e-02,-1.817710101604461670e-01
1.076147658750414848e-03,-4.764808341860771179e-02,-1.817710101604461670e-01
1.061246264725923538e-03,-4.810749366879463196e-02,-1.819107383489608765e-01
1.061246264725923538e-03,-4.810749366879463196e-02,-1.819107383489608765e-01
1.047050463967025280e-03,-4.856750741600990295e-02,-1.820499598979949951e-01
1.047050463967025280e-03,-4.856750741600990295e-02,-1.820499598979949951e-01
1.033558510243892670e-03,-4.902810230851173401e-02,-1.821886301040649414e-01
1.033558510243892670e-03,-4.902810230851173401e-02,-1.821886301040649414e-01
1.020763767883181572e-03,-4.948929324746131897e-02,-1.823267787694931030e-01
1.020763767883181572e-03,-4.948929324746131897e-02,-1.823267787694931030e-01
1.008672988973557949e-03,-4.995106905698776245e-02,-1.824644207954406738e-01
1.008672988973557949e-03,-4.995106905698776245e-02,-1.824644207954406738e-01
9.972783736884593964e-04,-5.041344463825225830e-02,-1.826015114784240723e-01
9.972783736884593964e-04,-5.041344463825225830e-02,-1.826015114784240723e-01
9.865831816568970680e-04,-5.087640136480331421e-02,-1.827380806207656860e-01
9.865831816568970680e-04,-5.087640136480331421e-02,-1.827380806207656860e-01
9.765810100361704826e-04,-5.133995413780212402e-02,-1.828741133213043213e-01
9.765810100361704826e-04,-5.133995413780212402e-02,-1.828741133213043213e-01
9.672746527940034866e-04,-5.180411040782928467e-02,-1.830096393823623657e-01
9.672746527940034866e-04,-5.180411040782928467e-02,-1.830096393823623657e-01
9.586593369022011757e-04,-5.226883292198181152e-02,-1.831445842981338501e-01
9.586593369022011757e-04,-5.226883292198181152e-02,-1.831445842981338501e-01
9.507330250926315784e-04,-5.273417010903358459e-02,-1.832790374755859375e-01
9.507330250926315784e-04,-5.273417010903358459e-02,-1.832790374755859375e-01
9.434999083168804646e-04,-5.320009589195251465e-02,-1.834129393100738525e-01
9.434999083168804646e-04,-5.320009589195251465e-02,-1.834129393100738525e-01
9.369541658088564873e-04,-5.366660654544830322e-02,-1.835462749004364014e-01
9.369541658088564873e-04,-5.366660654544830322e-02,-1.835462749004364014e-01
9.310950408689677715e-04,-5.413371324539184570e-02,-1.836791038513183594e-01
9.310950408689677715e-04,-5.413371324539184570e-02,-1.836791038513183594e-01
9.259216603823006153e-04,-5.460141226649284363e-02,-1.838113516569137573e-01
9.259216603823006153e-04,-5.460141226649284363e-02,-1.838113516569137573e-01
9.214307065121829510e-04,-5.506970360875129700e-02,-1.839430779218673706e-01
9.214307065121829510e-04,-5.506970360875129700e-02,-1.839430779218673706e-01
9.176217135973274708e-04,-5.553857982158660889e-02,-1.840742677450180054e-01
9.176217135973274708e-04,-5.553857982158660889e-02,-1.840742677450180054e-01
9.144954383373260498e-04,-5.600807070732116699e-02,-1.842049211263656616e-01
9.144954383373260498e-04,-5.600807070732116699e-02,-1.842049211263656616e-01
9.120483300648629665e-04,-5.647814273834228516e-02,-1.843349933624267578e-01
9.120483300648629665e-04,-5.647814273834228516e-02,-1.843349933624267578e-01
9.102763142436742783e-04,-5.694880336523056030e-02,-1.844645291566848755e-01
9.102763142436742783e-04,-5.694880336523056030e-02,-1.844645291566848755e-01
9.091823594644665718e-04,-5.742006748914718628e-02,-1.845935136079788208e-01
9.091823594644665718e-04,-5.742006748914718628e-02,-1.845935136079788208e-01
9.087620419450104237e-04,-5.789192020893096924e-02,-1.847219318151473999e-01
9.087620419450104237e-04,-5.789192020893096924e-02,-1.847219318151473999e-01
9.090165258385241032e-04,-5.836436524987220764e-02,-1.848498433828353882e-01
9.090165258385241032e-04,-5.836436524987220764e-02,-1.848498433828353882e-01
9.099427843466401100e-04,-5.883740633726119995e-02,-1.849771291017532349e-01
9.099427843466401100e-04,-5.883740633726119995e-02,-1.849771291017532349e-01
9.115394204854965210e-04,-5.931103974580764771e-02,-1.851039081811904907e-01
9.115394204854965210e-04,-5.931103974580764771e-02,-1.851039081811904907e-01
9.138036402873694897e-04,-5.978526920080184937e-02,-1.852301210165023804e-01
9.138036402873694897e-04,-5.978526920080184937e-02,-1.852301210165023804e-01
9.167385869659483433e-04,-6.026009470224380493e-02,-1.853557527065277100e-01
9.167385869659483433e-04,-6.026009470224380493e-02,-1.853557527065277100e-01
9.203351219184696674e-04,-6.073551252484321594e-02,-1.854808479547500610e-01
9.203351219184696674e-04,-6.073551252484321594e-02,-1.854808479547500610e-01
9.246003464795649052e-04,-6.121152639389038086e-02,-1.856053471565246582e-01
9.246003464795649052e-04,-6.121152639389038086e-02,-1.856053471565246582e-01
9.295272175222635269e-04,-6.168814375996589661e-02,-1.857292950153350830e-01
9.295272175222635269e-04,-6.168814375996589661e-02,-1.857292950153350830e-01
9.351148619316518307e-04,-6.216534227132797241e-02,-1.858527064323425293e-01
9.351148619316518307e-04,-6.216534227132797241e-02,-1.858527064323425293e-01
9.413624648004770279e-04,-6.264314800500869751e-02,-1.859755218029022217e-01
9.413624648004770279e-04,-6.264314800500869751e-02,-1.859755218029022217e-01
9.482710738666355610e-04,-6.312154233455657959e-02,-1.860977411270141602e-01
9.482710738666355610e-04,-6.312154233455657959e-02,-1.860977411270141602e-01
9.558336460031569004e-04,-6.360054016113281250e-02,-1.862194538116455078e-01
9.558336460031569004e-04,-6.360054016113281250e-02,-1.862194538116455078e-01
9.640523348934948444e-04,-6.408012658357620239e-02,-1.863405257463455200e-01
9.640523348934948444e-04,-6.408012658357620239e-02,-1.863405257463455200e-01
9.729259763844311237e-04,-6.456030905246734619e-02,-1.864610910415649414e-01
9.729259763844311237e-04,-6.456030905246734619e-02,-1.864610910415649414e-01
9.824535809457302094e-04,-6.504108756780624390e-02,-1.865810155868530273e-01
9.824535809457302094e-04,-6.504108756780624390e-02,-1.865810155868530273e-01
9.926311904564499855e-04,-6.552246212959289551e-02,-1.867004036903381348e-01
9.926311904564499855e-04,-6.552246212959289551e-02,-1.867004036903381348e-01
1.003458979539573193e-03,-6.600444018840789795e-02,-1.868191957473754883e-01
1.003458979539573193e-03,-6.600444018840789795e-02,-1.868191957473754883e-01
1.014936249703168869e-03,-6.648701429367065430e-02,-1.869374215602874756e-01
1.014936249703168869e-03,-6.648701429367065430e-02,-1.869374215602874756e-01
1.027057529427111149e-03,-6.697017699480056763e-02,-1.870550513267517090e-01
1.027057529427111149e-03,-6.697017699480056763e-02,-1.870550513267517090e-01
1.039824448525905609e-03,-6.745394319295883179e-02,-1.871720999479293823e-01
1.039824448525905609e-03,-6.745394319295883179e-02,-1.871720999479293823e-01
1.053239335305988789e-03,-6.793830543756484985e-02,-1.872885674238204956e-01
1.053239335305988789e-03,-6.793830543756484985e-02,-1.872885674238204956e-01
1.067293807864189148e-03,-6.842327117919921875e-02,-1.874044537544250488e-01
1.067293807864189148e-03,-6.842327117919921875e-02,-1.874044537544250488e-01
1.081988448277115822e-03,-6.890882551670074463e-02,-1.875197291374206543e-01
1.081988448277115822e-03,-6.890882551670074463e-02,-1.875197291374206543e-01
1.097324420697987080e-03,-6.939498335123062134e-02,-1.876344680786132812e-01
1.097324420697987080e-03,-6.939498335123062134e-02,-1.876344680786132812e-01
1.113295555114746094e-03,-6.988174468278884888e-02,-1.877485811710357666e-01
1.113295555114746094e-03,-6.988174468278884888e-02,-1.877485811710357666e-01
1.129905343987047672e-03,-7.036908715963363647e-02,-1.878620982170104980e-01
1.129905343987047672e-03,-7.036908715963363647e-02,-1.878620982170104980e-01
1.147150294855237007e-03,-7.085704058408737183e-02,-1.879750043153762817e-01
1.147150294855237007e-03,-7.085704058408737183e-02,-1.879750043153762817e-01
1.165025518275797367e-03,-7.134559005498886108e-02,-1.880873441696166992e-01
1.165025518275797367e-03,-7.134559005498886108e-02,-1.880873441696166992e-01
1.183537184260785580e-03,-7.183473557233810425e-02,-1.881990730762481689e-01
1.183537184260785580e-03,-7.183473557233810425e-02,-1.881990730762481689e-01
1.202678540721535683e-03,-7.232447713613510132e-02,-1.883102208375930786e-01
1.202678540721535683e-03,-7.232447713613510132e-02,-1.883102208375930786e-01
1.222446910105645657e-03,-7.281482964754104614e-02,-1.884207427501678467e-01
1.222446910105645657e-03,-7.281482964754104614e-02,-1.884207427501678467e-01
1.242844504304230213e-03,-7.330577075481414795e-02,-1.885306835174560547e-01
1.242844504304230213e-03,-7.330577075481414795e-02,-1.885306835174560547e-01
1.263868063688278198e-03,-7.379732280969619751e-02,-1.886400282382965088e-01
1.263868063688278198e-03,-7.379732280969619751e-02,-1.886400282382965088e-01
1.285517471842467785e-03,-7.428945600986480713e-02,-1.887487322092056274e-01
1.285517471842467785e-03,-7.428945600986480713e-02,-1.887487322092056274e-01
1.307787839323282242e-03,-7.478220015764236450e-02,-1.888568550348281860e-01
1.307787839323282242e-03,-7.478220015764236450e-02,-1.888568550348281860e-01
1.330680912360548973e-03,-7.527555525302886963e-02,-1.889643818140029907e-01
1.330680912360548973e-03,-7.527555525302886963e-02,-1.889643818140029907e-01
1.354197040200233459e-03,-7.576948404312133789e-02,-1.890712976455688477e-01
1.354197040200233459e-03,-7.576948404312133789e-02,-1.890712976455688477e-01
1.378325396217405796e-03,-7.626403868198394775e-02,-1.891775876283645630e-01
1.378325396217405796e-03,-7.626403868198394775e-02,-1.891775876283645630e-01
1.403076341375708580e-03,-7.675917446613311768e-02,-1.892832517623901367e-01
1.403076341375708580e-03,-7.675917446613311768e-02,-1.892832517623901367e-01
1.428443938493728638e-03,-7.725492119789123535e-02,-1.893883347511291504e-01
1.428443938493728638e-03,-7.725492119789123535e-02,-1.893883347511291504e-01
1.454423181712627411e-03,-7.775126397609710693e-02,-1.894927620887756348e-01
1.454423181712627411e-03,-7.775126397609710693e-02,-1.894927620887756348e-01
1.481012906879186630e-03,-7.824821770191192627e-02,-1.895966231822967529e-01
1.481012906879186630e-03,-7.824821770191192627e-02,-1.895966231822967529e-01
1.508219749666750431e-03,-7.874576747417449951e-02,-1.896998435258865356e-01
1.508219749666750431e-03,-7.874576747417449951e-02,-1.896998435258865356e-01
1.536032767035067081e-03,-7.924390584230422974e-02,-1.898024231195449829e-01
1.536032767035067081e-03,-7.924390584230422974e-02,-1.898024231195449829e-01
1.564456266351044178e-03,-7.974264770746231079e-02,-1.899044215679168701e-01
1.564456266351044178e-03,-7.974264770746231079e-02,-1.899044215679168701e-01
1.593486522324383259e-03,-8.024200052022933960e-02,-1.900057792663574219e-01
1.593486522324383259e-03,-8.024200052022933960e-02,-1.900057792663574219e-01
1.623122952878475189e-03,-8.074195683002471924e-02,-1.901064962148666382e-01
1.623122952878475189e-03,-8.074195683002471924e-02,-1.901064962148666382e-01
1.653361017815768719e-03,-8.124250918626785278e-02,-1.902066022157669067e-01
1.653361017815768719e-03,-8.124250918626785278e-02,-1.902066022157669067e-01
1.684202114120125771e-03,-8.174367249011993408e-02,-1.903060972690582275e-01
1.684202114120125771e-03,-8.174367249011993408e-02,-1.903060972690582275e-01
1.715646474622189999e-03,-8.224543184041976929e-02,-1.904049217700958252e-01
1.715646474622189999e-03,-8.224543184041976929e-02,-1.904049217700958252e-01
1.747688278555870056e-03,-8.274779468774795532e-02,-1.905031502246856689e-01
1.747688278555870056e-03,-8.274779468774795532e-02,-1.905031502246856689e-01
1.780328457243740559e-03,-8.325075358152389526e-02,-1.906007379293441772e-01
1.780328457243740559e-03,-8.325075358152389526e-02,-1.906007379293441772e-01
1.813567127101123333e-03,-8.375432342290878296e-02,-1.906976848840713501e-01
1.813567127101123333e-03,-8.375432342290878296e-02,-1.906976848840713501e-01
1.847399864345788956e-03,-8.425848186016082764e-02,-1.907939910888671875e-01
1.847399864345788956e-03,-8.425848186016082764e-02,-1.907939910888671875e-01
1.881826086901128292e-03,-8.476325869560241699e-02,-1.908897012472152710e-01
1.881826086901128292e-03,-8.476325869560241699e-02,-1.908897012472152710e-01
1.916845329105854034e-03,-8.526863157749176025e-02,-1.909847408533096313e-01
1.916845329105854034e-03,-8.526863157749176025e-02,-1.909847408533096313e-01
1.952452585101127625e-03,-8.577460795640945435e-02,-1.910791248083114624e-01
1.952452585101127625e-03,-8.577460795640945435e-02,-1.910791248083114624e-01
1.988652860745787621e-03,-8.628118783235549927e-02,-1.911728978157043457e-01
1.988652860745787621e-03,-8.628118783235549927e-02,-1.911728978157043457e-01
2.025438938289880753e-03,-8.678838610649108887e-02,-1.912660300731658936e-01
2.025438938289880753e-03,-8.678838610649108887e-02,-1.912660300731658936e-01
2.062812447547912598e-03,-8.729617297649383545e-02,-1.913585066795349121e-01
2.062812447547912598e-03,-8.729617297649383545e-02,-1.913585066795349121e-01
2.100770128890872002e-03,-8.780456334352493286e-02,-1.914503425359725952e-01
2.100770128890872002e-03,-8.780456334352493286e-02,-1.914503425359725952e-01
2.139312680810689926e-03,-8.831356465816497803e-02,-1.915415376424789429e-01
2.139312680810689926e-03,-8.831356465816497803e-02,-1.915415376424789429e-01
2.178434282541275024e-03,-8.882316946983337402e-02,-1.916320621967315674e-01
2.178434282541275024e-03,-8.882316946983337402e-02,-1.916320621967315674e-01
2.218139590695500374e-03,-8.933337032794952393e-02,-1.917219460010528564e-01
2.218139590695500374e-03,-8.933337032794952393e-02,-1.917219460010528564e-01
2.258420456200838089e-03,-8.984418958425521851e-02,-1.918112039566040039e-01
2.258420456200838089e-03,-8.984418958425521851e-02,-1.918112039566040039e-01
2.299279207363724709e-03,-9.035559743642807007e-02,-1.918997615575790405e-01
2.299279207363724709e-03,-9.035559743642807007e-02,-1.918997615575790405e-01
2.340719103813171387e-03,-9.086762368679046631e-02,-1.919876933097839355e-01
2.340719103813171387e-03,-9.086762368679046631e-02,-1.919876933097839355e-01
2.382728271186351776e-03,-9.138023853302001953e-02,-1.920749843120574951e-01
2.382728271186351776e-03,-9.138023853302001953e-02,-1.920749843120574951e-01
2.425312763080000877e-03,-9.189347177743911743e-02,-1.921615898609161377e-01
2.425312763080000877e-03,-9.189347177743911743e-02,-1.921615898609161377e-01
2.468468388542532921e-03,-9.240731596946716309e-02,-1.922475546598434448e-01
2.468468388542532921e-03,-9.240731596946716309e-02,-1.922475546598434448e-01
2.512193750590085983e-03,-9.292175620794296265e-02,-1.923328340053558350e-01
2.512193750590085983e-03,-9.292175620794296265e-02,-1.923328340053558350e-01
2.556487917900085449e-03,-9.343680739402770996e-02,-1.924175024032592773e-01
2.556487917900085449e-03,-9.343680739402770996e-02,-1.924175024032592773e-01
2.601349959149956703e-03,-9.395245462656021118e-02,-1.925014704465866089e-01
2.601349959149956703e-03,-9.395245462656021118e-02,-1.925014704465866089e-01
2.646775916218757629e-03,-9.446871280670166016e-02,-1.925847679376602173e-01
2.646775916218757629e-03,-9.446871280670166016e-02,-1.925847679376602173e-01
2.692768350243568420e-03,-9.498558938503265381e-02,-1.926673948764801025e-01
2.692768350243568420e-03,-9.498558938503265381e-02,-1.926673948764801025e-01
2.739322371780872345e-03,-9.550306200981140137e-02,-1.927493661642074585e-01
2.739322371780872345e-03,-9.550306200981140137e-02,-1.927493661642074585e-01
2.786438679322600365e-03,-9.602114558219909668e-02,-1.928306668996810913e-01
2.786438679322600365e-03,-9.602114558219909668e-02,-1.928306668996810913e-01
2.834112849086523056e-03,-9.653983265161514282e-02,-1.929113119840621948e-01
2.834112849086523056e-03,-9.653983265161514282e-02,-1.929113119840621948e-01
2.882346510887145996e-03,-9.705912321805953979e-02,-1.929912716150283813e-01
2.882346510887145996e-03,-9.705912321805953979e-02,-1.929912716150283813e-01
2.931135939434170723e-03,-9.757901728153228760e-02,-1.930705457925796509e-01
2.931135939434170723e-03,-9.757901728153228760e-02,-1.930705457925796509e-01
2.980481833219528198e-03,-9.809952974319458008e-02,-1.931491643190383911e-01
2.980481833219528198e-03,-9.809952974319458008e-02,-1.931491643190383911e-01
3.030381863936781883e-03,-9.862065315246582031e-02,-1.932270973920822144e-01
3.030381863936781883e-03,-9.862065315246582031e-02,-1.932270973920822144e-01
3.080834401771426201e-03,-9.914236515760421753e-02,-1.933043301105499268e-01
3.080834401771426201e-03,-9.914236515760421753e-02,-1.933043301105499268e-01
3.131838981062173843e-03,-9.966469556093215942e-02,-1.933809220790863037e-01
3.131838981062173843e-03,-9.966469556093215942e-02,-1.933809220790863037e-01
3.183391178026795387e-03,-1.001876443624496460e-01,-1.934567987918853760e-01
3.183391178026795387e-03,-1.001876443624496460e-01,-1.934567987918853760e-01
3.235489595681428909e-03,-1.007111966609954834e-01,-1.935320198535919189e-01
3.235489595681428909e-03,-1.007111966609954834e-01,-1.935320198535919189e-01
3.288137493655085564e-03,-1.012353450059890747e-01,-1.936065554618835449e-01
3.288137493655085564e-03,-1.012353450059890747e-01,-1.936065554618835449e-01
3.341331146657466888e-03,-1.017601117491722107e-01,-1.936803758144378662e-01
3.341331146657466888e-03,-1.017601117491722107e-01,-1.936803758144378662e-01
3.395067993551492691e-03,-1.022854894399642944e-01,-1.937535405158996582e-01
3.395067993551492691e-03,-1.022854894399642944e-01,-1.937535405158996582e-01
3.449343377724289894e-03,-1.028114631772041321e-01,-1.938259899616241455e-01
3.449343377724289894e-03,-1.028114631772041321e-01,-1.938259899616241455e-01
3.504163818433880806e-03,-1.033380627632141113e-01,-1.938977688550949097e-01
3.504163818433880806e-03,-1.033380627632141113e-01,-1.938977688550949097e-01
3.559523029252886772e-03,-1.038652583956718445e-01,-1.939688324928283691e-01
3.559523029252886772e-03,-1.038652583956718445e-01,-1.939688324928283691e-01
3.615417052060365677e-03,-1.043930649757385254e-01,-1.940392106771469116e-01
3.615417052060365677e-03,-1.043930649757385254e-01,-1.940392106771469116e-01
3.671847982332110405e-03,-1.049214825034141541e-01,-1.941089183092117310e-01
3.671847982332110405e-03,-1.049214825034141541e-01,-1.941089183092117310e-01
3.728816518560051918e-03,-1.054505184292793274e-01,-1.941779255867004395e-01
3.728816518560051918e-03,-1.054505184292793274e-01,-1.941779255867004395e-01
3.786313580349087715e-03,-1.059801578521728516e-01,-1.942462027072906494e-01
3.786313580349087715e-03,-1.059801578521728516e-01,-1.942462027072906494e-01
3.844346618279814720e-03,-1.065104007720947266e-01,-1.943137943744659424e-01
3.844346618279814720e-03,-1.065104007720947266e-01,-1.943137943744659424e-01
3.902908880263566971e-03,-1.070412620902061462e-01,-1.943806707859039307e-01
3.902908880263566971e-03,-1.070412620902061462e-01,-1.943806707859039307e-01
3.961997106671333313e-03,-1.075727194547653198e-01,-1.944468766450881958e-01
3.961997106671333313e-03,-1.075727194547653198e-01,-1.944468766450881958e-01
4.021615721285343170e-03,-1.081048026680946350e-01,-1.945123672485351562e-01
4.021615721285343170e-03,-1.081048026680946350e-01,-1.945123672485351562e-01
4.081759601831436157e-03,-1.086375042796134949e-01,-1.945771425962448120e-01
4.081759601831436157e-03,-1.086375042796134949e-01,-1.945771425962448120e-01
4.142429213970899582e-03,-1.091707944869995117e-01,-1.946412175893783569e-01
4.142429213970899582e-03,-1.091707944869995117e-01,-1.946412175893783569e-01
4.203618969768285751e-03,-1.097047030925750732e-01,-1.947045773267745972e-01
4.203618969768285751e-03,-1.097047030925750732e-01,-1.947045773267745972e-01
4.265332128852605820e-03,-1.102392226457595825e-01,-1.947672367095947266e-01
4.265332128852605820e-03,-1.102392226457595825e-01,-1.947672367095947266e-01
4.327564500272274017e-03,-1.107743680477142334e-01,-1.948291659355163574e-01
4.327564500272274017e-03,-1.107743680477142334e-01,-1.948291659355163574e-01
4.390317015349864960e-03,-1.113101169466972351e-01,-1.948904097080230713e-01
4.390317015349864960e-03,-1.113101169466972351e-01,-1.948904097080230713e-01
4.453583154827356339e-03,-1.118464693427085876e-01,-1.949509084224700928e-01
4.453583154827356339e-03,-1.118464693427085876e-01,-1.949509084224700928e-01
4.517369437962770462e-03,-1.123834326863288879e-01,-1.950107216835021973e-01
4.517369437962770462e-03,-1.123834326863288879e-01,-1.950107216835021973e-01
4.581665154546499252e-03,-1.129210144281387329e-01,-1.950697898864746094e-01
4.581665154546499252e-03,-1.129210144281387329e-01,-1.950697898864746094e-01
4.646477289497852325e-03,-1.134592145681381226e-01,-1.951281577348709106e-01
4.646477289497852325e-03,-1.134592145681381226e-01,-1.951281577348709106e-01
4.711798392236232758e-03,-1.139980182051658630e-01,-1.951857805252075195e-01
4.711798392236232758e-03,-1.139980182051658630e-01,-1.951857805252075195e-01
4.777630791068077087e-03,-1.145374327898025513e-01,-1.952427029609680176e-01
4.777630791068077087e-03,-1.145374327898025513e-01,-1.952427029609680176e-01
4.843969829380512238e-03,-1.150774657726287842e-01,-1.952988952398300171e-01
4.843969829380512238e-03,-1.150774657726287842e-01,-1.952988952398300171e-01
4.910815507173538208e-03,-1.156181097030639648e-01,-1.953543573617935181e-01
4.910815507173538208e-03,-1.156181097030639648e-01,-1.953543573617935181e-01
4.978169221431016922e-03,-1.161593645811080933e-01,-1.954091042280197144e-01
4.978169221431016922e-03,-1.161593645811080933e-01,-1.954091042280197144e-01
5.046024452894926071e-03,-1.167012453079223633e-01,-1.954630911350250244e-01
5.046024452894926071e-03,-1.167012453079223633e-01,-1.954630911350250244e-01
5.114380270242691040e-03,-1.172437071800231934e-01,-1.955163925886154175e-01
5.114380270242691040e-03,-1.172437071800231934e-01,-1.955163925886154175e-01
5.183236207813024521e-03,-1.177868172526359558e-01,-1.955689489841461182e-01
5.183236207813024521e-03,-1.177868172526359558e-01,-1.955689489841461182e-01
5.252595990896224976e-03,-1.183305308222770691e-01,-1.956207603216171265e-01
5.252595990896224976e-03,-1.183305308222770691e-01,-1.956207603216171265e-01
5.322451237589120865e-03,-1.188748627901077271e-01,-1.956718415021896362e-01
5.322451237589120865e-03,-1.188748627901077271e-01,-1.956718415021896362e-01
5.392803810536861420e-03,-1.194197908043861389e-01,-1.957221925258636475e-01
5.392803810536861420e-03,-1.194197908043861389e-01,-1.957221925258636475e-01
5.463651381433010101e-03,-1.199653446674346924e-01,-1.957718133926391602e-01
5.463651381433010101e-03,-1.199653446674346924e-01,-1.957718133926391602e-01
5.534990690648555756e-03,-1.205115094780921936e-01,-1.958206593990325928e-01
5.534990690648555756e-03,-1.205115094780921936e-01,-1.958206593990325928e-01
5.606824532151222229e-03,-1.210582926869392395e-01,-1.958687901496887207e-01
5.606824532151222229e-03,-1.210582926869392395e-01,-1.958687901496887207e-01
5.679148714989423752e-03,-1.216057017445564270e-01,-1.959161907434463501e-01
5.679148714989423752e-03,-1.216057017445564270e-01,-1.959161907434463501e-01
5.751959048211574554e-03,-1.221536919474601746e-01,-1.959628313779830933e-01
5.751959048211574554e-03,-1.221536919474601746e-01,-1.959628313779830933e-01
5.825256463140249252e-03,-1.227023229002952576e-01,-1.960087120532989502e-01
5.825256463140249252e-03,-1.227023229002952576e-01,-1.960087120532989502e-01
5.899043753743171692e-03,-1.232515498995780945e-01,-1.960538774728775024e-01
5.899043753743171692e-03,-1.232515498995780945e-01,-1.960538774728775024e-01
5.973313935101032257e-03,-1.238014250993728638e-01,-1.960982829332351685e-01
5.973313935101032257e-03,-1.238014250993728638e-01,-1.960982829332351685e-01
6.048067938536405563e-03,-1.243518963456153870e-01,-1.961419135332107544e-01
6.048067938536405563e-03,-1.243518963456153870e-01,-1.961419135332107544e-01
6.123300176113843918e-03,-1.249029785394668579e-01,-1.961848139762878418e-01
6.123300176113843918e-03,-1.249029785394668579e-01,-1.961848139762878418e-01
6.199016701430082321e-03,-1.254546791315078735e-01,-1.962269693613052368e-01
6.199016701430082321e-03,-1.254546791315078735e-01,-1.962269693613052368e-01
6.275210063904523849e-03,-1.260069906711578369e-01,-1.962683647871017456e-01
6.275210063904523849e-03,-1.260069906711578369e-01,-1.962683647871017456e-01
6.351879797875881195e-03,-1.265599280595779419e-01,-1.963090002536773682e-01
6.351879797875881195e-03,-1.265599280595779419e-01,-1.963090002536773682e-01
6.429026369005441666e-03,-1.271134763956069946e-01,-1.963488906621932983e-01
6.429026369005441666e-03,-1.271134763956069946e-01,-1.963488906621932983e-01
6.506647448986768723e-03,-1.276676505804061890e-01,-1.963880062103271484e-01
6.506647448986768723e-03,-1.276676505804061890e-01,-1.963880062103271484e-01
6.584742572158575058e-03,-1.282224208116531372e-01,-1.964263767004013062e-01
6.584742572158575058e-03,-1.282224208116531372e-01,-1.964263767004013062e-01
6.663307547569274902e-03,-1.287778466939926147e-01,-1.964639872312545776e-01
6.663307547569274902e-03,-1.287778466939926147e-01,-1.964639872312545776e-01
6.742340512573719025e-03,-1.293338537216186523e-01,-1.965008229017257690e-01
6.742340512573719025e-03,-1.293338537216186523e-01,-1.965008229017257690e-01
6.821845658123493195e-03,-1.298904865980148315e-01,-1.965368837118148804e-01
6.821845658123493195e-03,-1.298904865980148315e-01,-1.965368837118148804e-01
6.901816464960575104e-03,-1.304477453231811523e-01,-1.965721994638442993e-01
6.901816464960575104e-03,-1.304477453231811523e-01,-1.965721994638442993e-01
6.982249207794666290e-03,-1.310056000947952271e-01,-1.966067254543304443e-01
6.982249207794666290e-03,-1.310056000947952271e-01,-1.966067254543304443e-01
7.063149940222501755e-03,-1.315640956163406372e-01,-1.966404914855957031e-01
7.063149940222501755e-03,-1.315640956163406372e-01,-1.966404914855957031e-01
7.144509814679622650e-03,-1.321232020854949951e-01,-1.966734975576400757e-01
7.144509814679622650e-03,-1.321232020854949951e-01,-1.966734975576400757e-01
7.226336281746625900e-03,-1.326829344034194946e-01,-1.967057287693023682e-01
7.226336281746625900e-03,-1.326829344034194946e-01,-1.967057287693023682e-01
7.308617234230041504e-03,-1.332432776689529419e-01,-1.967371851205825806e-01
7.308617234230041504e-03,-1.332432776689529419e-01,-1.967371851205825806e-01
7.391354069113731384e-03,-1.338042318820953369e-01,-1.967678517103195190e-01
7.391354069113731384e-03,-1.338042318820953369e-01,-1.967678517103195190e-01
7.474554236978292465e-03,-1.343658119440078735e-01,-1.967977583408355713e-01
7.474554236978292465e-03,-1.343658119440078735e-01,-1.967977583408355713e-01
7.558206096291542053e-03,-1.349280029535293579e-01,-1.968268752098083496e-01
7.558206096291542053e-03,-1.349280029535293579e-01,-1.968268752098083496e-01
7.642312906682491302e-03,-1.354908049106597900e-01,-1.968552321195602417e-01
7.642312906682491302e-03,-1.354908049106597900e-01,-1.968552321195602417e-01
7.726871874183416367e-03,-1.360542476177215576e-01,-1.968827843666076660e-01
7.726871874183416367e-03,-1.360542476177215576e-01,-1.968827843666076660e-01
7.811880204826593399e-03,-1.366183161735534668e-01,-1.969095617532730103e-01
7.811880204826593399e-03,-1.366183161735534668e-01,-1.969095617532730103e-01
7.897336035966873169e-03,-1.371829807758331299e-01,-1.969355642795562744e-01
7.897336035966873169e-03,-1.371829807758331299e-01,-1.969355642795562744e-01
7.983243092894554138e-03,-1.377482712268829346e-01,-1.969607472419738770e-01
7.983243092894554138e-03,-1.377482712268829346e-01,-1.969607472419738770e-01
8.069593459367752075e-03,-1.383141875267028809e-01,-1.969851553440093994e-01
8.069593459367752075e-03,-1.383141875267028809e-01,-1.969851553440093994e-01
8.156392723321914673e-03,-1.388807147741317749e-01,-1.970088034868240356e-01
8.156392723321914673e-03,-1.388807147741317749e-01,-1.970088034868240356e-01
8.243629708886146545e-03,-1.394478678703308105e-01,-1.970316469669342041e-01
8.243629708886146545e-03,-1.394478678703308105e-01,-1.970316469669342041e-01
8.331311866641044617e-03,-1.400156468152999878e-01,-1.970537006855010986e-01
8.331311866641044617e-03,-1.400156468152999878e-01,-1.970537006855010986e-01
8.419433608651161194e-03,-1.405840367078781128e-01,-1.970749497413635254e-01
8.419433608651161194e-03,-1.405840367078781128e-01,-1.970749497413635254e-01
8.507993072271347046e-03,-1.411530375480651855e-01,-1.970954090356826782e-01
8.507993072271347046e-03,-1.411530375480651855e-01,-1.970954090356826782e-01
8.596993982791900635e-03,-1.417226940393447876e-01,-1.971150785684585571e-01
8.596993982791900635e-03,-1.417226940393447876e-01,-1.971150785684585571e-01
8.686427026987075806e-03,-1.422929316759109497e-01,-1.971339285373687744e-01
8.686427026987075806e-03,-1.422929316759109497e-01,-1.971339285373687744e-01
8.776293136179447174e-03,-1.428638100624084473e-01,-1.971520185470581055e-01
8.776293136179447174e-03,-1.428638100624084473e-01,-1.971520185470581055e-01
8.866596966981887817e-03,-1.434352993965148926e-01,-1.971692740917205811e-01
8.866596966981887817e-03,-1.434352993965148926e-01,-1.971692740917205811e-01
8.957330137491226196e-03,-1.440074145793914795e-01,-1.971857249736785889e-01
8.957330137491226196e-03,-1.440074145793914795e-01,-1.971857249736785889e-01
9.048493579030036926e-03,-1.445801556110382080e-01,-1.972013711929321289e-01
9.048493579030036926e-03,-1.445801556110382080e-01,-1.972013711929321289e-01
9.140084497630596161e-03,-1.451535224914550781e-01,-1.972162276506423950e-01
9.140084497630596161e-03,-1.451535224914550781e-01,-1.972162276506423950e-01
9.232103824615478516e-03,-1.457275003194808960e-01,-1.972302794456481934e-01
9.232103824615478516e-03,-1.457275003194808960e-01,-1.972302794456481934e-01
9.324548766016960144e-03,-1.463021039962768555e-01,-1.972434967756271362e-01
9.324548766016960144e-03,-1.463021039962768555e-01,-1.972434967756271362e-01
9.417417459189891815e-03,-1.468773335218429565e-01,-1.972559541463851929e-01
9.417417459189891815e-03,-1.468773335218429565e-01,-1.972559541463851929e-01
9.510708972811698914e-03,-1.474531888961791992e-01,-1.972675472497940063e-01
9.510708972811698914e-03,-1.474531888961791992e-01,-1.972675472497940063e-01
9.604420512914657593e-03,-1.480296552181243896e-01,-1.972783505916595459e-01
9.604420512914657593e-03,-1.480296552181243896e-01,-1.972783505916595459e-01
9.698552079498767853e-03,-1.486067473888397217e-01,-1.972883343696594238e-01
9.698552079498767853e-03,-1.486067473888397217e-01,-1.972883343696594238e-01
9.793102741241455078e-03,-1.491844654083251953e-01,-1.972975283861160278e-01
9.793102741241455078e-03,-1.491844654083251953e-01,-1.972975283861160278e-01
9.888069704174995422e-03,-1.497627943754196167e-01,-1.973058730363845825e-01
9.888069704174995422e-03,-1.497627943754196167e-01,-1.973058730363845825e-01
9.983452036976814270e-03,-1.503417640924453735e-01,-1.973133832216262817e-01
9.983452036976814270e-03,-1.503417640924453735e-01,-1.973133832216262817e-01
1.007924694567918777e-02,-1.509213596582412720e-01,-1.973201185464859009e-01
1.007924694567918777e-02,-1.509213596582412720e-01,-1.973201185464859009e-01
1.017545536160469055e-02,-1.515015661716461182e-01,-1.973260045051574707e-01
1.017545536160469055e-02,-1.515015661716461182e-01,-1.973260045051574707e-01
1.027207355946302414e-02,-1.520823836326599121e-01,-1.973310708999633789e-01
1.027207355946302414e-02,-1.520823836326599121e-01,-1.973310708999633789e-01
1.036910433322191238e-02,-1.526638567447662354e-01,-1.973353177309036255e-01
1.036910433322191238e-02,-1.526638567447662354e-01,-1.973353177309036255e-01
1.046654023230075836e-02,-1.532459408044815063e-01,-1.973387300968170166e-01
1.046654023230075836e-02,-1.532459408044815063e-01,-1.973387300968170166e-01
1.056438032537698746e-02,-1.538286358118057251e-01,-1.973413228988647461e-01
1.056438032537698746e-02,-1.538286358118057251e-01,-1.973413228988647461e-01
1.066263206303119659e-02,-1.544119566679000854e-01,-1.973430663347244263e-01
1.066263206303119659e-02,-1.544119566679000854e-01,-1.973430663347244263e-01
1.076128147542476654e-02,-1.549959182739257812e-01,-1.973439753055572510e-01
1.076128147542476654e-02,-1.549959182739257812e-01,-1.973439753055572510e-01
1.086033508181571960e-02,-1.555805057287216187e-01,-1.973440796136856079e-01
1.086033508181571960e-02,-1.555805057287216187e-01,-1.973440796136856079e-01
1.095978822559118271e-02,-1.561656892299652100e-01,-1.973433494567871094e-01
1.095978822559118271e-02,-1.561656892299652100e-01,-1.973433494567871094e-01
1.105964090675115585e-02,-1.567515283823013306e-01,-1.973417699337005615e-01
1.105964090675115585e-02,-1.567515283823013306e-01,-1.973417699337005615e-01
1.115989033132791519e-02,-1.573379784822463989e-01,-1.973393410444259644e-01
1.115989033132791519e-02,-1.573379784822463989e-01,-1.973393410444259644e-01
1.126053743064403534e-02,-1.579250693321228027e-01,-1.973360925912857056e-01
1.126053743064403534e-02,-1.579250693321228027e-01,-1.973360925912857056e-01
1.136157941073179245e-02,-1.585127562284469604e-01,-1.973319947719573975e-01
1.136157941073179245e-02,-1.585127562284469604e-01,-1.973319947719573975e-01
1.146301347762346268e-02,-1.591010987758636475e-01,-1.973270624876022339e-01
1.146301347762346268e-02,-1.591010987758636475e-01,-1.973270624876022339e-01
1.156483963131904602e-02,-1.596900373697280884e-01,-1.973212808370590210e-01
1.156483963131904602e-02,-1.596900373697280884e-01,-1.973212808370590210e-01
1.166705507785081863e-02,-1.602796167135238647e-01,-1.973146349191665649e-01
1.166705507785081863e-02,-1.602796167135238647e-01,-1.973146349191665649e-01
1.176965981721878052e-02,-1.608698219060897827e-01,-1.973071694374084473e-01
1.176965981721878052e-02,-1.608698219060897827e-01,-1.973071694374084473e-01
1.187265291810035706e-02,-1.614606529474258423e-01,-1.972988396883010864e-01
1.187265291810035706e-02,-1.614606529474258423e-01,-1.972988396883010864e-01
1.197603158652782440e-02,-1.620521247386932373e-01,-1.972897052764892578e-01
1.197603158652782440e-02,-1.620521247386932373e-01,-1.972897052764892578e-01
1.207979489117860794e-02,-1.626442074775695801e-01,-1.972796618938446045e-01
1.207979489117860794e-02,-1.626442074775695801e-01,-1.972796618938446045e-01
1.218393631279468536e-02,-1.632369309663772583e-01,-1.972687989473342896e-01
1.218393631279468536e-02,-1.632369309663772583e-01,-1.972687989473342896e-01
1.228846330195665359e-02,-1.638302654027938843e-01,-1.972570568323135376e-01
1.228846330195665359e-02,-1.638302654027938843e-01,-1.972570568323135376e-01
1.239337027072906494e-02,-1.644242405891418457e-01,-1.972444802522659302e-01
1.239337027072906494e-02,-1.644242405891418457e-01,-1.972444802522659302e-01
1.249865442514419556e-02,-1.650188267230987549e-01,-1.972310394048690796e-01
1.249865442514419556e-02,-1.650188267230987549e-01,-1.972310394048690796e-01
1.260431762784719467e-02,-1.656140536069869995e-01,-1.972167342901229858e-01
1.260431762784719467e-02,-1.656140536069869995e-01,-1.972167342901229858e-01
1.271035615354776382e-02,-1.662099063396453857e-01,-1.972015947103500366e-01
1.271035615354776382e-02,-1.662099063396453857e-01,-1.972015947103500366e-01
1.281676720827817917e-02,-1.668063700199127197e-01,-1.971855759620666504e-01
1.281676720827817917e-02,-1.668063700199127197e-01,-1.971855759620666504e-01
1.292354892939329147e-02,-1.674034744501113892e-01,-1.971686929464340210e-01
1.292354892939329147e-02,-1.674034744501113892e-01,-1.971686929464340210e-01
1.303070224821567535e-02,-1.680012047290802002e-01,-1.971509307622909546e-01
1.303070224821567535e-02,-1.680012047290802002e-01,-1.971509307622909546e-01
1.313822623342275620e-02,-1.685995608568191528e-01,-1.971323341131210327e-01
1.313822623342275620e-02,-1.685995608568191528e-01,-1.971323341131210327e-01
1.324612181633710861e-02,-1.691985577344894409e-01,-1.971128284931182861e-01
1.324612181633710861e-02,-1.691985577344894409e-01,-1.971128284931182861e-01
1.335437688976526260e-02,-1.697981655597686768e-01,-1.970924884080886841e-01
1.335437688976526260e-02,-1.697981655597686768e-01,-1.970924884080886841e-01
1.346300262957811356e-02,-1.703984290361404419e-01,-1.970712691545486450e-01
1.346300262957811356e-02,-1.703984290361404419e-01,-1.970712691545486450e-01
1.357199158519506454e-02,-1.709993034601211548e-01,-1.970491558313369751e-01
1.357199158519506454e-02,-1.709993034601211548e-01,-1.970491558313369751e-01
1.368134003132581711e-02,-1.716008037328720093e-01,-1.970262229442596436e-01
1.368134003132581711e-02,-1.716008037328720093e-01,-1.970262229442596436e-01
1.379105169326066971e-02,-1.722029447555541992e-01,-1.970023512840270996e-01
1.379105169326066971e-02,-1.722029447555541992e-01,-1.970023512840270996e-01
1.390111912041902542e-02,-1.728057116270065308e-01,-1.969776600599288940e-01
1.390111912041902542e-02,-1.728057116270065308e-01,-1.969776600599288940e-01
1.401154603809118271e-02,-1.734091043472290039e-01,-1.969520598649978638e-01
1.401154603809118271e-02,-1.734091043472290039e-01,-1.969520598649978638e-01
1.412232965230941772e-02,-1.740131229162216187e-01,-1.969255805015563965e-01
1.412232965230941772e-02,-1.740131229162216187e-01,-1.969255805015563965e-01
1.423346810042858124e-02,-1.746177673339843750e-01,-1.968982219696044922e-01
1.423346810042858124e-02,-1.746177673339843750e-01,-1.968982219696044922e-01
1.434496045112609863e-02,-1.752230525016784668e-01,-1.968699693679809570e-01
1.434496045112609863e-02,-1.752230525016784668e-01,-1.968699693679809570e-01
1.445680391043424606e-02,-1.758289635181427002e-01,-1.968408375978469849e-01
1.445680391043424606e-02,-1.758289635181427002e-01,-1.968408375978469849e-01
1.456899940967559814e-02,-1.764355301856994629e-01,-1.968108266592025757e-01
1.456899940967559814e-02,-1.764355301856994629e-01,-1.968108266592025757e-01
1.468154042959213257e-02,-1.770426928997039795e-01,-1.967799514532089233e-01
1.468154042959213257e-02,-1.770426928997039795e-01,-1.967799514532089233e-01
1.479443162679672241e-02,-1.776504963636398315e-01,-1.967481672763824463e-01
1.479443162679672241e-02,-1.776504963636398315e-01,-1.967481672763824463e-01
1.490766555070877075e-02,-1.782589256763458252e-01,-1.967154592275619507e-01
1.490766555070877075e-02,-1.782589256763458252e-01,-1.967154592275619507e-01
1.502124872058629990e-02,-1.788679957389831543e-01,-1.966819018125534058e-01
1.502124872058629990e-02,-1.788679957389831543e-01,-1.966819018125534058e-01
1.513517368584871292e-02,-1.794776916503906250e-01,-1.966474503278732300e-01
1.513517368584871292e-02,-1.794776916503906250e-01,-1.966474503278732300e-01
1.524943765252828598e-02,-1.800880283117294312e-01,-1.966120898723602295e-01
1.524943765252828598e-02,-1.800880283117294312e-01,-1.966120898723602295e-01
1.536404434591531754e-02,-1.806990057229995728e-01,-1.965758204460144043e-01
1.536404434591531754e-02,-1.806990057229995728e-01,-1.965758204460144043e-01
1.547898724675178528e-02,-1.813105791807174683e-01,-1.965386867523193359e-01
1.547898724675178528e-02,-1.813105791807174683e-01,-1.965386867523193359e-01
1.559426821768283844e-02,-1.819228231906890869e-01,-1.965006291866302490e-01
1.559426821768283844e-02,-1.819228231906890869e-01,-1.965006291866302490e-01
1.570988632738590240e-02,-1.825356781482696533e-01,-1.964616775512695312e-01
1.570988632738590240e-02,-1.825356781482696533e-01,-1.964616775512695312e-01
1.582583598792552948e-02,-1.831491738557815552e-01,-1.964218467473983765e-01
1.582583598792552948e-02,-1.831491738557815552e-01,-1.964218467473983765e-01
1.594211906194686890e-02,-1.837632805109024048e-01,-1.963810622692108154e-01
1.594211906194686890e-02,-1.837632805109024048e-01,-1.963810622692108154e-01
1.605873368680477142e-02,-1.843780279159545898e-01,-1.963393986225128174e-01
1.605873368680477142e-02,-1.843780279159545898e-01,-1.963393986225128174e-01
1.617567799985408783e-02,-1.849934160709381104e-01,-1.962968260049819946e-01
1.617567799985408783e-02,-1.849934160709381104e-01,-1.962968260049819946e-01
1.629295200109481812e-02,-1.856094598770141602e-01,-1.962533593177795410e-01
1.629295200109481812e-02,-1.856094598770141602e-01,-1.962533593177795410e-01
1.641055196523666382e-02,-1.862261146306991577e-01,-1.962089687585830688e-01
1.641055196523666382e-02,-1.862261146306991577e-01,-1.962089687585830688e-01
1.652847602963447571e-02,-1.868433803319931030e-01,-1.961636692285537720e-01
1.652847602963447571e-02,-1.868433803319931030e-01,-1.961636692285537720e-01
1.664672419428825378e-02,-1.874613165855407715e-01,-1.961174607276916504e-01
1.664672419428825378e-02,-1.874613165855407715e-01,-1.961174607276916504e-01
1.676529459655284882e-02,-1.880798637866973877e-01,-1.960703134536743164e-01
1.676529459655284882e-02,-1.880798637866973877e-01,-1.960703134536743164e-01
1.688418723642826080e-02,-1.886990517377853394e-01,-1.960222870111465454e-01
1.688418723642826080e-02,-1.886990517377853394e-01,-1.960222870111465454e-01
1.700339652597904205e-02,-1.893188655376434326e-01,-1.959733068943023682e-01
1.700339652597904205e-02,-1.893188655376434326e-01,-1.959733068943023682e-01
1.712292805314064026e-02,-1.899393349885940552e-01,-1.959234327077865601e-01
1.712292805314064026e-02,-1.899393349885940552e-01,-1.959234327077865601e-01
1.724277436733245850e-02,-1.905604153871536255e-01,-1.958726197481155396e-01
1.724277436733245850e-02,-1.905604153871536255e-01,-1.958726197481155396e-01
1.736293360590934753e-02,-1.911821216344833374e-01,-1.958208978176116943e-01
1.736293360590934753e-02,-1.911821216344833374e-01,-1.958208978176116943e-01
1.748340763151645660e-02,-1.918044835329055786e-01,-1.957682818174362183e-01
1.748340763151645660e-02,-1.918044835329055786e-01,-1.957682818174362183e-01
1.760419458150863647e-02,-1.924274861812591553e-01,-1.957146972417831421e-01
1.760419458150863647e-02,-1.924274861812591553e-01,-1.957146972417831421e-01
1.772529073059558868e-02,-1.930511146783828735e-01,-1.956601887941360474e-01
1.772529073059558868e-02,-1.930511146783828735e-01,-1.956601887941360474e-01
1.784669607877731323e-02,-1.936753690242767334e-01,-1.956047564744949341e-01
1.784669607877731323e-02,-1.936753690242767334e-01,-1.956047564744949341e-01
1.796841062605381012e-02,-1.943002790212631226e-01,-1.955484002828598022e-01
1.796841062605381012e-02,-1.943002790212631226e-01,-1.955484002828598022e-01
1.809042692184448242e-02,-1.949257999658584595e-01,-1.954911202192306519e-01
1.809042692184448242e-02,-1.949257999658584595e-01,-1.954911202192306519e-01
1.821275241672992706e-02,-1.955519765615463257e-01,-1.954329162836074829e-01
1.821275241672992706e-02,-1.955519765615463257e-01,-1.954329162836074829e-01
1.833538152277469635e-02,-1.961787939071655273e-01,-1.953737437725067139e-01
1.833538152277469635e-02,-1.961787939071655273e-01,-1.953737437725067139e-01
1.845831051468849182e-02,-1.968062371015548706e-01,-1.953136622905731201e-01
1.845831051468849182e-02,-1.968062371015548706e-01,-1.953136622905731201e-01
1.858153939247131348e-02,-1.974343061447143555e-01,-1.952526271343231201e-01
1.858153939247131348e-02,-1.974343061447143555e-01,-1.952526271343231201e-01
1.870506443083286285e-02,-1.980630159378051758e-01,-1.951906681060791016e-01
1.870506443083286285e-02,-1.980630159378051758e-01,-1.951906681060791016e-01
1.882889121770858765e-02,-1.986923515796661377e-01,-1.951277554035186768e-01
1.882889121770858765e-02,-1.986923515796661377e-01,-1.951277554035186768e-01
1.895301416516304016e-02,-1.993223577737808228e-01,-1.950639039278030396e-01
1.895301416516304016e-02,-1.993223577737808228e-01,-1.950639039278030396e-01
1.907742768526077271e-02,-1.999529600143432617e-01,-1.949991285800933838e-01
1.907742768526077271e-02,-1.999529600143432617e-01,-1.949991285800933838e-01
1.920213736593723297e-02,-2.005842328071594238e-01,-1.949333846569061279e-01
1.920213736593723297e-02,-2.005842328071594238e-01,-1.949333846569061279e-01
1.932713575661182404e-02,-2.012161314487457275e-01,-1.948666870594024658e-01
1.932713575661182404e-02,-2.012161314487457275e-01,-1.948666870594024658e-01
1.945242471992969513e-02,-2.018486708402633667e-01,-1.947990655899047852e-01
1.945242471992969513e-02,-2.018486708402633667e-01,-1.947990655899047852e-01
1.957800239324569702e-02,-2.024818360805511475e-01,-1.947304904460906982e-01
1.957800239324569702e-02,-2.024818360805511475e-01,-1.947304904460906982e-01
1.970386691391468048e-02,-2.031156569719314575e-01,-1.946609467267990112e-01
1.970386691391468048e-02,-2.031156569719314575e-01,-1.946609467267990112e-01
1.983001828193664551e-02,-2.037500888109207153e-01,-1.945904791355133057e-01
1.983001828193664551e-02,-2.037500888109207153e-01,-1.945904791355133057e-01
1.995645463466644287e-02,-2.043851613998413086e-01,-1.945190429687500000e-01
1.995645463466644287e-02,-2.043851613998413086e-01,-1.945190429687500000e-01
2.008317410945892334e-02,-2.050209045410156250e-01,-1.944466531276702881e-01
2.008317410945892334e-02,-2.050209045410156250e-01,-1.944466531276702881e-01
2.021016925573348999e-02,-2.056572735309600830e-01,-1.943732947111129761e-01
2.021016925573348999e-02,-2.056572735309600830e-01,-1.943732947111129761e-01
2.033744752407073975e-02,-2.062942683696746826e-01,-1.942989826202392578e-01
2.033744752407073975e-02,-2.062942683696746826e-01,-1.942989826202392578e-01
2.046500705182552338e-02,-2.069319039583206177e-01,-1.942237317562103271e-01
2.046500705182552338e-02,-2.069319039583206177e-01,-1.942237317562103271e-01
2.059283480048179626e-02,-2.075701653957366943e-01,-1.941474974155426025e-01
2.059283480048179626e-02,-2.075701653957366943e-01,-1.941474974155426025e-01
2.072094380855560303e-02,-2.082090973854064941e-01,-1.940703094005584717e-01
2.072094380855560303e-02,-2.082090973854064941e-01,-1.940703094005584717e-01
2.084932290017604828e-02,-2.088486403226852417e-01,-1.939921528100967407e-01
2.084932290017604828e-02,-2.088486403226852417e-01,-1.939921528100967407e-01
2.097797766327857971e-02,-2.094888538122177124e-01,-1.939130276441574097e-01
2.097797766327857971e-02,-2.094888538122177124e-01,-1.939130276441574097e-01
2.110690250992774963e-02,-2.101296633481979370e-01,-1.938329488039016724e-01
2.110690250992774963e-02,-2.101296633481979370e-01,-1.938329488039016724e-01
2.123609557747840881e-02,-2.107711434364318848e-01,-1.937518864870071411e-01
2.123609557747840881e-02,-2.107711434364318848e-01,-1.937518864870071411e-01
2.136555500328540802e-02,-2.114132493734359741e-01,-1.936698555946350098e-01
2.136555500328540802e-02,-2.114132493734359741e-01,-1.936698555946350098e-01
2.149528264999389648e-02,-2.120560109615325928e-01,-1.935868710279464722e-01
2.149528264999389648e-02,-2.120560109615325928e-01,-1.935868710279464722e-01
2.162527851760387421e-02,-2.126994132995605469e-01,-1.935028731822967529e-01
2.162527851760387421e-02,-2.126994132995605469e-01,-1.935028731822967529e-01
2.175553143024444580e-02,-2.133434116840362549e-01,-1.934179365634918213e-01
2.175553143024444580e-02,-2.133434116840362549e-01,-1.934179365634918213e-01
2.188604883849620819e-02,-2.139881104230880737e-01,-1.933320164680480957e-01
2.188604883849620819e-02,-2.139881104230880737e-01,-1.933320164680480957e-01
2.201682701706886292e-02,-2.146334201097488403e-01,-1.932451128959655762e-01
2.201682701706886292e-02,-2.146334201097488403e-01,-1.932451128959655762e-01
2.214786410331726074e-02,-2.152793705463409424e-01,-1.931572109460830688e-01
2.214786410331726074e-02,-2.152793705463409424e-01,-1.931572109460830688e-01
2.227915823459625244e-02,-2.159259617328643799e-01,-1.930683553218841553e-01
2.227915823459625244e-02,-2.159259617328643799e-01,-1.930683553218841553e-01
2.241070754826068878e-02,-2.165732085704803467e-01,-1.929785162210464478e-01
2.241070754826068878e-02,-2.165732085704803467e-01,-1.929785162210464478e-01
2.254251576960086823e-02,-2.172210812568664551e-01,-1.928876787424087524e-01
2.254251576960086823e-02,-2.172210812568664551e-01,-1.928876787424087524e-01
2.267457358539104462e-02,-2.178696095943450928e-01,-1.927958577871322632e-01
2.267457358539104462e-02,-2.178696095943450928e-01,-1.927958577871322632e-01
2.280687913298606873e-02,-2.185187637805938721e-01,-1.927030533552169800e-01
2.280687913298606873e-02,-2.185187637805938721e-01,-1.927030533552169800e-01
2.293944172561168671e-02,-2.191685736179351807e-01,-1.926092654466629028e-01
2.293944172561168671e-02,-2.191685736179351807e-01,-1.926092654466629028e-01
2.307224832475185394e-02,-2.198190093040466309e-01,-1.925144791603088379e-01
2.307224832475185394e-02,-2.198190093040466309e-01,-1.925144791603088379e-01
2.320530265569686890e-02,-2.204700857400894165e-01,-1.924187093973159790e-01
2.320530265569686890e-02,-2.204700857400894165e-01,-1.924187093973159790e-01
2.333860658109188080e-02,-2.211218178272247314e-01,-1.923219561576843262e-01
2.333860658109188080e-02,-2.211218178272247314e-01,-1.923219561576843262e-01
2.347215078771114349e-02,-2.217741906642913818e-01,-1.922241896390914917e-01
2.347215078771114349e-02,-2.217741906642913818e-01,-1.922241896390914917e-01
2.360593900084495544e-02,-2.224272191524505615e-01,-1.921254247426986694e-01
2.360593900084495544e-02,-2.224272191524505615e-01,-1.921254247426986694e-01
2.373996749520301819e-02,-2.230808734893798828e-01,-1.920256614685058594e-01
2.373996749520301819e-02,-2.230808734893798828e-01,-1.920256614685058594e-01
2.387423813343048096e-02,-2.237351536750793457e-01,-1.919248998165130615e-01
2.387423813343048096e-02,-2.237351536750793457e-01,-1.919248998165130615e-01
2.400873973965644836e-02,-2.243900895118713379e-01,-1.918231546878814697e-01
2.400873973965644836e-02,-2.243900895118713379e-01,-1.918231546878814697e-01
2.414348907768726349e-02,-2.250456959009170532e-01,-1.917203962802886963e-01
2.414348907768726349e-02,-2.250456959009170532e-01,-1.917203962802886963e-01
2.427846938371658325e-02,-2.257019132375717163e-01,-1.916166543960571289e-01
2.427846938371658325e-02,-2.257019132375717163e-01,-1.916166543960571289e-01
2.441367693245410919e-02,-2.263587713241577148e-01,-1.915118843317031860e-01
2.441367693245410919e-02,-2.263587713241577148e-01,-1.915118843317031860e-01
2.454912476241588593e-02,-2.270162999629974365e-01,-1.914061009883880615e-01
2.454912476241588593e-02,-2.270162999629974365e-01,-1.914061009883880615e-01
2.468479983508586884e-02,-2.276744544506072998e-01,-1.912993341684341431e-01
2.468479983508586884e-02,-2.276744544506072998e-01,-1.912993341684341431e-01
2.482070960104465485e-02,-2.283332794904708862e-01,-1.911915242671966553e-01
2.482070960104465485e-02,-2.283332794904708862e-01,-1.911915242671966553e-01
2.495684102177619934e-02,-2.289927303791046143e-01,-1.910827457904815674e-01
2.495684102177619934e-02,-2.289927303791046143e-01,-1.910827457904815674e-01
2.509320154786109924e-02,-2.296528071165084839e-01,-1.909729242324829102e-01
2.509320154786109924e-02,-2.296528071165084839e-01,-1.909729242324829102e-01
2.522978559136390686e-02,-2.303135544061660767e-01,-1.908620893955230713e-01
2.522978559136390686e-02,-2.303135544061660767e-01,-1.908620893955230713e-01
2.536659128963947296e-02,-2.309749275445938110e-01,-1.907502263784408569e-01
2.536659128963947296e-02,-2.309749275445938110e-01,-1.907502263784408569e-01
2.550362423062324524e-02,-2.316369563341140747e-01,-1.906373798847198486e-01
2.550362423062324524e-02,-2.316369563341140747e-01,-1.906373798847198486e-01
2.564087696373462677e-02,-2.322996407747268677e-01,-1.905234903097152710e-01
2.564087696373462677e-02,-2.322996407747268677e-01,-1.905234903097152710e-01
2.577834948897361755e-02,-2.329629510641098022e-01,-1.904085874557495117e-01
2.577834948897361755e-02,-2.329629510641098022e-01,-1.904085874557495117e-01
2.591603994369506836e-02,-2.336269021034240723e-01,-1.902926713228225708e-01
2.591603994369506836e-02,-2.336269021034240723e-01,-1.902926713228225708e-01
2.605394087731838226e-02,-2.342915087938308716e-01,-1.901757121086120605e-01
2.605394087731838226e-02,-2.342915087938308716e-01,-1.901757121086120605e-01
2.619205787777900696e-02,-2.349567711353302002e-01,-1.900577396154403687e-01
2.619205787777900696e-02,-2.349567711353302002e-01,-1.900577396154403687e-01
2.633039094507694244e-02,-2.356226742267608643e-01,-1.899387538433074951e-01
2.633039094507694244e-02,-2.356226742267608643e-01,-1.899387538433074951e-01
2.646893449127674103e-02,-2.362892180681228638e-01,-1.898187100887298584e-01
2.646893449127674103e-02,-2.362892180681228638e-01,-1.898187100887298584e-01
2.660769037902355194e-02,-2.369563877582550049e-01,-1.896976530551910400e-01
2.660769037902355194e-02,-2.369563877582550049e-01,-1.896976530551910400e-01
2.674665302038192749e-02,-2.376242429018020630e-01,-1.895755827426910400e-01
2.674665302038192749e-02,-2.376242429018020630e-01,-1.895755827426910400e-01
2.688582427799701691e-02,-2.382927238941192627e-01,-1.894524544477462769e-01
2.688582427799701691e-02,-2.382927238941192627e-01,-1.894524544477462769e-01
2.702519670128822327e-02,-2.389618456363677979e-01,-1.893283128738403320e-01
2.702519670128822327e-02,-2.389618456363677979e-01,-1.893283128738403320e-01
2.716478332877159119e-02,-2.396316379308700562e-01,-1.892031282186508179e-01
2.716478332877159119e-02,-2.396316379308700562e-01,-1.892031282186508179e-01
2.730456367135047913e-02,-2.403020709753036499e-01,-1.890769004821777344e-01
2.730456367135047913e-02,-2.403020709753036499e-01,-1.890769004821777344e-01
2.744455076754093170e-02,-2.409731298685073853e-01,-1.889496296644210815e-01
2.744455076754093170e-02,-2.409731298685073853e-01,-1.889496296644210815e-01
2.758473157882690430e-02,-2.416448295116424561e-01,-1.888213157653808594e-01
2.758473157882690430e-02,-2.416448295116424561e-01,-1.888213157653808594e-01
2.772511728107929230e-02,-2.423172295093536377e-01,-1.886919885873794556e-01
2.772511728107929230e-02,-2.423172295093536377e-01,-1.886919885873794556e-01
2.786569856107234955e-02,-2.429902255535125732e-01,-1.885615885257720947e-01
2.786569856107234955e-02,-2.429902255535125732e-01,-1.885615885257720947e-01
2.800647355616092682e-02,-2.436639219522476196e-01,-1.884301602840423584e-01
2.800647355616092682e-02,-2.436639219522476196e-01,-1.884301602840423584e-01
2.814744226634502411e-02,-2.443381994962692261e-01,-1.882976889610290527e-01
2.814744226634502411e-02,-2.443381994962692261e-01,-1.882976889610290527e-01
2.828860469162464142e-02,-2.450131773948669434e-01,-1.881641447544097900e-01
2.828860469162464142e-02,-2.450131773948669434e-01,-1.881641447544097900e-01
2.842995710670948029e-02,-2.456887662410736084e-01,-1.880295872688293457e-01
2.842995710670948029e-02,-2.456887662410736084e-01,-1.880295872688293457e-01
2.857150323688983917e-02,-2.463650256395339966e-01,-1.878939419984817505e-01
2.857150323688983917e-02,-2.463650256395339966e-01,-1.878939419984817505e-01
2.871323376893997192e-02,-2.470419406890869141e-01,-1.877572834491729736e-01
2.871323376893997192e-02,-2.470419406890869141e-01,-1.877572834491729736e-01
2.885514870285987854e-02,-2.477194964885711670e-01,-1.876195222139358521e-01
2.885514870285987854e-02,-2.477194964885711670e-01,-1.876195222139358521e-01
2.899725362658500671e-02,-2.483976930379867554e-01,-1.874807476997375488e-01
2.899725362658500671e-02,-2.483976930379867554e-01,-1.874807476997375488e-01
2.913953922688961029e-02,-2.490765154361724854e-01,-1.873408854007720947e-01
2.913953922688961029e-02,-2.490765154361724854e-01,-1.873408854007720947e-01
2.928201109170913696e-02,-2.497560232877731323e-01,-1.872000098228454590e-01
2.928201109170913696e-02,-2.497560232877731323e-01,-1.872000098228454590e-01
2.942465990781784058e-02,-2.504361867904663086e-01,-1.870580315589904785e-01
2.942465990781784058e-02,-2.504361867904663086e-01,-1.870580315589904785e-01
2.956748753786087036e-02,-2.511169910430908203e-01,-1.869150102138519287e-01
2.956748753786087036e-02,-2.511169910430908203e-01,-1.869150102138519287e-01
2.971049398183822632e-02,-2.517984211444854736e-01,-1.867709159851074219e-01
2.971049398183822632e-02,-2.517984211444854736e-01,-1.867709159851074219e-01
2.985367923974990845e-02,-2.524805366992950439e-01,-1.866257786750793457e-01
2.985367923974990845e-02,-2.524805366992950439e-01,-1.866257786750793457e-01
2.999703772366046906e-02,-2.531633079051971436e-01,-1.864795684814453125e-01
2.999703772366046906e-02,-2.531633079051971436e-01,-1.864795684814453125e-01
3.014056570827960968e-02,-2.538467049598693848e-01,-1.863322705030441284e-01
3.014056570827960968e-02,-2.538467049598693848e-01,-1.863322705030441284e-01
3.028426878154277802e-02,-2.545307278633117676e-01,-1.861839294433593750e-01
3.028426878154277802e-02,-2.545307278633117676e-01,-1.861839294433593750e-01
3.042814321815967560e-02,-2.552154362201690674e-01,-1.860345005989074707e-01
3.042814321815967560e-02,-2.552154362201690674e-01,-1.860345005989074707e-01
3.057218901813030243e-02,-2.559007704257965088e-01,-1.858839988708496094e-01
3.057218901813030243e-02,-2.559007704257965088e-01,-1.858839988708496094e-01
3.071640059351921082e-02,-2.565867900848388672e-01,-1.857324391603469849e-01
3.071640059351921082e-02,-2.565867900848388672e-01,-1.857324391603469849e-01
3.086077608168125153e-02,-2.572734653949737549e-01,-1.855798065662384033e-01
3.086077608168125153e-02,-2.572734653949737549e-01,-1.855798065662384033e-01
3.100531548261642456e-02,-2.579607367515563965e-01,-1.854260712862014771e-01
3.100531548261642456e-02,-2.579607367515563965e-01,-1.854260712862014771e-01
3.115001693367958069e-02,-2.586487233638763428e-01,-1.852712780237197876e-01
3.115001693367958069e-02,-2.586487233638763428e-01,-1.852712780237197876e-01
3.129488602280616760e-02,-2.593373358249664307e-01,-1.851153969764709473e-01
3.129488602280616760e-02,-2.593373358249664307e-01,-1.851153969764709473e-01
3.143990784883499146e-02,-2.600266039371490479e-01,-1.849584579467773438e-01
3.143990784883499146e-02,-2.600266039371490479e-01,-1.849584579467773438e-01
3.158509731292724609e-02,-2.607164978981018066e-01,-1.848004162311553955e-01
3.158509731292724609e-02,-2.607164978981018066e-01,-1.848004162311553955e-01
3.173043578863143921e-02,-2.614070773124694824e-01,-1.846412867307662964e-01
3.173043578863143921e-02,-2.614070773124694824e-01,-1.846412867307662964e-01
3.187593445181846619e-02,-2.620982825756072998e-01,-1.844810694456100464e-01
3.187593445181846619e-02,-2.620982825756072998e-01,-1.844810694456100464e-01
3.202158585190773010e-02,-2.627901434898376465e-01,-1.843197941780090332e-01
3.202158585190773010e-02,-2.627901434898376465e-01,-1.843197941780090332e-01
3.216738998889923096e-02,-2.634826898574829102e-01,-1.841574013233184814e-01
3.216738998889923096e-02,-2.634826898574829102e-01,-1.841574013233184814e-01
3.231334313750267029e-02,-2.641758322715759277e-01,-1.839939057826995850e-01
3.231334313750267029e-02,-2.641758322715759277e-01,-1.839939057826995850e-01
3.245944902300834656e-02,-2.648696899414062500e-01,-1.838293522596359253e-01
3.245944902300834656e-02,-2.648696899414062500e-01,-1.838293522596359253e-01
3.260570392012596130e-02,-2.655641734600067139e-01,-1.836637109518051147e-01
3.260570392012596130e-02,-2.655641734600067139e-01,-1.836637109518051147e-01
3.275210037827491760e-02,-2.662593126296997070e-01,-1.834969520568847656e-01
3.275210037827491760e-02,-2.662593126296997070e-01,-1.834969520568847656e-01
3.289864584803581238e-02,-2.669551074504852295e-01,-1.833291053771972656e-01
3.289864584803581238e-02,-2.669551074504852295e-01,-1.833291053771972656e-01
3.304534032940864563e-02,-2.676515281200408936e-01,-1.831601709127426147e-01
3.304534032940864563e-02,-2.676515281200408936e-01,-1.831601709127426147e-01
3.319217264652252197e-02,-2.683486342430114746e-01,-1.829901188611984253e-01
3.319217264652252197e-02,-2.683486342430114746e-01,-1.829901188611984253e-01
3.333914279937744141e-02,-2.690463662147521973e-01,-1.828189641237258911e-01
3.333914279937744141e-02,-2.690463662147521973e-01,-1.828189641237258911e-01
3.348625451326370239e-02,-2.697447836399078369e-01,-1.826467216014862061e-01
3.348625451326370239e-02,-2.697447836399078369e-01,-1.826467216014862061e-01
3.363350406289100647e-02,-2.704438269138336182e-01,-1.824733763933181763e-01
3.363350406289100647e-02,-2.704438269138336182e-01,-1.824733763933181763e-01
3.378089144825935364e-02,-2.711435854434967041e-01,-1.822989135980606079e-01
3.378089144825935364e-02,-2.711435854434967041e-01,-1.822989135980606079e-01
3.392841666936874390e-02,-2.718439102172851562e-01,-1.821233630180358887e-01
3.392841666936874390e-02,-2.718439102172851562e-01,-1.821233630180358887e-01
3.407606855034828186e-02,-2.725449204444885254e-01,-1.819466799497604370e-01
3.407606855034828186e-02,-2.725449204444885254e-01,-1.819466799497604370e-01
3.422385826706886292e-02,-2.732466459274291992e-01,-1.817688941955566406e-01
3.422385826706886292e-02,-2.732466459274291992e-01,-1.817688941955566406e-01
3.437177464365959167e-02,-2.739489674568176270e-01,-1.815900057554244995e-01
3.437177464365959167e-02,-2.739489674568176270e-01,-1.815900057554244995e-01
3.451982140541076660e-02,-2.746519446372985840e-01,-1.814099997282028198e-01
3.451982140541076660e-02,-2.746519446372985840e-01,-1.814099997282028198e-01
3.466799855232238770e-02,-2.753556072711944580e-01,-1.812288761138916016e-01
3.466799855232238770e-02,-2.753556072711944580e-01,-1.812288761138916016e-01
3.481630235910415649e-02,-2.760598957538604736e-01,-1.810466498136520386e-01
3.481630235910415649e-02,-2.760598957538604736e-01,-1.810466498136520386e-01
3.496472537517547607e-02,-2.767648398876190186e-01,-1.808633059263229370e-01
3.496472537517547607e-02,-2.767648398876190186e-01,-1.808633059263229370e-01
3.511327505111694336e-02,-2.774704396724700928e-01,-1.806788295507431030e-01
3.511327505111694336e-02,-2.774704396724700928e-01,-1.806788295507431030e-01
3.526194393634796143e-02,-2.781767249107360840e-01,-1.804932355880737305e-01
3.526194393634796143e-02,-2.781767249107360840e-01,-1.804932355880737305e-01
3.541073575615882874e-02,-2.788836658000946045e-01,-1.803065389394760132e-01
3.541073575615882874e-02,-2.788836658000946045e-01,-1.803065389394760132e-01
3.555964678525924683e-02,-2.795912027359008789e-01,-1.801186800003051758e-01
3.555964678525924683e-02,-2.795912027359008789e-01,-1.801186800003051758e-01
3.570867329835891724e-02,-2.802994847297668457e-01,-1.799297481775283813e-01
3.570867329835891724e-02,-2.802994847297668457e-01,-1.799297481775283813e-01
3.585781529545783997e-02,-2.810083627700805664e-01,-1.797396540641784668e-01
3.585781529545783997e-02,-2.810083627700805664e-01,-1.797396540641784668e-01
3.600707650184631348e-02,-2.817179262638092041e-01,-1.795484274625778198e-01
3.600707650184631348e-02,-2.817179262638092041e-01,-1.795484274625778198e-01
3.615644574165344238e-02,-2.824281156063079834e-01,-1.793560981750488281e-01
3.615644574165344238e-02,-2.824281156063079834e-01,-1.793560981750488281e-01
3.630592674016952515e-02,-2.831389904022216797e-01,-1.791626214981079102e-01
3.630592674016952515e-02,-2.831389904022216797e-01,-1.791626214981079102e-01
3.645551949739456177e-02,-2.838505208492279053e-01,-1.789680123329162598e-01
3.645551949739456177e-02,-2.838505208492279053e-01,-1.789680123329162598e-01
3.660522028803825378e-02,-2.845626771450042725e-01,-1.787722855806350708e-01
3.660522028803825378e-02,-2.845626771450042725e-01,-1.787722855806350708e-01
3.675502538681030273e-02,-2.852755486965179443e-01,-1.785753965377807617e-01
3.675502538681030273e-02,-2.852755486965179443e-01,-1.785753965377807617e-01
3.690494224429130554e-02,-2.859890162944793701e-01,-1.783773899078369141e-01
3.690494224429130554e-02,-2.859890162944793701e-01,-1.783773899078369141e-01
3.705495223402976990e-02,-2.867031693458557129e-01,-1.781782358884811401e-01
3.705495223402976990e-02,-2.867031693458557129e-01,-1.781782358884811401e-01
3.720507770776748657e-02,-2.874179780483245850e-01,-1.779779493808746338e-01
3.720507770776748657e-02,-2.874179780483245850e-01,-1.779779493808746338e-01
3.735530003905296326e-02,-2.881334424018859863e-01,-1.777765154838562012e-01
3.735530003905296326e-02,-2.881334424018859863e-01,-1.777765154838562012e-01
3.750561922788619995e-02,-2.888495922088623047e-01,-1.775739341974258423e-01
3.750561922788619995e-02,-2.888495922088623047e-01,-1.775739341974258423e-01
3.765603527426719666e-02,-2.895663976669311523e-01,-1.773702204227447510e-01
3.765603527426719666e-02,-2.895663976669311523e-01,-1.773702204227447510e-01
3.780654817819595337e-02,-2.902838289737701416e-01,-1.771653592586517334e-01
3.780654817819595337e-02,-2.902838289737701416e-01,-1.771653592586517334e-01
3.795716166496276855e-02,-2.910019457340240479e-01,-1.769593507051467896e-01
3.795716166496276855e-02,-2.910019457340240479e-01,-1.769593507051467896e-01
3.810786455869674683e-02,-2.917206883430480957e-01,-1.767521798610687256e-01
3.810786455869674683e-02,-2.917206883430480957e-01,-1.767521798610687256e-01
3.825866058468818665e-02,-2.924401462078094482e-01,-1.765438765287399292e-01
3.825866058468818665e-02,-2.924401462078094482e-01,-1.765438765287399292e-01
3.840954974293708801e-02,-2.931602299213409424e-01,-1.763344109058380127e-01
3.840954974293708801e-02,-2.931602299213409424e-01,-1.763344109058380127e-01
3.856052458286285400e-02,-2.938809394836425781e-01,-1.761238127946853638e-01
3.856052458286285400e-02,-2.938809394836425781e-01,-1.761238127946853638e-01
3.871159255504608154e-02,-2.946023643016815186e-01,-1.759120225906372070e-01
3.871159255504608154e-02,-2.946023643016815186e-01,-1.759120225906372070e-01
3.886274248361587524e-02,-2.953244149684906006e-01,-1.756990998983383179e-01
3.886274248361587524e-02,-2.953244149684906006e-01,-1.756990998983383179e-01
3.901397436857223511e-02,-2.960471510887145996e-01,-1.754850149154663086e-01
3.901397436857223511e-02,-2.960471510887145996e-01,-1.754850149154663086e-01
3.916529566049575806e-02,-2.967705428600311279e-01,-1.752697527408599854e-01
3.916529566049575806e-02,-2.967705428600311279e-01,-1.752697527408599854e-01
3.931669518351554871e-02,-2.974945902824401855e-01,-1.750533729791641235e-01
3.931669518351554871e-02,-2.974945902824401855e-01,-1.750533729791641235e-01
3.946818038821220398e-02,-2.982193231582641602e-01,-1.748357862234115601e-01
3.946818038821220398e-02,-2.982193231582641602e-01,-1.748357862234115601e-01
3.961974009871482849e-02,-2.989446520805358887e-01,-1.746170669794082642e-01
3.961974009871482849e-02,-2.989446520805358887e-01,-1.746170669794082642e-01
3.977137804031372070e-02,-2.996706962585449219e-01,-1.743971556425094604e-01
3.977137804031372070e-02,-2.996706962585449219e-01,-1.743971556425094604e-01
3.992309048771858215e-02,-3.003973662853240967e-01,-1.741760969161987305e-01
3.992309048771858215e-02,-3.003973662853240967e-01,-1.741760969161987305e-01
4.007488116621971130e-02,-3.011247515678405762e-01,-1.739538758993148804e-01
4.007488116621971130e-02,-3.011247515678405762e-01,-1.739538758993148804e-01
4.022674262523651123e-02,-3.018527925014495850e-01,-1.737304627895355225e-01
4.022674262523651123e-02,-3.018527925014495850e-01,-1.737304627895355225e-01
4.037867486476898193e-02,-3.025814294815063477e-01,-1.735058724880218506e-01
4.037867486476898193e-02,-3.025814294815063477e-01,-1.735058724880218506e-01
4.053068161010742188e-02,-3.033107519149780273e-01,-1.732801198959350586e-01
4.053068161010742188e-02,-3.033107519149780273e-01,-1.732801198959350586e-01
4.068274796009063721e-02,-3.040407896041870117e-01,-1.730532199144363403e-01
4.068274796009063721e-02,-3.040407896041870117e-01,-1.730532199144363403e-01
4.083489254117012024e-02,-3.047714531421661377e-01,-1.728251129388809204e-01
4.083489254117012024e-02,-3.047714531421661377e-01,-1.728251129388809204e-01
4.098709672689437866e-02,-3.055027425289154053e-01,-1.725958287715911865e-01
4.098709672689437866e-02,-3.055027425289154053e-01,-1.725958287715911865e-01
4.113936424255371094e-02,-3.062347471714019775e-01,-1.723653823137283325e-01
4.113936424255371094e-02,-3.062347471714019775e-01,-1.723653823137283325e-01
4.129169881343841553e-02,-3.069673776626586914e-01,-1.721337437629699707e-01
4.129169881343841553e-02,-3.069673776626586914e-01,-1.721337437629699707e-01
4.144409671425819397e-02,-3.077006936073303223e-01,-1.719009131193161011e-01
4.144409671425819397e-02,-3.077006936073303223e-01,-1.719009131193161011e-01
4.159653931856155396e-02,-3.084346950054168701e-01,-1.716669350862503052e-01
4.159653931856155396e-02,-3.084346950054168701e-01,-1.716669350862503052e-01
4.174905642867088318e-02,-3.091693222522735596e-01,-1.714317202568054199e-01
4.174905642867088318e-02,-3.091693222522735596e-01,-1.714317202568054199e-01
4.190162569284439087e-02,-3.099046051502227783e-01,-1.711953580379486084e-01
4.190162569284439087e-02,-3.099046051502227783e-01,-1.711953580379486084e-01
4.205424711108207703e-02,-3.106406033039093018e-01,-1.709577888250350952e-01
4.205424711108207703e-02,-3.106406033039093018e-01,-1.709577888250350952e-01
4.220692068338394165e-02,-3.113772273063659668e-01,-1.707190424203872681e-01
4.220692068338394165e-02,-3.113772273063659668e-01,-1.707190424203872681e-01
4.235965386033058167e-02,-3.121145069599151611e-01,-1.704790890216827393e-01
4.235965386033058167e-02,-3.121145069599151611e-01,-1.704790890216827393e-01
4.251243546605110168e-02,-3.128525018692016602e-01,-1.702379733324050903e-01
4.251243546605110168e-02,-3.128525018692016602e-01,-1.702379733324050903e-01
4.266526550054550171e-02,-3.135910928249359131e-01,-1.699956357479095459e-01
4.266526550054550171e-02,-3.135910928249359131e-01,-1.699956357479095459e-01
4.281815141439437866e-02,-3.143303692340850830e-01,-1.697521060705184937e-01
4.281815141439437866e-02,-3.143303692340850830e-01,-1.697521060705184937e-01
4.297107458114624023e-02,-3.150703608989715576e-01,-1.695073992013931274e-01
4.297107458114624023e-02,-3.150703608989715576e-01,-1.695073992013931274e-01
4.312404245138168335e-02,-3.158109486103057861e-01,-1.692614555358886719e-01
4.312404245138168335e-02,-3.158109486103057861e-01,-1.692614555358886719e-01
4.327705502510070801e-02,-3.165522217750549316e-01,-1.690143197774887085e-01
4.327705502510070801e-02,-3.165522217750549316e-01,-1.690143197774887085e-01
4.343010857701301575e-02,-3.172941505908966064e-01,-1.687660068273544312e-01
4.343010857701301575e-02,-3.172941505908966064e-01,-1.687660068273544312e-01
4.358320683240890503e-02,-3.180367946624755859e-01,-1.685165017843246460e-01
4.358320683240890503e-02,-3.180367946624755859e-01,-1.685165017843246460e-01
4.373634606599807739e-02,-3.187800645828247070e-01,-1.682657599449157715e-01
4.373634606599807739e-02,-3.187800645828247070e-01,-1.682657599449157715e-01
4.388951882719993591e-02,-3.195239901542663574e-01,-1.680138111114501953e-01
4.388951882719993591e-02,-3.195239901542663574e-01,-1.680138111114501953e-01
4.404272884130477905e-02,-3.202686309814453125e-01,-1.677606701850891113e-01
4.404272884130477905e-02,-3.202686309814453125e-01,-1.677606701850891113e-01
4.419597238302230835e-02,-3.210138976573944092e-01,-1.675063073635101318e-01
4.419597238302230835e-02,-3.210138976573944092e-01,-1.675063073635101318e-01
4.434925317764282227e-02,-3.217598497867584229e-01,-1.672507375478744507e-01
4.434925317764282227e-02,-3.217598497867584229e-01,-1.672507375478744507e-01
4.450256004929542542e-02,-3.225064575672149658e-01,-1.669939607381820679e-01
4.450256004929542542e-02,-3.225064575672149658e-01,-1.669939607381820679e-01
4.465589672327041626e-02,-3.232537209987640381e-01,-1.667359471321105957e-01
4.465589672327041626e-02,-3.232537209987640381e-01,-1.667359471321105957e-01
4.480927065014839172e-02,-3.240016996860504150e-01,-1.664767563343048096e-01
4.480927065014839172e-02,-3.240016996860504150e-01,-1.664767563343048096e-01
4.496266692876815796e-02,-3.247502744197845459e-01,-1.662163436412811279e-01
4.496266692876815796e-02,-3.247502744197845459e-01,-1.662163436412811279e-01
4.511608555912971497e-02,-3.254995644092559814e-01,-1.659546792507171631e-01
4.511608555912971497e-02,-3.254995644092559814e-01,-1.659546792507171631e-01
4.526953771710395813e-02,-3.262494802474975586e-01,-1.656918227672576904e-01
4.526953771710395813e-02,-3.262494802474975586e-01,-1.656918227672576904e-01
4.542300477623939514e-02,-3.270000815391540527e-01,-1.654277294874191284e-01
4.542300477623939514e-02,-3.270000815391540527e-01,-1.654277294874191284e-01
4.557649418711662292e-02,-3.277513980865478516e-01,-1.651624292135238647e-01
4.557649418711662292e-02,-3.277513980865478516e-01,-1.651624292135238647e-01
4.573000594973564148e-02,-3.285033404827117920e-01,-1.648959070444107056e-01
4.573000594973564148e-02,-3.285033404827117920e-01,-1.648959070444107056e-01
4.588353261351585388e-02,-3.292559385299682617e-01,-1.646281331777572632e-01
4.588353261351585388e-02,-3.292559385299682617e-01,-1.646281331777572632e-01
4.603708162903785706e-02,-3.300092220306396484e-01,-1.643591225147247314e-01
4.603708162903785706e-02,-3.300092220306396484e-01,-1.643591225147247314e-01
4.619064182043075562e-02,-3.307631909847259521e-01,-1.640889346599578857e-01
4.619064182043075562e-02,-3.307631909847259521e-01,-1.640889346599578857e-01
4.634421691298484802e-02,-3.315177559852600098e-01,-1.638174802064895630e-01
4.634421691298484802e-02,-3.315177559852600098e-01,-1.638174802064895630e-01
4.649780690670013428e-02,-3.322730660438537598e-01,-1.635447889566421509e-01
4.649780690670013428e-02,-3.322730660438537598e-01,-1.635447889566421509e-01
4.665141180157661438e-02,-3.330290317535400391e-01,-1.632708907127380371e-01
4.665141180157661438e-02,-3.330290317535400391e-01,-1.632708907127380371e-01
4.680502042174339294e-02,-3.337856531143188477e-01,-1.629957258701324463e-01
4.680502042174339294e-02,-3.337856531143188477e-01,-1.629957258701324463e-01
4.695863649249076843e-02,-3.345429301261901855e-01,-1.627193689346313477e-01
4.695863649249076843e-02,-3.345429301261901855e-01,-1.627193689346313477e-01
4.711226373910903931e-02,-3.353009223937988281e-01,-1.624417304992675781e-01
4.711226373910903931e-02,-3.353009223937988281e-01,-1.624417304992675781e-01
4.726589098572731018e-02,-3.360595405101776123e-01,-1.621628701686859131e-01
4.726589098572731018e-02,-3.360595405101776123e-01,-1.621628701686859131e-01
4.741952568292617798e-02,-3.368188142776489258e-01,-1.618827730417251587e-01
4.741952568292617798e-02,-3.368188142776489258e-01,-1.618827730417251587e-01
4.757315665483474731e-02,-3.375788033008575439e-01,-1.616014242172241211e-01
4.757315665483474731e-02,-3.375788033008575439e-01,-1.616014242172241211e-01
4.772679880261421204e-02,-3.383394181728363037e-01,-1.613188385963439941e-01
4.772679880261421204e-02,-3.383394181728363037e-01,-1.613188385963439941e-01
4.788043349981307983e-02,-3.391007483005523682e-01,-1.610350012779235840e-01
4.788043349981307983e-02,-3.391007483005523682e-01,-1.610350012779235840e-01
4.803406819701194763e-02,-3.398627340793609619e-01,-1.607498973608016968e-01
4.803406819701194763e-02,-3.398627340793609619e-01,-1.607498973608016968e-01
4.818769916892051697e-02,-3.406253755092620850e-01,-1.604635864496231079e-01
4.818769916892051697e-02,-3.406253755092620850e-01,-1.604635864496231079e-01
4.834132269024848938e-02,-3.413886725902557373e-01,-1.601759940385818481e-01
4.834132269024848938e-02,-3.413886725902557373e-01,-1.601759940385818481e-01
4.849494621157646179e-02,-3.421526849269866943e-01,-1.598871648311614990e-01
4.849494621157646179e-02,-3.421526849269866943e-01,-1.598871648311614990e-01
4.864855110645294189e-02,-3.429173529148101807e-01,-1.595970839262008667e-01
4.864855110645294189e-02,-3.429173529148101807e-01,-1.595970839262008667e-01
4.880215600132942200e-02,-3.436826467514038086e-01,-1.593057215213775635e-01
4.880215600132942200e-02,-3.436826467514038086e-01,-1.593057215213775635e-01
4.895574599504470825e-02,-3.444486856460571289e-01,-1.590131521224975586e-01
4.895574599504470825e-02,-3.444486856460571289e-01,-1.590131521224975586e-01
4.910932108759880066e-02,-3.452153801918029785e-01,-1.587192863225936890e-01
4.910932108759880066e-02,-3.452153801918029785e-01,-1.587192863225936890e-01
4.926288500428199768e-02,-3.459827005863189697e-01,-1.584241688251495361e-01
4.926288500428199768e-02,-3.459827005863189697e-01,-1.584241688251495361e-01
4.941643774509429932e-02,-3.467507064342498779e-01,-1.581277996301651001e-01
4.941643774509429932e-02,-3.467507064342498779e-01,-1.581277996301651001e-01
4.956996813416481018e-02,-3.475194275379180908e-01,-1.578301489353179932e-01
4.956996813416481018e-02,-3.475194275379180908e-01,-1.578301489353179932e-01
4.972347989678382874e-02,-3.482887744903564453e-01,-1.575312465429306030e-01
4.972347989678382874e-02,-3.482887744903564453e-01,-1.575312465429306030e-01
4.987697303295135498e-02,-3.490588068962097168e-01,-1.572310924530029297e-01
4.987697303295135498e-02,-3.490588068962097168e-01,-1.572310924530029297e-01
5.003044381737709045e-02,-3.498295247554779053e-01,-1.569296419620513916e-01
5.003044381737709045e-02,-3.498295247554779053e-01,-1.569296419620513916e-01
5.018389225006103516e-02,-3.506008982658386230e-01,-1.566269397735595703e-01
5.018389225006103516e-02,-3.506008982658386230e-01,-1.566269397735595703e-01
5.033732205629348755e-02,-3.513729274272918701e-01,-1.563229709863662720e-01
5.033732205629348755e-02,-3.513729274272918701e-01,-1.563229709863662720e-01
5.049071833491325378e-02,-3.521456420421600342e-01,-1.560177206993103027e-01
5.049071833491325378e-02,-3.521456420421600342e-01,-1.560177206993103027e-01
5.064408853650093079e-02,-3.529190421104431152e-01,-1.557112187147140503e-01
5.064408853650093079e-02,-3.529190421104431152e-01,-1.557112187147140503e-01
5.079743638634681702e-02,-3.536931276321411133e-01,-1.554034203290939331e-01
5.079743638634681702e-02,-3.536931276321411133e-01,-1.554034203290939331e-01
5.095074698328971863e-02,-3.544678688049316406e-01,-1.550943553447723389e-01
5.095074698328971863e-02,-3.544678688049316406e-01,-1.550943553447723389e-01
5.110402777791023254e-02,-3.552432954311370850e-01,-1.547840088605880737e-01
5.110402777791023254e-02,-3.552432954311370850e-01,-1.547840088605880737e-01
5.125728249549865723e-02,-3.560194075107574463e-01,-1.544723808765411377e-01
5.125728249549865723e-02,-3.560194075107574463e-01,-1.544723808765411377e-01
5.141048505902290344e-02,-3.567961454391479492e-01,-1.541594862937927246e-01
5.141048505902290344e-02,-3.567961454391479492e-01,-1.541594862937927246e-01
5.156366527080535889e-02,-3.575735688209533691e-01,-1.538452953100204468e-01
5.156366527080535889e-02,-3.575735688209533691e-01,-1.538452953100204468e-01
5.171681195497512817e-02,-3.583517074584960938e-01,-1.535298377275466919e-01
5.171681195497512817e-02,-3.583517074584960938e-01,-1.535298377275466919e-01
5.186991021037101746e-02,-3.591304719448089600e-01,-1.532130688428878784e-01
5.186991021037101746e-02,-3.591304719448089600e-01,-1.532130688428878784e-01
5.202297121286392212e-02,-3.599099516868591309e-01,-1.528950333595275879e-01
5.202297121286392212e-02,-3.599099516868591309e-01,-1.528950333595275879e-01
5.217599123716354370e-02,-3.606900870800018311e-01,-1.525757014751434326e-01
5.217599123716354370e-02,-3.606900870800018311e-01,-1.525757014751434326e-01
5.232896655797958374e-02,-3.614708781242370605e-01,-1.522550731897354126e-01
5.232896655797958374e-02,-3.614708781242370605e-01,-1.522550731897354126e-01
5.248190090060234070e-02,-3.622523546218872070e-01,-1.519331783056259155e-01
5.248190090060234070e-02,-3.622523546218872070e-01,-1.519331783056259155e-01
5.263478308916091919e-02,-3.630344867706298828e-01,-1.516099870204925537e-01
5.263478308916091919e-02,-3.630344867706298828e-01,-1.516099870204925537e-01
5.278761684894561768e-02,-3.638173639774322510e-01,-1.512854695320129395e-01
5.278761684894561768e-02,-3.638173639774322510e-01,-1.512854695320129395e-01
5.294040963053703308e-02,-3.646008968353271484e-01,-1.509596854448318481e-01
5.294040963053703308e-02,-3.646008968353271484e-01,-1.509596854448318481e-01
5.309313908219337463e-02,-3.653850555419921875e-01,-1.506325900554656982e-01
5.309313908219337463e-02,-3.653850555419921875e-01,-1.506325900554656982e-01
5.324582383036613464e-02,-3.661698997020721436e-01,-1.503041982650756836e-01
5.324582383036613464e-02,-3.661698997020721436e-01,-1.503041982650756836e-01
5.339846014976501465e-02,-3.669554591178894043e-01,-1.499745100736618042e-01
5.339846014976501465e-02,-3.669554591178894043e-01,-1.499745100736618042e-01
5.355103313922882080e-02,-3.677416741847991943e-01,-1.496435403823852539e-01
5.355103313922882080e-02,-3.677416741847991943e-01,-1.496435403823852539e-01
5.370354652404785156e-02,-3.685285747051239014e-01,-1.493112295866012573e-01
5.370354652404785156e-02,-3.685285747051239014e-01,-1.493112295866012573e-01
5.385601148009300232e-02,-3.693161308765411377e-01,-1.489776372909545898e-01
5.385601148009300232e-02,-3.693161308765411377e-01,-1.489776372909545898e-01
5.400841310620307922e-02,-3.701043725013732910e-01,-1.486427485942840576e-01
5.400841310620307922e-02,-3.701043725013732910e-01,-1.486427485942840576e-01
5.416075512766838074e-02,-3.708932697772979736e-01,-1.483065336942672729e-01
5.416075512766838074e-02,-3.708932697772979736e-01,-1.483065336942672729e-01
5.431302636861801147e-02,-3.716828823089599609e-01,-1.479690074920654297e-01
5.431302636861801147e-02,-3.716828823089599609e-01,-1.479690074920654297e-01
5.446523800492286682e-02,-3.724731206893920898e-01,-1.476301699876785278e-01
5.446523800492286682e-02,-3.724731206893920898e-01,-1.476301699876785278e-01
5.461738631129264832e-02,-3.732641041278839111e-01,-1.472900360822677612e-01
5.461738631129264832e-02,-3.732641041278839111e-01,-1.472900360822677612e-01
5.476946756243705750e-02,-3.740557432174682617e-01,-1.469485610723495483e-01
5.476946756243705750e-02,-3.740557432174682617e-01,-1.469485610723495483e-01
5.492148175835609436e-02,-3.748480379581451416e-01,-1.466057896614074707e-01
5.492148175835609436e-02,-3.748480379581451416e-01,-1.466057896614074707e-01
5.507342144846916199e-02,-3.756410181522369385e-01,-1.462617218494415283e-01
5.507342144846916199e-02,-3.756410181522369385e-01,-1.462617218494415283e-01
5.522529035806655884e-02,-3.764346837997436523e-01,-1.459163129329681396e-01
5.522529035806655884e-02,-3.764346837997436523e-01,-1.459163129329681396e-01
5.537709221243858337e-02,-3.772290050983428955e-01,-1.455695778131484985e-01
5.537709221243858337e-02,-3.772290050983428955e-01,-1.455695778131484985e-01
5.552881211042404175e-02,-3.780240118503570557e-01,-1.452215313911437988e-01
5.552881211042404175e-02,-3.780240118503570557e-01,-1.452215313911437988e-01
5.568045750260353088e-02,-3.788197338581085205e-01,-1.448721587657928467e-01
5.568045750260353088e-02,-3.788197338581085205e-01,-1.448721587657928467e-01
5.583203211426734924e-02,-3.796161115169525146e-01,-1.445214599370956421e-01
5.583203211426734924e-02,-3.796161115169525146e-01,-1.445214599370956421e-01
5.598352476954460144e-02,-3.804131448268890381e-01,-1.441694349050521851e-01
5.598352476954460144e-02,-3.804131448268890381e-01,-1.441694349050521851e-01
5.613493174314498901e-02,-3.812109231948852539e-01,-1.438160985708236694e-01
5.613493174314498901e-02,-3.812109231948852539e-01,-1.438160985708236694e-01
5.628626048564910889e-02,-3.820092976093292236e-01,-1.434614211320877075e-01
5.628626048564910889e-02,-3.820092976093292236e-01,-1.434614211320877075e-01
5.643751099705696106e-02,-3.828083872795104980e-01,-1.431054174900054932e-01
5.643751099705696106e-02,-3.828083872795104980e-01,-1.431054174900054932e-01
5.658866837620735168e-02,-3.836081922054290771e-01,-1.427480727434158325e-01
5.658866837620735168e-02,-3.836081922054290771e-01,-1.427480727434158325e-01
5.673974007368087769e-02,-3.844086229801177979e-01,-1.423894017934799194e-01
5.673974007368087769e-02,-3.844086229801177979e-01,-1.423894017934799194e-01
5.689072608947753906e-02,-3.852097690105438232e-01,-1.420293897390365601e-01
5.689072608947753906e-02,-3.852097690105438232e-01,-1.420293897390365601e-01
5.704163014888763428e-02,-3.860115706920623779e-01,-1.416680365800857544e-01
5.704163014888763428e-02,-3.860115706920623779e-01,-1.416680365800857544e-01
5.719243735074996948e-02,-3.868140578269958496e-01,-1.413053572177886963e-01
5.719243735074996948e-02,-3.868140578269958496e-01,-1.413053572177886963e-01
5.734315514564514160e-02,-3.876172304153442383e-01,-1.409413367509841919e-01
5.734315514564514160e-02,-3.876172304153442383e-01,-1.409413367509841919e-01
5.749377235770225525e-02,-3.884210586547851562e-01,-1.405759751796722412e-01
5.749377235770225525e-02,-3.884210586547851562e-01,-1.405759751796722412e-01
5.764430016279220581e-02,-3.892256021499633789e-01,-1.402092576026916504e-01
5.764430016279220581e-02,-3.892256021499633789e-01,-1.402092576026916504e-01
5.779472738504409790e-02,-3.900308310985565186e-01,-1.398412138223648071e-01
5.779472738504409790e-02,-3.900308310985565186e-01,-1.398412138223648071e-01
5.794506147503852844e-02,-3.908367156982421875e-01,-1.394718289375305176e-01
5.794506147503852844e-02,-3.908367156982421875e-01,-1.394718289375305176e-01
5.809529498219490051e-02,-3.916433155536651611e-01,-1.391010880470275879e-01
5.809529498219490051e-02,-3.916433155536651611e-01,-1.391010880470275879e-01
5.824542418122291565e-02,-3.924505412578582764e-01,-1.387290060520172119e-01
5.824542418122291565e-02,-3.924505412578582764e-01,-1.387290060520172119e-01
5.839545652270317078e-02,-3.932585120201110840e-01,-1.383555680513381958e-01
5.839545652270317078e-02,-3.932585120201110840e-01,-1.383555680513381958e-01
5.854538455605506897e-02,-3.940671086311340332e-01,-1.379807740449905396e-01
5.854538455605506897e-02,-3.940671086311340332e-01,-1.379807740449905396e-01
5.869519710540771484e-02,-3.948764204978942871e-01,-1.376046240329742432e-01
5.869519710540771484e-02,-3.948764204978942871e-01,-1.376046240329742432e-01
5.884491279721260071e-02,-3.956863582134246826e-01,-1.372271180152893066e-01
5.884491279721260071e-02,-3.956863582134246826e-01,-1.372271180152893066e-01
5.899452045559883118e-02,-3.964970707893371582e-01,-1.368482559919357300e-01
5.899452045559883118e-02,-3.964970707893371582e-01,-1.368482559919357300e-01
5.914401635527610779e-02,-3.973084092140197754e-01,-1.364680528640747070e-01
5.914401635527610779e-02,-3.973084092140197754e-01,-1.364680528640747070e-01
5.929340049624443054e-02,-3.981204330921173096e-01,-1.360864788293838501e-01
5.929340049624443054e-02,-3.981204330921173096e-01,-1.360864788293838501e-01
5.944266915321350098e-02,-3.989331722259521484e-01,-1.357035338878631592e-01
5.944266915321350098e-02,-3.989331722259521484e-01,-1.357035338878631592e-01
5.959182605147361755e-02,-3.997465074062347412e-01,-1.353192478418350220e-01
5.959182605147361755e-02,-3.997465074062347412e-01,-1.353192478418350220e-01
5.974086374044418335e-02,-4.005606174468994141e-01,-1.349335908889770508e-01
5.974086374044418335e-02,-4.005606174468994141e-01,-1.349335908889770508e-01
5.988979339599609375e-02,-4.013753831386566162e-01,-1.345465630292892456e-01
5.988979339599609375e-02,-4.013753831386566162e-01,-1.345465630292892456e-01
6.003859639167785645e-02,-4.021908342838287354e-01,-1.341581791639328003e-01
6.003859639167785645e-02,-4.021908342838287354e-01,-1.341581791639328003e-01
6.018728390336036682e-02,-4.030069708824157715e-01,-1.337684243917465210e-01
6.018728390336036682e-02,-4.030069708824157715e-01,-1.337684243917465210e-01
6.033584475517272949e-02,-4.038237631320953369e-01,-1.333772838115692139e-01
6.033584475517272949e-02,-4.038237631320953369e-01,-1.333772838115692139e-01
6.048428267240524292e-02,-4.046412408351898193e-01,-1.329848021268844604e-01
6.048428267240524292e-02,-4.046412408351898193e-01,-1.329848021268844604e-01
6.063260138034820557e-02,-4.054594039916992188e-01,-1.325909197330474854e-01
6.063260138034820557e-02,-4.054594039916992188e-01,-1.325909197330474854e-01
6.078078970313072205e-02,-4.062782824039459229e-01,-1.321956813335418701e-01
6.078078970313072205e-02,-4.062782824039459229e-01,-1.321956813335418701e-01
6.092885881662368774e-02,-4.070978760719299316e-01,-1.317990422248840332e-01
6.092885881662368774e-02,-4.070978760719299316e-01,-1.317990422248840332e-01
6.107679381966590881e-02,-4.079180657863616943e-01,-1.314010620117187500e-01
6.107679381966590881e-02,-4.079180657863616943e-01,-1.314010620117187500e-01
6.122459471225738525e-02,-4.087390005588531494e-01,-1.310016661882400513e-01
6.122459471225738525e-02,-4.087390005588531494e-01,-1.310016661882400513e-01
6.137226149439811707e-02,-4.095605909824371338e-01,-1.306009143590927124e-01
6.137226149439811707e-02,-4.095605909824371338e-01,-1.306009143590927124e-01
6.151979789137840271e-02,-4.103828668594360352e-01,-1.301987767219543457e-01
6.151979789137840271e-02,-4.103828668594360352e-01,-1.301987767219543457e-01
6.166720390319824219e-02,-4.112058579921722412e-01,-1.297952532768249512e-01
6.166720390319824219e-02,-4.112058579921722412e-01,-1.297952532768249512e-01
6.181447207927703857e-02,-4.120295047760009766e-01,-1.293903440237045288e-01
6.181447207927703857e-02,-4.120295047760009766e-01,-1.293903440237045288e-01
6.196159869432449341e-02,-4.128538370132446289e-01,-1.289840489625930786e-01
6.196159869432449341e-02,-4.128538370132446289e-01,-1.289840489625930786e-01
6.210858374834060669e-02,-4.136788547039031982e-01,-1.285763680934906006e-01
6.210858374834060669e-02,-4.136788547039031982e-01,-1.285763680934906006e-01
6.225543841719627380e-02,-4.145045876502990723e-01,-1.281673014163970947e-01
6.225543841719627380e-02,-4.145045876502990723e-01,-1.281673014163970947e-01
6.240214407444000244e-02,-4.153309762477874756e-01,-1.277568340301513672e-01
6.240214407444000244e-02,-4.153309762477874756e-01,-1.277568340301513672e-01
6.254871189594268799e-02,-4.161580801010131836e-01,-1.273449808359146118e-01
6.254871189594268799e-02,-4.161580801010131836e-01,-1.273449808359146118e-01
6.269512325525283813e-02,-4.169858098030090332e-01,-1.269317269325256348e-01
6.269512325525283813e-02,-4.169858098030090332e-01,-1.269317269325256348e-01
6.284140050411224365e-02,-4.178142845630645752e-01,-1.265170872211456299e-01
6.284140050411224365e-02,-4.178142845630645752e-01,-1.265170872211456299e-01
6.298752129077911377e-02,-4.186434745788574219e-01,-1.261010468006134033e-01
6.298752129077911377e-02,-4.186434745788574219e-01,-1.261010468006134033e-01
6.313349306583404541e-02,-4.194732606410980225e-01,-1.256835907697677612e-01
6.313349306583404541e-02,-4.194732606410980225e-01,-1.256835907697677612e-01
6.327931582927703857e-02,-4.203037619590759277e-01,-1.252647638320922852e-01
6.327931582927703857e-02,-4.203037619590759277e-01,-1.252647638320922852e-01
6.342498958110809326e-02,-4.211349785327911377e-01,-1.248445212841033936e-01
6.342498958110809326e-02,-4.211349785327911377e-01,-1.248445212841033936e-01
6.357049942016601562e-02,-4.219668805599212646e-01,-1.244228854775428772e-01
6.357049942016601562e-02,-4.219668805599212646e-01,-1.244228854775428772e-01
6.371586024761199951e-02,-4.227994382381439209e-01,-1.239998191595077515e-01
6.371586024761199951e-02,-4.227994382381439209e-01,-1.239998191595077515e-01
6.386106461286544800e-02,-4.236327111721038818e-01,-1.235753744840621948e-01
6.386106461286544800e-02,-4.236327111721038818e-01,-1.235753744840621948e-01
6.400611251592636108e-02,-4.244666397571563721e-01,-1.231495216488838196e-01
6.400611251592636108e-02,-4.244666397571563721e-01,-1.231495216488838196e-01
6.415098905563354492e-02,-4.253013134002685547e-01,-1.227222383022308350e-01
6.415098905563354492e-02,-4.253013134002685547e-01,-1.227222383022308350e-01
6.429571658372879028e-02,-4.261366128921508789e-01,-1.222935616970062256e-01
6.429571658372879028e-02,-4.261366128921508789e-01,-1.222935616970062256e-01
6.444027274847030640e-02,-4.269726574420928955e-01,-1.218634620308876038e-01
6.444027274847030640e-02,-4.269726574420928955e-01,-1.218634620308876038e-01
6.458467245101928711e-02,-4.278093874454498291e-01,-1.214319542050361633e-01
6.458467245101928711e-02,-4.278093874454498291e-01,-1.214319542050361633e-01
6.472890079021453857e-02,-4.286467730998992920e-01,-1.209990307688713074e-01
6.472890079021453857e-02,-4.286467730998992920e-01,-1.209990307688713074e-01
6.487296521663665771e-02,-4.294848442077636719e-01,-1.205646917223930359e-01
6.487296521663665771e-02,-4.294848442077636719e-01,-1.205646917223930359e-01
6.501685827970504761e-02,-4.303236305713653564e-01,-1.201289445161819458e-01
6.501685827970504761e-02,-4.303236305713653564e-01,-1.201289445161819458e-01
6.516057997941970825e-02,-4.311631023883819580e-01,-1.196917593479156494e-01
6.516057997941970825e-02,-4.311631023883819580e-01,-1.196917593479156494e-01
6.530413031578063965e-02,-4.320032000541687012e-01,-1.192531660199165344e-01
6.530413031578063965e-02,-4.320032000541687012e-01,-1.192531660199165344e-01
6.544750928878784180e-02,-4.328440725803375244e-01,-1.188131496310234070e-01
6.544750928878784180e-02,-4.328440725803375244e-01,-1.188131496310234070e-01
6.559071689844131470e-02,-4.336856007575988770e-01,-1.183717027306556702e-01
6.559071689844131470e-02,-4.336856007575988770e-01,-1.183717027306556702e-01
6.573374569416046143e-02,-4.345278143882751465e-01,-1.179288327693939209e-01
6.573374569416046143e-02,-4.345278143882751465e-01,-1.179288327693939209e-01
6.587659567594528198e-02,-4.353707432746887207e-01,-1.174845322966575623e-01
6.587659567594528198e-02,-4.353707432746887207e-01,-1.174845322966575623e-01
6.601927429437637329e-02,-4.362143278121948242e-01,-1.170388087630271912e-01
6.601927429437637329e-02,-4.362143278121948242e-01,-1.170388087630271912e-01
6.616175174713134766e-02,-4.370585978031158447e-01,-1.165916547179222107e-01
6.616175174713134766e-02,-4.370585978031158447e-01,-1.165916547179222107e-01
6.630406528711318970e-02,-4.379036128520965576e-01,-1.161430627107620239e-01
6.630406528711318970e-02,-4.379036128520965576e-01,-1.161430627107620239e-01
6.644618511199951172e-02,-4.387492537498474121e-01,-1.156930401921272278e-01
6.644618511199951172e-02,-4.387492537498474121e-01,-1.156930401921272278e-01
6.658813357353210449e-02,-4.395956099033355713e-01,-1.152415797114372253e-01
6.658813357353210449e-02,-4.395956099033355713e-01,-1.152415797114372253e-01
6.672988086938858032e-02,-4.404426813125610352e-01,-1.147886961698532104e-01
6.672988086938858032e-02,-4.404426813125610352e-01,-1.147886961698532104e-01
6.687144935131072998e-02,-4.412904381752014160e-01,-1.143343672156333923e-01
6.687144935131072998e-02,-4.412904381752014160e-01,-1.143343672156333923e-01
6.701282411813735962e-02,-4.421388506889343262e-01,-1.138785928487777710e-01
6.701282411813735962e-02,-4.421388506889343262e-01,-1.138785928487777710e-01
6.715401262044906616e-02,-4.429879784584045410e-01,-1.134213879704475403e-01
6.715401262044906616e-02,-4.429879784584045410e-01,-1.134213879704475403e-01
6.729499995708465576e-02,-4.438377916812896729e-01,-1.129627376794815063e-01
6.729499995708465576e-02,-4.438377916812896729e-01,-1.129627376794815063e-01
6.743580102920532227e-02,-4.446883201599121094e-01,-1.125026419758796692e-01
6.743580102920532227e-02,-4.446883201599121094e-01,-1.125026419758796692e-01
6.757640838623046875e-02,-4.455395340919494629e-01,-1.120410934090614319e-01
6.757640838623046875e-02,-4.455395340919494629e-01,-1.120410934090614319e-01
6.771681457757949829e-02,-4.463914036750793457e-01,-1.115781143307685852e-01
6.771681457757949829e-02,-4.463914036750793457e-01,-1.115781143307685852e-01
6.785702705383300781e-02,-4.472440183162689209e-01,-1.111136823892593384e-01
6.785702705383300781e-02,-4.472440183162689209e-01,-1.111136823892593384e-01
6.799703091382980347e-02,-4.480972886085510254e-01,-1.106477901339530945e-01
6.799703091382980347e-02,-4.480972886085510254e-01,-1.106477901339530945e-01
6.813684105873107910e-02,-4.489512741565704346e-01,-1.101804599165916443e-01
6.813684105873107910e-02,-4.489512741565704346e-01,-1.101804599165916443e-01
6.827644258737564087e-02,-4.498058855533599854e-01,-1.097116619348526001e-01
6.827644258737564087e-02,-4.498058855533599854e-01,-1.097116619348526001e-01
6.841584295034408569e-02,-4.506612420082092285e-01,-1.092414185404777527e-01
6.841584295034408569e-02,-4.506612420082092285e-01,-1.092414185404777527e-01
6.855504214763641357e-02,-4.515172839164733887e-01,-1.087697222828865051e-01
6.855504214763641357e-02,-4.515172839164733887e-01,-1.087697222828865051e-01
6.869402527809143066e-02,-4.523740410804748535e-01,-1.082965582609176636e-01
6.869402527809143066e-02,-4.523740410804748535e-01,-1.082965582609176636e-01
6.883280724287033081e-02,-4.532314836978912354e-01,-1.078219488263130188e-01
6.883280724287033081e-02,-4.532314836978912354e-01,-1.078219488263130188e-01
6.897137314081192017e-02,-4.540896415710449219e-01,-1.073458641767501831e-01
6.897137314081192017e-02,-4.540896415710449219e-01,-1.073458641767501831e-01
6.910973787307739258e-02,-4.549484252929687500e-01,-1.068683341145515442e-01
6.910973787307739258e-02,-4.549484252929687500e-01,-1.068683341145515442e-01
-5.013788342475891113e-01,1.405897289514541626e-01,-1.448302417993545532e-01
-5.013788342475891113e-01,1.405897289514541626e-01,-1.448302417993545532e-01
-5.010302066802978516e-01,1.413452774286270142e-01,-1.446726620197296143e-01
-5.010302066802978516e-01,1.413452774286270142e-01,-1.446726620197296143e-01
-5.006808042526245117e-01,1.420973539352416992e-01,-1.445155441761016846e-01
-5.006808042526245117e-01,1.420973539352416992e-01,-1.445155441761016846e-01
-5.003308057785034180e-01,1.428460180759429932e-01,-1.443589329719543457e-01
-5.003308057785034180e-01,1.428460180759429932e-01,-1.443589329719543457e-01
-4.999800324440002441e-01,1.435912400484085083e-01,-1.442027986049652100e-01
-4.999800324440002441e-01,1.435912400484085083e-01,-1.442027986049652100e-01
-4.996284544467926025e-01,1.443330347537994385e-01,-1.440471261739730835e-01
-4.996284544467926025e-01,1.443330347537994385e-01,-1.440471261739730835e-01
-4.992762506008148193e-01,1.450714021921157837e-01,-1.438919305801391602e-01
-4.992762506008148193e-01,1.450714021921157837e-01,-1.438919305801391602e-01
-4.989234209060668945e-01,1.458063572645187378e-01,-1.437372267246246338e-01
-4.989234209060668945e-01,1.458063572645187378e-01,-1.437372267246246338e-01
-4.985697567462921143e-01,1.465378850698471069e-01,-1.435829848051071167e-01
-4.985697567462921143e-01,1.465378850698471069e-01,-1.435829848051071167e-01
-4.982154369354248047e-01,1.472660303115844727e-01,-1.434292346239089966e-01
-4.982154369354248047e-01,1.472660303115844727e-01,-1.434292346239089966e-01
-4.978604018688201904e-01,1.479907780885696411e-01,-1.432759463787078857e-01
-4.978604018688201904e-01,1.479907780885696411e-01,-1.432759463787078857e-01
-4.975046813488006592e-01,1.487120985984802246e-01,-1.431231349706649780e-01
-4.975046813488006592e-01,1.487120985984802246e-01,-1.431231349706649780e-01
-4.971482753753662109e-01,1.494300365447998047e-01,-1.429708003997802734e-01
-4.971482753753662109e-01,1.494300365447998047e-01,-1.429708003997802734e-01
-4.967910945415496826e-01,1.501446068286895752e-01,-1.428189426660537720e-01
-4.967910945415496826e-01,1.501446068286895752e-01,-1.428189426660537720e-01
-4.964332282543182373e-01,1.508557796478271484e-01,-1.426675319671630859e-01
-4.964332282543182373e-01,1.508557796478271484e-01,-1.426675319671630859e-01
-4.960746467113494873e-01,1.515635699033737183e-01,-1.425166130065917969e-01
-4.960746467113494873e-01,1.515635699033737183e-01,-1.425166130065917969e-01
-4.957153797149658203e-01,1.522679924964904785e-01,-1.423661559820175171e-01
-4.957153797149658203e-01,1.522679924964904785e-01,-1.423661559820175171e-01
-4.953553676605224609e-01,1.529690474271774292e-01,-1.422161757946014404e-01
-4.953553676605224609e-01,1.529690474271774292e-01,-1.422161757946014404e-01
-4.949946999549865723e-01,1.536667644977569580e-01,-1.420666575431823730e-01
-4.949946999549865723e-01,1.536667644977569580e-01,-1.420666575431823730e-01
-4.946332871913909912e-01,1.543611139059066772e-01,-1.419176161289215088e-01
-4.946332871913909912e-01,1.543611139059066772e-01,-1.419176161289215088e-01
-4.942711293697357178e-01,1.550521254539489746e-01,-1.417690366506576538e-01
-4.942711293697357178e-01,1.550521254539489746e-01,-1.417690366506576538e-01
-4.939082562923431396e-01,1.557397842407226562e-01,-1.416209191083908081e-01
-4.939082562923431396e-01,1.557397842407226562e-01,-1.416209191083908081e-01
-4.935447573661804199e-01,1.564241200685501099e-01,-1.414732784032821655e-01
-4.935447573661804199e-01,1.564241200685501099e-01,-1.414732784032821655e-01
-4.931804537773132324e-01,1.571050733327865601e-01,-1.413260847330093384e-01
-4.931804537773132324e-01,1.571050733327865601e-01,-1.413260847330093384e-01
-4.928155541419982910e-01,1.577827632427215576e-01,-1.411793678998947144e-01
-4.928155541419982910e-01,1.577827632427215576e-01,-1.411793678998947144e-01
-4.924498498439788818e-01,1.584571003913879395e-01,-1.410330981016159058e-01
-4.924498498439788818e-01,1.584571003913879395e-01,-1.410330981016159058e-01
-4.920834302902221680e-01,1.591281145811080933e-01,-1.408873051404953003e-01
-4.920834302902221680e-01,1.591281145811080933e-01,-1.408873051404953003e-01
-4.917163550853729248e-01,1.597958356142044067e-01,-1.407419741153717041e-01
-4.917163550853729248e-01,1.597958356142044067e-01,-1.407419741153717041e-01
-4.913485646247863770e-01,1.604602485895156860e-01,-1.405971199274063110e-01
-4.913485646247863770e-01,1.604602485895156860e-01,-1.405971199274063110e-01
-4.909799993038177490e-01,1.611213684082031250e-01,-1.404526829719543457e-01
-4.909799993038177490e-01,1.611213684082031250e-01,-1.404526829719543457e-01
-4.906107783317565918e-01,1.617791652679443359e-01,-1.403087377548217773e-01
-4.906107783317565918e-01,1.617791652679443359e-01,-1.403087377548217773e-01
-4.902408123016357422e-01,1.624336987733840942e-01,-1.401652544736862183e-01
-4.902408123016357422e-01,1.624336987733840942e-01,-1.401652544736862183e-01
-4.898701608180999756e-01,1.630849391222000122e-01,-1.400222033262252808e-01
-4.898701608180999756e-01,1.630849391222000122e-01,-1.400222033262252808e-01
-4.894987940788269043e-01,1.637329012155532837e-01,-1.398796290159225464e-01
-4.894987940788269043e-01,1.637329012155532837e-01,-1.398796290159225464e-01
-4.891267120838165283e-01,1.643775701522827148e-01,-1.397375017404556274e-01
-4.891267120838165283e-01,1.643775701522827148e-01,-1.397375017404556274e-01
-4.887538850307464600e-01,1.650189757347106934e-01,-1.395958364009857178e-01
-4.887538850307464600e-01,1.650189757347106934e-01,-1.395958364009857178e-01
-4.883803725242614746e-01,1.656571477651596069e-01,-1.394546180963516235e-01
-4.883803725242614746e-01,1.656571477651596069e-01,-1.394546180963516235e-01
-4.880060851573944092e-01,1.662920415401458740e-01,-1.393138617277145386e-01
-4.880060851573944092e-01,1.662920415401458740e-01,-1.393138617277145386e-01
-4.876311421394348145e-01,1.669236868619918823e-01,-1.391735672950744629e-01
-4.876311421394348145e-01,1.669236868619918823e-01,-1.391735672950744629e-01
-4.872555136680603027e-01,1.675520688295364380e-01,-1.390337049961090088e-01
-4.872555136680603027e-01,1.675520688295364380e-01,-1.390337049961090088e-01
-4.868791401386260986e-01,1.681772321462631226e-01,-1.388942897319793701e-01
-4.868791401386260986e-01,1.681772321462631226e-01,-1.388942897319793701e-01
-4.865020811557769775e-01,1.687991470098495483e-01,-1.387553513050079346e-01
-4.865020811557769775e-01,1.687991470098495483e-01,-1.387553513050079346e-01
-4.861242473125457764e-01,1.694178283214569092e-01,-1.386168450117111206e-01
-4.861242473125457764e-01,1.694178283214569092e-01,-1.386168450117111206e-01
-4.857456982135772705e-01,1.700332611799240112e-01,-1.384787857532501221e-01
-4.857456982135772705e-01,1.700332611799240112e-01,-1.384787857532501221e-01
-4.853664934635162354e-01,1.706455051898956299e-01,-1.383411884307861328e-01
-4.853664934635162354e-01,1.706455051898956299e-01,-1.383411884307861328e-01
-4.849865138530731201e-01,1.712545454502105713e-01,-1.382040381431579590e-01
-4.849865138530731201e-01,1.712545454502105713e-01,-1.382040381431579590e-01
-4.846058785915374756e-01,1.718603670597076416e-01,-1.380673199892044067e-01
-4.846058785915374756e-01,1.718603670597076416e-01,-1.380673199892044067e-01
-4.842244684696197510e-01,1.724629700183868408e-01,-1.379310488700866699e-01
-4.842244684696197510e-01,1.724629700183868408e-01,-1.379310488700866699e-01
-4.838423728942871094e-01,1.730623841285705566e-01,-1.377952396869659424e-01
-4.838423728942871094e-01,1.730623841285705566e-01,-1.377952396869659424e-01
-4.834595322608947754e-01,1.736586093902587891e-01,-1.376598626375198364e-01
-4.834595322608947754e-01,1.736586093902587891e-01,-1.376598626375198364e-01
-4.830759763717651367e-01,1.742516309022903442e-01,-1.375249326229095459e-01
-4.830759763717651367e-01,1.742516309022903442e-01,-1.375249326229095459e-01
-4.826917350292205811e-01,1.748414635658264160e-01,-1.373904496431350708e-01
-4.826917350292205811e-01,1.748414635658264160e-01,-1.373904496431350708e-01
-4.823068082332611084e-01,1.754281222820281982e-01,-1.372563987970352173e-01
-4.823068082332611084e-01,1.754281222820281982e-01,-1.372563987970352173e-01
-4.819210767745971680e-01,1.760116219520568848e-01,-1.371228098869323730e-01
-4.819210767745971680e-01,1.760116219520568848e-01,-1.371228098869323730e-01
-4.815346598625183105e-01,1.765919476747512817e-01,-1.369896233081817627e-01
-4.815346598625183105e-01,1.765919476747512817e-01,-1.369896233081817627e-01
-4.811475574970245361e-01,1.771691292524337769e-01,-1.368569135665893555e-01
-4.811475574970245361e-01,1.771691292524337769e-01,-1.368569135665893555e-01
-4.807597398757934570e-01,1.777431368827819824e-01,-1.367246210575103760e-01
-4.807597398757934570e-01,1.777431368827819824e-01,-1.367246210575103760e-01
-4.803711771965026855e-01,1.783140003681182861e-01,-1.365927755832672119e-01
-4.803711771965026855e-01,1.783140003681182861e-01,-1.365927755832672119e-01
-4.799818694591522217e-01,1.788817048072814941e-01,-1.364613771438598633e-01
-4.799818694591522217e-01,1.788817048072814941e-01,-1.364613771438598633e-01
-4.795919358730316162e-01,1.794462651014328003e-01,-1.363304257392883301e-01
-4.795919358730316162e-01,1.794462651014328003e-01,-1.363304257392883301e-01
-4.792011380195617676e-01,1.800077110528945923e-01,-1.361998617649078369e-01
-4.792011380195617676e-01,1.800077110528945923e-01,-1.361998617649078369e-01
-4.788096845149993896e-01,1.805659979581832886e-01,-1.360697746276855469e-01
-4.788096845149993896e-01,1.805659979581832886e-01,-1.360697746276855469e-01
-4.784175753593444824e-01,1.811212003231048584e-01,-1.359401196241378784e-01
-4.784175753593444824e-01,1.811212003231048584e-01,-1.359401196241378784e-01
-4.780247211456298828e-01,1.816732585430145264e-01,-1.358108818531036377e-01
-4.780247211456298828e-01,1.816732585430145264e-01,-1.358108818531036377e-01
-4.776311814785003662e-01,1.822222173213958740e-01,-1.356820911169052124e-01
-4.776311814785003662e-01,1.822222173213958740e-01,-1.356820911169052124e-01
-4.772368371486663818e-01,1.827680468559265137e-01,-1.355537325143814087e-01
-4.772368371486663818e-01,1.827680468559265137e-01,-1.355537325143814087e-01
-4.768418073654174805e-01,1.833107918500900269e-01,-1.354257911443710327e-01
-4.768418073654174805e-01,1.833107918500900269e-01,-1.354257911443710327e-01
-4.764460921287536621e-01,1.838504374027252197e-01,-1.352982968091964722e-01
-4.764460921287536621e-01,1.838504374027252197e-01,-1.352982968091964722e-01
-4.760496020317077637e-01,1.843869537115097046e-01,-1.351712197065353394e-01
-4.760496020317077637e-01,1.843869537115097046e-01,-1.351712197065353394e-01
-4.756523966789245605e-01,1.849204152822494507e-01,-1.350445747375488281e-01
-4.756523966789245605e-01,1.849204152822494507e-01,-1.350445747375488281e-01
-4.752544760704040527e-01,1.854508221149444580e-01,-1.349183470010757446e-01
-4.752544760704040527e-01,1.854508221149444580e-01,-1.349183470010757446e-01
-4.748558700084686279e-01,1.859780997037887573e-01,-1.347925662994384766e-01
-4.748558700084686279e-01,1.859780997037887573e-01,-1.347925662994384766e-01
-4.744565486907958984e-01,1.865023374557495117e-01,-1.346672028303146362e-01
-4.744565486907958984e-01,1.865023374557495117e-01,-1.346672028303146362e-01
-4.740564525127410889e-01,1.870235204696655273e-01,-1.345422714948654175e-01
-4.740564525127410889e-01,1.870235204696655273e-01,-1.345422714948654175e-01
-4.736557006835937500e-01,1.875415891408920288e-01,-1.344177722930908203e-01
-4.736557006835937500e-01,1.875415891408920288e-01,-1.344177722930908203e-01
-4.732540845870971680e-01,1.880566775798797607e-01,-1.342936903238296509e-01
-4.732540845870971680e-01,1.880566775798797607e-01,-1.342936903238296509e-01
-4.728519618511199951e-01,1.885686665773391724e-01,-1.341700404882431030e-01
-4.728519618511199951e-01,1.885686665773391724e-01,-1.341700404882431030e-01
-4.724489450454711914e-01,1.890776157379150391e-01,-1.340467929840087891e-01
-4.724489450454711914e-01,1.890776157379150391e-01,-1.340467929840087891e-01
-4.720452725887298584e-01,1.895835399627685547e-01,-1.339239776134490967e-01
-4.720452725887298584e-01,1.895835399627685547e-01,-1.339239776134490967e-01
-4.716408550739288330e-01,1.900864243507385254e-01,-1.338015794754028320e-01
-4.716408550739288330e-01,1.900864243507385254e-01,-1.338015794754028320e-01
-4.712357223033905029e-01,1.905862540006637573e-01,-1.336796134710311890e-01
-4.712357223033905029e-01,1.905862540006637573e-01,-1.336796134710311890e-01
-4.708298742771148682e-01,1.910831034183502197e-01,-1.335580646991729736e-01
-4.708298742771148682e-01,1.910831034183502197e-01,-1.335580646991729736e-01
-4.704232811927795410e-01,1.915769129991531372e-01,-1.334369331598281860e-01
-4.704232811927795410e-01,1.915769129991531372e-01,-1.334369331598281860e-01
-4.700160026550292969e-01,1.920677274465560913e-01,-1.333162188529968262e-01
-4.700160026550292969e-01,1.920677274465560913e-01,-1.333162188529968262e-01
-4.696080088615417480e-01,1.925555318593978882e-01,-1.331959217786788940e-01
-4.696080088615417480e-01,1.925555318593978882e-01,-1.331959217786788940e-01
-4.691992700099945068e-01,1.930402964353561401e-01,-1.330760419368743896e-01
-4.691992700099945068e-01,1.930402964353561401e-01,-1.330760419368743896e-01
-4.687897562980651855e-01,1.935220956802368164e-01,-1.329565793275833130e-01
-4.687897562980651855e-01,1.935220956802368164e-01,-1.329565793275833130e-01
-4.683796167373657227e-01,1.940008997917175293e-01,-1.328375339508056641e-01
-4.683796167373657227e-01,1.940008997917175293e-01,-1.328375339508056641e-01
-4.679686725139617920e-01,1.944767087697982788e-01,-1.327188909053802490e-01
-4.679686725139617920e-01,1.944767087697982788e-01,-1.327188909053802490e-01
-4.675570428371429443e-01,1.949495524168014526e-01,-1.326006799936294556e-01
-4.675570428371429443e-01,1.949495524168014526e-01,-1.326006799936294556e-01
-4.671446681022644043e-01,1.954194307327270508e-01,-1.324828714132308960e-01
-4.671446681022644043e-01,1.954194307327270508e-01,-1.324828714132308960e-01
-4.667316079139709473e-01,1.958863288164138794e-01,-1.323654800653457642e-01
-4.667316079139709473e-01,1.958863288164138794e-01,-1.323654800653457642e-01
-4.663177728652954102e-01,1.963502615690231323e-01,-1.322484910488128662e-01
-4.663177728652954102e-01,1.963502615690231323e-01,-1.322484910488128662e-01
-4.659032523632049561e-01,1.968112140893936157e-01,-1.321319192647933960e-01
-4.659032523632049561e-01,1.968112140893936157e-01,-1.321319192647933960e-01
-4.654880166053771973e-01,1.972692608833312988e-01,-1.320157647132873535e-01
-4.654880166053771973e-01,1.972692608833312988e-01,-1.320157647132873535e-01
-4.650719463825225830e-01,1.977242976427078247e-01,-1.319000124931335449e-01
-4.650719463825225830e-01,1.977242976427078247e-01,-1.319000124931335449e-01
-4.646553099155426025e-01,1.981764584779739380e-01,-1.317846775054931641e-01
-4.646553099155426025e-01,1.981764584779739380e-01,-1.317846775054931641e-01
-4.642378389835357666e-01,1.986256390810012817e-01,-1.316697299480438232e-01
-4.642378389835357666e-01,1.986256390810012817e-01,-1.316697299480438232e-01
-4.638196825981140137e-01,1.990718841552734375e-01,-1.315551996231079102e-01
-4.638196825981140137e-01,1.990718841552734375e-01,-1.315551996231079102e-01
-4.634007513523101807e-01,1.995151937007904053e-01,-1.314410716295242310e-01
-4.634007513523101807e-01,1.995151937007904053e-01,-1.314410716295242310e-01
-4.629811346530914307e-01,1.999556273221969604e-01,-1.313273608684539795e-01
-4.629811346530914307e-01,1.999556273221969604e-01,-1.313273608684539795e-01
-4.625608325004577637e-01,2.003931105136871338e-01,-1.312140524387359619e-01
-4.625608325004577637e-01,2.003931105136871338e-01,-1.312140524387359619e-01
-4.621397554874420166e-01,2.008277028799057007e-01,-1.311011463403701782e-01
-4.621397554874420166e-01,2.008277028799057007e-01,-1.311011463403701782e-01
-4.617179632186889648e-01,2.012593746185302734e-01,-1.309886276721954346e-01
-4.617179632186889648e-01,2.012593746185302734e-01,-1.309886276721954346e-01
-4.612954258918762207e-01,2.016881406307220459e-01,-1.308765262365341187e-01
-4.612954258918762207e-01,2.016881406307220459e-01,-1.308765262365341187e-01
-4.608721137046813965e-01,2.021140307188034058e-01,-1.307648271322250366e-01
-4.608721137046813965e-01,2.021140307188034058e-01,-1.307648271322250366e-01
-4.604481756687164307e-01,2.025370150804519653e-01,-1.306535154581069946e-01
-4.604481756687164307e-01,2.025370150804519653e-01,-1.306535154581069946e-01
-4.600234925746917725e-01,2.029571235179901123e-01,-1.305426210165023804e-01
-4.600234925746917725e-01,2.029571235179901123e-01,-1.305426210165023804e-01
-4.595980048179626465e-01,2.033743411302566528e-01,-1.304321140050888062e-01
-4.595980048179626465e-01,2.033743411302566528e-01,-1.304321140050888062e-01
-4.591718614101409912e-01,2.037886828184127808e-01,-1.303220093250274658e-01
-4.591718614101409912e-01,2.037886828184127808e-01,-1.303220093250274658e-01
-4.587449431419372559e-01,2.042001932859420776e-01,-1.302123069763183594e-01
-4.587449431419372559e-01,2.042001932859420776e-01,-1.302123069763183594e-01
-4.583173394203186035e-01,2.046088129281997681e-01,-1.301029920578002930e-01
-4.583173394203186035e-01,2.046088129281997681e-01,-1.301029920578002930e-01
-4.578889906406402588e-01,2.050145715475082397e-01,-1.299940943717956543e-01
-4.578889906406402588e-01,2.050145715475082397e-01,-1.299940943717956543e-01
-4.574598968029022217e-01,2.054174840450286865e-01,-1.298855692148208618e-01
-4.574598968029022217e-01,2.054174840450286865e-01,-1.298855692148208618e-01
-4.570300877094268799e-01,2.058175355195999146e-01,-1.297774463891983032e-01
-4.570300877094268799e-01,2.058175355195999146e-01,-1.297774463891983032e-01
-4.565995037555694580e-01,2.062147706747055054e-01,-1.296697109937667847e-01
-4.565995037555694580e-01,2.062147706747055054e-01,-1.296697109937667847e-01
-4.561682343482971191e-01,2.066091597080230713e-01,-1.295623779296875000e-01
-4.561682343482971191e-01,2.066091597080230713e-01,-1.295623779296875000e-01
-4.557363092899322510e-01,2.070007175207138062e-01,-1.294554471969604492e-01
-4.557363092899322510e-01,2.070007175207138062e-01,-1.294554471969604492e-01
-4.553035199642181396e-01,2.073894441127777100e-01,-1.293488889932632446e-01
-4.553035199642181396e-01,2.073894441127777100e-01,-1.293488889932632446e-01
-4.548700749874114990e-01,2.077753543853759766e-01,-1.292427182197570801e-01
-4.548700749874114990e-01,2.077753543853759766e-01,-1.292427182197570801e-01
-4.544359147548675537e-01,2.081584632396697998e-01,-1.291369497776031494e-01
-4.544359147548675537e-01,2.081584632396697998e-01,-1.291369497776031494e-01
-4.540009200572967529e-01,2.085387408733367920e-01,-1.290315687656402588e-01
-4.540009200572967529e-01,2.085387408733367920e-01,-1.290315687656402588e-01
-4.535653293132781982e-01,2.089162319898605347e-01,-1.289265751838684082e-01
-4.535653293132781982e-01,2.089162319898605347e-01,-1.289265751838684082e-01
-4.531289339065551758e-01,2.092908918857574463e-01,-1.288219839334487915e-01
-4.531289339065551758e-01,2.092908918857574463e-01,-1.288219839334487915e-01
-4.526918232440948486e-01,2.096627652645111084e-01,-1.287177503108978271e-01
-4.526918232440948486e-01,2.096627652645111084e-01,-1.287177503108978271e-01
-4.522539973258972168e-01,2.100319117307662964e-01,-1.286139041185379028e-01
-4.522539973258972168e-01,2.100319117307662964e-01,-1.286139041185379028e-01
-4.518153667449951172e-01,2.103982269763946533e-01,-1.285104751586914062e-01
-4.518153667449951172e-01,2.103982269763946533e-01,-1.285104751586914062e-01
-4.513760507106781006e-01,2.107617408037185669e-01,-1.284074038267135620e-01
-4.513760507106781006e-01,2.107617408037185669e-01,-1.284074038267135620e-01
-4.509359896183013916e-01,2.111224979162216187e-01,-1.283047199249267578e-01
-4.509359896183013916e-01,2.111224979162216187e-01,-1.283047199249267578e-01
-4.504952728748321533e-01,2.114805132150650024e-01,-1.282024383544921875e-01
-4.504952728748321533e-01,2.114805132150650024e-01,-1.282024383544921875e-01
-4.500537216663360596e-01,2.118357568979263306e-01,-1.281005144119262695e-01
-4.500537216663360596e-01,2.118357568979263306e-01,-1.281005144119262695e-01
-4.496115148067474365e-01,2.121882438659667969e-01,-1.279989778995513916e-01
-4.496115148067474365e-01,2.121882438659667969e-01,-1.279989778995513916e-01
-4.491685330867767334e-01,2.125379592180252075e-01,-1.278978288173675537e-01
-4.491685330867767334e-01,2.125379592180252075e-01,-1.278978288173675537e-01
-4.487248361110687256e-01,2.128849774599075317e-01,-1.277970671653747559e-01
-4.487248361110687256e-01,2.128849774599075317e-01,-1.277970671653747559e-01
-4.482803940773010254e-01,2.132292389869689941e-01,-1.276966780424118042e-01
-4.482803940773010254e-01,2.132292389869689941e-01,-1.276966780424118042e-01
-4.478352069854736328e-01,2.135707288980484009e-01,-1.275966614484786987e-01
-4.478352069854736328e-01,2.135707288980484009e-01,-1.275966614484786987e-01
-4.473892748355865479e-01,2.139095216989517212e-01,-1.274970322847366333e-01
-4.473892748355865479e-01,2.139095216989517212e-01,-1.274970322847366333e-01
-4.469426572322845459e-01,2.142456024885177612e-01,-1.273977607488632202e-01
-4.469426572322845459e-01,2.142456024885177612e-01,-1.273977607488632202e-01
-4.464953243732452393e-01,2.145789414644241333e-01,-1.272988766431808472e-01
-4.464953243732452393e-01,2.145789414644241333e-01,-1.272988766431808472e-01
-4.460471570491790771e-01,2.149095386266708374e-01,-1.272003650665283203e-01
-4.460471570491790771e-01,2.149095386266708374e-01,-1.272003650665283203e-01
-4.455983340740203857e-01,2.152374535799026489e-01,-1.271022409200668335e-01
-4.455983340740203857e-01,2.152374535799026489e-01,-1.271022409200668335e-01
-4.451487660408020020e-01,2.155626714229583740e-01,-1.270044744014739990e-01
-4.451487660408020020e-01,2.155626714229583740e-01,-1.270044744014739990e-01
-4.446984529495239258e-01,2.158851921558380127e-01,-1.269070953130722046e-01
-4.446984529495239258e-01,2.158851921558380127e-01,-1.269070953130722046e-01
-4.442473948001861572e-01,2.162050306797027588e-01,-1.268100738525390625e-01
-4.442473948001861572e-01,2.162050306797027588e-01,-1.268100738525390625e-01
-4.437955915927886963e-01,2.165221571922302246e-01,-1.267134249210357666e-01
-4.437955915927886963e-01,2.165221571922302246e-01,-1.267134249210357666e-01
-4.433430731296539307e-01,2.168366312980651855e-01,-1.266171634197235107e-01
-4.433430731296539307e-01,2.168366312980651855e-01,-1.266171634197235107e-01
-4.428898096084594727e-01,2.171483933925628662e-01,-1.265212595462799072e-01
-4.428898096084594727e-01,2.171483933925628662e-01,-1.265212595462799072e-01
-4.424358308315277100e-01,2.174575179815292358e-01,-1.264257282018661499e-01
-4.424358308315277100e-01,2.174575179815292358e-01,-1.264257282018661499e-01
-4.419810771942138672e-01,2.177639603614807129e-01,-1.263305544853210449e-01
-4.419810771942138672e-01,2.177639603614807129e-01,-1.263305544853210449e-01
-4.415256083011627197e-01,2.180677354335784912e-01,-1.262357532978057861e-01
-4.415256083011627197e-01,2.180677354335784912e-01,-1.262357532978057861e-01
-4.410694539546966553e-01,2.183688730001449585e-01,-1.261413395404815674e-01
-4.410694539546966553e-01,2.183688730001449585e-01,-1.261413395404815674e-01
-4.406124949455261230e-01,2.186673432588577271e-01,-1.260472685098648071e-01
-4.406124949455261230e-01,2.186673432588577271e-01,-1.260472685098648071e-01
-4.401548504829406738e-01,2.189632058143615723e-01,-1.259535849094390869e-01
-4.401548504829406738e-01,2.189632058143615723e-01,-1.259535849094390869e-01
-4.396964311599731445e-01,2.192564159631729126e-01,-1.258602291345596313e-01
-4.396964311599731445e-01,2.192564159631729126e-01,-1.258602291345596313e-01
-4.392372667789459229e-01,2.195469439029693604e-01,-1.257672756910324097e-01
-4.392372667789459229e-01,2.195469439029693604e-01,-1.257672756910324097e-01
-4.387773573398590088e-01,2.198348939418792725e-01,-1.256746649742126465e-01
-4.387773573398590088e-01,2.198348939418792725e-01,-1.256746649742126465e-01
-4.383167624473571777e-01,2.201202064752578735e-01,-1.255824267864227295e-01
-4.383167624473571777e-01,2.201202064752578735e-01,-1.255824267864227295e-01
-4.378553926944732666e-01,2.204028964042663574e-01,-1.254905313253402710e-01
-4.378553926944732666e-01,2.204028964042663574e-01,-1.254905313253402710e-01
-4.373932778835296631e-01,2.206829637289047241e-01,-1.253990083932876587e-01
-4.373932778835296631e-01,2.206829637289047241e-01,-1.253990083932876587e-01
-4.369304180145263672e-01,2.209604829549789429e-01,-1.253078430891036987e-01
-4.369304180145263672e-01,2.209604829549789429e-01,-1.253078430891036987e-01
-4.364668726921081543e-01,2.212353348731994629e-01,-1.252170503139495850e-01
-4.364668726921081543e-01,2.212353348731994629e-01,-1.252170503139495850e-01
-4.360025525093078613e-01,2.215076088905334473e-01,-1.251266151666641235e-01
-4.360025525093078613e-01,2.215076088905334473e-01,-1.251266151666641235e-01
-4.355374872684478760e-01,2.217773348093032837e-01,-1.250365227460861206e-01
-4.355374872684478760e-01,2.217773348093032837e-01,-1.250365227460861206e-01
-4.350716769695281982e-01,2.220443934202194214e-01,-1.249467954039573669e-01
-4.350716769695281982e-01,2.220443934202194214e-01,-1.249467954039573669e-01
-4.346051812171936035e-01,2.223089337348937988e-01,-1.248574182391166687e-01
-4.346051812171936035e-01,2.223089337348937988e-01,-1.248574182391166687e-01
-4.341378509998321533e-01,2.225708812475204468e-01,-1.247684061527252197e-01
-4.341378509998321533e-01,2.225708812475204468e-01,-1.247684061527252197e-01
-4.336698353290557861e-01,2.228302508592605591e-01,-1.246797367930412292e-01
-4.336698353290557861e-01,2.228302508592605591e-01,-1.246797367930412292e-01
-4.332011342048645020e-01,2.230871021747589111e-01,-1.245914250612258911e-01
-4.332011342048645020e-01,2.230871021747589111e-01,-1.245914250612258911e-01
-4.327315986156463623e-01,2.233413159847259521e-01,-1.245034858584403992e-01
-4.327315986156463623e-01,2.233413159847259521e-01,-1.245034858584403992e-01
-4.322614073753356934e-01,2.235930562019348145e-01,-1.244158670306205750e-01
-4.322614073753356934e-01,2.235930562019348145e-01,-1.244158670306205750e-01
-4.317904412746429443e-01,2.238422036170959473e-01,-1.243286132812500000e-01
-4.317904412746429443e-01,2.238422036170959473e-01,-1.243286132812500000e-01
-4.313187301158905029e-01,2.240887880325317383e-01,-1.242417097091674805e-01
-4.313187301158905029e-01,2.240887880325317383e-01,-1.242417097091674805e-01
-4.308462738990783691e-01,2.243328988552093506e-01,-1.241551488637924194e-01
-4.308462738990783691e-01,2.243328988552093506e-01,-1.241551488637924194e-01
-4.303730726242065430e-01,2.245744317770004272e-01,-1.240689530968666077e-01
-4.303730726242065430e-01,2.245744317770004272e-01,-1.240689530968666077e-01
-4.298991262912750244e-01,2.248134464025497437e-01,-1.239831000566482544e-01
-4.298991262912750244e-01,2.248134464025497437e-01,-1.239831000566482544e-01
-4.294244647026062012e-01,2.250499427318572998e-01,-1.238975897431373596e-01
-4.294244647026062012e-01,2.250499427318572998e-01,-1.238975897431373596e-01
-4.289489984512329102e-01,2.252839207649230957e-01,-1.238124370574951172e-01
-4.289489984512329102e-01,2.252839207649230957e-01,-1.238124370574951172e-01
-4.284728765487670898e-01,2.255153805017471313e-01,-1.237276270985603333e-01
-4.284728765487670898e-01,2.255153805017471313e-01,-1.237276270985603333e-01
-4.279959797859191895e-01,2.257443517446517944e-01,-1.236431524157524109e-01
-4.279959797859191895e-01,2.257443517446517944e-01,-1.236431524157524109e-01
-4.275182783603668213e-01,2.259708344936370850e-01,-1.235590279102325439e-01
-4.275182783603668213e-01,2.259708344936370850e-01,-1.235590279102325439e-01
-4.270399510860443115e-01,2.261947691440582275e-01,-1.234752535820007324e-01
-4.270399510860443115e-01,2.261947691440582275e-01,-1.234752535820007324e-01
-4.265607893466949463e-01,2.264162749052047729e-01,-1.233918219804763794e-01
-4.265607893466949463e-01,2.264162749052047729e-01,-1.233918219804763794e-01
-4.260809421539306641e-01,2.266352623701095581e-01,-1.233087182044982910e-01
-4.260809421539306641e-01,2.266352623701095581e-01,-1.233087182044982910e-01
-4.256003499031066895e-01,2.268517911434173584e-01,-1.232259646058082581e-01
-4.256003499031066895e-01,2.268517911434173584e-01,-1.232259646058082581e-01
-4.251189827919006348e-01,2.270658314228057861e-01,-1.231435537338256836e-01
-4.251189827919006348e-01,2.270658314228057861e-01,-1.231435537338256836e-01
-4.246368706226348877e-01,2.272773832082748413e-01,-1.230614781379699707e-01
-4.246368706226348877e-01,2.272773832082748413e-01,-1.230614781379699707e-01
-4.241539835929870605e-01,2.274865061044692993e-01,-1.229797452688217163e-01
-4.241539835929870605e-01,2.274865061044692993e-01,-1.229797452688217163e-01
-4.236704111099243164e-01,2.276931554079055786e-01,-1.228983551263809204e-01
-4.236704111099243164e-01,2.276931554079055786e-01,-1.228983551263809204e-01
-4.231860339641571045e-01,2.278973758220672607e-01,-1.228172853589057922e-01
-4.231860339641571045e-01,2.278973758220672607e-01,-1.228172853589057922e-01
-4.227010011672973633e-01,2.280991524457931519e-01,-1.227365806698799133e-01
-4.227010011672973633e-01,2.280991524457931519e-01,-1.227365806698799133e-01
-4.222151637077331543e-01,2.282984405755996704e-01,-1.226561814546585083e-01
-4.222151637077331543e-01,2.282984405755996704e-01,-1.226561814546585083e-01
-4.217285811901092529e-01,2.284953147172927856e-01,-1.225761473178863525e-01
-4.217285811901092529e-01,2.284953147172927856e-01,-1.225761473178863525e-01
-4.212412536144256592e-01,2.286897599697113037e-01,-1.224964335560798645e-01
-4.212412536144256592e-01,2.286897599697113037e-01,-1.224964335560798645e-01
-4.207531809806823730e-01,2.288817912340164185e-01,-1.224170476198196411e-01
-4.207531809806823730e-01,2.288817912340164185e-01,-1.224170476198196411e-01
-4.202643930912017822e-01,2.290714085102081299e-01,-1.223380044102668762e-01
-4.202643930912017822e-01,2.290714085102081299e-01,-1.223380044102668762e-01
-4.197748899459838867e-01,2.292586117982864380e-01,-1.222592890262603760e-01
-4.197748899459838867e-01,2.292586117982864380e-01,-1.222592890262603760e-01
-4.192845821380615234e-01,2.294433712959289551e-01,-1.221809014678001404e-01
-4.192845821380615234e-01,2.294433712959289551e-01,-1.221809014678001404e-01
-4.187934994697570801e-01,2.296257615089416504e-01,-1.221028417348861694e-01
-4.187934994697570801e-01,2.296257615089416504e-01,-1.221028417348861694e-01
-4.183017313480377197e-01,2.298057377338409424e-01,-1.220251321792602539e-01
-4.183017313480377197e-01,2.298057377338409424e-01,-1.220251321792602539e-01
-4.178091585636138916e-01,2.299832999706268311e-01,-1.219477280974388123e-01
-4.178091585636138916e-01,2.299832999706268311e-01,-1.219477280974388123e-01
-4.173159003257751465e-01,2.301585376262664795e-01,-1.218706741929054260e-01
-4.173159003257751465e-01,2.301585376262664795e-01,-1.218706741929054260e-01
-4.168218970298767090e-01,2.303313314914703369e-01,-1.217939257621765137e-01
-4.168218970298767090e-01,2.303313314914703369e-01,-1.217939257621765137e-01
-4.163270890712738037e-01,2.305017560720443726e-01,-1.217175275087356567e-01
-4.163270890712738037e-01,2.305017560720443726e-01,-1.217175275087356567e-01
-4.158315956592559814e-01,2.306698262691497803e-01,-1.216414347290992737e-01
-4.158315956592559814e-01,2.306698262691497803e-01,-1.216414347290992737e-01
-4.153353571891784668e-01,2.308355271816253662e-01,-1.215656846761703491e-01
-4.153353571891784668e-01,2.308355271816253662e-01,-1.215656846761703491e-01
-4.148383438587188721e-01,2.309988588094711304e-01,-1.214902549982070923e-01
-4.148383438587188721e-01,2.309988588094711304e-01,-1.214902549982070923e-01
-4.143405556678771973e-01,2.311598360538482666e-01,-1.214151382446289062e-01
-4.143405556678771973e-01,2.311598360538482666e-01,-1.214151382446289062e-01
-4.138420522212982178e-01,2.313184738159179688e-01,-1.213403567671775818e-01
-4.138420522212982178e-01,2.313184738159179688e-01,-1.213403567671775818e-01
-4.133428037166595459e-01,2.314747720956802368e-01,-1.212658807635307312e-01
-4.133428037166595459e-01,2.314747720956802368e-01,-1.212658807635307312e-01
-4.128427505493164062e-01,2.316286712884902954e-01,-1.211917325854301453e-01
-4.128427505493164062e-01,2.316286712884902954e-01,-1.211917325854301453e-01
-4.123420119285583496e-01,2.317803204059600830e-01,-1.211179196834564209e-01
-4.123420119285583496e-01,2.317803204059600830e-01,-1.211179196834564209e-01
-4.118404984474182129e-01,2.319295853376388550e-01,-1.210444122552871704e-01
-4.118404984474182129e-01,2.319295853376388550e-01,-1.210444122552871704e-01
-4.113382995128631592e-01,2.320765405893325806e-01,-1.209712401032447815e-01
-4.113382995128631592e-01,2.320765405893325806e-01,-1.209712401032447815e-01
-4.108352363109588623e-01,2.322211712598800659e-01,-1.208983808755874634e-01
-4.108352363109588623e-01,2.322211712598800659e-01,-1.208983808755874634e-01
-4.103315174579620361e-01,2.323635220527648926e-01,-1.208258196711540222e-01
-4.103315174579620361e-01,2.323635220527648926e-01,-1.208258196711540222e-01
-4.098269641399383545e-01,2.325035333633422852e-01,-1.207535937428474426e-01
-4.098269641399383545e-01,2.325035333633422852e-01,-1.207535937428474426e-01
-4.093216955661773682e-01,2.326412498950958252e-01,-1.206816732883453369e-01
-4.093216955661773682e-01,2.326412498950958252e-01,-1.206816732883453369e-01
-4.088157415390014648e-01,2.327766418457031250e-01,-1.206100732088088989e-01
-4.088157415390014648e-01,2.327766418457031250e-01,-1.206100732088088989e-01
-4.083089530467987061e-01,2.329097986221313477e-01,-1.205387935042381287e-01
-4.083089530467987061e-01,2.329097986221313477e-01,-1.205387935042381287e-01
-4.078014791011810303e-01,2.330406159162521362e-01,-1.204678192734718323e-01
-4.078014791011810303e-01,2.330406159162521362e-01,-1.204678192734718323e-01
-4.072932004928588867e-01,2.331691831350326538e-01,-1.203971579670906067e-01
-4.072932004928588867e-01,2.331691831350326538e-01,-1.203971579670906067e-01
-4.067842066287994385e-01,2.332954704761505127e-01,-1.203268170356750488e-01
-4.067842066287994385e-01,2.332954704761505127e-01,-1.203268170356750488e-01
-4.062744975090026855e-01,2.334194928407669067e-01,-1.202567815780639648e-01
-4.062744975090026855e-01,2.334194928407669067e-01,-1.202567815780639648e-01
-4.057639837265014648e-01,2.335412353277206421e-01,-1.201870515942573547e-01
-4.057639837265014648e-01,2.335412353277206421e-01,-1.201870515942573547e-01
-4.052527248859405518e-01,2.336607128381729126e-01,-1.201176494359970093e-01
-4.052527248859405518e-01,2.336607128381729126e-01,-1.201176494359970093e-01
-4.047407209873199463e-01,2.337779253721237183e-01,-1.200485453009605408e-01
-4.047407209873199463e-01,2.337779253721237183e-01,-1.200485453009605408e-01
-4.042279422283172607e-01,2.338929176330566406e-01,-1.199797391891479492e-01
-4.042279422283172607e-01,2.338929176330566406e-01,-1.199797391891479492e-01
-4.037144482135772705e-01,2.340056598186492920e-01,-1.199112534523010254e-01
-4.037144482135772705e-01,2.340056598186492920e-01,-1.199112534523010254e-01
-4.032001793384552002e-01,2.341161668300628662e-01,-1.198430582880973816e-01
-4.032001793384552002e-01,2.341161668300628662e-01,-1.198430582880973816e-01
-4.026851654052734375e-01,2.342244386672973633e-01,-1.197751909494400024e-01
-4.026851654052734375e-01,2.342244386672973633e-01,-1.197751909494400024e-01
-4.021694064140319824e-01,2.343304753303527832e-01,-1.197076365351676941e-01
-4.021694064140319824e-01,2.343304753303527832e-01,-1.197076365351676941e-01
-4.016528725624084473e-01,2.344342768192291260e-01,-1.196403726935386658e-01
-4.016528725624084473e-01,2.344342768192291260e-01,-1.196403726935386658e-01
-4.011356234550476074e-01,2.345359176397323608e-01,-1.195734068751335144e-01
-4.011356234550476074e-01,2.345359176397323608e-01,-1.195734068751335144e-01
-4.006175398826599121e-01,2.346352785825729370e-01,-1.195067465305328369e-01
-4.006175398826599121e-01,2.346352785825729370e-01,-1.195067465305328369e-01
-4.000988006591796875e-01,2.347324639558792114e-01,-1.194403916597366333e-01
-4.000988006591796875e-01,2.347324639558792114e-01,-1.194403916597366333e-01
-3.995792865753173828e-01,2.348274439573287964e-01,-1.193743273615837097e-01
-3.995792865753173828e-01,2.348274439573287964e-01,-1.193743273615837097e-01
-3.990589976310729980e-01,2.349202334880828857e-01,-1.193085908889770508e-01
-3.990589976310729980e-01,2.349202334880828857e-01,-1.193085908889770508e-01
-3.985379636287689209e-01,2.350108325481414795e-01,-1.192431300878524780e-01
-3.985379636287689209e-01,2.350108325481414795e-01,-1.192431300878524780e-01
-3.980160951614379883e-01,2.350992411375045776e-01,-1.191779747605323792e-01
-3.980160951614379883e-01,2.350992411375045776e-01,-1.191779747605323792e-01
-3.974936008453369141e-01,2.351854741573333740e-01,-1.191131174564361572e-01
-3.974936008453369141e-01,2.351854741573333740e-01,-1.191131174564361572e-01
-3.969703316688537598e-01,2.352695316076278687e-01,-1.190485507249832153e-01
-3.969703316688537598e-01,2.352695316076278687e-01,-1.190485507249832153e-01
-3.964462876319885254e-01,2.353514134883880615e-01,-1.189842969179153442e-01
-3.964462876319885254e-01,2.353514134883880615e-01,-1.189842969179153442e-01
-3.959214091300964355e-01,2.354311347007751465e-01,-1.189203411340713501e-01
-3.959214091300964355e-01,2.354311347007751465e-01,-1.189203411340713501e-01
-3.953958749771118164e-01,2.355086952447891235e-01,-1.188566535711288452e-01
-3.953958749771118164e-01,2.355086952447891235e-01,-1.188566535711288452e-01
-3.948695063591003418e-01,2.355840951204299927e-01,-1.187932863831520081e-01
-3.948695063591003418e-01,2.355840951204299927e-01,-1.187932863831520081e-01
-3.943424224853515625e-01,2.356573492288589478e-01,-1.187302097678184509e-01
-3.943424224853515625e-01,2.356573492288589478e-01,-1.187302097678184509e-01
-3.938146233558654785e-01,2.357285171747207642e-01,-1.186674162745475769e-01
-3.938146233558654785e-01,2.357285171747207642e-01,-1.186674162745475769e-01
-3.932860493659973145e-01,2.357974648475646973e-01,-1.186049208045005798e-01
-3.932860493659973145e-01,2.357974648475646973e-01,-1.186049208045005798e-01
-3.927566409111022949e-01,2.358643263578414917e-01,-1.185427159070968628e-01
-3.927566409111022949e-01,2.358643263578414917e-01,-1.185427159070968628e-01
-3.922266066074371338e-01,2.359290421009063721e-01,-1.184807941317558289e-01
-3.922266066074371338e-01,2.359290421009063721e-01,-1.184807941317558289e-01
-3.916957378387451172e-01,2.359916418790817261e-01,-1.184191778302192688e-01
-3.916957378387451172e-01,2.359916418790817261e-01,-1.184191778302192688e-01
-3.911641240119934082e-01,2.360521256923675537e-01,-1.183578372001647949e-01
-3.911641240119934082e-01,2.360521256923675537e-01,-1.183578372001647949e-01
-3.906317651271820068e-01,2.361105233430862427e-01,-1.182967945933341980e-01
-3.906317651271820068e-01,2.361105233430862427e-01,-1.182967945933341980e-01
-3.900986313819885254e-01,2.361667901277542114e-01,-1.182360276579856873e-01
-3.900986313819885254e-01,2.361667901277542114e-01,-1.182360276579856873e-01
-3.895646929740905762e-01,2.362209707498550415e-01,-1.181755587458610535e-01
-3.895646929740905762e-01,2.362209707498550415e-01,-1.181755587458610535e-01
-3.890300989151000977e-01,2.362730503082275391e-01,-1.181153729557991028e-01
-3.890300989151000977e-01,2.362730503082275391e-01,-1.181153729557991028e-01
-3.884947001934051514e-01,2.363230437040328979e-01,-1.180554702877998352e-01
-3.884947001934051514e-01,2.363230437040328979e-01,-1.180554702877998352e-01
-3.879584968090057373e-01,2.363709509372711182e-01,-1.179958581924438477e-01
-3.879584968090057373e-01,2.363709509372711182e-01,-1.179958581924438477e-01
-3.874216079711914062e-01,2.364167720079421997e-01,-1.179365217685699463e-01
-3.874216079711914062e-01,2.364167720079421997e-01,-1.179365217685699463e-01
-3.868839144706726074e-01,2.364605367183685303e-01,-1.178774759173393250e-01
-3.868839144706726074e-01,2.364605367183685303e-01,-1.178774759173393250e-01
-3.863454759120941162e-01,2.365022152662277222e-01,-1.178187057375907898e-01
-3.863454759120941162e-01,2.365022152662277222e-01,-1.178187057375907898e-01
-3.858063220977783203e-01,2.365418523550033569e-01,-1.177602261304855347e-01
-3.858063220977783203e-01,2.365418523550033569e-01,-1.177602261304855347e-01
-3.852663338184356689e-01,2.365794181823730469e-01,-1.177020147442817688e-01
-3.852663338184356689e-01,2.365794181823730469e-01,-1.177020147442817688e-01
-3.847256004810333252e-01,2.366149425506591797e-01,-1.176440939307212830e-01
-3.847256004810333252e-01,2.366149425506591797e-01,-1.176440939307212830e-01
-3.841841518878936768e-01,2.366484105587005615e-01,-1.175864413380622864e-01
-3.841841518878936768e-01,2.366484105587005615e-01,-1.175864413380622864e-01
-3.836419284343719482e-01,2.366798222064971924e-01,-1.175290793180465698e-01
-3.836419284343719482e-01,2.366798222064971924e-01,-1.175290793180465698e-01
-3.830989599227905273e-01,2.367092221975326538e-01,-1.174719929695129395e-01
-3.830989599227905273e-01,2.367092221975326538e-01,-1.174719929695129395e-01
-3.825551867485046387e-01,2.367365956306457520e-01,-1.174151822924613953e-01
-3.825551867485046387e-01,2.367365956306457520e-01,-1.174151822924613953e-01
-3.820106983184814453e-01,2.367619276046752930e-01,-1.173586398363113403e-01
-3.820106983184814453e-01,2.367619276046752930e-01,-1.173586398363113403e-01
-3.814654648303985596e-01,2.367852479219436646e-01,-1.173023805022239685e-01
-3.814654648303985596e-01,2.367852479219436646e-01,-1.173023805022239685e-01
-3.809193968772888184e-01,2.368065565824508667e-01,-1.172463968396186829e-01
-3.809193968772888184e-01,2.368065565824508667e-01,-1.172463968396186829e-01
-3.803726434707641602e-01,2.368258237838745117e-01,-1.171906888484954834e-01
-3.803726434707641602e-01,2.368258237838745117e-01,-1.171906888484954834e-01
-3.798250555992126465e-01,2.368431538343429565e-01,-1.171352341771125793e-01
-3.798250555992126465e-01,2.368431538343429565e-01,-1.171352341771125793e-01
-3.792767524719238281e-01,2.368584424257278442e-01,-1.170800775289535522e-01
-3.792767524719238281e-01,2.368584424257278442e-01,-1.170800775289535522e-01
-3.787276744842529297e-01,2.368717044591903687e-01,-1.170251742005348206e-01
-3.787276744842529297e-01,2.368717044591903687e-01,-1.170251742005348206e-01
-3.781778514385223389e-01,2.368830293416976929e-01,-1.169705390930175781e-01
-3.781778514385223389e-01,2.368830293416976929e-01,-1.169705390930175781e-01
-3.776272237300872803e-01,2.368923574686050415e-01,-1.169161871075630188e-01
-3.776272237300872803e-01,2.368923574686050415e-01,-1.169161871075630188e-01
-3.770759105682373047e-01,2.368997037410736084e-01,-1.168621033430099487e-01
-3.770759105682373047e-01,2.368997037410736084e-01,-1.168621033430099487e-01
-3.765237927436828613e-01,2.369050830602645874e-01,-1.168082877993583679e-01
-3.765237927436828613e-01,2.369050830602645874e-01,-1.168082877993583679e-01
-3.759709000587463379e-01,2.369085252285003662e-01,-1.167547330260276794e-01
-3.759709000587463379e-01,2.369085252285003662e-01,-1.167547330260276794e-01
-3.754172325134277344e-01,2.369099855422973633e-01,-1.167014539241790771e-01
-3.754172325134277344e-01,2.369099855422973633e-01,-1.167014539241790771e-01
-3.748628497123718262e-01,2.369094789028167725e-01,-1.166484355926513672e-01
-3.748628497123718262e-01,2.369094789028167725e-01,-1.166484355926513672e-01
-3.743076622486114502e-01,2.369070202112197876e-01,-1.165956854820251465e-01
-3.743076622486114502e-01,2.369070202112197876e-01,-1.165956854820251465e-01
-3.737517595291137695e-01,2.369026243686676025e-01,-1.165432035923004150e-01
-3.737517595291137695e-01,2.369026243686676025e-01,-1.165432035923004150e-01
-3.731950223445892334e-01,2.368963062763214111e-01,-1.164909899234771729e-01
-3.731950223445892334e-01,2.368963062763214111e-01,-1.164909899234771729e-01
-3.726375997066497803e-01,2.368880212306976318e-01,-1.164390221238136292e-01
-3.726375997066497803e-01,2.368880212306976318e-01,-1.164390221238136292e-01
-3.720793724060058594e-01,2.368778288364410400e-01,-1.163873225450515747e-01
-3.720793724060058594e-01,2.368778288364410400e-01,-1.163873225450515747e-01
-3.715203702449798584e-01,2.368656992912292480e-01,-1.163358837366104126e-01
-3.715203702449798584e-01,2.368656992912292480e-01,-1.163358837366104126e-01
-3.709606528282165527e-01,2.368516325950622559e-01,-1.162846982479095459e-01
-3.709606528282165527e-01,2.368516325950622559e-01,-1.162846982479095459e-01
-3.704001009464263916e-01,2.368357032537460327e-01,-1.162337884306907654e-01
-3.704001009464263916e-01,2.368357032537460327e-01,-1.162337884306907654e-01
-3.698388338088989258e-01,2.368178516626358032e-01,-1.161831244826316833e-01
-3.698388338088989258e-01,2.368178516626358032e-01,-1.161831244826316833e-01
-3.692767918109893799e-01,2.367980927228927612e-01,-1.161327287554740906e-01
-3.692767918109893799e-01,2.367980927228927612e-01,-1.161327287554740906e-01
-3.687140047550201416e-01,2.367764264345169067e-01,-1.160825937986373901e-01
-3.687140047550201416e-01,2.367764264345169067e-01,-1.160825937986373901e-01
-3.681504130363464355e-01,2.367528825998306274e-01,-1.160327196121215820e-01
-3.681504130363464355e-01,2.367528825998306274e-01,-1.160327196121215820e-01
-3.675860762596130371e-01,2.367274165153503418e-01,-1.159830838441848755e-01
-3.675860762596130371e-01,2.367274165153503418e-01,-1.159830838441848755e-01
-3.670209646224975586e-01,2.367001175880432129e-01,-1.159337162971496582e-01
-3.670209646224975586e-01,2.367001175880432129e-01,-1.159337162971496582e-01
-3.664551079273223877e-01,2.366708964109420776e-01,-1.158845871686935425e-01
-3.664551079273223877e-01,2.366708964109420776e-01,-1.158845871686935425e-01
-3.658884465694427490e-01,2.366398572921752930e-01,-1.158357188105583191e-01
-3.658884465694427490e-01,2.366398572921752930e-01,-1.158357188105583191e-01
-3.653210699558258057e-01,2.366068959236145020e-01,-1.157871112227439880e-01
-3.653210699558258057e-01,2.366068959236145020e-01,-1.157871112227439880e-01
-3.647528886795043945e-01,2.365721315145492554e-01,-1.157387644052505493e-01
-3.647528886795043945e-01,2.365721315145492554e-01,-1.157387644052505493e-01
-3.641839623451232910e-01,2.365354746580123901e-01,-1.156906485557556152e-01
-3.641839623451232910e-01,2.365354746580123901e-01,-1.156906485557556152e-01
-3.636142611503601074e-01,2.364969849586486816e-01,-1.156427860260009766e-01
-3.636142611503601074e-01,2.364969849586486816e-01,-1.156427860260009766e-01
-3.630438148975372314e-01,2.364566475152969360e-01,-1.155951842665672302e-01
-3.630438148975372314e-01,2.364566475152969360e-01,-1.155951842665672302e-01
-3.624725639820098877e-01,2.364144772291183472e-01,-1.155478283762931824e-01
-3.624725639820098877e-01,2.364144772291183472e-01,-1.155478283762931824e-01
-3.619005978107452393e-01,2.363704442977905273e-01,-1.155007109045982361e-01
-3.619005978107452393e-01,2.363704442977905273e-01,-1.155007109045982361e-01
-3.613277971744537354e-01,2.363246381282806396e-01,-1.154538542032241821e-01
-3.613277971744537354e-01,2.363246381282806396e-01,-1.154538542032241821e-01
-3.607542514801025391e-01,2.362769991159439087e-01,-1.154072508215904236e-01
-3.607542514801025391e-01,2.362769991159439087e-01,-1.154072508215904236e-01
-3.601799309253692627e-01,2.362274825572967529e-01,-1.153608709573745728e-01
-3.601799309253692627e-01,2.362274825572967529e-01,-1.153608709573745728e-01
-3.596048951148986816e-01,2.361762076616287231e-01,-1.153147518634796143e-01
-3.596048951148986816e-01,2.361762076616287231e-01,-1.153147518634796143e-01
-3.590290546417236328e-01,2.361231148242950439e-01,-1.152688711881637573e-01
-3.590290546417236328e-01,2.361231148242950439e-01,-1.152688711881637573e-01
-3.584524393081665039e-01,2.360682338476181030e-01,-1.152232214808464050e-01
-3.584524393081665039e-01,2.360682338476181030e-01,-1.152232214808464050e-01
-3.578750491142272949e-01,2.360115498304367065e-01,-1.151778399944305420e-01
-3.578750491142272949e-01,2.360115498304367065e-01,-1.151778399944305420e-01
-3.572969436645507812e-01,2.359530627727508545e-01,-1.151327043771743774e-01
-3.572969436645507812e-01,2.359530627727508545e-01,-1.151327043771743774e-01
-3.567180037498474121e-01,2.358927875757217407e-01,-1.150877773761749268e-01
-3.567180037498474121e-01,2.358927875757217407e-01,-1.150877773761749268e-01
-3.561383187770843506e-01,2.358307689428329468e-01,-1.150431185960769653e-01
-3.561383187770843506e-01,2.358307689428329468e-01,-1.150431185960769653e-01
-3.555578887462615967e-01,2.357669174671173096e-01,-1.149986833333969116e-01
-3.555578887462615967e-01,2.357669174671173096e-01,-1.149986833333969116e-01
-3.549766242504119873e-01,2.357013672590255737e-01,-1.149544939398765564e-01
-3.549766242504119873e-01,2.357013672590255737e-01,-1.149544939398765564e-01
-3.543946444988250732e-01,2.356339991092681885e-01,-1.149105504155158997e-01
-3.543946444988250732e-01,2.356339991092681885e-01,-1.149105504155158997e-01
-3.538118898868560791e-01,2.355649173259735107e-01,-1.148668453097343445e-01
-3.538118898868560791e-01,2.355649173259735107e-01,-1.148668453097343445e-01
-3.532283604145050049e-01,2.354940474033355713e-01,-1.148233562707901001e-01
-3.532283604145050049e-01,2.354940474033355713e-01,-1.148233562707901001e-01
-3.526440262794494629e-01,2.354214340448379517e-01,-1.147801280021667480e-01
-3.526440262794494629e-01,2.354214340448379517e-01,-1.147801280021667480e-01
-3.520590066909790039e-01,2.353470772504806519e-01,-1.147371158003807068e-01
-3.520590066909790039e-01,2.353470772504806519e-01,-1.147371158003807068e-01
-3.514731526374816895e-01,2.352710068225860596e-01,-1.146943494677543640e-01
-3.514731526374816895e-01,2.352710068225860596e-01,-1.146943494677543640e-01
-3.508865237236022949e-01,2.351931631565093994e-01,-1.146518215537071228e-01
-3.508865237236022949e-01,2.351931631565093994e-01,-1.146518215537071228e-01
-3.502990901470184326e-01,2.351136356592178345e-01,-1.146095171570777893e-01
-3.502990901470184326e-01,2.351136356592178345e-01,-1.146095171570777893e-01
-3.497109711170196533e-01,2.350323796272277832e-01,-1.145674437284469604e-01
-3.497109711170196533e-01,2.350323796272277832e-01,-1.145674437284469604e-01
-3.491220176219940186e-01,2.349493950605392456e-01,-1.145256087183952332e-01
-3.491220176219940186e-01,2.349493950605392456e-01,-1.145256087183952332e-01
-3.485323488712310791e-01,2.348646968603134155e-01,-1.144840046763420105e-01
-3.485323488712310791e-01,2.348646968603134155e-01,-1.144840046763420105e-01
-3.479418754577636719e-01,2.347782999277114868e-01,-1.144426092505455017e-01
-3.479418754577636719e-01,2.347782999277114868e-01,-1.144426092505455017e-01
-3.473505973815917969e-01,2.346902042627334595e-01,-1.144014596939086914e-01
-3.473505973815917969e-01,2.346902042627334595e-01,-1.144014596939086914e-01
-3.467586040496826172e-01,2.346004098653793335e-01,-1.143605411052703857e-01
-3.467586040496826172e-01,2.346004098653793335e-01,-1.143605411052703857e-01
-3.461657762527465820e-01,2.345089316368103027e-01,-1.143198460340499878e-01
-3.461657762527465820e-01,2.345089316368103027e-01,-1.143198460340499878e-01
-3.455722332000732422e-01,2.344157695770263672e-01,-1.142793893814086914e-01
-3.455722332000732422e-01,2.344157695770263672e-01,-1.142793893814086914e-01
-3.449779152870178223e-01,2.343209534883499146e-01,-1.142391562461853027e-01
-3.449779152870178223e-01,2.343209534883499146e-01,-1.142391562461853027e-01
-3.443828225135803223e-01,2.342244088649749756e-01,-1.141991317272186279e-01
-3.443828225135803223e-01,2.342244088649749756e-01,-1.141991317272186279e-01
-3.437869548797607422e-01,2.341262400150299072e-01,-1.141593381762504578e-01
-3.437869548797607422e-01,2.341262400150299072e-01,-1.141593381762504578e-01
-3.431902527809143066e-01,2.340263873338699341e-01,-1.141197830438613892e-01
-3.431902527809143066e-01,2.340263873338699341e-01,-1.141197830438613892e-01
-3.425928354263305664e-01,2.339249104261398315e-01,-1.140804365277290344e-01
-3.425928354263305664e-01,2.339249104261398315e-01,-1.140804365277290344e-01
-3.419946730136871338e-01,2.338217496871948242e-01,-1.140413060784339905e-01
-3.419946730136871338e-01,2.338217496871948242e-01,-1.140413060784339905e-01
-3.413956761360168457e-01,2.337169498205184937e-01,-1.140024065971374512e-01
-3.413956761360168457e-01,2.337169498205184937e-01,-1.140024065971374512e-01
-3.407959043979644775e-01,2.336105257272720337e-01,-1.139637306332588196e-01
-3.407959043979644775e-01,2.336105257272720337e-01,-1.139637306332588196e-01
-3.401953876018524170e-01,2.335024774074554443e-01,-1.139252781867980957e-01
-3.401953876018524170e-01,2.335024774074554443e-01,-1.139252781867980957e-01
-3.395940959453582764e-01,2.333927303552627563e-01,-1.138870269060134888e-01
-3.395940959453582764e-01,2.333927303552627563e-01,-1.138870269060134888e-01
-3.389919996261596680e-01,2.332814335823059082e-01,-1.138490065932273865e-01
-3.389919996261596680e-01,2.332814335823059082e-01,-1.138490065932273865e-01
-3.383891880512237549e-01,2.331684827804565430e-01,-1.138112023472785950e-01
-3.383891880512237549e-01,2.331684827804565430e-01,-1.138112023472785950e-01
-3.377855420112609863e-01,2.330539077520370483e-01,-1.137736067175865173e-01
-3.377855420112609863e-01,2.330539077520370483e-01,-1.137736067175865173e-01
-3.371811509132385254e-01,2.329377532005310059e-01,-1.137362495064735413e-01
-3.371811509132385254e-01,2.329377532005310059e-01,-1.137362495064735413e-01
-3.365759551525115967e-01,2.328199744224548340e-01,-1.136990860104560852e-01
-3.365759551525115967e-01,2.328199744224548340e-01,-1.136990860104560852e-01
-3.359700143337249756e-01,2.327006012201309204e-01,-1.136621460318565369e-01
-3.359700143337249756e-01,2.327006012201309204e-01,-1.136621460318565369e-01
-3.353632986545562744e-01,2.325796335935592651e-01,-1.136254221200942993e-01
-3.353632986545562744e-01,2.325796335935592651e-01,-1.136254221200942993e-01
-3.347557485103607178e-01,2.324571162462234497e-01,-1.135889142751693726e-01
-3.347557485103607178e-01,2.324571162462234497e-01,-1.135889142751693726e-01
-3.341474831104278564e-01,2.323329597711563110e-01,-1.135526150465011597e-01
-3.341474831104278564e-01,2.323329597711563110e-01,-1.135526150465011597e-01
-3.335384130477905273e-01,2.322072386741638184e-01,-1.135165169835090637e-01
-3.335384130477905273e-01,2.322072386741638184e-01,-1.135165169835090637e-01
-3.329285681247711182e-01,2.320799827575683594e-01,-1.134806424379348755e-01
-3.329285681247711182e-01,2.320799827575683594e-01,-1.134806424379348755e-01
-3.323179483413696289e-01,2.319511324167251587e-01,-1.134449616074562073e-01
-3.323179483413696289e-01,2.319511324167251587e-01,-1.134449616074562073e-01
-3.317065536975860596e-01,2.318207025527954102e-01,-1.134095117449760437e-01
-3.317065536975860596e-01,2.318207025527954102e-01,-1.134095117449760437e-01
-3.310944139957427979e-01,2.316887676715850830e-01,-1.133742555975914001e-01
-3.310944139957427979e-01,2.316887676715850830e-01,-1.133742555975914001e-01
-3.304814696311950684e-01,2.315552383661270142e-01,-1.133392080664634705e-01
-3.304814696311950684e-01,2.315552383661270142e-01,-1.133392080664634705e-01
-3.298677206039428711e-01,2.314201891422271729e-01,-1.133043766021728516e-01
-3.298677206039428711e-01,2.314201891422271729e-01,-1.133043766021728516e-01
-3.292531967163085938e-01,2.312835901975631714e-01,-1.132697239518165588e-01
-3.292531967163085938e-01,2.312835901975631714e-01,-1.132697239518165588e-01
-3.286379873752593994e-01,2.311454564332962036e-01,-1.132353022694587708e-01
-3.286379873752593994e-01,2.311454564332962036e-01,-1.132353022694587708e-01
-3.280218839645385742e-01,2.310058027505874634e-01,-1.132010892033576965e-01
-3.280218839645385742e-01,2.310058027505874634e-01,-1.132010892033576965e-01
-3.274050652980804443e-01,2.308646291494369507e-01,-1.131670624017715454e-01
-3.274050652980804443e-01,2.308646291494369507e-01,-1.131670624017715454e-01
-3.267874419689178467e-01,2.307218909263610840e-01,-1.131332665681838989e-01
-3.267874419689178467e-01,2.307218909263610840e-01,-1.131332665681838989e-01
-3.261690139770507812e-01,2.305777072906494141e-01,-1.130996420979499817e-01
-3.261690139770507812e-01,2.305777072906494141e-01,-1.130996420979499817e-01
-3.255498409271240234e-01,2.304319888353347778e-01,-1.130662262439727783e-01
-3.255498409271240234e-01,2.304319888353347778e-01,-1.130662262439727783e-01
-3.249299526214599609e-01,2.302847653627395630e-01,-1.130330115556716919e-01
-3.249299526214599609e-01,2.302847653627395630e-01,-1.130330115556716919e-01
-3.243092000484466553e-01,2.301360517740249634e-01,-1.130000054836273193e-01
-3.243092000484466553e-01,2.301360517740249634e-01,-1.130000054836273193e-01
-3.236876428127288818e-01,2.299858629703521729e-01,-1.129671856760978699e-01
-3.236876428127288818e-01,2.299858629703521729e-01,-1.129671856760978699e-01
-3.230653703212738037e-01,2.298341542482376099e-01,-1.129345819354057312e-01
-3.230653703212738037e-01,2.298341542482376099e-01,-1.129345819354057312e-01
-3.224422931671142578e-01,2.296809852123260498e-01,-1.129021644592285156e-01
-3.224422931671142578e-01,2.296809852123260498e-01,-1.129021644592285156e-01
-3.218184709548950195e-01,2.295263111591339111e-01,-1.128699406981468201e-01
-3.218184709548950195e-01,2.295263111591339111e-01,-1.128699406981468201e-01
-3.211938142776489258e-01,2.293701916933059692e-01,-1.128379181027412415e-01
-3.211938142776489258e-01,2.293701916933059692e-01,-1.128379181027412415e-01
-3.205683827400207520e-01,2.292126268148422241e-01,-1.128060892224311829e-01
-3.205683827400207520e-01,2.292126268148422241e-01,-1.128060892224311829e-01
-3.199422061443328857e-01,2.290535569190979004e-01,-1.127744615077972412e-01
-3.199422061443328857e-01,2.290535569190979004e-01,-1.127744615077972412e-01
-3.193151950836181641e-01,2.288930565118789673e-01,-1.127430200576782227e-01
-3.193151950836181641e-01,2.288930565118789673e-01,-1.127430200576782227e-01
-3.186874091625213623e-01,2.287311255931854248e-01,-1.127117723226547241e-01
-3.186874091625213623e-01,2.287311255931854248e-01,-1.127117723226547241e-01
-3.180588781833648682e-01,2.285677194595336914e-01,-1.126807183027267456e-01
-3.180588781833648682e-01,2.285677194595336914e-01,-1.126807183027267456e-01
-3.174295723438262939e-01,2.284028828144073486e-01,-1.126498505473136902e-01
-3.174295723438262939e-01,2.284028828144073486e-01,-1.126498505473136902e-01
-3.167994320392608643e-01,2.282366305589675903e-01,-1.126191839575767517e-01
-3.167994320392608643e-01,2.282366305589675903e-01,-1.126191839575767517e-01
-3.161685466766357422e-01,2.280689626932144165e-01,-1.125887110829353333e-01
-3.161685466766357422e-01,2.280689626932144165e-01,-1.125887110829353333e-01
-3.155368864536285400e-01,2.278998345136642456e-01,-1.125584095716476440e-01
-3.155368864536285400e-01,2.278998345136642456e-01,-1.125584095716476440e-01
-3.149044215679168701e-01,2.277292907238006592e-01,-1.125283017754554749e-01
-3.149044215679168701e-01,2.277292907238006592e-01,-1.125283017754554749e-01
-3.142711818218231201e-01,2.275573760271072388e-01,-1.124983951449394226e-01
-3.142711818218231201e-01,2.275573760271072388e-01,-1.124983951449394226e-01
-3.136371672153472900e-01,2.273840159177780151e-01,-1.124686673283576965e-01
-3.136371672153472900e-01,2.273840159177780151e-01,-1.124686673283576965e-01
-3.130023479461669922e-01,2.272092700004577637e-01,-1.124391108751296997e-01
-3.130023479461669922e-01,2.272092700004577637e-01,-1.124391108751296997e-01
-3.123667538166046143e-01,2.270331531763076782e-01,-1.124097555875778198e-01
-3.123667538166046143e-01,2.270331531763076782e-01,-1.124097555875778198e-01
-3.117304444313049316e-01,2.268555909395217896e-01,-1.123805865645408630e-01
-3.117304444313049316e-01,2.268555909395217896e-01,-1.123805865645408630e-01
-3.110932707786560059e-01,2.266766726970672607e-01,-1.123515963554382324e-01
-3.110932707786560059e-01,2.266766726970672607e-01,-1.123515963554382324e-01
-3.104553520679473877e-01,2.264964133501052856e-01,-1.123227849602699280e-01
-3.104553520679473877e-01,2.264964133501052856e-01,-1.123227849602699280e-01
-3.098166286945343018e-01,2.263147085905075073e-01,-1.122941523790359497e-01
-3.098166286945343018e-01,2.263147085905075073e-01,-1.122941523790359497e-01
-3.091771304607391357e-01,2.261317074298858643e-01,-1.122657135128974915e-01
-3.091771304607391357e-01,2.261317074298858643e-01,-1.122657135128974915e-01
-3.085368275642395020e-01,2.259472906589508057e-01,-1.122374534606933594e-01
-3.085368275642395020e-01,2.259472906589508057e-01,-1.122374534606933594e-01
-3.078957200050354004e-01,2.257615327835083008e-01,-1.122093722224235535e-01
-3.078957200050354004e-01,2.257615327835083008e-01,-1.122093722224235535e-01
-3.072538375854492188e-01,2.255744189023971558e-01,-1.121814548969268799e-01
-3.072538375854492188e-01,2.255744189023971558e-01,-1.121814548969268799e-01
-3.066112101078033447e-01,2.253859639167785645e-01,-1.121537387371063232e-01
-3.066112101078033447e-01,2.253859639167785645e-01,-1.121537387371063232e-01
-3.059678077697753906e-01,2.251961678266525269e-01,-1.121262013912200928e-01
-3.059678077697753906e-01,2.251961678266525269e-01,-1.121262013912200928e-01
-3.053236007690429688e-01,2.250050306320190430e-01,-1.120988279581069946e-01
-3.053236007690429688e-01,2.250050306320190430e-01,-1.120988279581069946e-01
-3.046785593032836914e-01,2.248125672340393066e-01,-1.120716258883476257e-01
-3.046785593032836914e-01,2.248125672340393066e-01,-1.120716258883476257e-01
-3.040327727794647217e-01,2.246187925338745117e-01,-1.120446100831031799e-01
-3.040327727794647217e-01,2.246187925338745117e-01,-1.120446100831031799e-01
-3.033862113952636719e-01,2.244236618280410767e-01,-1.120177581906318665e-01
-3.033862113952636719e-01,2.244236618280410767e-01,-1.120177581906318665e-01
-3.027388453483581543e-01,2.242272347211837769e-01,-1.119910925626754761e-01
-3.027388453483581543e-01,2.242272347211837769e-01,-1.119910925626754761e-01
-3.020906746387481689e-01,2.240294814109802246e-01,-1.119645982980728149e-01
-3.020906746387481689e-01,2.240294814109802246e-01,-1.119645982980728149e-01
-3.014417588710784912e-01,2.238304466009140015e-01,-1.119382604956626892e-01
-3.014417588710784912e-01,2.238304466009140015e-01,-1.119382604956626892e-01
-3.007920384407043457e-01,2.236300855875015259e-01,-1.119121089577674866e-01
-3.007920384407043457e-01,2.236300855875015259e-01,-1.119121089577674866e-01
-3.001414835453033447e-01,2.234284579753875732e-01,-1.118861138820648193e-01
-3.001414835453033447e-01,2.234284579753875732e-01,-1.118861138820648193e-01
-2.994902133941650391e-01,2.232255488634109497e-01,-1.118603050708770752e-01
-2.994902133941650391e-01,2.232255488634109497e-01,-1.118603050708770752e-01
-2.988381087779998779e-01,2.230213433504104614e-01,-1.118346676230430603e-01
-2.988381087779998779e-01,2.230213433504104614e-01,-1.118346676230430603e-01
-2.981852591037750244e-01,2.228158563375473022e-01,-1.118091866374015808e-01
-2.981852591037750244e-01,2.228158563375473022e-01,-1.118091866374015808e-01
-2.975316047668457031e-01,2.226090878248214722e-01,-1.117838770151138306e-01
-2.975316047668457031e-01,2.226090878248214722e-01,-1.117838770151138306e-01
-2.968771159648895264e-01,2.224010676145553589e-01,-1.117587313055992126e-01
-2.968771159648895264e-01,2.224010676145553589e-01,-1.117587313055992126e-01
-2.962218821048736572e-01,2.221917808055877686e-01,-1.117337569594383240e-01
-2.962218821048736572e-01,2.221917808055877686e-01,-1.117337569594383240e-01
-2.955658733844757080e-01,2.219812124967575073e-01,-1.117089465260505676e-01
-2.955658733844757080e-01,2.219812124967575073e-01,-1.117089465260505676e-01
-2.949090600013732910e-01,2.217694520950317383e-01,-1.116842925548553467e-01
-2.949090600013732910e-01,2.217694520950317383e-01,-1.116842925548553467e-01
-2.942514717578887939e-01,2.215564250946044922e-01,-1.116598173975944519e-01
-2.942514717578887939e-01,2.215564250946044922e-01,-1.116598173975944519e-01
-2.935930490493774414e-01,2.213421463966369629e-01,-1.116355061531066895e-01
-2.935930490493774414e-01,2.213421463966369629e-01,-1.116355061531066895e-01
-2.929338514804840088e-01,2.211266160011291504e-01,-1.116113439202308655e-01
-2.929338514804840088e-01,2.211266160011291504e-01,-1.116113439202308655e-01
-2.922738790512084961e-01,2.209098786115646362e-01,-1.115873530507087708e-01
-2.922738790512084961e-01,2.209098786115646362e-01,-1.115873530507087708e-01
-2.916131317615509033e-01,2.206918895244598389e-01,-1.115635186433792114e-01
-2.916131317615509033e-01,2.206918895244598389e-01,-1.115635186433792114e-01
-2.909515500068664551e-01,2.204726934432983398e-01,-1.115398406982421875e-01
-2.909515500068664551e-01,2.204726934432983398e-01,-1.115398406982421875e-01
-2.902892231941223145e-01,2.202523052692413330e-01,-1.115163192152976990e-01
-2.902892231941223145e-01,2.202523052692413330e-01,-1.115163192152976990e-01
-2.896260619163513184e-01,2.200306802988052368e-01,-1.114929541945457458e-01
-2.896260619163513184e-01,2.200306802988052368e-01,-1.114929541945457458e-01
-2.889621555805206299e-01,2.198078930377960205e-01,-1.114697605371475220e-01
-2.889621555805206299e-01,2.198078930377960205e-01,-1.114697605371475220e-01
-2.882974743843078613e-01,2.195838540792465210e-01,-1.114467158913612366e-01
-2.882974743843078613e-01,2.195838540792465210e-01,-1.114467158913612366e-01
-2.876319289207458496e-01,2.193586677312850952e-01,-1.114238351583480835e-01
-2.876319289207458496e-01,2.193586677312850952e-01,-1.114238351583480835e-01
-2.869656383991241455e-01,2.191322743892669678e-01,-1.114010885357856750e-01
-2.869656383991241455e-01,2.191322743892669678e-01,-1.114010885357856750e-01
-2.862985730171203613e-01,2.189047187566757202e-01,-1.113785132765769958e-01
-2.862985730171203613e-01,2.189047187566757202e-01,-1.113785132765769958e-01
-2.856306731700897217e-01,2.186759412288665771e-01,-1.113560944795608521e-01
-2.856306731700897217e-01,2.186759412288665771e-01,-1.113560944795608521e-01
-2.849619984626770020e-01,2.184460312128067017e-01,-1.113338246941566467e-01
-2.849619984626770020e-01,2.184460312128067017e-01,-1.113338246941566467e-01
-2.842925488948822021e-01,2.182149291038513184e-01,-1.113117039203643799e-01
-2.842925488948822021e-01,2.182149291038513184e-01,-1.113117039203643799e-01
-2.836222648620605469e-01,2.179827094078063965e-01,-1.112897545099258423e-01
-2.836222648620605469e-01,2.179827094078063965e-01,-1.112897545099258423e-01
-2.829512059688568115e-01,2.177493125200271606e-01,-1.112679243087768555e-01
-2.829512059688568115e-01,2.177493125200271606e-01,-1.112679243087768555e-01
-2.822793722152709961e-01,2.175147384405136108e-01,-1.112462505698204041e-01
-2.822793722152709961e-01,2.175147384405136108e-01,-1.112462505698204041e-01
-2.816067337989807129e-01,2.172790467739105225e-01,-1.112247407436370850e-01
-2.816067337989807129e-01,2.172790467739105225e-01,-1.112247407436370850e-01
-2.809332907199859619e-01,2.170422077178955078e-01,-1.112033650279045105e-01
-2.809332907199859619e-01,2.170422077178955078e-01,-1.112033650279045105e-01
-2.802590429782867432e-01,2.168042361736297607e-01,-1.111821457743644714e-01
-2.802590429782867432e-01,2.168042361736297607e-01,-1.111821457743644714e-01
-2.795840501785278320e-01,2.165651470422744751e-01,-1.111610755324363708e-01
-2.795840501785278320e-01,2.165651470422744751e-01,-1.111610755324363708e-01
-2.789082527160644531e-01,2.163249403238296509e-01,-1.111401394009590149e-01
-2.789082527160644531e-01,2.163249403238296509e-01,-1.111401394009590149e-01
-2.782316505908966064e-01,2.160835713148117065e-01,-1.111193671822547913e-01
-2.782316505908966064e-01,2.160835713148117065e-01,-1.111193671822547913e-01
-2.775542438030242920e-01,2.158411592245101929e-01,-1.110987216234207153e-01
-2.775542438030242920e-01,2.158411592245101929e-01,-1.110987216234207153e-01
-2.768760323524475098e-01,2.155975848436355591e-01,-1.110782176256179810e-01
-2.768760323524475098e-01,2.155975848436355591e-01,-1.110782176256179810e-01
-2.761970460414886475e-01,2.153529077768325806e-01,-1.110578626394271851e-01
-2.761970460414886475e-01,2.153529077768325806e-01,-1.110578626394271851e-01
-2.755173146724700928e-01,2.151071727275848389e-01,-1.110376566648483276e-01
-2.755173146724700928e-01,2.151071727275848389e-01,-1.110376566648483276e-01
-2.748367190361022949e-01,2.148603349924087524e-01,-1.110175922513008118e-01
-2.748367190361022949e-01,2.148603349924087524e-01,-1.110175922513008118e-01
-2.741553485393524170e-01,2.146123945713043213e-01,-1.109976693987846375e-01
-2.741553485393524170e-01,2.146123945713043213e-01,-1.109976693987846375e-01
-2.734731435775756836e-01,2.143633812665939331e-01,-1.109778806567192078e-01
-2.734731435775756836e-01,2.143633812665939331e-01,-1.109778806567192078e-01
-2.727901935577392578e-01,2.141132950782775879e-01,-1.109582260251045227e-01
-2.727901935577392578e-01,2.141132950782775879e-01,-1.109582260251045227e-01
-2.721064984798431396e-01,2.138621360063552856e-01,-1.109387278556823730e-01
-2.721064984798431396e-01,2.138621360063552856e-01,-1.109387278556823730e-01
-2.714218795299530029e-01,2.136099040508270264e-01,-1.109193414449691772e-01
-2.714218795299530029e-01,2.136099040508270264e-01,-1.109193414449691772e-01
-2.707365453243255615e-01,2.133566290140151978e-01,-1.109001040458679199e-01
-2.707365453243255615e-01,2.133566290140151978e-01,-1.109001040458679199e-01
-2.700504064559936523e-01,2.131022959947586060e-01,-1.108810082077980042e-01
-2.700504064559936523e-01,2.131022959947586060e-01,-1.108810082077980042e-01
-2.693634629249572754e-01,2.128469198942184448e-01,-1.108620390295982361e-01
-2.693634629249572754e-01,2.128469198942184448e-01,-1.108620390295982361e-01
-2.686757445335388184e-01,2.125905007123947144e-01,-1.108432188630104065e-01
-2.686757445335388184e-01,2.125905007123947144e-01,-1.108432188630104065e-01
-2.679871916770935059e-01,2.123330384492874146e-01,-1.108245253562927246e-01
-2.679871916770935059e-01,2.123330384492874146e-01,-1.108245253562927246e-01
-2.672978341579437256e-01,2.120745331048965454e-01,-1.108059436082839966e-01
-2.672978341579437256e-01,2.120745331048965454e-01,-1.108059436082839966e-01
-2.666077315807342529e-01,2.118149995803833008e-01,-1.107875183224678040e-01
-2.666077315807342529e-01,2.118149995803833008e-01,-1.107875183224678040e-01
-2.659167945384979248e-01,2.115544378757476807e-01,-1.107692196965217590e-01
-2.659167945384979248e-01,2.115544378757476807e-01,-1.107692196965217590e-01
-2.652250826358795166e-01,2.112929224967956543e-01,-1.107510551810264587e-01
-2.652250826358795166e-01,2.112929224967956543e-01,-1.107510551810264587e-01
-2.645325362682342529e-01,2.110303491353988647e-01,-1.107330098748207092e-01
-2.645325362682342529e-01,2.110303491353988647e-01,-1.107330098748207092e-01
-2.638392150402069092e-01,2.107667475938796997e-01,-1.107151061296463013e-01
-2.638392150402069092e-01,2.107667475938796997e-01,-1.107151061296463013e-01
-2.631451189517974854e-01,2.105021923780441284e-01,-1.106973215937614441e-01
-2.631451189517974854e-01,2.105021923780441284e-01,-1.106973215937614441e-01
-2.624501883983612061e-01,2.102366089820861816e-01,-1.106796711683273315e-01
-2.624501883983612061e-01,2.102366089820861816e-01,-1.106796711683273315e-01
-2.617544531822204590e-01,2.099700272083282471e-01,-1.106621474027633667e-01
-2.617544531822204590e-01,2.099700272083282471e-01,-1.106621474027633667e-01
-2.610579431056976318e-01,2.097025066614151001e-01,-1.106447428464889526e-01
-2.610579431056976318e-01,2.097025066614151001e-01,-1.106447428464889526e-01
-2.603606283664703369e-01,2.094340026378631592e-01,-1.106274649500846863e-01
-2.603606283664703369e-01,2.094340026378631592e-01,-1.106274649500846863e-01
-2.596625387668609619e-01,2.091645002365112305e-01,-1.106103137135505676e-01
-2.596625387668609619e-01,2.091645002365112305e-01,-1.106103137135505676e-01
-2.589635848999023438e-01,2.088939994573593140e-01,-1.105932816863059998e-01
-2.589635848999023438e-01,2.088939994573593140e-01,-1.105932816863059998e-01
-2.582638859748840332e-01,2.086225748062133789e-01,-1.105763837695121765e-01
-2.582638859748840332e-01,2.086225748062133789e-01,-1.105763837695121765e-01
-2.575633823871612549e-01,2.083502113819122314e-01,-1.105595901608467102e-01
-2.575633823871612549e-01,2.083502113819122314e-01,-1.105595901608467102e-01
-2.568621039390563965e-01,2.080768644809722900e-01,-1.105429455637931824e-01
-2.568621039390563965e-01,2.080768644809722900e-01,-1.105429455637931824e-01
-2.561599612236022949e-01,2.078025639057159424e-01,-1.105264052748680115e-01
-2.561599612236022949e-01,2.078025639057159424e-01,-1.105264052748680115e-01
-2.554570436477661133e-01,2.075273394584655762e-01,-1.105099841952323914e-01
-2.554570436477661133e-01,2.075273394584655762e-01,-1.105099841952323914e-01
-2.547533512115478516e-01,2.072511762380599976e-01,-1.104936748743057251e-01
-2.547533512115478516e-01,2.072511762380599976e-01,-1.104936748743057251e-01
-2.540488243103027344e-01,2.069740891456604004e-01,-1.104774922132492065e-01
-2.540488243103027344e-01,2.069740891456604004e-01,-1.104774922132492065e-01
-2.533434927463531494e-01,2.066960781812667847e-01,-1.104614213109016418e-01
-2.533434927463531494e-01,2.066960781812667847e-01,-1.104614213109016418e-01
-2.526373565196990967e-01,2.064171135425567627e-01,-1.104454696178436279e-01
-2.526373565196990967e-01,2.064171135425567627e-01,-1.104454696178436279e-01
-2.519304752349853516e-01,2.061372697353363037e-01,-1.104296520352363586e-01
-2.519304752349853516e-01,2.061372697353363037e-01,-1.104296520352363586e-01
-2.512227594852447510e-01,2.058565169572830200e-01,-1.104139238595962524e-01
-2.512227594852447510e-01,2.058565169572830200e-01,-1.104139238595962524e-01
-2.505142092704772949e-01,2.055748552083969116e-01,-1.103983297944068909e-01
-2.505142092704772949e-01,2.055748552083969116e-01,-1.103983297944068909e-01
-2.498048990964889526e-01,2.052922844886779785e-01,-1.103828325867652893e-01
-2.498048990964889526e-01,2.052922844886779785e-01,-1.103828325867652893e-01
-2.490947842597961426e-01,2.050088346004486084e-01,-1.103674620389938354e-01
-2.490947842597961426e-01,2.050088346004486084e-01,-1.103674620389938354e-01
-2.483838349580764771e-01,2.047244459390640259e-01,-1.103521957993507385e-01
-2.483838349580764771e-01,2.047244459390640259e-01,-1.103521957993507385e-01
-2.476721107959747314e-01,2.044392228126525879e-01,-1.103370413184165955e-01
-2.476721107959747314e-01,2.044392228126525879e-01,-1.103370413184165955e-01
-2.469595819711685181e-01,2.041531056165695190e-01,-1.103219985961914062e-01
-2.469595819711685181e-01,2.041531056165695190e-01,-1.103219985961914062e-01
-2.462462633848190308e-01,2.038661390542984009e-01,-1.103070601820945740e-01
-2.462462633848190308e-01,2.038661390542984009e-01,-1.103070601820945740e-01
-2.455320954322814941e-01,2.035782933235168457e-01,-1.102922484278678894e-01
-2.455320954322814941e-01,2.035782933235168457e-01,-1.102922484278678894e-01
-2.448171526193618774e-01,2.032895684242248535e-01,-1.102775260806083679e-01
-2.448171526193618774e-01,2.032895684242248535e-01,-1.102775260806083679e-01
-2.441014349460601807e-01,2.030000090599060059e-01,-1.102629229426383972e-01
-2.441014349460601807e-01,2.030000090599060059e-01,-1.102629229426383972e-01
-2.433848530054092407e-01,2.027096003293991089e-01,-1.102484315633773804e-01
-2.433848530054092407e-01,2.027096003293991089e-01,-1.102484315633773804e-01
-2.426675111055374146e-01,2.024183273315429688e-01,-1.102340295910835266e-01
-2.426675111055374146e-01,2.024183273315429688e-01,-1.102340295910835266e-01
-2.419493347406387329e-01,2.021262049674987793e-01,-1.102197393774986267e-01
-2.419493347406387329e-01,2.021262049674987793e-01,-1.102197393774986267e-01
-2.412303686141967773e-01,2.018332779407501221e-01,-1.102055534720420837e-01
-2.412303686141967773e-01,2.018332779407501221e-01,-1.102055534720420837e-01
-2.405105978250503540e-01,2.015395313501358032e-01,-1.101914867758750916e-01
-2.405105978250503540e-01,2.015395313501358032e-01,-1.101914867758750916e-01
-2.397900372743606567e-01,2.012449502944946289e-01,-1.101775020360946655e-01
-2.397900372743606567e-01,2.012449502944946289e-01,-1.101775020360946655e-01
-2.390686720609664917e-01,2.009495198726654053e-01,-1.101636290550231934e-01
-2.390686720609664917e-01,2.009495198726654053e-01,-1.101636290550231934e-01
-2.383464872837066650e-01,2.006532847881317139e-01,-1.101498454809188843e-01
-2.383464872837066650e-01,2.006532847881317139e-01,-1.101498454809188843e-01
-2.376234978437423706e-01,2.003562599420547485e-01,-1.101361662149429321e-01
-2.376234978437423706e-01,2.003562599420547485e-01,-1.101361662149429321e-01
-2.368997037410736084e-01,2.000584304332733154e-01,-1.101225987076759338e-01
-2.368997037410736084e-01,2.000584304332733154e-01,-1.101225987076759338e-01
-2.361750900745391846e-01,1.997598111629486084e-01,-1.101091280579566956e-01
-2.361750900745391846e-01,1.997598111629486084e-01,-1.101091280579566956e-01
-2.354497015476226807e-01,1.994603574275970459e-01,-1.100957468152046204e-01
-2.354497015476226807e-01,1.994603574275970459e-01,-1.100957468152046204e-01
-2.347234785556793213e-01,1.991601735353469849e-01,-1.100824698805809021e-01
-2.347234785556793213e-01,1.991601735353469849e-01,-1.100824698805809021e-01
-2.339964658021926880e-01,1.988591551780700684e-01,-1.100692898035049438e-01
-2.339964658021926880e-01,1.988591551780700684e-01,-1.100692898035049438e-01
-2.332686483860015869e-01,1.985574066638946533e-01,-1.100561991333961487e-01
-2.332686483860015869e-01,1.985574066638946533e-01,-1.100561991333961487e-01
-2.325399965047836304e-01,1.982548534870147705e-01,-1.100432202219963074e-01
-2.325399965047836304e-01,1.982548534870147705e-01,-1.100432202219963074e-01
-2.318105697631835938e-01,1.979515552520751953e-01,-1.100303232669830322e-01
-2.318105697631835938e-01,1.979515552520751953e-01,-1.100303232669830322e-01
-2.310803085565567017e-01,1.976474970579147339e-01,-1.100175157189369202e-01
-2.310803085565567017e-01,1.976474970579147339e-01,-1.100175157189369202e-01
-2.303492724895477295e-01,1.973426640033721924e-01,-1.100048050284385681e-01
-2.303492724895477295e-01,1.973426640033721924e-01,-1.100048050284385681e-01
-2.296174168586730957e-01,1.970371156930923462e-01,-1.099921986460685730e-01
-2.296174168586730957e-01,1.970371156930923462e-01,-1.099921986460685730e-01
-2.288847267627716064e-01,1.967307925224304199e-01,-1.099796667695045471e-01
-2.288847267627716064e-01,1.967307925224304199e-01,-1.099796667695045471e-01
-2.281512618064880371e-01,1.964237242937088013e-01,-1.099672317504882812e-01
-2.281512618064880371e-01,1.964237242937088013e-01,-1.099672317504882812e-01
-2.274169623851776123e-01,1.961159408092498779e-01,-1.099548786878585815e-01
-2.274169623851776123e-01,1.961159408092498779e-01,-1.099548786878585815e-01
-2.266818881034851074e-01,1.958074420690536499e-01,-1.099426448345184326e-01
-2.266818881034851074e-01,1.958074420690536499e-01,-1.099426448345184326e-01
-2.259459793567657471e-01,1.954981833696365356e-01,-1.099304556846618652e-01
-2.259459793567657471e-01,1.954981833696365356e-01,-1.099304556846618652e-01
-2.252092659473419189e-01,1.951882392168045044e-01,-1.099183857440948486e-01
-2.252092659473419189e-01,1.951882392168045044e-01,-1.099183857440948486e-01
-2.244717478752136230e-01,1.948775798082351685e-01,-1.099063828587532043e-01
-2.244717478752136230e-01,1.948775798082351685e-01,-1.099063828587532043e-01
-2.237333953380584717e-01,1.945661902427673340e-01,-1.098944842815399170e-01
-2.237333953380584717e-01,1.945661902427673340e-01,-1.098944842815399170e-01
-2.229942828416824341e-01,1.942541301250457764e-01,-1.098826527595520020e-01
-2.229942828416824341e-01,1.942541301250457764e-01,-1.098826527595520020e-01
-2.222543507814407349e-01,1.939413547515869141e-01,-1.098709255456924438e-01
-2.222543507814407349e-01,1.939413547515869141e-01,-1.098709255456924438e-01
-2.215135693550109863e-01,1.936278939247131348e-01,-1.098592653870582581e-01
-2.215135693550109863e-01,1.936278939247131348e-01,-1.098592653870582581e-01
-2.207719832658767700e-01,1.933137327432632446e-01,-1.098476946353912354e-01
-2.207719832658767700e-01,1.933137327432632446e-01,-1.098476946353912354e-01
-2.200296223163604736e-01,1.929989308118820190e-01,-1.098362132906913757e-01
-2.200296223163604736e-01,1.929989308118820190e-01,-1.098362132906913757e-01
-2.192864120006561279e-01,1.926834285259246826e-01,-1.098248064517974854e-01
-2.192864120006561279e-01,1.926834285259246826e-01,-1.098248064517974854e-01
-2.185424268245697021e-01,1.923672556877136230e-01,-1.098134741187095642e-01
-2.185424268245697021e-01,1.923672556877136230e-01,-1.098134741187095642e-01
-2.177976220846176147e-01,1.920504271984100342e-01,-1.098022237420082092e-01
-2.177976220846176147e-01,1.920504271984100342e-01,-1.098022237420082092e-01
-2.170519977807998657e-01,1.917329281568527222e-01,-1.097910627722740173e-01
-2.170519977807998657e-01,1.917329281568527222e-01,-1.097910627722740173e-01
-2.163055539131164551e-01,1.914147734642028809e-01,-1.097799763083457947e-01
-2.163055539131164551e-01,1.914147734642028809e-01,-1.097799763083457947e-01
-2.155583351850509644e-01,1.910959780216217041e-01,-1.097689568996429443e-01
-2.155583351850509644e-01,1.910959780216217041e-01,-1.097689568996429443e-01
-2.148102521896362305e-01,1.907765418291091919e-01,-1.097580268979072571e-01
-2.148102521896362305e-01,1.907765418291091919e-01,-1.097580268979072571e-01
-2.140614092350006104e-01,1.904564648866653442e-01,-1.097471639513969421e-01
-2.140614092350006104e-01,1.904564648866653442e-01,-1.097471639513969421e-01
-2.133117169141769409e-01,1.901357620954513550e-01,-1.097363755106925964e-01
-2.133117169141769409e-01,1.901357620954513550e-01,-1.097363755106925964e-01
-2.125612348318099976e-01,1.898144334554672241e-01,-1.097256690263748169e-01
-2.125612348318099976e-01,1.898144334554672241e-01,-1.097256690263748169e-01
-2.118099182844161987e-01,1.894924640655517578e-01,-1.097150370478630066e-01
-2.118099182844161987e-01,1.894924640655517578e-01,-1.097150370478630066e-01
-2.110578119754791260e-01,1.891699135303497314e-01,-1.097044721245765686e-01
-2.110578119754791260e-01,1.891699135303497314e-01,-1.097044721245765686e-01
-2.103048861026763916e-01,1.888467073440551758e-01,-1.096939817070960999e-01
-2.103048861026763916e-01,1.888467073440551758e-01,-1.096939817070960999e-01
-2.095511406660079956e-01,1.885229498147964478e-01,-1.096835583448410034e-01
-2.095511406660079956e-01,1.885229498147964478e-01,-1.096835583448410034e-01
-2.087965905666351318e-01,1.881985515356063843e-01,-1.096732243895530701e-01
-2.087965905666351318e-01,1.881985515356063843e-01,-1.096732243895530701e-01
-2.080412209033966064e-01,1.878735423088073730e-01,-1.096629425883293152e-01
-2.080412209033966064e-01,1.878735423088073730e-01,-1.096629425883293152e-01
-2.072850316762924194e-01,1.875479966402053833e-01,-1.096527278423309326e-01
-2.072850316762924194e-01,1.875479966402053833e-01,-1.096527278423309326e-01
-2.065280228853225708e-01,1.872218400239944458e-01,-1.096425876021385193e-01
-2.065280228853225708e-01,1.872218400239944458e-01,-1.096425876021385193e-01
-2.057702392339706421e-01,1.868951171636581421e-01,-1.096325218677520752e-01
-2.057702392339706421e-01,1.868951171636581421e-01,-1.096325218677520752e-01
-2.050115913152694702e-01,1.865678131580352783e-01,-1.096225082874298096e-01
-2.050115913152694702e-01,1.865678131580352783e-01,-1.096225082874298096e-01
-2.042521685361862183e-01,1.862399429082870483e-01,-1.096125617623329163e-01
-2.042521685361862183e-01,1.862399429082870483e-01,-1.096125617623329163e-01
-2.034919261932373047e-01,1.859114915132522583e-01,-1.096026971936225891e-01
-2.034919261932373047e-01,1.859114915132522583e-01,-1.096026971936225891e-01
-2.027308493852615356e-01,1.855824887752532959e-01,-1.095928773283958435e-01
-2.027308493852615356e-01,1.855824887752532959e-01,-1.095928773283958435e-01
-2.019689530134201050e-01,1.852529495954513550e-01,-1.095831319689750671e-01
-2.019689530134201050e-01,1.852529495954513550e-01,-1.095831319689750671e-01
-2.012062519788742065e-01,1.849228441715240479e-01,-1.095734536647796631e-01
-2.012062519788742065e-01,1.849228441715240479e-01,-1.095734536647796631e-01
-2.004427462816238403e-01,1.845922023057937622e-01,-1.095638349652290344e-01
-2.004427462816238403e-01,1.845922023057937622e-01,-1.095638349652290344e-01
-1.996784210205078125e-01,1.842610538005828857e-01,-1.095542758703231812e-01
-1.996784210205078125e-01,1.842610538005828857e-01,-1.095542758703231812e-01
-1.989132612943649292e-01,1.839293539524078369e-01,-1.095447614789009094e-01
-1.989132612943649292e-01,1.839293539524078369e-01,-1.095447614789009094e-01
-1.981473118066787720e-01,1.835971176624298096e-01,-1.095353364944458008e-01
-1.981473118066787720e-01,1.835971176624298096e-01,-1.095353364944458008e-01
-1.973805427551269531e-01,1.832643747329711914e-01,-1.095259562134742737e-01
-1.973805427551269531e-01,1.832643747329711914e-01,-1.095259562134742737e-01
-1.966129243373870850e-01,1.829310953617095947e-01,-1.095166280865669250e-01
-1.966129243373870850e-01,1.829310953617095947e-01,-1.095166280865669250e-01
-1.958445310592651367e-01,1.825973242521286011e-01,-1.095073670148849487e-01
-1.958445310592651367e-01,1.825973242521286011e-01,-1.095073670148849487e-01
-1.950753182172775269e-01,1.822630763053894043e-01,-1.094981580972671509e-01
-1.950753182172775269e-01,1.822630763053894043e-01,-1.094981580972671509e-01
-1.943052709102630615e-01,1.819283068180084229e-01,-1.094890087842941284e-01
-1.943052709102630615e-01,1.819283068180084229e-01,-1.094890087842941284e-01
-1.935344040393829346e-01,1.815930306911468506e-01,-1.094798967242240906e-01
-1.935344040393829346e-01,1.815930306911468506e-01,-1.094798967242240906e-01
-1.927627474069595337e-01,1.812572777271270752e-01,-1.094708591699600220e-01
-1.927627474069595337e-01,1.812572777271270752e-01,-1.094708591699600220e-01
-1.919902265071868896e-01,1.809210479259490967e-01,-1.094618812203407288e-01
-1.919902265071868896e-01,1.809210479259490967e-01,-1.094618812203407288e-01
-1.912169307470321655e-01,1.805843263864517212e-01,-1.094529330730438232e-01
-1.912169307470321655e-01,1.805843263864517212e-01,-1.094529330730438232e-01
-1.904427856206893921e-01,1.802471578121185303e-01,-1.094440519809722900e-01
-1.904427856206893921e-01,1.802471578121185303e-01,-1.094440519809722900e-01
-1.896678507328033447e-01,1.799094974994659424e-01,-1.094352230429649353e-01
-1.896678507328033447e-01,1.799094974994659424e-01,-1.094352230429649353e-01
-1.888920664787292480e-01,1.795713752508163452e-01,-1.094264388084411621e-01
-1.888920664787292480e-01,1.795713752508163452e-01,-1.094264388084411621e-01
-1.881154924631118774e-01,1.792328208684921265e-01,-1.094177067279815674e-01
-1.881154924631118774e-01,1.792328208684921265e-01,-1.094177067279815674e-01
-1.873380839824676514e-01,1.788937896490097046e-01,-1.094090193510055542e-01
-1.873380839824676514e-01,1.788937896490097046e-01,-1.094090193510055542e-01
-1.865598559379577637e-01,1.785543113946914673e-01,-1.094003915786743164e-01
-1.865598559379577637e-01,1.785543113946914673e-01,-1.094003915786743164e-01
-1.857808232307434082e-01,1.782144159078598022e-01,-1.093918085098266602e-01
-1.857808232307434082e-01,1.782144159078598022e-01,-1.093918085098266602e-01
-1.850009560585021973e-01,1.778740733861923218e-01,-1.093832626938819885e-01
-1.850009560585021973e-01,1.778740733861923218e-01,-1.093832626938819885e-01
-1.842202693223953247e-01,1.775332987308502197e-01,-1.093747764825820923e-01
-1.842202693223953247e-01,1.775332987308502197e-01,-1.093747764825820923e-01
-1.834387481212615967e-01,1.771921217441558838e-01,-1.093663275241851807e-01
-1.834387481212615967e-01,1.771921217441558838e-01,-1.093663275241851807e-01
-1.826564222574234009e-01,1.768505126237869263e-01,-1.093579307198524475e-01
-1.826564222574234009e-01,1.768505126237869263e-01,-1.093579307198524475e-01
-1.818733066320419312e-01,1.765084862709045410e-01,-1.093495562672615051e-01
-1.818733066320419312e-01,1.765084862709045410e-01,-1.093495562672615051e-01
-1.810893267393112183e-01,1.761660426855087280e-01,-1.093412414193153381e-01
-1.810893267393112183e-01,1.761660426855087280e-01,-1.093412414193153381e-01
-1.803045570850372314e-01,1.758232265710830688e-01,-1.093329712748527527e-01
-1.803045570850372314e-01,1.758232265710830688e-01,-1.093329712748527527e-01
-1.795189678668975830e-01,1.754799783229827881e-01,-1.093247309327125549e-01
-1.795189678668975830e-01,1.754799783229827881e-01,-1.093247309327125549e-01
-1.787325292825698853e-01,1.751363724470138550e-01,-1.093165427446365356e-01
-1.787325292825698853e-01,1.751363724470138550e-01,-1.093165427446365356e-01
-1.779452860355377197e-01,1.747923493385314941e-01,-1.093083843588829041e-01
-1.779452860355377197e-01,1.747923493385314941e-01,-1.093083843588829041e-01
-1.771572083234786987e-01,1.744479686021804810e-01,-1.093002632260322571e-01
-1.771572083234786987e-01,1.744479686021804810e-01,-1.093002632260322571e-01
-1.763683259487152100e-01,1.741032004356384277e-01,-1.092921942472457886e-01
-1.763683259487152100e-01,1.741032004356384277e-01,-1.092921942472457886e-01
-1.755786091089248657e-01,1.737580448389053345e-01,-1.092841625213623047e-01
-1.755786091089248657e-01,1.737580448389053345e-01,-1.092841625213623047e-01
-1.747880876064300537e-01,1.734125465154647827e-01,-1.092761531472206116e-01
-1.747880876064300537e-01,1.734125465154647827e-01,-1.092761531472206116e-01
-1.739967316389083862e-01,1.730666905641555786e-01,-1.092681959271430969e-01
-1.739967316389083862e-01,1.730666905641555786e-01,-1.092681959271430969e-01
-1.732045412063598633e-01,1.727204769849777222e-01,-1.092602536082267761e-01
-1.732045412063598633e-01,1.727204769849777222e-01,-1.092602536082267761e-01
-1.724115610122680664e-01,1.723739057779312134e-01,-1.092523634433746338e-01
-1.724115610122680664e-01,1.723739057779312134e-01,-1.092523634433746338e-01
-1.716177314519882202e-01,1.720269918441772461e-01,-1.092445030808448792e-01
-1.716177314519882202e-01,1.720269918441772461e-01,-1.092445030808448792e-01
-1.708230823278427124e-01,1.716797351837158203e-01,-1.092366650700569153e-01
-1.708230823278427124e-01,1.716797351837158203e-01,-1.092366650700569153e-01
-1.700276285409927368e-01,1.713321805000305176e-01,-1.092288717627525330e-01
-1.700276285409927368e-01,1.713321805000305176e-01,-1.092288717627525330e-01
-1.692313104867935181e-01,1.709842681884765625e-01,-1.092211157083511353e-01
-1.692313104867935181e-01,1.709842681884765625e-01,-1.092211157083511353e-01
-1.684342026710510254e-01,1.706360280513763428e-01,-1.092133745551109314e-01
-1.684342026710510254e-01,1.706360280513763428e-01,-1.092133745551109314e-01
-1.676362454891204834e-01,1.702874600887298584e-01,-1.092056632041931152e-01
-1.676362454891204834e-01,1.702874600887298584e-01,-1.092056632041931152e-01
-1.668374985456466675e-01,1.699386090040206909e-01,-1.091979965567588806e-01
-1.668374985456466675e-01,1.699386090040206909e-01,-1.091979965567588806e-01
-1.660379320383071899e-01,1.695894449949264526e-01,-1.091903373599052429e-01
-1.660379320383071899e-01,1.695894449949264526e-01,-1.091903373599052429e-01
-1.652375012636184692e-01,1.692399680614471436e-01,-1.091827303171157837e-01
-1.652375012636184692e-01,1.692399680614471436e-01,-1.091827303171157837e-01
-1.644362509250640869e-01,1.688901931047439575e-01,-1.091751307249069214e-01
-1.644362509250640869e-01,1.688901931047439575e-01,-1.091751307249069214e-01
-1.636342108249664307e-01,1.685401648283004761e-01,-1.091675758361816406e-01
-1.636342108249664307e-01,1.685401648283004761e-01,-1.091675758361816406e-01
-1.628313213586807251e-01,1.681898236274719238e-01,-1.091600209474563599e-01
-1.628313213586807251e-01,1.681898236274719238e-01,-1.091600209474563599e-01
-1.620276123285293579e-01,1.678391993045806885e-01,-1.091525107622146606e-01
-1.620276123285293579e-01,1.678391993045806885e-01,-1.091525107622146606e-01
-1.612230837345123291e-01,1.674883067607879639e-01,-1.091450080275535583e-01
-1.612230837345123291e-01,1.674883067607879639e-01,-1.091450080275535583e-01
-1.604177057743072510e-01,1.671371459960937500e-01,-1.091375350952148438e-01
-1.604177057743072510e-01,1.671371459960937500e-01,-1.091375350952148438e-01
-1.596115380525588989e-01,1.667857319116592407e-01,-1.091300919651985168e-01
-1.596115380525588989e-01,1.667857319116592407e-01,-1.091300919651985168e-01
-1.588045060634613037e-01,1.664340198040008545e-01,-1.091226562857627869e-01
-1.588045060634613037e-01,1.664340198040008545e-01,-1.091226562857627869e-01
-1.579966694116592407e-01,1.660820841789245605e-01,-1.091152504086494446e-01
-1.579966694116592407e-01,1.660820841789245605e-01,-1.091152504086494446e-01
-1.571880280971527100e-01,1.657299101352691650e-01,-1.091078668832778931e-01
-1.571880280971527100e-01,1.657299101352691650e-01,-1.091078668832778931e-01
-1.563785523176193237e-01,1.653774827718734741e-01,-1.091004908084869385e-01
-1.563785523176193237e-01,1.653774827718734741e-01,-1.091004908084869385e-01
-1.555682122707366943e-01,1.650248169898986816e-01,-1.090931519865989685e-01
-1.555682122707366943e-01,1.650248169898986816e-01,-1.090931519865989685e-01
-1.547570824623107910e-01,1.646719276905059814e-01,-1.090858131647109985e-01
-1.547570824623107910e-01,1.646719276905059814e-01,-1.090858131647109985e-01
-1.539450883865356445e-01,1.643187850713729858e-01,-1.090784966945648193e-01
-1.539450883865356445e-01,1.643187850713729858e-01,-1.090784966945648193e-01
-1.531323045492172241e-01,1.639654636383056641e-01,-1.090712025761604309e-01
-1.531323045492172241e-01,1.639654636383056641e-01,-1.090712025761604309e-01
-1.523186713457107544e-01,1.636118888854980469e-01,-1.090639159083366394e-01
-1.523186713457107544e-01,1.636118888854980469e-01,-1.090639159083366394e-01
-1.515042036771774292e-01,1.632581204175949097e-01,-1.090566366910934448e-01
-1.515042036771774292e-01,1.632581204175949097e-01,-1.090566366910934448e-01
-1.506889164447784424e-01,1.629041433334350586e-01,-1.090494021773338318e-01
-1.506889164447784424e-01,1.629041433334350586e-01,-1.090494021773338318e-01
-1.498728245496749878e-01,1.625499725341796875e-01,-1.090421453118324280e-01
-1.498728245496749878e-01,1.625499725341796875e-01,-1.090421453118324280e-01
-1.490558683872222900e-01,1.621956080198287964e-01,-1.090349256992340088e-01
-1.490558683872222900e-01,1.621956080198287964e-01,-1.090349256992340088e-01
-1.482381075620651245e-01,1.618410348892211914e-01,-1.090276911854743958e-01
-1.482381075620651245e-01,1.618410348892211914e-01,-1.090276911854743958e-01
-1.474195122718811035e-01,1.614862829446792603e-01,-1.090204939246177673e-01
-1.474195122718811035e-01,1.614862829446792603e-01,-1.090204939246177673e-01
-1.466000825166702271e-01,1.611313670873641968e-01,-1.090132892131805420e-01
-1.466000825166702271e-01,1.611313670873641968e-01,-1.090132892131805420e-01
-1.457798182964324951e-01,1.607762724161148071e-01,-1.090060994029045105e-01
-1.457798182964324951e-01,1.607762724161148071e-01,-1.090060994029045105e-01
-1.449587494134902954e-01,1.604210287332534790e-01,-1.089989170432090759e-01
-1.449587494134902954e-01,1.604210287332534790e-01,-1.089989170432090759e-01
-1.441368162631988525e-01,1.600655913352966309e-01,-1.089917495846748352e-01
-1.441368162631988525e-01,1.600655913352966309e-01,-1.089917495846748352e-01
-1.433140933513641357e-01,1.597100198268890381e-01,-1.089845746755599976e-01
-1.433140933513641357e-01,1.597100198268890381e-01,-1.089845746755599976e-01
-1.424905061721801758e-01,1.593542844057083130e-01,-1.089774221181869507e-01
-1.424905061721801758e-01,1.593542844057083130e-01,-1.089774221181869507e-01
-1.416661143302917480e-01,1.589984148740768433e-01,-1.089702695608139038e-01
-1.416661143302917480e-01,1.589984148740768433e-01,-1.089702695608139038e-01
-1.408408880233764648e-01,1.586423814296722412e-01,-1.089631095528602600e-01
-1.408408880233764648e-01,1.586423814296722412e-01,-1.089631095528602600e-01
-1.400148123502731323e-01,1.582862138748168945e-01,-1.089559569954872131e-01
-1.400148123502731323e-01,1.582862138748168945e-01,-1.089559569954872131e-01
-1.391879320144653320e-01,1.579299420118331909e-01,-1.089488193392753601e-01
-1.391879320144653320e-01,1.579299420118331909e-01,-1.089488193392753601e-01
-1.383601874113082886e-01,1.575735360383987427e-01,-1.089416742324829102e-01
-1.383601874113082886e-01,1.575735360383987427e-01,-1.089416742324829102e-01
-1.375316381454467773e-01,1.572169959545135498e-01,-1.089345291256904602e-01
-1.375316381454467773e-01,1.572169959545135498e-01,-1.089345291256904602e-01
-1.367022544145584106e-01,1.568603515625000000e-01,-1.089273914694786072e-01
-1.367022544145584106e-01,1.568603515625000000e-01,-1.089273914694786072e-01
-1.358720064163208008e-01,1.565036028623580933e-01,-1.089202463626861572e-01
-1.358720064163208008e-01,1.565036028623580933e-01,-1.089202463626861572e-01
-1.350409686565399170e-01,1.561467349529266357e-01,-1.089131087064743042e-01
-1.350409686565399170e-01,1.561467349529266357e-01,-1.089131087064743042e-01
-1.342090964317321777e-01,1.557897925376892090e-01,-1.089059635996818542e-01
-1.342090964317321777e-01,1.557897925376892090e-01,-1.089059635996818542e-01
-1.333763748407363892e-01,1.554327309131622314e-01,-1.088988110423088074e-01
-1.333763748407363892e-01,1.554327309131622314e-01,-1.088988110423088074e-01
-1.325428336858749390e-01,1.550755947828292847e-01,-1.088916659355163574e-01
-1.325428336858749390e-01,1.550755947828292847e-01,-1.088916659355163574e-01
-1.317084580659866333e-01,1.547183841466903687e-01,-1.088845133781433105e-01
-1.317084580659866333e-01,1.547183841466903687e-01,-1.088845133781433105e-01
-1.308732181787490845e-01,1.543610841035842896e-01,-1.088773608207702637e-01
-1.308732181787490845e-01,1.543610841035842896e-01,-1.088773608207702637e-01
-1.300371885299682617e-01,1.540037095546722412e-01,-1.088701933622360229e-01
-1.300371885299682617e-01,1.540037095546722412e-01,-1.088701933622360229e-01
-1.292003244161605835e-01,1.536462903022766113e-01,-1.088630259037017822e-01
-1.292003244161605835e-01,1.536462903022766113e-01,-1.088630259037017822e-01
-1.283625960350036621e-01,1.532887965440750122e-01,-1.088558435440063477e-01
-1.283625960350036621e-01,1.532887965440750122e-01,-1.088558435440063477e-01
-1.275240629911422729e-01,1.529312431812286377e-01,-1.088486537337303162e-01
-1.275240629911422729e-01,1.529312431812286377e-01,-1.088486537337303162e-01
-1.266846805810928345e-01,1.525736451148986816e-01,-1.088414639234542847e-01
-1.266846805810928345e-01,1.525736451148986816e-01,-1.088414639234542847e-01
-1.258444786071777344e-01,1.522159874439239502e-01,-1.088342592120170593e-01
-1.258444786071777344e-01,1.522159874439239502e-01,-1.088342592120170593e-01
-1.250034123659133911e-01,1.518583148717880249e-01,-1.088270470499992371e-01
-1.250034123659133911e-01,1.518583148717880249e-01,-1.088270470499992371e-01
-1.241615489125251770e-01,1.515005975961685181e-01,-1.088198199868202209e-01
-1.241615489125251770e-01,1.515005975961685181e-01,-1.088198199868202209e-01
-1.233188286423683167e-01,1.511428505182266235e-01,-1.088125929236412048e-01
-1.233188286423683167e-01,1.511428505182266235e-01,-1.088125929236412048e-01
-1.224752813577651978e-01,1.507850736379623413e-01,-1.088053435087203979e-01
-1.224752813577651978e-01,1.507850736379623413e-01,-1.088053435087203979e-01
-1.216308921575546265e-01,1.504272818565368652e-01,-1.087980791926383972e-01
-1.216308921575546265e-01,1.504272818565368652e-01,-1.087980791926383972e-01
-1.207856759428977966e-01,1.500694751739501953e-01,-1.087908074259757996e-01
-1.207856759428977966e-01,1.500694751739501953e-01,-1.087908074259757996e-01
-1.199396103620529175e-01,1.497116684913635254e-01,-1.087835207581520081e-01
-1.199396103620529175e-01,1.497116684913635254e-01,-1.087835207581520081e-01
-1.190927177667617798e-01,1.493538469076156616e-01,-1.087762042880058289e-01
-1.190927177667617798e-01,1.493538469076156616e-01,-1.087762042880058289e-01
-1.182449832558631897e-01,1.489960402250289917e-01,-1.087688878178596497e-01
-1.182449832558631897e-01,1.489960402250289917e-01,-1.087688878178596497e-01
-1.173964291810989380e-01,1.486382335424423218e-01,-1.087615489959716797e-01
-1.173964291810989380e-01,1.486382335424423218e-01,-1.087615489959716797e-01
-1.165470257401466370e-01,1.482804417610168457e-01,-1.087541878223419189e-01
-1.165470257401466370e-01,1.482804417610168457e-01,-1.087541878223419189e-01
-1.156967878341674805e-01,1.479226797819137573e-01,-1.087468191981315613e-01
-1.156967878341674805e-01,1.479226797819137573e-01,-1.087468191981315613e-01
-1.148457229137420654e-01,1.475649476051330566e-01,-1.087394282221794128e-01
-1.148457229137420654e-01,1.475649476051330566e-01,-1.087394282221794128e-01
-1.139938086271286011e-01,1.472072303295135498e-01,-1.087319999933242798e-01
-1.139938086271286011e-01,1.472072303295135498e-01,-1.087319999933242798e-01
-1.131410673260688782e-01,1.468495428562164307e-01,-1.087245792150497437e-01
-1.131410673260688782e-01,1.468495428562164307e-01,-1.087245792150497437e-01
-1.122874915599822998e-01,1.464919149875640869e-01,-1.087171211838722229e-01
-1.122874915599822998e-01,1.464919149875640869e-01,-1.087171211838722229e-01
-1.114330664277076721e-01,1.461343169212341309e-01,-1.087096258997917175e-01
-1.114330664277076721e-01,1.461343169212341309e-01,-1.087096258997917175e-01
-1.105778068304061890e-01,1.457767784595489502e-01,-1.087021231651306152e-01
-1.105778068304061890e-01,1.457767784595489502e-01,-1.087021231651306152e-01
-1.097217127680778503e-01,1.454192847013473511e-01,-1.086946055293083191e-01
-1.097217127680778503e-01,1.454192847013473511e-01,-1.086946055293083191e-01
-1.088647842407226562e-01,1.450618654489517212e-01,-1.086870431900024414e-01
-1.088647842407226562e-01,1.450618654489517212e-01,-1.086870431900024414e-01
-1.080070063471794128e-01,1.447045207023620605e-01,-1.086794734001159668e-01
-1.080070063471794128e-01,1.447045207023620605e-01,-1.086794734001159668e-01
-1.071484014391899109e-01,1.443472206592559814e-01,-1.086718663573265076e-01
-1.071484014391899109e-01,1.443472206592559814e-01,-1.086718663573265076e-01
-1.062889546155929565e-01,1.439900249242782593e-01,-1.086642369627952576e-01
-1.062889546155929565e-01,1.439900249242782593e-01,-1.086642369627952576e-01
-1.054286658763885498e-01,1.436328887939453125e-01,-1.086565628647804260e-01
-1.054286658763885498e-01,1.436328887939453125e-01,-1.086565628647804260e-01
-1.045675352215766907e-01,1.432758569717407227e-01,-1.086488962173461914e-01
-1.045675352215766907e-01,1.432758569717407227e-01,-1.086488962173461914e-01
-1.037055775523185730e-01,1.429189294576644897e-01,-1.086411774158477783e-01
-1.037055775523185730e-01,1.429189294576644897e-01,-1.086411774158477783e-01
-1.028427705168724060e-01,1.425620764493942261e-01,-1.086334288120269775e-01
-1.028427705168724060e-01,1.425620764493942261e-01,-1.086334288120269775e-01
-1.019791513681411743e-01,1.422053426504135132e-01,-1.086256504058837891e-01
-1.019791513681411743e-01,1.422053426504135132e-01,-1.086256504058837891e-01
-1.011146381497383118e-01,1.418487280607223511e-01,-1.086178421974182129e-01
-1.011146381497383118e-01,1.418487280607223511e-01,-1.086178421974182129e-01
-1.002493426203727722e-01,1.414921879768371582e-01,-1.086099967360496521e-01
-1.002493426203727722e-01,1.414921879768371582e-01,-1.086099967360496521e-01
-9.938317537307739258e-02,1.411358118057250977e-01,-1.086021140217781067e-01
-9.938317537307739258e-02,1.411358118057250977e-01,-1.086021140217781067e-01
-9.851616621017456055e-02,1.407795548439025879e-01,-1.085942089557647705e-01
-9.851616621017456055e-02,1.407795548439025879e-01,-1.085942089557647705e-01
-9.764831513166427612e-02,1.404234021902084351e-01,-1.085862591862678528e-01
-9.764831513166427612e-02,1.404234021902084351e-01,-1.085862591862678528e-01
-9.677964448928833008e-02,1.400674134492874146e-01,-1.085782870650291443e-01
-9.677964448928833008e-02,1.400674134492874146e-01,-1.085782870650291443e-01
-9.591011703014373779e-02,1.397115737199783325e-01,-1.085702702403068542e-01
-9.591011703014373779e-02,1.397115737199783325e-01,-1.085702702403068542e-01
-9.503975510597229004e-02,1.393558382987976074e-01,-1.085622161626815796e-01
-9.503975510597229004e-02,1.393558382987976074e-01,-1.085622161626815796e-01
-9.416854381561279297e-02,1.390002965927124023e-01,-1.085541248321533203e-01
-9.416854381561279297e-02,1.390002965927124023e-01,-1.085541248321533203e-01
-9.329649060964584351e-02,1.386449038982391357e-01,-1.085459887981414795e-01
-9.329649060964584351e-02,1.386449038982391357e-01,-1.085459887981414795e-01
-9.242359548807144165e-02,1.382896602153778076e-01,-1.085378304123878479e-01
-9.242359548807144165e-02,1.382896602153778076e-01,-1.085378304123878479e-01
-9.154987335205078125e-02,1.379345953464508057e-01,-1.085296049714088440e-01
-9.154987335205078125e-02,1.379345953464508057e-01,-1.085296049714088440e-01
-9.067529439926147461e-02,1.375796943902969360e-01,-1.085213571786880493e-01
-9.067529439926147461e-02,1.375796943902969360e-01,-1.085213571786880493e-01
-8.979988843202590942e-02,1.372249871492385864e-01,-1.085130721330642700e-01
-8.979988843202590942e-02,1.372249871492385864e-01,-1.085130721330642700e-01
-8.892363309860229492e-02,1.368704438209533691e-01,-1.085047274827957153e-01
-8.892363309860229492e-02,1.368704438209533691e-01,-1.085047274827957153e-01
-8.804652094841003418e-02,1.365161240100860596e-01,-1.084963604807853699e-01
-8.804652094841003418e-02,1.365161240100860596e-01,-1.084963604807853699e-01
-8.716857433319091797e-02,1.361619681119918823e-01,-1.084879413247108459e-01
-8.716857433319091797e-02,1.361619681119918823e-01,-1.084879413247108459e-01
-8.628979325294494629e-02,1.358080208301544189e-01,-1.084794625639915466e-01
-8.628979325294494629e-02,1.358080208301544189e-01,-1.084794625639915466e-01
-8.541016280651092529e-02,1.354542970657348633e-01,-1.084709689021110535e-01
-8.541016280651092529e-02,1.354542970657348633e-01,-1.084709689021110535e-01
-8.452969044446945190e-02,1.351007521152496338e-01,-1.084624081850051880e-01
-8.452969044446945190e-02,1.351007521152496338e-01,-1.084624081850051880e-01
-8.364836871623992920e-02,1.347474753856658936e-01,-1.084537953138351440e-01
-8.364836871623992920e-02,1.347474753856658936e-01,-1.084537953138351440e-01
-8.276619762182235718e-02,1.343943774700164795e-01,-1.084451526403427124e-01
-8.276619762182235718e-02,1.343943774700164795e-01,-1.084451526403427124e-01
-8.188319951295852661e-02,1.340415179729461670e-01,-1.084364354610443115e-01
-8.188319951295852661e-02,1.340415179729461670e-01,-1.084364354610443115e-01
-8.099934458732604980e-02,1.336888819932937622e-01,-1.084276884794235229e-01
-8.099934458732604980e-02,1.336888819932937622e-01,-1.084276884794235229e-01
-8.011465519666671753e-02,1.333364993333816528e-01,-1.084188818931579590e-01
-8.011465519666671753e-02,1.333364993333816528e-01,-1.084188818931579590e-01
-7.922910898923873901e-02,1.329843401908874512e-01,-1.084100306034088135e-01
-7.922910898923873901e-02,1.329843401908874512e-01,-1.084100306034088135e-01
-7.834272086620330811e-02,1.326324492692947388e-01,-1.084011197090148926e-01
-7.834272086620330811e-02,1.326324492692947388e-01,-1.084011197090148926e-01
-7.745551317930221558e-02,1.322808116674423218e-01,-1.083921715617179871e-01
-7.745551317930221558e-02,1.322808116674423218e-01,-1.083921715617179871e-01
-7.656743377447128296e-02,1.319294124841690063e-01,-1.083831563591957092e-01
-7.656743377447128296e-02,1.319294124841690063e-01,-1.083831563591957092e-01
-7.567851990461349487e-02,1.315782964229583740e-01,-1.083741039037704468e-01
-7.567851990461349487e-02,1.315782964229583740e-01,-1.083741039037704468e-01
-7.478874921798706055e-02,1.312274485826492310e-01,-1.083649843931198120e-01
-7.478874921798706055e-02,1.312274485826492310e-01,-1.083649843931198120e-01
-7.389813661575317383e-02,1.308768689632415771e-01,-1.083558052778244019e-01
-7.389813661575317383e-02,1.308768689632415771e-01,-1.083558052778244019e-01
-7.300667464733123779e-02,1.305265873670578003e-01,-1.083465665578842163e-01
-7.300667464733123779e-02,1.305265873670578003e-01,-1.083465665578842163e-01
-7.211437076330184937e-02,1.301765888929367065e-01,-1.083372831344604492e-01
-7.211437076330184937e-02,1.301765888929367065e-01,-1.083372831344604492e-01
-7.122122496366500854e-02,1.298268586397171021e-01,-1.083279475569725037e-01
-7.122122496366500854e-02,1.298268586397171021e-01,-1.083279475569725037e-01
-7.032723724842071533e-02,1.294774413108825684e-01,-1.083185374736785889e-01
-7.032723724842071533e-02,1.294774413108825684e-01,-1.083185374736785889e-01
-6.943237781524658203e-02,1.291283220052719116e-01,-1.083090752363204956e-01
-6.943237781524658203e-02,1.291283220052719116e-01,-1.083090752363204956e-01
-6.853669136762619019e-02,1.287795007228851318e-01,-1.082995533943176270e-01
-6.853669136762619019e-02,1.287795007228851318e-01,-1.082995533943176270e-01
-6.764016300439834595e-02,1.284310072660446167e-01,-1.082899644970893860e-01
-6.764016300439834595e-02,1.284310072660446167e-01,-1.082899644970893860e-01
-6.674278527498245239e-02,1.280828267335891724e-01,-1.082803159952163696e-01
-6.674278527498245239e-02,1.280828267335891724e-01,-1.082803159952163696e-01
-6.584456562995910645e-02,1.277349740266799927e-01,-1.082706078886985779e-01
-6.584456562995910645e-02,1.277349740266799927e-01,-1.082706078886985779e-01
-6.494547426700592041e-02,1.273874491453170776e-01,-1.082608327269554138e-01
-6.494547426700592041e-02,1.273874491453170776e-01,-1.082608327269554138e-01
-6.404554098844528198e-02,1.270402520895004272e-01,-1.082509905099868774e-01
-6.404554098844528198e-02,1.270402520895004272e-01,-1.082509905099868774e-01
-6.314477324485778809e-02,1.266933977603912354e-01,-1.082411035895347595e-01
-6.314477324485778809e-02,1.266933977603912354e-01,-1.082411035895347595e-01
-6.224313378334045410e-02,1.263469010591506958e-01,-1.082311272621154785e-01
-6.224313378334045410e-02,1.263469010591506958e-01,-1.082311272621154785e-01
-6.134066730737686157e-02,1.260007321834564209e-01,-1.082210987806320190e-01
-6.134066730737686157e-02,1.260007321834564209e-01,-1.082210987806320190e-01
-6.043735146522521973e-02,1.256549358367919922e-01,-1.082109957933425903e-01
-6.043735146522521973e-02,1.256549358367919922e-01,-1.082109957933425903e-01
-5.953317508101463318e-02,1.253094822168350220e-01,-1.082008332014083862e-01
-5.953317508101463318e-02,1.253094822168350220e-01,-1.082008332014083862e-01
-5.862815305590629578e-02,1.249644011259078979e-01,-1.081905886530876160e-01
-5.862815305590629578e-02,1.249644011259078979e-01,-1.081905886530876160e-01
-5.772228911519050598e-02,1.246197074651718140e-01,-1.081802919507026672e-01
-5.772228911519050598e-02,1.246197074651718140e-01,-1.081802919507026672e-01
-5.681556463241577148e-02,1.242753639817237854e-01,-1.081699058413505554e-01
-5.681556463241577148e-02,1.242753639817237854e-01,-1.081699058413505554e-01
-5.590800568461418152e-02,1.239314228296279907e-01,-1.081594601273536682e-01
-5.590800568461418152e-02,1.239314228296279907e-01,-1.081594601273536682e-01
-5.499957501888275146e-02,1.235878467559814453e-01,-1.081489473581314087e-01
-5.499957501888275146e-02,1.235878467559814453e-01,-1.081489473581314087e-01
-5.409030243754386902e-02,1.232446804642677307e-01,-1.081383526325225830e-01
-5.409030243754386902e-02,1.232446804642677307e-01,-1.081383526325225830e-01
-5.318018794059753418e-02,1.229019239544868469e-01,-1.081276908516883850e-01
-5.318018794059753418e-02,1.229019239544868469e-01,-1.081276908516883850e-01
-5.226922035217285156e-02,1.225595474243164062e-01,-1.081169545650482178e-01
-5.226922035217285156e-02,1.225595474243164062e-01,-1.081169545650482178e-01
-5.135739222168922424e-02,1.222175881266593933e-01,-1.081061288714408875e-01
-5.135739222168922424e-02,1.222175881266593933e-01,-1.081061288714408875e-01
-5.044472962617874146e-02,1.218760535120964050e-01,-1.080952435731887817e-01
-5.044472962617874146e-02,1.218760535120964050e-01,-1.080952435731887817e-01
-4.953119531273841858e-02,1.215349212288856506e-01,-1.080842763185501099e-01
-4.953119531273841858e-02,1.215349212288856506e-01,-1.080842763185501099e-01
-4.861681908369064331e-02,1.211942210793495178e-01,-1.080732420086860657e-01
-4.861681908369064331e-02,1.211942210793495178e-01,-1.080732420086860657e-01
-4.770160093903541565e-02,1.208539530634880066e-01,-1.080621182918548584e-01
-4.770160093903541565e-02,1.208539530634880066e-01,-1.080621182918548584e-01
-4.678551852703094482e-02,1.205141246318817139e-01,-1.080509200692176819e-01
-4.678551852703094482e-02,1.205141246318817139e-01,-1.080509200692176819e-01
-4.586859419941902161e-02,1.201747283339500427e-01,-1.080396398901939392e-01
-4.586859419941902161e-02,1.201747283339500427e-01,-1.080396398901939392e-01
-4.495080187916755676e-02,1.198357790708541870e-01,-1.080282777547836304e-01
-4.495080187916755676e-02,1.198357790708541870e-01,-1.080282777547836304e-01
-4.403217509388923645e-02,1.194972842931747437e-01,-1.080168411135673523e-01
-4.403217509388923645e-02,1.194972842931747437e-01,-1.080168411135673523e-01
-4.311268404126167297e-02,1.191592440009117126e-01,-1.080053150653839111e-01
-4.311268404126167297e-02,1.191592440009117126e-01,-1.080053150653839111e-01
-4.219234362244606018e-02,1.188216730952262878e-01,-1.079937145113945007e-01
-4.219234362244606018e-02,1.188216730952262878e-01,-1.079937145113945007e-01
-4.127115011215209961e-02,1.184845641255378723e-01,-1.079820394515991211e-01
-4.127115011215209961e-02,1.184845641255378723e-01,-1.079820394515991211e-01
-4.034910351037979126e-02,1.181479245424270630e-01,-1.079702526330947876e-01
-4.034910351037979126e-02,1.181479245424270630e-01,-1.079702526330947876e-01
-3.942620754241943359e-02,1.178117543458938599e-01,-1.079584062099456787e-01
-3.942620754241943359e-02,1.178117543458938599e-01,-1.079584062099456787e-01
-3.850245848298072815e-02,1.174760982394218445e-01,-1.079464629292488098e-01
-3.850245848298072815e-02,1.174760982394218445e-01,-1.079464629292488098e-01
-3.757784888148307800e-02,1.171409040689468384e-01,-1.079344376921653748e-01
-3.757784888148307800e-02,1.171409040689468384e-01,-1.079344376921653748e-01
-3.665238618850708008e-02,1.168061941862106323e-01,-1.079223081469535828e-01
-3.665238618850708008e-02,1.168061941862106323e-01,-1.079223081469535828e-01
-3.572607040405273438e-02,1.164720132946968079e-01,-1.079101189970970154e-01
-3.572607040405273438e-02,1.164720132946968079e-01,-1.079101189970970154e-01
-3.479890152812004089e-02,1.161383241415023804e-01,-1.078978255391120911e-01
-3.479890152812004089e-02,1.161383241415023804e-01,-1.078978255391120911e-01
-3.387086465954780579e-02,1.158051416277885437e-01,-1.078854426741600037e-01
-3.387086465954780579e-02,1.158051416277885437e-01,-1.078854426741600037e-01
-3.294199332594871521e-02,1.154724881052970886e-01,-1.078729704022407532e-01
-3.294199332594871521e-02,1.154724881052970886e-01,-1.078729704022407532e-01
-3.201225399971008301e-02,1.151403486728668213e-01,-1.078604161739349365e-01
-3.201225399971008301e-02,1.151403486728668213e-01,-1.078604161739349365e-01
-3.108167089521884918e-02,1.148087307810783386e-01,-1.078477576375007629e-01
-3.108167089521884918e-02,1.148087307810783386e-01,-1.078477576375007629e-01
-3.015022538602352142e-02,1.144776418805122375e-01,-1.078350022435188293e-01
-3.015022538602352142e-02,1.144776418805122375e-01,-1.078350022435188293e-01
-2.921791933476924896e-02,1.141470894217491150e-01,-1.078221723437309265e-01
-2.921791933476924896e-02,1.141470894217491150e-01,-1.078221723437309265e-01
-2.828477881848812103e-02,1.138171032071113586e-01,-1.078092306852340698e-01
-2.828477881848812103e-02,1.138171032071113586e-01,-1.078092306852340698e-01
-2.735075913369655609e-02,1.134876310825347900e-01,-1.077962070703506470e-01
-2.735075913369655609e-02,1.134876310825347900e-01,-1.077962070703506470e-01
-2.641588822007179260e-02,1.131587326526641846e-01,-1.077830791473388672e-01
-2.641588822007179260e-02,1.131587326526641846e-01,-1.077830791473388672e-01
-2.548016607761383057e-02,1.128303855657577515e-01,-1.077698543667793274e-01
-2.548016607761383057e-02,1.128303855657577515e-01,-1.077698543667793274e-01
-2.454357221722602844e-02,1.125026047229766846e-01,-1.077565401792526245e-01
-2.454357221722602844e-02,1.125026047229766846e-01,-1.077565401792526245e-01
-2.360613644123077393e-02,1.121753826737403870e-01,-1.077431291341781616e-01
-2.360613644123077393e-02,1.121753826737403870e-01,-1.077431291341781616e-01
-2.266785688698291779e-02,1.118487417697906494e-01,-1.077296212315559387e-01
-2.266785688698291779e-02,1.118487417697906494e-01,-1.077296212315559387e-01
-2.172869071364402771e-02,1.115226894617080688e-01,-1.077160015702247620e-01
-2.172869071364402771e-02,1.115226894617080688e-01,-1.077160015702247620e-01
-2.078867889940738678e-02,1.111972033977508545e-01,-1.077022850513458252e-01
-2.078867889940738678e-02,1.111972033977508545e-01,-1.077022850513458252e-01
-1.984781771898269653e-02,1.108723208308219910e-01,-1.076884716749191284e-01
-1.984781771898269653e-02,1.108723208308219910e-01,-1.076884716749191284e-01
-1.890608482062816620e-02,1.105480417609214783e-01,-1.076745539903640747e-01
-1.890608482062816620e-02,1.105480417609214783e-01,-1.076745539903640747e-01
-1.796351000666618347e-02,1.102243438363075256e-01,-1.076605319976806641e-01
-1.796351000666618347e-02,1.102243438363075256e-01,-1.076605319976806641e-01
-1.702006533741950989e-02,1.099012568593025208e-01,-1.076464280486106873e-01
-1.702006533741950989e-02,1.099012568593025208e-01,-1.076464280486106873e-01
-1.607576757669448853e-02,1.095787957310676575e-01,-1.076321899890899658e-01
-1.607576757669448853e-02,1.095787957310676575e-01,-1.076321899890899658e-01
-1.513061858713626862e-02,1.092569306492805481e-01,-1.076178550720214844e-01
-1.513061858713626862e-02,1.092569306492805481e-01,-1.076178550720214844e-01
-1.418459974229335785e-02,1.089356988668441772e-01,-1.076034158468246460e-01
-1.418459974229335785e-02,1.089356988668441772e-01,-1.076034158468246460e-01
-1.323771104216575623e-02,1.086151003837585449e-01,-1.075888872146606445e-01
-1.323771104216575623e-02,1.086151003837585449e-01,-1.075888872146606445e-01
-1.228998787701129913e-02,1.082951277494430542e-01,-1.075742319226264954e-01
-1.228998787701129913e-02,1.082951277494430542e-01,-1.075742319226264954e-01
-1.134139578789472580e-02,1.079757958650588989e-01,-1.075594723224639893e-01
-1.134139578789472580e-02,1.079757958650588989e-01,-1.075594723224639893e-01
-1.039193291217088699e-02,1.076570972800254822e-01,-1.075446084141731262e-01
-1.039193291217088699e-02,1.076570972800254822e-01,-1.075446084141731262e-01
-9.441627189517021179e-03,1.073390543460845947e-01,-1.075296252965927124e-01
-9.441627189517021179e-03,1.073390543460845947e-01,-1.075296252965927124e-01
-8.490442298352718353e-03,1.070216745138168335e-01,-1.075145527720451355e-01
-8.490442298352718353e-03,1.070216745138168335e-01,-1.075145527720451355e-01
-7.538415025919675827e-03,1.067049503326416016e-01,-1.074993461370468140e-01
-7.538415025919675827e-03,1.067049503326416016e-01,-1.074993461370468140e-01
-6.585517432540655136e-03,1.063888818025588989e-01,-1.074840351939201355e-01
-6.585517432540655136e-03,1.063888818025588989e-01,-1.074840351939201355e-01
-5.631759297102689743e-03,1.060734838247299194e-01,-1.074686124920845032e-01
-5.631759297102689743e-03,1.060734838247299194e-01,-1.074686124920845032e-01
-4.677149001508951187e-03,1.057587638497352600e-01,-1.074530780315399170e-01
-4.677149001508951187e-03,1.057587638497352600e-01,-1.074530780315399170e-01
-3.721668850630521774e-03,1.054447367787361145e-01,-1.074374392628669739e-01
-3.721668850630521774e-03,1.054447367787361145e-01,-1.074374392628669739e-01
-2.765327924862504005e-03,1.051313877105712891e-01,-1.074216812849044800e-01
-2.765327924862504005e-03,1.051313877105712891e-01,-1.074216812849044800e-01
-1.808134838938713074e-03,1.048187240958213806e-01,-1.074057966470718384e-01
-1.808134838938713074e-03,1.048187240958213806e-01,-1.074057966470718384e-01
-8.500720723532140255e-04,1.045067608356475830e-01,-1.073897927999496460e-01
-8.500720723532140255e-04,1.045067608356475830e-01,-1.073897927999496460e-01
1.088516073650680482e-04,1.041955128312110901e-01,-1.073736846446990967e-01
1.088516073650680482e-04,1.041955128312110901e-01,-1.073736846446990967e-01
1.068636192940175533e-03,1.038849577307701111e-01,-1.073574498295783997e-01
1.068636192940175533e-03,1.038849577307701111e-01,-1.073574498295783997e-01
2.029272960498929024e-03,1.035751253366470337e-01,-1.073411032557487488e-01
2.029272960498929024e-03,1.035751253366470337e-01,-1.073411032557487488e-01
2.990779234096407890e-03,1.032660007476806641e-01,-1.073246449232101440e-01
2.990779234096407890e-03,1.032660007476806641e-01,-1.073246449232101440e-01
3.953155595809221268e-03,1.029575914144515991e-01,-1.073080450296401978e-01
3.953155595809221268e-03,1.029575914144515991e-01,-1.073080450296401978e-01
4.916392266750335693e-03,1.026499345898628235e-01,-1.072913408279418945e-01
4.916392266750335693e-03,1.026499345898628235e-01,-1.072913408279418945e-01
5.880499258637428284e-03,1.023429930210113525e-01,-1.072744950652122498e-01
5.880499258637428284e-03,1.023429930210113525e-01,-1.072744950652122498e-01
6.845449097454547882e-03,1.020368039608001709e-01,-1.072575449943542480e-01
6.845449097454547882e-03,1.020368039608001709e-01,-1.072575449943542480e-01
7.811286486685276031e-03,1.017313599586486816e-01,-1.072404682636260986e-01
7.811286486685276031e-03,1.017313599586486816e-01,-1.072404682636260986e-01
8.777966722846031189e-03,1.014266610145568848e-01,-1.072232723236083984e-01
8.777966722846031189e-03,1.014266610145568848e-01,-1.072232723236083984e-01
9.745516814291477203e-03,1.011227220296859741e-01,-1.072059422731399536e-01
9.745516814291477203e-03,1.011227220296859741e-01,-1.072059422731399536e-01
1.071393676102161407e-02,1.008195281028747559e-01,-1.071884930133819580e-01
1.071393676102161407e-02,1.008195281028747559e-01,-1.071884930133819580e-01
1.168321818113327026e-02,1.005171164870262146e-01,-1.071709096431732178e-01
1.168321818113327026e-02,1.005171164870262146e-01,-1.071709096431732178e-01
1.265335083007812500e-02,1.002154722809791565e-01,-1.071532070636749268e-01
1.265335083007812500e-02,1.002154722809791565e-01,-1.071532070636749268e-01
1.362436264753341675e-02,9.991459548473358154e-02,-1.071353852748870850e-01
1.362436264753341675e-02,9.991459548473358154e-02,-1.071353852748870850e-01
1.459622569382190704e-02,9.961452335119247437e-02,-1.071174070239067078e-01
1.459622569382190704e-02,9.961452335119247437e-02,-1.071174070239067078e-01
1.556897722184658051e-02,9.931523352861404419e-02,-1.070993319153785706e-01
1.556897722184658051e-02,9.931523352861404419e-02,-1.070993319153785706e-01
1.654258929193019867e-02,9.901672601699829102e-02,-1.070811003446578979e-01
1.654258929193019867e-02,9.901672601699829102e-02,-1.070811003446578979e-01
1.751705259084701538e-02,9.871901571750640869e-02,-1.070627495646476746e-01
1.751705259084701538e-02,9.871901571750640869e-02,-1.070627495646476746e-01
1.849237829446792603e-02,9.842211753129959106e-02,-1.070442721247673035e-01
1.849237829446792603e-02,9.842211753129959106e-02,-1.070442721247673035e-01
1.946858875453472137e-02,9.812601655721664429e-02,-1.070256456732749939e-01
1.946858875453472137e-02,9.812601655721664429e-02,-1.070256456732749939e-01
2.044564485549926758e-02,9.783074259757995605e-02,-1.070069000124931335e-01
2.044564485549926758e-02,9.783074259757995605e-02,-1.070069000124931335e-01
2.142357826232910156e-02,9.753628075122833252e-02,-1.069880127906799316e-01
2.142357826232910156e-02,9.753628075122833252e-02,-1.069880127906799316e-01
2.240236476063728333e-02,9.724265336990356445e-02,-1.069689914584159851e-01
2.240236476063728333e-02,9.724265336990356445e-02,-1.069689914584159851e-01
2.338202856481075287e-02,9.694983810186386108e-02,-1.069498360157012939e-01
2.338202856481075287e-02,9.694983810186386108e-02,-1.069498360157012939e-01
2.436257153749465942e-02,9.665787965059280396e-02,-1.069305464625358582e-01
2.436257153749465942e-02,9.665787965059280396e-02,-1.069305464625358582e-01
2.534397505223751068e-02,9.636675566434860229e-02,-1.069111302495002747e-01
2.534397505223751068e-02,9.636675566434860229e-02,-1.069111302495002747e-01
2.632623165845870972e-02,9.607647359371185303e-02,-1.068915575742721558e-01
2.632623165845870972e-02,9.607647359371185303e-02,-1.068915575742721558e-01
2.730936557054519653e-02,9.578704088926315308e-02,-1.068718507885932922e-01
2.730936557054519653e-02,9.578704088926315308e-02,-1.068718507885932922e-01
2.829335257411003113e-02,9.549845755100250244e-02,-1.068520024418830872e-01
2.829335257411003113e-02,9.549845755100250244e-02,-1.068520024418830872e-01
2.927823550999164581e-02,9.521076083183288574e-02,-1.068320274353027344e-01
2.927823550999164581e-02,9.521076083183288574e-02,-1.068320274353027344e-01
3.026396967470645905e-02,9.492392092943191528e-02,-1.068118959665298462e-01
3.026396967470645905e-02,9.492392092943191528e-02,-1.068118959665298462e-01
3.125058487057685852e-02,9.463795274496078491e-02,-1.067916378378868103e-01
3.125058487057685852e-02,9.463795274496078491e-02,-1.067916378378868103e-01
3.223805874586105347e-02,9.435286372900009155e-02,-1.067712232470512390e-01
3.223805874586105347e-02,9.435286372900009155e-02,-1.067712232470512390e-01
3.322639316320419312e-02,9.406864643096923828e-02,-1.067506745457649231e-01
3.322639316320419312e-02,9.406864643096923828e-02,-1.067506745457649231e-01
3.421559557318687439e-02,9.378533065319061279e-02,-1.067299693822860718e-01
3.421559557318687439e-02,9.378533065319061279e-02,-1.067299693822860718e-01
3.520568087697029114e-02,9.350291639566421509e-02,-1.067091301083564758e-01
3.520568087697029114e-02,9.350291639566421509e-02,-1.067091301083564758e-01
3.619662299752235413e-02,9.322138875722885132e-02,-1.066881492733955383e-01
3.619662299752235413e-02,9.322138875722885132e-02,-1.066881492733955383e-01
3.718843683600425720e-02,9.294077008962631226e-02,-1.066670194268226624e-01
3.718843683600425720e-02,9.294077008962631226e-02,-1.066670194268226624e-01
3.818112984299659729e-02,9.266106039285659790e-02,-1.066457331180572510e-01
3.818112984299659729e-02,9.266106039285659790e-02,-1.066457331180572510e-01
3.917467594146728516e-02,9.238227456808090210e-02,-1.066243052482604980e-01
3.917467594146728516e-02,9.238227456808090210e-02,-1.066243052482604980e-01
4.016911610960960388e-02,9.210439771413803101e-02,-1.066027283668518066e-01
4.016911610960960388e-02,9.210439771413803101e-02,-1.066027283668518066e-01
4.116439819335937500e-02,9.182745218276977539e-02,-1.065809950232505798e-01
4.116439819335937500e-02,9.182745218276977539e-02,-1.065809950232505798e-01
4.216057807207107544e-02,9.155144542455673218e-02,-1.065591201186180115e-01
4.216057807207107544e-02,9.155144542455673218e-02,-1.065591201186180115e-01
4.315761104226112366e-02,9.127636998891830444e-02,-1.065370962023735046e-01
4.315761104226112366e-02,9.127636998891830444e-02,-1.065370962023735046e-01
4.415551945567131042e-02,9.100223332643508911e-02,-1.065149083733558655e-01
4.415551945567131042e-02,9.100223332643508911e-02,-1.065149083733558655e-01
4.515429958701133728e-02,9.072904288768768311e-02,-1.064925864338874817e-01
4.515429958701133728e-02,9.072904288768768311e-02,-1.064925864338874817e-01
4.615394026041030884e-02,9.045680612325668335e-02,-1.064701005816459656e-01
4.615394026041030884e-02,9.045680612325668335e-02,-1.064701005816459656e-01
4.715446755290031433e-02,9.018554538488388062e-02,-1.064474582672119141e-01
4.715446755290031433e-02,9.018554538488388062e-02,-1.064474582672119141e-01
4.815586656332015991e-02,8.991523832082748413e-02,-1.064246669411659241e-01
4.815586656332015991e-02,8.991523832082748413e-02,-1.064246669411659241e-01
4.915812611579895020e-02,8.964589238166809082e-02,-1.064017117023468018e-01
4.915812611579895020e-02,8.964589238166809082e-02,-1.064017117023468018e-01
5.016127228736877441e-02,8.937752246856689453e-02,-1.063786149024963379e-01
5.016127228736877441e-02,8.937752246856689453e-02,-1.063786149024963379e-01
5.116527155041694641e-02,8.911013603210449219e-02,-1.063553467392921448e-01
5.116527155041694641e-02,8.911013603210449219e-02,-1.063553467392921448e-01
5.217015370726585388e-02,8.884374052286148071e-02,-1.063319146633148193e-01
5.217015370726585388e-02,8.884374052286148071e-02,-1.063319146633148193e-01
5.317591130733489990e-02,8.857832103967666626e-02,-1.063083559274673462e-01
5.317591130733489990e-02,8.857832103967666626e-02,-1.063083559274673462e-01
5.418253690004348755e-02,8.831390738487243652e-02,-1.062846034765243530e-01
5.418253690004348755e-02,8.831390738487243652e-02,-1.062846034765243530e-01
5.519003793597221375e-02,8.805049210786819458e-02,-1.062607020139694214e-01
5.519003793597221375e-02,8.805049210786819458e-02,-1.062607020139694214e-01
5.619839206337928772e-02,8.778808265924453735e-02,-1.062366440892219543e-01
5.619839206337928772e-02,8.778808265924453735e-02,-1.062366440892219543e-01
5.720765516161918640e-02,8.752668648958206177e-02,-1.062124222517013550e-01
5.720765516161918640e-02,8.752668648958206177e-02,-1.062124222517013550e-01
5.821776762604713440e-02,8.726630359888076782e-02,-1.061880365014076233e-01
5.821776762604713440e-02,8.726630359888076782e-02,-1.061880365014076233e-01
5.922876670956611633e-02,8.700695633888244629e-02,-1.061634868383407593e-01
5.922876670956611633e-02,8.700695633888244629e-02,-1.061634868383407593e-01
6.024062633514404297e-02,8.674862235784530640e-02,-1.061387732625007629e-01
6.024062633514404297e-02,8.674862235784530640e-02,-1.061387732625007629e-01
6.125336512923240662e-02,8.649133890867233276e-02,-1.061138957738876343e-01
6.125336512923240662e-02,8.649133890867233276e-02,-1.061138957738876343e-01
6.226698309183120728e-02,8.623506873846054077e-02,-1.060888618230819702e-01
6.226698309183120728e-02,8.623506873846054077e-02,-1.060888618230819702e-01
6.328146904706954956e-02,8.597985655069351196e-02,-1.060636490583419800e-01
6.328146904706954956e-02,8.597985655069351196e-02,-1.060636490583419800e-01
6.429684162139892578e-02,8.572569489479064941e-02,-1.060382798314094543e-01
6.429684162139892578e-02,8.572569489479064941e-02,-1.060382798314094543e-01
6.531307846307754517e-02,8.547259122133255005e-02,-1.060127317905426025e-01
6.531307846307754517e-02,8.547259122133255005e-02,-1.060127317905426025e-01
6.633019447326660156e-02,8.522053807973861694e-02,-1.059870049357414246e-01
6.633019447326660156e-02,8.522053807973861694e-02,-1.059870049357414246e-01
6.734820455312728882e-02,8.496955782175064087e-02,-1.059611290693283081e-01
6.734820455312728882e-02,8.496955782175064087e-02,-1.059611290693283081e-01
6.836705654859542847e-02,8.471965044736862183e-02,-1.059350818395614624e-01
6.836705654859542847e-02,8.471965044736862183e-02,-1.059350818395614624e-01
6.938679516315460205e-02,8.447080105543136597e-02,-1.059088557958602905e-01
6.938679516315460205e-02,8.447080105543136597e-02,-1.059088557958602905e-01
7.040741294622421265e-02,8.422304689884185791e-02,-1.058824732899665833e-01
7.040741294622421265e-02,8.422304689884185791e-02,-1.058824732899665833e-01
7.142890244722366333e-02,8.397637307643890381e-02,-1.058558896183967590e-01
7.142890244722366333e-02,8.397637307643890381e-02,-1.058558896183967590e-01
7.245126366615295410e-02,8.373079448938369751e-02,-1.058291494846343994e-01
7.245126366615295410e-02,8.373079448938369751e-02,-1.058291494846343994e-01
7.347451895475387573e-02,8.348631858825683594e-02,-1.058022305369377136e-01
7.347451895475387573e-02,8.348631858825683594e-02,-1.058022305369377136e-01
7.449863851070404053e-02,8.324293792247772217e-02,-1.057751476764678955e-01
7.449863851070404053e-02,8.324293792247772217e-02,-1.057751476764678955e-01
7.552362233400344849e-02,8.300065994262695312e-02,-1.057478785514831543e-01
7.552362233400344849e-02,8.300065994262695312e-02,-1.057478785514831543e-01
7.654951512813568115e-02,8.275949954986572266e-02,-1.057204380631446838e-01
7.654951512813568115e-02,8.275949954986572266e-02,-1.057204380631446838e-01
7.757627218961715698e-02,8.251947164535522461e-02,-1.056928262114524841e-01
7.757627218961715698e-02,8.251947164535522461e-02,-1.056928262114524841e-01
7.860388606786727905e-02,8.228055387735366821e-02,-1.056650206446647644e-01
7.860388606786727905e-02,8.228055387735366821e-02,-1.056650206446647644e-01
7.963240891695022583e-02,8.204276859760284424e-02,-1.056370437145233154e-01
7.963240891695022583e-02,8.204276859760284424e-02,-1.056370437145233154e-01
8.066178858280181885e-02,8.180612325668334961e-02,-1.056088954210281372e-01
8.066178858280181885e-02,8.180612325668334961e-02,-1.056088954210281372e-01
8.169204741716384888e-02,8.157060295343399048e-02,-1.055805534124374390e-01
8.169204741716384888e-02,8.157060295343399048e-02,-1.055805534124374390e-01
8.272319287061691284e-02,8.133624494075775146e-02,-1.055520400404930115e-01
8.272319287061691284e-02,8.133624494075775146e-02,-1.055520400404930115e-01
8.375521749258041382e-02,8.110302686691284180e-02,-1.055233478546142578e-01
8.375521749258041382e-02,8.110302686691284180e-02,-1.055233478546142578e-01
8.478811383247375488e-02,8.087097108364105225e-02,-1.054944694042205811e-01
8.478811383247375488e-02,8.087097108364105225e-02,-1.054944694042205811e-01
8.582190424203872681e-02,8.064007014036178589e-02,-1.054653972387313843e-01
8.582190424203872681e-02,8.064007014036178589e-02,-1.054653972387313843e-01
8.685656636953353882e-02,8.041033148765563965e-02,-1.054361537098884583e-01
8.685656636953353882e-02,8.041033148765563965e-02,-1.054361537098884583e-01
8.789210766553878784e-02,8.018177002668380737e-02,-1.054067239165306091e-01
8.789210766553878784e-02,8.018177002668380737e-02,-1.054067239165306091e-01
8.892852067947387695e-02,7.995438575744628906e-02,-1.053771004080772400e-01
8.892852067947387695e-02,7.995438575744628906e-02,-1.053771004080772400e-01
8.996582031250000000e-02,7.972819358110427856e-02,-1.053472980856895447e-01
8.996582031250000000e-02,7.972819358110427856e-02,-1.053472980856895447e-01
9.100398421287536621e-02,7.950317859649658203e-02,-1.053172945976257324e-01
9.100398421287536621e-02,7.950317859649658203e-02,-1.053172945976257324e-01
9.204304218292236328e-02,7.927937060594558716e-02,-1.052871197462081909e-01
9.204304218292236328e-02,7.927937060594558716e-02,-1.052871197462081909e-01
9.308297932147979736e-02,7.905674725770950317e-02,-1.052567511796951294e-01
9.308297932147979736e-02,7.905674725770950317e-02,-1.052567511796951294e-01
9.412381052970886230e-02,7.883533090353012085e-02,-1.052261963486671448e-01
9.412381052970886230e-02,7.883533090353012085e-02,-1.052261963486671448e-01
9.516549855470657349e-02,7.861512154340744019e-02,-1.051954478025436401e-01
9.516549855470657349e-02,7.861512154340744019e-02,-1.051954478025436401e-01
9.620807319879531860e-02,7.839612662792205811e-02,-1.051645129919052124e-01
9.620807319879531860e-02,7.839612662792205811e-02,-1.051645129919052124e-01
9.725153446197509766e-02,7.817835360765457153e-02,-1.051333770155906677e-01
9.725153446197509766e-02,7.817835360765457153e-02,-1.051333770155906677e-01
9.829589724540710449e-02,7.796180248260498047e-02,-1.051020547747612000e-01
9.829589724540710449e-02,7.796180248260498047e-02,-1.051020547747612000e-01
9.934110194444656372e-02,7.774648815393447876e-02,-1.050705313682556152e-01
9.934110194444656372e-02,7.774648815393447876e-02,-1.050705313682556152e-01
1.003872081637382507e-01,7.753240317106246948e-02,-1.050388216972351074e-01
1.003872081637382507e-01,7.753240317106246948e-02,-1.050388216972351074e-01
1.014342010021209717e-01,7.731956988573074341e-02,-1.050069108605384827e-01
1.014342010021209717e-01,7.731956988573074341e-02,-1.050069108605384827e-01
1.024820581078529358e-01,7.710798084735870361e-02,-1.049748137593269348e-01
1.024820581078529358e-01,7.710798084735870361e-02,-1.049748137593269348e-01
1.035308241844177246e-01,7.689763605594635010e-02,-1.049425229430198669e-01
1.035308241844177246e-01,7.689763605594635010e-02,-1.049425229430198669e-01
1.045804619789123535e-01,7.668855786323547363e-02,-1.049100384116172791e-01
1.045804619789123535e-01,7.668855786323547363e-02,-1.049100384116172791e-01
1.056309565901756287e-01,7.648073136806488037e-02,-1.048773303627967834e-01
1.056309565901756287e-01,7.648073136806488037e-02,-1.048773303627967834e-01
1.066823601722717285e-01,7.627418637275695801e-02,-1.048444285988807678e-01
1.066823601722717285e-01,7.627418637275695801e-02,-1.048444285988807678e-01
1.077346429228782654e-01,7.606890052556991577e-02,-1.048113480210304260e-01
1.077346429228782654e-01,7.606890052556991577e-02,-1.048113480210304260e-01
1.087878122925758362e-01,7.586490362882614136e-02,-1.047780588269233704e-01
1.087878122925758362e-01,7.586490362882614136e-02,-1.047780588269233704e-01
1.098418533802032471e-01,7.566218823194503784e-02,-1.047445684671401978e-01
1.098418533802032471e-01,7.566218823194503784e-02,-1.047445684671401978e-01
1.108967885375022888e-01,7.546075433492660522e-02,-1.047108694911003113e-01
1.108967885375022888e-01,7.546075433492660522e-02,-1.047108694911003113e-01
1.119526103138923645e-01,7.526061683893203735e-02,-1.046769767999649048e-01
1.119526103138923645e-01,7.526061683893203735e-02,-1.046769767999649048e-01
1.130093038082122803e-01,7.506179064512252808e-02,-1.046428754925727844e-01
1.130093038082122803e-01,7.506179064512252808e-02,-1.046428754925727844e-01
1.140669062733650208e-01,7.486426830291748047e-02,-1.046085730195045471e-01
1.140669062733650208e-01,7.486426830291748047e-02,-1.046085730195045471e-01
1.151253581047058105e-01,7.466804236173629761e-02,-1.045740544795989990e-01
1.151253581047058105e-01,7.466804236173629761e-02,-1.045740544795989990e-01
1.161847189068794250e-01,7.447315007448196411e-02,-1.045393496751785278e-01
1.161847189068794250e-01,7.447315007448196411e-02,-1.045393496751785278e-01
1.172449588775634766e-01,7.427957653999328613e-02,-1.045044288039207458e-01
1.172449588775634766e-01,7.427957653999328613e-02,-1.045044288039207458e-01
1.183060929179191589e-01,7.408731430768966675e-02,-1.044693067669868469e-01
1.183060929179191589e-01,7.408731430768966675e-02,-1.044693067669868469e-01
1.193680837750434875e-01,7.389639317989349365e-02,-1.044339537620544434e-01
1.193680837750434875e-01,7.389639317989349365e-02,-1.044339537620544434e-01
1.204309687018394470e-01,7.370681315660476685e-02,-1.043984144926071167e-01
1.204309687018394470e-01,7.370681315660476685e-02,-1.043984144926071167e-01
1.214947625994682312e-01,7.351857423782348633e-02,-1.043626591563224792e-01
1.214947625994682312e-01,7.351857423782348633e-02,-1.043626591563224792e-01
1.225594207644462585e-01,7.333168387413024902e-02,-1.043266952037811279e-01
1.225594207644462585e-01,7.333168387413024902e-02,-1.043266952037811279e-01
1.236249729990959167e-01,7.314614206552505493e-02,-1.042905151844024658e-01
1.236249729990959167e-01,7.314614206552505493e-02,-1.042905151844024658e-01
1.246914044022560120e-01,7.296196371316909790e-02,-1.042541339993476868e-01
1.246914044022560120e-01,7.296196371316909790e-02,-1.042541339993476868e-01
1.257587522268295288e-01,7.277914136648178101e-02,-1.042175441980361938e-01
1.257587522268295288e-01,7.277914136648178101e-02,-1.042175441980361938e-01
1.268269419670104980e-01,7.259770482778549194e-02,-1.041807308793067932e-01
1.268269419670104980e-01,7.259770482778549194e-02,-1.041807308793067932e-01
1.278960406780242920e-01,7.241763174533843994e-02,-1.041436940431594849e-01
1.278960406780242920e-01,7.241763174533843994e-02,-1.041436940431594849e-01
1.289660334587097168e-01,7.223893702030181885e-02,-1.041064634919166565e-01
1.289660334587097168e-01,7.223893702030181885e-02,-1.041064634919166565e-01
1.300369203090667725e-01,7.206162810325622559e-02,-1.040689945220947266e-01
1.300369203090667725e-01,7.206162810325622559e-02,-1.040689945220947266e-01
1.311086565256118774e-01,7.188571244478225708e-02,-1.040313243865966797e-01
1.311086565256118774e-01,7.188571244478225708e-02,-1.040313243865966797e-01
1.321813166141510010e-01,7.171119749546051025e-02,-1.039934381842613220e-01
1.321813166141510010e-01,7.171119749546051025e-02,-1.039934381842613220e-01
1.332548260688781738e-01,7.153806835412979126e-02,-1.039553284645080566e-01
1.332548260688781738e-01,7.153806835412979126e-02,-1.039553284645080566e-01
1.343292891979217529e-01,7.136636227369308472e-02,-1.039170026779174805e-01
1.343292891979217529e-01,7.136636227369308472e-02,-1.039170026779174805e-01
1.354045867919921875e-01,7.119606435298919678e-02,-1.038784459233283997e-01
1.354045867919921875e-01,7.119606435298919678e-02,-1.038784459233283997e-01
1.364807933568954468e-01,7.102718949317932129e-02,-1.038396880030632019e-01
1.364807933568954468e-01,7.102718949317932129e-02,-1.038396880030632019e-01
1.375578790903091431e-01,7.085973024368286133e-02,-1.038006916642189026e-01
1.375578790903091431e-01,7.085973024368286133e-02,-1.038006916642189026e-01
1.386358588933944702e-01,7.069369405508041382e-02,-1.037614867091178894e-01
1.386358588933944702e-01,7.069369405508041382e-02,-1.037614867091178894e-01
1.397147327661514282e-01,7.052910327911376953e-02,-1.037220507860183716e-01
1.397147327661514282e-01,7.052910327911376953e-02,-1.037220507860183716e-01
1.407944709062576294e-01,7.036593556404113770e-02,-1.036823838949203491e-01
1.407944709062576294e-01,7.036593556404113770e-02,-1.036823838949203491e-01
1.418751180171966553e-01,7.020422816276550293e-02,-1.036425009369850159e-01
1.418751180171966553e-01,7.020422816276550293e-02,-1.036425009369850159e-01
1.429566591978073120e-01,7.004395872354507446e-02,-1.036024019122123718e-01
1.429566591978073120e-01,7.004395872354507446e-02,-1.036024019122123718e-01
1.440390944480895996e-01,6.988514959812164307e-02,-1.035620793700218201e-01
1.440390944480895996e-01,6.988514959812164307e-02,-1.035620793700218201e-01
1.451224088668823242e-01,6.972780078649520874e-02,-1.035215184092521667e-01
1.451224088668823242e-01,6.972780078649520874e-02,-1.035215184092521667e-01
1.462066024541854858e-01,6.957191973924636841e-02,-1.034807413816452026e-01
1.462066024541854858e-01,6.957191973924636841e-02,-1.034807413816452026e-01
1.472917050123214722e-01,6.941749900579452515e-02,-1.034397259354591370e-01
1.472917050123214722e-01,6.941749900579452515e-02,-1.034397259354591370e-01
1.483776718378067017e-01,6.926456838846206665e-02,-1.033984795212745667e-01
1.483776718378067017e-01,6.926456838846206665e-02,-1.033984795212745667e-01
1.494645625352859497e-01,6.911310553550720215e-02,-1.033570170402526855e-01
1.494645625352859497e-01,6.911310553550720215e-02,-1.033570170402526855e-01
1.505523175001144409e-01,6.896314024925231934e-02,-1.033153161406517029e-01
1.505523175001144409e-01,6.896314024925231934e-02,-1.033153161406517029e-01
1.516409814357757568e-01,6.881465762853622437e-02,-1.032733768224716187e-01
1.516409814357757568e-01,6.881465762853622437e-02,-1.032733768224716187e-01
1.527305394411087036e-01,6.866768002510070801e-02,-1.032312214374542236e-01
1.527305394411087036e-01,6.866768002510070801e-02,-1.032312214374542236e-01
1.538209766149520874e-01,6.852219998836517334e-02,-1.031888276338577271e-01
1.538209766149520874e-01,6.852219998836517334e-02,-1.031888276338577271e-01
1.549123227596282959e-01,6.837823241949081421e-02,-1.031461954116821289e-01
1.549123227596282959e-01,6.837823241949081421e-02,-1.031461954116821289e-01
1.560045480728149414e-01,6.823578476905822754e-02,-1.031033322215080261e-01
1.560045480728149414e-01,6.823578476905822754e-02,-1.031033322215080261e-01
1.570976674556732178e-01,6.809484213590621948e-02,-1.030602231621742249e-01
1.570976674556732178e-01,6.809484213590621948e-02,-1.030602231621742249e-01
1.581916660070419312e-01,6.795542687177658081e-02,-1.030168905854225159e-01
1.581916660070419312e-01,6.795542687177658081e-02,-1.030168905854225159e-01
1.592865884304046631e-01,6.781755387783050537e-02,-1.029733270406723022e-01
1.592865884304046631e-01,6.781755387783050537e-02,-1.029733270406723022e-01
1.603823751211166382e-01,6.768120825290679932e-02,-1.029295176267623901e-01
1.603823751211166382e-01,6.768120825290679932e-02,-1.029295176267623901e-01
1.614790707826614380e-01,6.754638999700546265e-02,-1.028854697942733765e-01
1.614790707826614380e-01,6.754638999700546265e-02,-1.028854697942733765e-01
1.625766307115554810e-01,6.741312891244888306e-02,-1.028411909937858582e-01
1.625766307115554810e-01,6.741312891244888306e-02,-1.028411909937858582e-01
1.636751145124435425e-01,6.728142499923706055e-02,-1.027966663241386414e-01
1.636751145124435425e-01,6.728142499923706055e-02,-1.027966663241386414e-01
1.647744625806808472e-01,6.715126335620880127e-02,-1.027518957853317261e-01
1.647744625806808472e-01,6.715126335620880127e-02,-1.027518957853317261e-01
1.658747494220733643e-01,6.702266633510589600e-02,-1.027068942785263062e-01
1.658747494220733643e-01,6.702266633510589600e-02,-1.027068942785263062e-01
1.669759154319763184e-01,6.689564138650894165e-02,-1.026616543531417847e-01
1.669759154319763184e-01,6.689564138650894165e-02,-1.026616543531417847e-01
1.680779606103897095e-01,6.677019596099853516e-02,-1.026161611080169678e-01
1.680779606103897095e-01,6.677019596099853516e-02,-1.026161611080169678e-01
1.691808998584747314e-01,6.664631515741348267e-02,-1.025704368948936462e-01
1.691808998584747314e-01,6.664631515741348267e-02,-1.025704368948936462e-01
1.702847331762313843e-01,6.652402132749557495e-02,-1.025244444608688354e-01
1.702847331762313843e-01,6.652402132749557495e-02,-1.025244444608688354e-01
1.713894754648208618e-01,6.640331447124481201e-02,-1.024782285094261169e-01
1.713894754648208618e-01,6.640331447124481201e-02,-1.024782285094261169e-01
1.724951118230819702e-01,6.628420203924179077e-02,-1.024317666888237000e-01
1.724951118230819702e-01,6.628420203924179077e-02,-1.024317666888237000e-01
1.736016422510147095e-01,6.616668403148651123e-02,-1.023850515484809875e-01
1.736016422510147095e-01,6.616668403148651123e-02,-1.023850515484809875e-01
1.747090667486190796e-01,6.605077534914016724e-02,-1.023380830883979797e-01
1.747090667486190796e-01,6.605077534914016724e-02,-1.023380830883979797e-01
1.758173704147338867e-01,6.593647599220275879e-02,-1.022908762097358704e-01
1.758173704147338867e-01,6.593647599220275879e-02,-1.022908762097358704e-01
1.769265979528427124e-01,6.582379341125488281e-02,-1.022434309124946594e-01
1.769265979528427124e-01,6.582379341125488281e-02,-1.022434309124946594e-01
1.780367046594619751e-01,6.571273505687713623e-02,-1.021957173943519592e-01
1.780367046594619751e-01,6.571273505687713623e-02,-1.021957173943519592e-01
1.791477054357528687e-01,6.560329347848892212e-02,-1.021477654576301575e-01
1.791477054357528687e-01,6.560329347848892212e-02,-1.021477654576301575e-01
1.802595853805541992e-01,6.549547612667083740e-02,-1.020995453000068665e-01
1.802595853805541992e-01,6.549547612667083740e-02,-1.020995453000068665e-01
1.813724040985107422e-01,6.538931280374526978e-02,-1.020510941743850708e-01
1.813724040985107422e-01,6.538931280374526978e-02,-1.020510941743850708e-01
1.824861019849777222e-01,6.528478115797042847e-02,-1.020023897290229797e-01
1.824861019849777222e-01,6.528478115797042847e-02,-1.020023897290229797e-01
1.836006939411163330e-01,6.518189609050750732e-02,-1.019534096121788025e-01
1.836006939411163330e-01,6.518189609050750732e-02,-1.019534096121788025e-01
1.847161799669265747e-01,6.508066505193710327e-02,-1.019041910767555237e-01
1.847161799669265747e-01,6.508066505193710327e-02,-1.019041910767555237e-01
1.858325600624084473e-01,6.498109549283981323e-02,-1.018547117710113525e-01
1.858325600624084473e-01,6.498109549283981323e-02,-1.018547117710113525e-01
1.869498491287231445e-01,6.488318741321563721e-02,-1.018049940466880798e-01
1.869498491287231445e-01,6.488318741321563721e-02,-1.018049940466880798e-01
1.880680471658706665e-01,6.478694081306457520e-02,-1.017550081014633179e-01
1.880680471658706665e-01,6.478694081306457520e-02,-1.017550081014633179e-01
1.891871094703674316e-01,6.469237059354782104e-02,-1.017047613859176636e-01
1.891871094703674316e-01,6.469237059354782104e-02,-1.017047613859176636e-01
1.903070956468582153e-01,6.459948420524597168e-02,-1.016542539000511169e-01
1.903070956468582153e-01,6.459948420524597168e-02,-1.016542539000511169e-01
1.914279758930206299e-01,6.450827419757843018e-02,-1.016035005450248718e-01
1.914279758930206299e-01,6.450827419757843018e-02,-1.016035005450248718e-01
1.925497353076934814e-01,6.441876292228698730e-02,-1.015524789690971375e-01
1.925497353076934814e-01,6.441876292228698730e-02,-1.015524789690971375e-01
1.936724036931991577e-01,6.433094292879104614e-02,-1.015011891722679138e-01
1.936724036931991577e-01,6.433094292879104614e-02,-1.015011891722679138e-01
1.947959810495376587e-01,6.424482166767120361e-02,-1.014496535062789917e-01
1.947959810495376587e-01,6.424482166767120361e-02,-1.014496535062789917e-01
1.959204673767089844e-01,6.416040658950805664e-02,-1.013978570699691772e-01
1.959204673767089844e-01,6.416040658950805664e-02,-1.013978570699691772e-01
1.970458179712295532e-01,6.407769769430160522e-02,-1.013457924127578735e-01
1.970458179712295532e-01,6.407769769430160522e-02,-1.013457924127578735e-01
1.981720924377441406e-01,6.399671733379364014e-02,-1.012934595346450806e-01
1.981720924377441406e-01,6.399671733379364014e-02,-1.012934595346450806e-01
1.992992609739303589e-01,6.391745060682296753e-02,-1.012408658862113953e-01
1.992992609739303589e-01,6.391745060682296753e-02,-1.012408658862113953e-01
2.004273384809494019e-01,6.383991241455078125e-02,-1.011880040168762207e-01
2.004273384809494019e-01,6.383991241455078125e-02,-1.011880040168762207e-01
2.015563100576400757e-01,6.376410275697708130e-02,-1.011348888278007507e-01
2.015563100576400757e-01,6.376410275697708130e-02,-1.011348888278007507e-01
2.026861906051635742e-01,6.369003653526306152e-02,-1.010814905166625977e-01
2.026861906051635742e-01,6.369003653526306152e-02,-1.010814905166625977e-01
2.038169354200363159e-01,6.361770629882812500e-02,-1.010278314352035522e-01
2.038169354200363159e-01,6.361770629882812500e-02,-1.010278314352035522e-01
2.049486190080642700e-01,6.354713439941406250e-02,-1.009739041328430176e-01
2.049486190080642700e-01,6.354713439941406250e-02,-1.009739041328430176e-01
2.060811966657638550e-01,6.347830593585968018e-02,-1.009197086095809937e-01
2.060811966657638550e-01,6.347830593585968018e-02,-1.009197086095809937e-01
2.072146534919738770e-01,6.341124325990676880e-02,-1.008652448654174805e-01
2.072146534919738770e-01,6.341124325990676880e-02,-1.008652448654174805e-01
2.083490490913391113e-01,6.334594637155532837e-02,-1.008105203509330750e-01
2.083490490913391113e-01,6.334594637155532837e-02,-1.008105203509330750e-01
2.094843238592147827e-01,6.328240782022476196e-02,-1.007555052638053894e-01
2.094843238592147827e-01,6.328240782022476196e-02,-1.007555052638053894e-01
2.106205075979232788e-01,6.322065740823745728e-02,-1.007002368569374084e-01
2.106205075979232788e-01,6.322065740823745728e-02,-1.007002368569374084e-01
2.117575854063034058e-01,6.316068768501281738e-02,-1.006446853280067444e-01
2.117575854063034058e-01,6.316068768501281738e-02,-1.006446853280067444e-01
2.128955721855163574e-01,6.310249119997024536e-02,-1.005888581275939941e-01
2.128955721855163574e-01,6.310249119997024536e-02,-1.005888581275939941e-01
2.140344530344009399e-01,6.304609030485153198e-02,-1.005327627062797546e-01
2.140344530344009399e-01,6.304609030485153198e-02,-1.005327627062797546e-01
2.151742577552795410e-01,6.299149245023727417e-02,-1.004763990640640259e-01
2.151742577552795410e-01,6.299149245023727417e-02,-1.004763990640640259e-01
2.163149416446685791e-01,6.293869018554687500e-02,-1.004197448492050171e-01
2.163149416446685791e-01,6.293869018554687500e-02,-1.004197448492050171e-01
2.174565345048904419e-01,6.288769841194152832e-02,-1.003628224134445190e-01
2.174565345048904419e-01,6.288769841194152832e-02,-1.003628224134445190e-01
2.185990363359451294e-01,6.283851712942123413e-02,-1.003056243062019348e-01
2.185990363359451294e-01,6.283851712942123413e-02,-1.003056243062019348e-01
2.197424322366714478e-01,6.279115378856658936e-02,-1.002481430768966675e-01
2.197424322366714478e-01,6.279115378856658936e-02,-1.002481430768966675e-01
2.208867371082305908e-01,6.274561583995819092e-02,-1.001903936266899109e-01
2.208867371082305908e-01,6.274561583995819092e-02,-1.001903936266899109e-01
2.220319509506225586e-01,6.270190328359603882e-02,-1.001323461532592773e-01
2.220319509506225586e-01,6.270190328359603882e-02,-1.001323461532592773e-01
2.231780588626861572e-01,6.266002357006072998e-02,-1.000740379095077515e-01
2.231780588626861572e-01,6.266002357006072998e-02,-1.000740379095077515e-01
2.243250608444213867e-01,6.261997669935226440e-02,-1.000154390931129456e-01
2.243250608444213867e-01,6.261997669935226440e-02,-1.000154390931129456e-01
2.254730015993118286e-01,6.258179247379302979e-02,-9.995656460523605347e-02
2.254730015993118286e-01,6.258179247379302979e-02,-9.995656460523605347e-02
2.266218215227127075e-01,6.254544854164123535e-02,-9.989739209413528442e-02
2.266218215227127075e-01,6.254544854164123535e-02,-9.989739209413528442e-02
2.277715653181076050e-01,6.251095980405807495e-02,-9.983795136213302612e-02
2.277715653181076050e-01,6.251095980405807495e-02,-9.983795136213302612e-02
2.289221882820129395e-01,6.247832626104354858e-02,-9.977822750806808472e-02
2.289221882820129395e-01,6.247832626104354858e-02,-9.977822750806808472e-02
2.300737500190734863e-01,6.244756653904914856e-02,-9.971820563077926636e-02
2.300737500190734863e-01,6.244756653904914856e-02,-9.971820563077926636e-02
2.312261760234832764e-01,6.241866946220397949e-02,-9.965790063142776489e-02
2.312261760234832764e-01,6.241866946220397949e-02,-9.965790063142776489e-02
