-5.371157452464103699e-02,5.352884903550148010e-02,3.873101621866226196e-02
-5.371157452464103699e-02,5.352884903550148010e-02,3.873101621866226196e-02
-5.350655317306518555e-02,5.312009528279304504e-02,3.831490129232406616e-02
-5.350655317306518555e-02,5.312009528279304504e-02,3.831490129232406616e-02
-5.330276116728782654e-02,5.271313339471817017e-02,3.789963200688362122e-02
-5.330276116728782654e-02,5.271313339471817017e-02,3.789963200688362122e-02
-5.310019850730895996e-02,5.230797454714775085e-02,3.748521581292152405e-02
-5.310019850730895996e-02,5.230797454714775085e-02,3.748521581292152405e-02
-5.289886519312858582e-02,5.190460383892059326e-02,3.707164898514747620e-02
-5.289886519312858582e-02,5.190460383892059326e-02,3.707164898514747620e-02
-5.269875749945640564e-02,5.150302872061729431e-02,3.665891662240028381e-02
-5.269875749945640564e-02,5.150302872061729431e-02,3.665891662240028381e-02
-5.249986425042152405e-02,5.110323056578636169e-02,3.624702990055084229e-02
-5.249986425042152405e-02,5.110323056578636169e-02,3.624702990055084229e-02
-5.230219289660453796e-02,5.070523172616958618e-02,3.583598881959915161e-02
-5.230219289660453796e-02,5.070523172616958618e-02,3.583598881959915161e-02
-5.210574343800544739e-02,5.030900612473487854e-02,3.542577847838401794e-02
-5.210574343800544739e-02,5.030900612473487854e-02,3.542577847838401794e-02
-5.191050469875335693e-02,4.991455748677253723e-02,3.501640260219573975e-02
-5.191050469875335693e-02,4.991455748677253723e-02,3.501640260219573975e-02
-5.171647295355796814e-02,4.952188953757286072e-02,3.460786491632461548e-02
-5.171647295355796814e-02,4.952188953757286072e-02,3.460786491632461548e-02
-5.152364820241928101e-02,4.913099482655525208e-02,3.420016169548034668e-02
-5.152364820241928101e-02,4.913099482655525208e-02,3.420016169548034668e-02
-5.133203044533729553e-02,4.874186962842941284e-02,3.379328548908233643e-02
-5.133203044533729553e-02,4.874186962842941284e-02,3.379328548908233643e-02
-5.114161968231201172e-02,4.835451021790504456e-02,3.338723629713058472e-02
-5.114161968231201172e-02,4.835451021790504456e-02,3.338723629713058472e-02
-5.095240101218223572e-02,4.796892032027244568e-02,3.298201039433479309e-02
-5.095240101218223572e-02,4.796892032027244568e-02,3.298201039433479309e-02
-5.076438561081886292e-02,4.758508875966072083e-02,3.257761150598526001e-02
-5.076438561081886292e-02,4.758508875966072083e-02,3.257761150598526001e-02
-5.057756230235099792e-02,4.720301553606987000e-02,3.217403590679168701e-02
-5.057756230235099792e-02,4.720301553606987000e-02,3.217403590679168701e-02
-5.039193108677864075e-02,4.682268947362899780e-02,3.177127242088317871e-02
-5.039193108677864075e-02,4.682268947362899780e-02,3.177127242088317871e-02
-5.020749196410179138e-02,4.644412174820899963e-02,3.136933594942092896e-02
-5.020749196410179138e-02,4.644412174820899963e-02,3.136933594942092896e-02
-5.002423375844955444e-02,4.606731235980987549e-02,3.096820972859859467e-02
-5.002423375844955444e-02,4.606731235980987549e-02,3.096820972859859467e-02
-4.984216764569282532e-02,4.569224268198013306e-02,3.056789375841617584e-02
-4.984216764569282532e-02,4.569224268198013306e-02,3.056789375841617584e-02
-4.966127499938011169e-02,4.531892016530036926e-02,3.016839548945426941e-02
-4.966127499938011169e-02,4.531892016530036926e-02,3.016839548945426941e-02
-4.948155954480171204e-02,4.494733363389968872e-02,2.976970188319683075e-02
-4.948155954480171204e-02,4.494733363389968872e-02,2.976970188319683075e-02
-4.930302873253822327e-02,4.457748681306838989e-02,2.937181480228900909e-02
-4.930302873253822327e-02,4.457748681306838989e-02,2.937181480228900909e-02
-4.912566021084785461e-02,4.420938342809677124e-02,2.897473424673080444e-02
-4.912566021084785461e-02,4.420938342809677124e-02,2.897473424673080444e-02
-4.894946888089179993e-02,4.384300485253334045e-02,2.857845649123191833e-02
-4.894946888089179993e-02,4.384300485253334045e-02,2.857845649123191833e-02
-4.877444356679916382e-02,4.347835481166839600e-02,2.818297781050205231e-02
-4.877444356679916382e-02,4.347835481166839600e-02,2.818297781050205231e-02
-4.860058054327964783e-02,4.311543330550193787e-02,2.778830006718635559e-02
-4.860058054327964783e-02,4.311543330550193787e-02,2.778830006718635559e-02
-4.842788353562355042e-02,4.275423660874366760e-02,2.739441767334938049e-02
-4.842788353562355042e-02,4.275423660874366760e-02,2.739441767334938049e-02
-4.825634881854057312e-02,4.239475727081298828e-02,2.700132876634597778e-02
-4.825634881854057312e-02,4.239475727081298828e-02,2.700132876634597778e-02
-4.808596149086952209e-02,4.203699901700019836e-02,2.660903334617614746e-02
-4.808596149086952209e-02,4.203699901700019836e-02,2.660903334617614746e-02
-4.791673645377159119e-02,4.168095439672470093e-02,2.621753141283988953e-02
-4.791673645377159119e-02,4.168095439672470093e-02,2.621753141283988953e-02
-4.774865880608558655e-02,4.132661968469619751e-02,2.582680992782115936e-02
-4.774865880608558655e-02,4.132661968469619751e-02,2.582680992782115936e-02
-4.758173599839210510e-02,4.097399860620498657e-02,2.543688379228115082e-02
-4.758173599839210510e-02,4.097399860620498657e-02,2.543688379228115082e-02
-4.741595312952995300e-02,4.062308743596076965e-02,2.504773437976837158e-02
-4.741595312952995300e-02,4.062308743596076965e-02,2.504773437976837158e-02
-4.725131392478942871e-02,4.027387127280235291e-02,2.465937286615371704e-02
-4.725131392478942871e-02,4.027387127280235291e-02,2.465937286615371704e-02
-4.708781838417053223e-02,3.992636129260063171e-02,2.427178993821144104e-02
-4.708781838417053223e-02,3.992636129260063171e-02,2.427178993821144104e-02
-4.692545533180236816e-02,3.958054259419441223e-02,2.388498373329639435e-02
-4.692545533180236816e-02,3.958054259419441223e-02,2.388498373329639435e-02
-4.676422849297523499e-02,3.923642262816429138e-02,2.349895611405372620e-02
-4.676422849297523499e-02,3.923642262816429138e-02,2.349895611405372620e-02
-4.660414159297943115e-02,3.889399021863937378e-02,2.311369962990283966e-02
-4.660414159297943115e-02,3.889399021863937378e-02,2.311369962990283966e-02
-4.644518345594406128e-02,3.855324909090995789e-02,2.272921428084373474e-02
-4.644518345594406128e-02,3.855324909090995789e-02,2.272921428084373474e-02
-4.628735035657882690e-02,3.821420297026634216e-02,2.234550006687641144e-02
-4.628735035657882690e-02,3.821420297026634216e-02,2.234550006687641144e-02
-4.613064229488372803e-02,3.787682950496673584e-02,2.196255326271057129e-02
-4.613064229488372803e-02,3.787682950496673584e-02,2.196255326271057129e-02
-4.597505182027816772e-02,3.754113614559173584e-02,2.158037200570106506e-02
-4.597505182027816772e-02,3.754113614559173584e-02,2.158037200570106506e-02
-4.582057893276214600e-02,3.720712289214134216e-02,2.119895070791244507e-02
-4.582057893276214600e-02,3.720712289214134216e-02,2.119895070791244507e-02
-4.566723108291625977e-02,3.687478229403495789e-02,2.081829868257045746e-02
-4.566723108291625977e-02,3.687478229403495789e-02,2.081829868257045746e-02
-4.551500082015991211e-02,3.654411807656288147e-02,2.043840289115905762e-02
-4.551500082015991211e-02,3.654411807656288147e-02,2.043840289115905762e-02
-4.536386951804161072e-02,3.621511906385421753e-02,2.005925960838794708e-02
-4.536386951804161072e-02,3.621511906385421753e-02,2.005925960838794708e-02
-4.521385207772254944e-02,3.588778525590896606e-02,1.968087442219257355e-02
-4.521385207772254944e-02,3.588778525590896606e-02,1.968087442219257355e-02
-4.506493732333183289e-02,3.556211292743682861e-02,1.930324174463748932e-02
-4.506493732333183289e-02,3.556211292743682861e-02,1.930324174463748932e-02
-4.491713270545005798e-02,3.523810207843780518e-02,1.892636716365814209e-02
-4.491713270545005798e-02,3.523810207843780518e-02,1.892636716365814209e-02
-4.477042332291603088e-02,3.491574898362159729e-02,1.855023391544818878e-02
-4.477042332291603088e-02,3.491574898362159729e-02,1.855023391544818878e-02
-4.462480545043945312e-02,3.459504246711730957e-02,1.817484758794307709e-02
-4.462480545043945312e-02,3.459504246711730957e-02,1.817484758794307709e-02
-4.448029026389122009e-02,3.427600115537643433e-02,1.780021004378795624e-02
-4.448029026389122009e-02,3.427600115537643433e-02,1.780021004378795624e-02
-4.433687403798103333e-02,3.395859524607658386e-02,1.742631196975708008e-02
-4.433687403798103333e-02,3.395859524607658386e-02,1.742631196975708008e-02
-4.419453442096710205e-02,3.364283964037895203e-02,1.705315522849559784e-02
-4.419453442096710205e-02,3.364283964037895203e-02,1.705315522849559784e-02
-4.405328631401062012e-02,3.332872688770294189e-02,1.668073795735836029e-02
-4.405328631401062012e-02,3.332872688770294189e-02,1.668073795735836029e-02
-4.391312971711158752e-02,3.301625326275825500e-02,1.630906015634536743e-02
-4.391312971711158752e-02,3.301625326275825500e-02,1.630906015634536743e-02
-4.377404600381851196e-02,3.270541504025459290e-02,1.593811437487602234e-02
-4.377404600381851196e-02,3.270541504025459290e-02,1.593811437487602234e-02
-4.363604635000228882e-02,3.239621222019195557e-02,1.556790061295032501e-02
-4.363604635000228882e-02,3.239621222019195557e-02,1.556790061295032501e-02
-4.349911585450172424e-02,3.208863735198974609e-02,1.519841421395540237e-02
-4.349911585450172424e-02,3.208863735198974609e-02,1.519841421395540237e-02
-4.336325824260711670e-02,3.178269416093826294e-02,1.482965797185897827e-02
-4.336325824260711670e-02,3.178269416093826294e-02,1.482965797185897827e-02
-4.322848096489906311e-02,3.147836774587631226e-02,1.446163002401590347e-02
-4.322848096489906311e-02,3.147836774587631226e-02,1.446163002401590347e-02
-4.309476912021636963e-02,3.117567300796508789e-02,1.409432571381330490e-02
-4.309476912021636963e-02,3.117567300796508789e-02,1.409432571381330490e-02
-4.296211525797843933e-02,3.087459504604339600e-02,1.372774317860603333e-02
-4.296211525797843933e-02,3.087459504604339600e-02,1.372774317860603333e-02
-4.283053427934646606e-02,3.057513386011123657e-02,1.336188148707151413e-02
-4.283053427934646606e-02,3.057513386011123657e-02,1.336188148707151413e-02
-4.270001128315925598e-02,3.027728013694286346e-02,1.299673784524202347e-02
-4.270001128315925598e-02,3.027728013694286346e-02,1.299673784524202347e-02
-4.257053509354591370e-02,2.998103946447372437e-02,1.263230666518211365e-02
-4.257053509354591370e-02,2.998103946447372437e-02,1.263230666518211365e-02
-4.244212806224822998e-02,2.968641370534896851e-02,1.226859353482723236e-02
-4.244212806224822998e-02,2.968641370534896851e-02,1.226859353482723236e-02
-4.231476783752441406e-02,2.939338795840740204e-02,1.190558914095163345e-02
-4.231476783752441406e-02,2.939338795840740204e-02,1.190558914095163345e-02
-4.218845069408416748e-02,2.910195663571357727e-02,1.154329627752304077e-02
-4.218845069408416748e-02,2.910195663571357727e-02,1.154329627752304077e-02
-4.206318780779838562e-02,2.881213463842868805e-02,1.118171121925115585e-02
-4.206318780779838562e-02,2.881213463842868805e-02,1.118171121925115585e-02
-4.193896800279617310e-02,2.852390520274639130e-02,1.082083117216825485e-02
-4.193896800279617310e-02,2.852390520274639130e-02,1.082083117216825485e-02
-4.181578382849693298e-02,2.823726646602153778e-02,1.046065147966146469e-02
-4.181578382849693298e-02,2.823726646602153778e-02,1.046065147966146469e-02
-4.169364273548126221e-02,2.795221842825412750e-02,1.010117866098880768e-02
-4.169364273548126221e-02,2.795221842825412750e-02,1.010117866098880768e-02
-4.157253727316856384e-02,2.766875550150871277e-02,9.742403402924537659e-03
-4.157253727316856384e-02,2.766875550150871277e-02,9.742403402924537659e-03
-4.145246744155883789e-02,2.738687954843044281e-02,9.384324774146080017e-03
-4.145246744155883789e-02,2.738687954843044281e-02,9.384324774146080017e-03
-4.133342206478118896e-02,2.710658498108386993e-02,9.026939049363136292e-03
-4.133342206478118896e-02,2.710658498108386993e-02,9.026939049363136292e-03
-4.121540859341621399e-02,2.682787366211414337e-02,8.670251816511154175e-03
-4.121540859341621399e-02,2.682787366211414337e-02,8.670251816511154175e-03
-4.109841957688331604e-02,2.655073069036006927e-02,8.314250037074089050e-03
-4.109841957688331604e-02,2.655073069036006927e-02,8.314250037074089050e-03
-4.098245128989219666e-02,2.627516351640224457e-02,7.958939298987388611e-03
-4.098245128989219666e-02,2.627516351640224457e-02,7.958939298987388611e-03
-4.086750000715255737e-02,2.600116282701492310e-02,7.604313548654317856e-03
-4.086750000715255737e-02,2.600116282701492310e-02,7.604313548654317856e-03
-4.075357317924499512e-02,2.572873048484325409e-02,7.250374648720026016e-03
-4.075357317924499512e-02,2.572873048484325409e-02,7.250374648720026016e-03
-4.064065590500831604e-02,2.545786462724208832e-02,6.897120270878076553e-03
-4.064065590500831604e-02,2.545786462724208832e-02,6.897120270878076553e-03
-4.052874818444252014e-02,2.518855594098567963e-02,6.544545758515596390e-03
-4.052874818444252014e-02,2.518855594098567963e-02,6.544545758515596390e-03
-4.041785746812820435e-02,2.492080815136432648e-02,6.192649248987436295e-03
-4.041785746812820435e-02,2.492080815136432648e-02,6.192649248987436295e-03
-4.030797258019447327e-02,2.465461753308773041e-02,5.841428413987159729e-03
-4.030797258019447327e-02,2.465461753308773041e-02,5.841428413987159729e-03
-4.019908234477043152e-02,2.438997291028499603e-02,5.490884184837341309e-03
-4.019908234477043152e-02,2.438997291028499603e-02,5.490884184837341309e-03
-4.009120166301727295e-02,2.412688359618186951e-02,5.141010507941246033e-03
-4.009120166301727295e-02,2.412688359618186951e-02,5.141010507941246033e-03
-3.998430818319320679e-02,2.386533655226230621e-02,4.791806451976299286e-03
-3.998430818319320679e-02,2.386533655226230621e-02,4.791806451976299286e-03
-3.987842053174972534e-02,2.360533364117145538e-02,4.443269688636064529e-03
-3.987842053174972534e-02,2.360533364117145538e-02,4.443269688636064529e-03
-3.977352008223533630e-02,2.334687858819961548e-02,4.095402546226978302e-03
-3.977352008223533630e-02,2.334687858819961548e-02,4.095402546226978302e-03
-3.966961428523063660e-02,2.308995276689529419e-02,3.748198272660374641e-03
-3.966961428523063660e-02,2.308995276689529419e-02,3.748198272660374641e-03
-3.956669569015502930e-02,2.283456549048423767e-02,3.401656402274966240e-03
-3.956669569015502930e-02,2.283456549048423767e-02,3.401656402274966240e-03
-3.946476057171821594e-02,2.258071117103099823e-02,3.055775305256247520e-03
-3.946476057171821594e-02,2.258071117103099823e-02,3.055775305256247520e-03
-3.936380892992019653e-02,2.232838235795497894e-02,2.710550557821989059e-03
-3.936380892992019653e-02,2.232838235795497894e-02,2.710550557821989059e-03
-3.926383331418037415e-02,2.207758463919162750e-02,2.365984721109271049e-03
-3.926383331418037415e-02,2.207758463919162750e-02,2.365984721109271049e-03
-3.916483372449874878e-02,2.182830683887004852e-02,2.022068714722990990e-03
-3.916483372449874878e-02,2.182830683887004852e-02,2.022068714722990990e-03
-3.906681016087532043e-02,2.158055081963539124e-02,1.678804284892976284e-03
-3.906681016087532043e-02,2.158055081963539124e-02,1.678804284892976284e-03
-3.896975517272949219e-02,2.133430726826190948e-02,1.336192479357123375e-03
-3.896975517272949219e-02,2.133430726826190948e-02,1.336192479357123375e-03
-3.887367248535156250e-02,2.108958736062049866e-02,9.942258475348353386e-04
-3.887367248535156250e-02,2.108958736062049866e-02,9.942258475348353386e-04
-3.877855464816093445e-02,2.084637433290481567e-02,6.529050879180431366e-04
-3.877855464816093445e-02,2.084637433290481567e-02,6.529050879180431366e-04
-3.868439793586730957e-02,2.060466632246971130e-02,3.122296475339680910e-04
-3.868439793586730957e-02,2.060466632246971130e-02,3.122296475339680910e-04
-3.859120607376098633e-02,2.036447450518608093e-02,-2.780440081551205367e-05
-3.859120607376098633e-02,2.036447450518608093e-02,-2.780440081551205367e-05
-3.849897161126136780e-02,2.012577652931213379e-02,-3.671993326861411333e-04
-3.849897161126136780e-02,2.012577652931213379e-02,-3.671993326861411333e-04
-3.840769454836845398e-02,1.988857984542846680e-02,-7.059595664031803608e-04
-3.840769454836845398e-02,1.988857984542846680e-02,-7.059595664031803608e-04
-3.831735998392105103e-02,1.965288072824478149e-02,-1.044080825522542000e-03
-3.831735998392105103e-02,1.965288072824478149e-02,-1.044080825522542000e-03
-3.822798281908035278e-02,1.941867731511592865e-02,-1.381571404635906219e-03
-3.822798281908035278e-02,1.941867731511592865e-02,-1.381571404635906219e-03
-3.813955187797546387e-02,1.918596401810646057e-02,-1.718431827612221241e-03
-3.813955187797546387e-02,1.918596401810646057e-02,-1.718431827612221241e-03
-3.805207088589668274e-02,1.895474083721637726e-02,-2.054663607850670815e-03
-3.805207088589668274e-02,1.895474083721637726e-02,-2.054663607850670815e-03
-3.796551749110221863e-02,1.872500032186508179e-02,-2.390269655734300613e-03
-3.796551749110221863e-02,1.872500032186508179e-02,-2.390269655734300613e-03
-3.787991777062416077e-02,1.849674433469772339e-02,-2.725247293710708618e-03
-3.787991777062416077e-02,1.849674433469772339e-02,-2.725247293710708618e-03
-3.779524564743041992e-02,1.826996915042400360e-02,-3.059601178392767906e-03
-3.779524564743041992e-02,1.826996915042400360e-02,-3.059601178392767906e-03
-3.771151229739189148e-02,1.804466918110847473e-02,-3.393337130546569824e-03
-3.771151229739189148e-02,1.804466918110847473e-02,-3.393337130546569824e-03
-3.762870281934738159e-02,1.782084256410598755e-02,-3.726453753188252449e-03
-3.762870281934738159e-02,1.782084256410598755e-02,-3.726453753188252449e-03
-3.754682466387748718e-02,1.759848557412624359e-02,-4.058954771608114243e-03
-3.754682466387748718e-02,1.759848557412624359e-02,-4.058954771608114243e-03
-3.746587410569190979e-02,1.737759821116924286e-02,-4.390840884298086166e-03
-3.746587410569190979e-02,1.737759821116924286e-02,-4.390840884298086166e-03
-3.738585114479064941e-02,1.715817861258983612e-02,-4.722114186733961105e-03
-3.738585114479064941e-02,1.715817861258983612e-02,-4.722114186733961105e-03
-3.730673715472221375e-02,1.694022119045257568e-02,-5.052773747593164444e-03
-3.730673715472221375e-02,1.694022119045257568e-02,-5.052773747593164444e-03
-3.722854703664779663e-02,1.672372221946716309e-02,-5.382833536714315414e-03
-3.722854703664779663e-02,1.672372221946716309e-02,-5.382833536714315414e-03
-3.715127333998680115e-02,1.650867611169815063e-02,-5.712279118597507477e-03
-3.715127333998680115e-02,1.650867611169815063e-02,-5.712279118597507477e-03
-3.707490116357803345e-02,1.629508845508098602e-02,-6.041125394403934479e-03
-3.707490116357803345e-02,1.629508845508098602e-02,-6.041125394403934479e-03
-3.699945285916328430e-02,1.608294807374477386e-02,-6.369365379214286804e-03
-3.699945285916328430e-02,1.608294807374477386e-02,-6.369365379214286804e-03
-3.692490980029106140e-02,1.587226055562496185e-02,-6.697007454931735992e-03
-3.692490980029106140e-02,1.587226055562496185e-02,-6.697007454931735992e-03
-3.685126453638076782e-02,1.566300727427005768e-02,-7.024052552878856659e-03
-3.685126453638076782e-02,1.566300727427005768e-02,-7.024052552878856659e-03
-3.677852079272270203e-02,1.545520499348640442e-02,-7.350502070039510727e-03
-3.677852079272270203e-02,1.545520499348640442e-02,-7.350502070039510727e-03
-3.670668229460716248e-02,1.524883881211280823e-02,-7.676358800381422043e-03
-3.670668229460716248e-02,1.524883881211280823e-02,-7.676358800381422043e-03
-3.663573414087295532e-02,1.504391245543956757e-02,-8.001619018614292145e-03
-3.663573414087295532e-02,1.504391245543956757e-02,-8.001619018614292145e-03
-3.656567260622978210e-02,1.484041288495063782e-02,-8.326294831931591034e-03
-3.656567260622978210e-02,1.484041288495063782e-02,-8.326294831931591034e-03
-3.649651259183883667e-02,1.463835034519433975e-02,-8.650380186736583710e-03
-3.649651259183883667e-02,1.463835034519433975e-02,-8.650380186736583710e-03
-3.642823919653892517e-02,1.443771179765462875e-02,-8.973879739642143250e-03
-3.642823919653892517e-02,1.443771179765462875e-02,-8.973879739642143250e-03
-3.636084869503974915e-02,1.423849817365407944e-02,-9.296795353293418884e-03
-3.636084869503974915e-02,1.423849817365407944e-02,-9.296795353293418884e-03
-3.629434108734130859e-02,1.404070481657981873e-02,-9.619134478271007538e-03
-3.629434108734130859e-02,1.404070481657981873e-02,-9.619134478271007538e-03
-3.622871637344360352e-02,1.384433452039957047e-02,-9.940888732671737671e-03
-3.622871637344360352e-02,1.384433452039957047e-02,-9.940888732671737671e-03
-3.616396337747573853e-02,1.364937424659729004e-02,-1.026207115501165390e-02
-3.616396337747573853e-02,1.364937424659729004e-02,-1.026207115501165390e-02
-3.610008955001831055e-02,1.345583144575357437e-02,-1.058267336338758469e-02
-3.610008955001831055e-02,1.345583144575357437e-02,-1.058267336338758469e-02
-3.603708371520042419e-02,1.326369494199752808e-02,-1.090270373970270157e-02
-3.603708371520042419e-02,1.326369494199752808e-02,-1.090270373970270157e-02
-3.597494587302207947e-02,1.307296752929687500e-02,-1.122216694056987762e-02
-3.597494587302207947e-02,1.307296752929687500e-02,-1.122216694056987762e-02
-3.591367974877357483e-02,1.288364175707101822e-02,-1.154105644673109055e-02
-3.591367974877357483e-02,1.288364175707101822e-02,-1.154105644673109055e-02
-3.585327044129371643e-02,1.269571948796510696e-02,-1.185938157141208649e-02
-3.585327044129371643e-02,1.269571948796510696e-02,-1.185938157141208649e-02
-3.579372912645339966e-02,1.250919699668884277e-02,-1.217713952064514160e-02
-3.579372912645339966e-02,1.250919699668884277e-02,-1.217713952064514160e-02
-3.573504462838172913e-02,1.232407055795192719e-02,-1.249433681368827820e-02
-3.573504462838172913e-02,1.232407055795192719e-02,-1.249433681368827820e-02
-3.567721322178840637e-02,1.214033272117376328e-02,-1.281097531318664551e-02
-3.567721322178840637e-02,1.214033272117376328e-02,-1.281097531318664551e-02
-3.562023490667343140e-02,1.195798907428979874e-02,-1.312705222517251968e-02
-3.562023490667343140e-02,1.195798907428979874e-02,-1.312705222517251968e-02
-3.556411340832710266e-02,1.177702844142913818e-02,-1.344257220625877380e-02
-3.556411340832710266e-02,1.177702844142913818e-02,-1.344257220625877380e-02
-3.550883010029792786e-02,1.159745082259178162e-02,-1.375754084438085556e-02
-3.550883010029792786e-02,1.159745082259178162e-02,-1.375754084438085556e-02
-3.545439988374710083e-02,1.141926180571317673e-02,-1.407195348292589188e-02
-3.545439988374710083e-02,1.141926180571317673e-02,-1.407195348292589188e-02
-3.540080785751342773e-02,1.124244276434183121e-02,-1.438581384718418121e-02
-3.540080785751342773e-02,1.124244276434183121e-02,-1.438581384718418121e-02
-3.534805402159690857e-02,1.106699835509061813e-02,-1.469913683831691742e-02
-3.534805402159690857e-02,1.106699835509061813e-02,-1.469913683831691742e-02
-3.529613837599754333e-02,1.089293416589498520e-02,-1.501190289855003357e-02
-3.529613837599754333e-02,1.089293416589498520e-02,-1.501190289855003357e-02
-3.524506092071533203e-02,1.072023063898086548e-02,-1.532412879168987274e-02
-3.524506092071533203e-02,1.072023063898086548e-02,-1.532412879168987274e-02
-3.519481047987937927e-02,1.054889988154172897e-02,-1.563581451773643494e-02
-3.519481047987937927e-02,1.054889988154172897e-02,-1.563581451773643494e-02
-3.514539077877998352e-02,1.037892885506153107e-02,-1.594695635139942169e-02
-3.514539077877998352e-02,1.037892885506153107e-02,-1.594695635139942169e-02
-3.509679436683654785e-02,1.021032128483057022e-02,-1.625755988061428070e-02
-3.509679436683654785e-02,1.021032128483057022e-02,-1.625755988061428070e-02
-3.504902124404907227e-02,1.004306972026824951e-02,-1.656762883067131042e-02
-3.504902124404907227e-02,1.004306972026824951e-02,-1.656762883067131042e-02
-3.500207141041755676e-02,9.877174161374568939e-03,-1.687716878950595856e-02
-3.500207141041755676e-02,9.877174161374568939e-03,-1.687716878950595856e-02
-3.495594114065170288e-02,9.712629020214080811e-03,-1.718617230653762817e-02
-3.495594114065170288e-02,9.712629020214080811e-03,-1.718617230653762817e-02
-3.491062298417091370e-02,9.549434296786785126e-03,-1.749464496970176697e-02
-3.491062298417091370e-02,9.549434296786785126e-03,-1.749464496970176697e-02
-3.486611694097518921e-02,9.387581609189510345e-03,-1.780259422957897186e-02
-3.486611694097518921e-02,9.387581609189510345e-03,-1.780259422957897186e-02
-3.482242301106452942e-02,9.227074682712554932e-03,-1.811001822352409363e-02
-3.482242301106452942e-02,9.227074682712554932e-03,-1.811001822352409363e-02
-3.477953374385833740e-02,9.067910723388195038e-03,-1.841691322624683380e-02
-3.477953374385833740e-02,9.067910723388195038e-03,-1.841691322624683380e-02
-3.473745286464691162e-02,8.910080417990684509e-03,-1.872329227626323700e-02
-3.473745286464691162e-02,8.910080417990684509e-03,-1.872329227626323700e-02
-3.469617292284965515e-02,8.753586560487747192e-03,-1.902914978563785553e-02
-3.469617292284965515e-02,8.753586560487747192e-03,-1.902914978563785553e-02
-3.465569019317626953e-02,8.598425425589084625e-03,-1.933449134230613708e-02
-3.465569019317626953e-02,8.598425425589084625e-03,-1.933449134230613708e-02
-3.461600095033645630e-02,8.444588631391525269e-03,-1.963931694626808167e-02
-3.461600095033645630e-02,8.444588631391525269e-03,-1.963931694626808167e-02
-3.457711637020111084e-02,8.292085491120815277e-03,-1.994363032281398773e-02
-3.457711637020111084e-02,8.292085491120815277e-03,-1.994363032281398773e-02
-3.453901410102844238e-02,8.140897378325462341e-03,-2.024742960929870605e-02
-3.453901410102844238e-02,8.140897378325462341e-03,-2.024742960929870605e-02
-3.450170159339904785e-02,7.991031743586063385e-03,-2.055072225630283356e-02
-3.450170159339904785e-02,7.991031743586063385e-03,-2.055072225630283356e-02
-3.446517139673233032e-02,7.842484861612319946e-03,-2.085351012647151947e-02
-3.446517139673233032e-02,7.842484861612319946e-03,-2.085351012647151947e-02
-3.442943096160888672e-02,7.695249281823635101e-03,-2.115579321980476379e-02
-3.442943096160888672e-02,7.695249281823635101e-03,-2.115579321980476379e-02
-3.439446911215782166e-02,7.549327332526445389e-03,-2.145756967365741730e-02
-3.439446911215782166e-02,7.549327332526445389e-03,-2.145756967365741730e-02
-3.436028584837913513e-02,7.404712494462728500e-03,-2.175884507596492767e-02
-3.436028584837913513e-02,7.404712494462728500e-03,-2.175884507596492767e-02
-3.432687744498252869e-02,7.261402904987335205e-03,-2.205962873995304108e-02
-3.432687744498252869e-02,7.261402904987335205e-03,-2.205962873995304108e-02
-3.429423645138740540e-02,7.119396701455116272e-03,-2.235990762710571289e-02
-3.429423645138740540e-02,7.119396701455116272e-03,-2.235990762710571289e-02
-3.426236659288406372e-02,6.978691089898347855e-03,-2.265970222651958466e-02
-3.426236659288406372e-02,6.978691089898347855e-03,-2.265970222651958466e-02
-3.423126786947250366e-02,6.839281879365444183e-03,-2.295899391174316406e-02
-3.423126786947250366e-02,6.839281879365444183e-03,-2.295899391174316406e-02
-3.420093283057212830e-02,6.701163481920957565e-03,-2.325780130922794342e-02
-3.420093283057212830e-02,6.701163481920957565e-03,-2.325780130922794342e-02
-3.417135775089263916e-02,6.564338691532611847e-03,-2.355611883103847504e-02
-3.417135775089263916e-02,6.564338691532611847e-03,-2.355611883103847504e-02
-3.414253890514373779e-02,6.428800988942384720e-03,-2.385394647717475891e-02
-3.414253890514373779e-02,6.428800988942384720e-03,-2.385394647717475891e-02
-3.411448001861572266e-02,6.294548045843839645e-03,-2.415129914879798889e-02
-3.411448001861572266e-02,6.294548045843839645e-03,-2.415129914879798889e-02
-3.408717364072799683e-02,6.161579396575689316e-03,-2.444816380739212036e-02
-3.408717364072799683e-02,6.161579396575689316e-03,-2.444816380739212036e-02
-3.406061604619026184e-02,6.029887590557336807e-03,-2.474454604089260101e-02
-3.406061604619026184e-02,6.029887590557336807e-03,-2.474454604089260101e-02
-3.403481096029281616e-02,5.899475887417793274e-03,-2.504045143723487854e-02
-3.403481096029281616e-02,5.899475887417793274e-03,-2.504045143723487854e-02
-3.400974720716476440e-02,5.770332179963588715e-03,-2.533588930964469910e-02
-3.400974720716476440e-02,5.770332179963588715e-03,-2.533588930964469910e-02
-3.398542851209640503e-02,5.642462521791458130e-03,-2.563084661960601807e-02
-3.398542851209640503e-02,5.642462521791458130e-03,-2.563084661960601807e-02
-3.396185114979743958e-02,5.515862256288528442e-03,-2.592532709240913391e-02
-3.396185114979743958e-02,5.515862256288528442e-03,-2.592532709240913391e-02
-3.393900394439697266e-02,5.390523001551628113e-03,-2.621935121715068817e-02
-3.393900394439697266e-02,5.390523001551628113e-03,-2.621935121715068817e-02
-3.391690179705619812e-02,5.266448017209768295e-03,-2.651289664208889008e-02
-3.391690179705619812e-02,5.266448017209768295e-03,-2.651289664208889008e-02
-3.389552608132362366e-02,5.143631715327501297e-03,-2.680598385632038116e-02
-3.389552608132362366e-02,5.143631715327501297e-03,-2.680598385632038116e-02
-3.387487307190895081e-02,5.022068042308092117e-03,-2.709860354661941528e-02
-3.387487307190895081e-02,5.022068042308092117e-03,-2.709860354661941528e-02
-3.385495394468307495e-02,4.901758860796689987e-03,-2.739076316356658936e-02
-3.385495394468307495e-02,4.901758860796689987e-03,-2.739076316356658936e-02
-3.383576124906539917e-02,4.782704636454582214e-03,-2.768246270716190338e-02
-3.383576124906539917e-02,4.782704636454582214e-03,-2.768246270716190338e-02
-3.381728380918502808e-02,4.664893262088298798e-03,-2.797370590269565582e-02
-3.381728380918502808e-02,4.664893262088298798e-03,-2.797370590269565582e-02
-3.379952907562255859e-02,4.548327066004276276e-03,-2.826449088752269745e-02
-3.379952907562255859e-02,4.548327066004276276e-03,-2.826449088752269745e-02
-3.378248959779739380e-02,4.433002788573503494e-03,-2.855482511222362518e-02
-3.378248959779739380e-02,4.433002788573503494e-03,-2.855482511222362518e-02
-3.376616537570953369e-02,4.318918101489543915e-03,-2.884470857679843903e-02
-3.376616537570953369e-02,4.318918101489543915e-03,-2.884470857679843903e-02
-3.375054895877838135e-02,4.206065088510513306e-03,-2.913414873182773590e-02
-3.375054895877838135e-02,4.206065088510513306e-03,-2.913414873182773590e-02
-3.373563662171363831e-02,4.094450268894433975e-03,-2.942313626408576965e-02
-3.373563662171363831e-02,4.094450268894433975e-03,-2.942313626408576965e-02
-3.372143581509590149e-02,3.984063398092985153e-03,-2.971167862415313721e-02
-3.372143581509590149e-02,3.984063398092985153e-03,-2.971167862415313721e-02
-3.370792791247367859e-02,3.874901682138442993e-03,-2.999977953732013702e-02
-3.370792791247367859e-02,3.874901682138442993e-03,-2.999977953732013702e-02
-3.369513154029846191e-02,3.766966750845313072e-03,-3.028744086623191833e-02
-3.369513154029846191e-02,3.766966750845313072e-03,-3.028744086623191833e-02
-3.368302807211875916e-02,3.660254180431365967e-03,-3.057465888559818268e-02
-3.368302807211875916e-02,3.660254180431365967e-03,-3.057465888559818268e-02
-3.367161750793457031e-02,3.554756753146648407e-03,-3.086144663393497467e-02
-3.367161750793457031e-02,3.554756753146648407e-03,-3.086144663393497467e-02
-3.366089984774589539e-02,3.450474701821804047e-03,-3.114779666066169739e-02
-3.366089984774589539e-02,3.450474701821804047e-03,-3.114779666066169739e-02
-3.365086764097213745e-02,3.347408724948763847e-03,-3.143371269106864929e-02
-3.365086764097213745e-02,3.347408724948763847e-03,-3.143371269106864929e-02
-3.364152088761329651e-02,3.245549043640494347e-03,-3.171920403838157654e-02
-3.364152088761329651e-02,3.245549043640494347e-03,-3.171920403838157654e-02
-3.363286703824996948e-02,3.144895425066351891e-03,-3.200426697731018066e-02
-3.363286703824996948e-02,3.144895425066351891e-03,-3.200426697731018066e-02
-3.362488746643066406e-02,3.045444143936038017e-03,-3.228889778256416321e-02
-3.362488746643066406e-02,3.045444143936038017e-03,-3.228889778256416321e-02
-3.361758217215538025e-02,2.947200322523713112e-03,-3.257310763001441956e-02
-3.361758217215538025e-02,2.947200322523713112e-03,-3.257310763001441956e-02
-3.361095860600471497e-02,2.850148826837539673e-03,-3.285689279437065125e-02
-3.361095860600471497e-02,2.850148826837539673e-03,-3.285689279437065125e-02
-3.360500931739807129e-02,2.754296408966183662e-03,-3.314026445150375366e-02
-3.360500931739807129e-02,2.754296408966183662e-03,-3.314026445150375366e-02
-3.359972313046455383e-02,2.659632591530680656e-03,-3.342321515083312988e-02
-3.359972313046455383e-02,2.659632591530680656e-03,-3.342321515083312988e-02
-3.359511122107505798e-02,2.566161099821329117e-03,-3.370574861764907837e-02
-3.359511122107505798e-02,2.566161099821329117e-03,-3.370574861764907837e-02
-3.359116241335868835e-02,2.473873319104313850e-03,-3.398786485195159912e-02
-3.359116241335868835e-02,2.473873319104313850e-03,-3.398786485195159912e-02
-3.358786925673484802e-02,2.382767619565129280e-03,-3.426958248019218445e-02
-3.358786925673484802e-02,2.382767619565129280e-03,-3.426958248019218445e-02
-3.358524292707443237e-02,2.292844466865062714e-03,-3.455087915062904358e-02
-3.358524292707443237e-02,2.292844466865062714e-03,-3.455087915062904358e-02
-3.358327224850654602e-02,2.204100368544459343e-03,-3.483176976442337036e-02
-3.358327224850654602e-02,2.204100368544459343e-03,-3.483176976442337036e-02
-3.358195349574089050e-02,2.116530667990446091e-03,-3.511225804686546326e-02
-3.358195349574089050e-02,2.116530667990446091e-03,-3.511225804686546326e-02
-3.358128294348716736e-02,2.030130941420793533e-03,-3.539234399795532227e-02
-3.358128294348716736e-02,2.030130941420793533e-03,-3.539234399795532227e-02
-3.358126431703567505e-02,1.944901770912110806e-03,-3.567202389240264893e-02
-3.358126431703567505e-02,1.944901770912110806e-03,-3.567202389240264893e-02
-3.358189389109611511e-02,1.860838499851524830e-03,-3.595130890607833862e-02
-3.358189389109611511e-02,1.860838499851524830e-03,-3.595130890607833862e-02
-3.358316794037818909e-02,1.777939382009208202e-03,-3.623019531369209290e-02
-3.358316794037818909e-02,1.777939382009208202e-03,-3.623019531369209290e-02
-3.358507901430130005e-02,1.696196151897311211e-03,-3.650868311524391174e-02
-3.358507901430130005e-02,1.696196151897311211e-03,-3.650868311524391174e-02
-3.358762711286544800e-02,1.615614397451281548e-03,-3.678678348660469055e-02
-3.358762711286544800e-02,1.615614397451281548e-03,-3.678678348660469055e-02
-3.359081223607063293e-02,1.536185271106660366e-03,-3.706448897719383240e-02
-3.359081223607063293e-02,1.536185271106660366e-03,-3.706448897719383240e-02
-3.359463065862655640e-02,1.457908772863447666e-03,-3.734180331230163574e-02
-3.359463065862655640e-02,1.457908772863447666e-03,-3.734180331230163574e-02
-3.359907492995262146e-02,1.380776986479759216e-03,-3.761874139308929443e-02
-3.359907492995262146e-02,1.380776986479759216e-03,-3.761874139308929443e-02
-3.360414505004882812e-02,1.304796664044260979e-03,-3.789528459310531616e-02
-3.360414505004882812e-02,1.304796664044260979e-03,-3.789528459310531616e-02
-3.360984474420547485e-02,1.229956396855413914e-03,-3.817145153880119324e-02
-3.360984474420547485e-02,1.229956396855413914e-03,-3.817145153880119324e-02
-3.361616283655166626e-02,1.156257581897079945e-03,-3.844723105430603027e-02
-3.361616283655166626e-02,1.156257581897079945e-03,-3.844723105430603027e-02
-3.362310677766799927e-02,1.083694165572524071e-03,-3.872263804078102112e-02
-3.362310677766799927e-02,1.083694165572524071e-03,-3.872263804078102112e-02
-3.363066166639328003e-02,1.012264518067240715e-03,-3.899766504764556885e-02
-3.363066166639328003e-02,1.012264518067240715e-03,-3.899766504764556885e-02
-3.363883122801780701e-02,9.419647394679486752e-04,-3.927232325077056885e-02
-3.363883122801780701e-02,9.419647394679486752e-04,-3.927232325077056885e-02
-3.364761173725128174e-02,8.727940148673951626e-04,-3.954660147428512573e-02
-3.364761173725128174e-02,8.727940148673951626e-04,-3.954660147428512573e-02
-3.365699574351310730e-02,8.047497249208390713e-04,-3.982051834464073181e-02
-3.365699574351310730e-02,8.047497249208390713e-04,-3.982051834464073181e-02
-3.366699442267417908e-02,7.378309383057057858e-04,-4.009405523538589478e-02
-3.366699442267417908e-02,7.378309383057057858e-04,-4.009405523538589478e-02
-3.367758542299270630e-02,6.720286328345537186e-04,-4.036723822355270386e-02
-3.367758542299270630e-02,6.720286328345537186e-04,-4.036723822355270386e-02
-3.368877992033958435e-02,6.073409458622336388e-04,-4.064004495739936829e-02
-3.368877992033958435e-02,6.073409458622336388e-04,-4.064004495739936829e-02
-3.370057791471481323e-02,5.437693907879292965e-04,-4.091250151395797729e-02
-3.370057791471481323e-02,5.437693907879292965e-04,-4.091250151395797729e-02
-3.371297195553779602e-02,4.813078849110752344e-04,-4.118458926677703857e-02
-3.371297195553779602e-02,4.813078849110752344e-04,-4.118458926677703857e-02
-3.372595086693763733e-02,4.199536633677780628e-04,-4.145632684230804443e-02
-3.372595086693763733e-02,4.199536633677780628e-04,-4.145632684230804443e-02
-3.373952209949493408e-02,3.597080940380692482e-04,-4.172770678997039795e-02
-3.373952209949493408e-02,3.597080940380692482e-04,-4.172770678997039795e-02
-3.375367820262908936e-02,3.005619801115244627e-04,-4.199872538447380066e-02
-3.375367820262908936e-02,3.005619801115244627e-04,-4.199872538447380066e-02
-3.376841917634010315e-02,2.425137063255533576e-04,-4.226940125226974487e-02
-3.376841917634010315e-02,2.425137063255533576e-04,-4.226940125226974487e-02
-3.378374129533767700e-02,1.855644804891198874e-04,-4.253972694277763367e-02
-3.378374129533767700e-02,1.855644804891198874e-04,-4.253972694277763367e-02
-3.379964455962181091e-02,1.297041308134794235e-04,-4.280969500541687012e-02
-3.379964455962181091e-02,1.297041308134794235e-04,-4.280969500541687012e-02
-3.381612151861190796e-02,7.493843440897762775e-05,-4.307932779192924500e-02
-3.381612151861190796e-02,7.493843440897762775e-05,-4.307932779192924500e-02
-3.383317217230796814e-02,2.126016079273540527e-05,-4.334862157702445984e-02
-3.383317217230796814e-02,2.126016079273540527e-05,-4.334862157702445984e-02
-3.385079279541969299e-02,-3.133447899017482996e-05,-4.361756518483161926e-02
-3.385079279541969299e-02,-3.133447899017482996e-05,-4.361756518483161926e-02
-3.386898338794708252e-02,-8.284827345050871372e-05,-4.388617351651191711e-02
-3.386898338794708252e-02,-8.284827345050871372e-05,-4.388617351651191711e-02
-3.388774022459983826e-02,-1.332809624727815390e-04,-4.415443912148475647e-02
-3.388774022459983826e-02,-1.332809624727815390e-04,-4.415443912148475647e-02
-3.390705585479736328e-02,-1.826406951295211911e-04,-4.442237690091133118e-02
-3.390705585479736328e-02,-1.826406951295211911e-04,-4.442237690091133118e-02
-3.392693400382995605e-02,-2.309227129444479942e-04,-4.468997195363044739e-02
-3.392693400382995605e-02,-2.309227129444479942e-04,-4.468997195363044739e-02
-3.394736722111701965e-02,-2.781373623292893171e-04,-4.495725035667419434e-02
-3.394736722111701965e-02,-2.781373623292893171e-04,-4.495725035667419434e-02
-3.396835550665855408e-02,-3.242863167542964220e-04,-4.522419348359107971e-02
-3.396835550665855408e-02,-3.242863167542964220e-04,-4.522419348359107971e-02
-3.398989513516426086e-02,-3.693673061206936836e-04,-4.549080878496170044e-02
-3.398989513516426086e-02,-3.693673061206936836e-04,-4.549080878496170044e-02
-3.401198983192443848e-02,-4.133883048780262470e-04,-4.575709998607635498e-02
-3.401198983192443848e-02,-4.133883048780262470e-04,-4.575709998607635498e-02
-3.403462097048759460e-02,-4.563531547319144011e-04,-4.602305591106414795e-02
-3.403462097048759460e-02,-4.563531547319144011e-04,-4.602305591106414795e-02
-3.405780345201492310e-02,-4.982562968507409096e-04,-4.628871008753776550e-02
-3.405780345201492310e-02,-4.982562968507409096e-04,-4.628871008753776550e-02
-3.408152610063552856e-02,-5.391163285821676254e-04,-4.655404388904571533e-02
-3.408152610063552856e-02,-5.391163285821676254e-04,-4.655404388904571533e-02
-3.410578146576881409e-02,-5.789193673990666866e-04,-4.681904613971710205e-02
-3.410578146576881409e-02,-5.789193673990666866e-04,-4.681904613971710205e-02
-3.413057699799537659e-02,-6.176785100251436234e-04,-4.708375036716461182e-02
-3.413057699799537659e-02,-6.176785100251436234e-04,-4.708375036716461182e-02
-3.415590524673461914e-02,-6.553905550390481949e-04,-4.734813421964645386e-02
-3.415590524673461914e-02,-6.553905550390481949e-04,-4.734813421964645386e-02
-3.418176621198654175e-02,-6.920653395354747772e-04,-4.761221259832382202e-02
-3.418176621198654175e-02,-6.920653395354747772e-04,-4.761221259832382202e-02
-3.420814871788024902e-02,-7.277007680386304855e-04,-4.787597805261611938e-02
-3.420814871788024902e-02,-7.277007680386304855e-04,-4.787597805261611938e-02
-3.423506021499633789e-02,-7.622973644174635410e-04,-4.813943803310394287e-02
-3.423506021499633789e-02,-7.622973644174635410e-04,-4.813943803310394287e-02
-3.426249325275421143e-02,-7.958632195368409157e-04,-4.840259626507759094e-02
-3.426249325275421143e-02,-7.958632195368409157e-04,-4.840259626507759094e-02
-3.429044783115386963e-02,-8.284013019874691963e-04,-4.866545647382736206e-02
-3.429044783115386963e-02,-8.284013019874691963e-04,-4.866545647382736206e-02
-3.431891649961471558e-02,-8.599110296927392483e-04,-4.892800748348236084e-02
-3.431891649961471558e-02,-8.599110296927392483e-04,-4.892800748348236084e-02
-3.434789553284645081e-02,-8.903996786102652550e-04,-4.919026419520378113e-02
-3.434789553284645081e-02,-8.903996786102652550e-04,-4.919026419520378113e-02
-3.437739238142967224e-02,-9.198647458106279373e-04,-4.945223033428192139e-02
-3.437739238142967224e-02,-9.198647458106279373e-04,-4.945223033428192139e-02
-3.440739586949348450e-02,-9.483121684752404690e-04,-4.971389845013618469e-02
-3.440739586949348450e-02,-9.483121684752404690e-04,-4.971389845013618469e-02
-3.443790599703788757e-02,-9.757468942552804947e-04,-4.997527599334716797e-02
-3.443790599703788757e-02,-9.757468942552804947e-04,-4.997527599334716797e-02
-3.446891903877258301e-02,-1.002168632112443447e-03,-5.023636296391487122e-02
-3.446891903877258301e-02,-1.002168632112443447e-03,-5.023636296391487122e-02
-3.450043499469757080e-02,-1.027579884976148605e-03,-5.049715936183929443e-02
-3.450043499469757080e-02,-1.027579884976148605e-03,-5.049715936183929443e-02
-3.453244641423225403e-02,-1.051984028890728951e-03,-5.075767636299133301e-02
-3.453244641423225403e-02,-1.051984028890728951e-03,-5.075767636299133301e-02
-3.456495329737663269e-02,-1.075384556315839291e-03,-5.101790651679039001e-02
-3.456495329737663269e-02,-1.075384556315839291e-03,-5.101790651679039001e-02
-3.459794819355010986e-02,-1.097790664061903954e-03,-5.127786099910736084e-02
-3.459794819355010986e-02,-1.097790664061903954e-03,-5.127786099910736084e-02
-3.463144227862358093e-02,-1.119192573241889477e-03,-5.153753235936164856e-02
-3.463144227862358093e-02,-1.119192573241889477e-03,-5.153753235936164856e-02
-3.466542065143585205e-02,-1.139599480666220188e-03,-5.179692432284355164e-02
-3.466542065143585205e-02,-1.139599480666220188e-03,-5.179692432284355164e-02
-3.469987958669662476e-02,-1.159019418992102146e-03,-5.205604434013366699e-02
-3.469987958669662476e-02,-1.159019418992102146e-03,-5.205604434013366699e-02
-3.473482280969619751e-02,-1.177450991235673428e-03,-5.231489241123199463e-02
-3.473482280969619751e-02,-1.177450991235673428e-03,-5.231489241123199463e-02
-3.477024659514427185e-02,-1.194893964566290379e-03,-5.257346853613853455e-02
-3.477024659514427185e-02,-1.194893964566290379e-03,-5.257346853613853455e-02
-3.480614721775054932e-02,-1.211352064274251461e-03,-5.283177644014358521e-02
-3.480614721775054932e-02,-1.211352064274251461e-03,-5.283177644014358521e-02
-3.484252095222473145e-02,-1.226833555847406387e-03,-5.308981612324714661e-02
-3.484252095222473145e-02,-1.226833555847406387e-03,-5.308981612324714661e-02
-3.487936407327651978e-02,-1.241335761733353138e-03,-5.334758758544921875e-02
-3.487936407327651978e-02,-1.241335761733353138e-03,-5.334758758544921875e-02
-3.491668030619621277e-02,-1.254861592315137386e-03,-5.360510200262069702e-02
-3.491668030619621277e-02,-1.254861592315137386e-03,-5.360510200262069702e-02
-3.495445474982261658e-02,-1.267420477233827114e-03,-5.386235192418098450e-02
-3.495445474982261658e-02,-1.267420477233827114e-03,-5.386235192418098450e-02
-3.499269485473632812e-02,-1.279007294215261936e-03,-5.411934852600097656e-02
-3.499269485473632812e-02,-1.279007294215261936e-03,-5.411934852600097656e-02
-3.503139689564704895e-02,-1.289633801206946373e-03,-5.437608808279037476e-02
-3.503139689564704895e-02,-1.289633801206946373e-03,-5.437608808279037476e-02
-3.507055342197418213e-02,-1.299297320656478405e-03,-5.463257431983947754e-02
-3.507055342197418213e-02,-1.299297320656478405e-03,-5.463257431983947754e-02
-3.511017188429832458e-02,-1.307991216890513897e-03,-5.488879606127738953e-02
-3.511017188429832458e-02,-1.307991216890513897e-03,-5.488879606127738953e-02
-3.515023738145828247e-02,-1.315736444666981697e-03,-5.514477938413619995e-02
-3.515023738145828247e-02,-1.315736444666981697e-03,-5.514477938413619995e-02
-3.519075363874435425e-02,-1.322524854913353920e-03,-5.540050938725471497e-02
-3.519075363874435425e-02,-1.322524854913353920e-03,-5.540050938725471497e-02
-3.523171693086624146e-02,-1.328364829532802105e-03,-5.565599724650382996e-02
-3.523171693086624146e-02,-1.328364829532802105e-03,-5.565599724650382996e-02
-3.527312353253364563e-02,-1.333256135694682598e-03,-5.591123923659324646e-02
-3.527312353253364563e-02,-1.333256135694682598e-03,-5.591123923659324646e-02
-3.531496971845626831e-02,-1.337200053967535496e-03,-5.616623908281326294e-02
-3.531496971845626831e-02,-1.337200053967535496e-03,-5.616623908281326294e-02
-3.535725921392440796e-02,-1.340203220024704933e-03,-5.642100051045417786e-02
-3.535725921392440796e-02,-1.340203220024704933e-03,-5.642100051045417786e-02
-3.539998084306716919e-02,-1.342264818958938122e-03,-5.667552351951599121e-02
-3.539998084306716919e-02,-1.342264818958938122e-03,-5.667552351951599121e-02
-3.544314205646514893e-02,-1.343388925306499004e-03,-5.692981183528900146e-02
-3.544314205646514893e-02,-1.343388925306499004e-03,-5.692981183528900146e-02
-3.548672795295715332e-02,-1.343583571724593639e-03,-5.718387290835380554e-02
-3.548672795295715332e-02,-1.343583571724593639e-03,-5.718387290835380554e-02
-3.553074598312377930e-02,-1.342846546322107315e-03,-5.743768438696861267e-02
-3.553074598312377930e-02,-1.342846546322107315e-03,-5.743768438696861267e-02
-3.557518497109413147e-02,-1.341179129667580128e-03,-5.769128724932670593e-02
-3.557518497109413147e-02,-1.341179129667580128e-03,-5.769128724932670593e-02
-3.562005236744880676e-02,-1.338591915555298328e-03,-5.794464051723480225e-02
-3.562005236744880676e-02,-1.338591915555298328e-03,-5.794464051723480225e-02
-3.566533327102661133e-02,-1.335080130957067013e-03,-5.819778889417648315e-02
-3.566533327102661133e-02,-1.335080130957067013e-03,-5.819778889417648315e-02
-3.571103885769844055e-02,-1.330645871348679066e-03,-5.845070630311965942e-02
-3.571103885769844055e-02,-1.330645871348679066e-03,-5.845070630311965942e-02
-3.575715422630310059e-02,-1.325300079770386219e-03,-5.870340764522552490e-02
-3.575715422630310059e-02,-1.325300079770386219e-03,-5.870340764522552490e-02
-3.580368310213088989e-02,-1.319037051871418953e-03,-5.895587801933288574e-02
-3.580368310213088989e-02,-1.319037051871418953e-03,-5.895587801933288574e-02
-3.585062175989151001e-02,-1.311867497861385345e-03,-5.920813232660293579e-02
-3.585062175989151001e-02,-1.311867497861385345e-03,-5.920813232660293579e-02
-3.589796647429466248e-02,-1.303787343204021454e-03,-5.946018174290657043e-02
-3.589796647429466248e-02,-1.303787343204021454e-03,-5.946018174290657043e-02
-3.594571352005004883e-02,-1.294800778850913048e-03,-5.971201136708259583e-02
-3.594571352005004883e-02,-1.294800778850913048e-03,-5.971201136708259583e-02
-3.599386289715766907e-02,-1.284914789721369743e-03,-5.996363610029220581e-02
-3.599386289715766907e-02,-1.284914789721369743e-03,-5.996363610029220581e-02
-3.604241460561752319e-02,-1.274133101105690002e-03,-6.021504476666450500e-02
-3.604241460561752319e-02,-1.274133101105690002e-03,-6.021504476666450500e-02
-3.609135374426841736e-02,-1.262452686205506325e-03,-6.046624854207038879e-02
-3.609135374426841736e-02,-1.262452686205506325e-03,-6.046624854207038879e-02
-3.614069148898124695e-02,-1.249881112016737461e-03,-6.071725115180015564e-02
-3.614069148898124695e-02,-1.249881112016737461e-03,-6.071725115180015564e-02
-3.619041666388511658e-02,-1.236418145708739758e-03,-6.096804514527320862e-02
-3.619041666388511658e-02,-1.236418145708739758e-03,-6.096804514527320862e-02
-3.624052926898002625e-02,-1.222068793140351772e-03,-6.121864542365074158e-02
-3.624052926898002625e-02,-1.222068793140351772e-03,-6.121864542365074158e-02
-3.629102930426597595e-02,-1.206832937896251678e-03,-6.146905198693275452e-02
-3.629102930426597595e-02,-1.206832937896251678e-03,-6.146905198693275452e-02
-3.634191676974296570e-02,-1.190716284327208996e-03,-6.171924993395805359e-02
-3.634191676974296570e-02,-1.190716284327208996e-03,-6.171924993395805359e-02
-3.639317676424980164e-02,-1.173721742816269398e-03,-6.196925416588783264e-02
-3.639317676424980164e-02,-1.173721742816269398e-03,-6.196925416588783264e-02
-3.644481301307678223e-02,-1.155853038653731346e-03,-6.221907585859298706e-02
-3.644481301307678223e-02,-1.155853038653731346e-03,-6.221907585859298706e-02
-3.649682924151420593e-02,-1.137107028625905514e-03,-6.246869266033172607e-02
-3.649682924151420593e-02,-1.137107028625905514e-03,-6.246869266033172607e-02
-3.654921054840087891e-02,-1.117496518418192863e-03,-6.271813809871673584e-02
-3.654921054840087891e-02,-1.117496518418192863e-03,-6.271813809871673584e-02
-3.660196810960769653e-02,-1.097016385756433010e-03,-6.296738982200622559e-02
-3.660196810960769653e-02,-1.097016385756433010e-03,-6.296738982200622559e-02
-3.665509074926376343e-02,-1.075676875188946724e-03,-6.321646273136138916e-02
-3.665509074926376343e-02,-1.075676875188946724e-03,-6.321646273136138916e-02
-3.670857101678848267e-02,-1.053468789905309677e-03,-6.346534192562103271e-02
-3.670857101678848267e-02,-1.053468789905309677e-03,-6.346534192562103271e-02
-3.676241636276245117e-02,-1.030408078804612160e-03,-6.371404975652694702e-02
-3.676241636276245117e-02,-1.030408078804612160e-03,-6.371404975652694702e-02
-3.681662306189537048e-02,-1.006490667350590229e-03,-6.396257877349853516e-02
-3.681662306189537048e-02,-1.006490667350590229e-03,-6.396257877349853516e-02
-3.687117621302604675e-02,-9.817167883738875389e-04,-6.421092897653579712e-02
-3.687117621302604675e-02,-9.817167883738875389e-04,-6.421092897653579712e-02
-3.692608699202537537e-02,-9.560982580296695232e-04,-6.445910781621932983e-02
-3.692608699202537537e-02,-9.560982580296695232e-04,-6.445910781621932983e-02
-3.698135167360305786e-02,-9.296310017816722393e-04,-6.470711529254913330e-02
-3.698135167360305786e-02,-9.296310017816722393e-04,-6.470711529254913330e-02
-3.703695908188819885e-02,-9.023249731399118900e-04,-6.495496630668640137e-02
-3.703695908188819885e-02,-9.023249731399118900e-04,-6.495496630668640137e-02
-3.709290921688079834e-02,-8.741713245399296284e-04,-6.520263105630874634e-02
-3.709290921688079834e-02,-8.741713245399296284e-04,-6.520263105630874634e-02
-3.714920580387115479e-02,-8.451878675259649754e-04,-6.545013934373855591e-02
-3.714920580387115479e-02,-8.451878675259649754e-04,-6.545013934373855591e-02
-3.720583766698837280e-02,-8.153601083904504776e-04,-6.569747626781463623e-02
-3.720583766698837280e-02,-8.153601083904504776e-04,-6.569747626781463623e-02
-3.726281598210334778e-02,-7.847051601856946945e-04,-6.594466418027877808e-02
-3.726281598210334778e-02,-7.847051601856946945e-04,-6.594466418027877808e-02
-3.732011839747428894e-02,-7.532225572504103184e-04,-6.619168072938919067e-02
-3.732011839747428894e-02,-7.532225572504103184e-04,-6.619168072938919067e-02
-3.737775236368179321e-02,-7.209095638245344162e-04,-6.643854081630706787e-02
-3.737775236368179321e-02,-7.209095638245344162e-04,-6.643854081630706787e-02
-3.743572160601615906e-02,-6.877786945551633835e-04,-6.668525934219360352e-02
-3.743572160601615906e-02,-6.877786945551633835e-04,-6.668525934219360352e-02
-3.749401122331619263e-02,-6.538230809383094311e-04,-6.693182140588760376e-02
-3.749401122331619263e-02,-6.538230809383094311e-04,-6.693182140588760376e-02
-3.755262866616249084e-02,-6.190530257299542427e-04,-6.717822700738906860e-02
-3.755262866616249084e-02,-6.190530257299542427e-04,-6.717822700738906860e-02
-3.761155903339385986e-02,-5.834682378917932510e-04,-6.742448359727859497e-02
-3.761155903339385986e-02,-5.834682378917932510e-04,-6.742448359727859497e-02
-3.767081350088119507e-02,-5.470664473250508308e-04,-6.767059862613677979e-02
-3.767081350088119507e-02,-5.470664473250508308e-04,-6.767059862613677979e-02
-3.773038089275360107e-02,-5.098658730275928974e-04,-6.791656464338302612e-02
-3.773038089275360107e-02,-5.098658730275928974e-04,-6.791656464338302612e-02
-3.779026120901107788e-02,-4.718537966255098581e-04,-6.816238909959793091e-02
-3.779026120901107788e-02,-4.718537966255098581e-04,-6.816238909959793091e-02
-3.785045072436332703e-02,-4.330384836066514254e-04,-6.840807199478149414e-02
-3.785045072436332703e-02,-4.330384836066514254e-04,-6.840807199478149414e-02
-3.791094943881034851e-02,-3.934212145395576954e-04,-6.865362077951431274e-02
-3.791094943881034851e-02,-3.934212145395576954e-04,-6.865362077951431274e-02
-3.797174617648124695e-02,-3.530105168465524912e-04,-6.889902055263519287e-02
-3.797174617648124695e-02,-3.530105168465524912e-04,-6.889902055263519287e-02
-3.803285211324691772e-02,-3.118040040135383606e-04,-6.914430111646652222e-02
-3.803285211324691772e-02,-3.118040040135383606e-04,-6.914430111646652222e-02
-3.809425607323646545e-02,-2.698027237784117460e-04,-6.938944011926651001e-02
-3.809425607323646545e-02,-2.698027237784117460e-04,-6.938944011926651001e-02
-3.815595433115959167e-02,-2.270199620397761464e-04,-6.963445246219635010e-02
-3.815595433115959167e-02,-2.270199620397761464e-04,-6.963445246219635010e-02
-3.821795061230659485e-02,-1.834461581893265247e-04,-6.987933814525604248e-02
-3.821795061230659485e-02,-1.834461581893265247e-04,-6.987933814525604248e-02
-3.828022629022598267e-02,-1.390897959936410189e-04,-7.012409716844558716e-02
-3.828022629022598267e-02,-1.390897959936410189e-04,-7.012409716844558716e-02
-3.834279999136924744e-02,-9.395489178132265806e-05,-7.036873698234558105e-02
-3.834279999136924744e-02,-9.395489178132265806e-05,-7.036873698234558105e-02
-3.840565308928489685e-02,-4.804487616638652980e-05,-7.061324268579483032e-02
-3.840565308928489685e-02,-4.804487616638652980e-05,-7.061324268579483032e-02
-3.846879675984382629e-02,-1.359755628982384223e-06,-7.085764408111572266e-02
-3.846879675984382629e-02,-1.359755628982384223e-06,-7.085764408111572266e-02
-3.853221982717514038e-02,4.609250390785746276e-05,-7.110191136598587036e-02
-3.853221982717514038e-02,4.609250390785746276e-05,-7.110191136598587036e-02
-3.859591111540794373e-02,9.431641228729858994e-05,-7.134608179330825806e-02
-3.859591111540794373e-02,9.431641228729858994e-05,-7.134608179330825806e-02
-3.865988552570343018e-02,1.433064026059582829e-04,-7.159012556076049805e-02
-3.865988552570343018e-02,1.433064026059582829e-04,-7.159012556076049805e-02
-3.872412815690040588e-02,1.930621947394683957e-04,-7.183405756950378418e-02
-3.872412815690040588e-02,1.930621947394683957e-04,-7.183405756950378418e-02
-3.878864273428916931e-02,2.435691858408972621e-04,-7.207789272069931030e-02
-3.878864273428916931e-02,2.435691858408972621e-04,-7.207789272069931030e-02
-3.885342553257942200e-02,2.948348119389265776e-04,-7.232159376144409180e-02
-3.885342553257942200e-02,2.948348119389265776e-04,-7.232159376144409180e-02
-3.891847282648086548e-02,3.468611976131796837e-04,-7.256521284580230713e-02
-3.891847282648086548e-02,3.468611976131796837e-04,-7.256521284580230713e-02
-3.898377344012260437e-02,3.996316227130591869e-04,-7.280872017145156860e-02
-3.898377344012260437e-02,3.996316227130591869e-04,-7.280872017145156860e-02
-3.904934227466583252e-02,4.531487356871366501e-04,-7.305213063955307007e-02
-3.904934227466583252e-02,4.531487356871366501e-04,-7.305213063955307007e-02
-3.911516070365905762e-02,5.074149230495095253e-04,-7.329543679952621460e-02
-3.911516070365905762e-02,5.074149230495095253e-04,-7.329543679952621460e-02
-3.918123617768287659e-02,5.624222103506326675e-04,-7.353865355253219604e-02
-3.918123617768287659e-02,5.624222103506326675e-04,-7.353865355253219604e-02
-3.924756124615669250e-02,6.181641947478055954e-04,-7.378176599740982056e-02
-3.924756124615669250e-02,6.181641947478055954e-04,-7.378176599740982056e-02
-3.931413218379020691e-02,6.746441358700394630e-04,-7.402479648590087891e-02
-3.931413218379020691e-02,6.746441358700394630e-04,-7.402479648590087891e-02
-3.938094899058341980e-02,7.318636053241789341e-04,-7.426773011684417725e-02
-3.938094899058341980e-02,7.318636053241789341e-04,-7.426773011684417725e-02
-3.944800794124603271e-02,7.898065960034728050e-04,-7.451056689023971558e-02
-3.944800794124603271e-02,7.898065960034728050e-04,-7.451056689023971558e-02
-3.951530903577804565e-02,8.484798017889261246e-04,-7.475332915782928467e-02
-3.951530903577804565e-02,8.484798017889261246e-04,-7.475332915782928467e-02
-3.958284482359886169e-02,9.078726288862526417e-04,-7.499600946903228760e-02
-3.958284482359886169e-02,9.078726288862526417e-04,-7.499600946903228760e-02
-3.965062275528907776e-02,9.679895592853426933e-04,-7.523859292268753052e-02
-3.965062275528907776e-02,9.679895592853426933e-04,-7.523859292268753052e-02
-3.971862420439720154e-02,1.028831931762397289e-03,-7.548110187053680420e-02
-3.971862420439720154e-02,1.028831931762397289e-03,-7.548110187053680420e-02
-3.978685289621353149e-02,1.090386183932423592e-03,-7.572353631258010864e-02
-3.978685289621353149e-02,1.090386183932423592e-03,-7.572353631258010864e-02
-3.985531255602836609e-02,1.152649172581732273e-03,-7.596589624881744385e-02
-3.985531255602836609e-02,1.152649172581732273e-03,-7.596589624881744385e-02
-3.992399573326110840e-02,1.215625554323196411e-03,-7.620818167924880981e-02
-3.992399573326110840e-02,1.215625554323196411e-03,-7.620818167924880981e-02
-3.999289497733116150e-02,1.279306365177035332e-03,-7.645039260387420654e-02
-3.999289497733116150e-02,1.279306365177035332e-03,-7.645039260387420654e-02
-4.006202518939971924e-02,1.343694864772260189e-03,-7.669253647327423096e-02
-4.006202518939971924e-02,1.343694864772260189e-03,-7.669253647327423096e-02
-4.013136401772499084e-02,1.408784999512135983e-03,-7.693460583686828613e-02
-4.013136401772499084e-02,1.408784999512135983e-03,-7.693460583686828613e-02
-4.020090773701667786e-02,1.474572578445076942e-03,-7.717660814523696899e-02
-4.020090773701667786e-02,1.474572578445076942e-03,-7.717660814523696899e-02
-4.027067124843597412e-02,1.541051780804991722e-03,-7.741855084896087646e-02
-4.027067124843597412e-02,1.541051780804991722e-03,-7.741855084896087646e-02
-4.034063965082168579e-02,1.608227030374109745e-03,-7.766042649745941162e-02
-4.034063965082168579e-02,1.608227030374109745e-03,-7.766042649745941162e-02
-4.041081294417381287e-02,1.676090760156512260e-03,-7.790224999189376831e-02
-4.041081294417381287e-02,1.676090760156512260e-03,-7.790224999189376831e-02
-4.048118740320205688e-02,1.744640641845762730e-03,-7.814400643110275269e-02
-4.048118740320205688e-02,1.744640641845762730e-03,-7.814400643110275269e-02
-4.055176302790641785e-02,1.813876908272504807e-03,-7.838571816682815552e-02
-4.055176302790641785e-02,1.813876908272504807e-03,-7.838571816682815552e-02
-4.062253609299659729e-02,1.883793855085968971e-03,-7.862737029790878296e-02
-4.062253609299659729e-02,1.883793855085968971e-03,-7.862737029790878296e-02
-4.069350287318229675e-02,1.954392064362764359e-03,-7.886897027492523193e-02
-4.069350287318229675e-02,1.954392064362764359e-03,-7.886897027492523193e-02
-4.076465591788291931e-02,2.025663154199719429e-03,-7.911053299903869629e-02
-4.076465591788291931e-02,2.025663154199719429e-03,-7.911053299903869629e-02
-4.083600267767906189e-02,2.097598742693662643e-03,-7.935202866792678833e-02
-4.083600267767906189e-02,2.097598742693662643e-03,-7.935202866792678833e-02
-4.090753570199012756e-02,2.170212334021925926e-03,-7.959349453449249268e-02
-4.090753570199012756e-02,2.170212334021925926e-03,-7.959349453449249268e-02
-4.097925126552581787e-02,2.243489259853959084e-03,-7.983490824699401855e-02
-4.097925126552581787e-02,2.243489259853959084e-03,-7.983490824699401855e-02
-4.105114936828613281e-02,2.317429985851049423e-03,-8.007628470659255981e-02
-4.105114936828613281e-02,2.317429985851049423e-03,-8.007628470659255981e-02
-4.112322255969047546e-02,2.392034977674484253e-03,-8.031762391328811646e-02
-4.112322255969047546e-02,2.392034977674484253e-03,-8.031762391328811646e-02
-4.119547083973884583e-02,2.467289101332426071e-03,-8.055893331766128540e-02
-4.119547083973884583e-02,2.467289101332426071e-03,-8.055893331766128540e-02
-4.126789420843124390e-02,2.543203998357057571e-03,-8.080019056797027588e-02
-4.126789420843124390e-02,2.543203998357057571e-03,-8.080019056797027588e-02
-4.134048894047737122e-02,2.619769191369414330e-03,-8.104142546653747559e-02
-4.134048894047737122e-02,2.619769191369414330e-03,-8.104142546653747559e-02
-4.141324758529663086e-02,2.696985146030783653e-03,-8.128262311220169067e-02
-4.141324758529663086e-02,2.696985146030783653e-03,-8.128262311220169067e-02
-4.148617014288902283e-02,2.774843480437994003e-03,-8.152379840612411499e-02
-4.148617014288902283e-02,2.774843480437994003e-03,-8.152379840612411499e-02
-4.155925661325454712e-02,2.853349084034562111e-03,-8.176494389772415161e-02
-4.155925661325454712e-02,2.853349084034562111e-03,-8.176494389772415161e-02
-4.163249954581260681e-02,2.932493342086672783e-03,-8.200605958700180054e-02
-4.163249954581260681e-02,2.932493342086672783e-03,-8.200605958700180054e-02
-4.170590266585350037e-02,3.012277418747544289e-03,-8.224716782569885254e-02
-4.170590266585350037e-02,3.012277418747544289e-03,-8.224716782569885254e-02
-4.177945479750633240e-02,3.092692466452717781e-03,-8.248823881149291992e-02
-4.177945479750633240e-02,3.092692466452717781e-03,-8.248823881149291992e-02
-4.185316339135169983e-02,3.173745702952146530e-03,-8.272929489612579346e-02
-4.185316339135169983e-02,3.173745702952146530e-03,-8.272929489612579346e-02
-4.192701727151870728e-02,3.255415707826614380e-03,-8.297034353017807007e-02
-4.192701727151870728e-02,3.255415707826614380e-03,-8.297034353017807007e-02
-4.200102016329765320e-02,3.337716683745384216e-03,-8.321136981248855591e-02
-4.200102016329765320e-02,3.337716683745384216e-03,-8.321136981248855591e-02
-4.207516089081764221e-02,3.420645371079444885e-03,-8.345239609479904175e-02
-4.207516089081764221e-02,3.420645371079444885e-03,-8.345239609479904175e-02
-4.214944317936897278e-02,3.504188032820820808e-03,-8.369340002536773682e-02
-4.214944317936897278e-02,3.504188032820820808e-03,-8.369340002536773682e-02
-4.222387075424194336e-02,3.588353982195258141e-03,-8.393440395593643188e-02
-4.222387075424194336e-02,3.588353982195258141e-03,-8.393440395593643188e-02
-4.229842498898506165e-02,3.673132276162505150e-03,-8.417540043592453003e-02
-4.229842498898506165e-02,3.673132276162505150e-03,-8.417540043592453003e-02
-4.237311705946922302e-02,3.758514765650033951e-03,-8.441638201475143433e-02
-4.237311705946922302e-02,3.758514765650033951e-03,-8.441638201475143433e-02
-4.244793206453323364e-02,3.844510531052947044e-03,-8.465737849473953247e-02
-4.244793206453323364e-02,3.844510531052947044e-03,-8.465737849473953247e-02
-4.252287745475769043e-02,3.931115847080945969e-03,-8.489836007356643677e-02
-4.252287745475769043e-02,3.931115847080945969e-03,-8.489836007356643677e-02
-4.259794950485229492e-02,4.018318373709917068e-03,-8.513935655355453491e-02
-4.259794950485229492e-02,4.018318373709917068e-03,-8.513935655355453491e-02
-4.267314076423645020e-02,4.106122534722089767e-03,-8.538035303354263306e-02
-4.267314076423645020e-02,4.106122534722089767e-03,-8.538035303354263306e-02
-4.274844378232955933e-02,4.194517619907855988e-03,-8.562135696411132812e-02
-4.274844378232955933e-02,4.194517619907855988e-03,-8.562135696411132812e-02
-4.282386973500251770e-02,4.283517133444547653e-03,-8.586236089468002319e-02
-4.282386973500251770e-02,4.283517133444547653e-03,-8.586236089468002319e-02
-4.289941489696502686e-02,4.373102914541959763e-03,-8.610337972640991211e-02
-4.289941489696502686e-02,4.373102914541959763e-03,-8.610337972640991211e-02
-4.297506064176559448e-02,4.463276825845241547e-03,-8.634442090988159180e-02
-4.297506064176559448e-02,4.463276825845241547e-03,-8.634442090988159180e-02
-4.305082187056541443e-02,4.554032813757658005e-03,-8.658546954393386841e-02
-4.305082187056541443e-02,4.554032813757658005e-03,-8.658546954393386841e-02
-4.312668740749359131e-02,4.645373206585645676e-03,-8.682653307914733887e-02
-4.312668740749359131e-02,4.645373206585645676e-03,-8.682653307914733887e-02
-4.320265352725982666e-02,4.737292416393756866e-03,-8.706761151552200317e-02
-4.320265352725982666e-02,4.737292416393756866e-03,-8.706761151552200317e-02
-4.327872022986412048e-02,4.829789046198129654e-03,-8.730872720479965210e-02
-4.327872022986412048e-02,4.829789046198129654e-03,-8.730872720479965210e-02
-4.335488751530647278e-02,4.922859836369752884e-03,-8.754985034465789795e-02
-4.335488751530647278e-02,4.922859836369752884e-03,-8.754985034465789795e-02
-4.343114048242568970e-02,5.016498733311891556e-03,-8.779100328683853149e-02
-4.343114048242568970e-02,5.016498733311891556e-03,-8.779100328683853149e-02
-4.350749030709266663e-02,5.110703874379396439e-03,-8.803218603134155273e-02
-4.350749030709266663e-02,5.110703874379396439e-03,-8.803218603134155273e-02
-4.358392581343650818e-02,5.205479916185140610e-03,-8.827339112758636475e-02
-4.358392581343650818e-02,5.205479916185140610e-03,-8.827339112758636475e-02
-4.366045817732810974e-02,5.300815217196941376e-03,-8.851464092731475830e-02
-4.366045817732810974e-02,5.300815217196941376e-03,-8.851464092731475830e-02
-4.373706877231597900e-02,5.396707914769649506e-03,-8.875590562820434570e-02
-4.373706877231597900e-02,5.396707914769649506e-03,-8.875590562820434570e-02
-4.381375759840011597e-02,5.493157543241977692e-03,-8.899722248315811157e-02
-4.381375759840011597e-02,5.493157543241977692e-03,-8.899722248315811157e-02
-4.389053210616111755e-02,5.590159446001052856e-03,-8.923856168985366821e-02
-4.389053210616111755e-02,5.590159446001052856e-03,-8.923856168985366821e-02
-4.396736994385719299e-02,5.687710829079151154e-03,-8.947994560003280640e-02
-4.396736994385719299e-02,5.687710829079151154e-03,-8.947994560003280640e-02
-4.404428973793983459e-02,5.785813555121421814e-03,-8.972138911485671997e-02
-4.404428973793983459e-02,5.785813555121421814e-03,-8.972138911485671997e-02
-4.412128031253814697e-02,5.884456913918256760e-03,-8.996284753084182739e-02
-4.412128031253814697e-02,5.884456913918256760e-03,-8.996284753084182739e-02
-4.419833794236183167e-02,5.983643233776092529e-03,-9.020437300205230713e-02
-4.419833794236183167e-02,5.983643233776092529e-03,-9.020437300205230713e-02
-4.427545890212059021e-02,6.083365995436906815e-03,-9.044593572616577148e-02
-4.427545890212059021e-02,6.083365995436906815e-03,-9.044593572616577148e-02
-4.435263946652412415e-02,6.183629389852285385e-03,-9.068756550550460815e-02
-4.435263946652412415e-02,6.183629389852285385e-03,-9.068756550550460815e-02
-4.442988336086273193e-02,6.284423638135194778e-03,-9.092921763658523560e-02
-4.442988336086273193e-02,6.284423638135194778e-03,-9.092921763658523560e-02
-4.450718685984611511e-02,6.385740824043750763e-03,-9.117094427347183228e-02
-4.450718685984611511e-02,6.385740824043750763e-03,-9.117094427347183228e-02
-4.458454623818397522e-02,6.487596780061721802e-03,-9.141272306442260742e-02
-4.458454623818397522e-02,6.487596780061721802e-03,-9.141272306442260742e-02
-4.466195032000541687e-02,6.589971017092466354e-03,-9.165456146001815796e-02
-4.466195032000541687e-02,6.589971017092466354e-03,-9.165456146001815796e-02
-4.473940655589103699e-02,6.692866794764995575e-03,-9.189645946025848389e-02
-4.473940655589103699e-02,6.692866794764995575e-03,-9.189645946025848389e-02
-4.481690749526023865e-02,6.796280853450298309e-03,-9.213841706514358521e-02
-4.481690749526023865e-02,6.796280853450298309e-03,-9.213841706514358521e-02
-4.489445313811302185e-02,6.900209467858076096e-03,-9.238044917583465576e-02
-4.489445313811302185e-02,6.900209467858076096e-03,-9.238044917583465576e-02
-4.497203603386878967e-02,7.004650309681892395e-03,-9.262254089117050171e-02
-4.497203603386878967e-02,7.004650309681892395e-03,-9.262254089117050171e-02
-4.504966363310813904e-02,7.109601050615310669e-03,-9.286469966173171997e-02
-4.504966363310813904e-02,7.109601050615310669e-03,-9.286469966173171997e-02
-4.512732103466987610e-02,7.215058431029319763e-03,-9.310691803693771362e-02
-4.512732103466987610e-02,7.215058431029319763e-03,-9.310691803693771362e-02
-4.520500823855400085e-02,7.321020588278770447e-03,-9.334922581911087036e-02
-4.520500823855400085e-02,7.321020588278770447e-03,-9.334922581911087036e-02
-4.528273642063140869e-02,7.427484262734651566e-03,-9.359160065650939941e-02
-4.528273642063140869e-02,7.427484262734651566e-03,-9.359160065650939941e-02
-4.536048695445060730e-02,7.534447591751813889e-03,-9.383406490087509155e-02
-4.536048695445060730e-02,7.534447591751813889e-03,-9.383406490087509155e-02
-4.543826356530189514e-02,7.641901262104511261e-03,-9.407659620046615601e-02
-4.543826356530189514e-02,7.641901262104511261e-03,-9.407659620046615601e-02
-4.551606252789497375e-02,7.749848067760467529e-03,-9.431920945644378662e-02
-4.551606252789497375e-02,7.749848067760467529e-03,-9.431920945644378662e-02
-4.559387639164924622e-02,7.858285680413246155e-03,-9.456190466880798340e-02
-4.559387639164924622e-02,7.858285680413246155e-03,-9.456190466880798340e-02
-4.567170515656471252e-02,7.967208512127399445e-03,-9.480468928813934326e-02
-4.567170515656471252e-02,7.967208512127399445e-03,-9.480468928813934326e-02
-4.574955254793167114e-02,8.076615631580352783e-03,-9.504756331443786621e-02
-4.574955254793167114e-02,8.076615631580352783e-03,-9.504756331443786621e-02
-4.582741484045982361e-02,8.186504244804382324e-03,-9.529051929712295532e-02
-4.582741484045982361e-02,8.186504244804382324e-03,-9.529051929712295532e-02
-4.590528458356857300e-02,8.296869695186614990e-03,-9.553357213735580444e-02
-4.590528458356857300e-02,8.296869695186614990e-03,-9.553357213735580444e-02
-4.598314687609672546e-02,8.407705463469028473e-03,-9.577671438455581665e-02
-4.598314687609672546e-02,8.407705463469028473e-03,-9.577671438455581665e-02
-4.606103152036666870e-02,8.519022725522518158e-03,-9.601995348930358887e-02
-4.606103152036666870e-02,8.519022725522518158e-03,-9.601995348930358887e-02
-4.613890498876571655e-02,8.630800992250442505e-03,-9.626328945159912109e-02
-4.613890498876571655e-02,8.630800992250442505e-03,-9.626328945159912109e-02
-4.621677845716476440e-02,8.743051439523696899e-03,-9.650672972202301025e-02
-4.621677845716476440e-02,8.743051439523696899e-03,-9.650672972202301025e-02
-4.629464447498321533e-02,8.855756372213363647e-03,-9.675026684999465942e-02
-4.629464447498321533e-02,8.855756372213363647e-03,-9.675026684999465942e-02
-4.637251049280166626e-02,8.968926034867763519e-03,-9.699391573667526245e-02
-4.637251049280166626e-02,8.968926034867763519e-03,-9.699391573667526245e-02
-4.645035788416862488e-02,9.082555770874023438e-03,-9.723765403032302856e-02
-4.645035788416862488e-02,9.082555770874023438e-03,-9.723765403032302856e-02
-4.652819782495498657e-02,9.196638129651546478e-03,-9.748151153326034546e-02
-4.652819782495498657e-02,9.196638129651546478e-03,-9.748151153326034546e-02
-4.660602286458015442e-02,9.311169385910034180e-03,-9.772546589374542236e-02
-4.660602286458015442e-02,9.311169385910034180e-03,-9.772546589374542236e-02
-4.668382555246353149e-02,9.426152333617210388e-03,-9.796956181526184082e-02
-4.668382555246353149e-02,9.426152333617210388e-03,-9.796956181526184082e-02
-4.676161333918571472e-02,9.541581384837627411e-03,-9.821374714374542236e-02
-4.676161333918571472e-02,9.541581384837627411e-03,-9.821374714374542236e-02
-4.683936759829521179e-02,9.657450951635837555e-03,-9.845805168151855469e-02
-4.683936759829521179e-02,9.657450951635837555e-03,-9.845805168151855469e-02
-4.691709950566291809e-02,9.773761034011840820e-03,-9.870248287916183472e-02
-4.691709950566291809e-02,9.773761034011840820e-03,-9.870248287916183472e-02
-4.699480533599853516e-02,9.890502318739891052e-03,-9.894703328609466553e-02
-4.699480533599853516e-02,9.890502318739891052e-03,-9.894703328609466553e-02
-4.707247763872146606e-02,1.000768784433603287e-02,-9.919169545173645020e-02
-4.707247763872146606e-02,1.000768784433603287e-02,-9.919169545173645020e-02
-4.715011641383171082e-02,1.012529898434877396e-02,-9.943649172782897949e-02
-4.715011641383171082e-02,1.012529898434877396e-02,-9.943649172782897949e-02
-4.722771793603897095e-02,1.024334039539098740e-02,-9.968141466379165649e-02
-4.722771793603897095e-02,1.024334039539098740e-02,-9.968141466379165649e-02
-4.730528220534324646e-02,1.036180648952722549e-02,-9.992645680904388428e-02
-4.730528220534324646e-02,1.036180648952722549e-02,-9.992645680904388428e-02
-4.738279804587364197e-02,1.048069633543491364e-02,-1.001716479659080505e-01
-4.738279804587364197e-02,1.048069633543491364e-02,-1.001716479659080505e-01
-4.746027290821075439e-02,1.059999782592058182e-02,-1.004169508814811707e-01
-4.746027290821075439e-02,1.059999782592058182e-02,-1.004169508814811707e-01
-4.753769561648368835e-02,1.071972399950027466e-02,-1.006624102592468262e-01
-4.753769561648368835e-02,1.071972399950027466e-02,-1.006624102592468262e-01
-4.761507362127304077e-02,1.083986647427082062e-02,-1.009079888463020325e-01
-4.761507362127304077e-02,1.083986647427082062e-02,-1.009079888463020325e-01
-4.769239202141761780e-02,1.096041407436132431e-02,-1.011537164449691772e-01
-4.769239202141761780e-02,1.096041407436132431e-02,-1.011537164449691772e-01
-4.776965826749801636e-02,1.108137052506208420e-02,-1.013995781540870667e-01
-4.776965826749801636e-02,1.108137052506208420e-02,-1.013995781540870667e-01
-4.784686490893363953e-02,1.120273582637310028e-02,-1.016455739736557007e-01
-4.784686490893363953e-02,1.120273582637310028e-02,-1.016455739736557007e-01
-4.792400822043418884e-02,1.132449693977832794e-02,-1.018917411565780640e-01
-4.792400822043418884e-02,1.132449693977832794e-02,-1.018917411565780640e-01
-4.800109192728996277e-02,1.144665945321321487e-02,-1.021380424499511719e-01
-4.800109192728996277e-02,1.144665945321321487e-02,-1.021380424499511719e-01
-4.807810857892036438e-02,1.156921964138746262e-02,-1.023844853043556213e-01
-4.807810857892036438e-02,1.156921964138746262e-02,-1.023844853043556213e-01
-4.815505445003509521e-02,1.169217657297849655e-02,-1.026310846209526062e-01
-4.815505445003509521e-02,1.169217657297849655e-02,-1.026310846209526062e-01
-4.823192209005355835e-02,1.181551348417997360e-02,-1.028778403997421265e-01
-4.823192209005355835e-02,1.181551348417997360e-02,-1.028778403997421265e-01
-4.830872640013694763e-02,1.193924900144338608e-02,-1.031247526407241821e-01
-4.830872640013694763e-02,1.193924900144338608e-02,-1.031247526407241821e-01
-4.838544875383377075e-02,1.206336542963981628e-02,-1.033718213438987732e-01
-4.838544875383377075e-02,1.206336542963981628e-02,-1.033718213438987732e-01
-4.846208170056343079e-02,1.218786276876926422e-02,-1.036190465092658997e-01
-4.846208170056343079e-02,1.218786276876926422e-02,-1.036190465092658997e-01
-4.853864014148712158e-02,1.231273729354143143e-02,-1.038664355874061584e-01
-4.853864014148712158e-02,1.231273729354143143e-02,-1.038664355874061584e-01
-4.861511662602424622e-02,1.243798993527889252e-02,-1.041139811277389526e-01
-4.861511662602424622e-02,1.243798993527889252e-02,-1.041139811277389526e-01
-4.869149997830390930e-02,1.256361603736877441e-02,-1.043617129325866699e-01
-4.869149997830390930e-02,1.256361603736877441e-02,-1.043617129325866699e-01
-4.876779019832611084e-02,1.268961280584335327e-02,-1.046095937490463257e-01
-4.876779019832611084e-02,1.268961280584335327e-02,-1.046095937490463257e-01
-4.884399473667144775e-02,1.281597465276718140e-02,-1.048576384782791138e-01
-4.884399473667144775e-02,1.281597465276718140e-02,-1.048576384782791138e-01
-4.892010241746902466e-02,1.294269785284996033e-02,-1.051058769226074219e-01
-4.892010241746902466e-02,1.294269785284996033e-02,-1.051058769226074219e-01
-4.899609833955764771e-02,1.306978892534971237e-02,-1.053542718291282654e-01
-4.899609833955764771e-02,1.306978892534971237e-02,-1.053542718291282654e-01
-4.907200857996940613e-02,1.319723762571811676e-02,-1.056028679013252258e-01
-4.907200857996940613e-02,1.319723762571811676e-02,-1.056028679013252258e-01
-4.914780333638191223e-02,1.332504022866487503e-02,-1.058516129851341248e-01
-4.914780333638191223e-02,1.332504022866487503e-02,-1.058516129851341248e-01
-4.922349378466606140e-02,1.345319673418998718e-02,-1.061005443334579468e-01
-4.922349378466606140e-02,1.345319673418998718e-02,-1.061005443334579468e-01
-4.929907619953155518e-02,1.358169969171285629e-02,-1.063496693968772888e-01
-4.929907619953155518e-02,1.358169969171285629e-02,-1.063496693968772888e-01
-4.937454685568809509e-02,1.371055282652378082e-02,-1.065989807248115540e-01
-4.937454685568809509e-02,1.371055282652378082e-02,-1.065989807248115540e-01
-4.944989830255508423e-02,1.383975334465503693e-02,-1.068484708666801453e-01
-4.944989830255508423e-02,1.383975334465503693e-02,-1.068484708666801453e-01
-4.952513799071311951e-02,1.396929007023572922e-02,-1.070981398224830627e-01
-4.952513799071311951e-02,1.396929007023572922e-02,-1.070981398224830627e-01
-4.960024729371070862e-02,1.409916393458843231e-02,-1.073480173945426941e-01
-4.960024729371070862e-02,1.409916393458843231e-02,-1.073480173945426941e-01
-4.967524483799934387e-02,1.422937400639057159e-02,-1.075980812311172485e-01
-4.967524483799934387e-02,1.422937400639057159e-02,-1.075980812311172485e-01
-4.975010827183723450e-02,1.435991656035184860e-02,-1.078483462333679199e-01
-4.975010827183723450e-02,1.435991656035184860e-02,-1.078483462333679199e-01
-4.982484877109527588e-02,1.449079159647226334e-02,-1.080987900495529175e-01
-4.982484877109527588e-02,1.449079159647226334e-02,-1.080987900495529175e-01
-4.989945143461227417e-02,1.462199166417121887e-02,-1.083494424819946289e-01
-4.989945143461227417e-02,1.462199166417121887e-02,-1.083494424819946289e-01
-4.997392743825912476e-02,1.475351396948099136e-02,-1.086003035306930542e-01
-4.997392743825912476e-02,1.475351396948099136e-02,-1.086003035306930542e-01
-5.004826560616493225e-02,1.488535664975643158e-02,-1.088513582944869995e-01
-5.004826560616493225e-02,1.488535664975643158e-02,-1.088513582944869995e-01
-5.012245848774909973e-02,1.501752063632011414e-02,-1.091026216745376587e-01
-5.012245848774909973e-02,1.501752063632011414e-02,-1.091026216745376587e-01
-5.019651725888252258e-02,1.514999940991401672e-02,-1.093540936708450317e-01
-5.019651725888252258e-02,1.514999940991401672e-02,-1.093540936708450317e-01
-5.027042329311370850e-02,1.528278551995754242e-02,-1.096057817339897156e-01
-5.027042329311370850e-02,1.528278551995754242e-02,-1.096057817339897156e-01
-5.034418776631355286e-02,1.541588548570871353e-02,-1.098576635122299194e-01
-5.034418776631355286e-02,1.541588548570871353e-02,-1.098576635122299194e-01
-5.041780322790145874e-02,1.554928906261920929e-02,-1.101097688078880310e-01
-5.041780322790145874e-02,1.554928906261920929e-02,-1.101097688078880310e-01
-5.049126222729682922e-02,1.568299531936645508e-02,-1.103620901703834534e-01
-5.049126222729682922e-02,1.568299531936645508e-02,-1.103620901703834534e-01
-5.056456476449966431e-02,1.581700518727302551e-02,-1.106146275997161865e-01
-5.056456476449966431e-02,1.581700518727302551e-02,-1.106146275997161865e-01
-5.063771083950996399e-02,1.595131307840347290e-02,-1.108673885464668274e-01
-5.063771083950996399e-02,1.595131307840347290e-02,-1.108673885464668274e-01
-5.071069672703742981e-02,1.608591340482234955e-02,-1.111203655600547791e-01
-5.071069672703742981e-02,1.608591340482234955e-02,-1.111203655600547791e-01
-5.078352242708206177e-02,1.622080244123935699e-02,-1.113735735416412354e-01
-5.078352242708206177e-02,1.622080244123935699e-02,-1.113735735416412354e-01
-5.085616931319236755e-02,1.635598763823509216e-02,-1.116270050406455994e-01
-5.085616931319236755e-02,1.635598763823509216e-02,-1.116270050406455994e-01
-5.092866346240043640e-02,1.649145223200321198e-02,-1.118806526064872742e-01
-5.092866346240043640e-02,1.649145223200321198e-02,-1.118806526064872742e-01
-5.100097507238388062e-02,1.662720181047916412e-02,-1.121345385909080505e-01
-5.100097507238388062e-02,1.662720181047916412e-02,-1.121345385909080505e-01
-5.107311159372329712e-02,1.676322892308235168e-02,-1.123886555433273315e-01
-5.107311159372329712e-02,1.676322892308235168e-02,-1.123886555433273315e-01
-5.114508420228958130e-02,1.689953915774822235e-02,-1.126430183649063110e-01
-5.114508420228958130e-02,1.689953915774822235e-02,-1.126430183649063110e-01
-5.121686309576034546e-02,1.703612320125102997e-02,-1.128976121544837952e-01
-5.121686309576034546e-02,1.703612320125102997e-02,-1.128976121544837952e-01
-5.128846317529678345e-02,1.717297360301017761e-02,-1.131524369120597839e-01
-5.128846317529678345e-02,1.717297360301017761e-02,-1.131524369120597839e-01
-5.135988071560859680e-02,1.731009595096111298e-02,-1.134075000882148743e-01
-5.135988071560859680e-02,1.731009595096111298e-02,-1.134075000882148743e-01
-5.143110826611518860e-02,1.744748093187808990e-02,-1.136628091335296631e-01
-5.143110826611518860e-02,1.744748093187808990e-02,-1.136628091335296631e-01
-5.150214955210685730e-02,1.758513413369655609e-02,-1.139183714985847473e-01
-5.150214955210685730e-02,1.758513413369655609e-02,-1.139183714985847473e-01
-5.157299339771270752e-02,1.772304251790046692e-02,-1.141741797327995300e-01
-5.157299339771270752e-02,1.772304251790046692e-02,-1.141741797327995300e-01
-5.164364725351333618e-02,1.786120794713497162e-02,-1.144302189350128174e-01
-5.164364725351333618e-02,1.786120794713497162e-02,-1.144302189350128174e-01
-5.171409621834754944e-02,1.799963042140007019e-02,-1.146865263581275940e-01
-5.171409621834754944e-02,1.799963042140007019e-02,-1.146865263581275940e-01
-5.178434774279594421e-02,1.813830249011516571e-02,-1.149430796504020691e-01
-5.178434774279594421e-02,1.813830249011516571e-02,-1.149430796504020691e-01
-5.185439437627792358e-02,1.827722042798995972e-02,-1.151998862624168396e-01
-5.185439437627792358e-02,1.827722042798995972e-02,-1.151998862624168396e-01
-5.192423611879348755e-02,1.841638796031475067e-02,-1.154569536447525024e-01
-5.192423611879348755e-02,1.841638796031475067e-02,-1.154569536447525024e-01
-5.199386179447174072e-02,1.855579391121864319e-02,-1.157142817974090576e-01
-5.199386179447174072e-02,1.855579391121864319e-02,-1.157142817974090576e-01
-5.206328257918357849e-02,1.869543828070163727e-02,-1.159718707203865051e-01
-5.206328257918357849e-02,1.869543828070163727e-02,-1.159718707203865051e-01
-5.213248357176780701e-02,1.883532665669918060e-02,-1.162297204136848450e-01
-5.213248357176780701e-02,1.883532665669918060e-02,-1.162297204136848450e-01
-5.220147222280502319e-02,1.897543855011463165e-02,-1.164878383278846741e-01
-5.220147222280502319e-02,1.897543855011463165e-02,-1.164878383278846741e-01
-5.227023735642433167e-02,1.911579258739948273e-02,-1.167462170124053955e-01
-5.227023735642433167e-02,1.911579258739948273e-02,-1.167462170124053955e-01
-5.233878269791603088e-02,1.925636269152164459e-02,-1.170048788189888000e-01
-5.233878269791603088e-02,1.925636269152164459e-02,-1.170048788189888000e-01
-5.240709707140922546e-02,1.939716376364231110e-02,-1.172637864947319031e-01
-5.240709707140922546e-02,1.939716376364231110e-02,-1.172637864947319031e-01
-5.247518792748451233e-02,1.953819207847118378e-02,-1.175229921936988831e-01
-5.247518792748451233e-02,1.953819207847118378e-02,-1.175229921936988831e-01
-5.254304781556129456e-02,1.967942900955677032e-02,-1.177824512124061584e-01
-5.254304781556129456e-02,1.967942900955677032e-02,-1.177824512124061584e-01
-5.261067301034927368e-02,1.982088945806026459e-02,-1.180422157049179077e-01
-5.261067301034927368e-02,1.982088945806026459e-02,-1.180422157049179077e-01
-5.267807096242904663e-02,1.996255852282047272e-02,-1.183022335171699524e-01
-5.267807096242904663e-02,1.996255852282047272e-02,-1.183022335171699524e-01
-5.274521559476852417e-02,2.010444179177284241e-02,-1.185625568032264709e-01
-5.274521559476852417e-02,2.010444179177284241e-02,-1.185625568032264709e-01
-5.281212553381919861e-02,2.024652995169162750e-02,-1.188231408596038818e-01
-5.281212553381919861e-02,2.024652995169162750e-02,-1.188231408596038818e-01
-5.287879332900047302e-02,2.038882300257682800e-02,-1.190840229392051697e-01
-5.287879332900047302e-02,2.038882300257682800e-02,-1.190840229392051697e-01
-5.294520780444145203e-02,2.053132094442844391e-02,-1.193452030420303345e-01
-5.294520780444145203e-02,2.053132094442844391e-02,-1.193452030420303345e-01
-5.301138013601303101e-02,2.067401260137557983e-02,-1.196066662669181824e-01
-5.301138013601303101e-02,2.067401260137557983e-02,-1.196066662669181824e-01
-5.307729542255401611e-02,2.081690728664398193e-02,-1.198683977127075195e-01
-5.307729542255401611e-02,2.081690728664398193e-02,-1.198683977127075195e-01
-5.314295366406440735e-02,2.095998451113700867e-02,-1.201304569840431213e-01
-5.314295366406440735e-02,2.095998451113700867e-02,-1.201304569840431213e-01
-5.320835858583450317e-02,2.110326103866100311e-02,-1.203927993774414062e-01
-5.320835858583450317e-02,2.110326103866100311e-02,-1.203927993774414062e-01
-5.327349901199340820e-02,2.124672010540962219e-02,-1.206554323434829712e-01
-5.327349901199340820e-02,2.124672010540962219e-02,-1.206554323434829712e-01
-5.333838611841201782e-02,2.139036729931831360e-02,-1.209183782339096069e-01
-5.333838611841201782e-02,2.139036729931831360e-02,-1.209183782339096069e-01
-5.340299382805824280e-02,2.153418958187103271e-02,-1.211816221475601196e-01
-5.340299382805824280e-02,2.153418958187103271e-02,-1.211816221475601196e-01
-5.346734449267387390e-02,2.167819440364837646e-02,-1.214451640844345093e-01
-5.346734449267387390e-02,2.167819440364837646e-02,-1.214451640844345093e-01
-5.353142321109771729e-02,2.182237803936004639e-02,-1.217090189456939697e-01
-5.353142321109771729e-02,2.182237803936004639e-02,-1.217090189456939697e-01
-5.359522253274917603e-02,2.196672745048999786e-02,-1.219731867313385010e-01
-5.359522253274917603e-02,2.196672745048999786e-02,-1.219731867313385010e-01
-5.365874618291854858e-02,2.211125381290912628e-02,-1.222376599907875061e-01
-5.365874618291854858e-02,2.211125381290912628e-02,-1.222376599907875061e-01
-5.372199416160583496e-02,2.225594036281108856e-02,-1.225024461746215820e-01
-5.372199416160583496e-02,2.225594036281108856e-02,-1.225024461746215820e-01
-5.378495901823043823e-02,2.240079641342163086e-02,-1.227675378322601318e-01
-5.378495901823043823e-02,2.240079641342163086e-02,-1.227675378322601318e-01
-5.384763330221176147e-02,2.254580892622470856e-02,-1.230329647660255432e-01
-5.384763330221176147e-02,2.254580892622470856e-02,-1.230329647660255432e-01
-5.391003191471099854e-02,2.269098162651062012e-02,-1.232987046241760254e-01
-5.391003191471099854e-02,2.269098162651062012e-02,-1.232987046241760254e-01
-5.397212877869606018e-02,2.283631078898906708e-02,-1.235647648572921753e-01
-5.397212877869606018e-02,2.283631078898906708e-02,-1.235647648572921753e-01
-5.403393879532814026e-02,2.298179268836975098e-02,-1.238311454653739929e-01
-5.403393879532814026e-02,2.298179268836975098e-02,-1.238311454653739929e-01
-5.409545078873634338e-02,2.312741987407207489e-02,-1.240978464484214783e-01
-5.409545078873634338e-02,2.312741987407207489e-02,-1.240978464484214783e-01
-5.415667220950126648e-02,2.327319420874118805e-02,-1.243648827075958252e-01
-5.415667220950126648e-02,2.327319420874118805e-02,-1.243648827075958252e-01
-5.421758443117141724e-02,2.341911382973194122e-02,-1.246322467923164368e-01
-5.421758443117141724e-02,2.341911382973194122e-02,-1.246322467923164368e-01
-5.427819862961769104e-02,2.356517314910888672e-02,-1.248999461531639099e-01
-5.427819862961769104e-02,2.356517314910888672e-02,-1.248999461531639099e-01
-5.433850735425949097e-02,2.371137216687202454e-02,-1.251679807901382446e-01
-5.433850735425949097e-02,2.371137216687202454e-02,-1.251679807901382446e-01
-5.439849942922592163e-02,2.385770529508590698e-02,-1.254363358020782471e-01
-5.439849942922592163e-02,2.385770529508590698e-02,-1.254363358020782471e-01
-5.445818603038787842e-02,2.400416880846023560e-02,-1.257050484418869019e-01
-5.445818603038787842e-02,2.400416880846023560e-02,-1.257050484418869019e-01
-5.451756343245506287e-02,2.415076270699501038e-02,-1.259740740060806274e-01
-5.451756343245506287e-02,2.415076270699501038e-02,-1.259740740060806274e-01
-5.457661673426628113e-02,2.429748512804508209e-02,-1.262434720993041992e-01
-5.457661673426628113e-02,2.429748512804508209e-02,-1.262434720993041992e-01
-5.463534966111183167e-02,2.444433048367500305e-02,-1.265131980180740356e-01
-5.463534966111183167e-02,2.444433048367500305e-02,-1.265131980180740356e-01
-5.469376593828201294e-02,2.459129318594932556e-02,-1.267832815647125244e-01
-5.469376593828201294e-02,2.459129318594932556e-02,-1.267832815647125244e-01
-5.475184693932533264e-02,2.473837137222290039e-02,-1.270536780357360840e-01
-5.475184693932533264e-02,2.473837137222290039e-02,-1.270536780357360840e-01
-5.480961501598358154e-02,2.488556876778602600e-02,-1.273244619369506836e-01
-5.480961501598358154e-02,2.488556876778602600e-02,-1.273244619369506836e-01
-5.486704409122467041e-02,2.503287605941295624e-02,-1.275955885648727417e-01
-5.486704409122467041e-02,2.503287605941295624e-02,-1.275955885648727417e-01
-5.492414534091949463e-02,2.518029510974884033e-02,-1.278670579195022583e-01
-5.492414534091949463e-02,2.518029510974884033e-02,-1.278670579195022583e-01
-5.498090758919715881e-02,2.532781660556793213e-02,-1.281388998031616211e-01
-5.498090758919715881e-02,2.532781660556793213e-02,-1.281388998031616211e-01
-5.503732711076736450e-02,2.547544240951538086e-02,-1.284110993146896362e-01
-5.503732711076736450e-02,2.547544240951538086e-02,-1.284110993146896362e-01
-5.509340390563011169e-02,2.562316693365573883e-02,-1.286836415529251099e-01
-5.509340390563011169e-02,2.562316693365573883e-02,-1.286836415529251099e-01
-5.514915287494659424e-02,2.577098831534385681e-02,-1.289565563201904297e-01
-5.514915287494659424e-02,2.577098831534385681e-02,-1.289565563201904297e-01
-5.520454421639442444e-02,2.591890469193458557e-02,-1.292298585176467896e-01
-5.520454421639442444e-02,2.591890469193458557e-02,-1.292298585176467896e-01
-5.525958165526390076e-02,2.606691233813762665e-02,-1.295034885406494141e-01
-5.525958165526390076e-02,2.606691233813762665e-02,-1.295034885406494141e-01
-5.531428009271621704e-02,2.621500939130783081e-02,-1.297775059938430786e-01
-5.531428009271621704e-02,2.621500939130783081e-02,-1.297775059938430786e-01
-5.536861345171928406e-02,2.636319026350975037e-02,-1.300518959760665894e-01
-5.536861345171928406e-02,2.636319026350975037e-02,-1.300518959760665894e-01
-5.542259290814399719e-02,2.651145681738853455e-02,-1.303266584873199463e-01
-5.542259290814399719e-02,2.651145681738853455e-02,-1.303266584873199463e-01
-5.547621473670005798e-02,2.665979973971843719e-02,-1.306017935276031494e-01
-5.547621473670005798e-02,2.665979973971843719e-02,-1.306017935276031494e-01
-5.552947521209716797e-02,2.680821903049945831e-02,-1.308773010969161987e-01
-5.552947521209716797e-02,2.680821903049945831e-02,-1.308773010969161987e-01
-5.558236315846443176e-02,2.695671468973159790e-02,-1.311531960964202881e-01
-5.558236315846443176e-02,2.695671468973159790e-02,-1.311531960964202881e-01
-5.563488975167274475e-02,2.710528299212455750e-02,-1.314294636249542236e-01
-5.563488975167274475e-02,2.710528299212455750e-02,-1.314294636249542236e-01
-5.568704009056091309e-02,2.725391276180744171e-02,-1.317061036825180054e-01
-5.568704009056091309e-02,2.725391276180744171e-02,-1.317061036825180054e-01
-5.573882162570953369e-02,2.740261703729629517e-02,-1.319831609725952148e-01
-5.573882162570953369e-02,2.740261703729629517e-02,-1.319831609725952148e-01
-5.579023063182830811e-02,2.755137719213962555e-02,-1.322605758905410767e-01
-5.579023063182830811e-02,2.755137719213962555e-02,-1.322605758905410767e-01
-5.584125965833663940e-02,2.770019695162773132e-02,-1.325384080410003662e-01
-5.584125965833663940e-02,2.770019695162773132e-02,-1.325384080410003662e-01
-5.589190125465393066e-02,2.784907259047031403e-02,-1.328165978193283081e-01
-5.589190125465393066e-02,2.784907259047031403e-02,-1.328165978193283081e-01
-5.594215914607048035e-02,2.799800224602222443e-02,-1.330952048301696777e-01
-5.594215914607048035e-02,2.799800224602222443e-02,-1.330952048301696777e-01
-5.599203333258628845e-02,2.814698591828346252e-02,-1.333742141723632812e-01
-5.599203333258628845e-02,2.814698591828346252e-02,-1.333742141723632812e-01
-5.604151636362075806e-02,2.829601429402828217e-02,-1.336535960435867310e-01
-5.604151636362075806e-02,2.829601429402828217e-02,-1.336535960435867310e-01
-5.609060823917388916e-02,2.844508551061153412e-02,-1.339333951473236084e-01
-5.609060823917388916e-02,2.844508551061153412e-02,-1.339333951473236084e-01
-5.613930895924568176e-02,2.859420329332351685e-02,-1.342135965824127197e-01
-5.613930895924568176e-02,2.859420329332351685e-02,-1.342135965824127197e-01
-5.618760734796524048e-02,2.874336205422878265e-02,-1.344942003488540649e-01
-5.618760734796524048e-02,2.874336205422878265e-02,-1.344942003488540649e-01
-5.623550713062286377e-02,2.889254689216613770e-02,-1.347752064466476440e-01
-5.623550713062286377e-02,2.889254689216613770e-02,-1.347752064466476440e-01
-5.628300085663795471e-02,2.904177643358707428e-02,-1.350566148757934570e-01
-5.628300085663795471e-02,2.904177643358707428e-02,-1.350566148757934570e-01
-5.633009597659111023e-02,2.919103018939495087e-02,-1.353384554386138916e-01
-5.633009597659111023e-02,2.919103018939495087e-02,-1.353384554386138916e-01
-5.637678131461143494e-02,2.934031002223491669e-02,-1.356206834316253662e-01
-5.637678131461143494e-02,2.934031002223491669e-02,-1.356206834316253662e-01
-5.642305314540863037e-02,2.948961779475212097e-02,-1.359033435583114624e-01
-5.642305314540863037e-02,2.948961779475212097e-02,-1.359033435583114624e-01
-5.646891146898269653e-02,2.963894791901111603e-02,-1.361864060163497925e-01
-5.646891146898269653e-02,2.963894791901111603e-02,-1.361864060163497925e-01
-5.651434883475303650e-02,2.978829294443130493e-02,-1.364698857069015503e-01
-5.651434883475303650e-02,2.978829294443130493e-02,-1.364698857069015503e-01
-5.655937641859054565e-02,2.993765473365783691e-02,-1.367537975311279297e-01
-5.655937641859054565e-02,2.993765473365783691e-02,-1.367537975311279297e-01
-5.660397559404373169e-02,3.008703328669071198e-02,-1.370381265878677368e-01
-5.660397559404373169e-02,3.008703328669071198e-02,-1.370381265878677368e-01
-5.664815008640289307e-02,3.023641742765903473e-02,-1.373228728771209717e-01
-5.664815008640289307e-02,3.023641742765903473e-02,-1.373228728771209717e-01
-5.669190362095832825e-02,3.038581274449825287e-02,-1.376080662012100220e-01
-5.669190362095832825e-02,3.038581274449825287e-02,-1.376080662012100220e-01
-5.673522129654884338e-02,3.053520433604717255e-02,-1.378936767578125000e-01
-5.673522129654884338e-02,3.053520433604717255e-02,-1.378936767578125000e-01
-5.677811056375503540e-02,3.068460524082183838e-02,-1.381797045469284058e-01
-5.677811056375503540e-02,3.068460524082183838e-02,-1.381797045469284058e-01
-5.682056397199630737e-02,3.083400242030620575e-02,-1.384661793708801270e-01
-5.682056397199630737e-02,3.083400242030620575e-02,-1.384661793708801270e-01
-5.686257779598236084e-02,3.098339587450027466e-02,-1.387530863285064697e-01
-5.686257779598236084e-02,3.098339587450027466e-02,-1.387530863285064697e-01
-5.690415203571319580e-02,3.113278187811374664e-02,-1.390404403209686279e-01
-5.690415203571319580e-02,3.113278187811374664e-02,-1.390404403209686279e-01
-5.694528669118881226e-02,3.128215298056602478e-02,-1.393282264471054077e-01
-5.694528669118881226e-02,3.128215298056602478e-02,-1.393282264471054077e-01
-5.698596686124801636e-02,3.143151476979255676e-02,-1.396164447069168091e-01
-5.698596686124801636e-02,3.143151476979255676e-02,-1.396164447069168091e-01
-5.702620744705200195e-02,3.158086165785789490e-02,-1.399051249027252197e-01
-5.702620744705200195e-02,3.158086165785789490e-02,-1.399051249027252197e-01
-5.706599727272987366e-02,3.173018619418144226e-02,-1.401942372322082520e-01
-5.706599727272987366e-02,3.173018619418144226e-02,-1.401942372322082520e-01
-5.710532516241073608e-02,3.187948837876319885e-02,-1.404837965965270996e-01
-5.710532516241073608e-02,3.187948837876319885e-02,-1.404837965965270996e-01
-5.714420229196548462e-02,3.202876821160316467e-02,-1.407738029956817627e-01
-5.714420229196548462e-02,3.202876821160316467e-02,-1.407738029956817627e-01
-5.718261376023292542e-02,3.217802196741104126e-02,-1.410642713308334351e-01
-5.718261376023292542e-02,3.217802196741104126e-02,-1.410642713308334351e-01
-5.722056701779365540e-02,3.232724219560623169e-02,-1.413551867008209229e-01
-5.722056701779365540e-02,3.232724219560623169e-02,-1.413551867008209229e-01
-5.725806206464767456e-02,3.247642889618873596e-02,-1.416465640068054199e-01
-5.725806206464767456e-02,3.247642889618873596e-02,-1.416465640068054199e-01
-5.729508027434349060e-02,3.262558206915855408e-02,-1.419383883476257324e-01
-5.729508027434349060e-02,3.262558206915855408e-02,-1.419383883476257324e-01
-5.733162537217140198e-02,3.277468681335449219e-02,-1.422306746244430542e-01
-5.733162537217140198e-02,3.277468681335449219e-02,-1.422306746244430542e-01
-5.736770480871200562e-02,3.292375802993774414e-02,-1.425234228372573853e-01
-5.736770480871200562e-02,3.292375802993774414e-02,-1.425234228372573853e-01
-5.740330740809440613e-02,3.307278081774711609e-02,-1.428166329860687256e-01
-5.740330740809440613e-02,3.307278081774711609e-02,-1.428166329860687256e-01
-5.743842944502830505e-02,3.322175890207290649e-02,-1.431103199720382690e-01
-5.743842944502830505e-02,3.322175890207290649e-02,-1.431103199720382690e-01
-5.747307464480400085e-02,3.337068483233451843e-02,-1.434044688940048218e-01
-5.747307464480400085e-02,3.337068483233451843e-02,-1.434044688940048218e-01
-5.750723183155059814e-02,3.351955488324165344e-02,-1.436990946531295776e-01
-5.750723183155059814e-02,3.351955488324165344e-02,-1.436990946531295776e-01
-5.754091218113899231e-02,3.366836905479431152e-02,-1.439941674470901489e-01
-5.754091218113899231e-02,3.366836905479431152e-02,-1.439941674470901489e-01
-5.757409706711769104e-02,3.381712362170219421e-02,-1.442897468805313110e-01
-5.757409706711769104e-02,3.381712362170219421e-02,-1.442897468805313110e-01
-5.760679021477699280e-02,3.396581485867500305e-02,-1.445857882499694824e-01
-5.760679021477699280e-02,3.396581485867500305e-02,-1.445857882499694824e-01
-5.763899162411689758e-02,3.411444276571273804e-02,-1.448823213577270508e-01
-5.763899162411689758e-02,3.411444276571273804e-02,-1.448823213577270508e-01
-5.767069011926651001e-02,3.426299616694450378e-02,-1.451793164014816284e-01
-5.767069011926651001e-02,3.426299616694450378e-02,-1.451793164014816284e-01
-5.770188942551612854e-02,3.441148251295089722e-02,-1.454767882823944092e-01
-5.770188942551612854e-02,3.441148251295089722e-02,-1.454767882823944092e-01
-5.773258954286575317e-02,3.455989062786102295e-02,-1.457747668027877808e-01
-5.773258954286575317e-02,3.455989062786102295e-02,-1.457747668027877808e-01
-5.776278302073478699e-02,3.470823168754577637e-02,-1.460732221603393555e-01
-5.776278302073478699e-02,3.470823168754577637e-02,-1.460732221603393555e-01
-5.779247358441352844e-02,3.485648706555366516e-02,-1.463721543550491333e-01
-5.779247358441352844e-02,3.485648706555366516e-02,-1.463721543550491333e-01
-5.782165005803108215e-02,3.500466048717498779e-02,-1.466715931892395020e-01
-5.782165005803108215e-02,3.500466048717498779e-02,-1.466715931892395020e-01
-5.785031616687774658e-02,3.515274822711944580e-02,-1.469715386629104614e-01
-5.785031616687774658e-02,3.515274822711944580e-02,-1.469715386629104614e-01
-5.787846818566322327e-02,3.530074283480644226e-02,-1.472719460725784302e-01
-5.787846818566322327e-02,3.530074283480644226e-02,-1.472719460725784302e-01
-5.790609493851661682e-02,3.544864803552627563e-02,-1.475728452205657959e-01
-5.790609493851661682e-02,3.544864803552627563e-02,-1.475728452205657959e-01
-5.793320015072822571e-02,3.559646010398864746e-02,-1.478742808103561401e-01
-5.793320015072822571e-02,3.559646010398864746e-02,-1.478742808103561401e-01
-5.795978382229804993e-02,3.574417158961296082e-02,-1.481761932373046875e-01
-5.795978382229804993e-02,3.574417158961296082e-02,-1.481761932373046875e-01
-5.798584222793579102e-02,3.589178621768951416e-02,-1.484786272048950195e-01
-5.798584222793579102e-02,3.589178621768951416e-02,-1.484786272048950195e-01
-5.801137164235115051e-02,3.603929653763771057e-02,-1.487815529108047485e-01
-5.801137164235115051e-02,3.603929653763771057e-02,-1.487815529108047485e-01
-5.803636088967323303e-02,3.618669882416725159e-02,-1.490849852561950684e-01
-5.803636088967323303e-02,3.618669882416725159e-02,-1.490849852561950684e-01
-5.806082487106323242e-02,3.633399307727813721e-02,-1.493889391422271729e-01
-5.806082487106323242e-02,3.633399307727813721e-02,-1.493889391422271729e-01
-5.808474868535995483e-02,3.648117557168006897e-02,-1.496933996677398682e-01
-5.808474868535995483e-02,3.648117557168006897e-02,-1.496933996677398682e-01
-5.810813605785369873e-02,3.662824630737304688e-02,-1.499983668327331543e-01
-5.810813605785369873e-02,3.662824630737304688e-02,-1.499983668327331543e-01
-5.813097581267356873e-02,3.677519783377647400e-02,-1.503038555383682251e-01
-5.813097581267356873e-02,3.677519783377647400e-02,-1.503038555383682251e-01
-5.815327167510986328e-02,3.692202270030975342e-02,-1.506098657846450806e-01
-5.815327167510986328e-02,3.692202270030975342e-02,-1.506098657846450806e-01
-5.817501991987228394e-02,3.706873208284378052e-02,-1.509163826704025269e-01
-5.817501991987228394e-02,3.706873208284378052e-02,-1.509163826704025269e-01
-5.819622427225112915e-02,3.721530735492706299e-02,-1.512234210968017578e-01
-5.819622427225112915e-02,3.721530735492706299e-02,-1.512234210968017578e-01
-5.821686610579490662e-02,3.736175596714019775e-02,-1.515310108661651611e-01
-5.821686610579490662e-02,3.736175596714019775e-02,-1.515310108661651611e-01
-5.823695287108421326e-02,3.750807791948318481e-02,-1.518390774726867676e-01
-5.823695287108421326e-02,3.750807791948318481e-02,-1.518390774726867676e-01
-5.825648456811904907e-02,3.765426203608512878e-02,-1.521477252244949341e-01
-5.825648456811904907e-02,3.765426203608512878e-02,-1.521477252244949341e-01
-5.827545002102851868e-02,3.780030459165573120e-02,-1.524568796157836914e-01
-5.827545002102851868e-02,3.780030459165573120e-02,-1.524568796157836914e-01
-5.829385295510292053e-02,3.794620931148529053e-02,-1.527665704488754272e-01
-5.829385295510292053e-02,3.794620931148529053e-02,-1.527665704488754272e-01
-5.831168591976165771e-02,3.809196874499320984e-02,-1.530767828226089478e-01
-5.831168591976165771e-02,3.809196874499320984e-02,-1.530767828226089478e-01
-5.832895264029502869e-02,3.823757544159889221e-02,-1.533875316381454468e-01
-5.832895264029502869e-02,3.823757544159889221e-02,-1.533875316381454468e-01
-5.834564939141273499e-02,3.838304057717323303e-02,-1.536988317966461182e-01
-5.834564939141273499e-02,3.838304057717323303e-02,-1.536988317966461182e-01
-5.836176872253417969e-02,3.852834925055503845e-02,-1.540106683969497681e-01
-5.836176872253417969e-02,3.852834925055503845e-02,-1.540106683969497681e-01
-5.837731063365936279e-02,3.867350518703460693e-02,-1.543230414390563965e-01
-5.837731063365936279e-02,3.867350518703460693e-02,-1.543230414390563965e-01
-5.839227139949798584e-02,3.881850093603134155e-02,-1.546359658241271973e-01
-5.839227139949798584e-02,3.881850093603134155e-02,-1.546359658241271973e-01
-5.840665102005004883e-02,3.896333649754524231e-02,-1.549494415521621704e-01
-5.840665102005004883e-02,3.896333649754524231e-02,-1.549494415521621704e-01
-5.842044577002525330e-02,3.910800814628601074e-02,-1.552634686231613159e-01
-5.842044577002525330e-02,3.910800814628601074e-02,-1.552634686231613159e-01
-5.843364447355270386e-02,3.925250843167304993e-02,-1.555780321359634399e-01
-5.843364447355270386e-02,3.925250843167304993e-02,-1.555780321359634399e-01
-5.844626203179359436e-02,3.939684107899665833e-02,-1.558931469917297363e-01
-5.844626203179359436e-02,3.939684107899665833e-02,-1.558931469917297363e-01
-5.845827981829643250e-02,3.954099491238594055e-02,-1.562088280916213989e-01
-5.845827981829643250e-02,3.954099491238594055e-02,-1.562088280916213989e-01
-5.846969783306121826e-02,3.968498483300209045e-02,-1.565250754356384277e-01
-5.846969783306121826e-02,3.968498483300209045e-02,-1.565250754356384277e-01
-5.848052725195884705e-02,3.982879221439361572e-02,-1.568418741226196289e-01
-5.848052725195884705e-02,3.982879221439361572e-02,-1.568418741226196289e-01
-5.849074572324752808e-02,3.997241705656051636e-02,-1.571592092514038086e-01
-5.849074572324752808e-02,3.997241705656051636e-02,-1.571592092514038086e-01
-5.850036814808845520e-02,4.011585563421249390e-02,-1.574771404266357422e-01
-5.850036814808845520e-02,4.011585563421249390e-02,-1.574771404266357422e-01
-5.850937217473983765e-02,4.025910422205924988e-02,-1.577956229448318481e-01
-5.850937217473983765e-02,4.025910422205924988e-02,-1.577956229448318481e-01
-5.851777642965316772e-02,4.040217027068138123e-02,-1.581146568059921265e-01
-5.851777642965316772e-02,4.040217027068138123e-02,-1.581146568059921265e-01
-5.852556228637695312e-02,4.054503142833709717e-02,-1.584342867136001587e-01
-5.852556228637695312e-02,4.054503142833709717e-02,-1.584342867136001587e-01
-5.853273347020149231e-02,4.068770632147789001e-02,-1.587544828653335571e-01
-5.853273347020149231e-02,4.068770632147789001e-02,-1.587544828653335571e-01
-5.853928998112678528e-02,4.083017632365226746e-02,-1.590752601623535156e-01
-5.853928998112678528e-02,4.083017632365226746e-02,-1.590752601623535156e-01
-5.854522064328193665e-02,4.097244888544082642e-02,-1.593966037034988403e-01
-5.854522064328193665e-02,4.097244888544082642e-02,-1.593966037034988403e-01
-5.855053290724754333e-02,4.111450910568237305e-02,-1.597185134887695312e-01
-5.855053290724754333e-02,4.111450910568237305e-02,-1.597185134887695312e-01
-5.855521187186241150e-02,4.125636816024780273e-02,-1.600410193204879761e-01
-5.855521187186241150e-02,4.125636816024780273e-02,-1.600410193204879761e-01
-5.855926871299743652e-02,4.139801859855651855e-02,-1.603640913963317871e-01
-5.855926871299743652e-02,4.139801859855651855e-02,-1.603640913963317871e-01
-5.856269225478172302e-02,4.153945297002792358e-02,-1.606877744197845459e-01
-5.856269225478172302e-02,4.153945297002792358e-02,-1.606877744197845459e-01
-5.856547877192497253e-02,4.168066754937171936e-02,-1.610120087862014771e-01
-5.856547877192497253e-02,4.168066754937171936e-02,-1.610120087862014771e-01
-5.856763198971748352e-02,4.182166606187820435e-02,-1.613368391990661621e-01
-5.856763198971748352e-02,4.182166606187820435e-02,-1.613368391990661621e-01
-5.856914818286895752e-02,4.196243733167648315e-02,-1.616622805595397949e-01
-5.856914818286895752e-02,4.196243733167648315e-02,-1.616622805595397949e-01
-5.857001245021820068e-02,4.210298508405685425e-02,-1.619883030652999878e-01
-5.857001245021820068e-02,4.210298508405685425e-02,-1.619883030652999878e-01
-5.857024341821670532e-02,4.224330559372901917e-02,-1.623149216175079346e-01
-5.857024341821670532e-02,4.224330559372901917e-02,-1.623149216175079346e-01
-5.856982246041297913e-02,4.238339886069297791e-02,-1.626421362161636353e-01
-5.856982246041297913e-02,4.238339886069297791e-02,-1.626421362161636353e-01
-5.856874585151672363e-02,4.252325370907783508e-02,-1.629699468612670898e-01
-5.856874585151672363e-02,4.252325370907783508e-02,-1.629699468612670898e-01
-5.856702476739883423e-02,4.266287386417388916e-02,-1.632983684539794922e-01
-5.856702476739883423e-02,4.266287386417388916e-02,-1.632983684539794922e-01
-5.856464430689811707e-02,4.280225560069084167e-02,-1.636273711919784546e-01
-5.856464430689811707e-02,4.280225560069084167e-02,-1.636273711919784546e-01
-5.856160819530487061e-02,4.294138774275779724e-02,-1.639569848775863647e-01
-5.856160819530487061e-02,4.294138774275779724e-02,-1.639569848775863647e-01
-5.855790525674819946e-02,4.308028146624565125e-02,-1.642872244119644165e-01
-5.855790525674819946e-02,4.308028146624565125e-02,-1.642872244119644165e-01
-5.855353921651840210e-02,4.321892559528350830e-02,-1.646180450916290283e-01
-5.855353921651840210e-02,4.321892559528350830e-02,-1.646180450916290283e-01
-5.854851007461547852e-02,4.335731267929077148e-02,-1.649495065212249756e-01
-5.854851007461547852e-02,4.335731267929077148e-02,-1.649495065212249756e-01
-5.854281410574913025e-02,4.349545389413833618e-02,-1.652815490961074829e-01
-5.854281410574913025e-02,4.349545389413833618e-02,-1.652815490961074829e-01
-5.853643640875816345e-02,4.363333433866500854e-02,-1.656142324209213257e-01
-5.853643640875816345e-02,4.363333433866500854e-02,-1.656142324209213257e-01
-5.852939561009407043e-02,4.377095028758049011e-02,-1.659475266933441162e-01
-5.852939561009407043e-02,4.377095028758049011e-02,-1.659475266933441162e-01
-5.852167308330535889e-02,4.390830919146537781e-02,-1.662814319133758545e-01
-5.852167308330535889e-02,4.390830919146537781e-02,-1.662814319133758545e-01
-5.851326510310173035e-02,4.404539987444877625e-02,-1.666159629821777344e-01
-5.851326510310173035e-02,4.404539987444877625e-02,-1.666159629821777344e-01
-5.850417912006378174e-02,4.418222233653068542e-02,-1.669511198997497559e-01
-5.850417912006378174e-02,4.418222233653068542e-02,-1.669511198997497559e-01
-5.849441513419151306e-02,4.431877285242080688e-02,-1.672869026660919189e-01
-5.849441513419151306e-02,4.431877285242080688e-02,-1.672869026660919189e-01
-5.848395824432373047e-02,4.445505142211914062e-02,-1.676232963800430298e-01
-5.848395824432373047e-02,4.445505142211914062e-02,-1.676232963800430298e-01
-5.847281217575073242e-02,4.459104314446449280e-02,-1.679603457450866699e-01
-5.847281217575073242e-02,4.459104314446449280e-02,-1.679603457450866699e-01
-5.846096202731132507e-02,4.472676664590835571e-02,-1.682980060577392578e-01
-5.846096202731132507e-02,4.472676664590835571e-02,-1.682980060577392578e-01
-5.844842270016670227e-02,4.486219584941864014e-02,-1.686363220214843750e-01
-5.844842270016670227e-02,4.486219584941864014e-02,-1.686363220214843750e-01
-5.843519046902656555e-02,4.499734565615653992e-02,-1.689752638339996338e-01
-5.843519046902656555e-02,4.499734565615653992e-02,-1.689752638339996338e-01
-5.842124298214912415e-02,4.513220489025115967e-02,-1.693148314952850342e-01
-5.842124298214912415e-02,4.513220489025115967e-02,-1.693148314952850342e-01
-5.840660631656646729e-02,4.526676982641220093e-02,-1.696550399065017700e-01
-5.840660631656646729e-02,4.526676982641220093e-02,-1.696550399065017700e-01
-5.839126184582710266e-02,4.540103673934936523e-02,-1.699958890676498413e-01
-5.839126184582710266e-02,4.540103673934936523e-02,-1.699958890676498413e-01
-5.837519839406013489e-02,4.553501307964324951e-02,-1.703373938798904419e-01
-5.837519839406013489e-02,4.553501307964324951e-02,-1.703373938798904419e-01
-5.835842713713645935e-02,4.566868767142295837e-02,-1.706795394420623779e-01
-5.835842713713645935e-02,4.566868767142295837e-02,-1.706795394420623779e-01
-5.834094062447547913e-02,4.580205678939819336e-02,-1.710223555564880371e-01
-5.834094062447547913e-02,4.580205678939819336e-02,-1.710223555564880371e-01
-5.832273885607719421e-02,4.593511670827865601e-02,-1.713658124208450317e-01
-5.832273885607719421e-02,4.593511670827865601e-02,-1.713658124208450317e-01
-5.830381438136100769e-02,4.606787487864494324e-02,-1.717098951339721680e-01
-5.830381438136100769e-02,4.606787487864494324e-02,-1.717098951339721680e-01
-5.828416720032691956e-02,4.620031267404556274e-02,-1.720546483993530273e-01
-5.828416720032691956e-02,4.620031267404556274e-02,-1.720546483993530273e-01
-5.826379731297492981e-02,4.633244127035140991e-02,-1.724000573158264160e-01
-5.826379731297492981e-02,4.633244127035140991e-02,-1.724000573158264160e-01
-5.824269354343414307e-02,4.646424204111099243e-02,-1.727461367845535278e-01
-5.824269354343414307e-02,4.646424204111099243e-02,-1.727461367845535278e-01
-5.822086706757545471e-02,4.659573361277580261e-02,-1.730928719043731689e-01
-5.822086706757545471e-02,4.659573361277580261e-02,-1.730928719043731689e-01
-5.819830298423767090e-02,4.672688990831375122e-02,-1.734402477741241455e-01
-5.819830298423767090e-02,4.672688990831375122e-02,-1.734402477741241455e-01
-5.817500501871109009e-02,4.685772582888603210e-02,-1.737882941961288452e-01
-5.817500501871109009e-02,4.685772582888603210e-02,-1.737882941961288452e-01
-5.815096572041511536e-02,4.698823392391204834e-02,-1.741370260715484619e-01
-5.815096572041511536e-02,4.698823392391204834e-02,-1.741370260715484619e-01
-5.812617763876914978e-02,4.711840674281120300e-02,-1.744864135980606079e-01
-5.812617763876914978e-02,4.711840674281120300e-02,-1.744864135980606079e-01
-5.810065194964408875e-02,4.724824056029319763e-02,-1.748364865779876709e-01
-5.810065194964408875e-02,4.724824056029319763e-02,-1.748364865779876709e-01
-5.807438492774963379e-02,4.737773537635803223e-02,-1.751872152090072632e-01
-5.807438492774963379e-02,4.737773537635803223e-02,-1.751872152090072632e-01
-5.804735794663429260e-02,4.750689491629600525e-02,-1.755386292934417725e-01
-5.804735794663429260e-02,4.750689491629600525e-02,-1.755386292934417725e-01
-5.801957473158836365e-02,4.763570427894592285e-02,-1.758906990289688110e-01
-5.801957473158836365e-02,4.763570427894592285e-02,-1.758906990289688110e-01
-5.799105763435363770e-02,4.776417836546897888e-02,-1.762434989213943481e-01
-5.799105763435363770e-02,4.776417836546897888e-02,-1.762434989213943481e-01
-5.796176195144653320e-02,4.789229109883308411e-02,-1.765969246625900269e-01
-5.796176195144653320e-02,4.789229109883308411e-02,-1.765969246625900269e-01
-5.793171375989913940e-02,4.802004992961883545e-02,-1.769510656595230103e-01
-5.793171375989913940e-02,4.802004992961883545e-02,-1.769510656595230103e-01
-5.790090188384056091e-02,4.814745485782623291e-02,-1.773058772087097168e-01
-5.790090188384056091e-02,4.814745485782623291e-02,-1.773058772087097168e-01
-5.786932632327079773e-02,4.827450215816497803e-02,-1.776613891124725342e-01
-5.786932632327079773e-02,4.827450215816497803e-02,-1.776613891124725342e-01
-5.783697962760925293e-02,4.840118438005447388e-02,-1.780175715684890747e-01
-5.783697962760925293e-02,4.840118438005447388e-02,-1.780175715684890747e-01
-5.780385434627532959e-02,4.852750524878501892e-02,-1.783744692802429199e-01
-5.780385434627532959e-02,4.852750524878501892e-02,-1.783744692802429199e-01
-5.776996538043022156e-02,4.865346103906631470e-02,-1.787320524454116821e-01
-5.776996538043022156e-02,4.865346103906631470e-02,-1.787320524454116821e-01
-5.773529782891273499e-02,4.877904057502746582e-02,-1.790903210639953613e-01
-5.773529782891273499e-02,4.877904057502746582e-02,-1.790903210639953613e-01
-5.769984796643257141e-02,4.890425875782966614e-02,-1.794493049383163452e-01
-5.769984796643257141e-02,4.890425875782966614e-02,-1.794493049383163452e-01
-5.766361951828002930e-02,4.902908578515052795e-02,-1.798089593648910522e-01
-5.766361951828002930e-02,4.902908578515052795e-02,-1.798089593648910522e-01
-5.762660503387451172e-02,4.915354028344154358e-02,-1.801693439483642578e-01
-5.762660503387451172e-02,4.915354028344154358e-02,-1.801693439483642578e-01
-5.758880451321601868e-02,4.927760735154151917e-02,-1.805304139852523804e-01
-5.758880451321601868e-02,4.927760735154151917e-02,-1.805304139852523804e-01
-5.755021050572395325e-02,4.940129816532135010e-02,-1.808922141790390015e-01
-5.755021050572395325e-02,4.940129816532135010e-02,-1.808922141790390015e-01
-5.751082673668861389e-02,4.952459782361984253e-02,-1.812546998262405396e-01
-5.751082673668861389e-02,4.952459782361984253e-02,-1.812546998262405396e-01
-5.747064575552940369e-02,4.964749887585639954e-02,-1.816179007291793823e-01
-5.747064575552940369e-02,4.964749887585639954e-02,-1.816179007291793823e-01
-5.742966011166572571e-02,4.977001622319221497e-02,-1.819818317890167236e-01
-5.742966011166572571e-02,4.977001622319221497e-02,-1.819818317890167236e-01
-5.738788470625877380e-02,4.989213496446609497e-02,-1.823464483022689819e-01
-5.738788470625877380e-02,4.989213496446609497e-02,-1.823464483022689819e-01
-5.734529718756675720e-02,5.001385137438774109e-02,-1.827118098735809326e-01
-5.734529718756675720e-02,5.001385137438774109e-02,-1.827118098735809326e-01
-5.730190873146057129e-02,5.013516917824745178e-02,-1.830778717994689941e-01
-5.730190873146057129e-02,5.013516917824745178e-02,-1.830778717994689941e-01
-5.725771188735961914e-02,5.025607720017433167e-02,-1.834446489810943604e-01
-5.725771188735961914e-02,5.025607720017433167e-02,-1.834446489810943604e-01
-5.721270292997360229e-02,5.037657916545867920e-02,-1.838121712207794189e-01
-5.721270292997360229e-02,5.037657916545867920e-02,-1.838121712207794189e-01
-5.716687813401222229e-02,5.049667134881019592e-02,-1.841803938150405884e-01
-5.716687813401222229e-02,5.049667134881019592e-02,-1.841803938150405884e-01
-5.712023377418518066e-02,5.061634629964828491e-02,-1.845493465662002563e-01
-5.712023377418518066e-02,5.061634629964828491e-02,-1.845493465662002563e-01
-5.707277357578277588e-02,5.073560401797294617e-02,-1.849190443754196167e-01
-5.707277357578277588e-02,5.073560401797294617e-02,-1.849190443754196167e-01
-5.702449381351470947e-02,5.085444450378417969e-02,-1.852894723415374756e-01
-5.702449381351470947e-02,5.085444450378417969e-02,-1.852894723415374756e-01
-5.697538331151008606e-02,5.097286403179168701e-02,-1.856606155633926392e-01
-5.697538331151008606e-02,5.097286403179168701e-02,-1.856606155633926392e-01
-5.692544206976890564e-02,5.109085887670516968e-02,-1.860325038433074951e-01
-5.692544206976890564e-02,5.109085887670516968e-02,-1.860325038433074951e-01
-5.687467753887176514e-02,5.120841413736343384e-02,-1.864051222801208496e-01
-5.687467753887176514e-02,5.120841413736343384e-02,-1.864051222801208496e-01
-5.682307854294776917e-02,5.132554471492767334e-02,-1.867785006761550903e-01
-5.682307854294776917e-02,5.132554471492767334e-02,-1.867785006761550903e-01
-5.677063763141632080e-02,5.144223943352699280e-02,-1.871525943279266357e-01
-5.677063763141632080e-02,5.144223943352699280e-02,-1.871525943279266357e-01
-5.671736970543861389e-02,5.155850201845169067e-02,-1.875274479389190674e-01
-5.671736970543861389e-02,5.155850201845169067e-02,-1.875274479389190674e-01
-5.666325241327285767e-02,5.167431756854057312e-02,-1.879030466079711914e-01
-5.666325241327285767e-02,5.167431756854057312e-02,-1.879030466079711914e-01
-5.660829320549964905e-02,5.178969725966453552e-02,-1.882793903350830078e-01
-5.660829320549964905e-02,5.178969725966453552e-02,-1.882793903350830078e-01
-5.655248835682868958e-02,5.190462619066238403e-02,-1.886564940214157104e-01
-5.655248835682868958e-02,5.190462619066238403e-02,-1.886564940214157104e-01
-5.649583414196968079e-02,5.201910436153411865e-02,-1.890343278646469116e-01
-5.649583414196968079e-02,5.201910436153411865e-02,-1.890343278646469116e-01
-5.643832311034202576e-02,5.213313549757003784e-02,-1.894129216670989990e-01
-5.643832311034202576e-02,5.213313549757003784e-02,-1.894129216670989990e-01
-5.637996271252632141e-02,5.224671214818954468e-02,-1.897922754287719727e-01
-5.637996271252632141e-02,5.224671214818954468e-02,-1.897922754287719727e-01
-5.632074177265167236e-02,5.235983058810234070e-02,-1.901723891496658325e-01
-5.632074177265167236e-02,5.235983058810234070e-02,-1.901723891496658325e-01
-5.626066029071807861e-02,5.247248709201812744e-02,-1.905532628297805786e-01
-5.626066029071807861e-02,5.247248709201812744e-02,-1.905532628297805786e-01
-5.619971826672554016e-02,5.258467793464660645e-02,-1.909348815679550171e-01
-5.619971826672554016e-02,5.258467793464660645e-02,-1.909348815679550171e-01
-5.613790825009346008e-02,5.269640311598777771e-02,-1.913172900676727295e-01
-5.613790825009346008e-02,5.269640311598777771e-02,-1.913172900676727295e-01
-5.607523769140243530e-02,5.280765891075134277e-02,-1.917004436254501343e-01
-5.607523769140243530e-02,5.280765891075134277e-02,-1.917004436254501343e-01
-5.601169541478157043e-02,5.291844531893730164e-02,-1.920843720436096191e-01
-5.601169541478157043e-02,5.291844531893730164e-02,-1.920843720436096191e-01
-5.594727396965026855e-02,5.302875488996505737e-02,-1.924690902233123779e-01
-5.594727396965026855e-02,5.302875488996505737e-02,-1.924690902233123779e-01
-5.588197335600852966e-02,5.313859134912490845e-02,-1.928545683622360229e-01
-5.588197335600852966e-02,5.313859134912490845e-02,-1.928545683622360229e-01
-5.581579729914665222e-02,5.324793606996536255e-02,-1.932408064603805542e-01
-5.581579729914665222e-02,5.324793606996536255e-02,-1.932408064603805542e-01
-5.574873834848403931e-02,5.335680395364761353e-02,-1.936278343200683594e-01
-5.574873834848403931e-02,5.335680395364761353e-02,-1.936278343200683594e-01
-5.568080022931098938e-02,5.346518382430076599e-02,-1.940156221389770508e-01
-5.568080022931098938e-02,5.346518382430076599e-02,-1.940156221389770508e-01
-5.561197176575660706e-02,5.357307568192481995e-02,-1.944042295217514038e-01
-5.561197176575660706e-02,5.357307568192481995e-02,-1.944042295217514038e-01
-5.554224923253059387e-02,5.368047207593917847e-02,-1.947935819625854492e-01
-5.554224923253059387e-02,5.368047207593917847e-02,-1.947935819625854492e-01
-5.547164753079414368e-02,5.378738045692443848e-02,-1.951837390661239624e-01
-5.547164753079414368e-02,5.378738045692443848e-02,-1.951837390661239624e-01
-5.540014058351516724e-02,5.389378592371940613e-02,-1.955746859312057495e-01
-5.540014058351516724e-02,5.389378592371940613e-02,-1.955746859312057495e-01
-5.532773584127426147e-02,5.399968847632408142e-02,-1.959664076566696167e-01
-5.532773584127426147e-02,5.399968847632408142e-02,-1.959664076566696167e-01
-5.525443330407142639e-02,5.410508811473846436e-02,-1.963589191436767578e-01
-5.525443330407142639e-02,5.410508811473846436e-02,-1.963589191436767578e-01
-5.518022924661636353e-02,5.420998111367225647e-02,-1.967522352933883667e-01
-5.518022924661636353e-02,5.420998111367225647e-02,-1.967522352933883667e-01
-5.510511621832847595e-02,5.431436374783515930e-02,-1.971463412046432495e-01
-5.510511621832847595e-02,5.431436374783515930e-02,-1.971463412046432495e-01
-5.502909794449806213e-02,5.441822856664657593e-02,-1.975412517786026001e-01
-5.502909794449806213e-02,5.441822856664657593e-02,-1.975412517786026001e-01
-5.495216324925422668e-02,5.452158674597740173e-02,-1.979369521141052246e-01
-5.495216324925422668e-02,5.452158674597740173e-02,-1.979369521141052246e-01
-5.487432330846786499e-02,5.462442338466644287e-02,-1.983334571123123169e-01
-5.487432330846786499e-02,5.462442338466644287e-02,-1.983334571123123169e-01
-5.479555949568748474e-02,5.472673475742340088e-02,-1.987307667732238770e-01
-5.479555949568748474e-02,5.472673475742340088e-02,-1.987307667732238770e-01
-5.471588298678398132e-02,5.482852458953857422e-02,-1.991288810968399048e-01
-5.471588298678398132e-02,5.482852458953857422e-02,-1.991288810968399048e-01
-5.463527515530586243e-02,5.492978543043136597e-02,-1.995277851819992065e-01
-5.463527515530586243e-02,5.492978543043136597e-02,-1.995277851819992065e-01
-5.455374717712402344e-02,5.503051728010177612e-02,-1.999275088310241699e-01
-5.455374717712402344e-02,5.503051728010177612e-02,-1.999275088310241699e-01
-5.447129532694816589e-02,5.513071641325950623e-02,-2.003280818462371826e-01
-5.447129532694816589e-02,5.513071641325950623e-02,-2.003280818462371826e-01
-5.438790842890739441e-02,5.523037537932395935e-02,-2.007294148206710815e-01
-5.438790842890739441e-02,5.523037537932395935e-02,-2.007294148206710815e-01
-5.430359393358230591e-02,5.532949790358543396e-02,-2.011316120624542236e-01
-5.430359393358230591e-02,5.532949790358543396e-02,-2.011316120624542236e-01
-5.421834066510200500e-02,5.542808398604393005e-02,-2.015345841646194458e-01
-5.421834066510200500e-02,5.542808398604393005e-02,-2.015345841646194458e-01
-5.413214862346649170e-02,5.552612617611885071e-02,-2.019384056329727173e-01
-5.413214862346649170e-02,5.552612617611885071e-02,-2.019384056329727173e-01
-5.404501780867576599e-02,5.562360957264900208e-02,-2.023430168628692627e-01
-5.404501780867576599e-02,5.562360957264900208e-02,-2.023430168628692627e-01
-5.395694449543952942e-02,5.572054907679557800e-02,-2.027484923601150513e-01
-5.395694449543952942e-02,5.572054907679557800e-02,-2.027484923601150513e-01
-5.386791750788688660e-02,5.581693723797798157e-02,-2.031547725200653076e-01
-5.386791750788688660e-02,5.581693723797798157e-02,-2.031547725200653076e-01
-5.377795174717903137e-02,5.591276288032531738e-02,-2.035618871450424194e-01
-5.377795174717903137e-02,5.591276288032531738e-02,-2.035618871450424194e-01
-5.368702858686447144e-02,5.600802972912788391e-02,-2.039698064327239990e-01
-5.368702858686447144e-02,5.600802972912788391e-02,-2.039698064327239990e-01
-5.359515920281410217e-02,5.610273778438568115e-02,-2.043785899877548218e-01
-5.359515920281410217e-02,5.610273778438568115e-02,-2.043785899877548218e-01
-5.350232869386672974e-02,5.619687959551811218e-02,-2.047881931066513062e-01
-5.350232869386672974e-02,5.619687959551811218e-02,-2.047881931066513062e-01
-5.340853333473205566e-02,5.629045516252517700e-02,-2.051986306905746460e-01
-5.340853333473205566e-02,5.629045516252517700e-02,-2.051986306905746460e-01
-5.331377685070037842e-02,5.638345703482627869e-02,-2.056099176406860352e-01
-5.331377685070037842e-02,5.638345703482627869e-02,-2.056099176406860352e-01
-5.321805924177169800e-02,5.647588521242141724e-02,-2.060220390558242798e-01
-5.321805924177169800e-02,5.647588521242141724e-02,-2.060220390558242798e-01
-5.312137305736541748e-02,5.656773969531059265e-02,-2.064350098371505737e-01
-5.312137305736541748e-02,5.656773969531059265e-02,-2.064350098371505737e-01
-5.302371829748153687e-02,5.665901303291320801e-02,-2.068488299846649170e-01
-5.302371829748153687e-02,5.665901303291320801e-02,-2.068488299846649170e-01
-5.292508378624916077e-02,5.674970149993896484e-02,-2.072634696960449219e-01
-5.292508378624916077e-02,5.674970149993896484e-02,-2.072634696960449219e-01
-5.282548442482948303e-02,5.683981254696846008e-02,-2.076789885759353638e-01
-5.282548442482948303e-02,5.683981254696846008e-02,-2.076789885759353638e-01
-5.272489413619041443e-02,5.692932382225990295e-02,-2.080953419208526611e-01
-5.272489413619041443e-02,5.692932382225990295e-02,-2.080953419208526611e-01
-5.262332782149314880e-02,5.701825022697448730e-02,-2.085125446319580078e-01
-5.262332782149314880e-02,5.701825022697448730e-02,-2.085125446319580078e-01
-5.252078175544738770e-02,5.710658058524131775e-02,-2.089306116104125977e-01
-5.252078175544738770e-02,5.710658058524131775e-02,-2.089306116104125977e-01
-5.241725221276283264e-02,5.719431862235069275e-02,-2.093495577573776245e-01
-5.241725221276283264e-02,5.719431862235069275e-02,-2.093495577573776245e-01
-5.231272429227828979e-02,5.728145316243171692e-02,-2.097693234682083130e-01
-5.231272429227828979e-02,5.728145316243171692e-02,-2.097693234682083130e-01
-5.220720916986465454e-02,5.736798048019409180e-02,-2.101899683475494385e-01
-5.220720916986465454e-02,5.736798048019409180e-02,-2.101899683475494385e-01
-5.210070684552192688e-02,5.745391175150871277e-02,-2.106114625930786133e-01
-5.210070684552192688e-02,5.745391175150871277e-02,-2.106114625930786133e-01
-5.199319124221801758e-02,5.753922834992408752e-02,-2.110338509082794189e-01
-5.199319124221801758e-02,5.753922834992408752e-02,-2.110338509082794189e-01
-5.188468471169471741e-02,5.762393027544021606e-02,-2.114570885896682739e-01
-5.188468471169471741e-02,5.762393027544021606e-02,-2.114570885896682739e-01
-5.177517235279083252e-02,5.770802497863769531e-02,-2.118812203407287598e-01
-5.177517235279083252e-02,5.770802497863769531e-02,-2.118812203407287598e-01
-5.166465789079666138e-02,5.779149383306503296e-02,-2.123061716556549072e-01
-5.166465789079666138e-02,5.779149383306503296e-02,-2.123061716556549072e-01
-5.155313387513160706e-02,5.787434428930282593e-02,-2.127320468425750732e-01
-5.155313387513160706e-02,5.787434428930282593e-02,-2.127320468425750732e-01
-5.144060030579566956e-02,5.795658007264137268e-02,-2.131587564945220947e-01
-5.144060030579566956e-02,5.795658007264137268e-02,-2.131587564945220947e-01
-5.132705345749855042e-02,5.803818628191947937e-02,-2.135863751173019409e-01
-5.132705345749855042e-02,5.803818628191947937e-02,-2.135863751173019409e-01
-5.121249333024024963e-02,5.811916291713714600e-02,-2.140148580074310303e-01
-5.121249333024024963e-02,5.811916291713714600e-02,-2.140148580074310303e-01
-5.109690874814987183e-02,5.819950252771377563e-02,-2.144442349672317505e-01
-5.109690874814987183e-02,5.819950252771377563e-02,-2.144442349672317505e-01
-5.098030716180801392e-02,5.827921256422996521e-02,-2.148744910955429077e-01
-5.098030716180801392e-02,5.827921256422996521e-02,-2.148744910955429077e-01
-5.086267367005348206e-02,5.835827440023422241e-02,-2.153056263923645020e-01
-5.086267367005348206e-02,5.835827440023422241e-02,-2.153056263923645020e-01
-5.074402689933776855e-02,5.843670666217803955e-02,-2.157376557588577271e-01
-5.074402689933776855e-02,5.843670666217803955e-02,-2.157376557588577271e-01
-5.062434077262878418e-02,5.851449444890022278e-02,-2.161705940961837769e-01
-5.062434077262878418e-02,5.851449444890022278e-02,-2.161705940961837769e-01
-5.050362646579742432e-02,5.859163776040077209e-02,-2.166043967008590698e-01
-5.050362646579742432e-02,5.859163776040077209e-02,-2.166043967008590698e-01
-5.038187652826309204e-02,5.866812169551849365e-02,-2.170390933752059937e-01
-5.038187652826309204e-02,5.866812169551849365e-02,-2.170390933752059937e-01
-5.025908350944519043e-02,5.874396860599517822e-02,-2.174747139215469360e-01
-5.025908350944519043e-02,5.874396860599517822e-02,-2.174747139215469360e-01
-5.013525485992431641e-02,5.881914868950843811e-02,-2.179112136363983154e-01
-5.013525485992431641e-02,5.881914868950843811e-02,-2.179112136363983154e-01
-5.001038685441017151e-02,5.889367312192916870e-02,-2.183486074209213257e-01
-5.001038685441017151e-02,5.889367312192916870e-02,-2.183486074209213257e-01
-4.988447204232215881e-02,5.896753817796707153e-02,-2.187869101762771606e-01
-4.988447204232215881e-02,5.896753817796707153e-02,-2.187869101762771606e-01
-4.975751042366027832e-02,5.904074013233184814e-02,-2.192261517047882080e-01
-4.975751042366027832e-02,5.904074013233184814e-02,-2.192261517047882080e-01
-4.962948709726333618e-02,5.911327153444290161e-02,-2.196662425994873047e-01
-4.962948709726333618e-02,5.911327153444290161e-02,-2.196662425994873047e-01
-4.950042441487312317e-02,5.918513610959053040e-02,-2.201072722673416138e-01
-4.950042441487312317e-02,5.918513610959053040e-02,-2.201072722673416138e-01
-4.937028884887695312e-02,5.925632268190383911e-02,-2.205492109060287476e-01
-4.937028884887695312e-02,5.925632268190383911e-02,-2.205492109060287476e-01
-4.923910275101661682e-02,5.932683870196342468e-02,-2.209920734167098999e-01
-4.923910275101661682e-02,5.932683870196342468e-02,-2.209920734167098999e-01
-4.910685867071151733e-02,5.939667671918869019e-02,-2.214358150959014893e-01
-4.910685867071151733e-02,5.939667671918869019e-02,-2.214358150959014893e-01
-4.897354543209075928e-02,5.946583300828933716e-02,-2.218804955482482910e-01
-4.897354543209075928e-02,5.946583300828933716e-02,-2.218804955482482910e-01
-4.883917048573493958e-02,5.953430756926536560e-02,-2.223261147737503052e-01
-4.883917048573493958e-02,5.953430756926536560e-02,-2.223261147737503052e-01
-4.870372265577316284e-02,5.960209295153617859e-02,-2.227726429700851440e-01
-4.870372265577316284e-02,5.960209295153617859e-02,-2.227726429700851440e-01
-4.856720194220542908e-02,5.966918170452117920e-02,-2.232200950384140015e-01
-4.856720194220542908e-02,5.966918170452117920e-02,-2.232200950384140015e-01
-4.842960461974143982e-02,5.973558500409126282e-02,-2.236684560775756836e-01
-4.842960461974143982e-02,5.973558500409126282e-02,-2.236684560775756836e-01
-4.829093068838119507e-02,5.980129167437553406e-02,-2.241177558898925781e-01
-4.829093068838119507e-02,5.980129167437553406e-02,-2.241177558898925781e-01
-4.815118014812469482e-02,5.986630544066429138e-02,-2.245679944753646851e-01
-4.815118014812469482e-02,5.986630544066429138e-02,-2.245679944753646851e-01
-4.801034182310104370e-02,5.993061140179634094e-02,-2.250191569328308105e-01
-4.801034182310104370e-02,5.993061140179634094e-02,-2.250191569328308105e-01
-4.786841571331024170e-02,5.999420955777168274e-02,-2.254712432622909546e-01
-4.786841571331024170e-02,5.999420955777168274e-02,-2.254712432622909546e-01
-4.772539809346199036e-02,6.005710363388061523e-02,-2.259242832660675049e-01
-4.772539809346199036e-02,6.005710363388061523e-02,-2.259242832660675049e-01
-4.758130013942718506e-02,6.011928617954254150e-02,-2.263782620429992676e-01
-4.758130013942718506e-02,6.011928617954254150e-02,-2.263782620429992676e-01
-4.743609577417373657e-02,6.018075346946716309e-02,-2.268331795930862427e-01
-4.743609577417373657e-02,6.018075346946716309e-02,-2.268331795930862427e-01
-4.728980734944343567e-02,6.024150922894477844e-02,-2.272890210151672363e-01
-4.728980734944343567e-02,6.024150922894477844e-02,-2.272890210151672363e-01
-4.714240878820419312e-02,6.030154228210449219e-02,-2.277458012104034424e-01
-4.714240878820419312e-02,6.030154228210449219e-02,-2.277458012104034424e-01
-4.699391499161720276e-02,6.036085635423660278e-02,-2.282035499811172485e-01
-4.699391499161720276e-02,6.036085635423660278e-02,-2.282035499811172485e-01
-4.684431850910186768e-02,6.041944772005081177e-02,-2.286622524261474609e-01
-4.684431850910186768e-02,6.041944772005081177e-02,-2.286622524261474609e-01
-4.669361189007759094e-02,6.047730147838592529e-02,-2.291218638420104980e-01
-4.669361189007759094e-02,6.047730147838592529e-02,-2.291218638420104980e-01
-4.654179513454437256e-02,6.053443625569343567e-02,-2.295824736356735229e-01
-4.654179513454437256e-02,6.053443625569343567e-02,-2.295824736356735229e-01
-4.638886451721191406e-02,6.059083715081214905e-02,-2.300440371036529541e-01
-4.638886451721191406e-02,6.059083715081214905e-02,-2.300440371036529541e-01
-4.623481631278991699e-02,6.064649298787117004e-02,-2.305065095424652100e-01
-4.623481631278991699e-02,6.064649298787117004e-02,-2.305065095424652100e-01
-4.607965052127838135e-02,6.070141494274139404e-02,-2.309699654579162598e-01
-4.607965052127838135e-02,6.070141494274139404e-02,-2.309699654579162598e-01
-4.592336714267730713e-02,6.075559183955192566e-02,-2.314344197511672974e-01
-4.592336714267730713e-02,6.075559183955192566e-02,-2.314344197511672974e-01
-4.576595872640609741e-02,6.080901995301246643e-02,-2.318997979164123535e-01
-4.576595872640609741e-02,6.080901995301246643e-02,-2.318997979164123535e-01
-4.560742154717445374e-02,6.086170300841331482e-02,-2.323661297559738159e-01
-4.560742154717445374e-02,6.086170300841331482e-02,-2.323661297559738159e-01
-4.544775933027267456e-02,6.091364100575447083e-02,-2.328334748744964600e-01
-4.544775933027267456e-02,6.091364100575447083e-02,-2.328334748744964600e-01
-4.528696089982986450e-02,6.096482276916503906e-02,-2.333017438650131226e-01
-4.528696089982986450e-02,6.096482276916503906e-02,-2.333017438650131226e-01
-4.512502998113632202e-02,6.101524829864501953e-02,-2.337709963321685791e-01
-4.512502998113632202e-02,6.101524829864501953e-02,-2.337709963321685791e-01
-4.496196284890174866e-02,6.106491386890411377e-02,-2.342412471771240234e-01
-4.496196284890174866e-02,6.106491386890411377e-02,-2.342412471771240234e-01
-4.479775950312614441e-02,6.111380457878112793e-02,-2.347124367952346802e-01
-4.479775950312614441e-02,6.111380457878112793e-02,-2.347124367952346802e-01
-4.463240504264831543e-02,6.116194278001785278e-02,-2.351846098899841309e-01
-4.463240504264831543e-02,6.116194278001785278e-02,-2.351846098899841309e-01
-4.446591436862945557e-02,6.120930984616279602e-02,-2.356577962636947632e-01
-4.446591436862945557e-02,6.120930984616279602e-02,-2.356577962636947632e-01
-4.429827257990837097e-02,6.125590577721595764e-02,-2.361319214105606079e-01
-4.429827257990837097e-02,6.125590577721595764e-02,-2.361319214105606079e-01
-4.412947595119476318e-02,6.130172312259674072e-02,-2.366070449352264404e-01
-4.412947595119476318e-02,6.130172312259674072e-02,-2.366070449352264404e-01
-4.395953193306922913e-02,6.134676933288574219e-02,-2.370831668376922607e-01
-4.395953193306922913e-02,6.134676933288574219e-02,-2.370831668376922607e-01
-4.378842934966087341e-02,6.139102950692176819e-02,-2.375602871179580688e-01
-4.378842934966087341e-02,6.139102950692176819e-02,-2.375602871179580688e-01
-4.361617192625999451e-02,6.143451482057571411e-02,-2.380383759737014771e-01
-4.361617192625999451e-02,6.143451482057571411e-02,-2.380383759737014771e-01
-4.344274848699569702e-02,6.147720664739608765e-02,-2.385174632072448730e-01
-4.344274848699569702e-02,6.147720664739608765e-02,-2.385174632072448730e-01
-4.326816275715827942e-02,6.151911616325378418e-02,-2.389975339174270630e-01
-4.326816275715827942e-02,6.151911616325378418e-02,-2.389975339174270630e-01
-4.309241101145744324e-02,6.156023219227790833e-02,-2.394786030054092407e-01
-4.309241101145744324e-02,6.156023219227790833e-02,-2.394786030054092407e-01
-4.291548952460289001e-02,6.160055100917816162e-02,-2.399607002735137939e-01
-4.291548952460289001e-02,6.160055100917816162e-02,-2.399607002735137939e-01
-4.273739829659461975e-02,6.164007633924484253e-02,-2.404437363147735596e-01
-4.273739829659461975e-02,6.164007633924484253e-02,-2.404437363147735596e-01
-4.255812987685203552e-02,6.167879700660705566e-02,-2.409278005361557007e-01
-4.255812987685203552e-02,6.167879700660705566e-02,-2.409278005361557007e-01
-4.237768054008483887e-02,6.171671301126480103e-02,-2.414128780364990234e-01
-4.237768054008483887e-02,6.171671301126480103e-02,-2.414128780364990234e-01
-4.219605401158332825e-02,6.175382807850837708e-02,-2.418989837169647217e-01
-4.219605401158332825e-02,6.175382807850837708e-02,-2.418989837169647217e-01
-4.201324656605720520e-02,6.179012730717658997e-02,-2.423860579729080200e-01
-4.201324656605720520e-02,6.179012730717658997e-02,-2.423860579729080200e-01
-4.182925820350646973e-02,6.182561814785003662e-02,-2.428741604089736938e-01
-4.182925820350646973e-02,6.182561814785003662e-02,-2.428741604089736938e-01
-4.164407402276992798e-02,6.186030060052871704e-02,-2.433632761240005493e-01
-4.164407402276992798e-02,6.186030060052871704e-02,-2.433632761240005493e-01
-4.145770147442817688e-02,6.189415976405143738e-02,-2.438534349203109741e-01
-4.145770147442817688e-02,6.189415976405143738e-02,-2.438534349203109741e-01
-4.127013310790061951e-02,6.192719563841819763e-02,-2.443445473909378052e-01
-4.127013310790061951e-02,6.192719563841819763e-02,-2.443445473909378052e-01
-4.108137264847755432e-02,6.195941194891929626e-02,-2.448367029428482056e-01
-4.108137264847755432e-02,6.195941194891929626e-02,-2.448367029428482056e-01
-4.089141264557838440e-02,6.199079751968383789e-02,-2.453299015760421753e-01
-4.089141264557838440e-02,6.199079751968383789e-02,-2.453299015760421753e-01
-4.070024937391281128e-02,6.202135607600212097e-02,-2.458240985870361328e-01
-4.070024937391281128e-02,6.202135607600212097e-02,-2.458240985870361328e-01
-4.050788283348083496e-02,6.205108016729354858e-02,-2.463193386793136597e-01
-4.050788283348083496e-02,6.205108016729354858e-02,-2.463193386793136597e-01
-4.031430929899215698e-02,6.207997351884841919e-02,-2.468156069517135620e-01
-4.031430929899215698e-02,6.207997351884841919e-02,-2.468156069517135620e-01
-4.011952131986618042e-02,6.210802868008613586e-02,-2.473128885030746460e-01
-4.011952131986618042e-02,6.210802868008613586e-02,-2.473128885030746460e-01
-3.992352634668350220e-02,6.213524192571640015e-02,-2.478112131357192993e-01
-3.992352634668350220e-02,6.213524192571640015e-02,-2.478112131357192993e-01
-3.972631692886352539e-02,6.216160953044891357e-02,-2.483105659484863281e-01
-3.972631692886352539e-02,6.216160953044891357e-02,-2.483105659484863281e-01
-3.952788934111595154e-02,6.218713149428367615e-02,-2.488109469413757324e-01
-3.952788934111595154e-02,6.218713149428367615e-02,-2.488109469413757324e-01
-3.932823613286018372e-02,6.221180036664009094e-02,-2.493123710155487061e-01
-3.932823613286018372e-02,6.221180036664009094e-02,-2.493123710155487061e-01
-3.912737220525741577e-02,6.223561987280845642e-02,-2.498148530721664429e-01
-3.912737220525741577e-02,6.223561987280845642e-02,-2.498148530721664429e-01
-3.892526775598526001e-02,6.225858628749847412e-02,-2.503183484077453613e-01
-3.892526775598526001e-02,6.225858628749847412e-02,-2.503183484077453613e-01
-3.872194141149520874e-02,6.228068843483924866e-02,-2.508229017257690430e-01
-3.872194141149520874e-02,6.228068843483924866e-02,-2.508229017257690430e-01
-3.851738572120666504e-02,6.230193004012107849e-02,-2.513284683227539062e-01
-3.851738572120666504e-02,6.230193004012107849e-02,-2.513284683227539062e-01
-3.831159695982933044e-02,6.232230737805366516e-02,-2.518351376056671143e-01
-3.831159695982933044e-02,6.232230737805366516e-02,-2.518351376056671143e-01
-3.810456767678260803e-02,6.234182417392730713e-02,-2.523428499698638916e-01
-3.810456767678260803e-02,6.234182417392730713e-02,-2.523428499698638916e-01
-3.789630159735679626e-02,6.236046552658081055e-02,-2.528515756130218506e-01
-3.789630159735679626e-02,6.236046552658081055e-02,-2.528515756130218506e-01
-3.768678382039070129e-02,6.237823516130447388e-02,-2.533613741397857666e-01
-3.768678382039070129e-02,6.237823516130447388e-02,-2.533613741397857666e-01
-3.747603669762611389e-02,6.239512562751770020e-02,-2.538722157478332520e-01
-3.747603669762611389e-02,6.239512562751770020e-02,-2.538722157478332520e-01
-3.726403415203094482e-02,6.241114065051078796e-02,-2.543841302394866943e-01
-3.726403415203094482e-02,6.241114065051078796e-02,-2.543841302394866943e-01
-3.705078363418579102e-02,6.242627277970314026e-02,-2.548971176147460938e-01
-3.705078363418579102e-02,6.242627277970314026e-02,-2.548971176147460938e-01
-3.683628141880035400e-02,6.244051828980445862e-02,-2.554111480712890625e-01
-3.683628141880035400e-02,6.244051828980445862e-02,-2.554111480712890625e-01
-3.662052005529403687e-02,6.245387718081474304e-02,-2.559262216091156006e-01
-3.662052005529403687e-02,6.245387718081474304e-02,-2.559262216091156006e-01
-3.640350326895713806e-02,6.246635690331459045e-02,-2.564424276351928711e-01
-3.640350326895713806e-02,6.246635690331459045e-02,-2.564424276351928711e-01
-3.618522360920906067e-02,6.247792392969131470e-02,-2.569596469402313232e-01
-3.618522360920906067e-02,6.247792392969131470e-02,-2.569596469402313232e-01
-3.596568480134010315e-02,6.248860806226730347e-02,-2.574779391288757324e-01
-3.596568480134010315e-02,6.248860806226730347e-02,-2.574779391288757324e-01
-3.574487939476966858e-02,6.249838694930076599e-02,-2.579973340034484863e-01
-3.574487939476966858e-02,6.249838694930076599e-02,-2.579973340034484863e-01
-3.552279993891716003e-02,6.250726431608200073e-02,-2.585177719593048096e-01
-3.552279993891716003e-02,6.250726431608200073e-02,-2.585177719593048096e-01
-3.529945388436317444e-02,6.251523643732070923e-02,-2.590392827987670898e-01
-3.529945388436317444e-02,6.251523643732070923e-02,-2.590392827987670898e-01
-3.507483005523681641e-02,6.252231448888778687e-02,-2.595619261264801025e-01
-3.507483005523681641e-02,6.252231448888778687e-02,-2.595619261264801025e-01
-3.484893590211868286e-02,6.252846866846084595e-02,-2.600855827331542969e-01
-3.484893590211868286e-02,6.252846866846084595e-02,-2.600855827331542969e-01
-3.462175652384757996e-02,6.253370642662048340e-02,-2.606103420257568359e-01
-3.462175652384757996e-02,6.253370642662048340e-02,-2.606103420257568359e-01
-3.439329192042350769e-02,6.253802776336669922e-02,-2.611362040042877197e-01
-3.439329192042350769e-02,6.253802776336669922e-02,-2.611362040042877197e-01
-3.416354954242706299e-02,6.254144012928009033e-02,-2.616631388664245605e-01
-3.416354954242706299e-02,6.254144012928009033e-02,-2.616631388664245605e-01
-3.393251821398735046e-02,6.254392117261886597e-02,-2.621911764144897461e-01
-3.393251821398735046e-02,6.254392117261886597e-02,-2.621911764144897461e-01
-3.370019420981407166e-02,6.254547834396362305e-02,-2.627203166484832764e-01
-3.370019420981407166e-02,6.254547834396362305e-02,-2.627203166484832764e-01
-3.346657752990722656e-02,6.254611164331436157e-02,-2.632505297660827637e-01
-3.346657752990722656e-02,6.254611164331436157e-02,-2.632505297660827637e-01
-3.323166444897651672e-02,6.254580616950988770e-02,-2.637818455696105957e-01
-3.323166444897651672e-02,6.254580616950988770e-02,-2.637818455696105957e-01
-3.299545869231224060e-02,6.254457682371139526e-02,-2.643142640590667725e-01
-3.299545869231224060e-02,6.254457682371139526e-02,-2.643142640590667725e-01
-3.275794535875320435e-02,6.254240125417709351e-02,-2.648477256298065186e-01
-3.275794535875320435e-02,6.254240125417709351e-02,-2.648477256298065186e-01
-3.251912444829940796e-02,6.253928691148757935e-02,-2.653823792934417725e-01
-3.251912444829940796e-02,6.253928691148757935e-02,-2.653823792934417725e-01
-3.227900713682174683e-02,6.253523379564285278e-02,-2.659180462360382080e-01
-3.227900713682174683e-02,6.253523379564285278e-02,-2.659180462360382080e-01
-3.203757479786872864e-02,6.253023445606231689e-02,-2.664549052715301514e-01
-3.203757479786872864e-02,6.253023445606231689e-02,-2.664549052715301514e-01
-3.179483115673065186e-02,6.252428144216537476e-02,-2.669928073883056641e-01
-3.179483115673065186e-02,6.252428144216537476e-02,-2.669928073883056641e-01
-3.155077621340751648e-02,6.251738220453262329e-02,-2.675318419933319092e-01
-3.155077621340751648e-02,6.251738220453262329e-02,-2.675318419933319092e-01
-3.130539879202842712e-02,6.250952929258346558e-02,-2.680719792842864990e-01
-3.130539879202842712e-02,6.250952929258346558e-02,-2.680719792842864990e-01
-3.105870820581912994e-02,6.250072270631790161e-02,-2.686132490634918213e-01
-3.105870820581912994e-02,6.250072270631790161e-02,-2.686132490634918213e-01
-3.081069141626358032e-02,6.249094754457473755e-02,-2.691556513309478760e-01
-3.081069141626358032e-02,6.249094754457473755e-02,-2.691556513309478760e-01
-3.056134842336177826e-02,6.248021125793457031e-02,-2.696991264820098877e-01
-3.056134842336177826e-02,6.248021125793457031e-02,-2.696991264820098877e-01
-3.031067736446857452e-02,6.246851012110710144e-02,-2.702437341213226318e-01
-3.031067736446857452e-02,6.246851012110710144e-02,-2.702437341213226318e-01
-3.005867637693881989e-02,6.245584413409233093e-02,-2.707894742488861084e-01
-3.005867637693881989e-02,6.245584413409233093e-02,-2.707894742488861084e-01
-2.980534173548221588e-02,6.244220212101936340e-02,-2.713363468647003174e-01
-2.980534173548221588e-02,6.244220212101936340e-02,-2.713363468647003174e-01
-2.955067157745361328e-02,6.242758408188819885e-02,-2.718843221664428711e-01
-2.955067157745361328e-02,6.242758408188819885e-02,-2.718843221664428711e-01
-2.929466217756271362e-02,6.241199746727943420e-02,-2.724334299564361572e-01
-2.929466217756271362e-02,6.241199746727943420e-02,-2.724334299564361572e-01
-2.903731539845466614e-02,6.239542365074157715e-02,-2.729837000370025635e-01
-2.903731539845466614e-02,6.239542365074157715e-02,-2.729837000370025635e-01
-2.877862006425857544e-02,6.237786263227462769e-02,-2.735350728034973145e-01
-2.877862006425857544e-02,6.237786263227462769e-02,-2.735350728034973145e-01
-2.851857990026473999e-02,6.235931813716888428e-02,-2.740875780582427979e-01
-2.851857990026473999e-02,6.235931813716888428e-02,-2.740875780582427979e-01
-2.825718745589256287e-02,6.233978271484375000e-02,-2.746412456035614014e-01
-2.825718745589256287e-02,6.233978271484375000e-02,-2.746412456035614014e-01
-2.799444459378719330e-02,6.231926009058952332e-02,-2.751960158348083496e-01
-2.799444459378719330e-02,6.231926009058952332e-02,-2.751960158348083496e-01
-2.773034758865833282e-02,6.229774281382560730e-02,-2.757519483566284180e-01
-2.773034758865833282e-02,6.229774281382560730e-02,-2.757519483566284180e-01
-2.746489085257053375e-02,6.227522343397140503e-02,-2.763090133666992188e-01
-2.746489085257053375e-02,6.227522343397140503e-02,-2.763090133666992188e-01
-2.719807624816894531e-02,6.225170567631721497e-02,-2.768672406673431396e-01
-2.719807624816894531e-02,6.225170567631721497e-02,-2.768672406673431396e-01
-2.692989818751811981e-02,6.222718209028244019e-02,-2.774266004562377930e-01
-2.692989818751811981e-02,6.222718209028244019e-02,-2.774266004562377930e-01
-2.666035294532775879e-02,6.220165267586708069e-02,-2.779871225357055664e-01
-2.666035294532775879e-02,6.220165267586708069e-02,-2.779871225357055664e-01
-2.638944052159786224e-02,6.217511743307113647e-02,-2.785487771034240723e-01
-2.638944052159786224e-02,6.217511743307113647e-02,-2.785487771034240723e-01
-2.611715905368328094e-02,6.214756518602371216e-02,-2.791115939617156982e-01
-2.611715905368328094e-02,6.214756518602371216e-02,-2.791115939617156982e-01
-2.584350295364856720e-02,6.211899593472480774e-02,-2.796755731105804443e-01
-2.584350295364856720e-02,6.211899593472480774e-02,-2.796755731105804443e-01
-2.556846849620342255e-02,6.208941712975502014e-02,-2.802407145500183105e-01
-2.556846849620342255e-02,6.208941712975502014e-02,-2.802407145500183105e-01
-2.529205754399299622e-02,6.205881014466285706e-02,-2.808069884777069092e-01
-2.529205754399299622e-02,6.205881014466285706e-02,-2.808069884777069092e-01
-2.501425892114639282e-02,6.202717497944831848e-02,-2.813744246959686279e-01
-2.501425892114639282e-02,6.202717497944831848e-02,-2.813744246959686279e-01
-2.473508380353450775e-02,6.199452280998229980e-02,-2.819430530071258545e-01
-2.473508380353450775e-02,6.199452280998229980e-02,-2.819430530071258545e-01
-2.445451728999614716e-02,6.196083500981330872e-02,-2.825128436088562012e-01
-2.445451728999614716e-02,6.196083500981330872e-02,-2.825128436088562012e-01
-2.417255938053131104e-02,6.192611530423164368e-02,-2.830837965011596680e-01
-2.417255938053131104e-02,6.192611530423164368e-02,-2.830837965011596680e-01
-2.388921380043029785e-02,6.189036369323730469e-02,-2.836559116840362549e-01
-2.388921380043029785e-02,6.189036369323730469e-02,-2.836559116840362549e-01
-2.360446937382221222e-02,6.185357272624969482e-02,-2.842291891574859619e-01
-2.360446937382221222e-02,6.185357272624969482e-02,-2.842291891574859619e-01
-2.331832982599735260e-02,6.181573495268821716e-02,-2.848036289215087891e-01
-2.331832982599735260e-02,6.181573495268821716e-02,-2.848036289215087891e-01
-2.303078770637512207e-02,6.177685409784317017e-02,-2.853792905807495117e-01
-2.303078770637512207e-02,6.177685409784317017e-02,-2.853792905807495117e-01
-2.274184301495552063e-02,6.173693388700485229e-02,-2.859561145305633545e-01
-2.274184301495552063e-02,6.173693388700485229e-02,-2.859561145305633545e-01
-2.245149202644824982e-02,6.169595569372177124e-02,-2.865341007709503174e-01
-2.245149202644824982e-02,6.169595569372177124e-02,-2.865341007709503174e-01
-2.215973287820816040e-02,6.165392696857452393e-02,-2.871133089065551758e-01
-2.215973287820816040e-02,6.165392696857452393e-02,-2.871133089065551758e-01
-2.186656184494495392e-02,6.161084026098251343e-02,-2.876936793327331543e-01
-2.186656184494495392e-02,6.161084026098251343e-02,-2.876936793327331543e-01
-2.157197706401348114e-02,6.156669184565544128e-02,-2.882752120494842529e-01
-2.157197706401348114e-02,6.156669184565544128e-02,-2.882752120494842529e-01
-2.127597481012344360e-02,6.152148917317390442e-02,-2.888579368591308594e-01
-2.127597481012344360e-02,6.152148917317390442e-02,-2.888579368591308594e-01
-2.097855322062969208e-02,6.147521361708641052e-02,-2.894418835639953613e-01
-2.097855322062969208e-02,6.147521361708641052e-02,-2.894418835639953613e-01
-2.067971043288707733e-02,6.142788007855415344e-02,-2.900269925594329834e-01
-2.067971043288707733e-02,6.142788007855415344e-02,-2.900269925594329834e-01
-2.037944272160530090e-02,6.137946993112564087e-02,-2.906133234500885010e-01
-2.037944272160530090e-02,6.137946993112564087e-02,-2.906133234500885010e-01
-2.007774822413921356e-02,6.132998690009117126e-02,-2.912008166313171387e-01
-2.007774822413921356e-02,6.132998690009117126e-02,-2.912008166313171387e-01
-1.977462321519851685e-02,6.127942726016044617e-02,-2.917895317077636719e-01
-1.977462321519851685e-02,6.127942726016044617e-02,-2.917895317077636719e-01
-1.947006396949291229e-02,6.122779101133346558e-02,-2.923794388771057129e-01
-1.947006396949291229e-02,6.122779101133346558e-02,-2.923794388771057129e-01
-1.916407048702239990e-02,6.117507070302963257e-02,-2.929705381393432617e-01
-1.916407048702239990e-02,6.117507070302963257e-02,-2.929705381393432617e-01
-1.885663717985153198e-02,6.112126633524894714e-02,-2.935628592967987061e-01
-1.885663717985153198e-02,6.112126633524894714e-02,-2.935628592967987061e-01
-1.854776404798030853e-02,6.106637418270111084e-02,-2.941564321517944336e-01
-1.854776404798030853e-02,6.106637418270111084e-02,-2.941564321517944336e-01
-1.823744736611843109e-02,6.101039424538612366e-02,-2.947511672973632812e-01
-1.823744736611843109e-02,6.101039424538612366e-02,-2.947511672973632812e-01
-1.792568527162075043e-02,6.095331162214279175e-02,-2.953470945358276367e-01
-1.792568527162075043e-02,6.095331162214279175e-02,-2.953470945358276367e-01
4.211978986859321594e-02,6.796900182962417603e-02,4.841233789920806885e-02
4.211978986859321594e-02,6.796900182962417603e-02,4.841233789920806885e-02
4.185558855533599854e-02,6.726019084453582764e-02,4.845204204320907593e-02
4.185558855533599854e-02,6.726019084453582764e-02,4.845204204320907593e-02
4.159164428710937500e-02,6.655322760343551636e-02,4.849179834127426147e-02
4.159164428710937500e-02,6.655322760343551636e-02,4.849179834127426147e-02
4.132795706391334534e-02,6.584810465574264526e-02,4.853161424398422241e-02
4.132795706391334534e-02,6.584810465574264526e-02,4.853161424398422241e-02
4.106453806161880493e-02,6.514481455087661743e-02,4.857148230075836182e-02
4.106453806161880493e-02,6.514481455087661743e-02,4.857148230075836182e-02
4.080136865377426147e-02,6.444336473941802979e-02,4.861140623688697815e-02
4.080136865377426147e-02,6.444336473941802979e-02,4.861140623688697815e-02
4.053847491741180420e-02,6.374373286962509155e-02,4.865138232707977295e-02
4.053847491741180420e-02,6.374373286962509155e-02,4.865138232707977295e-02
4.027583450078964233e-02,6.304593384265899658e-02,4.869142174720764160e-02
4.027583450078964233e-02,6.304593384265899658e-02,4.869142174720764160e-02
4.001346230506896973e-02,6.234996020793914795e-02,4.873150959610939026e-02
4.001346230506896973e-02,6.234996020793914795e-02,4.873150959610939026e-02
3.975136205554008484e-02,6.165580824017524719e-02,4.877166077494621277e-02
3.975136205554008484e-02,6.165580824017524719e-02,4.877166077494621277e-02
3.948952257633209229e-02,6.096346676349639893e-02,4.881185293197631836e-02
3.948952257633209229e-02,6.096346676349639893e-02,4.881185293197631836e-02
3.922795131802558899e-02,6.027293950319290161e-02,4.885211214423179626e-02
3.922795131802558899e-02,6.027293950319290161e-02,4.885211214423179626e-02
3.896663710474967957e-02,5.958421900868415833e-02,4.889242351055145264e-02
3.896663710474967957e-02,5.958421900868415833e-02,4.889242351055145264e-02
3.870560973882675171e-02,5.889730527997016907e-02,4.893278330564498901e-02
3.870560973882675171e-02,5.889730527997016907e-02,4.893278330564498901e-02
3.844484314322471619e-02,5.821219086647033691e-02,4.897319898009300232e-02
3.844484314322471619e-02,5.821219086647033691e-02,4.897319898009300232e-02
3.818435221910476685e-02,5.752887204289436340e-02,4.901367053389549255e-02
3.818435221910476685e-02,5.752887204289436340e-02,4.901367053389549255e-02
3.792412579059600830e-02,5.684735625982284546e-02,4.905419424176216125e-02
3.792412579059600830e-02,5.684735625982284546e-02,4.905419424176216125e-02
3.766417503356933594e-02,5.616761744022369385e-02,4.909477010369300842e-02
3.766417503356933594e-02,5.616761744022369385e-02,4.909477010369300842e-02
3.740449622273445129e-02,5.548967421054840088e-02,4.913540184497833252e-02
3.740449622273445129e-02,5.548967421054840088e-02,4.913540184497833252e-02
3.714509680867195129e-02,5.481351166963577271e-02,4.917608201503753662e-02
3.714509680867195129e-02,5.481351166963577271e-02,4.917608201503753662e-02
3.688596934080123901e-02,5.413911864161491394e-02,4.921682551503181458e-02
3.688596934080123901e-02,5.413911864161491394e-02,4.921682551503181458e-02
3.662711754441261292e-02,5.346652120351791382e-02,4.925761371850967407e-02
3.662711754441261292e-02,5.346652120351791382e-02,4.925761371850967407e-02
3.636855632066726685e-02,5.279568582773208618e-02,4.929845407605171204e-02
3.636855632066726685e-02,5.279568582773208618e-02,4.929845407605171204e-02
3.611025214195251465e-02,5.212661996483802795e-02,4.933935031294822693e-02
3.611025214195251465e-02,5.212661996483802795e-02,4.933935031294822693e-02
3.585223853588104248e-02,5.145931243896484375e-02,4.938029497861862183e-02
3.585223853588104248e-02,5.145931243896484375e-02,4.938029497861862183e-02
3.559450060129165649e-02,5.079377442598342896e-02,4.942129552364349365e-02
3.559450060129165649e-02,5.079377442598342896e-02,4.942129552364349365e-02
3.533704951405525208e-02,5.012998357415199280e-02,4.946234077215194702e-02
3.533704951405525208e-02,5.012998357415199280e-02,4.946234077215194702e-02
3.507987782359123230e-02,4.946796223521232605e-02,4.950344562530517578e-02
3.507987782359123230e-02,4.946796223521232605e-02,4.950344562530517578e-02
3.482299298048019409e-02,4.880768060684204102e-02,4.954459890723228455e-02
3.482299298048019409e-02,4.880768060684204102e-02,4.954459890723228455e-02
3.456638753414154053e-02,4.814914241433143616e-02,4.958580061793327332e-02
3.456638753414154053e-02,4.814914241433143616e-02,4.958580061793327332e-02
3.431006148457527161e-02,4.749235883355140686e-02,4.962705820798873901e-02
3.431006148457527161e-02,4.749235883355140686e-02,4.962705820798873901e-02
3.405402973294258118e-02,4.683731123805046082e-02,4.966836422681808472e-02
3.405402973294258118e-02,4.683731123805046082e-02,4.966836422681808472e-02
3.379827737808227539e-02,4.618399217724800110e-02,4.970972239971160889e-02
3.379827737808227539e-02,4.618399217724800110e-02,4.970972239971160889e-02
3.354281932115554810e-02,4.553241655230522156e-02,4.975112527608871460e-02
3.354281932115554810e-02,4.553241655230522156e-02,4.975112527608871460e-02
3.328764811158180237e-02,4.488255828619003296e-02,4.979258030652999878e-02
3.328764811158180237e-02,4.488255828619003296e-02,4.979258030652999878e-02
3.303276002407073975e-02,4.423442482948303223e-02,4.983408749103546143e-02
3.303276002407073975e-02,4.423442482948303223e-02,4.983408749103546143e-02
3.277816995978355408e-02,4.358802363276481628e-02,4.987564682960510254e-02
3.277816995978355408e-02,4.358802363276481628e-02,4.987564682960510254e-02
3.252386674284934998e-02,4.294332489371299744e-02,4.991725087165832520e-02
3.252386674284934998e-02,4.294332489371299744e-02,4.991725087165832520e-02
3.226985409855842590e-02,4.230035468935966492e-02,4.995890334248542786e-02
3.226985409855842590e-02,4.230035468935966492e-02,4.995890334248542786e-02
3.201613947749137878e-02,4.165909811854362488e-02,5.000061169266700745e-02
3.201613947749137878e-02,4.165909811854362488e-02,5.000061169266700745e-02
3.176271542906761169e-02,4.101953282952308655e-02,5.004236847162246704e-02
3.176271542906761169e-02,4.101953282952308655e-02,5.004236847162246704e-02
3.150959312915802002e-02,4.038168117403984070e-02,5.008417367935180664e-02
3.150959312915802002e-02,4.038168117403984070e-02,5.008417367935180664e-02
3.125675395131111145e-02,3.974552080035209656e-02,5.012602359056472778e-02
3.125675395131111145e-02,3.974552080035209656e-02,5.012602359056472778e-02
3.100421838462352753e-02,3.911105915904045105e-02,5.016792193055152893e-02
3.100421838462352753e-02,3.911105915904045105e-02,5.016792193055152893e-02
3.075197711586952209e-02,3.847829252481460571e-02,5.020987614989280701e-02
3.075197711586952209e-02,3.847829252481460571e-02,5.020987614989280701e-02
3.050004132091999054e-02,3.784721717238426208e-02,5.025187134742736816e-02
3.050004132091999054e-02,3.784721717238426208e-02,5.025187134742736816e-02
3.024840168654918671e-02,3.721783310174942017e-02,5.029391869902610779e-02
3.024840168654918671e-02,3.721783310174942017e-02,5.029391869902610779e-02
2.999705821275711060e-02,3.659011051058769226e-02,5.033601075410842896e-02
2.999705821275711060e-02,3.659011051058769226e-02,5.033601075410842896e-02
2.974602393805980682e-02,3.596407920122146606e-02,5.037815496325492859e-02
2.974602393805980682e-02,3.596407920122146606e-02,5.037815496325492859e-02
2.949528023600578308e-02,3.533971682190895081e-02,5.042034015059471130e-02
2.949528023600578308e-02,3.533971682190895081e-02,5.042034015059471130e-02
2.924485132098197937e-02,3.471703082323074341e-02,5.046257749199867249e-02
2.924485132098197937e-02,3.471703082323074341e-02,5.046257749199867249e-02
2.899471670389175415e-02,3.409600630402565002e-02,5.050486326217651367e-02
2.899471670389175415e-02,3.409600630402565002e-02,5.050486326217651367e-02
2.874489501118659973e-02,3.347664698958396912e-02,5.054719001054763794e-02
2.874489501118659973e-02,3.347664698958396912e-02,5.054719001054763794e-02
2.849537692964076996e-02,3.285894915461540222e-02,5.058956891298294067e-02
2.849537692964076996e-02,3.285894915461540222e-02,5.058956891298294067e-02
2.824616245925426483e-02,3.224290534853935242e-02,5.063198879361152649e-02
2.824616245925426483e-02,3.224290534853935242e-02,5.063198879361152649e-02
2.799725718796253204e-02,3.162851184606552124e-02,5.067445710301399231e-02
2.799725718796253204e-02,3.162851184606552124e-02,5.067445710301399231e-02
2.774866111576557159e-02,3.101576864719390869e-02,5.071697384119033813e-02
2.774866111576557159e-02,3.101576864719390869e-02,5.071697384119033813e-02
2.750037610530853271e-02,3.040467388927936554e-02,5.075953900814056396e-02
2.750037610530853271e-02,3.040467388927936554e-02,5.075953900814056396e-02
2.725240215659141541e-02,2.979522570967674255e-02,5.080214142799377441e-02
2.725240215659141541e-02,2.979522570967674255e-02,5.080214142799377441e-02
2.700473554432392120e-02,2.918740361928939819e-02,5.084480345249176025e-02
2.700473554432392120e-02,2.918740361928939819e-02,5.084480345249176025e-02
2.675738371908664703e-02,2.858121693134307861e-02,5.088749900460243225e-02
2.675738371908664703e-02,2.858121693134307861e-02,5.088749900460243225e-02
2.651034295558929443e-02,2.797666378319263458e-02,5.093024298548698425e-02
2.651034295558929443e-02,2.797666378319263458e-02,5.093024298548698425e-02
2.626361697912216187e-02,2.737374044954776764e-02,5.097303166985511780e-02
2.626361697912216187e-02,2.737374044954776764e-02,5.097303166985511780e-02
2.601720578968524933e-02,2.677243947982788086e-02,5.101586133241653442e-02
2.601720578968524933e-02,2.677243947982788086e-02,5.101586133241653442e-02
2.577111311256885529e-02,2.617275901138782501e-02,5.105874314904212952e-02
2.577111311256885529e-02,2.617275901138782501e-02,5.105874314904212952e-02
2.552533894777297974e-02,2.557469531893730164e-02,5.110166966915130615e-02
2.552533894777297974e-02,2.557469531893730164e-02,5.110166966915130615e-02
2.527987770736217499e-02,2.497824467718601227e-02,5.114463716745376587e-02
2.527987770736217499e-02,2.497824467718601227e-02,5.114463716745376587e-02
2.503473684191703796e-02,2.438339218497276306e-02,5.118764564394950867e-02
2.503473684191703796e-02,2.438339218497276306e-02,5.118764564394950867e-02
2.478991821408271790e-02,2.379016019403934479e-02,5.123070627450942993e-02
2.478991821408271790e-02,2.379016019403934479e-02,5.123070627450942993e-02
2.454541809856891632e-02,2.319851890206336975e-02,5.127380043268203735e-02
2.454541809856891632e-02,2.319851890206336975e-02,5.127380043268203735e-02
2.430123463273048401e-02,2.260847948491573334e-02,5.131694301962852478e-02
2.430123463273048401e-02,2.260847948491573334e-02,5.131694301962852478e-02
2.405738271772861481e-02,2.202003635466098785e-02,5.136013403534889221e-02
2.405738271772861481e-02,2.202003635466098785e-02,5.136013403534889221e-02
2.381384558975696564e-02,2.143318019807338715e-02,5.140336975455284119e-02
2.381384558975696564e-02,2.143318019807338715e-02,5.140336975455284119e-02
2.357063442468643188e-02,2.084791287779808044e-02,5.144663155078887939e-02
2.357063442468643188e-02,2.084791287779808044e-02,5.144663155078887939e-02
2.332775481045246124e-02,2.026423625648021698e-02,5.148995295166969299e-02
2.332775481045246124e-02,2.026423625648021698e-02,5.148995295166969299e-02
2.308519743382930756e-02,1.968212611973285675e-02,5.153331533074378967e-02
2.308519743382930756e-02,1.968212611973285675e-02,5.153331533074378967e-02
2.284296602010726929e-02,1.910160109400749207e-02,5.157671496272087097e-02
2.284296602010726929e-02,1.910160109400749207e-02,5.157671496272087097e-02
2.260106056928634644e-02,1.852264814078807831e-02,5.162015557289123535e-02
2.260106056928634644e-02,1.852264814078807831e-02,5.162015557289123535e-02
2.235948666930198669e-02,1.794526912271976471e-02,5.166364461183547974e-02
2.235948666930198669e-02,1.794526912271976471e-02,5.166364461183547974e-02
2.211824245750904083e-02,1.736944541335105896e-02,5.170716717839241028e-02
2.211824245750904083e-02,1.736944541335105896e-02,5.170716717839241028e-02
2.187732793390750885e-02,1.679519005119800568e-02,5.175073817372322083e-02
2.187732793390750885e-02,1.679519005119800568e-02,5.175073817372322083e-02
2.163674682378768921e-02,1.622248254716396332e-02,5.179434642195701599e-02
2.163674682378768921e-02,1.622248254716396332e-02,5.179434642195701599e-02
2.139649726450443268e-02,1.565133780241012573e-02,5.183799937367439270e-02
2.139649726450443268e-02,1.565133780241012573e-02,5.183799937367439270e-02
2.115658111870288849e-02,1.508174743503332138e-02,5.188169702887535095e-02
2.115658111870288849e-02,1.508174743503332138e-02,5.188169702887535095e-02
2.091700024902820587e-02,1.451370399445295334e-02,5.192542821168899536e-02
2.091700024902820587e-02,1.451370399445295334e-02,5.192542821168899536e-02
2.067775465548038483e-02,1.394720096141099930e-02,5.196920409798622131e-02
2.067775465548038483e-02,1.394720096141099930e-02,5.196920409798622131e-02
2.043884247541427612e-02,1.338223740458488464e-02,5.201302468776702881e-02
2.043884247541427612e-02,1.338223740458488464e-02,5.201302468776702881e-02
2.020027115941047668e-02,1.281881239265203476e-02,5.205687507987022400e-02
2.020027115941047668e-02,1.281881239265203476e-02,5.205687507987022400e-02
1.996203325688838959e-02,1.225691847503185272e-02,5.210077390074729919e-02
1.996203325688838959e-02,1.225691847503185272e-02,5.210077390074729919e-02
1.972413994371891022e-02,1.169655192643404007e-02,5.214471369981765747e-02
1.972413994371891022e-02,1.169655192643404007e-02,5.214471369981765747e-02
1.948657818138599396e-02,1.113771460950374603e-02,5.218868702650070190e-02
1.948657818138599396e-02,1.113771460950374603e-02,5.218868702650070190e-02
1.924936659634113312e-02,1.058039814233779907e-02,5.223270878195762634e-02
1.924936659634113312e-02,1.058039814233779907e-02,5.223270878195762634e-02
1.901249215006828308e-02,1.002459507435560226e-02,5.227676033973693848e-02
1.901249215006828308e-02,1.002459507435560226e-02,5.227676033973693848e-02
1.877596043050289154e-02,9.470311924815177917e-03,5.232085660099983215e-02
1.877596043050289154e-02,9.470311924815177917e-03,5.232085660099983215e-02
1.853977330029010773e-02,8.917543105781078339e-03,5.236499384045600891e-02
1.853977330029010773e-02,8.917543105781078339e-03,5.236499384045600891e-02
1.830392889678478241e-02,8.366276510059833527e-03,5.240916460752487183e-02
1.830392889678478241e-02,8.366276510059833527e-03,5.240916460752487183e-02
1.806843280792236328e-02,7.816514000296592712e-03,5.245337635278701782e-02
1.806843280792236328e-02,7.816514000296592712e-03,5.245337635278701782e-02
1.783328317105770111e-02,7.268254645168781281e-03,5.249762907624244690e-02
1.783328317105770111e-02,7.268254645168781281e-03,5.249762907624244690e-02
1.759847626090049744e-02,6.721489597111940384e-03,5.254191905260086060e-02
1.759847626090049744e-02,6.721489597111940384e-03,5.254191905260086060e-02
1.736401952803134918e-02,6.176215596497058868e-03,5.258624255657196045e-02
1.736401952803134918e-02,6.176215596497058868e-03,5.258624255657196045e-02
1.712991110980510712e-02,5.632435902953147888e-03,5.263061076402664185e-02
1.712991110980510712e-02,5.632435902953147888e-03,5.263061076402664185e-02
1.689615659415721893e-02,5.090137012302875519e-03,5.267501994967460632e-02
1.689615659415721893e-02,5.090137012302875519e-03,5.267501994967460632e-02
1.666275225579738617e-02,4.549324512481689453e-03,5.271945893764495850e-02
1.666275225579738617e-02,4.549324512481689453e-03,5.271945893764495850e-02
1.642969809472560883e-02,4.009992349892854691e-03,5.276394262909889221e-02
1.642969809472560883e-02,4.009992349892854691e-03,5.276394262909889221e-02
1.619699411094188690e-02,3.472128184512257576e-03,5.280845239758491516e-02
1.619699411094188690e-02,3.472128184512257576e-03,5.280845239758491516e-02
1.596464589238166809e-02,2.935736672952771187e-03,5.285301059484481812e-02
1.596464589238166809e-02,2.935736672952771187e-03,5.285301059484481812e-02
1.573265530169010162e-02,2.400820842012763023e-03,5.289759859442710876e-02
1.573265530169010162e-02,2.400820842012763023e-03,5.289759859442710876e-02
1.550101675093173981e-02,1.867360319010913372e-03,5.294222757220268250e-02
1.550101675093173981e-02,1.867360319010913372e-03,5.294222757220268250e-02
1.526973582804203033e-02,1.335358247160911560e-03,5.298689380288124084e-02
1.526973582804203033e-02,1.335358247160911560e-03,5.298689380288124084e-02
1.503881160169839859e-02,8.048195741139352322e-04,5.303159356117248535e-02
1.503881160169839859e-02,8.048195741139352322e-04,5.303159356117248535e-02
1.480824407190084457e-02,2.757262845989316702e-04,5.307633057236671448e-02
1.480824407190084457e-02,2.757262845989316702e-04,5.307633057236671448e-02
1.457803603261709213e-02,-2.519128320273011923e-04,5.312110111117362976e-02
1.457803603261709213e-02,-2.519128320273011923e-04,5.312110111117362976e-02
1.434819307178258896e-02,-7.781023159623146057e-04,5.316590890288352966e-02
1.434819307178258896e-02,-7.781023159623146057e-04,5.316590890288352966e-02
1.411870680749416351e-02,-1.302855089306831360e-03,5.321075767278671265e-02
1.411870680749416351e-02,-1.302855089306831360e-03,5.321075767278671265e-02
1.388958282768726349e-02,-1.826166990213096142e-03,5.325563251972198486e-02
1.388958282768726349e-02,-1.826166990213096142e-03,5.325563251972198486e-02
1.366082206368446350e-02,-2.348046749830245972e-03,5.330054461956024170e-02
1.366082206368446350e-02,-2.348046749830245972e-03,5.330054461956024170e-02
1.343242358416318893e-02,-2.868490526452660561e-03,5.334550142288208008e-02
1.343242358416318893e-02,-2.868490526452660561e-03,5.334550142288208008e-02
1.320439204573631287e-02,-3.387506818398833275e-03,5.339049175381660461e-02
1.320439204573631287e-02,-3.387506818398833275e-03,5.339049175381660461e-02
1.297672744840383530e-02,-3.905100049450993538e-03,5.343550443649291992e-02
1.297672744840383530e-02,-3.905100049450993538e-03,5.343550443649291992e-02
1.274942513555288315e-02,-4.421274643391370773e-03,5.348055809736251831e-02
1.274942513555288315e-02,-4.421274643391370773e-03,5.348055809736251831e-02
1.252249162644147873e-02,-4.936035256832838058e-03,5.352565273642539978e-02
1.252249162644147873e-02,-4.936035256832838058e-03,5.352565273642539978e-02
1.229592878371477127e-02,-5.449377465993165970e-03,5.357076972723007202e-02
1.229592878371477127e-02,-5.449377465993165970e-03,5.357076972723007202e-02
1.206973381340503693e-02,-5.961309652775526047e-03,5.361593142151832581e-02
1.206973381340503693e-02,-5.961309652775526047e-03,5.361593142151832581e-02
1.184391044080257416e-02,-6.471833214163780212e-03,5.366112291812896729e-02
1.184391044080257416e-02,-6.471833214163780212e-03,5.366112291812896729e-02
1.161845587193965912e-02,-6.980963982641696930e-03,5.370634794235229492e-02
1.161845587193965912e-02,-6.980963982641696930e-03,5.370634794235229492e-02
1.139337476342916489e-02,-7.488689851015806198e-03,5.375160649418830872e-02
1.139337476342916489e-02,-7.488689851015806198e-03,5.375160649418830872e-02
1.116866525262594223e-02,-7.995019666850566864e-03,5.379689857363700867e-02
1.116866525262594223e-02,-7.995019666850566864e-03,5.379689857363700867e-02
1.094433292746543884e-02,-8.499963209033012390e-03,5.384222418069839478e-02
1.094433292746543884e-02,-8.499963209033012390e-03,5.384222418069839478e-02
1.072037220001220703e-02,-9.003518149256706238e-03,5.388757959008216858e-02
1.072037220001220703e-02,-9.003518149256706238e-03,5.388757959008216858e-02
1.049678865820169449e-02,-9.505682624876499176e-03,5.393297597765922546e-02
1.049678865820169449e-02,-9.505682624876499176e-03,5.393297597765922546e-02
1.027357950806617737e-02,-1.000647246837615967e-02,5.397839471697807312e-02
1.027357950806617737e-02,-1.000647246837615967e-02,5.397839471697807312e-02
1.005075220018625259e-02,-1.050588116049766541e-02,5.402385443449020386e-02
1.005075220018625259e-02,-1.050588116049766541e-02,5.402385443449020386e-02
9.828298352658748627e-03,-1.100392267107963562e-02,5.406933650374412537e-02
9.828298352658748627e-03,-1.100392267107963562e-02,5.406933650374412537e-02
9.606230072677135468e-03,-1.150058209896087646e-02,5.411485582590103149e-02
9.606230072677135468e-03,-1.150058209896087646e-02,5.411485582590103149e-02
9.384536184370517731e-03,-1.199589110910892487e-02,5.416041612625122070e-02
9.384536184370517731e-03,-1.199589110910892487e-02,5.416041612625122070e-02
9.163226000964641571e-03,-1.248982641845941544e-02,5.420599132776260376e-02
9.163226000964641571e-03,-1.248982641845941544e-02,5.420599132776260376e-02
8.942298591136932373e-03,-1.298241503536701202e-02,5.425161123275756836e-02
8.942298591136932373e-03,-1.298241503536701202e-02,5.425161123275756836e-02
8.721751160919666290e-03,-1.347363740205764771e-02,5.429725721478462219e-02
8.721751160919666290e-03,-1.347363740205764771e-02,5.429725721478462219e-02
8.501591160893440247e-03,-1.396351307630538940e-02,5.434293299913406372e-02
8.501591160893440247e-03,-1.396351307630538940e-02,5.434293299913406372e-02
8.281813934445381165e-03,-1.445203926414251328e-02,5.438864231109619141e-02
8.281813934445381165e-03,-1.445203926414251328e-02,5.438864231109619141e-02
8.062426932156085968e-03,-1.493921503424644470e-02,5.443438142538070679e-02
8.062426932156085968e-03,-1.493921503424644470e-02,5.443438142538070679e-02
7.843420840799808502e-03,-1.542505621910095215e-02,5.448015034198760986e-02
7.843420840799808502e-03,-1.542505621910095215e-02,5.448015034198760986e-02
7.624804042279720306e-03,-1.590956561267375946e-02,5.452594533562660217e-02
7.624804042279720306e-03,-1.590956561267375946e-02,5.452594533562660217e-02
7.406578864902257919e-03,-1.639273390173912048e-02,5.457177758216857910e-02
7.406578864902257919e-03,-1.639273390173912048e-02,5.457177758216857910e-02
7.188742049038410187e-03,-1.687457412481307983e-02,5.461763218045234680e-02
7.188742049038410187e-03,-1.687457412481307983e-02,5.461763218045234680e-02
6.971292663365602493e-03,-1.735509000718593597e-02,5.466352775692939758e-02
6.971292663365602493e-03,-1.735509000718593597e-02,5.466352775692939758e-02
6.754238624125719070e-03,-1.783427596092224121e-02,5.470944568514823914e-02
6.754238624125719070e-03,-1.783427596092224121e-02,5.470944568514823914e-02
6.537575274705886841e-03,-1.831215061247348785e-02,5.475539341568946838e-02
6.537575274705886841e-03,-1.831215061247348785e-02,5.475539341568946838e-02
6.321303080767393112e-03,-1.878871396183967590e-02,5.480137467384338379e-02
6.321303080767393112e-03,-1.878871396183967590e-02,5.480137467384338379e-02
6.105429027229547501e-03,-1.926395297050476074e-02,5.484737455844879150e-02
6.105429027229547501e-03,-1.926395297050476074e-02,5.484737455844879150e-02
5.889946129173040390e-03,-1.973789557814598083e-02,5.489341542124748230e-02
5.889946129173040390e-03,-1.973789557814598083e-02,5.489341542124748230e-02
5.674861837178468704e-03,-2.021052874624729156e-02,5.493947863578796387e-02
5.674861837178468704e-03,-2.021052874624729156e-02,5.493947863578796387e-02
5.460175685584545135e-03,-2.068185620009899139e-02,5.498557165265083313e-02
5.460175685584545135e-03,-2.068185620009899139e-02,5.498557165265083313e-02
5.245886743068695068e-03,-2.115188539028167725e-02,5.503169447183609009e-02
5.245886743068695068e-03,-2.115188539028167725e-02,5.503169447183609009e-02
5.031992681324481964e-03,-2.162063308060169220e-02,5.507783964276313782e-02
5.031992681324481964e-03,-2.162063308060169220e-02,5.507783964276313782e-02
4.818498156964778900e-03,-2.208808623254299164e-02,5.512402206659317017e-02
4.818498156964778900e-03,-2.208808623254299164e-02,5.512402206659317017e-02
4.605409223586320877e-03,-2.255425043404102325e-02,5.517022684216499329e-02
4.605409223586320877e-03,-2.255425043404102325e-02,5.517022684216499329e-02
4.392718896269798279e-03,-2.301912941038608551e-02,5.521645769476890564e-02
4.392718896269798279e-03,-2.301912941038608551e-02,5.521645769476890564e-02
4.180429503321647644e-03,-2.348273992538452148e-02,5.526271834969520569e-02
4.180429503321647644e-03,-2.348273992538452148e-02,5.526271834969520569e-02
3.968546167016029358e-03,-2.394506894052028656e-02,5.530900508165359497e-02
3.968546167016029358e-03,-2.394506894052028656e-02,5.530900508165359497e-02
3.757066559046506882e-03,-2.440611831843852997e-02,5.535532161593437195e-02
3.757066559046506882e-03,-2.440611831843852997e-02,5.535532161593437195e-02
3.545990912243723869e-03,-2.486590482294559479e-02,5.540166050195693970e-02
3.545990912243723869e-03,-2.486590482294559479e-02,5.540166050195693970e-02
3.335322951897978783e-03,-2.532443217933177948e-02,5.544803291559219360e-02
3.335322951897978783e-03,-2.532443217933177948e-02,5.544803291559219360e-02
3.125062212347984314e-03,-2.578169479966163635e-02,5.549442023038864136e-02
3.125062212347984314e-03,-2.578169479966163635e-02,5.549442023038864136e-02
2.915207995101809502e-03,-2.623770013451576233e-02,5.554084107279777527e-02
2.915207995101809502e-03,-2.623770013451576233e-02,5.554084107279777527e-02
2.705764025449752808e-03,-2.669244632124900818e-02,5.558728799223899841e-02
2.705764025449752808e-03,-2.669244632124900818e-02,5.558728799223899841e-02
2.496726345270872116e-03,-2.714595012366771698e-02,5.563376471400260925e-02
2.496726345270872116e-03,-2.714595012366771698e-02,5.563376471400260925e-02
2.288102637976408005e-03,-2.759820595383644104e-02,5.568026006221771240e-02
2.288102637976408005e-03,-2.759820595383644104e-02,5.568026006221771240e-02
2.079890109598636627e-03,-2.804921567440032959e-02,5.572678148746490479e-02
2.079890109598636627e-03,-2.804921567440032959e-02,5.572678148746490479e-02
1.872088643722236156e-03,-2.849899232387542725e-02,5.577333644032478333e-02
1.872088643722236156e-03,-2.849899232387542725e-02,5.577333644032478333e-02
1.664701383560895920e-03,-2.894753031432628632e-02,5.581991374492645264e-02
1.664701383560895920e-03,-2.894753031432628632e-02,5.581991374492645264e-02
1.457730308175086975e-03,-2.939483337104320526e-02,5.586650967597961426e-02
1.457730308175086975e-03,-2.939483337104320526e-02,5.586650967597961426e-02
1.251173671334981918e-03,-2.984090894460678101e-02,5.591313540935516357e-02
1.251173671334981918e-03,-2.984090894460678101e-02,5.591313540935516357e-02
1.045031240209937096e-03,-3.028576634824275970e-02,5.595978349447250366e-02
1.045031240209937096e-03,-3.028576634824275970e-02,5.595978349447250366e-02
8.393074967898428440e-04,-3.072939068078994751e-02,5.600645765662193298e-02
8.393074967898428440e-04,-3.072939068078994751e-02,5.600645765662193298e-02
6.340035470202565193e-04,-3.117180056869983673e-02,5.605315789580345154e-02
6.340035470202565193e-04,-3.117180056869983673e-02,5.605315789580345154e-02
4.291149962227791548e-04,-3.161301091313362122e-02,5.609987676143646240e-02
4.291149962227791548e-04,-3.161301091313362122e-02,5.609987676143646240e-02
2.246489602839574218e-04,-3.205299749970436096e-02,5.614662542939186096e-02
2.246489602839574218e-04,-3.205299749970436096e-02,5.614662542939186096e-02
2.060213046206627041e-05,-3.249177709221839905e-02,5.619339272379875183e-02
2.060213046206627041e-05,-3.249177709221839905e-02,5.619339272379875183e-02
-1.830240362323820591e-04,-3.292935714125633240e-02,5.624018609523773193e-02
-1.830240362323820591e-04,-3.292935714125633240e-02,5.624018609523773193e-02
-3.862244193442165852e-04,-3.336574137210845947e-02,5.628700554370880127e-02
-3.862244193442165852e-04,-3.336574137210845947e-02,5.628700554370880127e-02
-5.890034371986985207e-04,-3.380091860890388489e-02,5.633383989334106445e-02
-5.890034371986985207e-04,-3.380091860890388489e-02,5.633383989334106445e-02
-7.913560257293283939e-04,-3.423491120338439941e-02,5.638070777058601379e-02
-7.913560257293283939e-04,-3.423491120338439941e-02,5.638070777058601379e-02
-9.932853281497955322e-04,-3.466772288084030151e-02,5.642759054899215698e-02
-9.932853281497955322e-04,-3.466772288084030151e-02,5.642759054899215698e-02
-1.194788143038749695e-03,-3.509934246540069580e-02,5.647450312972068787e-02
-1.194788143038749695e-03,-3.509934246540069580e-02,5.647450312972068787e-02
-1.395859406329691410e-03,-3.552977368235588074e-02,5.652143061161041260e-02
-1.395859406329691410e-03,-3.552977368235588074e-02,5.652143061161041260e-02
-1.596508780494332314e-03,-3.595903888344764709e-02,5.656838044524192810e-02
-1.596508780494332314e-03,-3.595903888344764709e-02,5.656838044524192810e-02
-1.796724041923880577e-03,-3.638712316751480103e-02,5.661536008119583130e-02
-1.796724041923880577e-03,-3.638712316751480103e-02,5.661536008119583130e-02
-1.996512524783611298e-03,-3.681404143571853638e-02,5.666235461831092834e-02
-1.996512524783611298e-03,-3.681404143571853638e-02,5.666235461831092834e-02
-2.195870038121938705e-03,-3.723979368805885315e-02,5.670937150716781616e-02
-2.195870038121938705e-03,-3.723979368805885315e-02,5.670937150716781616e-02
-2.394797280430793762e-03,-3.766438364982604980e-02,5.675641074776649475e-02
-2.394797280430793762e-03,-3.766438364982604980e-02,5.675641074776649475e-02
-2.593285404145717621e-03,-3.808780387043952942e-02,5.680347606539726257e-02
-2.593285404145717621e-03,-3.808780387043952942e-02,5.680347606539726257e-02
-2.791344886645674706e-03,-3.851008042693138123e-02,5.685055628418922424e-02
-2.791344886645674706e-03,-3.851008042693138123e-02,5.685055628418922424e-02
-2.988968975841999054e-03,-3.893119469285011292e-02,5.689765885472297668e-02
-2.988968975841999054e-03,-3.893119469285011292e-02,5.689765885472297668e-02
-3.186157438904047012e-03,-3.935116529464721680e-02,5.694478377699851990e-02
-3.186157438904047012e-03,-3.935116529464721680e-02,5.694478377699851990e-02
-3.382907714694738388e-03,-3.976999223232269287e-02,5.699193105101585388e-02
-3.382907714694738388e-03,-3.976999223232269287e-02,5.699193105101585388e-02
-3.579223994165658951e-03,-4.018767550587654114e-02,5.703909695148468018e-02
-3.579223994165658951e-03,-4.018767550587654114e-02,5.703909695148468018e-02
-3.775101387873291969e-03,-4.060422256588935852e-02,5.708628147840499878e-02
-3.775101387873291969e-03,-4.060422256588935852e-02,5.708628147840499878e-02
-3.970538266003131866e-03,-4.101963713765144348e-02,5.713348090648651123e-02
-3.970538266003131866e-03,-4.101963713765144348e-02,5.713348090648651123e-02
-4.165532998740673065e-03,-4.143391549587249756e-02,5.718071013689041138e-02
-4.165532998740673065e-03,-4.143391549587249756e-02,5.718071013689041138e-02
-4.360088147222995758e-03,-4.184706881642341614e-02,5.722796171903610229e-02
-4.360088147222995758e-03,-4.184706881642341614e-02,5.722796171903610229e-02
-4.554202780127525330e-03,-4.225910082459449768e-02,5.727521702647209167e-02
-4.554202780127525330e-03,-4.225910082459449768e-02,5.727521702647209167e-02
-4.747873637825250626e-03,-4.267001152038574219e-02,5.732250586152076721e-02
-4.747873637825250626e-03,-4.267001152038574219e-02,5.732250586152076721e-02
-4.941101185977458954e-03,-4.307981207966804504e-02,5.736980587244033813e-02
-4.941101185977458954e-03,-4.307981207966804504e-02,5.736980587244033813e-02
-5.133882630616426468e-03,-4.348849505186080933e-02,5.741713196039199829e-02
-5.133882630616426468e-03,-4.348849505186080933e-02,5.741713196039199829e-02
-5.326222162693738937e-03,-4.389607161283493042e-02,5.746446922421455383e-02
-5.326222162693738937e-03,-4.389607161283493042e-02,5.746446922421455383e-02
-5.518110934644937515e-03,-4.430254548788070679e-02,5.751182883977890015e-02
-5.518110934644937515e-03,-4.430254548788070679e-02,5.751182883977890015e-02
-5.709555931389331818e-03,-4.470791295170783997e-02,5.755920708179473877e-02
-5.709555931389331818e-03,-4.470791295170783997e-02,5.755920708179473877e-02
-5.900547839701175690e-03,-4.511217772960662842e-02,5.760660022497177124e-02
-5.900547839701175690e-03,-4.511217772960662842e-02,5.760660022497177124e-02
-6.091093178838491440e-03,-4.551535472273826599e-02,5.765401571989059448e-02
-6.091093178838491440e-03,-4.551535472273826599e-02,5.765401571989059448e-02
-6.281186360865831375e-03,-4.591744393110275269e-02,5.770144611597061157e-02
-6.281186360865831375e-03,-4.591744393110275269e-02,5.770144611597061157e-02
-6.470832508057355881e-03,-4.631844162940979004e-02,5.774888768792152405e-02
-6.470832508057355881e-03,-4.631844162940979004e-02,5.774888768792152405e-02
-6.660023238509893417e-03,-4.671835526823997498e-02,5.779636651277542114e-02
-6.660023238509893417e-03,-4.671835526823997498e-02,5.779636651277542114e-02
-6.848762743175029755e-03,-4.711718857288360596e-02,5.784384161233901978e-02
-6.848762743175029755e-03,-4.711718857288360596e-02,5.784384161233901978e-02
-7.037047762423753738e-03,-4.751495644450187683e-02,5.789134651422500610e-02
-7.037047762423753738e-03,-4.751495644450187683e-02,5.789134651422500610e-02
-7.224877830594778061e-03,-4.791164025664329529e-02,5.793886259198188782e-02
-7.224877830594778061e-03,-4.791164025664329529e-02,5.793886259198188782e-02
-7.412252482026815414e-03,-4.830726608633995056e-02,5.798639357089996338e-02
-7.412252482026815414e-03,-4.830726608633995056e-02,5.798639357089996338e-02
-7.599167060106992722e-03,-4.870181903243064880e-02,5.803394317626953125e-02
-7.599167060106992722e-03,-4.870181903243064880e-02,5.803394317626953125e-02
-7.785630878061056137e-03,-4.909530654549598694e-02,5.808151513338088989e-02
-7.785630878061056137e-03,-4.909530654549598694e-02,5.808151513338088989e-02
-7.971631363034248352e-03,-4.948773607611656189e-02,5.812910199165344238e-02
-7.971631363034248352e-03,-4.948773607611656189e-02,5.812910199165344238e-02
-8.157173171639442444e-03,-4.987912252545356750e-02,5.817670002579689026e-02
-8.157173171639442444e-03,-4.987912252545356750e-02,5.817670002579689026e-02
-8.342253044247627258e-03,-5.026945099234580994e-02,5.822431668639183044e-02
-8.342253044247627258e-03,-5.026945099234580994e-02,5.822431668639183044e-02
-8.526874706149101257e-03,-5.065872892737388611e-02,5.827195197343826294e-02
-8.526874706149101257e-03,-5.065872892737388611e-02,5.827195197343826294e-02
-8.711034432053565979e-03,-5.104697123169898987e-02,5.831959098577499390e-02
-8.711034432053565979e-03,-5.104697123169898987e-02,5.831959098577499390e-02
-8.894726634025573730e-03,-5.143417045474052429e-02,5.836725234985351562e-02
-8.894726634025573730e-03,-5.143417045474052429e-02,5.836725234985351562e-02
-9.077959693968296051e-03,-5.182033032178878784e-02,5.841493234038352966e-02
-9.077959693968296051e-03,-5.182033032178878784e-02,5.841493234038352966e-02
-9.260725229978561401e-03,-5.220546200871467590e-02,5.846262723207473755e-02
-9.260725229978561401e-03,-5.220546200871467590e-02,5.846262723207473755e-02
-9.443024173378944397e-03,-5.258955806493759155e-02,5.851032584905624390e-02
-9.443024173378944397e-03,-5.258955806493759155e-02,5.851032584905624390e-02
-9.624859318137168884e-03,-5.297263711690902710e-02,5.855805054306983948e-02
-9.624859318137168884e-03,-5.297263711690902710e-02,5.855805054306983948e-02
-9.806223213672637939e-03,-5.335468426346778870e-02,5.860578641295433044e-02
-9.806223213672637939e-03,-5.335468426346778870e-02,5.860578641295433044e-02
-9.987120516598224640e-03,-5.373572558164596558e-02,5.865354090929031372e-02
-9.987120516598224640e-03,-5.373572558164596558e-02,5.865354090929031372e-02
-1.016754750162363052e-02,-5.411574244499206543e-02,5.870129913091659546e-02
-1.016754750162363052e-02,-5.411574244499206543e-02,5.870129913091659546e-02
-1.034750603139400482e-02,-5.449475720524787903e-02,5.874906852841377258e-02
-1.034750603139400482e-02,-5.449475720524787903e-02,5.874906852841377258e-02
-1.052699331194162369e-02,-5.487276241183280945e-02,5.879686400294303894e-02
-1.052699331194162369e-02,-5.487276241183280945e-02,5.879686400294303894e-02
-1.070600561797618866e-02,-5.524975806474685669e-02,5.884467437863349915e-02
-1.070600561797618866e-02,-5.524975806474685669e-02,5.884467437863349915e-02
-1.088454574346542358e-02,-5.562575906515121460e-02,5.889248475432395935e-02
-1.088454574346542358e-02,-5.562575906515121460e-02,5.889248475432395935e-02
-1.106261182576417923e-02,-5.600076168775558472e-02,5.894031375646591187e-02
-1.106261182576417923e-02,-5.600076168775558472e-02,5.894031375646591187e-02
-1.124020107090473175e-02,-5.637476965785026550e-02,5.898816138505935669e-02
-1.124020107090473175e-02,-5.637476965785026550e-02,5.898816138505935669e-02
-1.141731627285480499e-02,-5.674779415130615234e-02,5.903601646423339844e-02
-1.141731627285480499e-02,-5.674779415130615234e-02,5.903601646423339844e-02
-1.159395556896924973e-02,-5.711983144283294678e-02,5.908388644456863403e-02
-1.159395556896924973e-02,-5.711983144283294678e-02,5.908388644456863403e-02
-1.177011709660291672e-02,-5.749088898301124573e-02,5.913176387548446655e-02
-1.177011709660291672e-02,-5.749088898301124573e-02,5.913176387548446655e-02
-1.194579806178808212e-02,-5.786095932126045227e-02,5.917965993285179138e-02
-1.194579806178808212e-02,-5.786095932126045227e-02,5.917965993285179138e-02
-1.212099753320217133e-02,-5.823005363345146179e-02,5.922756344079971313e-02
-1.212099753320217133e-02,-5.823005363345146179e-02,5.922756344079971313e-02
-1.229571737349033356e-02,-5.859818309545516968e-02,5.927547812461853027e-02
-1.229571737349033356e-02,-5.859818309545516968e-02,5.927547812461853027e-02
-1.246995758265256882e-02,-5.896534770727157593e-02,5.932340770959854126e-02
-1.246995758265256882e-02,-5.896534770727157593e-02,5.932340770959854126e-02
-1.264371722936630249e-02,-5.933154746890068054e-02,5.937134847044944763e-02
-1.264371722936630249e-02,-5.933154746890068054e-02,5.937134847044944763e-02
-1.281698979437351227e-02,-5.969678983092308044e-02,5.941929295659065247e-02
-1.281698979437351227e-02,-5.969678983092308044e-02,5.941929295659065247e-02
-1.298978179693222046e-02,-6.006107479333877563e-02,5.946725234389305115e-02
-1.298978179693222046e-02,-6.006107479333877563e-02,5.946725234389305115e-02
-1.316208485513925552e-02,-6.042440235614776611e-02,5.951523035764694214e-02
-1.316208485513925552e-02,-6.042440235614776611e-02,5.951523035764694214e-02
-1.333390269428491592e-02,-6.078678369522094727e-02,5.956321209669113159e-02
-1.333390269428491592e-02,-6.078678369522094727e-02,5.956321209669113159e-02
-1.350523345172405243e-02,-6.114821881055831909e-02,5.961120501160621643e-02
-1.350523345172405243e-02,-6.114821881055831909e-02,5.961120501160621643e-02
-1.367607899010181427e-02,-6.150870770215988159e-02,5.965920910239219666e-02
-1.367607899010181427e-02,-6.150870770215988159e-02,5.965920910239219666e-02
-1.384643185883760452e-02,-6.186826154589653015e-02,5.970722064375877380e-02
-1.384643185883760452e-02,-6.186826154589653015e-02,5.970722064375877380e-02
-1.401629671454429626e-02,-6.222688034176826477e-02,5.975525081157684326e-02
-1.401629671454429626e-02,-6.222688034176826477e-02,5.975525081157684326e-02
-1.418567262589931488e-02,-6.258457899093627930e-02,5.980328097939491272e-02
-1.418567262589931488e-02,-6.258457899093627930e-02,5.980328097939491272e-02
-1.435455307364463806e-02,-6.294134259223937988e-02,5.985132232308387756e-02
-1.435455307364463806e-02,-6.294134259223937988e-02,5.985132232308387756e-02
-1.452294364571571350e-02,-6.329717487096786499e-02,5.989937856793403625e-02
-1.452294364571571350e-02,-6.329717487096786499e-02,5.989937856793403625e-02
-1.469083968549966812e-02,-6.365209072828292847e-02,5.994743481278419495e-02
-1.469083968549966812e-02,-6.365209072828292847e-02,5.994743481278419495e-02
-1.485824119299650192e-02,-6.400609016418457031e-02,5.999550968408584595e-02
-1.485824119299650192e-02,-6.400609016418457031e-02,5.999550968408584595e-02
-1.502514816820621490e-02,-6.435917317867279053e-02,6.004358828067779541e-02
-1.502514816820621490e-02,-6.435917317867279053e-02,6.004358828067779541e-02
-1.519155874848365784e-02,-6.471136212348937988e-02,6.009167805314064026e-02
-1.519155874848365784e-02,-6.471136212348937988e-02,6.009167805314064026e-02
-1.535747386515140533e-02,-6.506262719631195068e-02,6.013977155089378357e-02
-1.535747386515140533e-02,-6.506262719631195068e-02,6.013977155089378357e-02
-1.552289072424173355e-02,-6.541300565004348755e-02,6.018787249922752380e-02
-1.552289072424173355e-02,-6.541300565004348755e-02,6.018787249922752380e-02
-1.568780653178691864e-02,-6.576247513294219971e-02,6.023598834872245789e-02
-1.568780653178691864e-02,-6.576247513294219971e-02,6.023598834872245789e-02
-1.585222035646438599e-02,-6.611105799674987793e-02,6.028411164879798889e-02
-1.585222035646438599e-02,-6.611105799674987793e-02,6.028411164879798889e-02
-1.601613871753215790e-02,-6.645873934030532837e-02,6.033223867416381836e-02
-1.601613871753215790e-02,-6.645873934030532837e-02,6.033223867416381836e-02
-1.617955230176448822e-02,-6.680553406476974487e-02,6.038037687540054321e-02
-1.617955230176448822e-02,-6.680553406476974487e-02,6.038037687540054321e-02
-1.634246483445167542e-02,-6.715144962072372437e-02,6.042851135134696960e-02
-1.634246483445167542e-02,-6.715144962072372437e-02,6.042851135134696960e-02
-1.650487072765827179e-02,-6.749647855758666992e-02,6.047666445374488831e-02
-1.650487072765827179e-02,-6.749647855758666992e-02,6.047666445374488831e-02
-1.666677184402942657e-02,-6.784064322710037231e-02,6.052482500672340393e-02
-1.666677184402942657e-02,-6.784064322710037231e-02,6.052482500672340393e-02
-1.682817190885543823e-02,-6.818392872810363770e-02,6.057298555970191956e-02
-1.682817190885543823e-02,-6.818392872810363770e-02,6.057298555970191956e-02
-1.698906347155570984e-02,-6.852633506059646606e-02,6.062115356326103210e-02
-1.698906347155570984e-02,-6.852633506059646606e-02,6.062115356326103210e-02
-1.714944839477539062e-02,-6.886789202690124512e-02,6.066934019327163696e-02
-1.714944839477539062e-02,-6.886789202690124512e-02,6.066934019327163696e-02
-1.730932295322418213e-02,-6.920856982469558716e-02,6.071752682328224182e-02
-1.730932295322418213e-02,-6.920856982469558716e-02,6.071752682328224182e-02
-1.746869087219238281e-02,-6.954841315746307373e-02,6.076570972800254822e-02
-1.746869087219238281e-02,-6.954841315746307373e-02,6.076570972800254822e-02
-1.762754842638969421e-02,-6.988737732172012329e-02,6.081390380859375000e-02
-1.762754842638969421e-02,-6.988737732172012329e-02,6.081390380859375000e-02
-1.778589189052581787e-02,-7.022549957036972046e-02,6.086210533976554871e-02
-1.778589189052581787e-02,-7.022549957036972046e-02,6.086210533976554871e-02
-1.794372685253620148e-02,-7.056277245283126831e-02,6.091030687093734741e-02
-1.794372685253620148e-02,-7.056277245283126831e-02,6.091030687093734741e-02
-1.810104958713054657e-02,-7.089920341968536377e-02,6.095851957798004150e-02
-1.810104958713054657e-02,-7.089920341968536377e-02,6.095851957798004150e-02
-1.825785450637340546e-02,-7.123479247093200684e-02,6.100673228502273560e-02
-1.825785450637340546e-02,-7.123479247093200684e-02,6.100673228502273560e-02
-1.841414719820022583e-02,-7.156955450773239136e-02,6.105495989322662354e-02
-1.841414719820022583e-02,-7.156955450773239136e-02,6.105495989322662354e-02
-1.856992579996585846e-02,-7.190345972776412964e-02,6.110318005084991455e-02
-1.856992579996585846e-02,-7.190345972776412964e-02,6.110318005084991455e-02
-1.872518658638000488e-02,-7.223655283451080322e-02,6.115141510963439941e-02
-1.872518658638000488e-02,-7.223655283451080322e-02,6.115141510963439941e-02
-1.887993328273296356e-02,-7.256882637739181519e-02,6.119965016841888428e-02
-1.887993328273296356e-02,-7.256882637739181519e-02,6.119965016841888428e-02
-1.903415471315383911e-02,-7.290025800466537476e-02,6.124789267778396606e-02
-1.903415471315383911e-02,-7.290025800466537476e-02,6.124789267778396606e-02
-1.918786391615867615e-02,-7.323089241981506348e-02,6.129613518714904785e-02
-1.918786391615867615e-02,-7.323089241981506348e-02,6.129613518714904785e-02
-1.934105157852172852e-02,-7.356069236993789673e-02,6.134438142180442810e-02
-1.934105157852172852e-02,-7.356069236993789673e-02,6.134438142180442810e-02
-1.949371211230754852e-02,-7.388968765735626221e-02,6.139263138175010681e-02
-1.949371211230754852e-02,-7.388968765735626221e-02,6.139263138175010681e-02
-1.964585855603218079e-02,-7.421787828207015991e-02,6.144088506698608398e-02
-1.964585855603218079e-02,-7.421787828207015991e-02,6.144088506698608398e-02
-1.979747973382472992e-02,-7.454526424407958984e-02,6.148914620280265808e-02
-1.979747973382472992e-02,-7.454526424407958984e-02,6.148914620280265808e-02
-1.994857564568519592e-02,-7.487185299396514893e-02,6.153740733861923218e-02
-1.994857564568519592e-02,-7.487185299396514893e-02,6.153740733861923218e-02
-2.009914442896842957e-02,-7.519764453172683716e-02,6.158566474914550781e-02
-2.009914442896842957e-02,-7.519764453172683716e-02,6.158566474914550781e-02
-2.024919167160987854e-02,-7.552263140678405762e-02,6.163393333554267883e-02
-2.024919167160987854e-02,-7.552263140678405762e-02,6.163393333554267883e-02
-2.039870992302894592e-02,-7.584682106971740723e-02,6.168220192193984985e-02
-2.039870992302894592e-02,-7.584682106971740723e-02,6.168220192193984985e-02
-2.054770663380622864e-02,-7.617025077342987061e-02,6.173047423362731934e-02
-2.054770663380622864e-02,-7.617025077342987061e-02,6.173047423362731934e-02
-2.069616876542568207e-02,-7.649288326501846313e-02,6.177875027060508728e-02
-2.069616876542568207e-02,-7.649288326501846313e-02,6.177875027060508728e-02
-2.084410004317760468e-02,-7.681474089622497559e-02,6.182702258229255676e-02
-2.084410004317760468e-02,-7.681474089622497559e-02,6.182702258229255676e-02
-2.099150605499744415e-02,-7.713581621646881104e-02,6.187529861927032471e-02
-2.099150605499744415e-02,-7.713581621646881104e-02,6.187529861927032471e-02
-2.113837748765945435e-02,-7.745613902807235718e-02,6.192357838153839111e-02
-2.113837748765945435e-02,-7.745613902807235718e-02,6.192357838153839111e-02
-2.128471806645393372e-02,-7.777567207813262939e-02,6.197186186909675598e-02
-2.128471806645393372e-02,-7.777567207813262939e-02,6.197186186909675598e-02
-2.143052779138088226e-02,-7.809445261955261230e-02,6.202014163136482239e-02
-2.143052779138088226e-02,-7.809445261955261230e-02,6.202014163136482239e-02
-2.157579921185970306e-02,-7.841245085000991821e-02,6.206842139363288879e-02
-2.157579921185970306e-02,-7.841245085000991821e-02,6.206842139363288879e-02
-2.172053791582584381e-02,-7.872971892356872559e-02,6.211670860648155212e-02
-2.172053791582584381e-02,-7.872971892356872559e-02,6.211670860648155212e-02
-2.186474204063415527e-02,-7.904622703790664673e-02,6.216499209403991699e-02
-2.186474204063415527e-02,-7.904622703790664673e-02,6.216499209403991699e-02
-2.200840786099433899e-02,-7.936198264360427856e-02,6.221327558159828186e-02
-2.200840786099433899e-02,-7.936198264360427856e-02,6.221327558159828186e-02
-2.215153537690639496e-02,-7.967699319124221802e-02,6.226156279444694519e-02
-2.215153537690639496e-02,-7.967699319124221802e-02,6.226156279444694519e-02
-2.229413017630577087e-02,-7.999126613140106201e-02,6.230984255671501160e-02
-2.229413017630577087e-02,-7.999126613140106201e-02,6.230984255671501160e-02
-2.243617549538612366e-02,-8.030478656291961670e-02,6.235813349485397339e-02
-2.243617549538612366e-02,-8.030478656291961670e-02,6.235813349485397339e-02
-2.257768809795379639e-02,-8.061758428812026978e-02,6.240641698241233826e-02
-2.257768809795379639e-02,-8.061758428812026978e-02,6.240641698241233826e-02
-2.271866053342819214e-02,-8.092964440584182739e-02,6.245470046997070312e-02
-2.271866053342819214e-02,-8.092964440584182739e-02,6.245470046997070312e-02
-2.285908721387386322e-02,-8.124098181724548340e-02,6.250298023223876953e-02
-2.285908721387386322e-02,-8.124098181724548340e-02,6.250298023223876953e-02
-2.299897000193595886e-02,-8.155157417058944702e-02,6.255127489566802979e-02
-2.299897000193595886e-02,-8.155157417058944702e-02,6.255127489566802979e-02
-2.313831076025962830e-02,-8.186148107051849365e-02,6.259954720735549927e-02
-2.313831076025962830e-02,-8.186148107051849365e-02,6.259954720735549927e-02
-2.327710203826427460e-02,-8.217065036296844482e-02,6.264782696962356567e-02
-2.327710203826427460e-02,-8.217065036296844482e-02,6.264782696962356567e-02
-2.341535314917564392e-02,-8.247911185026168823e-02,6.269610673189163208e-02
-2.341535314917564392e-02,-8.247911185026168823e-02,6.269610673189163208e-02
-2.355305477976799011e-02,-8.278685063123703003e-02,6.274438649415969849e-02
-2.355305477976799011e-02,-8.278685063123703003e-02,6.274438649415969849e-02
-2.369020879268646240e-02,-8.309388905763626099e-02,6.279265880584716797e-02
-2.369020879268646240e-02,-8.309388905763626099e-02,6.279265880584716797e-02
-2.382681705057621002e-02,-8.340023458003997803e-02,6.284093856811523438e-02
-2.382681705057621002e-02,-8.340023458003997803e-02,6.284093856811523438e-02
-2.396287210285663605e-02,-8.370586484670639038e-02,6.288921087980270386e-02
-2.396287210285663605e-02,-8.370586484670639038e-02,6.288921087980270386e-02
-2.409837581217288971e-02,-8.401081711053848267e-02,6.293748319149017334e-02
-2.409837581217288971e-02,-8.401081711053848267e-02,6.293748319149017334e-02
-2.423333376646041870e-02,-8.431506156921386719e-02,6.298574805259704590e-02
-2.423333376646041870e-02,-8.431506156921386719e-02,6.298574805259704590e-02
-2.436773478984832764e-02,-8.461862057447433472e-02,6.303401291370391846e-02
-2.436773478984832764e-02,-8.461862057447433472e-02,6.303401291370391846e-02
-2.450158260762691498e-02,-8.492151647806167603e-02,6.308227777481079102e-02
-2.450158260762691498e-02,-8.492151647806167603e-02,6.308227777481079102e-02
-2.463487721979618073e-02,-8.522371202707290649e-02,6.313052773475646973e-02
-2.463487721979618073e-02,-8.522371202707290649e-02,6.313052773475646973e-02
-2.476761676371097565e-02,-8.552522212266921997e-02,6.317879259586334229e-02
-2.476761676371097565e-02,-8.552522212266921997e-02,6.317879259586334229e-02
-2.489980123937129974e-02,-8.582606166601181030e-02,6.322704255580902100e-02
-2.489980123937129974e-02,-8.582606166601181030e-02,6.322704255580902100e-02
-2.503143064677715302e-02,-8.612624555826187134e-02,6.327529251575469971e-02
-2.503143064677715302e-02,-8.612624555826187134e-02,6.327529251575469971e-02
-2.516249753534793854e-02,-8.642575144767761230e-02,6.332353502511978149e-02
-2.516249753534793854e-02,-8.642575144767761230e-02,6.332353502511978149e-02
-2.529300563037395477e-02,-8.672460168600082397e-02,6.337177753448486328e-02
-2.529300563037395477e-02,-8.672460168600082397e-02,6.337177753448486328e-02
-2.542295865714550018e-02,-8.702278882265090942e-02,6.342001259326934814e-02
-2.542295865714550018e-02,-8.702278882265090942e-02,6.342001259326934814e-02
-2.555234730243682861e-02,-8.732032030820846558e-02,6.346824765205383301e-02
-2.555234730243682861e-02,-8.732032030820846558e-02,6.346824765205383301e-02
-2.568118087947368622e-02,-8.761720359325408936e-02,6.351647526025772095e-02
-2.568118087947368622e-02,-8.761720359325408936e-02,6.351647526025772095e-02
-2.580944076180458069e-02,-8.791343867778778076e-02,6.356470286846160889e-02
-2.580944076180458069e-02,-8.791343867778778076e-02,6.356470286846160889e-02
-2.593714371323585510e-02,-8.820902556180953979e-02,6.361291557550430298e-02
-2.593714371323585510e-02,-8.820902556180953979e-02,6.361291557550430298e-02
-2.606428228318691254e-02,-8.850397169589996338e-02,6.366113573312759399e-02
-2.606428228318691254e-02,-8.850397169589996338e-02,6.366113573312759399e-02
-2.619085647165775299e-02,-8.879826962947845459e-02,6.370934098958969116e-02
-2.619085647165775299e-02,-8.879826962947845459e-02,6.370934098958969116e-02
-2.631686255335807800e-02,-8.909195661544799805e-02,6.375754624605178833e-02
-2.631686255335807800e-02,-8.909195661544799805e-02,6.375754624605178833e-02
-2.644230052828788757e-02,-8.938498795032501221e-02,6.380574405193328857e-02
-2.644230052828788757e-02,-8.938498795032501221e-02,6.380574405193328857e-02
-2.656717225909233093e-02,-8.967741578817367554e-02,6.385394185781478882e-02
-2.656717225909233093e-02,-8.967741578817367554e-02,6.385394185781478882e-02
-2.669147774577140808e-02,-8.996921777725219727e-02,6.390212476253509521e-02
-2.669147774577140808e-02,-8.996921777725219727e-02,6.390212476253509521e-02
-2.681520953774452209e-02,-9.026038646697998047e-02,6.395030021667480469e-02
-2.681520953774452209e-02,-9.026038646697998047e-02,6.395030021667480469e-02
-2.693837322294712067e-02,-9.055093675851821899e-02,6.399847567081451416e-02
-2.693837322294712067e-02,-9.055093675851821899e-02,6.399847567081451416e-02
-2.706096321344375610e-02,-9.084089100360870361e-02,6.404664367437362671e-02
-2.706096321344375610e-02,-9.084089100360870361e-02,6.404664367437362671e-02
-2.718298509716987610e-02,-9.113022685050964355e-02,6.409480422735214233e-02
-2.718298509716987610e-02,-9.113022685050964355e-02,6.409480422735214233e-02
-2.730442769825458527e-02,-9.141897410154342651e-02,6.414295732975006104e-02
-2.730442769825458527e-02,-9.141897410154342651e-02,6.414295732975006104e-02
-2.742529660463333130e-02,-9.170710295438766479e-02,6.419110298156738281e-02
-2.742529660463333130e-02,-9.170710295438766479e-02,6.419110298156738281e-02
-2.754559367895126343e-02,-9.199463576078414917e-02,6.423924863338470459e-02
-2.754559367895126343e-02,-9.199463576078414917e-02,6.423924863338470459e-02
-2.766531147062778473e-02,-9.228158742189407349e-02,6.428737938404083252e-02
-2.766531147062778473e-02,-9.228158742189407349e-02,6.428737938404083252e-02
-2.778445743024349213e-02,-9.256792813539505005e-02,6.433550268411636353e-02
-2.778445743024349213e-02,-9.256792813539505005e-02,6.433550268411636353e-02
-2.790301665663719177e-02,-9.285369515419006348e-02,6.438361853361129761e-02
-2.790301665663719177e-02,-9.285369515419006348e-02,6.438361853361129761e-02
-2.802100218832492828e-02,-9.313887357711791992e-02,6.443172693252563477e-02
-2.802100218832492828e-02,-9.313887357711791992e-02,6.443172693252563477e-02
-2.813840843737125397e-02,-9.342348575592041016e-02,6.447983533143997192e-02
-2.813840843737125397e-02,-9.342348575592041016e-02,6.447983533143997192e-02
-2.825523354113101959e-02,-9.370750188827514648e-02,6.452792137861251831e-02
-2.825523354113101959e-02,-9.370750188827514648e-02,6.452792137861251831e-02
-2.837147377431392670e-02,-9.399096667766571045e-02,6.457600742578506470e-02
-2.837147377431392670e-02,-9.399096667766571045e-02,6.457600742578506470e-02
-2.848713286221027374e-02,-9.427384287118911743e-02,6.462407857179641724e-02
-2.848713286221027374e-02,-9.427384287118911743e-02,6.462407857179641724e-02
-2.860221080482006073e-02,-9.455616772174835205e-02,6.467214971780776978e-02
-2.860221080482006073e-02,-9.455616772174835205e-02,6.467214971780776978e-02
-2.871670015156269073e-02,-9.483791887760162354e-02,6.472019851207733154e-02
-2.871670015156269073e-02,-9.483791887760162354e-02,6.472019851207733154e-02
-2.883060649037361145e-02,-9.511912614107131958e-02,6.476825475692749023e-02
-2.883060649037361145e-02,-9.511912614107131958e-02,6.476825475692749023e-02
-2.894392795860767365e-02,-9.539977461099624634e-02,6.481628865003585815e-02
-2.894392795860767365e-02,-9.539977461099624634e-02,6.481628865003585815e-02
-2.905666083097457886e-02,-9.567987918853759766e-02,6.486432254314422607e-02
-2.905666083097457886e-02,-9.567987918853759766e-02,6.486432254314422607e-02
-2.916880324482917786e-02,-9.595943242311477661e-02,6.491234153509140015e-02
-2.916880324482917786e-02,-9.595943242311477661e-02,6.491234153509140015e-02
-2.928035892546176910e-02,-9.623842686414718628e-02,6.496035307645797729e-02
-2.928035892546176910e-02,-9.623842686414718628e-02,6.496035307645797729e-02
-2.939132414758205414e-02,-9.651689976453781128e-02,6.500834971666336060e-02
-2.939132414758205414e-02,-9.651689976453781128e-02,6.500834971666336060e-02
-2.950169704854488373e-02,-9.679481387138366699e-02,6.505633145570755005e-02
-2.950169704854488373e-02,-9.679481387138366699e-02,6.505633145570755005e-02
-2.961148135364055634e-02,-9.707223623991012573e-02,6.510431319475173950e-02
-2.961148135364055634e-02,-9.707223623991012573e-02,6.510431319475173950e-02
-2.972066588699817657e-02,-9.734909236431121826e-02,6.515228003263473511e-02
-2.972066588699817657e-02,-9.734909236431121826e-02,6.515228003263473511e-02
-2.982926741242408752e-02,-9.762544184923171997e-02,6.520023941993713379e-02
-2.982926741242408752e-02,-9.762544184923171997e-02,6.520023941993713379e-02
-2.993726544082164764e-02,-9.790126979351043701e-02,6.524818390607833862e-02
-2.993726544082164764e-02,-9.790126979351043701e-02,6.524818390607833862e-02
-3.004466928541660309e-02,-9.817656874656677246e-02,6.529611349105834961e-02
-3.004466928541660309e-02,-9.817656874656677246e-02,6.529611349105834961e-02
-3.015148080885410309e-02,-9.845135360956192017e-02,6.534403562545776367e-02
-3.015148080885410309e-02,-9.845135360956192017e-02,6.534403562545776367e-02
-3.025769442319869995e-02,-9.872563928365707397e-02,6.539194285869598389e-02
-3.025769442319869995e-02,-9.872563928365707397e-02,6.539194285869598389e-02
-3.036330826580524445e-02,-9.899941831827163696e-02,6.543985009193420410e-02
-3.036330826580524445e-02,-9.899941831827163696e-02,6.543985009193420410e-02
-3.046832233667373657e-02,-9.927269816398620605e-02,6.548773497343063354e-02
-3.046832233667373657e-02,-9.927269816398620605e-02,6.548773497343063354e-02
-3.057273291051387787e-02,-9.954546391963958740e-02,6.553561240434646606e-02
-3.057273291051387787e-02,-9.954546391963958740e-02,6.553561240434646606e-02
-3.067654930055141449e-02,-9.981773048639297485e-02,6.558347493410110474e-02
-3.067654930055141449e-02,-9.981773048639297485e-02,6.558347493410110474e-02
-3.077976033091545105e-02,-1.000895276665687561e-01,6.563132256269454956e-02
-3.077976033091545105e-02,-1.000895276665687561e-01,6.563132256269454956e-02
-3.088236600160598755e-02,-1.003608182072639465e-01,6.567916274070739746e-02
-3.088236600160598755e-02,-1.003608182072639465e-01,6.567916274070739746e-02
-3.098437003791332245e-02,-1.006316095590591431e-01,6.572698801755905151e-02
-3.098437003791332245e-02,-1.006316095590591431e-01,6.572698801755905151e-02
-3.108577243983745575e-02,-1.009019315242767334e-01,6.577479094266891479e-02
-3.108577243983745575e-02,-1.009019315242767334e-01,6.577479094266891479e-02
-3.118656761944293976e-02,-1.011717990040779114e-01,6.582259386777877808e-02
-3.118656761944293976e-02,-1.011717990040779114e-01,6.582259386777877808e-02
-3.128675371408462524e-02,-1.014411672949790955e-01,6.587038189172744751e-02
-3.128675371408462524e-02,-1.014411672949790955e-01,6.587038189172744751e-02
-3.138633444905281067e-02,-1.017100661993026733e-01,6.591814756393432617e-02
-3.138633444905281067e-02,-1.017100661993026733e-01,6.591814756393432617e-02
-3.148530423641204834e-02,-1.019785106182098389e-01,6.596589833498001099e-02
-3.148530423641204834e-02,-1.019785106182098389e-01,6.596589833498001099e-02
-3.158366680145263672e-02,-1.022464856505393982e-01,6.601364910602569580e-02
-3.158366680145263672e-02,-1.022464856505393982e-01,6.601364910602569580e-02
-3.168141841888427734e-02,-1.025139912962913513e-01,6.606137007474899292e-02
-3.168141841888427734e-02,-1.025139912962913513e-01,6.606137007474899292e-02
-3.177855536341667175e-02,-1.027810424566268921e-01,6.610909104347229004e-02
-3.177855536341667175e-02,-1.027810424566268921e-01,6.610909104347229004e-02
-3.187508508563041687e-02,-1.030476689338684082e-01,6.615678966045379639e-02
-3.187508508563041687e-02,-1.030476689338684082e-01,6.615678966045379639e-02
-3.197100386023521423e-02,-1.033138185739517212e-01,6.620447337627410889e-02
-3.197100386023521423e-02,-1.033138185739517212e-01,6.620447337627410889e-02
-3.206630051136016846e-02,-1.035795137286186218e-01,6.625214219093322754e-02
-3.206630051136016846e-02,-1.035795137286186218e-01,6.625214219093322754e-02
-3.216099366545677185e-02,-1.038447842001914978e-01,6.629979610443115234e-02
-3.216099366545677185e-02,-1.038447842001914978e-01,6.629979610443115234e-02
-3.225506469607353210e-02,-1.041096150875091553e-01,6.634743511676788330e-02
-3.225506469607353210e-02,-1.041096150875091553e-01,6.634743511676788330e-02
-3.234852105379104614e-02,-1.043740287423133850e-01,6.639505922794342041e-02
-3.234852105379104614e-02,-1.043740287423133850e-01,6.639505922794342041e-02
-3.244135156273841858e-02,-1.046379804611206055e-01,6.644266843795776367e-02
-3.244135156273841858e-02,-1.046379804611206055e-01,6.644266843795776367e-02
-3.253357112407684326e-02,-1.049015223979949951e-01,6.649026274681091309e-02
-3.253357112407684326e-02,-1.049015223979949951e-01,6.649026274681091309e-02
-3.262516856193542480e-02,-1.051646322011947632e-01,6.653783470392227173e-02
-3.262516856193542480e-02,-1.051646322011947632e-01,6.653783470392227173e-02
-3.271614760160446167e-02,-1.054273173213005066e-01,6.658539175987243652e-02
-3.271614760160446167e-02,-1.054273173213005066e-01,6.658539175987243652e-02
-3.280650824308395386e-02,-1.056896001100540161e-01,6.663293391466140747e-02
-3.280650824308395386e-02,-1.056896001100540161e-01,6.663293391466140747e-02
-3.289623931050300598e-02,-1.059514656662940979e-01,6.668046861886978149e-02
-3.289623931050300598e-02,-1.059514656662940979e-01,6.668046861886978149e-02
-3.298535197973251343e-02,-1.062129214406013489e-01,6.672797352075576782e-02
-3.298535197973251343e-02,-1.062129214406013489e-01,6.672797352075576782e-02
-3.307384252548217773e-02,-1.064739748835563660e-01,6.677547097206115723e-02
-3.307384252548217773e-02,-1.064739748835563660e-01,6.677547097206115723e-02
-3.316169977188110352e-02,-1.067346259951591492e-01,6.682294607162475586e-02
-3.316169977188110352e-02,-1.067346259951591492e-01,6.682294607162475586e-02
-3.324894234538078308e-02,-1.069948747754096985e-01,6.687039881944656372e-02
-3.324894234538078308e-02,-1.069948747754096985e-01,6.687039881944656372e-02
-3.333555161952972412e-02,-1.072547286748886108e-01,6.691784411668777466e-02
-3.333555161952972412e-02,-1.072547286748886108e-01,6.691784411668777466e-02
-3.342153131961822510e-02,-1.075141876935958862e-01,6.696526706218719482e-02
-3.342153131961822510e-02,-1.075141876935958862e-01,6.696526706218719482e-02
-3.350688144564628601e-02,-1.077732741832733154e-01,6.701266765594482422e-02
-3.350688144564628601e-02,-1.077732741832733154e-01,6.701266765594482422e-02
-3.359160944819450378e-02,-1.080319583415985107e-01,6.706006079912185669e-02
-3.359160944819450378e-02,-1.080319583415985107e-01,6.706006079912185669e-02
-3.367570415139198303e-02,-1.082902699708938599e-01,6.710743159055709839e-02
-3.367570415139198303e-02,-1.082902699708938599e-01,6.710743159055709839e-02
-3.375916555523872375e-02,-1.085482090711593628e-01,6.715477257966995239e-02
-3.375916555523872375e-02,-1.085482090711593628e-01,6.715477257966995239e-02
-3.384199365973472595e-02,-1.088057756423950195e-01,6.720210611820220947e-02
-3.384199365973472595e-02,-1.088057756423950195e-01,6.720210611820220947e-02
-3.392419219017028809e-02,-1.090629771351814270e-01,6.724942475557327271e-02
-3.392419219017028809e-02,-1.090629771351814270e-01,6.724942475557327271e-02
-3.400575369596481323e-02,-1.093198060989379883e-01,6.729671359062194824e-02
-3.400575369596481323e-02,-1.093198060989379883e-01,6.729671359062194824e-02
-3.408667817711830139e-02,-1.095762699842453003e-01,6.734399497509002686e-02
-3.408667817711830139e-02,-1.095762699842453003e-01,6.734399497509002686e-02
-3.416696935892105103e-02,-1.098323762416839600e-01,6.739124655723571777e-02
-3.416696935892105103e-02,-1.098323762416839600e-01,6.739124655723571777e-02
-3.424662724137306213e-02,-1.100881323218345642e-01,6.743847578763961792e-02
-3.424662724137306213e-02,-1.100881323218345642e-01,6.743847578763961792e-02
-3.432564437389373779e-02,-1.103435307741165161e-01,6.748569756746292114e-02
-3.432564437389373779e-02,-1.103435307741165161e-01,6.748569756746292114e-02
-3.440402448177337646e-02,-1.105985939502716064e-01,6.753289699554443359e-02
-3.440402448177337646e-02,-1.105985939502716064e-01,6.753289699554443359e-02
-3.448176011443138123e-02,-1.108533143997192383e-01,6.758006662130355835e-02
-3.448176011443138123e-02,-1.108533143997192383e-01,6.758006662130355835e-02
-3.455885872244834900e-02,-1.111076772212982178e-01,6.762722879648208618e-02
-3.455885872244834900e-02,-1.111076772212982178e-01,6.762722879648208618e-02
-3.463531285524368286e-02,-1.113617122173309326e-01,6.767436116933822632e-02
-3.463531285524368286e-02,-1.113617122173309326e-01,6.767436116933822632e-02
-3.471112251281738281e-02,-1.116154193878173828e-01,6.772147119045257568e-02
-3.471112251281738281e-02,-1.116154193878173828e-01,6.772147119045257568e-02
-3.478628769516944885e-02,-1.118687912821769714e-01,6.776856631040573120e-02
-3.478628769516944885e-02,-1.118687912821769714e-01,6.776856631040573120e-02
-3.486081957817077637e-02,-1.121218353509902954e-01,6.781563907861709595e-02
-3.486081957817077637e-02,-1.121218353509902954e-01,6.781563907861709595e-02
-3.493469953536987305e-02,-1.123745664954185486e-01,6.786268949508666992e-02
-3.493469953536987305e-02,-1.123745664954185486e-01,6.786268949508666992e-02
-3.500793501734733582e-02,-1.126269698143005371e-01,6.790972501039505005e-02
-3.500793501734733582e-02,-1.126269698143005371e-01,6.790972501039505005e-02
-3.508051857352256775e-02,-1.128790602087974548e-01,6.795673072338104248e-02
-3.508051857352256775e-02,-1.128790602087974548e-01,6.795673072338104248e-02
-3.515246137976646423e-02,-1.131308376789093018e-01,6.800371408462524414e-02
-3.515246137976646423e-02,-1.131308376789093018e-01,6.800371408462524414e-02
-3.522374853491783142e-02,-1.133823171257972717e-01,6.805068254470825195e-02
-3.522374853491783142e-02,-1.133823171257972717e-01,6.805068254470825195e-02
-3.529439121484756470e-02,-1.136334836483001709e-01,6.809761375188827515e-02
-3.529439121484756470e-02,-1.136334836483001709e-01,6.809761375188827515e-02
-3.536438196897506714e-02,-1.138843521475791931e-01,6.814454495906829834e-02
-3.536438196897506714e-02,-1.138843521475791931e-01,6.814454495906829834e-02
-3.543372079730033875e-02,-1.141349151730537415e-01,6.819143891334533691e-02
-3.543372079730033875e-02,-1.141349151730537415e-01,6.819143891334533691e-02
-3.550240769982337952e-02,-1.143851950764656067e-01,6.823831051588058472e-02
-3.550240769982337952e-02,-1.143851950764656067e-01,6.823831051588058472e-02
-3.557043522596359253e-02,-1.146351844072341919e-01,6.828516721725463867e-02
-3.557043522596359253e-02,-1.146351844072341919e-01,6.828516721725463867e-02
-3.563781455159187317e-02,-1.148848906159400940e-01,6.833199411630630493e-02
-3.563781455159187317e-02,-1.148848906159400940e-01,6.833199411630630493e-02
-3.570454195141792297e-02,-1.151343211531639099e-01,6.837879866361618042e-02
-3.570454195141792297e-02,-1.151343211531639099e-01,6.837879866361618042e-02
-3.577059879899024963e-02,-1.153834462165832520e-01,6.842558830976486206e-02
-3.577059879899024963e-02,-1.153834462165832520e-01,6.842558830976486206e-02
-3.583601117134094238e-02,-1.156323254108428955e-01,6.847234070301055908e-02
-3.583601117134094238e-02,-1.156323254108428955e-01,6.847234070301055908e-02
-3.590076416730880737e-02,-1.158809140324592590e-01,6.851907819509506226e-02
-3.590076416730880737e-02,-1.158809140324592590e-01,6.851907819509506226e-02
-3.596485406160354614e-02,-1.161292418837547302e-01,6.856578588485717773e-02
-3.596485406160354614e-02,-1.161292418837547302e-01,6.856578588485717773e-02
-3.602828457951545715e-02,-1.163773089647293091e-01,6.861247122287750244e-02
-3.602828457951545715e-02,-1.163773089647293091e-01,6.861247122287750244e-02
-3.609105944633483887e-02,-1.166251078248023987e-01,6.865913420915603638e-02
-3.609105944633483887e-02,-1.166251078248023987e-01,6.865913420915603638e-02
-3.615317121148109436e-02,-1.168726608157157898e-01,6.870576739311218262e-02
-3.615317121148109436e-02,-1.168726608157157898e-01,6.870576739311218262e-02
-3.621461242437362671e-02,-1.171199604868888855e-01,6.875238567590713501e-02
-3.621461242437362671e-02,-1.171199604868888855e-01,6.875238567590713501e-02
-3.627539798617362976e-02,-1.173670068383216858e-01,6.879896670579910278e-02
-3.627539798617362976e-02,-1.173670068383216858e-01,6.879896670579910278e-02
-3.633552044630050659e-02,-1.176137998700141907e-01,6.884553283452987671e-02
-3.633552044630050659e-02,-1.176137998700141907e-01,6.884553283452987671e-02
-3.639497235417366028e-02,-1.178603544831275940e-01,6.889207661151885986e-02
-3.639497235417366028e-02,-1.178603544831275940e-01,6.889207661151885986e-02
-3.645375370979309082e-02,-1.181066706776618958e-01,6.893858313560485840e-02
-3.645375370979309082e-02,-1.181066706776618958e-01,6.893858313560485840e-02
-3.651187941431999207e-02,-1.183527484536170959e-01,6.898507475852966309e-02
-3.651187941431999207e-02,-1.183527484536170959e-01,6.898507475852966309e-02
-3.656932711601257324e-02,-1.185986101627349854e-01,6.903153657913208008e-02
-3.656932711601257324e-02,-1.185986101627349854e-01,6.903153657913208008e-02
-3.662610799074172974e-02,-1.188442185521125793e-01,6.907796114683151245e-02
-3.662610799074172974e-02,-1.188442185521125793e-01,6.907796114683151245e-02
-3.668222203850746155e-02,-1.190896183252334595e-01,6.912437081336975098e-02
-3.668222203850746155e-02,-1.190896183252334595e-01,6.912437081336975098e-02
-3.673766553401947021e-02,-1.193347945809364319e-01,6.917075812816619873e-02
-3.673766553401947021e-02,-1.193347945809364319e-01,6.917075812816619873e-02
-3.679243102669715881e-02,-1.195797622203826904e-01,6.921711564064025879e-02
-3.679243102669715881e-02,-1.195797622203826904e-01,6.921711564064025879e-02
-3.684652969241142273e-02,-1.198245063424110413e-01,6.926344335079193115e-02
-3.684652969241142273e-02,-1.198245063424110413e-01,6.926344335079193115e-02
-3.689995408058166504e-02,-1.200690492987632751e-01,6.930974125862121582e-02
-3.689995408058166504e-02,-1.200690492987632751e-01,6.930974125862121582e-02
-3.695269674062728882e-02,-1.203133761882781982e-01,6.935601681470870972e-02
-3.695269674062728882e-02,-1.203133761882781982e-01,6.935601681470870972e-02
-3.700477257370948792e-02,-1.205575093626976013e-01,6.940226256847381592e-02
-3.700477257370948792e-02,-1.205575093626976013e-01,6.940226256847381592e-02
-3.705616667866706848e-02,-1.208014413714408875e-01,6.944848597049713135e-02
-3.705616667866706848e-02,-1.208014413714408875e-01,6.944848597049713135e-02
-3.710689023137092590e-02,-1.210451722145080566e-01,6.949467957019805908e-02
-3.710689023137092590e-02,-1.210451722145080566e-01,6.949467957019805908e-02
-3.715693205595016479e-02,-1.212887093424797058e-01,6.954083591699600220e-02
-3.715693205595016479e-02,-1.212887093424797058e-01,6.954083591699600220e-02
-3.720628842711448669e-02,-1.215320602059364319e-01,6.958697736263275146e-02
-3.720628842711448669e-02,-1.215320602059364319e-01,6.958697736263275146e-02
-3.725497424602508545e-02,-1.217752471566200256e-01,6.963308155536651611e-02
-3.725497424602508545e-02,-1.217752471566200256e-01,6.963308155536651611e-02
-3.730297461152076721e-02,-1.220182180404663086e-01,6.967916339635848999e-02
-3.730297461152076721e-02,-1.220182180404663086e-01,6.967916339635848999e-02
-3.735028952360153198e-02,-1.222610399127006531e-01,6.972521543502807617e-02
-3.735028952360153198e-02,-1.222610399127006531e-01,6.972521543502807617e-02
-3.739692270755767822e-02,-1.225036904215812683e-01,6.977123767137527466e-02
-3.739692270755767822e-02,-1.225036904215812683e-01,6.977123767137527466e-02
-3.744287788867950439e-02,-1.227461546659469604e-01,6.981723010540008545e-02
-3.744287788867950439e-02,-1.227461546659469604e-01,6.981723010540008545e-02
-3.748814016580581665e-02,-1.229884624481201172e-01,6.986320018768310547e-02
-3.748814016580581665e-02,-1.229884624481201172e-01,6.986320018768310547e-02
-3.753272444009780884e-02,-1.232305988669395447e-01,6.990913301706314087e-02
-3.753272444009780884e-02,-1.232305988669395447e-01,6.990913301706314087e-02
-3.757661581039428711e-02,-1.234725788235664368e-01,6.995503604412078857e-02
-3.757661581039428711e-02,-1.234725788235664368e-01,6.995503604412078857e-02
-3.761982172727584839e-02,-1.237144023180007935e-01,7.000090926885604858e-02
-3.761982172727584839e-02,-1.237144023180007935e-01,7.000090926885604858e-02
-3.766233846545219421e-02,-1.239560768008232117e-01,7.004675269126892090e-02
-3.766233846545219421e-02,-1.239560768008232117e-01,7.004675269126892090e-02
-3.770417347550392151e-02,-1.241976022720336914e-01,7.009257376194000244e-02
-3.770417347550392151e-02,-1.241976022720336914e-01,7.009257376194000244e-02
-3.774530813097953796e-02,-1.244389861822128296e-01,7.013835757970809937e-02
-3.774530813097953796e-02,-1.244389861822128296e-01,7.013835757970809937e-02
-3.778576105833053589e-02,-1.246802210807800293e-01,7.018411159515380859e-02
-3.778576105833053589e-02,-1.246802210807800293e-01,7.018411159515380859e-02
-3.782550990581512451e-02,-1.249213293194770813e-01,7.022983580827713013e-02
-3.782550990581512451e-02,-1.249213293194770813e-01,7.022983580827713013e-02
-3.786457329988479614e-02,-1.251623034477233887e-01,7.027553021907806396e-02
-3.786457329988479614e-02,-1.251623034477233887e-01,7.027553021907806396e-02
-3.790294378995895386e-02,-1.254031360149383545e-01,7.032119482755661011e-02
-3.790294378995895386e-02,-1.254031360149383545e-01,7.032119482755661011e-02
-3.794061765074729919e-02,-1.256438642740249634e-01,7.036682218313217163e-02
-3.794061765074729919e-02,-1.256438642740249634e-01,7.036682218313217163e-02
-3.797759488224983215e-02,-1.258844584226608276e-01,7.041242718696594238e-02
-3.797759488224983215e-02,-1.258844584226608276e-01,7.041242718696594238e-02
-3.801387175917625427e-02,-1.261249333620071411e-01,7.045799493789672852e-02
-3.801387175917625427e-02,-1.261249333620071411e-01,7.045799493789672852e-02
-3.804946318268775940e-02,-1.263652890920639038e-01,7.050352543592453003e-02
-3.804946318268775940e-02,-1.263652890920639038e-01,7.050352543592453003e-02
-3.808433935046195984e-02,-1.266055405139923096e-01,7.054903358221054077e-02
-3.808433935046195984e-02,-1.266055405139923096e-01,7.054903358221054077e-02
-3.811852633953094482e-02,-1.268456727266311646e-01,7.059450447559356689e-02
-3.811852633953094482e-02,-1.268456727266311646e-01,7.059450447559356689e-02
-3.815200924873352051e-02,-1.270856857299804688e-01,7.063994556665420532e-02
-3.815200924873352051e-02,-1.270856857299804688e-01,7.063994556665420532e-02
-3.818479925394058228e-02,-1.273256391286849976e-01,7.068535685539245605e-02
-3.818479925394058228e-02,-1.273256391286849976e-01,7.068535685539245605e-02
-3.821687772870063782e-02,-1.275654584169387817e-01,7.073073089122772217e-02
-3.821687772870063782e-02,-1.275654584169387817e-01,7.073073089122772217e-02
-3.824825584888458252e-02,-1.278051882982254028e-01,7.077606767416000366e-02
-3.824825584888458252e-02,-1.278051882982254028e-01,7.077606767416000366e-02
-3.827892988920211792e-02,-1.280448436737060547e-01,7.082138210535049438e-02
-3.827892988920211792e-02,-1.280448436737060547e-01,7.082138210535049438e-02
-3.830889612436294556e-02,-1.282844096422195435e-01,7.086665183305740356e-02
-3.830889612436294556e-02,-1.282844096422195435e-01,7.086665183305740356e-02
-3.833815827965736389e-02,-1.285239011049270630e-01,7.091189920902252197e-02
-3.833815827965736389e-02,-1.285239011049270630e-01,7.091189920902252197e-02
-3.836672008037567139e-02,-1.287633031606674194e-01,7.095710933208465576e-02
-3.836672008037567139e-02,-1.287633031606674194e-01,7.095710933208465576e-02
-3.839456290006637573e-02,-1.290026158094406128e-01,7.100228220224380493e-02
-3.839456290006637573e-02,-1.290026158094406128e-01,7.100228220224380493e-02
-3.842170536518096924e-02,-1.292418688535690308e-01,7.104742527008056641e-02
-3.842170536518096924e-02,-1.292418688535690308e-01,7.104742527008056641e-02
-3.844813629984855652e-02,-1.294810622930526733e-01,7.109253108501434326e-02
-3.844813629984855652e-02,-1.294810622930526733e-01,7.109253108501434326e-02
-3.847386315464973450e-02,-1.297201961278915405e-01,7.113760709762573242e-02
-3.847386315464973450e-02,-1.297201961278915405e-01,7.113760709762573242e-02
-3.849886730313301086e-02,-1.299592554569244385e-01,7.118264585733413696e-02
-3.849886730313301086e-02,-1.299592554569244385e-01,7.118264585733413696e-02
-3.852315992116928101e-02,-1.301982402801513672e-01,7.122764736413955688e-02
-3.852315992116928101e-02,-1.301982402801513672e-01,7.122764736413955688e-02
-3.854674473404884338e-02,-1.304371953010559082e-01,7.127261906862258911e-02
-3.854674473404884338e-02,-1.304371953010559082e-01,7.127261906862258911e-02
-3.856961801648139954e-02,-1.306761056184768677e-01,7.131754606962203979e-02
-3.856961801648139954e-02,-1.306761056184768677e-01,7.131754606962203979e-02
-3.859176859259605408e-02,-1.309149563312530518e-01,7.136245071887969971e-02
-3.859176859259605408e-02,-1.309149563312530518e-01,7.136245071887969971e-02
-3.861320763826370239e-02,-1.311537474393844604e-01,7.140731066465377808e-02
-3.861320763826370239e-02,-1.311537474393844604e-01,7.140731066465377808e-02
-3.863392397761344910e-02,-1.313925236463546753e-01,7.145214080810546875e-02
-3.863392397761344910e-02,-1.313925236463546753e-01,7.145214080810546875e-02
-3.865392506122589111e-02,-1.316312402486801147e-01,7.149693369865417480e-02
-3.865392506122589111e-02,-1.316312402486801147e-01,7.149693369865417480e-02
-3.867321833968162537e-02,-1.318699568510055542e-01,7.154168933629989624e-02
-3.867321833968162537e-02,-1.318699568510055542e-01,7.154168933629989624e-02
-3.869177773594856262e-02,-1.321086287498474121e-01,7.158640027046203613e-02
-3.869177773594856262e-02,-1.321086287498474121e-01,7.158640027046203613e-02
-3.870962187647819519e-02,-1.323472708463668823e-01,7.163109630346298218e-02
-3.870962187647819519e-02,-1.323472708463668823e-01,7.163109630346298218e-02
-3.872674331068992615e-02,-1.325858980417251587e-01,7.167574018239974976e-02
-3.872674331068992615e-02,-1.325858980417251587e-01,7.167574018239974976e-02
-3.874313831329345703e-02,-1.328245103359222412e-01,7.172034680843353271e-02
-3.874313831329345703e-02,-1.328245103359222412e-01,7.172034680843353271e-02
-3.875881806015968323e-02,-1.330631077289581299e-01,7.176492363214492798e-02
-3.875881806015968323e-02,-1.330631077289581299e-01,7.176492363214492798e-02
-3.877376765012741089e-02,-1.333016902208328247e-01,7.180946320295333862e-02
-3.877376765012741089e-02,-1.333016902208328247e-01,7.180946320295333862e-02
-3.878799825906753540e-02,-1.335402727127075195e-01,7.185396552085876465e-02
-3.878799825906753540e-02,-1.335402727127075195e-01,7.185396552085876465e-02
-3.880149126052856445e-02,-1.337788403034210205e-01,7.189841568470001221e-02
-3.880149126052856445e-02,-1.337788403034210205e-01,7.189841568470001221e-02
-3.881426900625228882e-02,-1.340174227952957153e-01,7.194285094738006592e-02
-3.881426900625228882e-02,-1.340174227952957153e-01,7.194285094738006592e-02
-3.882631286978721619e-02,-1.342559903860092163e-01,7.198722660541534424e-02
-3.882631286978721619e-02,-1.342559903860092163e-01,7.198722660541534424e-02
-3.883763402700424194e-02,-1.344945728778839111e-01,7.203157246112823486e-02
-3.883763402700424194e-02,-1.344945728778839111e-01,7.203157246112823486e-02
-3.884821757674217224e-02,-1.347331851720809937e-01,7.207588851451873779e-02
-3.884821757674217224e-02,-1.347331851720809937e-01,7.207588851451873779e-02
-3.885807842016220093e-02,-1.349717974662780762e-01,7.212015986442565918e-02
-3.885807842016220093e-02,-1.349717974662780762e-01,7.212015986442565918e-02
-3.886719793081283569e-02,-1.352104246616363525e-01,7.216439396142959595e-02
-3.886719793081283569e-02,-1.352104246616363525e-01,7.216439396142959595e-02
-3.887559100985527039e-02,-1.354490965604782104e-01,7.220857590436935425e-02
-3.887559100985527039e-02,-1.354490965604782104e-01,7.220857590436935425e-02
-3.888325020670890808e-02,-1.356877684593200684e-01,7.225273549556732178e-02
-3.888325020670890808e-02,-1.356877684593200684e-01,7.225273549556732178e-02
-3.889017552137374878e-02,-1.359264701604843140e-01,7.229685038328170776e-02
-3.889017552137374878e-02,-1.359264701604843140e-01,7.229685038328170776e-02
-3.889636322855949402e-02,-1.361652165651321411e-01,7.234093546867370605e-02
-3.889636322855949402e-02,-1.361652165651321411e-01,7.234093546867370605e-02
-3.890182077884674072e-02,-1.364040076732635498e-01,7.238497585058212280e-02
-3.890182077884674072e-02,-1.364040076732635498e-01,7.238497585058212280e-02
-3.890652954578399658e-02,-1.366428285837173462e-01,7.242897152900695801e-02
-3.890652954578399658e-02,-1.366428285837173462e-01,7.242897152900695801e-02
-3.891050815582275391e-02,-1.368816792964935303e-01,7.247292250394821167e-02
-3.891050815582275391e-02,-1.368816792964935303e-01,7.247292250394821167e-02
-3.891374170780181885e-02,-1.371205896139144897e-01,7.251684367656707764e-02
-3.891374170780181885e-02,-1.371205896139144897e-01,7.251684367656707764e-02
-3.891624510288238525e-02,-1.373595595359802246e-01,7.256072014570236206e-02
-3.891624510288238525e-02,-1.373595595359802246e-01,7.256072014570236206e-02
-3.891800343990325928e-02,-1.375985741615295410e-01,7.260456681251525879e-02
-3.891800343990325928e-02,-1.375985741615295410e-01,7.260456681251525879e-02
-3.891901671886444092e-02,-1.378376483917236328e-01,7.264836132526397705e-02
-3.891901671886444092e-02,-1.378376483917236328e-01,7.264836132526397705e-02
-3.891928866505622864e-02,-1.380767971277236938e-01,7.269211113452911377e-02
-3.891928866505622864e-02,-1.380767971277236938e-01,7.269211113452911377e-02
-3.891881555318832397e-02,-1.383160054683685303e-01,7.273582369089126587e-02
-3.891881555318832397e-02,-1.383160054683685303e-01,7.273582369089126587e-02
-3.891760110855102539e-02,-1.385552585124969482e-01,7.277949899435043335e-02
-3.891760110855102539e-02,-1.385552585124969482e-01,7.277949899435043335e-02
-3.891564160585403442e-02,-1.387946307659149170e-01,7.282313704490661621e-02
-3.891564160585403442e-02,-1.387946307659149170e-01,7.282313704490661621e-02
-3.891292959451675415e-02,-1.390340477228164673e-01,7.286673039197921753e-02
-3.891292959451675415e-02,-1.390340477228164673e-01,7.286673039197921753e-02
-3.890947625041007996e-02,-1.392735391855239868e-01,7.291027158498764038e-02
-3.890947625041007996e-02,-1.392735391855239868e-01,7.291027158498764038e-02
-3.890527784824371338e-02,-1.395131200551986694e-01,7.295378297567367554e-02
-3.890527784824371338e-02,-1.395131200551986694e-01,7.295378297567367554e-02
-3.890032693743705750e-02,-1.397528052330017090e-01,7.299725711345672607e-02
-3.890032693743705750e-02,-1.397528052330017090e-01,7.299725711345672607e-02
-3.889462351799011230e-02,-1.399925798177719116e-01,7.304067164659500122e-02
-3.889462351799011230e-02,-1.399925798177719116e-01,7.304067164659500122e-02
-3.888817131519317627e-02,-1.402324438095092773e-01,7.308405637741088867e-02
-3.888817131519317627e-02,-1.402324438095092773e-01,7.308405637741088867e-02
-3.888096287846565247e-02,-1.404723972082138062e-01,7.312738895416259766e-02
-3.888096287846565247e-02,-1.404723972082138062e-01,7.312738895416259766e-02
-3.887300565838813782e-02,-1.407124698162078857e-01,7.317069172859191895e-02
-3.887300565838813782e-02,-1.407124698162078857e-01,7.317069172859191895e-02
-3.886429965496063232e-02,-1.409526318311691284e-01,7.321394234895706177e-02
-3.886429965496063232e-02,-1.409526318311691284e-01,7.321394234895706177e-02
-3.885482996702194214e-02,-1.411928981542587280e-01,7.325714826583862305e-02
-3.885482996702194214e-02,-1.411928981542587280e-01,7.325714826583862305e-02
-3.884460404515266418e-02,-1.414332836866378784e-01,7.330031692981719971e-02
-3.884460404515266418e-02,-1.414332836866378784e-01,7.330031692981719971e-02
-3.883363306522369385e-02,-1.416738033294677734e-01,7.334344089031219482e-02
-3.883363306522369385e-02,-1.416738033294677734e-01,7.334344089031219482e-02
-3.882189095020294189e-02,-1.419144272804260254e-01,7.338652014732360840e-02
-3.882189095020294189e-02,-1.419144272804260254e-01,7.338652014732360840e-02
-3.880940750241279602e-02,-1.421551704406738281e-01,7.342955470085144043e-02
-3.880940750241279602e-02,-1.421551704406738281e-01,7.342955470085144043e-02
-3.879614919424057007e-02,-1.423960477113723755e-01,7.347255200147628784e-02
-3.879614919424057007e-02,-1.423960477113723755e-01,7.347255200147628784e-02
-3.878212720155715942e-02,-1.426370590925216675e-01,7.351548969745635986e-02
-3.878212720155715942e-02,-1.426370590925216675e-01,7.351548969745635986e-02
-3.876736387610435486e-02,-1.428781896829605103e-01,7.355839014053344727e-02
-3.876736387610435486e-02,-1.428781896829605103e-01,7.355839014053344727e-02
-3.875182196497917175e-02,-1.431194990873336792e-01,7.360126078128814697e-02
-3.875182196497917175e-02,-1.431194990873336792e-01,7.360126078128814697e-02
-3.873552381992340088e-02,-1.433608978986740112e-01,7.364406436681747437e-02
-3.873552381992340088e-02,-1.433608978986740112e-01,7.364406436681747437e-02
-3.871846199035644531e-02,-1.436024755239486694e-01,7.368683069944381714e-02
-3.871846199035644531e-02,-1.436024755239486694e-01,7.368683069944381714e-02
-3.870063275098800659e-02,-1.438441872596740723e-01,7.372955232858657837e-02
-3.870063275098800659e-02,-1.438441872596740723e-01,7.372955232858657837e-02
-3.868203982710838318e-02,-1.440860629081726074e-01,7.377222925424575806e-02
-3.868203982710838318e-02,-1.440860629081726074e-01,7.377222925424575806e-02
-3.866268694400787354e-02,-1.443280875682830811e-01,7.381486892700195312e-02
-3.866268694400787354e-02,-1.443280875682830811e-01,7.381486892700195312e-02
-3.864255174994468689e-02,-1.445702612400054932e-01,7.385744154453277588e-02
-3.864255174994468689e-02,-1.445702612400054932e-01,7.385744154453277588e-02
-3.862165659666061401e-02,-1.448126286268234253e-01,7.389999181032180786e-02
-3.862165659666061401e-02,-1.448126286268234253e-01,7.389999181032180786e-02
-3.859999403357505798e-02,-1.450551450252532959e-01,7.394248992204666138e-02
-3.859999403357505798e-02,-1.450551450252532959e-01,7.394248992204666138e-02
-3.857755661010742188e-02,-1.452978402376174927e-01,7.398493587970733643e-02
-3.857755661010742188e-02,-1.452978402376174927e-01,7.398493587970733643e-02
-3.855435177683830261e-02,-1.455406993627548218e-01,7.402733713388442993e-02
-3.855435177683830261e-02,-1.455406993627548218e-01,7.402733713388442993e-02
-3.853036835789680481e-02,-1.457837373018264771e-01,7.406968623399734497e-02
-3.853036835789680481e-02,-1.457837373018264771e-01,7.406968623399734497e-02
-3.850562125444412231e-02,-1.460269540548324585e-01,7.411199808120727539e-02
-3.850562125444412231e-02,-1.460269540548324585e-01,7.411199808120727539e-02
-3.848009556531906128e-02,-1.462703794240951538e-01,7.415425777435302734e-02
-3.848009556531906128e-02,-1.462703794240951538e-01,7.415425777435302734e-02
-3.845379129052162170e-02,-1.465139687061309814e-01,7.419647276401519775e-02
-3.845379129052162170e-02,-1.465139687061309814e-01,7.419647276401519775e-02
-3.842671215534210205e-02,-1.467577666044235229e-01,7.423864305019378662e-02
-3.842671215534210205e-02,-1.467577666044235229e-01,7.423864305019378662e-02
-3.839885815978050232e-02,-1.470017433166503906e-01,7.428076118230819702e-02
-3.839885815978050232e-02,-1.470017433166503906e-01,7.428076118230819702e-02
-3.837022557854652405e-02,-1.472459286451339722e-01,7.432282716035842896e-02
-3.837022557854652405e-02,-1.472459286451339722e-01,7.432282716035842896e-02
-3.834081441164016724e-02,-1.474903374910354614e-01,7.436485588550567627e-02
-3.834081441164016724e-02,-1.474903374910354614e-01,7.436485588550567627e-02
-3.831063210964202881e-02,-1.477349102497100830e-01,7.440682500600814819e-02
-3.831063210964202881e-02,-1.477349102497100830e-01,7.440682500600814819e-02
-3.827966004610061646e-02,-1.479797363281250000e-01,7.444875687360763550e-02
-3.827966004610061646e-02,-1.479797363281250000e-01,7.444875687360763550e-02
-3.824790939688682556e-02,-1.482247412204742432e-01,7.449062913656234741e-02
-3.824790939688682556e-02,-1.482247412204742432e-01,7.449062913656234741e-02
-3.821536898612976074e-02,-1.484699845314025879e-01,7.453245669603347778e-02
-3.821536898612976074e-02,-1.484699845314025879e-01,7.453245669603347778e-02
-3.818206116557121277e-02,-1.487154364585876465e-01,7.457423955202102661e-02
-3.818206116557121277e-02,-1.487154364585876465e-01,7.457423955202102661e-02
-3.814795613288879395e-02,-1.489611268043518066e-01,7.461597025394439697e-02
-3.814795613288879395e-02,-1.489611268043518066e-01,7.461597025394439697e-02
-3.811307251453399658e-02,-1.492070555686950684e-01,7.465765625238418579e-02
-3.811307251453399658e-02,-1.492070555686950684e-01,7.465765625238418579e-02
-3.807739913463592529e-02,-1.494531929492950439e-01,7.469929009675979614e-02
-3.807739913463592529e-02,-1.494531929492950439e-01,7.469929009675979614e-02
-3.804094716906547546e-02,-1.496995836496353149e-01,7.474087178707122803e-02
-3.804094716906547546e-02,-1.496995836496353149e-01,7.474087178707122803e-02
-3.800369426608085632e-02,-1.499462127685546875e-01,7.478240132331848145e-02
-3.800369426608085632e-02,-1.499462127685546875e-01,7.478240132331848145e-02
-3.796566277742385864e-02,-1.501930803060531616e-01,7.482389360666275024e-02
-3.796566277742385864e-02,-1.501930803060531616e-01,7.482389360666275024e-02
-3.792683407664299011e-02,-1.504401862621307373e-01,7.486531883478164673e-02
-3.792683407664299011e-02,-1.504401862621307373e-01,7.486531883478164673e-02
-3.788721933960914612e-02,-1.506875753402709961e-01,7.490669935941696167e-02
-3.788721933960914612e-02,-1.506875753402709961e-01,7.490669935941696167e-02
-3.784681856632232666e-02,-1.509351730346679688e-01,7.494802772998809814e-02
-3.784681856632232666e-02,-1.509351730346679688e-01,7.494802772998809814e-02
-3.780562058091163635e-02,-1.511830389499664307e-01,7.498931884765625000e-02
-3.780562058091163635e-02,-1.511830389499664307e-01,7.498931884765625000e-02
-3.776362538337707520e-02,-1.514312028884887695e-01,7.503055036067962646e-02
-3.776362538337707520e-02,-1.514312028884887695e-01,7.503055036067962646e-02
-3.772084414958953857e-02,-1.516796052455902100e-01,7.507172971963882446e-02
-3.772084414958953857e-02,-1.516796052455902100e-01,7.507172971963882446e-02
-3.767726197838783264e-02,-1.519282609224319458e-01,7.511286437511444092e-02
-3.767726197838783264e-02,-1.519282609224319458e-01,7.511286437511444092e-02
-3.763288632035255432e-02,-1.521771997213363647e-01,7.515393197536468506e-02
-3.763288632035255432e-02,-1.521771997213363647e-01,7.515393197536468506e-02
-3.758770599961280823e-02,-1.524264216423034668e-01,7.519494742155075073e-02
-3.758770599961280823e-02,-1.524264216423034668e-01,7.519494742155075073e-02
-3.754173591732978821e-02,-1.526759266853332520e-01,7.523592561483383179e-02
-3.754173591732978821e-02,-1.526759266853332520e-01,7.523592561483383179e-02
-3.749497234821319580e-02,-1.529257297515869141e-01,7.527685165405273438e-02
-3.749497234821319580e-02,-1.529257297515869141e-01,7.527685165405273438e-02
-3.744739666581153870e-02,-1.531757861375808716e-01,7.531772553920745850e-02
-3.744739666581153870e-02,-1.531757861375808716e-01,7.531772553920745850e-02
-3.739902377128601074e-02,-1.534261405467987061e-01,7.535853981971740723e-02
-3.739902377128601074e-02,-1.534261405467987061e-01,7.535853981971740723e-02
-3.734984993934631348e-02,-1.536767929792404175e-01,7.539930939674377441e-02
-3.734984993934631348e-02,-1.536767929792404175e-01,7.539930939674377441e-02
-3.729987516999244690e-02,-1.539277583360671997e-01,7.544001191854476929e-02
-3.729987516999244690e-02,-1.539277583360671997e-01,7.544001191854476929e-02
-3.724909573793411255e-02,-1.541790217161178589e-01,7.548066973686218262e-02
-3.724909573793411255e-02,-1.541790217161178589e-01,7.548066973686218262e-02
-3.719750791788101196e-02,-1.544305831193923950e-01,7.552128285169601440e-02
-3.719750791788101196e-02,-1.544305831193923950e-01,7.552128285169601440e-02
-3.714512661099433899e-02,-1.546824425458908081e-01,7.556182891130447388e-02
-3.714512661099433899e-02,-1.546824425458908081e-01,7.556182891130447388e-02
-3.709193319082260132e-02,-1.549346297979354858e-01,7.560232281684875488e-02
-3.709193319082260132e-02,-1.549346297979354858e-01,7.560232281684875488e-02
-3.703793138265609741e-02,-1.551871299743652344e-01,7.564277946949005127e-02
-3.703793138265609741e-02,-1.551871299743652344e-01,7.564277946949005127e-02
-3.698311746120452881e-02,-1.554399281740188599e-01,7.568316906690597534e-02
-3.698311746120452881e-02,-1.554399281740188599e-01,7.568316906690597534e-02
-3.692750260233879089e-02,-1.556930840015411377e-01,7.572350651025772095e-02
-3.692750260233879089e-02,-1.556930840015411377e-01,7.572350651025772095e-02
-3.687107563018798828e-02,-1.559465378522872925e-01,7.576378434896469116e-02
-3.687107563018798828e-02,-1.559465378522872925e-01,7.576378434896469116e-02
-3.681383654475212097e-02,-1.562003195285797119e-01,7.580401748418807983e-02
-3.681383654475212097e-02,-1.562003195285797119e-01,7.580401748418807983e-02
-3.675578534603118896e-02,-1.564544737339019775e-01,7.584419101476669312e-02
-3.675578534603118896e-02,-1.564544737339019775e-01,7.584419101476669312e-02
-3.669692203402519226e-02,-1.567089259624481201e-01,7.588431239128112793e-02
-3.669692203402519226e-02,-1.567089259624481201e-01,7.588431239128112793e-02
-3.663724288344383240e-02,-1.569637507200241089e-01,7.592438161373138428e-02
-3.663724288344383240e-02,-1.569637507200241089e-01,7.592438161373138428e-02
-3.657675161957740784e-02,-1.572189033031463623e-01,7.596437633037567139e-02
-3.657675161957740784e-02,-1.572189033031463623e-01,7.596437633037567139e-02
-3.651544451713562012e-02,-1.574743986129760742e-01,7.600434124469757080e-02
-3.651544451713562012e-02,-1.574743986129760742e-01,7.600434124469757080e-02
-3.645332530140876770e-02,-1.577302664518356323e-01,7.604423910379409790e-02
-3.645332530140876770e-02,-1.577302664518356323e-01,7.604423910379409790e-02
-3.639038652181625366e-02,-1.579864621162414551e-01,7.608408480882644653e-02
-3.639038652181625366e-02,-1.579864621162414551e-01,7.608408480882644653e-02
-3.632662817835807800e-02,-1.582430303096771240e-01,7.612387090921401978e-02
-3.632662817835807800e-02,-1.582430303096771240e-01,7.612387090921401978e-02
-3.626204654574394226e-02,-1.584999710321426392e-01,7.616359740495681763e-02
-3.626204654574394226e-02,-1.584999710321426392e-01,7.616359740495681763e-02
-3.619664907455444336e-02,-1.587572544813156128e-01,7.620327919721603394e-02
-3.619664907455444336e-02,-1.587572544813156128e-01,7.620327919721603394e-02
-3.613043576478958130e-02,-1.590149402618408203e-01,7.624289393424987793e-02
-3.613043576478958130e-02,-1.590149402618408203e-01,7.624289393424987793e-02
-3.606339544057846069e-02,-1.592729985713958740e-01,7.628245651721954346e-02
-3.606339544057846069e-02,-1.592729985713958740e-01,7.628245651721954346e-02
-3.599553182721138000e-02,-1.595314145088195801e-01,7.632195204496383667e-02
-3.599553182721138000e-02,-1.595314145088195801e-01,7.632195204496383667e-02
-3.592684492468833923e-02,-1.597901880741119385e-01,7.636140286922454834e-02
-3.592684492468833923e-02,-1.597901880741119385e-01,7.636140286922454834e-02
-3.585733473300933838e-02,-1.600493937730789185e-01,7.640079408884048462e-02
-3.585733473300933838e-02,-1.600493937730789185e-01,7.640079408884048462e-02
-3.578699752688407898e-02,-1.603089720010757446e-01,7.644013315439224243e-02
-3.578699752688407898e-02,-1.603089720010757446e-01,7.644013315439224243e-02
-3.571583703160285950e-02,-1.605689376592636108e-01,7.647941261529922485e-02
-3.571583703160285950e-02,-1.605689376592636108e-01,7.647941261529922485e-02
-3.564384952187538147e-02,-1.608293056488037109e-01,7.651863247156143188e-02
-3.564384952187538147e-02,-1.608293056488037109e-01,7.651863247156143188e-02
-3.557103127241134644e-02,-1.610900610685348511e-01,7.655779272317886353e-02
-3.557103127241134644e-02,-1.610900610685348511e-01,7.655779272317886353e-02
-3.549737855792045593e-02,-1.613512188196182251e-01,7.659689337015151978e-02
-3.549737855792045593e-02,-1.613512188196182251e-01,7.659689337015151978e-02
-3.542290255427360535e-02,-1.616127938032150269e-01,7.663594186305999756e-02
-3.542290255427360535e-02,-1.616127938032150269e-01,7.663594186305999756e-02
-3.534759953618049622e-02,-1.618747711181640625e-01,7.667492330074310303e-02
-3.534759953618049622e-02,-1.618747711181640625e-01,7.667492330074310303e-02
-3.527145460247993469e-02,-1.621371805667877197e-01,7.671384513378143311e-02
-3.527145460247993469e-02,-1.621371805667877197e-01,7.671384513378143311e-02
-3.519448637962341309e-02,-1.623999774456024170e-01,7.675271481275558472e-02
-3.519448637962341309e-02,-1.623999774456024170e-01,7.675271481275558472e-02
-3.511667996644973755e-02,-1.626632213592529297e-01,7.679152488708496094e-02
-3.511667996644973755e-02,-1.626632213592529297e-01,7.679152488708496094e-02
-3.503803163766860962e-02,-1.629268825054168701e-01,7.683028280735015869e-02
-3.503803163766860962e-02,-1.629268825054168701e-01,7.683028280735015869e-02
-3.495856001973152161e-02,-1.631909608840942383e-01,7.686896622180938721e-02
-3.495856001973152161e-02,-1.631909608840942383e-01,7.686896622180938721e-02
-3.487824276089668274e-02,-1.634554862976074219e-01,7.690759748220443726e-02
-3.487824276089668274e-02,-1.634554862976074219e-01,7.690759748220443726e-02
-3.479709103703498840e-02,-1.637204438447952271e-01,7.694616913795471191e-02
-3.479709103703498840e-02,-1.637204438447952271e-01,7.694616913795471191e-02
-3.471510484814643860e-02,-1.639858186244964600e-01,7.698467373847961426e-02
-3.471510484814643860e-02,-1.639858186244964600e-01,7.698467373847961426e-02
-3.463228046894073486e-02,-1.642516702413558960e-01,7.702313363552093506e-02
-3.463228046894073486e-02,-1.642516702413558960e-01,7.702313363552093506e-02
-3.454860672354698181e-02,-1.645179539918899536e-01,7.706152647733688354e-02
-3.454860672354698181e-02,-1.645179539918899536e-01,7.706152647733688354e-02
-3.446409478783607483e-02,-1.647846698760986328e-01,7.709985226392745972e-02
-3.446409478783607483e-02,-1.647846698760986328e-01,7.709985226392745972e-02
-3.437874466180801392e-02,-1.650518774986267090e-01,7.713811844587326050e-02
-3.437874466180801392e-02,-1.650518774986267090e-01,7.713811844587326050e-02
-3.429254889488220215e-02,-1.653195023536682129e-01,7.717633247375488281e-02
-3.429254889488220215e-02,-1.653195023536682129e-01,7.717633247375488281e-02
-3.420551121234893799e-02,-1.655876189470291138e-01,7.721447944641113281e-02
-3.420551121234893799e-02,-1.655876189470291138e-01,7.721447944641113281e-02
-3.411763533949851990e-02,-1.658561974763870239e-01,7.725256681442260742e-02
-3.411763533949851990e-02,-1.658561974763870239e-01,7.725256681442260742e-02
-3.402890264987945557e-02,-1.661252230405807495e-01,7.729059457778930664e-02
-3.402890264987945557e-02,-1.661252230405807495e-01,7.729059457778930664e-02
-3.393932431936264038e-02,-1.663947254419326782e-01,7.732855528593063354e-02
-3.393932431936264038e-02,-1.663947254419326782e-01,7.732855528593063354e-02
-3.384890407323837280e-02,-1.666646897792816162e-01,7.736645638942718506e-02
-3.384890407323837280e-02,-1.666646897792816162e-01,7.736645638942718506e-02
-3.375763073563575745e-02,-1.669351607561111450e-01,7.740430533885955811e-02
-3.375763073563575745e-02,-1.669351607561111450e-01,7.740430533885955811e-02
-3.366551175713539124e-02,-1.672061234712600708e-01,7.744207978248596191e-02
-3.366551175713539124e-02,-1.672061234712600708e-01,7.744207978248596191e-02
-3.357253596186637878e-02,-1.674775481224060059e-01,7.747979462146759033e-02
-3.357253596186637878e-02,-1.674775481224060059e-01,7.747979462146759033e-02
-3.347871080040931702e-02,-1.677494794130325317e-01,7.751744240522384644e-02
-3.347871080040931702e-02,-1.677494794130325317e-01,7.751744240522384644e-02
-3.338403999805450439e-02,-1.680218875408172607e-01,7.755503803491592407e-02
-3.338403999805450439e-02,-1.680218875408172607e-01,7.755503803491592407e-02
-3.328851610422134399e-02,-1.682948172092437744e-01,7.759256660938262939e-02
-3.328851610422134399e-02,-1.682948172092437744e-01,7.759256660938262939e-02
-3.319212794303894043e-02,-1.685682088136672974e-01,7.763003557920455933e-02
-3.319212794303894043e-02,-1.685682088136672974e-01,7.763003557920455933e-02
-3.309489041566848755e-02,-1.688421219587326050e-01,7.766743004322052002e-02
-3.309489041566848755e-02,-1.688421219587326050e-01,7.766743004322052002e-02
-3.299680352210998535e-02,-1.691165715456008911e-01,7.770477235317230225e-02
-3.299680352210998535e-02,-1.691165715456008911e-01,7.770477235317230225e-02
-3.289785236120223999e-02,-1.693914979696273804e-01,7.774204760789871216e-02
-3.289785236120223999e-02,-1.693914979696273804e-01,7.774204760789871216e-02
-3.279804065823554993e-02,-1.696669459342956543e-01,7.777924835681915283e-02
-3.279804065823554993e-02,-1.696669459342956543e-01,7.777924835681915283e-02
-3.269737958908081055e-02,-1.699429154396057129e-01,7.781639695167541504e-02
-3.269737958908081055e-02,-1.699429154396057129e-01,7.781639695167541504e-02
-3.259585425257682800e-02,-1.702194213867187500e-01,7.785348594188690186e-02
-3.259585425257682800e-02,-1.702194213867187500e-01,7.785348594188690186e-02
-3.249347209930419922e-02,-1.704964488744735718e-01,7.789050042629241943e-02
-3.249347209930419922e-02,-1.704964488744735718e-01,7.789050042629241943e-02
-3.239022195339202881e-02,-1.707739830017089844e-01,7.792745530605316162e-02
-3.239022195339202881e-02,-1.707739830017089844e-01,7.792745530605316162e-02
-3.228611126542091370e-02,-1.710520833730697632e-01,7.796434313058853149e-02
-3.228611126542091370e-02,-1.710520833730697632e-01,7.796434313058853149e-02
-3.218114003539085388e-02,-1.713306903839111328e-01,7.800117135047912598e-02
-3.218114003539085388e-02,-1.713306903839111328e-01,7.800117135047912598e-02
-3.207530453801155090e-02,-1.716098636388778687e-01,7.803792506456375122e-02
-3.207530453801155090e-02,-1.716098636388778687e-01,7.803792506456375122e-02
-3.196860477328300476e-02,-1.718895584344863892e-01,7.807462662458419800e-02
-3.196860477328300476e-02,-1.718895584344863892e-01,7.807462662458419800e-02
-3.186103701591491699e-02,-1.721698194742202759e-01,7.811125367879867554e-02
-3.186103701591491699e-02,-1.721698194742202759e-01,7.811125367879867554e-02
-3.175259754061698914e-02,-1.724506169557571411e-01,7.814782112836837769e-02
-3.175259754061698914e-02,-1.724506169557571411e-01,7.814782112836837769e-02
-3.164330124855041504e-02,-1.727319806814193726e-01,7.818430662155151367e-02
-3.164330124855041504e-02,-1.727319806814193726e-01,7.818430662155151367e-02
-3.153312951326370239e-02,-1.730138808488845825e-01,7.822073996067047119e-02
-3.153312951326370239e-02,-1.730138808488845825e-01,7.822073996067047119e-02
-3.142208978533744812e-02,-1.732963770627975464e-01,7.825710624456405640e-02
-3.142208978533744812e-02,-1.732963770627975464e-01,7.825710624456405640e-02
-3.131017833948135376e-02,-1.735794097185134888e-01,7.829340547323226929e-02
-3.131017833948135376e-02,-1.735794097185134888e-01,7.829340547323226929e-02
-3.119739890098571777e-02,-1.738630533218383789e-01,7.832963764667510986e-02
-3.119739890098571777e-02,-1.738630533218383789e-01,7.832963764667510986e-02
-3.108374588191509247e-02,-1.741472184658050537e-01,7.836580276489257812e-02
-3.108374588191509247e-02,-1.741472184658050537e-01,7.836580276489257812e-02
-3.096921183168888092e-02,-1.744319945573806763e-01,7.840190082788467407e-02
-3.096921183168888092e-02,-1.744319945573806763e-01,7.840190082788467407e-02
-3.085381351411342621e-02,-1.747173517942428589e-01,7.843793928623199463e-02
-3.085381351411342621e-02,-1.747173517942428589e-01,7.843793928623199463e-02
-3.073753416538238525e-02,-1.750032603740692139e-01,7.847388833761215210e-02
-3.073753416538238525e-02,-1.750032603740692139e-01,7.847388833761215210e-02
-3.062038123607635498e-02,-1.752897799015045166e-01,7.850978523492813110e-02
-3.062038123607635498e-02,-1.752897799015045166e-01,7.850978523492813110e-02
-3.050235100090503693e-02,-1.755768954753875732e-01,7.854561507701873779e-02
-3.050235100090503693e-02,-1.755768954753875732e-01,7.854561507701873779e-02
-3.038344532251358032e-02,-1.758646070957183838e-01,7.858138531446456909e-02
-3.038344532251358032e-02,-1.758646070957183838e-01,7.858138531446456909e-02
-3.026365488767623901e-02,-1.761528998613357544e-01,7.861707359552383423e-02
-3.026365488767623901e-02,-1.761528998613357544e-01,7.861707359552383423e-02
-3.014298714697360992e-02,-1.764418184757232666e-01,7.865270227193832397e-02
-3.014298714697360992e-02,-1.764418184757232666e-01,7.865270227193832397e-02
-3.002144768834114075e-02,-1.767313331365585327e-01,7.868825644254684448e-02
-3.002144768834114075e-02,-1.767313331365585327e-01,7.868825644254684448e-02
-2.989901416003704071e-02,-1.770214438438415527e-01,7.872374355792999268e-02
-2.989901416003704071e-02,-1.770214438438415527e-01,7.872374355792999268e-02
-2.977570705115795135e-02,-1.773121803998947144e-01,7.875916361808776855e-02
-2.977570705115795135e-02,-1.773121803998947144e-01,7.875916361808776855e-02
-2.965150959789752960e-02,-1.776035279035568237e-01,7.879451662302017212e-02
-2.965150959789752960e-02,-1.776035279035568237e-01,7.879451662302017212e-02
-2.952642552554607391e-02,-1.778955161571502686e-01,7.882979512214660645e-02
-2.952642552554607391e-02,-1.778955161571502686e-01,7.882979512214660645e-02
-2.940046787261962891e-02,-1.781881004571914673e-01,7.886500656604766846e-02
-2.940046787261962891e-02,-1.781881004571914673e-01,7.886500656604766846e-02
-2.927361428737640381e-02,-1.784813255071640015e-01,7.890015095472335815e-02
-2.927361428737640381e-02,-1.784813255071640015e-01,7.890015095472335815e-02
-2.914587967097759247e-02,-1.787751764059066772e-01,7.893522083759307861e-02
-2.914587967097759247e-02,-1.787751764059066772e-01,7.893522083759307861e-02
-2.901725471019744873e-02,-1.790696531534194946e-01,7.897022366523742676e-02
-2.901725471019744873e-02,-1.790696531534194946e-01,7.897022366523742676e-02
-2.888773754239082336e-02,-1.793647855520248413e-01,7.900515198707580566e-02
-2.888773754239082336e-02,-1.793647855520248413e-01,7.900515198707580566e-02
-2.875733375549316406e-02,-1.796605736017227173e-01,7.904002070426940918e-02
-2.875733375549316406e-02,-1.796605736017227173e-01,7.904002070426940918e-02
-2.862603589892387390e-02,-1.799570024013519287e-01,7.907480746507644653e-02
-2.862603589892387390e-02,-1.799570024013519287e-01,7.907480746507644653e-02
-2.849385142326354980e-02,-1.802540421485900879e-01,7.910953462123870850e-02
-2.849385142326354980e-02,-1.802540421485900879e-01,7.910953462123870850e-02
-2.836077101528644562e-02,-1.805517673492431641e-01,7.914417982101440430e-02
-2.836077101528644562e-02,-1.805517673492431641e-01,7.914417982101440430e-02
-2.822679281234741211e-02,-1.808501332998275757e-01,7.917875796556472778e-02
-2.822679281234741211e-02,-1.808501332998275757e-01,7.917875796556472778e-02
-2.809192799031734467e-02,-1.811491549015045166e-01,7.921326905488967896e-02
-2.809192799031734467e-02,-1.811491549015045166e-01,7.921326905488967896e-02
-2.795616909861564636e-02,-1.814488768577575684e-01,7.924769818782806396e-02
-2.795616909861564636e-02,-1.814488768577575684e-01,7.924769818782806396e-02
-2.781950496137142181e-02,-1.817492395639419556e-01,7.928206771612167358e-02
-2.781950496137142181e-02,-1.817492395639419556e-01,7.928206771612167358e-02
-2.768195606768131256e-02,-1.820502728223800659e-01,7.931636273860931396e-02
-2.768195606768131256e-02,-1.820502728223800659e-01,7.931636273860931396e-02
-2.754350006580352783e-02,-1.823519766330718994e-01,7.935057580471038818e-02
-2.754350006580352783e-02,-1.823519766330718994e-01,7.935057580471038818e-02
-2.740414440631866455e-02,-1.826543807983398438e-01,7.938472926616668701e-02
-2.740414440631866455e-02,-1.826543807983398438e-01,7.938472926616668701e-02
-2.726389281451702118e-02,-1.829574406147003174e-01,7.941880822181701660e-02
-2.726389281451702118e-02,-1.829574406147003174e-01,7.941880822181701660e-02
-2.712273597717285156e-02,-1.832612007856369019e-01,7.945282012224197388e-02
-2.712273597717285156e-02,-1.832612007856369019e-01,7.945282012224197388e-02
-2.698067761957645416e-02,-1.835656613111495972e-01,7.948675006628036499e-02
-2.698067761957645416e-02,-1.835656613111495972e-01,7.948675006628036499e-02
-2.683772146701812744e-02,-1.838707923889160156e-01,7.952060550451278687e-02
-2.683772146701812744e-02,-1.838707923889160156e-01,7.952060550451278687e-02
-2.669386193156242371e-02,-1.841766387224197388e-01,7.955439388751983643e-02
-2.669386193156242371e-02,-1.841766387224197388e-01,7.955439388751983643e-02
-2.654908969998359680e-02,-1.844831854104995728e-01,7.958810776472091675e-02
-2.654908969998359680e-02,-1.844831854104995728e-01,7.958810776472091675e-02
-2.640342153608798981e-02,-1.847904175519943237e-01,7.962174713611602783e-02
-2.640342153608798981e-02,-1.847904175519943237e-01,7.962174713611602783e-02
-2.625684253871440887e-02,-1.850983500480651855e-01,7.965530455112457275e-02
-2.625684253871440887e-02,-1.850983500480651855e-01,7.965530455112457275e-02
-2.610935270786285400e-02,-1.854070276021957397e-01,7.968880981206893921e-02
-2.610935270786285400e-02,-1.854070276021957397e-01,7.968880981206893921e-02
-2.596096135675907135e-02,-1.857163757085800171e-01,7.972222566604614258e-02
-2.596096135675907135e-02,-1.857163757085800171e-01,7.972222566604614258e-02
-2.581165917217731476e-02,-1.860264688730239868e-01,7.975557446479797363e-02
-2.581165917217731476e-02,-1.860264688730239868e-01,7.975557446479797363e-02
-2.566144615411758423e-02,-1.863372921943664551e-01,7.978884130716323853e-02
-2.566144615411758423e-02,-1.863372921943664551e-01,7.978884130716323853e-02
-2.551032230257987976e-02,-1.866488307714462280e-01,7.982204109430313110e-02
-2.551032230257987976e-02,-1.866488307714462280e-01,7.982204109430313110e-02
-2.535828575491905212e-02,-1.869610995054244995e-01,7.985515147447586060e-02
-2.535828575491905212e-02,-1.869610995054244995e-01,7.985515147447586060e-02
-2.520533464848995209e-02,-1.872741132974624634e-01,7.988820225000381470e-02
-2.520533464848995209e-02,-1.872741132974624634e-01,7.988820225000381470e-02
-2.505147084593772888e-02,-1.875878423452377319e-01,7.992117851972579956e-02
-2.505147084593772888e-02,-1.875878423452377319e-01,7.992117851972579956e-02
-2.489669248461723328e-02,-1.879023015499114990e-01,7.995407283306121826e-02
-2.489669248461723328e-02,-1.879023015499114990e-01,7.995407283306121826e-02
-2.474099956452846527e-02,-1.882175505161285400e-01,7.998690009117126465e-02
-2.474099956452846527e-02,-1.882175505161285400e-01,7.998690009117126465e-02
-2.458438836038112640e-02,-1.885335147380828857e-01,8.001963794231414795e-02
-2.458438836038112640e-02,-1.885335147380828857e-01,8.001963794231414795e-02
-2.442686073482036591e-02,-1.888502240180969238e-01,8.005230873823165894e-02
-2.442686073482036591e-02,-1.888502240180969238e-01,8.005230873823165894e-02
-2.426841109991073608e-02,-1.891677081584930420e-01,8.008490502834320068e-02
-2.426841109991073608e-02,-1.891677081584930420e-01,8.008490502834320068e-02
-2.410904876887798309e-02,-1.894859522581100464e-01,8.011741936206817627e-02
-2.410904876887798309e-02,-1.894859522581100464e-01,8.011741936206817627e-02
-2.394876442849636078e-02,-1.898049265146255493e-01,8.014985918998718262e-02
-2.394876442849636078e-02,-1.898049265146255493e-01,8.014985918998718262e-02
-2.378755994141101837e-02,-1.901246905326843262e-01,8.018223196268081665e-02
-2.378755994141101837e-02,-1.901246905326843262e-01,8.018223196268081665e-02
-2.362543158233165741e-02,-1.904452145099639893e-01,8.021451532840728760e-02
-2.362543158233165741e-02,-1.904452145099639893e-01,8.021451532840728760e-02
-2.346237935125827789e-02,-1.907665133476257324e-01,8.024672418832778931e-02
-2.346237935125827789e-02,-1.907665133476257324e-01,8.024672418832778931e-02
-2.329840324819087982e-02,-1.910886019468307495e-01,8.027885854244232178e-02
-2.329840324819087982e-02,-1.910886019468307495e-01,8.027885854244232178e-02
-2.313350513577461243e-02,-1.914114505052566528e-01,8.031092584133148193e-02
-2.313350513577461243e-02,-1.914114505052566528e-01,8.031092584133148193e-02
-2.296768315136432648e-02,-1.917350888252258301e-01,8.034288883209228516e-02
-2.296768315136432648e-02,-1.917350888252258301e-01,8.034288883209228516e-02
-2.280092611908912659e-02,-1.920595169067382812e-01,8.037479221820831299e-02
-2.280092611908912659e-02,-1.920595169067382812e-01,8.037479221820831299e-02
-2.263324707746505737e-02,-1.923847347497940063e-01,8.040662109851837158e-02
-2.263324707746505737e-02,-1.923847347497940063e-01,8.040662109851837158e-02
-2.246463485062122345e-02,-1.927107423543930054e-01,8.043836802244186401e-02
-2.246463485062122345e-02,-1.927107423543930054e-01,8.043836802244186401e-02
-2.229509875178337097e-02,-1.930375397205352783e-01,8.047002553939819336e-02
-2.229509875178337097e-02,-1.930375397205352783e-01,8.047002553939819336e-02
-2.212463133037090302e-02,-1.933651715517044067e-01,8.050162345170974731e-02
-2.212463133037090302e-02,-1.933651715517044067e-01,8.050162345170974731e-02
-2.195323258638381958e-02,-1.936935782432556152e-01,8.053313195705413818e-02
-2.195323258638381958e-02,-1.936935782432556152e-01,8.053313195705413818e-02
-2.178090251982212067e-02,-1.940228193998336792e-01,8.056456595659255981e-02
-2.178090251982212067e-02,-1.940228193998336792e-01,8.056456595659255981e-02
-2.160763740539550781e-02,-1.943528503179550171e-01,8.059591799974441528e-02
-2.160763740539550781e-02,-1.943528503179550171e-01,8.059591799974441528e-02
-2.143344096839427948e-02,-1.946837157011032104e-01,8.062719553709030151e-02
-2.143344096839427948e-02,-1.946837157011032104e-01,8.062719553709030151e-02
-2.125830575823783875e-02,-1.950153857469558716e-01,8.065839111804962158e-02
-2.125830575823783875e-02,-1.950153857469558716e-01,8.065839111804962158e-02
-2.108223550021648407e-02,-1.953478753566741943e-01,8.068950474262237549e-02
-2.108223550021648407e-02,-1.953478753566741943e-01,8.068950474262237549e-02
-2.090523205697536469e-02,-1.956811994314193726e-01,8.072054386138916016e-02
-2.090523205697536469e-02,-1.956811994314193726e-01,8.072054386138916016e-02
-2.072728611528873444e-02,-1.960153579711914062e-01,8.075149357318878174e-02
-2.072728611528873444e-02,-1.960153579711914062e-01,8.075149357318878174e-02
-2.054840512573719025e-02,-1.963503509759902954e-01,8.078237622976303101e-02
-2.054840512573719025e-02,-1.963503509759902954e-01,8.078237622976303101e-02
-2.036857977509498596e-02,-1.966861933469772339e-01,8.081316947937011719e-02
-2.036857977509498596e-02,-1.966861933469772339e-01,8.081316947937011719e-02
-2.018781751394271851e-02,-1.970228552818298340e-01,8.084388077259063721e-02
-2.018781751394271851e-02,-1.970228552818298340e-01,8.084388077259063721e-02
-2.000611647963523865e-02,-1.973603665828704834e-01,8.087451756000518799e-02
-2.000611647963523865e-02,-1.973603665828704834e-01,8.087451756000518799e-02
-1.982346549630165100e-02,-1.976987421512603760e-01,8.090507239103317261e-02
-1.982346549630165100e-02,-1.976987421512603760e-01,8.090507239103317261e-02
-1.963988319039344788e-02,-1.980379372835159302e-01,8.093554526567459106e-02
-1.963988319039344788e-02,-1.980379372835159302e-01,8.093554526567459106e-02
-1.945534721016883850e-02,-1.983780115842819214e-01,8.096594363451004028e-02
-1.945534721016883850e-02,-1.983780115842819214e-01,8.096594363451004028e-02
-1.926987245678901672e-02,-1.987189650535583496e-01,8.099625259637832642e-02
-1.926987245678901672e-02,-1.987189650535583496e-01,8.099625259637832642e-02
-1.908344589173793793e-02,-1.990607380867004395e-01,8.102647960186004639e-02
-1.908344589173793793e-02,-1.990607380867004395e-01,8.102647960186004639e-02
-1.889607682824134827e-02,-1.994033902883529663e-01,8.105663210153579712e-02
-1.889607682824134827e-02,-1.994033902883529663e-01,8.105663210153579712e-02
-1.870775409042835236e-02,-1.997469365596771240e-01,8.108669519424438477e-02
-1.870775409042835236e-02,-1.997469365596771240e-01,8.108669519424438477e-02
-1.851849257946014404e-02,-2.000913470983505249e-01,8.111668378114700317e-02
-1.851849257946014404e-02,-2.000913470983505249e-01,8.111668378114700317e-02
-1.832827180624008179e-02,-2.004366368055343628e-01,8.114659041166305542e-02
-1.832827180624008179e-02,-2.004366368055343628e-01,8.114659041166305542e-02
-1.813710108399391174e-02,-2.007828056812286377e-01,8.117640763521194458e-02
-1.813710108399391174e-02,-2.007828056812286377e-01,8.117640763521194458e-02
-1.794498600065708160e-02,-2.011298388242721558e-01,8.120614290237426758e-02
-1.794498600065708160e-02,-2.011298388242721558e-01,8.120614290237426758e-02
-1.775191165506839752e-02,-2.014777660369873047e-01,8.123578876256942749e-02
-1.775191165506839752e-02,-2.014777660369873047e-01,8.123578876256942749e-02
-1.755788736045360565e-02,-2.018266171216964722e-01,8.126536011695861816e-02
-1.755788736045360565e-02,-2.018266171216964722e-01,8.126536011695861816e-02
-1.736290939152240753e-02,-2.021763473749160767e-01,8.129484951496124268e-02
-1.736290939152240753e-02,-2.021763473749160767e-01,8.129484951496124268e-02
-1.716697029769420624e-02,-2.025269716978073120e-01,8.132425695657730103e-02
-1.716697029769420624e-02,-2.025269716978073120e-01,8.132425695657730103e-02
-1.697008125483989716e-02,-2.028784900903701782e-01,8.135357499122619629e-02
-1.697008125483989716e-02,-2.028784900903701782e-01,8.135357499122619629e-02
-1.677223667502403259e-02,-2.032309323549270630e-01,8.138281852006912231e-02
-1.677223667502403259e-02,-2.032309323549270630e-01,8.138281852006912231e-02
-1.657343469560146332e-02,-2.035842835903167725e-01,8.141196519136428833e-02
-1.657343469560146332e-02,-2.035842835903167725e-01,8.141196519136428833e-02
-1.637366786599159241e-02,-2.039385437965393066e-01,8.144104480743408203e-02
-1.637366786599159241e-02,-2.039385437965393066e-01,8.144104480743408203e-02
-1.617294177412986755e-02,-2.042937278747558594e-01,8.147002011537551880e-02
-1.617294177412986755e-02,-2.042937278747558594e-01,8.147002011537551880e-02
-1.597126200795173645e-02,-2.046498209238052368e-01,8.149892091751098633e-02
-1.597126200795173645e-02,-2.046498209238052368e-01,8.149892091751098633e-02
-1.576861552894115448e-02,-2.050068378448486328e-01,8.152773976325988770e-02
-1.576861552894115448e-02,-2.050068378448486328e-01,8.152773976325988770e-02
-1.556500606238842010e-02,-2.053647935390472412e-01,8.155646175146102905e-02
-1.556500606238842010e-02,-2.053647935390472412e-01,8.155646175146102905e-02
-1.536042895168066025e-02,-2.057236880064010620e-01,8.158512413501739502e-02
-1.536042895168066025e-02,-2.057236880064010620e-01,8.158512413501739502e-02
-1.515489351004362106e-02,-2.060835212469100952e-01,8.161368221044540405e-02
-1.515489351004362106e-02,-2.060835212469100952e-01,8.161368221044540405e-02
-1.494839135557413101e-02,-2.064442634582519531e-01,8.164216578006744385e-02
-1.494839135557413101e-02,-2.064442634582519531e-01,8.164216578006744385e-02
-1.474092435091733932e-02,-2.068059593439102173e-01,8.167054504156112671e-02
-1.474092435091733932e-02,-2.068059593439102173e-01,8.167054504156112671e-02
-1.453249435871839523e-02,-2.071686238050460815e-01,8.169885724782943726e-02
-1.453249435871839523e-02,-2.071686238050460815e-01,8.169885724782943726e-02
-1.432308927178382874e-02,-2.075322121381759644e-01,8.172707259654998779e-02
-1.432308927178382874e-02,-2.075322121381759644e-01,8.172707259654998779e-02
-1.411271747201681137e-02,-2.078967690467834473e-01,8.175520598888397217e-02
-1.411271747201681137e-02,-2.078967690467834473e-01,8.175520598888397217e-02
-1.390137709677219391e-02,-2.082622647285461426e-01,8.178324997425079346e-02
-1.390137709677219391e-02,-2.082622647285461426e-01,8.178324997425079346e-02
-1.368906442075967789e-02,-2.086287587881088257e-01,8.181121200323104858e-02
-1.368906442075967789e-02,-2.086287587881088257e-01,8.181121200323104858e-02
-1.347577478736639023e-02,-2.089961916208267212e-01,8.183908462524414062e-02
-1.347577478736639023e-02,-2.089961916208267212e-01,8.183908462524414062e-02
-1.326152309775352478e-02,-2.093646079301834106e-01,8.186687529087066650e-02
-1.326152309775352478e-02,-2.093646079301834106e-01,8.186687529087066650e-02
-1.304629072546958923e-02,-2.097339630126953125e-01,8.189457654953002930e-02
-1.304629072546958923e-02,-2.097339630126953125e-01,8.189457654953002930e-02
-1.283008791506290436e-02,-2.101043164730072021e-01,8.192218840122222900e-02
-1.283008791506290436e-02,-2.101043164730072021e-01,8.192218840122222900e-02
-1.261290535330772400e-02,-2.104756534099578857e-01,8.194971829652786255e-02
-1.261290535330772400e-02,-2.104756534099578857e-01,8.194971829652786255e-02
-1.239475328475236893e-02,-2.108479738235473633e-01,8.197715133428573608e-02
-1.239475328475236893e-02,-2.108479738235473633e-01,8.197715133428573608e-02
-1.217561773955821991e-02,-2.112212628126144409e-01,8.200448751449584961e-02
-1.217561773955821991e-02,-2.112212628126144409e-01,8.200448751449584961e-02
-1.195550709962844849e-02,-2.115955799818038940e-01,8.203175663948059082e-02
-1.195550709962844849e-02,-2.115955799818038940e-01,8.203175663948059082e-02
-1.173441670835018158e-02,-2.119708508253097534e-01,8.205894380807876587e-02
-1.173441670835018158e-02,-2.119708508253097534e-01,8.205894380807876587e-02
-1.151234656572341919e-02,-2.123471498489379883e-01,8.208601921796798706e-02
-1.151234656572341919e-02,-2.123471498489379883e-01,8.208601921796798706e-02
-1.128928549587726593e-02,-2.127244323492050171e-01,8.211302012205123901e-02
-1.128928549587726593e-02,-2.127244323492050171e-01,8.211302012205123901e-02
-1.106525864452123642e-02,-2.131026983261108398e-01,8.213993161916732788e-02
-1.106525864452123642e-02,-2.131026983261108398e-01,8.213993161916732788e-02
-1.084023900330066681e-02,-2.134819924831390381e-01,8.216673880815505981e-02
-1.084023900330066681e-02,-2.134819924831390381e-01,8.216673880815505981e-02
-1.061424147337675095e-02,-2.138623148202896118e-01,8.219347894191741943e-02
-1.061424147337675095e-02,-2.138623148202896118e-01,8.219347894191741943e-02
-1.038725860416889191e-02,-2.142436206340789795e-01,8.222011476755142212e-02
-1.038725860416889191e-02,-2.142436206340789795e-01,8.222011476755142212e-02
-1.015928667038679123e-02,-2.146259844303131104e-01,8.224667608737945557e-02
-1.015928667038679123e-02,-2.146259844303131104e-01,8.224667608737945557e-02
-9.930333122611045837e-03,-2.150093317031860352e-01,8.227312564849853516e-02
-9.930333122611045837e-03,-2.150093317031860352e-01,8.227312564849853516e-02
-9.700390510261058807e-03,-2.153937518596649170e-01,8.229950070381164551e-02
-9.700390510261058807e-03,-2.153937518596649170e-01,8.229950070381164551e-02
-9.469458833336830139e-03,-2.157791554927825928e-01,8.232579380273818970e-02
-9.469458833336830139e-03,-2.157791554927825928e-01,8.232579380273818970e-02
-9.237534366548061371e-03,-2.161656320095062256e-01,8.235197514295578003e-02
-9.237534366548061371e-03,-2.161656320095062256e-01,8.235197514295578003e-02
-9.004622697830200195e-03,-2.165531367063522339e-01,8.237808197736740112e-02
-9.004622697830200195e-03,-2.165531367063522339e-01,8.237808197736740112e-02
-8.770721964538097382e-03,-2.169416546821594238e-01,8.240409195423126221e-02
-8.770721964538097382e-03,-2.169416546821594238e-01,8.240409195423126221e-02
-8.535827510058879852e-03,-2.173312306404113770e-01,8.243001252412796021e-02
-8.535827510058879852e-03,-2.173312306404113770e-01,8.243001252412796021e-02
-8.299940265715122223e-03,-2.177218645811080933e-01,8.245584368705749512e-02
-8.299940265715122223e-03,-2.177218645811080933e-01,8.245584368705749512e-02
-8.063060231506824493e-03,-2.181135118007659912e-01,8.248158544301986694e-02
-8.063060231506824493e-03,-2.181135118007659912e-01,8.248158544301986694e-02
-7.825184613466262817e-03,-2.185062617063522339e-01,8.250723779201507568e-02
-7.825184613466262817e-03,-2.185062617063522339e-01,8.250723779201507568e-02
-7.586315739899873734e-03,-2.189000546932220459e-01,8.253279328346252441e-02
-7.586315739899873734e-03,-2.189000546932220459e-01,8.253279328346252441e-02
-7.346443831920623779e-03,-2.192949205636978149e-01,8.255825936794281006e-02
-7.346443831920623779e-03,-2.192949205636978149e-01,8.255825936794281006e-02
-7.105577737092971802e-03,-2.196908295154571533e-01,8.258362859487533569e-02
-7.105577737092971802e-03,-2.196908295154571533e-01,8.258362859487533569e-02
-6.863716989755630493e-03,-2.200878262519836426e-01,8.260890096426010132e-02
-6.863716989755630493e-03,-2.200878262519836426e-01,8.260890096426010132e-02
-6.620851345360279083e-03,-2.204858958721160889e-01,8.263409137725830078e-02
-6.620851345360279083e-03,-2.204858958721160889e-01,8.263409137725830078e-02
-6.376995239406824112e-03,-2.208850383758544922e-01,8.265918493270874023e-02
-6.376995239406824112e-03,-2.208850383758544922e-01,8.265918493270874023e-02
-6.132125388830900192e-03,-2.212852537631988525e-01,8.268420398235321045e-02
-6.132125388830900192e-03,-2.212852537631988525e-01,8.268420398235321045e-02
-5.886261351406574249e-03,-2.216865420341491699e-01,8.270911127328872681e-02
-5.886261351406574249e-03,-2.216865420341491699e-01,8.270911127328872681e-02
-5.639394279569387436e-03,-2.220889627933502197e-01,8.273392915725708008e-02
-5.639394279569387436e-03,-2.220889627933502197e-01,8.273392915725708008e-02
-5.391517654061317444e-03,-2.224924415349960327e-01,8.275865763425827026e-02
-5.391517654061317444e-03,-2.224924415349960327e-01,8.275865763425827026e-02
-5.142637994140386581e-03,-2.228970378637313843e-01,8.278328925371170044e-02
-5.142637994140386581e-03,-2.228970378637313843e-01,8.278328925371170044e-02
-4.892759490758180618e-03,-2.233027070760726929e-01,8.280781656503677368e-02
-4.892759490758180618e-03,-2.233027070760726929e-01,8.280781656503677368e-02
-4.641865380108356476e-03,-2.237094938755035400e-01,8.283226937055587769e-02
-4.641865380108356476e-03,-2.237094938755035400e-01,8.283226937055587769e-02
-4.389970097690820694e-03,-2.241173833608627319e-01,8.285661786794662476e-02
-4.389970097690820694e-03,-2.241173833608627319e-01,8.285661786794662476e-02
-4.137063398957252502e-03,-2.245263755321502686e-01,8.288087695837020874e-02
-4.137063398957252502e-03,-2.245263755321502686e-01,8.288087695837020874e-02
-3.883147612214088440e-03,-2.249364852905273438e-01,8.290504664182662964e-02
-3.883147612214088440e-03,-2.249364852905273438e-01,8.290504664182662964e-02
-3.628222271800041199e-03,-2.253477126359939575e-01,8.292911946773529053e-02
-3.628222271800041199e-03,-2.253477126359939575e-01,8.292911946773529053e-02
-3.372285515069961548e-03,-2.257600724697113037e-01,8.295308798551559448e-02
-3.372285515069961548e-03,-2.257600724697113037e-01,8.295308798551559448e-02
-3.115337109193205833e-03,-2.261735498905181885e-01,8.297696709632873535e-02
-3.115337109193205833e-03,-2.261735498905181885e-01,8.297696709632873535e-02
-2.857372863218188286e-03,-2.265881448984146118e-01,8.300074934959411621e-02
-2.857372863218188286e-03,-2.265881448984146118e-01,8.300074934959411621e-02
-2.598393009975552559e-03,-2.270038872957229614e-01,8.302443474531173706e-02
-2.598393009975552559e-03,-2.270038872957229614e-01,8.302443474531173706e-02
-2.338407794013619423e-03,-2.274207472801208496e-01,8.304802328348159790e-02
-2.338407794013619423e-03,-2.274207472801208496e-01,8.304802328348159790e-02
-2.077396493405103683e-03,-2.278387546539306641e-01,8.307153731584548950e-02
-2.077396493405103683e-03,-2.278387546539306641e-01,8.307153731584548950e-02
-1.815373427234590054e-03,-2.282579094171524048e-01,8.309493958950042725e-02
-1.815373427234590054e-03,-2.282579094171524048e-01,8.309493958950042725e-02
-1.552332541905343533e-03,-2.286781966686248779e-01,8.311824500560760498e-02
-1.552332541905343533e-03,-2.286781966686248779e-01,8.311824500560760498e-02
-1.288269530050456524e-03,-2.290996462106704712e-01,8.314145356416702271e-02
-1.288269530050456524e-03,-2.290996462106704712e-01,8.314145356416702271e-02
-1.023188582621514797e-03,-2.295222580432891846e-01,8.316456526517868042e-02
-1.023188582621514797e-03,-2.295222580432891846e-01,8.316456526517868042e-02
-7.570919697172939777e-04,-2.299460023641586304e-01,8.318758755922317505e-02
-7.570919697172939777e-04,-2.299460023641586304e-01,8.318758755922317505e-02
-4.899710183963179588e-04,-2.303709238767623901e-01,8.321050554513931274e-02
-4.899710183963179588e-04,-2.303709238767623901e-01,8.321050554513931274e-02
-2.218258450739085674e-04,-2.307969927787780762e-01,8.323333412408828735e-02
-2.218258450739085674e-04,-2.307969927787780762e-01,8.323333412408828735e-02
4.734361573355272412e-05,-2.312242537736892700e-01,8.325606584548950195e-02
4.734361573355272412e-05,-2.312242537736892700e-01,8.325606584548950195e-02
3.175330930389463902e-04,-2.316526621580123901e-01,8.327869325876235962e-02
3.175330930389463902e-04,-2.316526621580123901e-01,8.327869325876235962e-02
5.887532024644315243e-04,-2.320822775363922119e-01,8.330122381448745728e-02
5.887532024644315243e-04,-2.320822775363922119e-01,8.330122381448745728e-02
8.609912474639713764e-04,-2.325130403041839600e-01,8.332365751266479492e-02
8.609912474639713764e-04,-2.325130403041839600e-01,8.332365751266479492e-02
1.134261954575777054e-03,-2.329450100660324097e-01,8.334599435329437256e-02
1.134261954575777054e-03,-2.329450100660324097e-01,8.334599435329437256e-02
1.408559153787791729e-03,-2.333781421184539795e-01,8.336824178695678711e-02
1.408559153787791729e-03,-2.333781421184539795e-01,8.336824178695678711e-02
1.683882786892354488e-03,-2.338124811649322510e-01,8.339038491249084473e-02
1.683882786892354488e-03,-2.338124811649322510e-01,8.339038491249084473e-02
1.960241235792636871e-03,-2.342479974031448364e-01,8.341243118047714233e-02
1.960241235792636871e-03,-2.342479974031448364e-01,8.341243118047714233e-02
2.237619599327445030e-03,-2.346847057342529297e-01,8.343438059091567993e-02
2.237619599327445030e-03,-2.346847057342529297e-01,8.343438059091567993e-02
2.516039414331316948e-03,-2.351226210594177246e-01,8.345622569322586060e-02
2.516039414331316948e-03,-2.351226210594177246e-01,8.345622569322586060e-02
2.795493928715586662e-03,-2.355617731809616089e-01,8.347797393798828125e-02
2.795493928715586662e-03,-2.355617731809616089e-01,8.347797393798828125e-02
3.075977088883519173e-03,-2.360021173954010010e-01,8.349962532520294189e-02
3.075977088883519173e-03,-2.360021173954010010e-01,8.349962532520294189e-02
3.357493085786700249e-03,-2.364436239004135132e-01,8.352116495370864868e-02
3.357493085786700249e-03,-2.364436239004135132e-01,8.352116495370864868e-02
3.640045877546072006e-03,-2.368863970041275024e-01,8.354262262582778931e-02
3.640045877546072006e-03,-2.368863970041275024e-01,8.354262262582778931e-02
3.923635929822921753e-03,-2.373303771018981934e-01,8.356398344039916992e-02
3.923635929822921753e-03,-2.373303771018981934e-01,8.356398344039916992e-02
4.208263009786605835e-03,-2.377755790948867798e-01,8.358523249626159668e-02
4.208263009786605835e-03,-2.377755790948867798e-01,8.358523249626159668e-02
4.493922460824251175e-03,-2.382220029830932617e-01,8.360638469457626343e-02
4.493922460824251175e-03,-2.382220029830932617e-01,8.360638469457626343e-02
4.780627787113189697e-03,-2.386696636676788330e-01,8.362744003534317017e-02
4.780627787113189697e-03,-2.386696636676788330e-01,8.362744003534317017e-02
5.068367812782526016e-03,-2.391185313463211060e-01,8.364838361740112305e-02
5.068367812782526016e-03,-2.391185313463211060e-01,8.364838361740112305e-02
5.357149522751569748e-03,-2.395686656236648560e-01,8.366923779249191284e-02
5.357149522751569748e-03,-2.395686656236648560e-01,8.366923779249191284e-02
5.646976176649332047e-03,-2.400200217962265015e-01,8.368998020887374878e-02
5.646976176649332047e-03,-2.400200217962265015e-01,8.368998020887374878e-02
5.937844514846801758e-03,-2.404726445674896240e-01,8.371063321828842163e-02
5.937844514846801758e-03,-2.404726445674896240e-01,8.371063321828842163e-02
6.229751743376255035e-03,-2.409264743328094482e-01,8.373118937015533447e-02
6.229751743376255035e-03,-2.409264743328094482e-01,8.373118937015533447e-02
6.522704381495714188e-03,-2.413815706968307495e-01,8.375163376331329346e-02
6.522704381495714188e-03,-2.413815706968307495e-01,8.375163376331329346e-02
6.816705223172903061e-03,-2.418379634618759155e-01,8.377198129892349243e-02
6.816705223172903061e-03,-2.418379634618759155e-01,8.377198129892349243e-02
7.111749146133661270e-03,-2.422955781221389771e-01,8.379221707582473755e-02
7.111749146133661270e-03,-2.422955781221389771e-01,8.379221707582473755e-02
7.407846860587596893e-03,-2.427544593811035156e-01,8.381236344575881958e-02
7.407846860587596893e-03,-2.427544593811035156e-01,8.381236344575881958e-02
7.704988121986389160e-03,-2.432146072387695312e-01,8.383240550756454468e-02
7.704988121986389160e-03,-2.432146072387695312e-01,8.383240550756454468e-02
8.003177121281623840e-03,-2.436760216951370239e-01,8.385235071182250977e-02
8.003177121281623840e-03,-2.436760216951370239e-01,8.385235071182250977e-02
8.302417583763599396e-03,-2.441387325525283813e-01,8.387219160795211792e-02
8.302417583763599396e-03,-2.441387325525283813e-01,8.387219160795211792e-02
8.602708578109741211e-03,-2.446026802062988281e-01,8.389192819595336914e-02
8.602708578109741211e-03,-2.446026802062988281e-01,8.389192819595336914e-02
8.904052898287773132e-03,-2.450679242610931396e-01,8.391155302524566650e-02
8.904052898287773132e-03,-2.450679242610931396e-01,8.391155302524566650e-02
9.206451475620269775e-03,-2.455344647169113159e-01,8.393108099699020386e-02
9.206451475620269775e-03,-2.455344647169113159e-01,8.393108099699020386e-02
9.509897790849208832e-03,-2.460022866725921631e-01,8.395051211118698120e-02
9.509897790849208832e-03,-2.460022866725921631e-01,8.395051211118698120e-02
9.814398363232612610e-03,-2.464713901281356812e-01,8.396983146667480469e-02
9.814398363232612610e-03,-2.464713901281356812e-01,8.396983146667480469e-02
1.011995412409305573e-02,-2.469417899847030640e-01,8.398904651403427124e-02
1.011995412409305573e-02,-2.469417899847030640e-01,8.398904651403427124e-02
1.042657345533370972e-02,-2.474134862422943115e-01,8.400816470384597778e-02
1.042657345533370972e-02,-2.474134862422943115e-01,8.400816470384597778e-02
1.073424238711595535e-02,-2.478864938020706177e-01,8.402717858552932739e-02
1.073424238711595535e-02,-2.478864938020706177e-01,8.402717858552932739e-02
1.104297302663326263e-02,-2.483607977628707886e-01,8.404608815908432007e-02
1.104297302663326263e-02,-2.483607977628707886e-01,8.404608815908432007e-02
1.135276537388563156e-02,-2.488364130258560181e-01,8.406488597393035889e-02
1.135276537388563156e-02,-2.488364130258560181e-01,8.406488597393035889e-02
1.166361290961503983e-02,-2.493133544921875000e-01,8.408358693122863770e-02
1.166361290961503983e-02,-2.493133544921875000e-01,8.408358693122863770e-02
1.197552122175693512e-02,-2.497916072607040405e-01,8.410218358039855957e-02
1.197552122175693512e-02,-2.497916072607040405e-01,8.410218358039855957e-02
1.228849776089191437e-02,-2.502711415290832520e-01,8.412067592144012451e-02
1.228849776089191437e-02,-2.502711415290832520e-01,8.412067592144012451e-02
1.260253135114908218e-02,-2.507520318031311035e-01,8.413905650377273560e-02
1.260253135114908218e-02,-2.507520318031311035e-01,8.413905650377273560e-02
1.291763130575418472e-02,-2.512342929840087891e-01,8.415733277797698975e-02
1.291763130575418472e-02,-2.512342929840087891e-01,8.415733277797698975e-02
1.323379296809434891e-02,-2.517178356647491455e-01,8.417551219463348389e-02
1.323379296809434891e-02,-2.517178356647491455e-01,8.417551219463348389e-02
1.355102285742759705e-02,-2.522026896476745605e-01,8.419357985258102417e-02
1.355102285742759705e-02,-2.522026896476745605e-01,8.419357985258102417e-02
1.386931445449590683e-02,-2.526889145374298096e-01,8.421155065298080444e-02
1.386931445449590683e-02,-2.526889145374298096e-01,8.421155065298080444e-02
1.418867893517017365e-02,-2.531765103340148926e-01,8.422940969467163086e-02
1.418867893517017365e-02,-2.531765103340148926e-01,8.422940969467163086e-02
1.450911071151494980e-02,-2.536653876304626465e-01,8.424715697765350342e-02
1.450911071151494980e-02,-2.536653876304626465e-01,8.424715697765350342e-02
1.483060698956251144e-02,-2.541556656360626221e-01,8.426480740308761597e-02
1.483060698956251144e-02,-2.541556656360626221e-01,8.426480740308761597e-02
1.515317894518375397e-02,-2.546472549438476562e-01,8.428233861923217773e-02
1.515317894518375397e-02,-2.546472549438476562e-01,8.428233861923217773e-02
1.547681726515293121e-02,-2.551402151584625244e-01,8.429977297782897949e-02
1.547681726515293121e-02,-2.551402151584625244e-01,8.429977297782897949e-02
1.580153405666351318e-02,-2.556345760822296143e-01,8.431710302829742432e-02
1.580153405666351318e-02,-2.556345760822296143e-01,8.431710302829742432e-02
1.612731814384460449e-02,-2.561302483081817627e-01,8.433432132005691528e-02
1.612731814384460449e-02,-2.561302483081817627e-01,8.433432132005691528e-02
1.645417883992195129e-02,-2.566273212432861328e-01,8.435143530368804932e-02
1.645417883992195129e-02,-2.566273212432861328e-01,8.435143530368804932e-02
1.678211428225040436e-02,-2.571257352828979492e-01,8.436844497919082642e-02
1.678211428225040436e-02,-2.571257352828979492e-01,8.436844497919082642e-02
1.711112074553966522e-02,-2.576255202293395996e-01,8.438534289598464966e-02
1.711112074553966522e-02,-2.576255202293395996e-01,8.438534289598464966e-02
1.744121313095092773e-02,-2.581267058849334717e-01,8.440212905406951904e-02
1.744121313095092773e-02,-2.581267058849334717e-01,8.440212905406951904e-02
1.777237653732299805e-02,-2.586292624473571777e-01,8.441881835460662842e-02
1.777237653732299805e-02,-2.586292624473571777e-01,8.441881835460662842e-02
1.810461655259132385e-02,-2.591331899166107178e-01,8.443538099527359009e-02
1.810461655259132385e-02,-2.591331899166107178e-01,8.443538099527359009e-02
1.843793876469135284e-02,-2.596385478973388672e-01,8.445185422897338867e-02
1.843793876469135284e-02,-2.596385478973388672e-01,8.445185422897338867e-02
1.877233944833278656e-02,-2.601452767848968506e-01,8.446820825338363647e-02
1.877233944833278656e-02,-2.601452767848968506e-01,8.446820825338363647e-02
1.910782046616077423e-02,-2.606534063816070557e-01,8.448446542024612427e-02
1.910782046616077423e-02,-2.606534063816070557e-01,8.448446542024612427e-02
1.944438926875591278e-02,-2.611629366874694824e-01,8.450060337781906128e-02
1.944438926875591278e-02,-2.611629366874694824e-01,8.450060337781906128e-02
1.978203468024730682e-02,-2.616738677024841309e-01,8.451662957668304443e-02
1.978203468024730682e-02,-2.616738677024841309e-01,8.451662957668304443e-02
2.012076601386070251e-02,-2.621861696243286133e-01,8.453255891799926758e-02
2.012076601386070251e-02,-2.621861696243286133e-01,8.453255891799926758e-02
2.046058326959609985e-02,-2.626999020576477051e-01,8.454836905002593994e-02
2.046058326959609985e-02,-2.626999020576477051e-01,8.454836905002593994e-02
2.080148272216320038e-02,-2.632150948047637939e-01,8.456406742334365845e-02
2.080148272216320038e-02,-2.632150948047637939e-01,8.456406742334365845e-02
2.114347741007804871e-02,-2.637316584587097168e-01,8.457967638969421387e-02
2.114347741007804871e-02,-2.637316584587097168e-01,8.457967638969421387e-02
2.148655056953430176e-02,-2.642496824264526367e-01,8.459515124559402466e-02
2.148655056953430176e-02,-2.642496824264526367e-01,8.459515124559402466e-02
2.183071896433830261e-02,-2.647691071033477783e-01,8.461052924394607544e-02
2.183071896433830261e-02,-2.647691071033477783e-01,8.461052924394607544e-02
2.217596955597400665e-02,-2.652899324893951416e-01,8.462579548358917236e-02
2.217596955597400665e-02,-2.652899324893951416e-01,8.462579548358917236e-02
2.252231724560260773e-02,-2.658122181892395020e-01,8.464094996452331543e-02
2.252231724560260773e-02,-2.658122181892395020e-01,8.464094996452331543e-02
2.286975458264350891e-02,-2.663359344005584717e-01,8.465598523616790771e-02
2.286975458264350891e-02,-2.663359344005584717e-01,8.465598523616790771e-02
2.321828156709671021e-02,-2.668611109256744385e-01,8.467092365026473999e-02
2.321828156709671021e-02,-2.668611109256744385e-01,8.467092365026473999e-02
2.356790751218795776e-02,-2.673877179622650146e-01,8.468573540449142456e-02
2.356790751218795776e-02,-2.673877179622650146e-01,8.468573540449142456e-02
2.391861751675605774e-02,-2.679157555103302002e-01,8.470045030117034912e-02
2.391861751675605774e-02,-2.679157555103302002e-01,8.470045030117034912e-02
2.427043020725250244e-02,-2.684452533721923828e-01,8.471504598855972290e-02
2.427043020725250244e-02,-2.684452533721923828e-01,8.471504598855972290e-02
2.462333813309669495e-02,-2.689762115478515625e-01,8.472953736782073975e-02
2.462333813309669495e-02,-2.689762115478515625e-01,8.472953736782073975e-02
2.497734129428863525e-02,-2.695086300373077393e-01,8.474390953779220581e-02
2.497734129428863525e-02,-2.695086300373077393e-01,8.474390953779220581e-02
2.533244155347347260e-02,-2.700425088405609131e-01,8.475817739963531494e-02
2.533244155347347260e-02,-2.700425088405609131e-01,8.475817739963531494e-02
2.568863891065120697e-02,-2.705778181552886963e-01,8.477232605218887329e-02
2.568863891065120697e-02,-2.705778181552886963e-01,8.477232605218887329e-02
2.604593895375728607e-02,-2.711146473884582520e-01,8.478637039661407471e-02
2.604593895375728607e-02,-2.711146473884582520e-01,8.478637039661407471e-02
2.640433795750141144e-02,-2.716529369354248047e-01,8.480029553174972534e-02
2.640433795750141144e-02,-2.716529369354248047e-01,8.480029553174972534e-02
2.676383778452873230e-02,-2.721926569938659668e-01,8.481410890817642212e-02
2.676383778452873230e-02,-2.721926569938659668e-01,8.481410890817642212e-02
2.712444029748439789e-02,-2.727338969707489014e-01,8.482781052589416504e-02
2.712444029748439789e-02,-2.727338969707489014e-01,8.482781052589416504e-02
2.748614922165870667e-02,-2.732766568660736084e-01,8.484140038490295410e-02
2.748614922165870667e-02,-2.732766568660736084e-01,8.484140038490295410e-02
2.784896083176136017e-02,-2.738208472728729248e-01,8.485487103462219238e-02
2.784896083176136017e-02,-2.738208472728729248e-01,8.485487103462219238e-02
2.821287699043750763e-02,-2.743665575981140137e-01,8.486824482679367065e-02
2.821287699043750763e-02,-2.743665575981140137e-01,8.486824482679367065e-02
2.857789583504199982e-02,-2.749137282371520996e-01,8.488148450851440430e-02
2.857789583504199982e-02,-2.749137282371520996e-01,8.488148450851440430e-02
2.894402667880058289e-02,-2.754624187946319580e-01,8.489462733268737793e-02
2.894402667880058289e-02,-2.754624187946319580e-01,8.489462733268737793e-02
2.931126207113265991e-02,-2.760125994682312012e-01,8.490764349699020386e-02
2.931126207113265991e-02,-2.760125994682312012e-01,8.490764349699020386e-02
2.967960573732852936e-02,-2.765643000602722168e-01,8.492055535316467285e-02
2.967960573732852936e-02,-2.765643000602722168e-01,8.492055535316467285e-02
3.004905767738819122e-02,-2.771174907684326172e-01,8.493334800004959106e-02
3.004905767738819122e-02,-2.771174907684326172e-01,8.493334800004959106e-02
3.041963092982769012e-02,-2.776722013950347900e-01,8.494602888822555542e-02
3.041963092982769012e-02,-2.776722013950347900e-01,8.494602888822555542e-02
3.079130128026008606e-02,-2.782284319400787354e-01,8.495858311653137207e-02
3.079130128026008606e-02,-2.782284319400787354e-01,8.495858311653137207e-02
3.116408921778202057e-02,-2.787861824035644531e-01,8.497103303670883179e-02
3.116408921778202057e-02,-2.787861824035644531e-01,8.497103303670883179e-02
3.153799846768379211e-02,-2.793454527854919434e-01,8.498337119817733765e-02
3.153799846768379211e-02,-2.793454527854919434e-01,8.498337119817733765e-02
3.191300854086875916e-02,-2.799062430858612061e-01,8.499559015035629272e-02
3.191300854086875916e-02,-2.799062430858612061e-01,8.499559015035629272e-02
3.228914365172386169e-02,-2.804685831069946289e-01,8.500768989324569702e-02
3.228914365172386169e-02,-2.804685831069946289e-01,8.500768989324569702e-02
3.266639262437820435e-02,-2.810324430465698242e-01,8.501968532800674438e-02
3.266639262437820435e-02,-2.810324430465698242e-01,8.501968532800674438e-02
3.304475918412208557e-02,-2.815978527069091797e-01,8.503155410289764404e-02
3.304475918412208557e-02,-2.815978527069091797e-01,8.503155410289764404e-02
3.342423960566520691e-02,-2.821647822856903076e-01,8.504331111907958984e-02
3.342423960566520691e-02,-2.821647822856903076e-01,8.504331111907958984e-02
3.380484133958816528e-02,-2.827332615852355957e-01,8.505494892597198486e-02
3.380484133958816528e-02,-2.827332615852355957e-01,8.505494892597198486e-02
3.418656066060066223e-02,-2.833032906055450439e-01,8.506647497415542603e-02
3.418656066060066223e-02,-2.833032906055450439e-01,8.506647497415542603e-02
3.456940501928329468e-02,-2.838748693466186523e-01,8.507787436246871948e-02
3.456940501928329468e-02,-2.838748693466186523e-01,8.507787436246871948e-02
3.495336696505546570e-02,-2.844480276107788086e-01,8.508916944265365601e-02
3.495336696505546570e-02,-2.844480276107788086e-01,8.508916944265365601e-02
3.533845767378807068e-02,-2.850227355957031250e-01,8.510034531354904175e-02
3.533845767378807068e-02,-2.850227355957031250e-01,8.510034531354904175e-02
3.572466596961021423e-02,-2.855989933013916016e-01,8.511140942573547363e-02
3.572466596961021423e-02,-2.855989933013916016e-01,8.511140942573547363e-02
3.611199930310249329e-02,-2.861768305301666260e-01,8.512234687805175781e-02
3.611199930310249329e-02,-2.861768305301666260e-01,8.512234687805175781e-02
3.650045394897460938e-02,-2.867562174797058105e-01,8.513315767049789429e-02
3.650045394897460938e-02,-2.867562174797058105e-01,8.513315767049789429e-02
3.689004108309745789e-02,-2.873372137546539307e-01,8.514387160539627075e-02
3.689004108309745789e-02,-2.873372137546539307e-01,8.514387160539627075e-02
3.728075325489044189e-02,-2.879197299480438232e-01,8.515445142984390259e-02
3.728075325489044189e-02,-2.879197299480438232e-01,8.515445142984390259e-02
3.767260164022445679e-02,-2.885038852691650391e-01,8.516492694616317749e-02
3.767260164022445679e-02,-2.885038852691650391e-01,8.516492694616317749e-02
3.806556761264801025e-02,-2.890895903110504150e-01,8.517527580261230469e-02
3.806556761264801025e-02,-2.890895903110504150e-01,8.517527580261230469e-02
3.845966979861259460e-02,-2.896768748760223389e-01,8.518550544977188110e-02
3.845966979861259460e-02,-2.896768748760223389e-01,8.518550544977188110e-02
3.885489702224731445e-02,-2.902657985687255859e-01,8.519561588764190674e-02
3.885489702224731445e-02,-2.902657985687255859e-01,8.519561588764190674e-02
3.925126045942306519e-02,-2.908563017845153809e-01,8.520562201738357544e-02
3.925126045942306519e-02,-2.908563017845153809e-01,8.520562201738357544e-02
3.964875638484954834e-02,-2.914483845233917236e-01,8.521549403667449951e-02
3.964875638484954834e-02,-2.914483845233917236e-01,8.521549403667449951e-02
4.004738107323646545e-02,-2.920420765876770020e-01,8.522524684667587280e-02
4.004738107323646545e-02,-2.920420765876770020e-01,8.522524684667587280e-02
4.044714942574501038e-02,-2.926373779773712158e-01,8.523488789796829224e-02
4.044714942574501038e-02,-2.926373779773712158e-01,8.523488789796829224e-02
4.084804281592369080e-02,-2.932342886924743652e-01,8.524440973997116089e-02
4.084804281592369080e-02,-2.932342886924743652e-01,8.524440973997116089e-02
4.125007987022399902e-02,-2.938328087329864502e-01,8.525380492210388184e-02
4.125007987022399902e-02,-2.938328087329864502e-01,8.525380492210388184e-02
4.165324941277503967e-02,-2.944329380989074707e-01,8.526308089494705200e-02
4.165324941277503967e-02,-2.944329380989074707e-01,8.526308089494705200e-02
4.205756261944770813e-02,-2.950347363948822021e-01,8.527224510908126831e-02
4.205756261944770813e-02,-2.950347363948822021e-01,8.527224510908126831e-02
4.246300831437110901e-02,-2.956381440162658691e-01,8.528129011392593384e-02
4.246300831437110901e-02,-2.956381440162658691e-01,8.528129011392593384e-02
4.286959767341613770e-02,-2.962431013584136963e-01,8.529020845890045166e-02
4.286959767341613770e-02,-2.962431013584136963e-01,8.529020845890045166e-02
4.327733069658279419e-02,-2.968497574329376221e-01,8.529900759458541870e-02
4.327733069658279419e-02,-2.968497574329376221e-01,8.529900759458541870e-02
4.368619993329048157e-02,-2.974580526351928711e-01,8.530768007040023804e-02
4.368619993329048157e-02,-2.974580526351928711e-01,8.530768007040023804e-02
4.409621655941009521e-02,-2.980679571628570557e-01,8.531624078750610352e-02
4.409621655941009521e-02,-2.980679571628570557e-01,8.531624078750610352e-02
4.450737684965133667e-02,-2.986795306205749512e-01,8.532466739416122437e-02
4.450737684965133667e-02,-2.986795306205749512e-01,8.532466739416122437e-02
4.491967707872390747e-02,-2.992927432060241699e-01,8.533298969268798828e-02
4.491967707872390747e-02,-2.992927432060241699e-01,8.533298969268798828e-02
4.533312469720840454e-02,-2.999076247215270996e-01,8.534118533134460449e-02
4.533312469720840454e-02,-2.999076247215270996e-01,8.534118533134460449e-02
4.574772343039512634e-02,-3.005241155624389648e-01,8.534924685955047607e-02
4.574772343039512634e-02,-3.005241155624389648e-01,8.534924685955047607e-02
4.616346582770347595e-02,-3.011423051357269287e-01,8.535719662904739380e-02
4.616346582770347595e-02,-3.011423051357269287e-01,8.535719662904739380e-02
4.658035561442375183e-02,-3.017621338367462158e-01,8.536502718925476074e-02
4.658035561442375183e-02,-3.017621338367462158e-01,8.536502718925476074e-02
4.699839651584625244e-02,-3.023836016654968262e-01,8.537273854017257690e-02
4.699839651584625244e-02,-3.023836016654968262e-01,8.537273854017257690e-02
4.741758480668067932e-02,-3.030067682266235352e-01,8.538031578063964844e-02
4.741758480668067932e-02,-3.030067682266235352e-01,8.538031578063964844e-02
4.783792793750762939e-02,-3.036316335201263428e-01,8.538778126239776611e-02
4.783792793750762939e-02,-3.036316335201263428e-01,8.538778126239776611e-02
4.825942218303680420e-02,-3.042581081390380859e-01,8.539510518312454224e-02
4.825942218303680420e-02,-3.042581081390380859e-01,8.539510518312454224e-02
4.868206009268760681e-02,-3.048862814903259277e-01,8.540232479572296143e-02
4.868206009268760681e-02,-3.048862814903259277e-01,8.540232479572296143e-02
4.910586401820182800e-02,-3.055162131786346436e-01,8.540942519903182983e-02
4.910586401820182800e-02,-3.055162131786346436e-01,8.540942519903182983e-02
4.953081905841827393e-02,-3.061477541923522949e-01,8.541639149188995361e-02
4.953081905841827393e-02,-3.061477541923522949e-01,8.541639149188995361e-02
4.995692521333694458e-02,-3.067809939384460449e-01,8.542322367429733276e-02
4.995692521333694458e-02,-3.067809939384460449e-01,8.542322367429733276e-02
5.038419738411903381e-02,-3.074159026145935059e-01,8.542995899915695190e-02
5.038419738411903381e-02,-3.074159026145935059e-01,8.542995899915695190e-02
5.081261694431304932e-02,-3.080525696277618408e-01,8.543654531240463257e-02
5.081261694431304932e-02,-3.080525696277618408e-01,8.543654531240463257e-02
5.124219879508018494e-02,-3.086909055709838867e-01,8.544301986694335938e-02
5.124219879508018494e-02,-3.086909055709838867e-01,8.544301986694335938e-02
5.167293921113014221e-02,-3.093309700489044189e-01,8.544937521219253540e-02
5.167293921113014221e-02,-3.093309700489044189e-01,8.544937521219253540e-02
5.210484564304351807e-02,-3.099726736545562744e-01,8.545559644699096680e-02
5.210484564304351807e-02,-3.099726736545562744e-01,8.545559644699096680e-02
5.253790691494941711e-02,-3.106161355972290039e-01,8.546169847249984741e-02
5.253790691494941711e-02,-3.106161355972290039e-01,8.546169847249984741e-02
5.297213047742843628e-02,-3.112613260746002197e-01,8.546767383813858032e-02
5.297213047742843628e-02,-3.112613260746002197e-01,8.546767383813858032e-02
5.340751633048057556e-02,-3.119082450866699219e-01,8.547352999448776245e-02
5.340751633048057556e-02,-3.119082450866699219e-01,8.547352999448776245e-02
5.384407192468643188e-02,-3.125568628311157227e-01,8.547925204038619995e-02
5.384407192468643188e-02,-3.125568628311157227e-01,8.547925204038619995e-02
5.428178980946540833e-02,-3.132071793079376221e-01,8.548485487699508667e-02
5.428178980946540833e-02,-3.132071793079376221e-01,8.548485487699508667e-02
5.472067371010780334e-02,-3.138592541217803955e-01,8.549032360315322876e-02
5.472067371010780334e-02,-3.138592541217803955e-01,8.549032360315322876e-02
5.516071990132331848e-02,-3.145130872726440430e-01,8.549568057060241699e-02
5.516071990132331848e-02,-3.145130872726440430e-01,8.549568057060241699e-02
5.560194328427314758e-02,-3.151686191558837891e-01,8.550088852643966675e-02
5.560194328427314758e-02,-3.151686191558837891e-01,8.550088852643966675e-02
5.604432523250579834e-02,-3.158259093761444092e-01,8.550599962472915649e-02
5.604432523250579834e-02,-3.158259093761444092e-01,8.550599962472915649e-02
5.648787692189216614e-02,-3.164848983287811279e-01,8.551096171140670776e-02
5.648787692189216614e-02,-3.164848983287811279e-01,8.551096171140670776e-02
5.693260207772254944e-02,-3.171457052230834961e-01,8.551581203937530518e-02
5.693260207772254944e-02,-3.171457052230834961e-01,8.551581203937530518e-02
5.737850069999694824e-02,-3.178082108497619629e-01,8.552052825689315796e-02
5.737850069999694824e-02,-3.178082108497619629e-01,8.552052825689315796e-02
5.782556906342506409e-02,-3.184725046157836914e-01,8.552511781454086304e-02
5.782556906342506409e-02,-3.184725046157836914e-01,8.552511781454086304e-02
5.827381461858749390e-02,-3.191385567188262939e-01,8.552958071231842041e-02
5.827381461858749390e-02,-3.191385567188262939e-01,8.552958071231842041e-02
5.872322991490364075e-02,-3.198063671588897705e-01,8.553392440080642700e-02
5.872322991490364075e-02,-3.198063671588897705e-01,8.553392440080642700e-02
5.917381495237350464e-02,-3.204759359359741211e-01,8.553813397884368896e-02
5.917381495237350464e-02,-3.204759359359741211e-01,8.553813397884368896e-02
-2.198326885700225830e-01,2.451528422534465790e-02,3.997993096709251404e-02
-2.198326885700225830e-01,2.451528422534465790e-02,3.997993096709251404e-02
-2.191165834665298462e-01,2.463353611528873444e-02,3.993659839034080505e-02
-2.191165834665298462e-01,2.463353611528873444e-02,3.993659839034080505e-02
-2.184022814035415649e-01,2.475167997181415558e-02,3.989380225539207458e-02
-2.184022814035415649e-01,2.475167997181415558e-02,3.989380225539207458e-02
-2.176898568868637085e-01,2.486972138285636902e-02,3.985155373811721802e-02
-2.176898568868637085e-01,2.486972138285636902e-02,3.985155373811721802e-02
-2.169792652130126953e-01,2.498765289783477783e-02,3.980984538793563843e-02
-2.169792652130126953e-01,2.498765289783477783e-02,3.980984538793563843e-02
-2.162705063819885254e-01,2.510547637939453125e-02,3.976868093013763428e-02
-2.162705063819885254e-01,2.510547637939453125e-02,3.976868093013763428e-02
-2.155635803937911987e-01,2.522319741547107697e-02,3.972804918885231018e-02
-2.155635803937911987e-01,2.522319741547107697e-02,3.972804918885231018e-02
-2.148584723472595215e-01,2.534080855548381805e-02,3.968795761466026306e-02
-2.148584723472595215e-01,2.534080855548381805e-02,3.968795761466026306e-02
-2.141551971435546875e-01,2.545831352472305298e-02,3.964840248227119446e-02
-2.141551971435546875e-01,2.545831352472305298e-02,3.964840248227119446e-02
-2.134537398815155029e-01,2.557571232318878174e-02,3.960938006639480591e-02
-2.134537398815155029e-01,2.557571232318878174e-02,3.960938006639480591e-02
-2.127541005611419678e-01,2.569300122559070587e-02,3.957089409232139587e-02
-2.127541005611419678e-01,2.569300122559070587e-02,3.957089409232139587e-02
-2.120562940835952759e-01,2.581018581986427307e-02,3.953293710947036743e-02
-2.120562940835952759e-01,2.581018581986427307e-02,3.953293710947036743e-02
-2.113602459430694580e-01,2.592726051807403564e-02,3.949551284313201904e-02
-2.113602459430694580e-01,2.592726051807403564e-02,3.949551284313201904e-02
-2.106660604476928711e-01,2.604422718286514282e-02,3.945861756801605225e-02
-2.106660604476928711e-01,2.604422718286514282e-02,3.945861756801605225e-02
-2.099736332893371582e-01,2.616108395159244537e-02,3.942225128412246704e-02
-2.099736332893371582e-01,2.616108395159244537e-02,3.942225128412246704e-02
-2.092830240726470947e-01,2.627783454954624176e-02,3.938641026616096497e-02
-2.092830240726470947e-01,2.627783454954624176e-02,3.938641026616096497e-02
-2.085942029953002930e-01,2.639447897672653198e-02,3.935110196471214294e-02
-2.085942029953002930e-01,2.639447897672653198e-02,3.935110196471214294e-02
-2.079071551561355591e-01,2.651101164519786835e-02,3.931631147861480713e-02
-2.079071551561355591e-01,2.651101164519786835e-02,3.931631147861480713e-02
-2.072219401597976685e-01,2.662743628025054932e-02,3.928204625844955444e-02
-2.072219401597976685e-01,2.662743628025054932e-02,3.928204625844955444e-02
-2.065384536981582642e-01,2.674374915659427643e-02,3.924830257892608643e-02
-2.065384536981582642e-01,2.674374915659427643e-02,3.924830257892608643e-02
-2.058567851781845093e-01,2.685995772480964661e-02,3.921508044004440308e-02
-2.058567851781845093e-01,2.685995772480964661e-02,3.921508044004440308e-02
-2.051768749952316284e-01,2.697605639696121216e-02,3.918237984180450439e-02
-2.051768749952316284e-01,2.697605639696121216e-02,3.918237984180450439e-02
-2.044987380504608154e-01,2.709204331040382385e-02,3.915019705891609192e-02
-2.044987380504608154e-01,2.709204331040382385e-02,3.915019705891609192e-02
-2.038223743438720703e-01,2.720791846513748169e-02,3.911852464079856873e-02
-2.038223743438720703e-01,2.720791846513748169e-02,3.911852464079856873e-02
-2.031477689743041992e-01,2.732368558645248413e-02,3.908738121390342712e-02
-2.031477689743041992e-01,2.732368558645248413e-02,3.908738121390342712e-02
-2.024749368429183960e-01,2.743934467434883118e-02,3.905674442648887634e-02
-2.024749368429183960e-01,2.743934467434883118e-02,3.905674442648887634e-02
-2.018038332462310791e-01,2.755489014089107513e-02,3.902661800384521484e-02
-2.018038332462310791e-01,2.755489014089107513e-02,3.902661800384521484e-02
-2.011345177888870239e-01,2.767032757401466370e-02,3.899700567126274109e-02
-2.011345177888870239e-01,2.767032757401466370e-02,3.899700567126274109e-02
-2.004669159650802612e-01,2.778565511107444763e-02,3.896790742874145508e-02
-2.004669159650802612e-01,2.778565511107444763e-02,3.896790742874145508e-02
-1.998010873794555664e-01,2.790087088942527771e-02,3.893931210041046143e-02
-1.998010873794555664e-01,2.790087088942527771e-02,3.893931210041046143e-02
-1.991369873285293579e-01,2.801597490906715393e-02,3.891123458743095398e-02
-1.991369873285293579e-01,2.801597490906715393e-02,3.891123458743095398e-02
-1.984746456146240234e-01,2.813096903264522552e-02,3.888365998864173889e-02
-1.984746456146240234e-01,2.813096903264522552e-02,3.888365998864173889e-02
-1.978140026330947876e-01,2.824584767222404480e-02,3.885659202933311462e-02
-1.978140026330947876e-01,2.824584767222404480e-02,3.885659202933311462e-02
-1.971550881862640381e-01,2.836062014102935791e-02,3.883002325892448425e-02
-1.971550881862640381e-01,2.836062014102935791e-02,3.883002325892448425e-02
-1.964979469776153564e-01,2.847527712583541870e-02,3.880396485328674316e-02
-1.964979469776153564e-01,2.847527712583541870e-02,3.880396485328674316e-02
-1.958424896001815796e-01,2.858982607722282410e-02,3.877840191125869751e-02
-1.958424896001815796e-01,2.858982607722282410e-02,3.877840191125869751e-02
-1.951887756586074829e-01,2.870426140725612640e-02,3.875334933400154114e-02
-1.951887756586074829e-01,2.870426140725612640e-02,3.875334933400154114e-02
-1.945367455482482910e-01,2.881858125329017639e-02,3.872878476977348328e-02
-1.945367455482482910e-01,2.881858125329017639e-02,3.872878476977348328e-02
-1.938864737749099731e-01,2.893279306590557098e-02,3.870472311973571777e-02
-1.938864737749099731e-01,2.893279306590557098e-02,3.870472311973571777e-02
-1.932378560304641724e-01,2.904688753187656403e-02,3.868116065859794617e-02
-1.932378560304641724e-01,2.904688753187656403e-02,3.868116065859794617e-02
-1.925909966230392456e-01,2.916087582707405090e-02,3.865808621048927307e-02
-1.925909966230392456e-01,2.916087582707405090e-02,3.865808621048927307e-02
-1.919458061456680298e-01,2.927474305033683777e-02,3.863552212715148926e-02
-1.919458061456680298e-01,2.927474305033683777e-02,3.863552212715148926e-02
-1.913023144006729126e-01,2.938850224018096924e-02,3.861343488097190857e-02
-1.913023144006729126e-01,2.938850224018096924e-02,3.861343488097190857e-02
-1.906605064868927002e-01,2.950214222073554993e-02,3.859185054898262024e-02
-1.906605064868927002e-01,2.950214222073554993e-02,3.859185054898262024e-02
-1.900204122066497803e-01,2.961567975580692291e-02,3.857074677944183350e-02
-1.900204122066497803e-01,2.961567975580692291e-02,3.857074677944183350e-02
-1.893819719552993774e-01,2.972909808158874512e-02,3.855014219880104065e-02
-1.893819719552993774e-01,2.972909808158874512e-02,3.855014219880104065e-02
-1.887452304363250732e-01,2.984239906072616577e-02,3.853002190589904785e-02
-1.887452304363250732e-01,2.984239906072616577e-02,3.853002190589904785e-02
-1.881101727485656738e-01,2.995558641850948334e-02,3.851038962602615356e-02
-1.881101727485656738e-01,2.995558641850948334e-02,3.851038962602615356e-02
-1.874767988920211792e-01,3.006866388022899628e-02,3.849123790860176086e-02
-1.874767988920211792e-01,3.006866388022899628e-02,3.849123790860176086e-02
-1.868450790643692017e-01,3.018162399530410767e-02,3.847257420420646667e-02
-1.868450790643692017e-01,3.018162399530410767e-02,3.847257420420646667e-02
-1.862150430679321289e-01,3.029447235167026520e-02,3.845439851284027100e-02
-1.862150430679321289e-01,3.029447235167026520e-02,3.845439851284027100e-02
-1.855866461992263794e-01,3.040720149874687195e-02,3.843669593334197998e-02
-1.855866461992263794e-01,3.040720149874687195e-02,3.843669593334197998e-02
-1.849599033594131470e-01,3.051982074975967407e-02,3.841947764158248901e-02
-1.849599033594131470e-01,3.051982074975967407e-02,3.841947764158248901e-02
-1.843348592519760132e-01,3.063232265412807465e-02,3.840274363756179810e-02
-1.843348592519760132e-01,3.063232265412807465e-02,3.840274363756179810e-02
-1.837114244699478149e-01,3.074470721185207367e-02,3.838648274540901184e-02
-1.837114244699478149e-01,3.074470721185207367e-02,3.838648274540901184e-02
-1.830896586179733276e-01,3.085697814822196960e-02,3.837069869041442871e-02
-1.830896586179733276e-01,3.085697814822196960e-02,3.837069869041442871e-02
-1.824695169925689697e-01,3.096913173794746399e-02,3.835538774728775024e-02
-1.824695169925689697e-01,3.096913173794746399e-02,3.835538774728775024e-02
-1.818510442972183228e-01,3.108117170631885529e-02,3.834056109189987183e-02
-1.818510442972183228e-01,3.108117170631885529e-02,3.834056109189987183e-02
-1.812341809272766113e-01,3.119309619069099426e-02,3.832619637250900269e-02
-1.812341809272766113e-01,3.119309619069099426e-02,3.832619637250900269e-02
-1.806189715862274170e-01,3.130490332841873169e-02,3.831230476498603821e-02
-1.806189715862274170e-01,3.130490332841873169e-02,3.831230476498603821e-02
-1.800053864717483521e-01,3.141659125685691833e-02,3.829889371991157532e-02
-1.800053864717483521e-01,3.141659125685691833e-02,3.829889371991157532e-02
-1.793934255838394165e-01,3.152816370129585266e-02,3.828594088554382324e-02
-1.793934255838394165e-01,3.152816370129585266e-02,3.828594088554382324e-02
-1.787830740213394165e-01,3.163962811231613159e-02,3.827346116304397583e-02
-1.787830740213394165e-01,3.163962811231613159e-02,3.827346116304397583e-02
-1.781743317842483521e-01,3.175096213817596436e-02,3.826144337654113770e-02
-1.781743317842483521e-01,3.175096213817596436e-02,3.826144337654113770e-02
-1.775672584772109985e-01,3.186218813061714172e-02,3.824989497661590576e-02
-1.775672584772109985e-01,3.186218813061714172e-02,3.824989497661590576e-02
-1.769617348909378052e-01,3.197329491376876831e-02,3.823881596326828003e-02
-1.769617348909378052e-01,3.197329491376876831e-02,3.823881596326828003e-02
-1.763578653335571289e-01,3.208428248763084412e-02,3.822819143533706665e-02
-1.763578653335571289e-01,3.208428248763084412e-02,3.822819143533706665e-02
-1.757555454969406128e-01,3.219515457749366760e-02,3.821803629398345947e-02
-1.757555454969406128e-01,3.219515457749366760e-02,3.821803629398345947e-02
-1.751548796892166138e-01,3.230590373277664185e-02,3.820833191275596619e-02
-1.751548796892166138e-01,3.230590373277664185e-02,3.820833191275596619e-02
-1.745557934045791626e-01,3.241653740406036377e-02,3.819909319281578064e-02
-1.745557934045791626e-01,3.241653740406036377e-02,3.819909319281578064e-02
-1.739582866430282593e-01,3.252705931663513184e-02,3.819031268358230591e-02
-1.739582866430282593e-01,3.252705931663513184e-02,3.819031268358230591e-02
-1.733623892068862915e-01,3.263745456933975220e-02,3.818198665976524353e-02
-1.733623892068862915e-01,3.263745456933975220e-02,3.818198665976524353e-02
-1.727680414915084839e-01,3.274773433804512024e-02,3.817411512136459351e-02
-1.727680414915084839e-01,3.274773433804512024e-02,3.817411512136459351e-02
-1.721752882003784180e-01,3.285789489746093750e-02,3.816669806838035583e-02
-1.721752882003784180e-01,3.285789489746093750e-02,3.816669806838035583e-02
-1.715841293334960938e-01,3.296793997287750244e-02,3.815973177552223206e-02
-1.715841293334960938e-01,3.296793997287750244e-02,3.815973177552223206e-02
-1.709945350885391235e-01,3.307786211371421814e-02,3.815322369337081909e-02
-1.709945350885391235e-01,3.307786211371421814e-02,3.815322369337081909e-02
-1.704065203666687012e-01,3.318766877055168152e-02,3.814716637134552002e-02
-1.704065203666687012e-01,3.318766877055168152e-02,3.814716637134552002e-02
-1.698200404644012451e-01,3.329735249280929565e-02,3.814155608415603638e-02
-1.698200404644012451e-01,3.329735249280929565e-02,3.814155608415603638e-02
-1.692351549863815308e-01,3.340691328048706055e-02,3.813638538122177124e-02
-1.692351549863815308e-01,3.340691328048706055e-02,3.813638538122177124e-02
-1.686518043279647827e-01,3.351635858416557312e-02,3.813167288899421692e-02
-1.686518043279647827e-01,3.351635858416557312e-02,3.813167288899421692e-02
-1.680700033903121948e-01,3.362568467855453491e-02,3.812740370631217957e-02
-1.680700033903121948e-01,3.362568467855453491e-02,3.812740370631217957e-02
-1.674897670745849609e-01,3.373489156365394592e-02,3.812356665730476379e-02
-1.674897670745849609e-01,3.373489156365394592e-02,3.812356665730476379e-02
-1.669110804796218872e-01,3.384397178888320923e-02,3.812018036842346191e-02
-1.669110804796218872e-01,3.384397178888320923e-02,3.812018036842346191e-02
-1.663339287042617798e-01,3.395293653011322021e-02,3.811724111437797546e-02
-1.663339287042617798e-01,3.395293653011322021e-02,3.811724111437797546e-02
-1.657583564519882202e-01,3.406177833676338196e-02,3.811473771929740906e-02
-1.657583564519882202e-01,3.406177833676338196e-02,3.811473771929740906e-02
-1.651842594146728516e-01,3.417050093412399292e-02,3.811267390847206116e-02
-1.651842594146728516e-01,3.417050093412399292e-02,3.811267390847206116e-02
-1.646117419004440308e-01,3.427910432219505310e-02,3.811105340719223022e-02
-1.646117419004440308e-01,3.427910432219505310e-02,3.811105340719223022e-02
-1.640407294034957886e-01,3.438758477568626404e-02,3.810986131429672241e-02
-1.640407294034957886e-01,3.438758477568626404e-02,3.810986131429672241e-02
-1.634712368249893188e-01,3.449594229459762573e-02,3.810910508036613464e-02
-1.634712368249893188e-01,3.449594229459762573e-02,3.810910508036613464e-02
-1.629032641649246216e-01,3.460418060421943665e-02,3.810878843069076538e-02
-1.629032641649246216e-01,3.460418060421943665e-02,3.810878843069076538e-02
-1.623368263244628906e-01,3.471229597926139832e-02,3.810889646410942078e-02
-1.623368263244628906e-01,3.471229597926139832e-02,3.810889646410942078e-02
-1.617719084024429321e-01,3.482028841972351074e-02,3.810944408178329468e-02
-1.617719084024429321e-01,3.482028841972351074e-02,3.810944408178329468e-02
-1.612084805965423584e-01,3.492816165089607239e-02,3.811042010784149170e-02
-1.612084805965423584e-01,3.492816165089607239e-02,3.811042010784149170e-02
-1.606465429067611694e-01,3.503590822219848633e-02,3.811182081699371338e-02
-1.606465429067611694e-01,3.503590822219848633e-02,3.811182081699371338e-02
-1.600861549377441406e-01,3.514353930950164795e-02,3.811365365982055664e-02
-1.600861549377441406e-01,3.514353930950164795e-02,3.811365365982055664e-02
-1.595272123813629150e-01,3.525104001164436340e-02,3.811591118574142456e-02
-1.595272123813629150e-01,3.525104001164436340e-02,3.811591118574142456e-02
-1.589697897434234619e-01,3.535842150449752808e-02,3.811859339475631714e-02
-1.589697897434234619e-01,3.535842150449752808e-02,3.811859339475631714e-02
-1.584138721227645874e-01,3.546568006277084351e-02,3.812170401215553284e-02
-1.584138721227645874e-01,3.546568006277084351e-02,3.812170401215553284e-02
-1.578594446182250977e-01,3.557281568646430969e-02,3.812522441148757935e-02
-1.578594446182250977e-01,3.557281568646430969e-02,3.812522441148757935e-02
-1.573064476251602173e-01,3.567982092499732971e-02,3.812917694449424744e-02
-1.573064476251602173e-01,3.567982092499732971e-02,3.812917694449424744e-02
-1.567549854516983032e-01,3.578671067953109741e-02,3.813354298472404480e-02
-1.567549854516983032e-01,3.578671067953109741e-02,3.813354298472404480e-02
-1.562049686908721924e-01,3.589347749948501587e-02,3.813834115862846375e-02
-1.562049686908721924e-01,3.589347749948501587e-02,3.813834115862846375e-02
-1.556564420461654663e-01,3.600011765956878662e-02,3.814354538917541504e-02
-1.556564420461654663e-01,3.600011765956878662e-02,3.814354538917541504e-02
-1.551093757152557373e-01,3.610663488507270813e-02,3.814916685223579407e-02
-1.551093757152557373e-01,3.610663488507270813e-02,3.814916685223579407e-02
-1.545637995004653931e-01,3.621302172541618347e-02,3.815520927309989929e-02
-1.545637995004653931e-01,3.621302172541618347e-02,3.815520927309989929e-02
-1.540196537971496582e-01,3.631929308176040649e-02,3.816166147589683533e-02
-1.540196537971496582e-01,3.631929308176040649e-02,3.816166147589683533e-02
-1.534769684076309204e-01,3.642543777823448181e-02,3.816853091120719910e-02
-1.534769684076309204e-01,3.642543777823448181e-02,3.816853091120719910e-02
-1.529357582330703735e-01,3.653145208954811096e-02,3.817580267786979675e-02
-1.529357582330703735e-01,3.653145208954811096e-02,3.817580267786979675e-02
-1.523959785699844360e-01,3.663734719157218933e-02,3.818349167704582214e-02
-1.523959785699844360e-01,3.663734719157218933e-02,3.818349167704582214e-02
-1.518576294183731079e-01,3.674311190843582153e-02,3.819159045815467834e-02
-1.518576294183731079e-01,3.674311190843582153e-02,3.819159045815467834e-02
-1.513207405805587769e-01,3.684875369071960449e-02,3.820009529590606689e-02
-1.513207405805587769e-01,3.684875369071960449e-02,3.820009529590606689e-02
-1.507852822542190552e-01,3.695427253842353821e-02,3.820899501442909241e-02
-1.507852822542190552e-01,3.695427253842353821e-02,3.820899501442909241e-02
-1.502512991428375244e-01,3.705966100096702576e-02,3.821831196546554565e-02
-1.502512991428375244e-01,3.705966100096702576e-02,3.821831196546554565e-02
-1.497187018394470215e-01,3.716492280364036560e-02,3.822803497314453125e-02
-1.497187018394470215e-01,3.716492280364036560e-02,3.822803497314453125e-02
-1.491875499486923218e-01,3.727006539702415466e-02,3.823815286159515381e-02
-1.491875499486923218e-01,3.727006539702415466e-02,3.823815286159515381e-02
-1.486577838659286499e-01,3.737507760524749756e-02,3.824867308139801025e-02
-1.486577838659286499e-01,3.737507760524749756e-02,3.824867308139801025e-02
-1.481294929981231689e-01,3.747996315360069275e-02,3.825959935784339905e-02
-1.481294929981231689e-01,3.747996315360069275e-02,3.825959935784339905e-02
-1.476026028394699097e-01,3.758472949266433716e-02,3.827091678977012634e-02
-1.476026028394699097e-01,3.758472949266433716e-02,3.827091678977012634e-02
-1.470771282911300659e-01,3.768936172127723694e-02,3.828264027833938599e-02
-1.470771282911300659e-01,3.768936172127723694e-02,3.828264027833938599e-02
-1.465530395507812500e-01,3.779385983943939209e-02,3.829475864768028259e-02
-1.465530395507812500e-01,3.779385983943939209e-02,3.829475864768028259e-02
-1.460303664207458496e-01,3.789823874831199646e-02,3.830726444721221924e-02
-1.460303664207458496e-01,3.789823874831199646e-02,3.830726444721221924e-02
-1.455091089010238647e-01,3.800249099731445312e-02,3.832016885280609131e-02
-1.455091089010238647e-01,3.800249099731445312e-02,3.832016885280609131e-02
-1.449892073869705200e-01,3.810661658644676208e-02,3.833346068859100342e-02
-1.449892073869705200e-01,3.810661658644676208e-02,3.833346068859100342e-02
-1.444707661867141724e-01,3.821061551570892334e-02,3.834715113043785095e-02
-1.444707661867141724e-01,3.821061551570892334e-02,3.834715113043785095e-02
-1.439536660909652710e-01,3.831448033452033997e-02,3.836122900247573853e-02
-1.439536660909652710e-01,3.831448033452033997e-02,3.836122900247573853e-02
-1.434379667043685913e-01,3.841821849346160889e-02,3.837569057941436768e-02
-1.434379667043685913e-01,3.841821849346160889e-02,3.837569057941436768e-02
-1.429236531257629395e-01,3.852183371782302856e-02,3.839054331183433533e-02
-1.429236531257629395e-01,3.852183371782302856e-02,3.839054331183433533e-02
-1.424107104539871216e-01,3.862531855702400208e-02,3.840578719973564148e-02
-1.424107104539871216e-01,3.862531855702400208e-02,3.840578719973564148e-02
-1.418991237878799438e-01,3.872866556048393250e-02,3.842140734195709229e-02
-1.418991237878799438e-01,3.872866556048393250e-02,3.842140734195709229e-02
-1.413889378309249878e-01,3.883189707994461060e-02,3.843741863965988159e-02
-1.413889378309249878e-01,3.883189707994461060e-02,3.843741863965988159e-02
-1.408801078796386719e-01,3.893499076366424561e-02,3.845380991697311401e-02
-1.408801078796386719e-01,3.893499076366424561e-02,3.845380991697311401e-02
-1.403726488351821899e-01,3.903796151280403137e-02,3.847058117389678955e-02
-1.403726488351821899e-01,3.903796151280403137e-02,3.847058117389678955e-02
-1.398665457963943481e-01,3.914080187678337097e-02,3.848773613572120667e-02
-1.398665457963943481e-01,3.914080187678337097e-02,3.848773613572120667e-02
-1.393618136644363403e-01,3.924350813031196594e-02,3.850526362657546997e-02
-1.393618136644363403e-01,3.924350813031196594e-02,3.850526362657546997e-02
-1.388584077358245850e-01,3.934609144926071167e-02,3.852316737174987793e-02
-1.388584077358245850e-01,3.934609144926071167e-02,3.852316737174987793e-02
-1.383563578128814697e-01,3.944854065775871277e-02,3.854145482182502747e-02
-1.383563578128814697e-01,3.944854065775871277e-02,3.854145482182502747e-02
-1.378556638956069946e-01,3.955085948109626770e-02,3.856011480093002319e-02
-1.378556638956069946e-01,3.955085948109626770e-02,3.856011480093002319e-02
-1.373562961816787720e-01,3.965305164456367493e-02,3.857914730906486511e-02
-1.373562961816787720e-01,3.965305164456367493e-02,3.857914730906486511e-02
-1.368582844734191895e-01,3.975510969758033752e-02,3.859855234622955322e-02
-1.368582844734191895e-01,3.975510969758033752e-02,3.859855234622955322e-02
-1.363615840673446655e-01,3.985703364014625549e-02,3.861832246184349060e-02
-1.363615840673446655e-01,3.985703364014625549e-02,3.861832246184349060e-02
-1.358662247657775879e-01,3.995883464813232422e-02,3.863846883177757263e-02
-1.358662247657775879e-01,3.995883464813232422e-02,3.863846883177757263e-02
-1.353722065687179565e-01,4.006050154566764832e-02,3.865898400545120239e-02
-1.353722065687179565e-01,4.006050154566764832e-02,3.865898400545120239e-02
-1.348794847726821899e-01,4.016204178333282471e-02,3.867986798286437988e-02
-1.348794847726821899e-01,4.016204178333282471e-02,3.867986798286437988e-02
-1.343881040811538696e-01,4.026344045996665955e-02,3.870110958814620972e-02
-1.343881040811538696e-01,4.026344045996665955e-02,3.870110958814620972e-02
-1.338980197906494141e-01,4.036471620202064514e-02,3.872271999716758728e-02
-1.338980197906494141e-01,4.036471620202064514e-02,3.872271999716758728e-02
-1.334092468023300171e-01,4.046585783362388611e-02,3.874469548463821411e-02
-1.334092468023300171e-01,4.046585783362388611e-02,3.874469548463821411e-02
-1.329218149185180664e-01,4.056686535477638245e-02,3.876703605055809021e-02
-1.329218149185180664e-01,4.056686535477638245e-02,3.876703605055809021e-02
-1.324356496334075928e-01,4.066773876547813416e-02,3.878974169492721558e-02
-1.324356496334075928e-01,4.066773876547813416e-02,3.878974169492721558e-02
-1.319507956504821777e-01,4.076848924160003662e-02,3.881279751658439636e-02
-1.319507956504821777e-01,4.076848924160003662e-02,3.881279751658439636e-02
-1.314672380685806274e-01,4.086909815669059753e-02,3.883621096611022949e-02
-1.314672380685806274e-01,4.086909815669059753e-02,3.883621096611022949e-02
-1.309849917888641357e-01,4.096958413720130920e-02,3.885998576879501343e-02
-1.309849917888641357e-01,4.096958413720130920e-02,3.885998576879501343e-02
-1.305039972066879272e-01,4.106993600726127625e-02,3.888411447405815125e-02
-1.305039972066879272e-01,4.106993600726127625e-02,3.888411447405815125e-02
-1.300243288278579712e-01,4.117014631628990173e-02,3.890859708189964294e-02
-1.300243288278579712e-01,4.117014631628990173e-02,3.890859708189964294e-02
-1.295459270477294922e-01,4.127022996544837952e-02,3.893343731760978699e-02
-1.295459270477294922e-01,4.127022996544837952e-02,3.893343731760978699e-02
-1.290687918663024902e-01,4.137017205357551575e-02,3.895862400531768799e-02
-1.290687918663024902e-01,4.137017205357551575e-02,3.895862400531768799e-02
-1.285929381847381592e-01,4.146999493241310120e-02,3.898416832089424133e-02
-1.285929381847381592e-01,4.146999493241310120e-02,3.898416832089424133e-02
-1.281183511018753052e-01,4.156967625021934509e-02,3.901005908846855164e-02
-1.281183511018753052e-01,4.156967625021934509e-02,3.901005908846855164e-02
-1.276450306177139282e-01,4.166922345757484436e-02,3.903630003333091736e-02
-1.276450306177139282e-01,4.166922345757484436e-02,3.903630003333091736e-02
-1.271729767322540283e-01,4.176863282918930054e-02,3.906288743019104004e-02
-1.271729767322540283e-01,4.176863282918930054e-02,3.906288743019104004e-02
-1.267021894454956055e-01,4.186791554093360901e-02,3.908981755375862122e-02
-1.267021894454956055e-01,4.186791554093360901e-02,3.908981755375862122e-02
-1.262326389551162720e-01,4.196705669164657593e-02,3.911709785461425781e-02
-1.262326389551162720e-01,4.196705669164657593e-02,3.911709785461425781e-02
-1.257643550634384155e-01,4.206607118248939514e-02,3.914471343159675598e-02
-1.257643550634384155e-01,4.206607118248939514e-02,3.914471343159675598e-02
-1.252973228693008423e-01,4.216494783759117126e-02,3.917267918586730957e-02
-1.252973228693008423e-01,4.216494783759117126e-02,3.917267918586730957e-02
-1.248315200209617615e-01,4.226368665695190430e-02,3.920098021626472473e-02
-1.248315200209617615e-01,4.226368665695190430e-02,3.920098021626472473e-02
-1.243669539690017700e-01,4.236229509115219116e-02,3.922962397336959839e-02
-1.243669539690017700e-01,4.236229509115219116e-02,3.922962397336959839e-02
-1.239036321640014648e-01,4.246076568961143494e-02,3.925860673189163208e-02
-1.239036321640014648e-01,4.246076568961143494e-02,3.925860673189163208e-02
-1.234415397047996521e-01,4.255910217761993408e-02,3.928792476654052734e-02
-1.234415397047996521e-01,4.255910217761993408e-02,3.928792476654052734e-02
-1.229806914925575256e-01,4.265730082988739014e-02,3.931757807731628418e-02
-1.229806914925575256e-01,4.265730082988739014e-02,3.931757807731628418e-02
-1.225210651755332947e-01,4.275536909699440002e-02,3.934756666421890259e-02
-1.225210651755332947e-01,4.275536909699440002e-02,3.934756666421890259e-02
-1.220626384019851685e-01,4.285329207777976990e-02,3.937789052724838257e-02
-1.220626384019851685e-01,4.285329207777976990e-02,3.937789052724838257e-02
-1.216054558753967285e-01,4.295108839869499207e-02,3.940854594111442566e-02
-1.216054558753967285e-01,4.295108839869499207e-02,3.940854594111442566e-02
-1.211494728922843933e-01,4.304873943328857422e-02,3.943952545523643494e-02
-1.211494728922843933e-01,4.304873943328857422e-02,3.943952545523643494e-02
-1.206947043538093567e-01,4.314626008272171021e-02,3.947084024548530579e-02
-1.206947043538093567e-01,4.314626008272171021e-02,3.947084024548530579e-02
-1.202411428093910217e-01,4.324364662170410156e-02,3.950248658657073975e-02
-1.202411428093910217e-01,4.324364662170410156e-02,3.950248658657073975e-02
-1.197887808084487915e-01,4.334088787436485291e-02,3.953445330262184143e-02
-1.197887808084487915e-01,4.334088787436485291e-02,3.953445330262184143e-02
-1.193376258015632629e-01,4.343799501657485962e-02,3.956675156950950623e-02
-1.193376258015632629e-01,4.343799501657485962e-02,3.956675156950950623e-02
-1.188876554369926453e-01,4.353496804833412170e-02,3.959937021136283875e-02
-1.188876554369926453e-01,4.353496804833412170e-02,3.959937021136283875e-02
-1.184388920664787292e-01,4.363180324435234070e-02,3.963230922818183899e-02
-1.184388920664787292e-01,4.363180324435234070e-02,3.963230922818183899e-02
-1.179913058876991272e-01,4.372849687933921814e-02,3.966557607054710388e-02
-1.179913058876991272e-01,4.372849687933921814e-02,3.966557607054710388e-02
-1.175448969006538391e-01,4.382505640387535095e-02,3.969916328787803650e-02
-1.175448969006538391e-01,4.382505640387535095e-02,3.969916328787803650e-02
-1.170996874570846558e-01,4.392147809267044067e-02,3.973306342959403992e-02
-1.170996874570846558e-01,4.392147809267044067e-02,3.973306342959403992e-02
-1.166556403040885925e-01,4.401776567101478577e-02,3.976728767156600952e-02
-1.166556403040885925e-01,4.401776567101478577e-02,3.976728767156600952e-02
-1.162127628922462463e-01,4.411390423774719238e-02,3.980182483792304993e-02
-1.162127628922462463e-01,4.411390423774719238e-02,3.980182483792304993e-02
-1.157710701227188110e-01,4.420991614460945129e-02,3.983668610453605652e-02
-1.157710701227188110e-01,4.420991614460945129e-02,3.983668610453605652e-02
-1.153305396437644958e-01,4.430577903985977173e-02,3.987185284495353699e-02
-1.153305396437644958e-01,4.430577903985977173e-02,3.987185284495353699e-02
-1.148911640048027039e-01,4.440150782465934753e-02,3.990733996033668518e-02
-1.148911640048027039e-01,4.440150782465934753e-02,3.990733996033668518e-02
-1.144529432058334351e-01,4.449709877371788025e-02,3.994313254952430725e-02
-1.144529432058334351e-01,4.449709877371788025e-02,3.994313254952430725e-02
-1.140158921480178833e-01,4.459254816174507141e-02,3.997924178838729858e-02
-1.140158921480178833e-01,4.459254816174507141e-02,3.997924178838729858e-02
-1.135799735784530640e-01,4.468785971403121948e-02,4.001565277576446533e-02
-1.135799735784530640e-01,4.468785971403121948e-02,4.001565277576446533e-02
-1.131452098488807678e-01,4.478303343057632446e-02,4.005237668752670288e-02
-1.131452098488807678e-01,4.478303343057632446e-02,4.005237668752670288e-02
-1.127115860581398010e-01,4.487806186079978943e-02,4.008940607309341431e-02
-1.127115860581398010e-01,4.487806186079978943e-02,4.008940607309341431e-02
-1.122791171073913574e-01,4.497295990586280823e-02,4.012674465775489807e-02
-1.122791171073913574e-01,4.497295990586280823e-02,4.012674465775489807e-02
-1.118477508425712585e-01,4.506770521402359009e-02,4.016438499093055725e-02
-1.118477508425712585e-01,4.506770521402359009e-02,4.016438499093055725e-02
-1.114175543189048767e-01,4.516232013702392578e-02,4.020232707262039185e-02
-1.114175543189048767e-01,4.516232013702392578e-02,4.020232707262039185e-02
-1.109884530305862427e-01,4.525678604841232300e-02,4.024057090282440186e-02
-1.109884530305862427e-01,4.525678604841232300e-02,4.024057090282440186e-02
-1.105605065822601318e-01,4.535112157464027405e-02,4.027911648154258728e-02
-1.105605065822601318e-01,4.535112157464027405e-02,4.027911648154258728e-02
-1.101336553692817688e-01,4.544531553983688354e-02,4.031796008348464966e-02
-1.101336553692817688e-01,4.544531553983688354e-02,4.031796008348464966e-02
-1.097079291939735413e-01,4.553936049342155457e-02,4.035710543394088745e-02
-1.097079291939735413e-01,4.553936049342155457e-02,4.035710543394088745e-02
-1.092833131551742554e-01,4.563327133655548096e-02,4.039654135704040527e-02
-1.092833131551742554e-01,4.563327133655548096e-02,4.039654135704040527e-02
-1.088598296046257019e-01,4.572702944278717041e-02,4.043627902865409851e-02
-1.088598296046257019e-01,4.572702944278717041e-02,4.043627902865409851e-02
-1.084374263882637024e-01,4.582066461443901062e-02,4.047630727291107178e-02
-1.084374263882637024e-01,4.582066461443901062e-02,4.047630727291107178e-02
-1.080161407589912415e-01,4.591414332389831543e-02,4.051663354039192200e-02
-1.080161407589912415e-01,4.591414332389831543e-02,4.051663354039192200e-02
-1.075959354639053345e-01,4.600748419761657715e-02,4.055724665522575378e-02
-1.075959354639053345e-01,4.600748419761657715e-02,4.055724665522575378e-02
-1.071768403053283691e-01,4.610068351030349731e-02,4.059814661741256714e-02
-1.071768403053283691e-01,4.610068351030349731e-02,4.059814661741256714e-02
-1.067588403820991516e-01,4.619373753666877747e-02,4.063934087753295898e-02
-1.067588403820991516e-01,4.619373753666877747e-02,4.063934087753295898e-02
-1.063419058918952942e-01,4.628665745258331299e-02,4.068082943558692932e-02
-1.063419058918952942e-01,4.628665745258331299e-02,4.068082943558692932e-02
-1.059260666370391846e-01,4.637942835688591003e-02,4.072259366512298584e-02
-1.059260666370391846e-01,4.637942835688591003e-02,4.072259366512298584e-02
-1.055113077163696289e-01,4.647205397486686707e-02,4.076464846730232239e-02
-1.055113077163696289e-01,4.647205397486686707e-02,4.076464846730232239e-02
-1.050976291298866272e-01,4.656454548239707947e-02,4.080698639154434204e-02
-1.050976291298866272e-01,4.656454548239707947e-02,4.080698639154434204e-02
-1.046850085258483887e-01,4.665688425302505493e-02,4.084960743784904480e-02
-1.046850085258483887e-01,4.665688425302505493e-02,4.084960743784904480e-02
-1.042734682559967041e-01,4.674908146262168884e-02,4.089250415563583374e-02
-1.042734682559967041e-01,4.674908146262168884e-02,4.089250415563583374e-02
-1.038629785180091858e-01,4.684114456176757812e-02,4.093569144606590271e-02
-1.038629785180091858e-01,4.684114456176757812e-02,4.093569144606590271e-02
-1.034535691142082214e-01,4.693305492401123047e-02,4.097915440797805786e-02
-1.034535691142082214e-01,4.693305492401123047e-02,4.097915440797805786e-02
-1.030452027916908264e-01,4.702482372522354126e-02,4.102289676666259766e-02
-1.030452027916908264e-01,4.702482372522354126e-02,4.102289676666259766e-02
-1.026378795504570007e-01,4.711645469069480896e-02,4.106691107153892517e-02
-1.026378795504570007e-01,4.711645469069480896e-02,4.106691107153892517e-02
-1.022316440939903259e-01,4.720793664455413818e-02,4.111120477318763733e-02
-1.022316440939903259e-01,4.720793664455413818e-02,4.111120477318763733e-02
-1.018264144659042358e-01,4.729926586151123047e-02,4.115577042102813721e-02
-1.018264144659042358e-01,4.729926586151123047e-02,4.115577042102813721e-02
-1.014222502708435059e-01,4.739046096801757812e-02,4.120060801506042480e-02
-1.014222502708435059e-01,4.739046096801757812e-02,4.120060801506042480e-02
-1.010191142559051514e-01,4.748151078820228577e-02,4.124571755528450012e-02
-1.010191142559051514e-01,4.748151078820228577e-02,4.124571755528450012e-02
-1.006170287728309631e-01,4.757240414619445801e-02,4.129109531641006470e-02
-1.006170287728309631e-01,4.757240414619445801e-02,4.129109531641006470e-02
-1.002159565687179565e-01,4.766315966844558716e-02,4.133674874901771545e-02
-1.002159565687179565e-01,4.766315966844558716e-02,4.133674874901771545e-02
-9.981591254472732544e-02,4.775377362966537476e-02,4.138266295194625854e-02
-9.981591254472732544e-02,4.775377362966537476e-02,4.138266295194625854e-02
-9.941690415143966675e-02,4.784424230456352234e-02,4.142884910106658936e-02
-9.941690415143966675e-02,4.784424230456352234e-02,4.142884910106658936e-02
-9.901890158653259277e-02,4.793456569314002991e-02,4.147530347108840942e-02
-9.901890158653259277e-02,4.793456569314002991e-02,4.147530347108840942e-02
-9.862191975116729736e-02,4.802474007010459900e-02,4.152201488614082336e-02
-9.862191975116729736e-02,4.802474007010459900e-02,4.152201488614082336e-02
-9.822595864534378052e-02,4.811476916074752808e-02,4.156899079680442810e-02
-9.822595864534378052e-02,4.811476916074752808e-02,4.156899079680442810e-02
-9.783098846673965454e-02,4.820464923977851868e-02,4.161622747778892517e-02
-9.783098846673965454e-02,4.820464923977851868e-02,4.161622747778892517e-02
-9.743703156709671021e-02,4.829439148306846619e-02,4.166372492909431458e-02
-9.743703156709671021e-02,4.829439148306846619e-02,4.166372492909431458e-02
-9.704408049583435059e-02,4.838397726416587830e-02,4.171148687601089478e-02
-9.704408049583435059e-02,4.838397726416587830e-02,4.171148687601089478e-02
-9.665212035179138184e-02,4.847341403365135193e-02,4.175949469208717346e-02
-9.665212035179138184e-02,4.847341403365135193e-02,4.175949469208717346e-02
-9.626115113496780396e-02,4.856271669268608093e-02,4.180776700377464294e-02
-9.626115113496780396e-02,4.856271669268608093e-02,4.180776700377464294e-02
-9.587118029594421387e-02,4.865185916423797607e-02,4.185629636049270630e-02
-9.587118029594421387e-02,4.865185916423797607e-02,4.185629636049270630e-02
-9.548219293355941772e-02,4.874086752533912659e-02,4.190507903695106506e-02
-9.548219293355941772e-02,4.874086752533912659e-02,4.190507903695106506e-02
-9.509417414665222168e-02,4.882972314953804016e-02,4.195410758256912231e-02
-9.509417414665222168e-02,4.882972314953804016e-02,4.195410758256912231e-02
-9.470715373754501343e-02,4.891843721270561218e-02,4.200339317321777344e-02
-9.470715373754501343e-02,4.891843721270561218e-02,4.200339317321777344e-02
-9.432110935449600220e-02,4.900698736310005188e-02,4.205292835831642151e-02
-9.432110935449600220e-02,4.900698736310005188e-02,4.205292835831642151e-02
-9.393602609634399414e-02,4.909540340304374695e-02,4.210271313786506653e-02
-9.393602609634399414e-02,4.909540340304374695e-02,4.210271313786506653e-02
-9.355190396308898926e-02,4.918365925550460815e-02,4.215274751186370850e-02
-9.355190396308898926e-02,4.918365925550460815e-02,4.215274751186370850e-02
-9.316875785589218140e-02,4.927177727222442627e-02,4.220302402973175049e-02
-9.316875785589218140e-02,4.927177727222442627e-02,4.220302402973175049e-02
-9.278656542301177979e-02,4.935974627733230591e-02,4.225355014204978943e-02
-9.278656542301177979e-02,4.935974627733230591e-02,4.225355014204978943e-02
-9.240532666444778442e-02,4.944755882024765015e-02,4.230431094765663147e-02
-9.240532666444778442e-02,4.944755882024765015e-02,4.230431094765663147e-02
-9.202504158020019531e-02,4.953522980213165283e-02,4.235532507300376892e-02
-9.202504158020019531e-02,4.953522980213165283e-02,4.235532507300376892e-02
-9.164571762084960938e-02,4.962274804711341858e-02,4.240657389163970947e-02
-9.164571762084960938e-02,4.962274804711341858e-02,4.240657389163970947e-02
-9.126732498407363892e-02,4.971012100577354431e-02,4.245806857943534851e-02
-9.126732498407363892e-02,4.971012100577354431e-02,4.245806857943534851e-02
-9.088988602161407471e-02,4.979734122753143311e-02,4.250979423522949219e-02
-9.088988602161407471e-02,4.979734122753143311e-02,4.250979423522949219e-02
-9.051336348056793213e-02,4.988441616296768188e-02,4.256176576018333435e-02
-9.051336348056793213e-02,4.988441616296768188e-02,4.256176576018333435e-02
-9.013778716325759888e-02,4.997133463621139526e-02,4.261396452784538269e-02
-9.013778716325759888e-02,4.997133463621139526e-02,4.261396452784538269e-02
-8.976314216852188110e-02,5.005810409784317017e-02,4.266640543937683105e-02
-8.976314216852188110e-02,5.005810409784317017e-02,4.266640543937683105e-02
-8.938941359519958496e-02,5.014472454786300659e-02,4.271908104419708252e-02
-8.938941359519958496e-02,5.014472454786300659e-02,4.271908104419708252e-02
-8.901661634445190430e-02,5.023119971156120300e-02,4.277198016643524170e-02
-8.901661634445190430e-02,5.023119971156120300e-02,4.277198016643524170e-02
-8.864473551511764526e-02,5.031751841306686401e-02,4.282511770725250244e-02
-8.864473551511764526e-02,5.031751841306686401e-02,4.282511770725250244e-02
-8.827376365661621094e-02,5.040368810296058655e-02,4.287848621606826782e-02
-8.827376365661621094e-02,5.040368810296058655e-02,4.287848621606826782e-02
-8.790370821952819824e-02,5.048971250653266907e-02,4.293208196759223938e-02
-8.790370821952819824e-02,5.048971250653266907e-02,4.293208196759223938e-02
-8.753456920385360718e-02,5.057557299733161926e-02,4.298590496182441711e-02
-8.753456920385360718e-02,5.057557299733161926e-02,4.298590496182441711e-02
-8.716631680727005005e-02,5.066129565238952637e-02,4.303995147347450256e-02
-8.716631680727005005e-02,5.066129565238952637e-02,4.303995147347450256e-02
-8.679898828268051147e-02,5.074686557054519653e-02,4.309422895312309265e-02
-8.679898828268051147e-02,5.074686557054519653e-02,4.309422895312309265e-02
-8.643253147602081299e-02,5.083227530121803284e-02,4.314872249960899353e-02
-8.643253147602081299e-02,5.083227530121803284e-02,4.314872249960899353e-02
-8.606697618961334229e-02,5.091753974556922913e-02,4.320344701409339905e-02
-8.606697618961334229e-02,5.091753974556922913e-02,4.320344701409339905e-02
-8.570230752229690552e-02,5.100265145301818848e-02,4.325838387012481689e-02
-8.570230752229690552e-02,5.100265145301818848e-02,4.325838387012481689e-02
-8.533854037523269653e-02,5.108760669827461243e-02,4.331355169415473938e-02
-8.533854037523269653e-02,5.108760669827461243e-02,4.331355169415473938e-02
-8.497562259435653687e-02,5.117240920662879944e-02,4.336892813444137573e-02
-8.497562259435653687e-02,5.117240920662879944e-02,4.336892813444137573e-02
-8.461360633373260498e-02,5.125707015395164490e-02,4.342452436685562134e-02
-8.461360633373260498e-02,5.125707015395164490e-02,4.342452436685562134e-02
-8.425246179103851318e-02,5.134156718850135803e-02,4.348034039139747620e-02
-8.425246179103851318e-02,5.134156718850135803e-02,4.348034039139747620e-02
-8.389218896627426147e-02,5.142591521143913269e-02,4.353637248277664185e-02
-8.389218896627426147e-02,5.142591521143913269e-02,4.353637248277664185e-02
-8.353277295827865601e-02,5.151010677218437195e-02,4.359260946512222290e-02
-8.353277295827865601e-02,5.151010677218437195e-02,4.359260946512222290e-02
-8.317422121763229370e-02,5.159414932131767273e-02,4.364906623959541321e-02
-8.317422121763229370e-02,5.159414932131767273e-02,4.364906623959541321e-02
-8.281652629375457764e-02,5.167803913354873657e-02,4.370573163032531738e-02
-8.281652629375457764e-02,5.167803913354873657e-02,4.370573163032531738e-02
-8.245968818664550781e-02,5.176177620887756348e-02,4.376260936260223389e-02
-8.245968818664550781e-02,5.176177620887756348e-02,4.376260936260223389e-02
-8.210371434688568115e-02,5.184535309672355652e-02,4.381969571113586426e-02
-8.210371434688568115e-02,5.184535309672355652e-02,4.381969571113586426e-02
-8.174857497215270996e-02,5.192878469824790955e-02,4.387697950005531311e-02
-8.174857497215270996e-02,5.192878469824790955e-02,4.387697950005531311e-02
-8.139428496360778809e-02,5.201205611228942871e-02,4.393447935581207275e-02
-8.139428496360778809e-02,5.201205611228942871e-02,4.393447935581207275e-02
-8.104082942008972168e-02,5.209517851471900940e-02,4.399218410253524780e-02
-8.104082942008972168e-02,5.209517851471900940e-02,4.399218410253524780e-02
-8.068821579217910767e-02,5.217814445495605469e-02,4.405009001493453979e-02
-8.068821579217910767e-02,5.217814445495605469e-02,4.405009001493453979e-02
-8.033642917871475220e-02,5.226096138358116150e-02,4.410820081830024719e-02
-8.033642917871475220e-02,5.226096138358116150e-02,4.410820081830024719e-02
-7.998546957969665527e-02,5.234361067414283752e-02,4.416650906205177307e-02
-7.998546957969665527e-02,5.234361067414283752e-02,4.416650906205177307e-02
-7.963534444570541382e-02,5.242610722780227661e-02,4.422501847147941589e-02
-7.963534444570541382e-02,5.242610722780227661e-02,4.422501847147941589e-02
-7.928603887557983398e-02,5.250845104455947876e-02,4.428372904658317566e-02
-7.928603887557983398e-02,5.250845104455947876e-02,4.428372904658317566e-02
-7.893753796815872192e-02,5.259064584970474243e-02,4.434262961149215698e-02
-7.893753796815872192e-02,5.259064584970474243e-02,4.434262961149215698e-02
-7.858985662460327148e-02,5.267268046736717224e-02,4.440173879265785217e-02
-7.858985662460327148e-02,5.267268046736717224e-02,4.440173879265785217e-02
-7.824299484491348267e-02,5.275455862283706665e-02,4.446103051304817200e-02
-7.824299484491348267e-02,5.275455862283706665e-02,4.446103051304817200e-02
-7.789694517850875854e-02,5.283628031611442566e-02,4.452052339911460876e-02
-7.789694517850875854e-02,5.283628031611442566e-02,4.452052339911460876e-02
-7.755167782306671143e-02,5.291784554719924927e-02,4.458020254969596863e-02
-7.755167782306671143e-02,5.291784554719924927e-02,4.458020254969596863e-02
-7.720721513032913208e-02,5.299926176667213440e-02,4.464007541537284851e-02
-7.720721513032913208e-02,5.299926176667213440e-02,4.464007541537284851e-02
-7.686355710029602051e-02,5.308051407337188721e-02,4.470013827085494995e-02
-7.686355710029602051e-02,5.308051407337188721e-02,4.470013827085494995e-02
-7.652068883180618286e-02,5.316160991787910461e-02,4.476039111614227295e-02
-7.652068883180618286e-02,5.316160991787910461e-02,4.476039111614227295e-02
-7.617860287427902222e-02,5.324254930019378662e-02,4.482083022594451904e-02
-7.617860287427902222e-02,5.324254930019378662e-02,4.482083022594451904e-02
-7.583729177713394165e-02,5.332333222031593323e-02,4.488145560026168823e-02
-7.583729177713394165e-02,5.332333222031593323e-02,4.488145560026168823e-02
-7.549678534269332886e-02,5.340396612882614136e-02,4.494226351380348206e-02
-7.549678534269332886e-02,5.340396612882614136e-02,4.494226351380348206e-02
-7.515703141689300537e-02,5.348443239927291870e-02,4.500325396656990051e-02
-7.515703141689300537e-02,5.348443239927291870e-02,4.500325396656990051e-02
-7.481805235147476196e-02,5.356474965810775757e-02,4.506443440914154053e-02
-7.481805235147476196e-02,5.356474965810775757e-02,4.506443440914154053e-02
-7.447986304759979248e-02,5.364489927887916565e-02,4.512578621506690979e-02
-7.447986304759979248e-02,5.364489927887916565e-02,4.512578621506690979e-02
-7.414242625236511230e-02,5.372489988803863525e-02,4.518732428550720215e-02
-7.414242625236511230e-02,5.372489988803863525e-02,4.518732428550720215e-02
-7.380575686693191528e-02,5.380474030971527100e-02,4.524903371930122375e-02
-7.380575686693191528e-02,5.380474030971527100e-02,4.524903371930122375e-02
-7.346983999013900757e-02,5.388441681861877441e-02,4.531092941761016846e-02
-7.346983999013900757e-02,5.388441681861877441e-02,4.531092941761016846e-02
-7.313466817140579224e-02,5.396393686532974243e-02,4.537299647927284241e-02
-7.313466817140579224e-02,5.396393686532974243e-02,4.537299647927284241e-02
-7.280025631189346313e-02,5.404330790042877197e-02,4.543523490428924561e-02
-7.280025631189346313e-02,5.404330790042877197e-02,4.543523490428924561e-02
-7.246658205986022949e-02,5.412251129746437073e-02,4.549765214323997498e-02
-7.246658205986022949e-02,5.412251129746437073e-02,4.549765214323997498e-02
-7.213366031646728516e-02,5.420155450701713562e-02,4.556024074554443359e-02
-7.213366031646728516e-02,5.420155450701713562e-02,4.556024074554443359e-02
-7.180148363113403320e-02,5.428044125437736511e-02,4.562299326062202454e-02
-7.180148363113403320e-02,5.428044125437736511e-02,4.562299326062202454e-02
-7.147004455327987671e-02,5.435916781425476074e-02,4.568592458963394165e-02
-7.147004455327987671e-02,5.435916781425476074e-02,4.568592458963394165e-02
-7.113931328058242798e-02,5.443773791193962097e-02,4.574901983141899109e-02
-7.113931328058242798e-02,5.443773791193962097e-02,4.574901983141899109e-02
-7.080933451652526855e-02,5.451614782214164734e-02,4.581228643655776978e-02
-7.080933451652526855e-02,5.451614782214164734e-02,4.581228643655776978e-02
-7.048007100820541382e-02,5.459439381957054138e-02,4.587570950388908386e-02
-7.048007100820541382e-02,5.459439381957054138e-02,4.587570950388908386e-02
-7.015151530504226685e-02,5.467248335480690002e-02,4.593930393457412720e-02
-7.015151530504226685e-02,5.467248335480690002e-02,4.593930393457412720e-02
-6.982368230819702148e-02,5.475040525197982788e-02,4.600305855274200439e-02
-6.982368230819702148e-02,5.475040525197982788e-02,4.600305855274200439e-02
-6.949657201766967773e-02,5.482817813754081726e-02,4.606697708368301392e-02
-6.949657201766967773e-02,5.482817813754081726e-02,4.606697708368301392e-02
-6.917016208171844482e-02,5.490579083561897278e-02,4.613105952739715576e-02
-6.917016208171844482e-02,5.490579083561897278e-02,4.613105952739715576e-02
-6.884446740150451660e-02,5.498323217034339905e-02,4.619529843330383301e-02
-6.884446740150451660e-02,5.498323217034339905e-02,4.619529843330383301e-02
-6.851946562528610229e-02,5.506052449345588684e-02,4.625969752669334412e-02
-6.851946562528610229e-02,5.506052449345588684e-02,4.625969752669334412e-02
-6.819516420364379883e-02,5.513764172792434692e-02,4.632424563169479370e-02
-6.819516420364379883e-02,5.513764172792434692e-02,4.632424563169479370e-02
-6.787155568599700928e-02,5.521460995078086853e-02,4.638895764946937561e-02
-6.787155568599700928e-02,5.521460995078086853e-02,4.638895764946937561e-02
-6.754864752292633057e-02,5.529141426086425781e-02,4.645382240414619446e-02
-6.754864752292633057e-02,5.529141426086425781e-02,4.645382240414619446e-02
-6.722640991210937500e-02,5.536805093288421631e-02,4.651883989572525024e-02
-6.722640991210937500e-02,5.536805093288421631e-02,4.651883989572525024e-02
-6.690486520528793335e-02,5.544453114271163940e-02,4.658401012420654297e-02
-6.690486520528793335e-02,5.544453114271163940e-02,4.658401012420654297e-02
-6.658399105072021484e-02,5.552084743976593018e-02,4.664933308959007263e-02
-6.658399105072021484e-02,5.552084743976593018e-02,4.664933308959007263e-02
-6.626380234956741333e-02,5.559700354933738708e-02,4.671480134129524231e-02
-6.626380234956741333e-02,5.559700354933738708e-02,4.671480134129524231e-02
-6.594427675008773804e-02,5.567299574613571167e-02,4.678041487932205200e-02
-6.594427675008773804e-02,5.567299574613571167e-02,4.678041487932205200e-02
-6.562542915344238281e-02,5.574882775545120239e-02,4.684618487954139709e-02
-6.562542915344238281e-02,5.574882775545120239e-02,4.684618487954139709e-02
-6.530725210905075073e-02,5.582449212670326233e-02,4.691209644079208374e-02
-6.530725210905075073e-02,5.582449212670326233e-02,4.691209644079208374e-02
-6.498970836400985718e-02,5.590000003576278687e-02,4.697814956307411194e-02
-6.498970836400985718e-02,5.590000003576278687e-02,4.697814956307411194e-02
-6.467284262180328369e-02,5.597533658146858215e-02,4.704434797167778015e-02
-6.467284262180328369e-02,5.597533658146858215e-02,4.704434797167778015e-02
-6.435662508010864258e-02,5.605052039027214050e-02,4.711068794131278992e-02
-6.435662508010864258e-02,5.605052039027214050e-02,4.711068794131278992e-02
-6.404105573892593384e-02,5.612553656101226807e-02,4.717716574668884277e-02
-6.404105573892593384e-02,5.612553656101226807e-02,4.717716574668884277e-02
-6.372613459825515747e-02,5.620038509368896484e-02,4.724378511309623718e-02
-6.372613459825515747e-02,5.620038509368896484e-02,4.724378511309623718e-02
-6.341185420751571655e-02,5.627507716417312622e-02,4.731054604053497314e-02
-6.341185420751571655e-02,5.627507716417312622e-02,4.731054604053497314e-02
-6.309821456670761108e-02,5.634960159659385681e-02,4.737744107842445374e-02
-6.309821456670761108e-02,5.634960159659385681e-02,4.737744107842445374e-02
-6.278520822525024414e-02,5.642395466566085815e-02,4.744447022676467896e-02
-6.278520822525024414e-02,5.642395466566085815e-02,4.744447022676467896e-02
-6.247282773256301880e-02,5.649815127253532410e-02,4.751163721084594727e-02
-6.247282773256301880e-02,5.649815127253532410e-02,4.751163721084594727e-02
-6.216107308864593506e-02,5.657217651605606079e-02,4.757893458008766174e-02
-6.216107308864593506e-02,5.657217651605606079e-02,4.757893458008766174e-02
-6.184995174407958984e-02,5.664605274796485901e-02,4.764636233448982239e-02
-6.184995174407958984e-02,5.664605274796485901e-02,4.764636233448982239e-02
-6.153944134712219238e-02,5.671974644064903259e-02,4.771392419934272766e-02
-6.153944134712219238e-02,5.671974644064903259e-02,4.771392419934272766e-02
-6.122954562306404114e-02,5.679328739643096924e-02,4.778161272406578064e-02
-6.122954562306404114e-02,5.679328739643096924e-02,4.778161272406578064e-02
-6.092026829719543457e-02,5.686665326356887817e-02,4.784943163394927979e-02
-6.092026829719543457e-02,5.686665326356887817e-02,4.784943163394927979e-02
-6.061159819364547729e-02,5.693986639380455017e-02,4.791737347841262817e-02
-6.061159819364547729e-02,5.693986639380455017e-02,4.791737347841262817e-02
-6.030352786183357239e-02,5.701290443539619446e-02,4.798545315861701965e-02
-6.030352786183357239e-02,5.701290443539619446e-02,4.798545315861701965e-02
-5.999605730175971985e-02,5.708577856421470642e-02,4.805363714694976807e-02
-5.999605730175971985e-02,5.708577856421470642e-02,4.805363714694976807e-02
-5.968919396400451660e-02,5.715848505496978760e-02,4.812195524573326111e-02
-5.968919396400451660e-02,5.715848505496978760e-02,4.812195524573326111e-02
-5.938291177153587341e-02,5.723103135824203491e-02,4.819039627909660339e-02
-5.938291177153587341e-02,5.723103135824203491e-02,4.819039627909660339e-02
-5.907722562551498413e-02,5.730340629816055298e-02,4.825895279645919800e-02
-5.907722562551498413e-02,5.730340629816055298e-02,4.825895279645919800e-02
-5.877211317420005798e-02,5.737561732530593872e-02,4.832763224840164185e-02
-5.877211317420005798e-02,5.737561732530593872e-02,4.832763224840164185e-02
-5.846760421991348267e-02,5.744766071438789368e-02,4.839643090963363647e-02
-5.846760421991348267e-02,5.744766071438789368e-02,4.839643090963363647e-02
-5.816365778446197510e-02,5.751953274011611938e-02,4.846534132957458496e-02
-5.816365778446197510e-02,5.751953274011611938e-02,4.846534132957458496e-02
-5.786029621958732605e-02,5.759124457836151123e-02,4.853437095880508423e-02
-5.786029621958732605e-02,5.759124457836151123e-02,4.853437095880508423e-02
-5.755749344825744629e-02,5.766278505325317383e-02,4.860351979732513428e-02
-5.755749344825744629e-02,5.766278505325317383e-02,4.860351979732513428e-02
-5.725526437163352966e-02,5.773416161537170410e-02,4.867276921868324280e-02
-5.725526437163352966e-02,5.773416161537170410e-02,4.867276921868324280e-02
-5.695359781384468079e-02,5.780536308884620667e-02,4.874213784933090210e-02
-5.695359781384468079e-02,5.780536308884620667e-02,4.874213784933090210e-02
-5.665249004960060120e-02,5.787640810012817383e-02,4.881161823868751526e-02
-5.665249004960060120e-02,5.787640810012817383e-02,4.881161823868751526e-02
-5.635194107890129089e-02,5.794728174805641174e-02,4.888119921088218689e-02
-5.635194107890129089e-02,5.794728174805641174e-02,4.888119921088218689e-02
-5.605193972587585449e-02,5.801798030734062195e-02,4.895089939236640930e-02
-5.605193972587585449e-02,5.801798030734062195e-02,4.895089939236640930e-02
-5.575249716639518738e-02,5.808852240443229675e-02,4.902070388197898865e-02
-5.575249716639518738e-02,5.808852240443229675e-02,4.902070388197898865e-02
-5.545359477400779724e-02,5.815888941287994385e-02,4.909060522913932800e-02
-5.545359477400779724e-02,5.815888941287994385e-02,4.909060522913932800e-02
-5.515522137284278870e-02,5.822908505797386169e-02,4.916062206029891968e-02
-5.515522137284278870e-02,5.822908505797386169e-02,4.916062206029891968e-02
-5.485738813877105713e-02,5.829912051558494568e-02,4.923073574900627136e-02
-5.485738813877105713e-02,5.829912051558494568e-02,4.923073574900627136e-02
-5.456009134650230408e-02,5.836897715926170349e-02,4.930094629526138306e-02
-5.456009134650230408e-02,5.836897715926170349e-02,4.930094629526138306e-02
-5.426333472132682800e-02,5.843866989016532898e-02,4.937126860022544861e-02
-5.426333472132682800e-02,5.843866989016532898e-02,4.937126860022544861e-02
-5.396709218621253967e-02,5.850819125771522522e-02,4.944168776273727417e-02
-5.396709218621253967e-02,5.850819125771522522e-02,4.944168776273727417e-02
-5.367137864232063293e-02,5.857754498720169067e-02,4.951219633221626282e-02
-5.367137864232063293e-02,5.857754498720169067e-02,4.951219633221626282e-02
-5.337617918848991394e-02,5.864672735333442688e-02,4.958280175924301147e-02
-5.337617918848991394e-02,5.864672735333442688e-02,4.958280175924301147e-02
-5.308149009943008423e-02,5.871574580669403076e-02,4.965350776910781860e-02
-5.308149009943008423e-02,5.871574580669403076e-02,4.965350776910781860e-02
-5.278731510043144226e-02,5.878458544611930847e-02,4.972430691123008728e-02
-5.278731510043144226e-02,5.878458544611930847e-02,4.972430691123008728e-02
-5.249365419149398804e-02,5.885325372219085693e-02,4.979519918560981750e-02
-5.249365419149398804e-02,5.885325372219085693e-02,4.979519918560981750e-02
-5.220048874616622925e-02,5.892176181077957153e-02,4.986618459224700928e-02
-5.220048874616622925e-02,5.892176181077957153e-02,4.986618459224700928e-02
-5.190782994031906128e-02,5.899009108543395996e-02,4.993725195527076721e-02
-5.190782994031906128e-02,5.899009108543395996e-02,4.993725195527076721e-02
-5.161565914750099182e-02,5.905824899673461914e-02,5.000841617584228516e-02
-5.161565914750099182e-02,5.905824899673461914e-02,5.000841617584228516e-02
-5.132399126887321472e-02,5.912624672055244446e-02,5.007967352867126465e-02
-5.132399126887321472e-02,5.912624672055244446e-02,5.007967352867126465e-02
-5.103280022740364075e-02,5.919406190514564514e-02,5.015100538730621338e-02
-5.103280022740364075e-02,5.919406190514564514e-02,5.015100538730621338e-02
-5.074210464954376221e-02,5.926171317696571350e-02,5.022242292761802673e-02
-5.074210464954376221e-02,5.926171317696571350e-02,5.022242292761802673e-02
-5.045188218355178833e-02,5.932918936014175415e-02,5.029392987489700317e-02
-5.045188218355178833e-02,5.932918936014175415e-02,5.029392987489700317e-02
-5.016214028000831604e-02,5.939649045467376709e-02,5.036551877856254578e-02
-5.016214028000831604e-02,5.939649045467376709e-02,5.036551877856254578e-02
-4.987287148833274841e-02,5.946362391114234924e-02,5.043719336390495300e-02
-4.987287148833274841e-02,5.946362391114234924e-02,5.043719336390495300e-02
-4.958406463265419006e-02,5.953058972954750061e-02,5.050893872976303101e-02
-4.958406463265419006e-02,5.953058972954750061e-02,5.050893872976303101e-02
-4.929573461413383484e-02,5.959737673401832581e-02,5.058076977729797363e-02
-4.929573461413383484e-02,5.959737673401832581e-02,5.058076977729797363e-02
-4.900786280632019043e-02,5.966399237513542175e-02,5.065267533063888550e-02
-4.900786280632019043e-02,5.966399237513542175e-02,5.065267533063888550e-02
-4.872044548392295837e-02,5.973044037818908691e-02,5.072465911507606506e-02
-4.872044548392295837e-02,5.973044037818908691e-02,5.072465911507606506e-02
-4.843349009752273560e-02,5.979670584201812744e-02,5.079671368002891541e-02
-4.843349009752273560e-02,5.979670584201812744e-02,5.079671368002891541e-02
-4.814698547124862671e-02,5.986280739307403564e-02,5.086885020136833191e-02
-4.814698547124862671e-02,5.986280739307403564e-02,5.086885020136833191e-02
-4.786092042922973633e-02,5.992873385548591614e-02,5.094105377793312073e-02
-4.786092042922973633e-02,5.992873385548591614e-02,5.094105377793312073e-02
-4.757530242204666138e-02,5.999448895454406738e-02,5.101333186030387878e-02
-4.757530242204666138e-02,5.999448895454406738e-02,5.101333186030387878e-02
-4.729013144969940186e-02,6.006006151437759399e-02,5.108567699790000916e-02
-4.729013144969940186e-02,6.006006151437759399e-02,5.108567699790000916e-02
-4.700539261102676392e-02,6.012546643614768982e-02,5.115809664130210876e-02
-4.700539261102676392e-02,6.012546643614768982e-02,5.115809664130210876e-02
-4.672108218073844910e-02,6.019069999456405640e-02,5.123057961463928223e-02
-4.672108218073844910e-02,6.019069999456405640e-02,5.123057961463928223e-02
-4.643720015883445740e-02,6.025575846433639526e-02,5.130312591791152954e-02
-4.643720015883445740e-02,6.025575846433639526e-02,5.130312591791152954e-02
-4.615375027060508728e-02,6.032063812017440796e-02,5.137574300169944763e-02
-4.615375027060508728e-02,6.032063812017440796e-02,5.137574300169944763e-02
-4.587071761488914490e-02,6.038534641265869141e-02,5.144841596484184265e-02
-4.587071761488914490e-02,6.038534641265869141e-02,5.144841596484184265e-02
-4.558810219168663025e-02,6.044988334178924561e-02,5.152115598320960999e-02
-4.558810219168663025e-02,6.044988334178924561e-02,5.152115598320960999e-02
-4.530590027570724487e-02,6.051424145698547363e-02,5.159395933151245117e-02
-4.530590027570724487e-02,6.051424145698547363e-02,5.159395933151245117e-02
-4.502410441637039185e-02,6.057842820882797241e-02,5.166682600975036621e-02
-4.502410441637039185e-02,6.057842820882797241e-02,5.166682600975036621e-02
-4.474271833896636963e-02,6.064243987202644348e-02,5.173974484205245972e-02
-4.474271833896636963e-02,6.064243987202644348e-02,5.173974484205245972e-02
-4.446173831820487976e-02,6.070626899600028992e-02,5.181272327899932861e-02
-4.446173831820487976e-02,6.070626899600028992e-02,5.181272327899932861e-02
-4.418114945292472839e-02,6.076993048191070557e-02,5.188575387001037598e-02
-4.418114945292472839e-02,6.076993048191070557e-02,5.188575387001037598e-02
-4.390095919370651245e-02,6.083341315388679504e-02,5.195884406566619873e-02
-4.390095919370651245e-02,6.083341315388679504e-02,5.195884406566619873e-02
-4.362115636467933655e-02,6.089672073721885681e-02,5.203198641538619995e-02
-4.362115636467933655e-02,6.089672073721885681e-02,5.203198641538619995e-02
-4.334174841642379761e-02,6.095985323190689087e-02,5.210518836975097656e-02
-4.334174841642379761e-02,6.095985323190689087e-02,5.210518836975097656e-02
-4.306272789835929871e-02,6.102280691266059875e-02,5.217843130230903625e-02
-4.306272789835929871e-02,6.102280691266059875e-02,5.217843130230903625e-02
-4.278407245874404907e-02,6.108558550477027893e-02,5.225173011422157288e-02
-4.278407245874404907e-02,6.108558550477027893e-02,5.225173011422157288e-02
-4.250580444931983948e-02,6.114818900823593140e-02,5.232507362961769104e-02
-4.250580444931983948e-02,6.114818900823593140e-02,5.232507362961769104e-02
-4.222790151834487915e-02,6.121061369776725769e-02,5.239846929907798767e-02
-4.222790151834487915e-02,6.121061369776725769e-02,5.239846929907798767e-02
-4.195037484169006348e-02,6.127286329865455627e-02,5.247190594673156738e-02
-4.195037484169006348e-02,6.127286329865455627e-02,5.247190594673156738e-02
-4.167320206761360168e-02,6.133493781089782715e-02,5.254539102315902710e-02
-4.167320206761360168e-02,6.133493781089782715e-02,5.254539102315902710e-02
-4.139640927314758301e-02,6.139682978391647339e-02,5.261892080307006836e-02
-4.139640927314758301e-02,6.139682978391647339e-02,5.261892080307006836e-02
-4.111995920538902283e-02,6.145854666829109192e-02,5.269249156117439270e-02
-4.111995920538902283e-02,6.145854666829109192e-02,5.269249156117439270e-02
-4.084387049078941345e-02,6.152009218931198120e-02,5.276610329747200012e-02
-4.084387049078941345e-02,6.152009218931198120e-02,5.276610329747200012e-02
-4.056812450289726257e-02,6.158145517110824585e-02,5.283975228667259216e-02
-4.056812450289726257e-02,6.158145517110824585e-02,5.283975228667259216e-02
-4.029272869229316711e-02,6.164263188838958740e-02,5.291343852877616882e-02
-4.029272869229316711e-02,6.164263188838958740e-02,5.291343852877616882e-02
-4.001767933368682861e-02,6.170364469289779663e-02,5.298716947436332703e-02
-4.001767933368682861e-02,6.170364469289779663e-02,5.298716947436332703e-02
-3.974296152591705322e-02,6.176447495818138123e-02,5.306093394756317139e-02
-3.974296152591705322e-02,6.176447495818138123e-02,5.306093394756317139e-02
-3.946857899427413940e-02,6.182512268424034119e-02,5.313473194837570190e-02
-3.946857899427413940e-02,6.182512268424034119e-02,5.313473194837570190e-02
-3.919453546404838562e-02,6.188559159636497498e-02,5.320856347680091858e-02
-3.919453546404838562e-02,6.188559159636497498e-02,5.320856347680091858e-02
-3.892081230878829956e-02,6.194588541984558105e-02,5.328242853283882141e-02
-3.892081230878829956e-02,6.194588541984558105e-02,5.328242853283882141e-02
-3.864741325378417969e-02,6.200599670410156250e-02,5.335633084177970886e-02
-3.864741325378417969e-02,6.200599670410156250e-02,5.335633084177970886e-02
-3.837433457374572754e-02,6.206592544913291931e-02,5.343024805188179016e-02
-3.837433457374572754e-02,6.206592544913291931e-02,5.343024805188179016e-02
-3.810157254338264465e-02,6.212568655610084534e-02,5.350420251488685608e-02
-3.810157254338264465e-02,6.212568655610084534e-02,5.350420251488685608e-02
-3.782912716269493103e-02,6.218526139855384827e-02,5.357818305492401123e-02
-3.782912716269493103e-02,6.218526139855384827e-02,5.357818305492401123e-02
-3.755698725581169128e-02,6.224465370178222656e-02,5.365219339728355408e-02
-3.755698725581169128e-02,6.224465370178222656e-02,5.365219339728355408e-02
-3.728515654802322388e-02,6.230387091636657715e-02,5.372622609138488770e-02
-3.728515654802322388e-02,6.230387091636657715e-02,5.372622609138488770e-02
-3.701362386345863342e-02,6.236290559172630310e-02,5.380028486251831055e-02
-3.701362386345863342e-02,6.236290559172630310e-02,5.380028486251831055e-02
-3.674238920211791992e-02,6.242176145315170288e-02,5.387435853481292725e-02
-3.674238920211791992e-02,6.242176145315170288e-02,5.387435853481292725e-02
-3.647145256400108337e-02,6.248043477535247803e-02,5.394845828413963318e-02
-3.647145256400108337e-02,6.248043477535247803e-02,5.394845828413963318e-02
-3.620079904794692993e-02,6.253892928361892700e-02,5.402257293462753296e-02
-3.620079904794692993e-02,6.253892928361892700e-02,5.402257293462753296e-02
-3.593043982982635498e-02,6.259724497795104980e-02,5.409671738743782043e-02
-3.593043982982635498e-02,6.259724497795104980e-02,5.409671738743782043e-02
-3.566035628318786621e-02,6.265537440776824951e-02,5.417086929082870483e-02
-3.566035628318786621e-02,6.265537440776824951e-02,5.417086929082870483e-02
-3.539055958390235901e-02,6.271332502365112305e-02,5.424503609538078308e-02
-3.539055958390235901e-02,6.271332502365112305e-02,5.424503609538078308e-02
-3.512102738022804260e-02,6.277109682559967041e-02,5.431922525167465210e-02
-3.512102738022804260e-02,6.277109682559967041e-02,5.431922525167465210e-02
-3.485177457332611084e-02,6.282868236303329468e-02,5.439342185854911804e-02
-3.485177457332611084e-02,6.282868236303329468e-02,5.439342185854911804e-02
-3.458278998732566833e-02,6.288608908653259277e-02,5.446762964129447937e-02
-3.458278998732566833e-02,6.288608908653259277e-02,5.446762964129447937e-02
-3.431406244635581970e-02,6.294331699609756470e-02,5.454184859991073608e-02
-3.431406244635581970e-02,6.294331699609756470e-02,5.454184859991073608e-02
-3.404559940099716187e-02,6.300035864114761353e-02,5.461608245968818665e-02
-3.404559940099716187e-02,6.300035864114761353e-02,5.461608245968818665e-02
-3.377739340066909790e-02,6.305721402168273926e-02,5.469032377004623413e-02
-3.377739340066909790e-02,6.305721402168273926e-02,5.469032377004623413e-02
-3.350943699479103088e-02,6.311389803886413574e-02,5.476456880569458008e-02
-3.350943699479103088e-02,6.311389803886413574e-02,5.476456880569458008e-02
-3.324173763394355774e-02,6.317038834095001221e-02,5.483882129192352295e-02
-3.324173763394355774e-02,6.317038834095001221e-02,5.483882129192352295e-02
-3.297427669167518616e-02,6.322670727968215942e-02,5.491308122873306274e-02
-3.297427669167518616e-02,6.322670727968215942e-02,5.491308122873306274e-02
-3.270705789327621460e-02,6.328283250331878662e-02,5.498734489083290100e-02
-3.270705789327621460e-02,6.328283250331878662e-02,5.498734489083290100e-02
-3.244007751345634460e-02,6.333877891302108765e-02,5.506160482764244080e-02
-3.244007751345634460e-02,6.333877891302108765e-02,5.506160482764244080e-02
-3.217333182692527771e-02,6.339453905820846558e-02,5.513586476445198059e-02
-3.217333182692527771e-02,6.339453905820846558e-02,5.513586476445198059e-02
-3.190681710839271545e-02,6.345012038946151733e-02,5.521013215184211731e-02
-3.190681710839271545e-02,6.345012038946151733e-02,5.521013215184211731e-02
-3.164052963256835938e-02,6.350552290678024292e-02,5.528439208865165710e-02
-3.164052963256835938e-02,6.350552290678024292e-02,5.528439208865165710e-02
-3.137446194887161255e-02,6.356073170900344849e-02,5.535865202546119690e-02
-3.137446194887161255e-02,6.356073170900344849e-02,5.535865202546119690e-02
-3.110861778259277344e-02,6.361576169729232788e-02,5.543290451169013977e-02
-3.110861778259277344e-02,6.361576169729232788e-02,5.543290451169013977e-02
-3.084298782050609589e-02,6.367060542106628418e-02,5.550715699791908264e-02
-3.084298782050609589e-02,6.367060542106628418e-02,5.550715699791908264e-02
-3.057756647467613220e-02,6.372526288032531738e-02,5.558139830827713013e-02
-3.057756647467613220e-02,6.372526288032531738e-02,5.558139830827713013e-02
-3.031235374510288239e-02,6.377974152565002441e-02,5.565563216805458069e-02
-3.031235374510288239e-02,6.377974152565002441e-02,5.565563216805458069e-02
-3.004734590649604797e-02,6.383402645587921143e-02,5.572985485196113586e-02
-3.004734590649604797e-02,6.383402645587921143e-02,5.572985485196113586e-02
-2.978253923356533051e-02,6.388814002275466919e-02,5.580407008528709412e-02
-2.978253923356533051e-02,6.388814002275466919e-02,5.580407008528709412e-02
-2.951792813837528229e-02,6.394205242395401001e-02,5.587827786803245544e-02
-2.951792813837528229e-02,6.394205242395401001e-02,5.587827786803245544e-02
-2.925350889563560486e-02,6.399578601121902466e-02,5.595247074961662292e-02
-2.925350889563560486e-02,6.399578601121902466e-02,5.595247074961662292e-02
-2.898928150534629822e-02,6.404934078454971313e-02,5.602664127945899963e-02
-2.898928150534629822e-02,6.404934078454971313e-02,5.602664127945899963e-02
-2.872523851692676544e-02,6.410270929336547852e-02,5.610080063343048096e-02
-2.872523851692676544e-02,6.410270929336547852e-02,5.610080063343048096e-02
-2.846137993037700653e-02,6.415588408708572388e-02,5.617494881153106689e-02
-2.846137993037700653e-02,6.415588408708572388e-02,5.617494881153106689e-02
-2.819769270718097687e-02,6.420887261629104614e-02,5.624907091259956360e-02
-2.819769270718097687e-02,6.420887261629104614e-02,5.624907091259956360e-02
-2.793418243527412415e-02,6.426167488098144531e-02,5.632317811250686646e-02
-2.793418243527412415e-02,6.426167488098144531e-02,5.632317811250686646e-02
-2.767084911465644836e-02,6.431429833173751831e-02,5.639727041125297546e-02
-2.767084911465644836e-02,6.431429833173751831e-02,5.639727041125297546e-02
-2.740767970681190491e-02,6.436672806739807129e-02,5.647132545709609985e-02
-2.740767970681190491e-02,6.436672806739807129e-02,5.647132545709609985e-02
-2.714467048645019531e-02,6.441897898912429810e-02,5.654536560177803040e-02
-2.714467048645019531e-02,6.441897898912429810e-02,5.654536560177803040e-02
-2.688181959092617035e-02,6.447103619575500488e-02,5.661938712000846863e-02
-2.688181959092617035e-02,6.447103619575500488e-02,5.661938712000846863e-02
-2.661912515759468079e-02,6.452290713787078857e-02,5.669337138533592224e-02
-2.661912515759468079e-02,6.452290713787078857e-02,5.669337138533592224e-02
-2.635658718645572662e-02,6.457459181547164917e-02,5.676734074950218201e-02
-2.635658718645572662e-02,6.457459181547164917e-02,5.676734074950218201e-02
-2.609419263899326324e-02,6.462609022855758667e-02,5.684127658605575562e-02
-2.609419263899326324e-02,6.462609022855758667e-02,5.684127658605575562e-02
-2.583193965256214142e-02,6.467740237712860107e-02,5.691518262028694153e-02
-2.583193965256214142e-02,6.467740237712860107e-02,5.691518262028694153e-02
-2.556983195245265961e-02,6.472852081060409546e-02,5.698905512690544128e-02
-2.556983195245265961e-02,6.472852081060409546e-02,5.698905512690544128e-02
-2.530786208808422089e-02,6.477946043014526367e-02,5.706290155649185181e-02
-2.530786208808422089e-02,6.477946043014526367e-02,5.706290155649185181e-02
-2.504602447152137756e-02,6.483020633459091187e-02,5.713671818375587463e-02
-2.504602447152137756e-02,6.483020633459091187e-02,5.713671818375587463e-02
-2.478431165218353271e-02,6.488076597452163696e-02,5.721049383282661438e-02
-2.478431165218353271e-02,6.488076597452163696e-02,5.721049383282661438e-02
-2.452272363007068634e-02,6.493113189935684204e-02,5.728423222899436951e-02
-2.452272363007068634e-02,6.493113189935684204e-02,5.728423222899436951e-02
-2.426126040518283844e-02,6.498131155967712402e-02,5.735793337225914001e-02
-2.426126040518283844e-02,6.498131155967712402e-02,5.735793337225914001e-02
-2.399992197751998901e-02,6.503130495548248291e-02,5.743160471320152283e-02
-2.399992197751998901e-02,6.503130495548248291e-02,5.743160471320152283e-02
-2.373869530856609344e-02,6.508110463619232178e-02,5.750523135066032410e-02
-2.373869530856609344e-02,6.508110463619232178e-02,5.750523135066032410e-02
-2.347757481038570404e-02,6.513072550296783447e-02,5.757881328463554382e-02
-2.347757481038570404e-02,6.513072550296783447e-02,5.757881328463554382e-02
-2.321656048297882080e-02,6.518014520406723022e-02,5.765235796570777893e-02
-2.321656048297882080e-02,6.518014520406723022e-02,5.765235796570777893e-02
-2.295565418899059296e-02,6.522937864065170288e-02,5.772586166858673096e-02
-2.295565418899059296e-02,6.522937864065170288e-02,5.772586166858673096e-02
-2.269485034048557281e-02,6.527842581272125244e-02,5.779931694269180298e-02
-2.269485034048557281e-02,6.527842581272125244e-02,5.779931694269180298e-02
-2.243412844836711884e-02,6.532727926969528198e-02,5.787273123860359192e-02
-2.243412844836711884e-02,6.532727926969528198e-02,5.787273123860359192e-02
-2.217350527644157410e-02,6.537594646215438843e-02,5.794608592987060547e-02
-2.217350527644157410e-02,6.537594646215438843e-02,5.794608592987060547e-02
-2.191297709941864014e-02,6.542441993951797485e-02,5.801940336823463440e-02
-2.191297709941864014e-02,6.542441993951797485e-02,5.801940336823463440e-02
-2.165252529084682465e-02,6.547270715236663818e-02,5.809267237782478333e-02
-2.165252529084682465e-02,6.547270715236663818e-02,5.809267237782478333e-02
-2.139215916395187378e-02,6.552080065011978149e-02,5.816588923335075378e-02
-2.139215916395187378e-02,6.552080065011978149e-02,5.816588923335075378e-02
-2.113186568021774292e-02,6.556870043277740479e-02,5.823904275894165039e-02
-2.113186568021774292e-02,6.556870043277740479e-02,5.823904275894165039e-02
-2.087164670228958130e-02,6.561640650033950806e-02,5.831215903162956238e-02
-2.087164670228958130e-02,6.561640650033950806e-02,5.831215903162956238e-02
-2.061149664223194122e-02,6.566392630338668823e-02,5.838521197438240051e-02
-2.061149664223194122e-02,6.566392630338668823e-02,5.838521197438240051e-02
-2.035142108798027039e-02,6.571125984191894531e-02,5.845821276307106018e-02
-2.035142108798027039e-02,6.571125984191894531e-02,5.845821276307106018e-02
-2.009140141308307648e-02,6.575839966535568237e-02,5.853115394711494446e-02
-2.009140141308307648e-02,6.575839966535568237e-02,5.853115394711494446e-02
-1.983143389225006104e-02,6.580533832311630249e-02,5.860403925180435181e-02
-1.983143389225006104e-02,6.580533832311630249e-02,5.860403925180435181e-02
-1.957152783870697021e-02,6.585209816694259644e-02,5.867686495184898376e-02
-1.957152783870697021e-02,6.585209816694259644e-02,5.867686495184898376e-02
-1.931166835129261017e-02,6.589865684509277344e-02,5.874963104724884033e-02
-1.931166835129261017e-02,6.589865684509277344e-02,5.874963104724884033e-02
-1.905185543000698090e-02,6.594502925872802734e-02,5.882232636213302612e-02
-1.905185543000698090e-02,6.594502925872802734e-02,5.882232636213302612e-02
-1.879209280014038086e-02,6.599120050668716431e-02,5.889496579766273499e-02
-1.879209280014038086e-02,6.599120050668716431e-02,5.889496579766273499e-02
-1.853236369788646698e-02,6.603718549013137817e-02,5.896753817796707153e-02
-1.853236369788646698e-02,6.603718549013137817e-02,5.896753817796707153e-02
-1.827267557382583618e-02,6.608297675848007202e-02,5.904005095362663269e-02
-1.827267557382583618e-02,6.608297675848007202e-02,5.904005095362663269e-02
-1.801301725208759308e-02,6.612858176231384277e-02,5.911248549818992615e-02
-1.801301725208759308e-02,6.612858176231384277e-02,5.911248549818992615e-02
-1.775338687002658844e-02,6.617397814989089966e-02,5.918485298752784729e-02
-1.775338687002658844e-02,6.617397814989089966e-02,5.918485298752784729e-02
-1.749377883970737457e-02,6.621919572353363037e-02,5.925716087222099304e-02
-1.749377883970737457e-02,6.621919572353363037e-02,5.925716087222099304e-02
-1.723419316112995148e-02,6.626420468091964722e-02,5.932939052581787109e-02
-1.723419316112995148e-02,6.626420468091964722e-02,5.932939052581787109e-02
-1.697462797164916992e-02,6.630903482437133789e-02,5.940155312418937683e-02
-1.697462797164916992e-02,6.630903482437133789e-02,5.940155312418937683e-02
-1.671507023274898529e-02,6.635366380214691162e-02,5.947364494204521179e-02
-1.671507023274898529e-02,6.635366380214691162e-02,5.947364494204521179e-02
-1.645552739500999451e-02,6.639809906482696533e-02,5.954565107822418213e-02
-1.645552739500999451e-02,6.639809906482696533e-02,5.954565107822418213e-02
-1.619598828256130219e-02,6.644234061241149902e-02,5.961758643388748169e-02
-1.619598828256130219e-02,6.644234061241149902e-02,5.961758643388748169e-02
-1.593645103275775909e-02,6.648639589548110962e-02,5.968944355845451355e-02
-1.593645103275775909e-02,6.648639589548110962e-02,5.968944355845451355e-02
-1.567691192030906677e-02,6.653025001287460327e-02,5.976122617721557617e-02
-1.567691192030906677e-02,6.653025001287460327e-02,5.976122617721557617e-02
-1.541736908257007599e-02,6.657390296459197998e-02,5.983291938900947571e-02
-1.541736908257007599e-02,6.657390296459197998e-02,5.983291938900947571e-02
-1.515781320631504059e-02,6.661736965179443359e-02,5.990454182028770447e-02
-1.515781320631504059e-02,6.661736965179443359e-02,5.990454182028770447e-02
-1.489824708551168442e-02,6.666063517332077026e-02,5.997607484459877014e-02
-1.489824708551168442e-02,6.666063517332077026e-02,5.997607484459877014e-02
-1.463866978883743286e-02,6.670370697975158691e-02,6.004753336310386658e-02
-1.463866978883743286e-02,6.670370697975158691e-02,6.004753336310386658e-02
-1.437906920909881592e-02,6.674658507108688354e-02,6.011889874935150146e-02
-1.437906920909881592e-02,6.674658507108688354e-02,6.011889874935150146e-02
-1.411944348365068436e-02,6.678926944732666016e-02,6.019018217921257019e-02
-1.411944348365068436e-02,6.678926944732666016e-02,6.019018217921257019e-02
-1.385978609323501587e-02,6.683175265789031982e-02,6.026138365268707275e-02
-1.385978609323501587e-02,6.683175265789031982e-02,6.026138365268707275e-02
-1.360010448843240738e-02,6.687404960393905640e-02,6.033248826861381531e-02
-1.360010448843240738e-02,6.687404960393905640e-02,6.033248826861381531e-02
-1.334038283675909042e-02,6.691613793373107910e-02,6.040349602699279785e-02
-1.334038283675909042e-02,6.691613793373107910e-02,6.040349602699279785e-02
-1.308062113821506500e-02,6.695803999900817871e-02,6.047442555427551270e-02
-1.308062113821506500e-02,6.695803999900817871e-02,6.047442555427551270e-02
-1.282082125544548035e-02,6.699974089860916138e-02,6.054525822401046753e-02
-1.282082125544548035e-02,6.699974089860916138e-02,6.054525822401046753e-02
-1.256097201257944107e-02,6.704124063253402710e-02,6.061600521206855774e-02
-1.256097201257944107e-02,6.704124063253402710e-02,6.061600521206855774e-02
-1.230107154697179794e-02,6.708254665136337280e-02,6.068664416670799255e-02
-1.230107154697179794e-02,6.708254665136337280e-02,6.068664416670799255e-02
-1.204111892729997635e-02,6.712365895509719849e-02,6.075718998908996582e-02
-1.204111892729997635e-02,6.712365895509719849e-02,6.075718998908996582e-02
-1.178110763430595398e-02,6.716457009315490723e-02,6.082763895392417908e-02
-1.178110763430595398e-02,6.716457009315490723e-02,6.082763895392417908e-02
-1.152103766798973083e-02,6.720528751611709595e-02,6.089799106121063232e-02
-1.152103766798973083e-02,6.720528751611709595e-02,6.089799106121063232e-02
-1.126089785248041153e-02,6.724580377340316772e-02,6.096825003623962402e-02
-1.126089785248041153e-02,6.724580377340316772e-02,6.096825003623962402e-02
-1.100069191306829453e-02,6.728612631559371948e-02,6.103840097784996033e-02
-1.100069191306829453e-02,6.728612631559371948e-02,6.103840097784996033e-02
-1.074041519314050674e-02,6.732624024152755737e-02,6.110845133662223816e-02
-1.074041519314050674e-02,6.732624024152755737e-02,6.110845133662223816e-02
-1.048005651682615280e-02,6.736616790294647217e-02,6.117839738726615906e-02
-1.048005651682615280e-02,6.736616790294647217e-02,6.117839738726615906e-02
-1.021962705999612808e-02,6.740589439868927002e-02,6.124823540449142456e-02
-1.021962705999612808e-02,6.740589439868927002e-02,6.124823540449142456e-02
-9.959104470908641815e-03,6.744541972875595093e-02,6.131796911358833313e-02
-9.959104470908641815e-03,6.744541972875595093e-02,6.131796911358833313e-02
-9.698497131466865540e-03,6.748475134372711182e-02,6.138759478926658630e-02
-9.698497131466865540e-03,6.748475134372711182e-02,6.138759478926658630e-02
-9.437802247703075409e-03,6.752388179302215576e-02,6.145712360739707947e-02
-9.437802247703075409e-03,6.752388179302215576e-02,6.145712360739707947e-02
-9.177004918456077576e-03,6.756280362606048584e-02,6.152652949094772339e-02
-9.177004918456077576e-03,6.756280362606048584e-02,6.152652949094772339e-02
-8.916114456951618195e-03,6.760153919458389282e-02,6.159582734107971191e-02
-8.916114456951618195e-03,6.760153919458389282e-02,6.159582734107971191e-02
-8.655124343931674957e-03,6.764006614685058594e-02,6.166500970721244812e-02
-8.655124343931674957e-03,6.764006614685058594e-02,6.166500970721244812e-02
-8.394021540880203247e-03,6.767840683460235596e-02,6.173408031463623047e-02
-8.394021540880203247e-03,6.767840683460235596e-02,6.173408031463623047e-02
-8.132810704410076141e-03,6.771653145551681519e-02,6.180303916335105896e-02
-8.132810704410076141e-03,6.771653145551681519e-02,6.180303916335105896e-02
-7.871480658650398254e-03,6.775446981191635132e-02,6.187188252806663513e-02
-7.871480658650398254e-03,6.775446981191635132e-02,6.187188252806663513e-02
-7.610043510794639587e-03,6.779219210147857666e-02,6.194060295820236206e-02
-7.610043510794639587e-03,6.779219210147857666e-02,6.194060295820236206e-02
-7.348479703068733215e-03,6.782972812652587891e-02,6.200920045375823975e-02
-7.348479703068733215e-03,6.782972812652587891e-02,6.200920045375823975e-02
-7.086790632456541061e-03,6.786706298589706421e-02,6.207768619060516357e-02
-7.086790632456541061e-03,6.786706298589706421e-02,6.207768619060516357e-02
-6.824971642345190048e-03,6.790418177843093872e-02,6.214604899287223816e-02
-6.824971642345190048e-03,6.790418177843093872e-02,6.214604899287223816e-02
-6.563020870089530945e-03,6.794111430644989014e-02,6.221429258584976196e-02
-6.563020870089530945e-03,6.794111430644989014e-02,6.221429258584976196e-02
-6.300940178334712982e-03,6.797784566879272461e-02,6.228240951895713806e-02
-6.300940178334712982e-03,6.797784566879272461e-02,6.228240951895713806e-02
-6.038715597242116928e-03,6.801436841487884521e-02,6.235039606690406799e-02
-6.038715597242116928e-03,6.801436841487884521e-02,6.235039606690406799e-02
-5.776343867182731628e-03,6.805069744586944580e-02,6.241826340556144714e-02
-5.776343867182731628e-03,6.805069744586944580e-02,6.241826340556144714e-02
-5.513823591172695160e-03,6.808682531118392944e-02,6.248600408434867859e-02
-5.513823591172695160e-03,6.808682531118392944e-02,6.248600408434867859e-02
-5.251157097518444061e-03,6.812273710966110229e-02,6.255360692739486694e-02
-5.251157097518444061e-03,6.812273710966110229e-02,6.255360692739486694e-02
-4.988336935639381409e-03,6.815846264362335205e-02,6.262108683586120605e-02
-4.988336935639381409e-03,6.815846264362335205e-02,6.262108683586120605e-02
-4.725351464003324509e-03,6.819397956132888794e-02,6.268843263387680054e-02
-4.725351464003324509e-03,6.819397956132888794e-02,6.268843263387680054e-02
-4.462208598852157593e-03,6.822929531335830688e-02,6.275565177202224731e-02
-4.462208598852157593e-03,6.822929531335830688e-02,6.275565177202224731e-02
-4.198897629976272583e-03,6.826440989971160889e-02,6.282272934913635254e-02
-4.198897629976272583e-03,6.826440989971160889e-02,6.282272934913635254e-02
-3.935417160391807556e-03,6.829931586980819702e-02,6.288967281579971313e-02
-3.935417160391807556e-03,6.829931586980819702e-02,6.288967281579971313e-02
-3.671766258776187897e-03,6.833402067422866821e-02,6.295648962259292603e-02
-3.671766258776187897e-03,6.833402067422866821e-02,6.295648962259292603e-02
-3.407934913411736488e-03,6.836853176355361938e-02,6.302314996719360352e-02
-3.407934913411736488e-03,6.836853176355361938e-02,6.302314996719360352e-02
-3.143920795992016792e-03,6.840283423662185669e-02,6.308967620134353638e-02
-3.143920795992016792e-03,6.840283423662185669e-02,6.308967620134353638e-02
-2.879723906517028809e-03,6.843692809343338013e-02,6.315608322620391846e-02
-2.879723906517028809e-03,6.843692809343338013e-02,6.315608322620391846e-02
-2.615340054035186768e-03,6.847082078456878662e-02,6.322232633829116821e-02
-2.615340054035186768e-03,6.847082078456878662e-02,6.322232633829116821e-02
-2.350762719288468361e-03,6.850451231002807617e-02,6.328843533992767334e-02
-2.350762719288468361e-03,6.850451231002807617e-02,6.328843533992767334e-02
-2.085987944155931473e-03,6.853800266981124878e-02,6.335440278053283691e-02
-2.085987944155931473e-03,6.853800266981124878e-02,6.335440278053283691e-02
-1.821011072024703026e-03,6.857128441333770752e-02,6.342022120952606201e-02
-1.821011072024703026e-03,6.857128441333770752e-02,6.342022120952606201e-02
-1.555836759507656097e-03,6.860436499118804932e-02,6.348589807748794556e-02
-1.555836759507656097e-03,6.860436499118804932e-02,6.348589807748794556e-02
-1.290449872612953186e-03,6.863722950220108032e-02,6.355141103267669678e-02
-1.290449872612953186e-03,6.863722950220108032e-02,6.355141103267669678e-02
-1.024856814183294773e-03,6.866990029811859131e-02,6.361678987741470337e-02
-1.024856814183294773e-03,6.866990029811859131e-02,6.361678987741470337e-02
-7.590448949486017227e-04,6.870236992835998535e-02,6.368201971054077148e-02
-7.590448949486017227e-04,6.870236992835998535e-02,6.368201971054077148e-02
-4.930162103846669197e-04,6.873462349176406860e-02,6.374709308147430420e-02
-4.930162103846669197e-04,6.873462349176406860e-02,6.374709308147430420e-02
-2.267644304083660245e-04,6.876668334007263184e-02,6.381201744079589844e-02
-2.267644304083660245e-04,6.876668334007263184e-02,6.381201744079589844e-02
3.971262049162760377e-05,6.879852712154388428e-02,6.387678533792495728e-02
3.971262049162760377e-05,6.879852712154388428e-02,6.387678533792495728e-02
3.064191841986030340e-04,6.883016973733901978e-02,6.394138932228088379e-02
3.064191841986030340e-04,6.883016973733901978e-02,6.394138932228088379e-02
5.733594880439341068e-04,6.886161118745803833e-02,6.400585174560546875e-02
5.733594880439341068e-04,6.886161118745803833e-02,6.400585174560546875e-02
8.405399275943636894e-04,6.889283657073974609e-02,6.407014280557632446e-02
8.405399275943636894e-04,6.889283657073974609e-02,6.407014280557632446e-02
1.107958378270268440e-03,6.892386078834533691e-02,6.413428485393524170e-02
1.107958378270268440e-03,6.892386078834533691e-02,6.413428485393524170e-02
1.375621184706687927e-03,6.895469129085540771e-02,6.419826298952102661e-02
1.375621184706687927e-03,6.895469129085540771e-02,6.419826298952102661e-02
1.643534749746322632e-03,6.898529827594757080e-02,6.426208466291427612e-02
1.643534749746322632e-03,6.898529827594757080e-02,6.426208466291427612e-02
1.911696977913379669e-03,6.901569664478302002e-02,6.432573497295379639e-02
1.911696977913379669e-03,6.901569664478302002e-02,6.432573497295379639e-02
2.180120442062616348e-03,6.904590129852294922e-02,6.438922882080078125e-02
2.180120442062616348e-03,6.904590129852294922e-02,6.438922882080078125e-02
2.448794897645711899e-03,6.907588988542556763e-02,6.445255130529403687e-02
2.448794897645711899e-03,6.907588988542556763e-02,6.445255130529403687e-02
2.717741066589951515e-03,6.910567730665206909e-02,6.451570987701416016e-02
2.717741066589951515e-03,6.910567730665206909e-02,6.451570987701416016e-02
2.986946841701865196e-03,6.913525611162185669e-02,6.457869708538055420e-02
2.986946841701865196e-03,6.913525611162185669e-02,6.457869708538055420e-02
3.256428521126508713e-03,6.916462630033493042e-02,6.464152038097381592e-02
3.256428521126508713e-03,6.916462630033493042e-02,6.464152038097381592e-02
3.526186803355813026e-03,6.919378787279129028e-02,6.470417231321334839e-02
3.526186803355813026e-03,6.919378787279129028e-02,6.470417231321334839e-02
3.796223085373640060e-03,6.922274827957153320e-02,6.476664543151855469e-02
3.796223085373640060e-03,6.922274827957153320e-02,6.476664543151855469e-02
4.066539928317070007e-03,6.925148516893386841e-02,6.482894718647003174e-02
4.066539928317070007e-03,6.925148516893386841e-02,6.482894718647003174e-02
4.337139893323183060e-03,6.928003579378128052e-02,6.489108502864837646e-02
4.337139893323183060e-03,6.928003579378128052e-02,6.489108502864837646e-02
4.608028568327426910e-03,6.930836290121078491e-02,6.495304405689239502e-02
4.608028568327426910e-03,6.930836290121078491e-02,6.495304405689239502e-02
4.879212472587823868e-03,6.933648139238357544e-02,6.501482427120208740e-02
4.879212472587823868e-03,6.933648139238357544e-02,6.501482427120208740e-02
5.150698125362396240e-03,6.936439126729965210e-02,6.507642567157745361e-02
5.150698125362396240e-03,6.936439126729965210e-02,6.507642567157745361e-02
5.422483664005994797e-03,6.939209252595901489e-02,6.513784825801849365e-02
5.422483664005994797e-03,6.939209252595901489e-02,6.513784825801849365e-02
5.694570485502481461e-03,6.941959261894226074e-02,6.519909203052520752e-02
5.694570485502481461e-03,6.941959261894226074e-02,6.519909203052520752e-02
5.966963712126016617e-03,6.944687664508819580e-02,6.526015698909759521e-02
5.966963712126016617e-03,6.944687664508819580e-02,6.526015698909759521e-02
6.239671260118484497e-03,6.947395205497741699e-02,6.532102078199386597e-02
6.239671260118484497e-03,6.947395205497741699e-02,6.532102078199386597e-02
6.512697786092758179e-03,6.950081139802932739e-02,6.538172066211700439e-02
6.512697786092758179e-03,6.950081139802932739e-02,6.538172066211700439e-02
6.786038633435964584e-03,6.952746957540512085e-02,6.544221937656402588e-02
6.786038633435964584e-03,6.952746957540512085e-02,6.544221937656402588e-02
7.059706840664148331e-03,6.955391168594360352e-02,6.550255417823791504e-02
7.059706840664148331e-03,6.955391168594360352e-02,6.550255417823791504e-02
7.333698216825723648e-03,6.958016008138656616e-02,6.556268036365509033e-02
7.333698216825723648e-03,6.958016008138656616e-02,6.556268036365509033e-02
7.608018349856138229e-03,6.960618495941162109e-02,6.562262773513793945e-02
7.608018349856138229e-03,6.960618495941162109e-02,6.562262773513793945e-02
7.882683537900447845e-03,6.963199377059936523e-02,6.568238139152526855e-02
7.882683537900447845e-03,6.963199377059936523e-02,6.568238139152526855e-02
8.157673291862010956e-03,6.965760141611099243e-02,6.574194133281707764e-02
8.157673291862010956e-03,6.965760141611099243e-02,6.574194133281707764e-02
8.433017879724502563e-03,6.968299299478530884e-02,6.580130755901336670e-02
8.433017879724502563e-03,6.968299299478530884e-02,6.580130755901336670e-02
8.708700537681579590e-03,6.970816850662231445e-02,6.586048752069473267e-02
8.708700537681579590e-03,6.970816850662231445e-02,6.586048752069473267e-02
8.984734304249286652e-03,6.973314285278320312e-02,6.591945886611938477e-02
8.984734304249286652e-03,6.973314285278320312e-02,6.591945886611938477e-02
9.261121973395347595e-03,6.975790113210678101e-02,6.597824394702911377e-02
9.261121973395347595e-03,6.975790113210678101e-02,6.597824394702911377e-02
9.537865407764911652e-03,6.978245079517364502e-02,6.603682786226272583e-02
9.537865407764911652e-03,6.978245079517364502e-02,6.603682786226272583e-02
9.814972057938575745e-03,6.980678439140319824e-02,6.609521061182022095e-02
9.814972057938575745e-03,6.980678439140319824e-02,6.609521061182022095e-02
1.009244192391633987e-02,6.983090192079544067e-02,6.615339219570159912e-02
1.009244192391633987e-02,6.983090192079544067e-02,6.615339219570159912e-02
1.037027314305305481e-02,6.985482573509216309e-02,6.621137261390686035e-02
1.037027314305305481e-02,6.985482573509216309e-02,6.621137261390686035e-02
1.064848434180021286e-02,6.987851858139038086e-02,6.626915186643600464e-02
1.064848434180021286e-02,6.987851858139038086e-02,6.626915186643600464e-02
1.092707179486751556e-02,6.990201026201248169e-02,6.632672250270843506e-02
1.092707179486751556e-02,6.990201026201248169e-02,6.632672250270843506e-02
1.120603550225496292e-02,6.992527842521667480e-02,6.638409197330474854e-02
1.120603550225496292e-02,6.992527842521667480e-02,6.638409197330474854e-02
1.148538198322057724e-02,6.994834542274475098e-02,6.644125282764434814e-02
1.148538198322057724e-02,6.994834542274475098e-02,6.644125282764434814e-02
1.176511868834495544e-02,6.997118890285491943e-02,6.649820506572723389e-02
1.176511868834495544e-02,6.997118890285491943e-02,6.649820506572723389e-02
1.204524096101522446e-02,6.999382376670837402e-02,6.655495613813400269e-02
1.204524096101522446e-02,6.999382376670837402e-02,6.655495613813400269e-02
1.232575811445713043e-02,7.001625001430511475e-02,6.661148369312286377e-02
1.232575811445713043e-02,7.001625001430511475e-02,6.661148369312286377e-02
1.260667480528354645e-02,7.003845274448394775e-02,6.666781008243560791e-02
1.260667480528354645e-02,7.003845274448394775e-02,6.666781008243560791e-02
1.288799475878477097e-02,7.006045430898666382e-02,6.672391295433044434e-02
1.288799475878477097e-02,7.006045430898666382e-02,6.672391295433044434e-02
1.316971983760595322e-02,7.008222490549087524e-02,6.677981466054916382e-02
1.316971983760595322e-02,7.008222490549087524e-02,6.677981466054916382e-02
1.345185190439224243e-02,7.010379433631896973e-02,6.683548539876937866e-02
1.345185190439224243e-02,7.010379433631896973e-02,6.683548539876937866e-02
1.373440213501453400e-02,7.012514770030975342e-02,6.689094007015228271e-02
1.373440213501453400e-02,7.012514770030975342e-02,6.689094007015228271e-02
1.401736494153738022e-02,7.014627754688262939e-02,6.694618612527847290e-02
1.401736494153738022e-02,7.014627754688262939e-02,6.694618612527847290e-02
1.430074684321880341e-02,7.016719877719879150e-02,6.700120866298675537e-02
1.430074684321880341e-02,7.016719877719879150e-02,6.700120866298675537e-02
1.458455342799425125e-02,7.018791139125823975e-02,6.705601513385772705e-02
1.458455342799425125e-02,7.018791139125823975e-02,6.705601513385772705e-02
1.486879214644432068e-02,7.020840793848037720e-02,6.711059808731079102e-02
1.486879214644432068e-02,7.020840793848037720e-02,6.711059808731079102e-02
1.515345927327871323e-02,7.022867351770401001e-02,6.716495007276535034e-02
1.515345927327871323e-02,7.022867351770401001e-02,6.716495007276535034e-02
1.543856598436832428e-02,7.024874538183212280e-02,6.721908599138259888e-02
1.543856598436832428e-02,7.024874538183212280e-02,6.721908599138259888e-02
1.572410576045513153e-02,7.026859372854232788e-02,6.727299839258193970e-02
1.572410576045513153e-02,7.026859372854232788e-02,6.727299839258193970e-02
1.601009443402290344e-02,7.028821855783462524e-02,6.732667237520217896e-02
1.601009443402290344e-02,7.028821855783462524e-02,6.732667237520217896e-02
1.629652269184589386e-02,7.030762732028961182e-02,6.738012284040451050e-02
1.629652269184589386e-02,7.030762732028961182e-02,6.738012284040451050e-02
1.658340170979499817e-02,7.032683491706848145e-02,6.743334233760833740e-02
1.658340170979499817e-02,7.032683491706848145e-02,6.743334233760833740e-02
1.687074266374111176e-02,7.034581154584884644e-02,6.748633086681365967e-02
1.687074266374111176e-02,7.034581154584884644e-02,6.748633086681365967e-02
1.715853810310363770e-02,7.036457955837249756e-02,6.753909587860107422e-02
1.715853810310363770e-02,7.036457955837249756e-02,6.753909587860107422e-02
1.744679547846317291e-02,7.038312405347824097e-02,6.759162247180938721e-02
1.744679547846317291e-02,7.038312405347824097e-02,6.759162247180938721e-02
1.773551665246486664e-02,7.040145993232727051e-02,6.764391064643859863e-02
1.773551665246486664e-02,7.040145993232727051e-02,6.764391064643859863e-02
1.802470721304416656e-02,7.041957229375839233e-02,6.769596785306930542e-02
1.802470721304416656e-02,7.041957229375839233e-02,6.769596785306930542e-02
1.831437461078166962e-02,7.043746858835220337e-02,6.774778664112091064e-02
1.831437461078166962e-02,7.043746858835220337e-02,6.774778664112091064e-02
1.860450953245162964e-02,7.045514881610870361e-02,6.779936701059341431e-02
1.860450953245162964e-02,7.045514881610870361e-02,6.779936701059341431e-02
1.889513246715068817e-02,7.047261297702789307e-02,6.785070896148681641e-02
1.889513246715068817e-02,7.047261297702789307e-02,6.785070896148681641e-02
1.918623596429824829e-02,7.048985362052917480e-02,6.790180504322052002e-02
1.918623596429824829e-02,7.048985362052917480e-02,6.790180504322052002e-02
1.947782933712005615e-02,7.050687819719314575e-02,6.795266270637512207e-02
1.947782933712005615e-02,7.050687819719314575e-02,6.795266270637512207e-02
1.976991631090641022e-02,7.052369415760040283e-02,6.800327450037002563e-02
1.976991631090641022e-02,7.052369415760040283e-02,6.800327450037002563e-02
2.006249874830245972e-02,7.054028660058975220e-02,6.805364787578582764e-02
2.006249874830245972e-02,7.054028660058975220e-02,6.805364787578582764e-02
2.035557478666305542e-02,7.055665552616119385e-02,6.810376793146133423e-02
2.035557478666305542e-02,7.055665552616119385e-02,6.810376793146133423e-02
2.064915560185909271e-02,7.057280838489532471e-02,6.815364211797714233e-02
2.064915560185909271e-02,7.057280838489532471e-02,6.815364211797714233e-02
2.094324864447116852e-02,7.058873772621154785e-02,6.820326298475265503e-02
2.094324864447116852e-02,7.058873772621154785e-02,6.820326298475265503e-02
2.123784832656383514e-02,7.060445845127105713e-02,6.825265288352966309e-02
2.123784832656383514e-02,7.060445845127105713e-02,6.825265288352966309e-02
2.153296023607254028e-02,7.061995565891265869e-02,6.830177456140518188e-02
2.153296023607254028e-02,7.061995565891265869e-02,6.830177456140518188e-02
2.182858809828758240e-02,7.063522934913635254e-02,6.835065037012100220e-02
2.182858809828758240e-02,7.063522934913635254e-02,6.835065037012100220e-02
2.212473936378955841e-02,7.065028697252273560e-02,6.839927285909652710e-02
2.212473936378955841e-02,7.065028697252273560e-02,6.839927285909652710e-02
2.242141589522361755e-02,7.066512852907180786e-02,6.844763457775115967e-02
2.242141589522361755e-02,7.066512852907180786e-02,6.844763457775115967e-02
2.271861955523490906e-02,7.067973911762237549e-02,6.849574297666549683e-02
2.271861955523490906e-02,7.067973911762237549e-02,6.849574297666549683e-02
2.301636151969432831e-02,7.069414108991622925e-02,6.854360550642013550e-02
2.301636151969432831e-02,7.069414108991622925e-02,6.854360550642013550e-02
2.331463620066642761e-02,7.070831954479217529e-02,6.859119981527328491e-02
2.331463620066642761e-02,7.070831954479217529e-02,6.859119981527328491e-02
2.361345291137695312e-02,7.072227448225021362e-02,6.863853335380554199e-02
2.361345291137695312e-02,7.072227448225021362e-02,6.863853335380554199e-02
2.391281165182590485e-02,7.073601335287094116e-02,6.868559867143630981e-02
2.391281165182590485e-02,7.073601335287094116e-02,6.868559867143630981e-02
2.421271800994873047e-02,7.074952870607376099e-02,6.873241066932678223e-02
2.421271800994873047e-02,7.074952870607376099e-02,6.873241066932678223e-02
2.451317943632602692e-02,7.076282799243927002e-02,6.877896189689636230e-02
2.451317943632602692e-02,7.076282799243927002e-02,6.877896189689636230e-02
2.481419220566749573e-02,7.077589631080627441e-02,6.882525235414505005e-02
2.481419220566749573e-02,7.077589631080627441e-02,6.882525235414505005e-02
2.511576376855373383e-02,7.078874856233596802e-02,6.887125968933105469e-02
2.511576376855373383e-02,7.078874856233596802e-02,6.887125968933105469e-02
2.541790343821048737e-02,7.080138474702835083e-02,6.891700625419616699e-02
2.541790343821048737e-02,7.080138474702835083e-02,6.891700625419616699e-02
2.572060376405715942e-02,7.081378996372222900e-02,6.896249204874038696e-02
2.572060376405715942e-02,7.081378996372222900e-02,6.896249204874038696e-02
2.602387592196464539e-02,7.082597911357879639e-02,6.900770217180252075e-02
2.602387592196464539e-02,7.082597911357879639e-02,6.900770217180252075e-02
2.632771618664264679e-02,7.083794474601745605e-02,6.905264407396316528e-02
2.632771618664264679e-02,7.083794474601745605e-02,6.905264407396316528e-02
2.663214504718780518e-02,7.084968686103820801e-02,6.909731030464172363e-02
2.663214504718780518e-02,7.084968686103820801e-02,6.909731030464172363e-02
2.693715132772922516e-02,7.086120545864105225e-02,6.914170831441879272e-02
2.693715132772922516e-02,7.086120545864105225e-02,6.914170831441879272e-02
2.724273689091205597e-02,7.087250053882598877e-02,6.918582320213317871e-02
2.724273689091205597e-02,7.087250053882598877e-02,6.918582320213317871e-02
2.754891291260719299e-02,7.088357210159301758e-02,6.922966241836547852e-02
2.754891291260719299e-02,7.088357210159301758e-02,6.922966241836547852e-02
2.785568684339523315e-02,7.089442759752273560e-02,6.927323341369628906e-02
2.785568684339523315e-02,7.089442759752273560e-02,6.927323341369628906e-02
2.816305682063102722e-02,7.090505957603454590e-02,6.931651383638381958e-02
2.816305682063102722e-02,7.090505957603454590e-02,6.931651383638381958e-02
2.847102284431457520e-02,7.091546058654785156e-02,6.935951858758926392e-02
2.847102284431457520e-02,7.091546058654785156e-02,6.935951858758926392e-02
2.877959609031677246e-02,7.092564553022384644e-02,6.940224021673202515e-02
2.877959609031677246e-02,7.092564553022384644e-02,6.940224021673202515e-02
2.908877655863761902e-02,7.093559950590133667e-02,6.944469362497329712e-02
2.908877655863761902e-02,7.093559950590133667e-02,6.944469362497329712e-02
2.939856424927711487e-02,7.094533741474151611e-02,6.948684900999069214e-02
2.939856424927711487e-02,7.094533741474151611e-02,6.948684900999069214e-02
2.970897033810615540e-02,7.095484435558319092e-02,6.952872872352600098e-02
2.970897033810615540e-02,7.095484435558319092e-02,6.952872872352600098e-02
3.001999482512474060e-02,7.096413522958755493e-02,6.957031041383743286e-02
3.001999482512474060e-02,7.096413522958755493e-02,6.957031041383743286e-02
3.033164516091346741e-02,7.097319513559341431e-02,6.961161643266677856e-02
3.033164516091346741e-02,7.097319513559341431e-02,6.961161643266677856e-02
3.064391389489173889e-02,7.098203897476196289e-02,6.965262442827224731e-02
3.064391389489173889e-02,7.098203897476196289e-02,6.965262442827224731e-02
3.095682151615619659e-02,7.099064439535140991e-02,6.969334930181503296e-02
3.095682151615619659e-02,7.099064439535140991e-02,6.969334930181503296e-02
3.127035871148109436e-02,7.099903374910354614e-02,6.973377615213394165e-02
3.127035871148109436e-02,7.099903374910354614e-02,6.973377615213394165e-02
3.158453479409217834e-02,7.100719958543777466e-02,6.977391242980957031e-02
3.158453479409217834e-02,7.100719958543777466e-02,6.977391242980957031e-02
3.189934045076370239e-02,7.101513445377349854e-02,6.981375813484191895e-02
3.189934045076370239e-02,7.101513445377349854e-02,6.981375813484191895e-02
3.221480548381805420e-02,7.102284580469131470e-02,6.985330581665039062e-02
3.221480548381805420e-02,7.102284580469131470e-02,6.985330581665039062e-02
3.253091126680374146e-02,7.103033363819122314e-02,6.989256292581558228e-02
3.253091126680374146e-02,7.103033363819122314e-02,6.989256292581558228e-02
3.284767642617225647e-02,7.103759050369262695e-02,6.993152201175689697e-02
3.284767642617225647e-02,7.103759050369262695e-02,6.993152201175689697e-02
3.316509351134300232e-02,7.104462385177612305e-02,6.997017562389373779e-02
3.316509351134300232e-02,7.104462385177612305e-02,6.997017562389373779e-02
3.348316624760627747e-02,7.105143368244171143e-02,7.000853121280670166e-02
3.348316624760627747e-02,7.105143368244171143e-02,7.000853121280670166e-02
3.380191326141357422e-02,7.105801999568939209e-02,7.004658877849578857e-02
3.380191326141357422e-02,7.105801999568939209e-02,7.004658877849578857e-02
3.412132337689399719e-02,7.106437534093856812e-02,7.008433341979980469e-02
3.412132337689399719e-02,7.106437534093856812e-02,7.008433341979980469e-02
3.444140404462814331e-02,7.107049971818923950e-02,7.012178748846054077e-02
3.444140404462814331e-02,7.107049971818923950e-02,7.012178748846054077e-02
3.476215153932571411e-02,7.107640057802200317e-02,7.015892863273620605e-02
3.476215153932571411e-02,7.107640057802200317e-02,7.015892863273620605e-02
3.508358821272850037e-02,7.108207046985626221e-02,7.019576430320739746e-02
3.508358821272850037e-02,7.108207046985626221e-02,7.019576430320739746e-02
3.540570288896560669e-02,7.108752429485321045e-02,7.023230195045471191e-02
3.540570288896560669e-02,7.108752429485321045e-02,7.023230195045471191e-02
3.572850674390792847e-02,7.109273970127105713e-02,7.026851922273635864e-02
3.572850674390792847e-02,7.109273970127105713e-02,7.026851922273635864e-02
3.605199605226516724e-02,7.109773904085159302e-02,7.030443102121353149e-02
3.605199605226516724e-02,7.109773904085159302e-02,7.030443102121353149e-02
3.637618198990821838e-02,7.110249251127243042e-02,7.034002244472503662e-02
3.637618198990821838e-02,7.110249251127243042e-02,7.034002244472503662e-02
3.670106828212738037e-02,7.110703736543655396e-02,7.037531584501266479e-02
3.670106828212738037e-02,7.110703736543655396e-02,7.037531584501266479e-02
3.702664747834205627e-02,7.111135125160217285e-02,7.041028141975402832e-02
3.702664747834205627e-02,7.111135125160217285e-02,7.041028141975402832e-02
3.735293447971343994e-02,7.111542671918869019e-02,7.044493407011032104e-02
3.735293447971343994e-02,7.111542671918869019e-02,7.044493407011032104e-02
3.767993301153182983e-02,7.111927866935729980e-02,7.047928869724273682e-02
3.767993301153182983e-02,7.111927866935729980e-02,7.047928869724273682e-02
3.800764307379722595e-02,7.112289965152740479e-02,7.051330804824829102e-02
3.800764307379722595e-02,7.112289965152740479e-02,7.051330804824829102e-02
3.833607211709022522e-02,7.112628966569900513e-02,7.054700702428817749e-02
3.833607211709022522e-02,7.112628966569900513e-02,7.054700702428817749e-02
3.866521269083023071e-02,7.112945616245269775e-02,7.058039307594299316e-02
3.866521269083023071e-02,7.112945616245269775e-02,7.058039307594299316e-02
3.899508714675903320e-02,7.113239169120788574e-02,7.061345875263214111e-02
3.899508714675903320e-02,7.113239169120788574e-02,7.061345875263214111e-02
3.932567685842514038e-02,7.113509625196456909e-02,7.064619660377502441e-02
3.932567685842514038e-02,7.113509625196456909e-02,7.064619660377502441e-02
3.965700417757034302e-02,7.113757729530334473e-02,7.067861407995223999e-02
3.965700417757034302e-02,7.113757729530334473e-02,7.067861407995223999e-02
3.998907282948493958e-02,7.113981992006301880e-02,7.071070373058319092e-02
3.998907282948493958e-02,7.113981992006301880e-02,7.071070373058319092e-02
4.032186791300773621e-02,7.114183902740478516e-02,7.074245810508728027e-02
4.032186791300773621e-02,7.114183902740478516e-02,7.074245810508728027e-02
4.065541550517082214e-02,7.114363461732864380e-02,7.077390700578689575e-02
4.065541550517082214e-02,7.114363461732864380e-02,7.077390700578689575e-02
4.098970443010330200e-02,7.114518433809280396e-02,7.080501317977905273e-02
4.098970443010330200e-02,7.114518433809280396e-02,7.080501317977905273e-02
4.132473096251487732e-02,7.114650309085845947e-02,7.083578407764434814e-02
4.132473096251487732e-02,7.114650309085845947e-02,7.083578407764434814e-02
4.166052863001823425e-02,7.114760577678680420e-02,7.086622714996337891e-02
4.166052863001823425e-02,7.114760577678680420e-02,7.086622714996337891e-02
4.199707508087158203e-02,7.114847004413604736e-02,7.089633494615554810e-02
4.199707508087158203e-02,7.114847004413604736e-02,7.089633494615554810e-02
4.233438521623611450e-02,7.114910334348678589e-02,7.092612236738204956e-02
4.233438521623611450e-02,7.114910334348678589e-02,7.092612236738204956e-02
4.267246276140213013e-02,7.114950567483901978e-02,7.095555961132049561e-02
4.267246276140213013e-02,7.114950567483901978e-02,7.095555961132049561e-02
4.301130771636962891e-02,7.114967703819274902e-02,7.098466902971267700e-02
4.301130771636962891e-02,7.114967703819274902e-02,7.098466902971267700e-02
4.335091635584831238e-02,7.114961743354797363e-02,7.101343572139739990e-02
4.335091635584831238e-02,7.114961743354797363e-02,7.101343572139739990e-02
4.369130358099937439e-02,7.114932686090469360e-02,7.104186713695526123e-02
4.369130358099937439e-02,7.114932686090469360e-02,7.104186713695526123e-02
4.403247684240341187e-02,7.114879786968231201e-02,7.106995582580566406e-02
4.403247684240341187e-02,7.114879786968231201e-02,7.106995582580566406e-02
4.437442868947982788e-02,7.114804536104202271e-02,7.109770178794860840e-02
4.437442868947982788e-02,7.114804536104202271e-02,7.109770178794860840e-02
4.471717402338981628e-02,7.114705443382263184e-02,7.112511247396469116e-02
4.471717402338981628e-02,7.114705443382263184e-02,7.112511247396469116e-02
4.506070911884307861e-02,7.114583253860473633e-02,7.115217298269271851e-02
4.506070911884307861e-02,7.114583253860473633e-02,7.115217298269271851e-02
4.540503025054931641e-02,7.114437967538833618e-02,7.117888331413269043e-02
4.540503025054931641e-02,7.114437967538833618e-02,7.117888331413269043e-02
4.575015604496002197e-02,7.114268839359283447e-02,7.120525091886520386e-02
4.575015604496002197e-02,7.114268839359283447e-02,7.120525091886520386e-02
4.609607532620429993e-02,7.114077359437942505e-02,7.123126834630966187e-02
4.609607532620429993e-02,7.114077359437942505e-02,7.123126834630966187e-02
4.644281417131423950e-02,7.113861292600631714e-02,7.125694304704666138e-02
4.644281417131423950e-02,7.113861292600631714e-02,7.125694304704666138e-02
4.679035022854804993e-02,7.113622874021530151e-02,7.128226011991500854e-02
4.679035022854804993e-02,7.113622874021530151e-02,7.128226011991500854e-02
4.713871330022811890e-02,7.113361358642578125e-02,7.130723446607589722e-02
4.713871330022811890e-02,7.113361358642578125e-02,7.130723446607589722e-02
4.748788103461265564e-02,7.113076001405715942e-02,7.133184373378753662e-02
4.748788103461265564e-02,7.113076001405715942e-02,7.133184373378753662e-02
4.783787205815315247e-02,7.112767547369003296e-02,7.135611027479171753e-02
4.783787205815315247e-02,7.112767547369003296e-02,7.135611027479171753e-02
4.818869754672050476e-02,7.112435251474380493e-02,7.138001173734664917e-02
4.818869754672050476e-02,7.112435251474380493e-02,7.138001173734664917e-02
4.854033142328262329e-02,7.112079858779907227e-02,7.140356302261352539e-02
4.854033142328262329e-02,7.112079858779907227e-02,7.140356302261352539e-02
4.889281466603279114e-02,7.111700624227523804e-02,7.142675668001174927e-02
4.889281466603279114e-02,7.111700624227523804e-02,7.142675668001174927e-02
4.924613237380981445e-02,7.111298292875289917e-02,7.144958525896072388e-02
4.924613237380981445e-02,7.111298292875289917e-02,7.144958525896072388e-02
4.960028082132339478e-02,7.110872119665145874e-02,7.147205621004104614e-02
4.960028082132339478e-02,7.110872119665145874e-02,7.147205621004104614e-02
4.995527863502502441e-02,7.110422849655151367e-02,7.149416953325271606e-02
4.995527863502502441e-02,7.110422849655151367e-02,7.149416953325271606e-02
5.031112208962440491e-02,7.109949737787246704e-02,7.151591777801513672e-02
5.031112208962440491e-02,7.109949737787246704e-02,7.151591777801513672e-02
5.066780373454093933e-02,7.109453529119491577e-02,7.153730094432830811e-02
5.066780373454093933e-02,7.109453529119491577e-02,7.153730094432830811e-02
5.102536454796791077e-02,7.108933478593826294e-02,7.155831158161163330e-02
5.102536454796791077e-02,7.108933478593826294e-02,7.155831158161163330e-02
5.138377100229263306e-02,7.108389586210250854e-02,7.157896459102630615e-02
5.138377100229263306e-02,7.108389586210250854e-02,7.157896459102630615e-02
5.174303799867630005e-02,7.107822597026824951e-02,7.159924507141113281e-02
5.174303799867630005e-02,7.107822597026824951e-02,7.159924507141113281e-02
5.210317298769950867e-02,7.107231765985488892e-02,7.161916047334671021e-02
5.210317298769950867e-02,7.107231765985488892e-02,7.161916047334671021e-02
5.246417596936225891e-02,7.106617838144302368e-02,7.163869589567184448e-02
5.246417596936225891e-02,7.106617838144302368e-02,7.163869589567184448e-02
5.282605439424514771e-02,7.105979323387145996e-02,7.165787369012832642e-02
5.282605439424514771e-02,7.105979323387145996e-02,7.165787369012832642e-02
5.318880081176757812e-02,7.105316966772079468e-02,7.167666405439376831e-02
5.318880081176757812e-02,7.105316966772079468e-02,7.167666405439376831e-02
5.355243757367134094e-02,7.104631513357162476e-02,7.169508934020996094e-02
5.355243757367134094e-02,7.104631513357162476e-02,7.169508934020996094e-02
5.391695722937583923e-02,7.103922963142395020e-02,7.171314209699630737e-02
5.391695722937583923e-02,7.103922963142395020e-02,7.171314209699630737e-02
5.428236722946166992e-02,7.103189826011657715e-02,7.173081487417221069e-02
5.428236722946166992e-02,7.103189826011657715e-02,7.173081487417221069e-02
5.464866384863853455e-02,7.102432847023010254e-02,7.174810022115707397e-02
5.464866384863853455e-02,7.102432847023010254e-02,7.174810022115707397e-02
5.501585453748703003e-02,7.101653516292572021e-02,7.176501303911209106e-02
5.501585453748703003e-02,7.101653516292572021e-02,7.176501303911209106e-02
5.538395047187805176e-02,7.100848853588104248e-02,7.178154587745666504e-02
5.538395047187805176e-02,7.100848853588104248e-02,7.178154587745666504e-02
5.575294047594070435e-02,7.100021839141845703e-02,7.179769128561019897e-02
5.575294047594070435e-02,7.100021839141845703e-02,7.179769128561019897e-02
5.612284690141677856e-02,7.099170237779617310e-02,7.181345671415328979e-02
5.612284690141677856e-02,7.099170237779617310e-02,7.181345671415328979e-02
5.649366229772567749e-02,7.098294794559478760e-02,7.182884216308593750e-02
5.649366229772567749e-02,7.098294794559478760e-02,7.182884216308593750e-02
5.686539039015769958e-02,7.097394764423370361e-02,7.184384018182754517e-02
5.686539039015769958e-02,7.097394764423370361e-02,7.184384018182754517e-02
5.723803490400314331e-02,7.096472382545471191e-02,7.185845077037811279e-02
5.723803490400314331e-02,7.096472382545471191e-02,7.185845077037811279e-02
5.761159956455230713e-02,7.095525413751602173e-02,7.187267392873764038e-02
5.761159956455230713e-02,7.095525413751602173e-02,7.187267392873764038e-02
5.798609182238578796e-02,7.094554603099822998e-02,7.188650220632553101e-02
5.798609182238578796e-02,7.094554603099822998e-02,7.188650220632553101e-02
5.836151912808418274e-02,7.093559205532073975e-02,7.189995050430297852e-02
5.836151912808418274e-02,7.093559205532073975e-02,7.189995050430297852e-02
5.873787775635719299e-02,7.092540711164474487e-02,7.191299647092819214e-02
5.873787775635719299e-02,7.092540711164474487e-02,7.191299647092819214e-02
5.911516025662422180e-02,7.091497629880905151e-02,7.192565500736236572e-02
5.911516025662422180e-02,7.091497629880905151e-02,7.192565500736236572e-02
5.949340015649795532e-02,7.090430706739425659e-02,7.193791121244430542e-02
5.949340015649795532e-02,7.090430706739425659e-02,7.193791121244430542e-02
5.987258255481719971e-02,7.089340686798095703e-02,7.194977253675460815e-02
5.987258255481719971e-02,7.089340686798095703e-02,7.194977253675460815e-02
6.025270000100135803e-02,7.088226079940795898e-02,7.196123898029327393e-02
6.025270000100135803e-02,7.088226079940795898e-02,7.196123898029327393e-02
6.063377857208251953e-02,7.087086886167526245e-02,7.197231054306030273e-02
6.063377857208251953e-02,7.087086886167526245e-02,7.197231054306030273e-02
6.101580709218978882e-02,7.085925340652465820e-02,7.198299467563629150e-02
6.101580709218978882e-02,7.085925340652465820e-02,7.198299467563629150e-02
6.139879673719406128e-02,7.084737718105316162e-02,7.199325412511825562e-02
6.139879673719406128e-02,7.084737718105316162e-02,7.199325412511825562e-02
6.178275868296623230e-02,7.083526998758316040e-02,7.200313359498977661e-02
6.178275868296623230e-02,7.083526998758316040e-02,7.200313359498977661e-02
6.216767802834510803e-02,7.082292437553405762e-02,7.201258838176727295e-02
6.216767802834510803e-02,7.082292437553405762e-02,7.201258838176727295e-02
6.255356967449188232e-02,7.081033289432525635e-02,7.202165573835372925e-02
6.255356967449188232e-02,7.081033289432525635e-02,7.202165573835372925e-02
6.294043362140655518e-02,7.079749554395675659e-02,7.203030586242675781e-02
6.294043362140655518e-02,7.079749554395675659e-02,7.203030586242675781e-02
6.332828104496002197e-02,7.078442722558975220e-02,7.203855365514755249e-02
6.332828104496002197e-02,7.078442722558975220e-02,7.203855365514755249e-02
6.371709704399108887e-02,7.077110558748245239e-02,7.204639166593551636e-02
6.371709704399108887e-02,7.077110558748245239e-02,7.204639166593551636e-02
6.410690397024154663e-02,7.075755298137664795e-02,7.205382734537124634e-02
6.410690397024154663e-02,7.075755298137664795e-02,7.205382734537124634e-02
6.449770927429199219e-02,7.074376195669174194e-02,7.206083089113235474e-02
6.449770927429199219e-02,7.074376195669174194e-02,7.206083089113235474e-02
6.488949805498123169e-02,7.072971761226654053e-02,7.206743955612182617e-02
6.488949805498123169e-02,7.072971761226654053e-02,7.206743955612182617e-02
6.528228521347045898e-02,7.071543484926223755e-02,7.207363843917846680e-02
6.528228521347045898e-02,7.071543484926223755e-02,7.207363843917846680e-02
6.567607074975967407e-02,7.070091366767883301e-02,7.207941263914108276e-02
6.567607074975967407e-02,7.070091366767883301e-02,7.207941263914108276e-02
6.607086956501007080e-02,7.068613916635513306e-02,7.208477705717086792e-02
6.607086956501007080e-02,7.068613916635513306e-02,7.208477705717086792e-02
6.646667420864105225e-02,7.067112624645233154e-02,7.208972424268722534e-02
6.646667420864105225e-02,7.067112624645233154e-02,7.208972424268722534e-02
6.686347723007202148e-02,7.065587490797042847e-02,7.209424674510955811e-02
6.686347723007202148e-02,7.065587490797042847e-02,7.209424674510955811e-02
6.726130843162536621e-02,7.064037770032882690e-02,7.209835946559906006e-02
6.726130843162536621e-02,7.064037770032882690e-02,7.209835946559906006e-02
6.766016036272048950e-02,7.062464207410812378e-02,7.210204005241394043e-02
6.766016036272048950e-02,7.062464207410812378e-02,7.210204005241394043e-02
6.806003302335739136e-02,7.060866057872772217e-02,7.210530340671539307e-02
6.806003302335739136e-02,7.060866057872772217e-02,7.210530340671539307e-02
6.846092641353607178e-02,7.059243321418762207e-02,7.210814207792282104e-02
6.846092641353607178e-02,7.059243321418762207e-02,7.210814207792282104e-02
6.886284053325653076e-02,7.057595998048782349e-02,7.211055606603622437e-02
6.886284053325653076e-02,7.057595998048782349e-02,7.211055606603622437e-02
6.926580518484115601e-02,7.055924087762832642e-02,7.211254537105560303e-02
6.926580518484115601e-02,7.055924087762832642e-02,7.211254537105560303e-02
6.966981291770935059e-02,7.054228335618972778e-02,7.211410999298095703e-02
6.966981291770935059e-02,7.054228335618972778e-02,7.211410999298095703e-02
7.007484883069992065e-02,7.052507996559143066e-02,7.211524248123168945e-02
7.007484883069992065e-02,7.052507996559143066e-02,7.211524248123168945e-02
7.048092782497406006e-02,7.050762325525283813e-02,7.211594283580780029e-02
7.048092782497406006e-02,7.050762325525283813e-02,7.211594283580780029e-02
7.088806480169296265e-02,7.048993557691574097e-02,7.211621850728988647e-02
7.088806480169296265e-02,7.048993557691574097e-02,7.211621850728988647e-02
7.129625231027603149e-02,7.047199457883834839e-02,7.211605459451675415e-02
7.129625231027603149e-02,7.047199457883834839e-02,7.211605459451675415e-02
7.170549780130386353e-02,7.045381516218185425e-02,7.211546599864959717e-02
7.170549780130386353e-02,7.045381516218185425e-02,7.211546599864959717e-02
7.211579382419586182e-02,7.043538242578506470e-02,7.211443036794662476e-02
7.211579382419586182e-02,7.043538242578506470e-02,7.211443036794662476e-02
7.252716273069381714e-02,7.041671127080917358e-02,7.211297005414962769e-02
7.252716273069381714e-02,7.041671127080917358e-02,7.211297005414962769e-02
7.293959707021713257e-02,7.039778679609298706e-02,7.211106270551681519e-02
7.293959707021713257e-02,7.039778679609298706e-02,7.211106270551681519e-02
7.335310429334640503e-02,7.037861645221710205e-02,7.210873067378997803e-02
7.335310429334640503e-02,7.037861645221710205e-02,7.210873067378997803e-02
7.376768440008163452e-02,7.035920023918151855e-02,7.210595160722732544e-02
7.376768440008163452e-02,7.035920023918151855e-02,7.210595160722732544e-02
7.418334484100341797e-02,7.033954560756683350e-02,7.210272550582885742e-02
7.418334484100341797e-02,7.033954560756683350e-02,7.210272550582885742e-02
7.460008561611175537e-02,7.031964510679244995e-02,7.209905982017517090e-02
7.460008561611175537e-02,7.031964510679244995e-02,7.209905982017517090e-02
7.501790672540664673e-02,7.029948383569717407e-02,7.209495455026626587e-02
7.501790672540664673e-02,7.029948383569717407e-02,7.209495455026626587e-02
7.543684542179107666e-02,7.027909159660339355e-02,7.209040224552154541e-02
7.543684542179107666e-02,7.027909159660339355e-02,7.209040224552154541e-02
7.585685700178146362e-02,7.025844603776931763e-02,7.208541035652160645e-02
7.585685700178146362e-02,7.025844603776931763e-02,7.208541035652160645e-02
7.627794891595840454e-02,7.023754715919494629e-02,7.207996398210525513e-02
7.627794891595840454e-02,7.023754715919494629e-02,7.207996398210525513e-02
7.670016586780548096e-02,7.021640986204147339e-02,7.207406312227249146e-02
7.670016586780548096e-02,7.021640986204147339e-02,7.207406312227249146e-02
7.712348550558090210e-02,7.019501924514770508e-02,7.206772267818450928e-02
7.712348550558090210e-02,7.019501924514770508e-02,7.206772267818450928e-02
7.754791527986526489e-02,7.017338275909423828e-02,7.206092029809951782e-02
7.754791527986526489e-02,7.017338275909423828e-02,7.206092029809951782e-02
7.797345519065856934e-02,7.015149295330047607e-02,7.205367833375930786e-02
7.797345519065856934e-02,7.015149295330047607e-02,7.205367833375930786e-02
7.840010523796081543e-02,7.012937217950820923e-02,7.204598188400268555e-02
7.840010523796081543e-02,7.012937217950820923e-02,7.204598188400268555e-02
7.882787287235260010e-02,7.010699063539505005e-02,7.203783094882965088e-02
7.882787287235260010e-02,7.010699063539505005e-02,7.203783094882965088e-02
7.925677299499511719e-02,7.008436322212219238e-02,7.202921062707901001e-02
7.925677299499511719e-02,7.008436322212219238e-02,7.202921062707901001e-02
7.968679815530776978e-02,7.006148248910903931e-02,7.202014327049255371e-02
7.968679815530776978e-02,7.006148248910903931e-02,7.202014327049255371e-02
8.011796325445175171e-02,7.003835588693618774e-02,7.201061397790908813e-02
8.011796325445175171e-02,7.003835588693618774e-02,7.201061397790908813e-02
8.055025339126586914e-02,7.001498341560363770e-02,7.200062274932861328e-02
8.055025339126586914e-02,7.001498341560363770e-02,7.200062274932861328e-02
8.098368346691131592e-02,6.999136507511138916e-02,7.199017703533172607e-02
8.098368346691131592e-02,6.999136507511138916e-02,7.199017703533172607e-02
8.141825348138809204e-02,6.996748596429824829e-02,7.197926193475723267e-02
8.141825348138809204e-02,6.996748596429824829e-02,7.197926193475723267e-02
8.185397088527679443e-02,6.994336098432540894e-02,7.196787744760513306e-02
8.185397088527679443e-02,6.994336098432540894e-02,7.196787744760513306e-02
8.229084312915802002e-02,6.991899013519287109e-02,7.195603847503662109e-02
8.229084312915802002e-02,6.991899013519287109e-02,7.195603847503662109e-02
8.272886276245117188e-02,6.989437341690063477e-02,7.194373011589050293e-02
8.272886276245117188e-02,6.989437341690063477e-02,7.194373011589050293e-02
8.316805213689804077e-02,6.986949592828750610e-02,7.193096727132797241e-02
8.316805213689804077e-02,6.986949592828750610e-02,7.193096727132797241e-02
8.360838145017623901e-02,6.984437257051467896e-02,7.191771268844604492e-02
8.360838145017623901e-02,6.984437257051467896e-02,7.191771268844604492e-02
8.404989540576934814e-02,6.981899589300155640e-02,7.190400362014770508e-02
8.404989540576934814e-02,6.981899589300155640e-02,7.190400362014770508e-02
8.449256420135498047e-02,6.979337334632873535e-02,7.188981771469116211e-02
8.449256420135498047e-02,6.979337334632873535e-02,7.188981771469116211e-02
8.493641763925552368e-02,6.976750493049621582e-02,7.187515497207641602e-02
8.493641763925552368e-02,6.976750493049621582e-02,7.187515497207641602e-02
8.538143336772918701e-02,6.974137574434280396e-02,7.186002284288406372e-02
8.538143336772918701e-02,6.974137574434280396e-02,7.186002284288406372e-02
8.582764863967895508e-02,6.971500068902969360e-02,7.184441387653350830e-02
8.582764863967895508e-02,6.971500068902969360e-02,7.184441387653350830e-02
8.627502620220184326e-02,6.968837231397628784e-02,7.182833552360534668e-02
8.627502620220184326e-02,6.968837231397628784e-02,7.182833552360534668e-02
8.672361075878143311e-02,6.966149806976318359e-02,7.181177288293838501e-02
8.672361075878143311e-02,6.966149806976318359e-02,7.181177288293838501e-02
8.717335760593414307e-02,6.963436305522918701e-02,7.179472595453262329e-02
8.717335760593414307e-02,6.963436305522918701e-02,7.179472595453262329e-02
8.762433379888534546e-02,6.960697472095489502e-02,7.177721709012985229e-02
8.762433379888534546e-02,6.960697472095489502e-02,7.177721709012985229e-02
8.807649463415145874e-02,6.957934051752090454e-02,7.175920903682708740e-02
8.807649463415145874e-02,6.957934051752090454e-02,7.175920903682708740e-02
8.852984756231307983e-02,6.955146044492721558e-02,7.174073159694671631e-02
8.852984756231307983e-02,6.955146044492721558e-02,7.174073159694671631e-02
8.898441493511199951e-02,6.952331960201263428e-02,7.172176241874694824e-02
8.898441493511199951e-02,6.952331960201263428e-02,7.172176241874694824e-02
8.944019675254821777e-02,6.949492543935775757e-02,7.170230150222778320e-02
8.944019675254821777e-02,6.949492543935775757e-02,7.170230150222778320e-02
8.989718556404113770e-02,6.946628540754318237e-02,7.168236374855041504e-02
8.989718556404113770e-02,6.946628540754318237e-02,7.168236374855041504e-02
9.035539627075195312e-02,6.943738460540771484e-02,7.166193425655364990e-02
9.035539627075195312e-02,6.943738460540771484e-02,7.166193425655364990e-02
9.081480652093887329e-02,6.940823793411254883e-02,7.164102792739868164e-02
9.081480652093887329e-02,6.940823793411254883e-02,7.164102792739868164e-02
9.127547591924667358e-02,6.937883049249649048e-02,7.161961495876312256e-02
9.127547591924667358e-02,6.937883049249649048e-02,7.161961495876312256e-02
9.173735231161117554e-02,6.934916973114013672e-02,7.159771770238876343e-02
9.173735231161117554e-02,6.934916973114013672e-02,7.159771770238876343e-02
9.220046550035476685e-02,6.931926310062408447e-02,7.157532125711441040e-02
9.220046550035476685e-02,6.931926310062408447e-02,7.157532125711441040e-02
9.266482293605804443e-02,6.928909569978713989e-02,7.155244052410125732e-02
9.266482293605804443e-02,6.928909569978713989e-02,7.155244052410125732e-02
9.313041716814041138e-02,6.925868242979049683e-02,7.152906060218811035e-02
9.313041716814041138e-02,6.925868242979049683e-02,7.152906060218811035e-02
9.359724074602127075e-02,6.922800838947296143e-02,7.150518149137496948e-02
9.359724074602127075e-02,6.922800838947296143e-02,7.150518149137496948e-02
9.406532347202301025e-02,6.919708102941513062e-02,7.148080319166183472e-02
9.406532347202301025e-02,6.919708102941513062e-02,7.148080319166183472e-02
9.453465789556503296e-02,6.916590034961700439e-02,7.145594060420989990e-02
9.453465789556503296e-02,6.916590034961700439e-02,7.145594060420989990e-02
9.500524401664733887e-02,6.913446635007858276e-02,7.143056392669677734e-02
9.500524401664733887e-02,6.913446635007858276e-02,7.143056392669677734e-02
9.547708928585052490e-02,6.910277158021926880e-02,7.140468806028366089e-02
9.547708928585052490e-02,6.910277158021926880e-02,7.140468806028366089e-02
9.595020115375518799e-02,6.907083094120025635e-02,7.137830555438995361e-02
9.595020115375518799e-02,6.907083094120025635e-02,7.137830555438995361e-02
9.642456471920013428e-02,6.903862208127975464e-02,7.135142385959625244e-02
9.642456471920013428e-02,6.903862208127975464e-02,7.135142385959625244e-02
9.690020978450775146e-02,6.900616735219955444e-02,7.132403552532196045e-02
9.690020978450775146e-02,6.900616735219955444e-02,7.132403552532196045e-02
9.737712144851684570e-02,6.897345185279846191e-02,7.129614800214767456e-02
9.737712144851684570e-02,6.897345185279846191e-02,7.129614800214767456e-02
9.785532206296920776e-02,6.894048303365707397e-02,7.126773893833160400e-02
9.785532206296920776e-02,6.894048303365707397e-02,7.126773893833160400e-02
9.833478927612304688e-02,6.890726089477539062e-02,7.123883068561553955e-02
9.833478927612304688e-02,6.890726089477539062e-02,7.123883068561553955e-02
9.881555289030075073e-02,6.887377798557281494e-02,7.120940834283828735e-02
9.881555289030075073e-02,6.887377798557281494e-02,7.120940834283828735e-02
9.929760545492172241e-02,6.884004175662994385e-02,7.117947936058044434e-02
9.929760545492172241e-02,6.884004175662994385e-02,7.117947936058044434e-02
9.978093951940536499e-02,6.880605220794677734e-02,7.114902883768081665e-02
9.978093951940536499e-02,6.880605220794677734e-02,7.114902883768081665e-02
1.002655699849128723e-01,6.877179443836212158e-02,7.111807167530059814e-02
1.002655699849128723e-01,6.877179443836212158e-02,7.111807167530059814e-02
1.007515192031860352e-01,6.873729825019836426e-02,7.108659297227859497e-02
1.007515192031860352e-01,6.873729825019836426e-02,7.108659297227859497e-02
1.012387499213218689e-01,6.870252639055252075e-02,7.105460762977600098e-02
1.012387499213218689e-01,6.870252639055252075e-02,7.105460762977600098e-02
1.017272919416427612e-01,6.866750866174697876e-02,7.102209329605102539e-02
1.017272919416427612e-01,6.866750866174697876e-02,7.102209329605102539e-02
1.022171452641487122e-01,6.863223016262054443e-02,7.098906487226486206e-02
1.022171452641487122e-01,6.863223016262054443e-02,7.098906487226486206e-02
1.027083247900009155e-01,6.859669089317321777e-02,7.095551490783691406e-02
1.027083247900009155e-01,6.859669089317321777e-02,7.095551490783691406e-02
1.032008156180381775e-01,6.856090575456619263e-02,7.092144340276718140e-02
1.032008156180381775e-01,6.856090575456619263e-02,7.092144340276718140e-02
1.036946177482604980e-01,6.852485239505767822e-02,7.088685035705566406e-02
1.036946177482604980e-01,6.852485239505767822e-02,7.088685035705566406e-02
1.041897535324096680e-01,6.848853826522827148e-02,7.085172832012176514e-02
1.041897535324096680e-01,6.848853826522827148e-02,7.085172832012176514e-02
1.046862155199050903e-01,6.845196336507797241e-02,7.081608474254608154e-02
1.046862155199050903e-01,6.845196336507797241e-02,7.081608474254608154e-02
1.051840111613273621e-01,6.841514259576797485e-02,7.077991217374801636e-02
1.051840111613273621e-01,6.841514259576797485e-02,7.077991217374801636e-02
1.056831553578376770e-01,6.837805360555648804e-02,7.074321806430816650e-02
1.056831553578376770e-01,6.837805360555648804e-02,7.074321806430816650e-02
1.061836332082748413e-01,6.834071129560470581e-02,7.070598751306533813e-02
1.061836332082748413e-01,6.834071129560470581e-02,7.070598751306533813e-02
1.066854521632194519e-01,6.830311566591262817e-02,7.066822797060012817e-02
1.066854521632194519e-01,6.830311566591262817e-02,7.066822797060012817e-02
1.071886122226715088e-01,6.826525181531906128e-02,7.062993198633193970e-02
1.071886122226715088e-01,6.826525181531906128e-02,7.062993198633193970e-02
1.076931431889533997e-01,6.822712719440460205e-02,7.059111446142196655e-02
1.076931431889533997e-01,6.822712719440460205e-02,7.059111446142196655e-02
1.081990152597427368e-01,6.818874925374984741e-02,7.055175304412841797e-02
1.081990152597427368e-01,6.818874925374984741e-02,7.055175304412841797e-02
1.087062656879425049e-01,6.815010309219360352e-02,7.051186263561248779e-02
1.087062656879425049e-01,6.815010309219360352e-02,7.051186263561248779e-02
1.092148572206497192e-01,6.811121106147766113e-02,7.047143578529357910e-02
1.092148572206497192e-01,6.811121106147766113e-02,7.047143578529357910e-02
1.097248196601867676e-01,6.807204335927963257e-02,7.043046504259109497e-02
1.097248196601867676e-01,6.807204335927963257e-02,7.043046504259109497e-02
1.102361604571342468e-01,6.803262233734130859e-02,7.038896530866622925e-02
1.102361604571342468e-01,6.803262233734130859e-02,7.038896530866622925e-02
1.107488721609115601e-01,6.799294799566268921e-02,7.034691423177719116e-02
1.107488721609115601e-01,6.799294799566268921e-02,7.034691423177719116e-02
1.112629696726799011e-01,6.795300543308258057e-02,7.030431926250457764e-02
1.112629696726799011e-01,6.795300543308258057e-02,7.030431926250457764e-02
1.117784306406974792e-01,6.791280210018157959e-02,7.026118785142898560e-02
1.117784306406974792e-01,6.791280210018157959e-02,7.026118785142898560e-02
1.122952997684478760e-01,6.787233054637908936e-02,7.021751999855041504e-02
1.122952997684478760e-01,6.787233054637908936e-02,7.021751999855041504e-02
1.128135472536087036e-01,6.783160567283630371e-02,7.017329335212707520e-02
1.128135472536087036e-01,6.783160567283630371e-02,7.017329335212707520e-02
1.133331730961799622e-01,6.779062747955322266e-02,7.012851536273956299e-02
1.133331730961799622e-01,6.779062747955322266e-02,7.012851536273956299e-02
1.138542145490646362e-01,6.774937361478805542e-02,7.008320093154907227e-02
1.138542145490646362e-01,6.774937361478805542e-02,7.008320093154907227e-02
1.143766492605209351e-01,6.770785897970199585e-02,7.003732770681381226e-02
1.143766492605209351e-01,6.770785897970199585e-02,7.003732770681381226e-02
1.149004995822906494e-01,6.766609102487564087e-02,6.999091058969497681e-02
1.149004995822906494e-01,6.766609102487564087e-02,6.999091058969497681e-02
1.154257357120513916e-01,6.762405484914779663e-02,6.994394212961196899e-02
1.154257357120513916e-01,6.762405484914779663e-02,6.994394212961196899e-02
1.159524023532867432e-01,6.758176535367965698e-02,6.989642232656478882e-02
1.159524023532867432e-01,6.758176535367965698e-02,6.989642232656478882e-02
1.164804846048355103e-01,6.753920763731002808e-02,6.984834372997283936e-02
1.164804846048355103e-01,6.753920763731002808e-02,6.984834372997283936e-02
1.170099750161170959e-01,6.749638170003890991e-02,6.979970633983612061e-02
1.170099750161170959e-01,6.749638170003890991e-02,6.979970633983612061e-02
1.175408959388732910e-01,6.745330244302749634e-02,6.975051760673522949e-02
1.175408959388732910e-01,6.745330244302749634e-02,6.975051760673522949e-02
1.180732399225234985e-01,6.740995496511459351e-02,6.970077008008956909e-02
1.180732399225234985e-01,6.740995496511459351e-02,6.970077008008956909e-02
1.186070144176483154e-01,6.736633926630020142e-02,6.965046375989913940e-02
1.186070144176483154e-01,6.736633926630020142e-02,6.965046375989913940e-02
1.191422268748283386e-01,6.732247024774551392e-02,6.959959119558334351e-02
1.191422268748283386e-01,6.732247024774551392e-02,6.959959119558334351e-02
1.196788698434829712e-01,6.727833300828933716e-02,6.954816728830337524e-02
1.196788698434829712e-01,6.727833300828933716e-02,6.954816728830337524e-02
1.202169731259346008e-01,6.723393499851226807e-02,6.949616968631744385e-02
1.202169731259346008e-01,6.723393499851226807e-02,6.949616968631744385e-02
1.207564994692802429e-01,6.718926876783370972e-02,6.944360584020614624e-02
1.207564994692802429e-01,6.718926876783370972e-02,6.944360584020614624e-02
1.212974935770034790e-01,6.714434176683425903e-02,6.939049065113067627e-02
1.212974935770034790e-01,6.714434176683425903e-02,6.939049065113067627e-02
1.218399330973625183e-01,6.709914654493331909e-02,6.933679431676864624e-02
1.218399330973625183e-01,6.709914654493331909e-02,6.933679431676864624e-02
1.223838105797767639e-01,6.705369055271148682e-02,6.928253173828125000e-02
1.223838105797767639e-01,6.705369055271148682e-02,6.928253173828125000e-02
1.229291781783103943e-01,6.700796633958816528e-02,6.922770291566848755e-02
1.229291781783103943e-01,6.700796633958816528e-02,6.922770291566848755e-02
1.234759911894798279e-01,6.696198135614395142e-02,6.917230784893035889e-02
1.234759911894798279e-01,6.696198135614395142e-02,6.917230784893035889e-02
1.240242868661880493e-01,6.691573560237884521e-02,6.911633163690567017e-02
1.240242868661880493e-01,6.691573560237884521e-02,6.911633163690567017e-02
1.245740428566932678e-01,6.686921417713165283e-02,6.905978918075561523e-02
1.245740428566932678e-01,6.686921417713165283e-02,6.905978918075561523e-02
1.251252740621566772e-01,6.682243943214416504e-02,6.900266557931900024e-02
1.251252740621566772e-01,6.682243943214416504e-02,6.900266557931900024e-02
1.256779879331588745e-01,6.677538901567459106e-02,6.894496828317642212e-02
1.256779879331588745e-01,6.677538901567459106e-02,6.894496828317642212e-02
1.262321919202804565e-01,6.672807782888412476e-02,6.888670474290847778e-02
1.262321919202804565e-01,6.672807782888412476e-02,6.888670474290847778e-02
1.267878711223602295e-01,6.668049842119216919e-02,6.882784515619277954e-02
1.267878711223602295e-01,6.668049842119216919e-02,6.882784515619277954e-02
1.273450404405593872e-01,6.663265079259872437e-02,6.876841932535171509e-02
1.273450404405593872e-01,6.663265079259872437e-02,6.876841932535171509e-02
1.279037147760391235e-01,6.658454239368438721e-02,6.870840489864349365e-02
1.279037147760391235e-01,6.658454239368438721e-02,6.870840489864349365e-02
1.284638643264770508e-01,6.653616577386856079e-02,6.864781677722930908e-02
1.284638643264770508e-01,6.653616577386856079e-02,6.864781677722930908e-02
1.290255486965179443e-01,6.648752838373184204e-02,6.858664005994796753e-02
1.290255486965179443e-01,6.648752838373184204e-02,6.858664005994796753e-02
1.295887082815170288e-01,6.643861532211303711e-02,6.852487474679946899e-02
1.295887082815170288e-01,6.643861532211303711e-02,6.852487474679946899e-02
1.301533877849578857e-01,6.638944149017333984e-02,6.846252083778381348e-02
1.301533877849578857e-01,6.638944149017333984e-02,6.846252083778381348e-02
1.307195723056793213e-01,6.633999198675155640e-02,6.839958578348159790e-02
1.307195723056793213e-01,6.633999198675155640e-02,6.839958578348159790e-02
1.312873065471649170e-01,6.629027426242828369e-02,6.833606213331222534e-02
1.312873065471649170e-01,6.629027426242828369e-02,6.833606213331222534e-02
1.318565309047698975e-01,6.624030321836471558e-02,6.827195733785629272e-02
1.318565309047698975e-01,6.624030321836471558e-02,6.827195733785629272e-02
1.324272900819778442e-01,6.619005650281906128e-02,6.820724904537200928e-02
1.324272900819778442e-01,6.619005650281906128e-02,6.820724904537200928e-02
1.329995542764663696e-01,6.613954156637191772e-02,6.814195215702056885e-02
1.329995542764663696e-01,6.613954156637191772e-02,6.814195215702056885e-02
1.335733830928802490e-01,6.608875840902328491e-02,6.807605922222137451e-02
1.335733830928802490e-01,6.608875840902328491e-02,6.807605922222137451e-02
1.341487318277359009e-01,6.603771448135375977e-02,6.800958514213562012e-02
1.341487318277359009e-01,6.603771448135375977e-02,6.800958514213562012e-02
1.347256153821945190e-01,6.598639488220214844e-02,6.794250011444091797e-02
1.347256153821945190e-01,6.598639488220214844e-02,6.794250011444091797e-02
1.353040486574172974e-01,6.593479961156845093e-02,6.787481904029846191e-02
1.353040486574172974e-01,6.593479961156845093e-02,6.787481904029846191e-02
1.358840316534042358e-01,6.588295102119445801e-02,6.780654191970825195e-02
1.358840316534042358e-01,6.588295102119445801e-02,6.780654191970825195e-02
1.364655345678329468e-01,6.583082675933837891e-02,6.773766875267028809e-02
1.364655345678329468e-01,6.583082675933837891e-02,6.773766875267028809e-02
1.370486468076705933e-01,6.577842682600021362e-02,6.766819208860397339e-02
1.370486468076705933e-01,6.577842682600021362e-02,6.766819208860397339e-02
1.376332789659500122e-01,6.572576612234115601e-02,6.759811192750930786e-02
1.376332789659500122e-01,6.572576612234115601e-02,6.759811192750930786e-02
1.382194757461547852e-01,6.567282974720001221e-02,6.752742826938629150e-02
1.382194757461547852e-01,6.567282974720001221e-02,6.752742826938629150e-02
1.388072371482849121e-01,6.561963260173797607e-02,6.745614111423492432e-02
1.388072371482849121e-01,6.561963260173797607e-02,6.745614111423492432e-02
1.393965780735015869e-01,6.556615978479385376e-02,6.738424301147460938e-02
1.393965780735015869e-01,6.556615978479385376e-02,6.738424301147460938e-02
1.399874687194824219e-01,6.551241874694824219e-02,6.731174886226654053e-02
1.399874687194824219e-01,6.551241874694824219e-02,6.731174886226654053e-02
1.405799686908721924e-01,6.545840203762054443e-02,6.723863631486892700e-02
1.405799686908721924e-01,6.545840203762054443e-02,6.723863631486892700e-02
1.411740183830261230e-01,6.540411710739135742e-02,6.716491281986236572e-02
1.411740183830261230e-01,6.540411710739135742e-02,6.716491281986236572e-02
1.417696624994277954e-01,6.534956395626068115e-02,6.709057837724685669e-02
1.417696624994277954e-01,6.534956395626068115e-02,6.709057837724685669e-02
1.423669159412384033e-01,6.529475003480911255e-02,6.701564043760299683e-02
1.423669159412384033e-01,6.529475003480911255e-02,6.701564043760299683e-02
1.429657489061355591e-01,6.523965299129486084e-02,6.694008409976959229e-02
1.429657489061355591e-01,6.523965299129486084e-02,6.694008409976959229e-02
1.435661762952804565e-01,6.518428772687911987e-02,6.686391681432723999e-02
1.435661762952804565e-01,6.518428772687911987e-02,6.686391681432723999e-02
1.441681832075119019e-01,6.512865424156188965e-02,6.678712368011474609e-02
1.441681832075119019e-01,6.512865424156188965e-02,6.678712368011474609e-02
1.447717994451522827e-01,6.507274508476257324e-02,6.670972704887390137e-02
1.447717994451522827e-01,6.507274508476257324e-02,6.670972704887390137e-02
1.453770399093627930e-01,6.501656770706176758e-02,6.663168966770172119e-02
1.453770399093627930e-01,6.501656770706176758e-02,6.663168966770172119e-02
1.459838896989822388e-01,6.496011465787887573e-02,6.655304878950119019e-02
1.459838896989822388e-01,6.496011465787887573e-02,6.655304878950119019e-02
1.465923190116882324e-01,6.490338593721389771e-02,6.647378951311111450e-02
1.465923190116882324e-01,6.490338593721389771e-02,6.647378951311111450e-02
1.472024023532867432e-01,6.484639644622802734e-02,6.639390438795089722e-02
1.472024023532867432e-01,6.484639644622802734e-02,6.639390438795089722e-02
1.478140950202941895e-01,6.478913128376007080e-02,6.631338596343994141e-02
1.478140950202941895e-01,6.478913128376007080e-02,6.631338596343994141e-02
1.484274119138717651e-01,6.473158299922943115e-02,6.623225659132003784e-02
1.484274119138717651e-01,6.473158299922943115e-02,6.623225659132003784e-02
1.490423530340194702e-01,6.467377394437789917e-02,6.615049391984939575e-02
1.490423530340194702e-01,6.467377394437789917e-02,6.615049391984939575e-02
1.496589183807373047e-01,6.461568921804428101e-02,6.606809794902801514e-02
1.496589183807373047e-01,6.461568921804428101e-02,6.606809794902801514e-02
1.502771526575088501e-01,6.455732882022857666e-02,6.598507612943649292e-02
1.502771526575088501e-01,6.455732882022857666e-02,6.598507612943649292e-02
1.508970111608505249e-01,6.449870020151138306e-02,6.590143591165542603e-02
1.508970111608505249e-01,6.449870020151138306e-02,6.590143591165542603e-02
1.515184938907623291e-01,6.443979591131210327e-02,6.581716239452362061e-02
1.515184938907623291e-01,6.443979591131210327e-02,6.581716239452362061e-02
1.521416306495666504e-01,6.438061594963073730e-02,6.573224067687988281e-02
1.521416306495666504e-01,6.438061594963073730e-02,6.573224067687988281e-02
1.527664512395858765e-01,6.432116031646728516e-02,6.564670056104660034e-02
1.527664512395858765e-01,6.432116031646728516e-02,6.564670056104660034e-02
1.533928960561752319e-01,6.426143646240234375e-02,6.556051224470138550e-02
1.533928960561752319e-01,6.426143646240234375e-02,6.556051224470138550e-02
1.540209949016571045e-01,6.420143693685531616e-02,6.547370553016662598e-02
1.540209949016571045e-01,6.420143693685531616e-02,6.547370553016662598e-02
1.546507775783538818e-01,6.414116173982620239e-02,6.538624316453933716e-02
1.546507775783538818e-01,6.414116173982620239e-02,6.538624316453933716e-02
1.552822142839431763e-01,6.408061087131500244e-02,6.529815495014190674e-02
1.552822142839431763e-01,6.408061087131500244e-02,6.529815495014190674e-02
1.559153199195861816e-01,6.401979178190231323e-02,6.520941853523254395e-02
1.559153199195861816e-01,6.401979178190231323e-02,6.520941853523254395e-02
1.565501093864440918e-01,6.395868957042694092e-02,6.512004882097244263e-02
1.565501093864440918e-01,6.395868957042694092e-02,6.512004882097244263e-02
1.571865677833557129e-01,6.389731168746948242e-02,6.503002345561981201e-02
1.571865677833557129e-01,6.389731168746948242e-02,6.503002345561981201e-02
1.578247100114822388e-01,6.383566558361053467e-02,6.493935734033584595e-02
1.578247100114822388e-01,6.383566558361053467e-02,6.493935734033584595e-02
1.584645360708236694e-01,6.377374380826950073e-02,6.484805792570114136e-02
1.584645360708236694e-01,6.377374380826950073e-02,6.484805792570114136e-02
1.591060459613800049e-01,6.371154636144638062e-02,6.475610285997390747e-02
1.591060459613800049e-01,6.371154636144638062e-02,6.475610285997390747e-02
1.597492545843124390e-01,6.364907324314117432e-02,6.466350704431533813e-02
1.597492545843124390e-01,6.364907324314117432e-02,6.466350704431533813e-02
1.603941619396209717e-01,6.358631700277328491e-02,6.457025557756423950e-02
1.603941619396209717e-01,6.358631700277328491e-02,6.457025557756423950e-02
1.610407680273056030e-01,6.352329254150390625e-02,6.447635591030120850e-02
1.610407680273056030e-01,6.352329254150390625e-02,6.447635591030120850e-02
1.616890728473663330e-01,6.345999240875244141e-02,6.438180804252624512e-02
1.616890728473663330e-01,6.345999240875244141e-02,6.438180804252624512e-02
1.623390913009643555e-01,6.339640915393829346e-02,6.428660452365875244e-02
1.623390913009643555e-01,6.339640915393829346e-02,6.428660452365875244e-02
1.629907935857772827e-01,6.333255022764205933e-02,6.419074535369873047e-02
1.629907935857772827e-01,6.333255022764205933e-02,6.419074535369873047e-02
1.636442542076110840e-01,6.326842308044433594e-02,6.409423053264617920e-02
1.636442542076110840e-01,6.326842308044433594e-02,6.409423053264617920e-02
1.642994135618209839e-01,6.320401281118392944e-02,6.399706751108169556e-02
1.642994135618209839e-01,6.320401281118392944e-02,6.399706751108169556e-02
1.649562865495681763e-01,6.313932687044143677e-02,6.389923393726348877e-02
1.649562865495681763e-01,6.313932687044143677e-02,6.389923393726348877e-02
1.656148880720138550e-01,6.307436525821685791e-02,6.380074471235275269e-02
1.656148880720138550e-01,6.307436525821685791e-02,6.380074471235275269e-02
1.662752330303192139e-01,6.300912052392959595e-02,6.370159983634948730e-02
1.662752330303192139e-01,6.300912052392959595e-02,6.370159983634948730e-02
1.669373065233230591e-01,6.294360011816024780e-02,6.360179930925369263e-02
1.669373065233230591e-01,6.294360011816024780e-02,6.360179930925369263e-02
1.676011085510253906e-01,6.287780404090881348e-02,6.350132822990417480e-02
1.676011085510253906e-01,6.287780404090881348e-02,6.350132822990417480e-02
1.682666689157485962e-01,6.281173229217529297e-02,6.340019404888153076e-02
1.682666689157485962e-01,6.281173229217529297e-02,6.340019404888153076e-02
1.689339578151702881e-01,6.274536997079849243e-02,6.329838931560516357e-02
1.689339578151702881e-01,6.274536997079849243e-02,6.329838931560516357e-02
1.696029901504516602e-01,6.267873942852020264e-02,6.319592893123626709e-02
1.696029901504516602e-01,6.267873942852020264e-02,6.319592893123626709e-02
1.702737957239151001e-01,6.261183321475982666e-02,6.309279054403305054e-02
1.702737957239151001e-01,6.261183321475982666e-02,6.309279054403305054e-02
1.709463298320770264e-01,6.254464387893676758e-02,6.298898905515670776e-02
1.709463298320770264e-01,6.254464387893676758e-02,6.298898905515670776e-02
1.716206371784210205e-01,6.247717142105102539e-02,6.288451701402664185e-02
1.716206371784210205e-01,6.247717142105102539e-02,6.288451701402664185e-02
1.722967326641082764e-01,6.240942701697349548e-02,6.277937442064285278e-02
1.722967326641082764e-01,6.240942701697349548e-02,6.277937442064285278e-02
1.729745566844940186e-01,6.234139949083328247e-02,6.267355382442474365e-02
1.729745566844940186e-01,6.234139949083328247e-02,6.267355382442474365e-02
1.736541688442230225e-01,6.227309629321098328e-02,6.256706267595291138e-02
1.736541688442230225e-01,6.227309629321098328e-02,6.256706267595291138e-02
1.743355542421340942e-01,6.220450624823570251e-02,6.245989724993705750e-02
1.743355542421340942e-01,6.220450624823570251e-02,6.245989724993705750e-02
1.750187128782272339e-01,6.213564053177833557e-02,6.235205382108688354e-02
1.750187128782272339e-01,6.213564053177833557e-02,6.235205382108688354e-02
1.757036596536636353e-01,6.206649914383888245e-02,6.224353238940238953e-02
1.757036596536636353e-01,6.206649914383888245e-02,6.224353238940238953e-02
1.763903945684432983e-01,6.199707090854644775e-02,6.213433295488357544e-02
1.763903945684432983e-01,6.199707090854644775e-02,6.213433295488357544e-02
1.770789027214050293e-01,6.192736327648162842e-02,6.202445179224014282e-02
1.770789027214050293e-01,6.192736327648162842e-02,6.202445179224014282e-02
1.777692288160324097e-01,6.185737997293472290e-02,6.191388890147209167e-02
1.777692288160324097e-01,6.185737997293472290e-02,6.191388890147209167e-02
1.784613430500030518e-01,6.178711354732513428e-02,6.180264800786972046e-02
1.784613430500030518e-01,6.178711354732513428e-02,6.180264800786972046e-02
1.791552454233169556e-01,6.171656399965286255e-02,6.169071421027183533e-02
1.791552454233169556e-01,6.171656399965286255e-02,6.169071421027183533e-02
1.798509657382965088e-01,6.164573505520820618e-02,6.157809868454933167e-02
1.798509657382965088e-01,6.164573505520820618e-02,6.157809868454933167e-02
1.805484890937805176e-01,6.157462298870086670e-02,6.146480143070220947e-02
1.805484890937805176e-01,6.157462298870086670e-02,6.146480143070220947e-02
1.812478303909301758e-01,6.150323152542114258e-02,6.135081127285957336e-02
1.812478303909301758e-01,6.150323152542114258e-02,6.135081127285957336e-02
1.819489896297454834e-01,6.143155694007873535e-02,6.123613193631172180e-02
1.819489896297454834e-01,6.143155694007873535e-02,6.123613193631172180e-02
1.826519519090652466e-01,6.135960295796394348e-02,6.112076342105865479e-02
1.826519519090652466e-01,6.135960295796394348e-02,6.112076342105865479e-02
1.833567470312118530e-01,6.128736212849617004e-02,6.100470200181007385e-02
1.833567470312118530e-01,6.128736212849617004e-02,6.100470200181007385e-02
1.840633749961853027e-01,6.121484562754631042e-02,6.088794767856597900e-02
1.840633749961853027e-01,6.121484562754631042e-02,6.088794767856597900e-02
1.847718358039855957e-01,6.114204227924346924e-02,6.077049672603607178e-02
1.847718358039855957e-01,6.114204227924346924e-02,6.077049672603607178e-02
1.854821294546127319e-01,6.106895953416824341e-02,6.065236032009124756e-02
1.854821294546127319e-01,6.106895953416824341e-02,6.065236032009124756e-02
1.861942559480667114e-01,6.099559366703033447e-02,6.053351983428001404e-02
1.861942559480667114e-01,6.099559366703033447e-02,6.053351983428001404e-02
1.869082152843475342e-01,6.092194467782974243e-02,6.041398271918296814e-02
1.869082152843475342e-01,6.092194467782974243e-02,6.041398271918296814e-02
1.876240372657775879e-01,6.084801256656646729e-02,6.029374152421951294e-02
1.876240372657775879e-01,6.084801256656646729e-02,6.029374152421951294e-02
1.883416920900344849e-01,6.077379360795021057e-02,6.017280742526054382e-02
1.883416920900344849e-01,6.077379360795021057e-02,6.017280742526054382e-02
1.890612244606018066e-01,6.069929525256156921e-02,6.005116552114486694e-02
1.890612244606018066e-01,6.069929525256156921e-02,6.005116552114486694e-02
1.897825747728347778e-01,6.062451377511024475e-02,5.992882326245307922e-02
1.897825747728347778e-01,6.062451377511024475e-02,5.992882326245307922e-02
1.905058175325393677e-01,6.054944917559623718e-02,5.980578064918518066e-02
1.905058175325393677e-01,6.054944917559623718e-02,5.980578064918518066e-02
1.912309080362319946e-01,6.047409400343894958e-02,5.968202650547027588e-02
1.912309080362319946e-01,6.047409400343894958e-02,5.968202650547027588e-02
1.919578909873962402e-01,6.039845943450927734e-02,5.955756828188896179e-02
1.919578909873962402e-01,6.039845943450927734e-02,5.955756828188896179e-02
1.926867216825485229e-01,6.032254174351692200e-02,5.943240225315093994e-02
1.926867216825485229e-01,6.032254174351692200e-02,5.943240225315093994e-02
1.934174299240112305e-01,6.024633720517158508e-02,5.930652469396591187e-02
1.934174299240112305e-01,6.024633720517158508e-02,5.930652469396591187e-02
1.941500306129455566e-01,6.016984954476356506e-02,5.917993560433387756e-02
1.941500306129455566e-01,6.016984954476356506e-02,5.917993560433387756e-02
