-5.004243180155754089e-02,7.749891374260187149e-03,-5.082053830847144127e-04
-5.004243180155754089e-02,7.749891374260187149e-03,-5.082053830847144127e-04
-4.994691908359527588e-02,7.170824334025382996e-03,-4.750619409605860710e-04
-4.994691908359527588e-02,7.170824334025382996e-03,-4.750619409605860710e-04
-4.985107481479644775e-02,6.592276506125926971e-03,-4.403081838972866535e-04
-4.985107481479644775e-02,6.592276506125926971e-03,-4.403081838972866535e-04
-4.975490272045135498e-02,6.014250684529542923e-03,-4.039474879391491413e-04
-4.975490272045135498e-02,6.014250684529542923e-03,-4.039474879391491413e-04
-4.965840652585029602e-02,5.436745937913656235e-03,-3.659834328573197126e-04
-4.965840652585029602e-02,5.436745937913656235e-03,-3.659834328573197126e-04
-4.956158250570297241e-02,4.859768319875001907e-03,-3.264194237999618053e-04
-4.956158250570297241e-02,4.859768319875001907e-03,-3.264194237999618053e-04
-4.946443066000938416e-02,4.283316899091005325e-03,-2.852588368114084005e-04
-4.946443066000938416e-02,4.283316899091005325e-03,-2.852588368114084005e-04
-4.936695471405982971e-02,3.707395168021321297e-03,-2.425052807666361332e-04
-4.936695471405982971e-02,3.707395168021321297e-03,-2.425052807666361332e-04
-4.926916956901550293e-02,3.132004290819168091e-03,-1.981620443984866142e-04
-4.926916956901550293e-02,3.132004290819168091e-03,-1.981620443984866142e-04
-4.917104914784431458e-02,2.557146130129694939e-03,-1.522327220300212502e-04
-4.917104914784431458e-02,2.557146130129694939e-03,-1.522327220300212502e-04
-4.907262325286865234e-02,1.982823247089982033e-03,-1.047206897055730224e-04
-4.907262325286865234e-02,1.982823247089982033e-03,-1.047206897055730224e-04
-4.897387698292732239e-02,1.409036922268569469e-03,-5.562943260883912444e-05
-4.897387698292732239e-02,1.409036922268569469e-03,-5.562943260883912444e-05
-4.887481033802032471e-02,8.357889601029455662e-04,-4.962348612025380135e-06
-4.887481033802032471e-02,8.357889601029455662e-04,-4.962348612025380135e-06
-4.877544194459915161e-02,2.630820381455123425e-04,4.727697523776441813e-05
-4.877544194459915161e-02,2.630820381455123425e-04,4.727697523776441813e-05
-4.867574945092201233e-02,-3.090828540734946728e-04,1.010852356557734311e-04
-4.867574945092201233e-02,-3.090828540734946728e-04,1.010852356557734311e-04
-4.857575520873069763e-02,-8.807034464552998543e-04,1.564589329063892365e-04
-4.857575520873069763e-02,-8.807034464552998543e-04,1.564589329063892365e-04
-4.847545549273490906e-02,-1.451776712201535702e-03,2.133944944944232702e-04
-4.847545549273490906e-02,-1.451776712201535702e-03,2.133944944944232702e-04
-4.837484285235404968e-02,-2.022302243858575821e-03,2.718886244110763073e-04
-4.837484285235404968e-02,-2.022302243858575821e-03,2.718886244110763073e-04
-4.827392846345901489e-02,-2.592276781797409058e-03,3.319378301966935396e-04
-4.827392846345901489e-02,-2.592276781797409058e-03,3.319378301966935396e-04
-4.817270487546920776e-02,-3.161699278280138969e-03,3.935385029762983322e-04
-4.817270487546920776e-02,-3.161699278280138969e-03,3.935385029762983322e-04
-4.807118326425552368e-02,-3.730567870661616325e-03,4.566874122247099876e-04
-4.807118326425552368e-02,-3.730567870661616325e-03,4.566874122247099876e-04
-4.796935990452766418e-02,-4.298879299312829971e-03,5.213809199631214142e-04
-4.796935990452766418e-02,-4.298879299312829971e-03,5.213809199631214142e-04
-4.786723479628562927e-02,-4.866633098572492599e-03,5.876157083548605442e-04
-4.786723479628562927e-02,-4.866633098572492599e-03,5.876157083548605442e-04
-4.776481911540031433e-02,-5.433828569948673248e-03,6.553882849402725697e-04
-4.776481911540031433e-02,-5.433828569948673248e-03,6.553882849402725697e-04
-4.766210541129112244e-02,-6.000460591167211533e-03,7.246950990520417690e-04
-4.766210541129112244e-02,-6.000460591167211533e-03,7.246950990520417690e-04
-4.755909368395805359e-02,-6.566530093550682068e-03,7.955328910611569881e-04
-4.755909368395805359e-02,-6.566530093550682068e-03,7.955328910611569881e-04
-4.745579138398170471e-02,-7.132033351808786392e-03,8.678980520926415920e-04
-4.745579138398170471e-02,-7.132033351808786392e-03,8.678980520926415920e-04
-4.735219851136207581e-02,-7.696968503296375275e-03,9.417870314791798592e-04
-4.735219851136207581e-02,-7.696968503296375275e-03,9.417870314791798592e-04
-4.724831879138946533e-02,-8.261333219707012177e-03,1.017196569591760635e-03
-4.724831879138946533e-02,-8.261333219707012177e-03,1.017196569591760635e-03
-4.714414477348327637e-02,-8.825127035379409790e-03,1.094123348593711853e-03
-4.714414477348327637e-02,-8.825127035379409790e-03,1.094123348593711853e-03
-4.703969135880470276e-02,-9.388348087668418884e-03,1.172563410364091396e-03
-4.703969135880470276e-02,-9.388348087668418884e-03,1.172563410364091396e-03
-4.693494737148284912e-02,-9.950994513928890228e-03,1.252513728104531765e-03
-4.693494737148284912e-02,-9.950994513928890228e-03,1.252513728104531765e-03
-4.682992398738861084e-02,-1.051305979490280151e-02,1.333970692940056324e-03
-4.682992398738861084e-02,-1.051305979490280151e-02,1.333970692940056324e-03
-4.672461375594139099e-02,-1.107455044984817505e-02,1.416930928826332092e-03
-4.672461375594139099e-02,-1.107455044984817505e-02,1.416930928826332092e-03
-4.661902412772178650e-02,-1.163545716553926468e-02,1.501390826888382435e-03
-4.661902412772178650e-02,-1.163545716553926468e-02,1.501390826888382435e-03
-4.651315510272979736e-02,-1.219578180462121964e-02,1.587347011081874371e-03
-4.651315510272979736e-02,-1.219578180462121964e-02,1.587347011081874371e-03
-4.640701785683631897e-02,-1.275552157312631607e-02,1.674796221777796745e-03
-4.640701785683631897e-02,-1.275552157312631607e-02,1.674796221777796745e-03
-4.630059748888015747e-02,-1.331467274576425552e-02,1.763734617270529270e-03
-4.630059748888015747e-02,-1.331467274576425552e-02,1.763734617270529270e-03
-4.619390517473220825e-02,-1.387323439121246338e-02,1.854159054346382618e-03
-4.619390517473220825e-02,-1.387323439121246338e-02,1.854159054346382618e-03
-4.608693718910217285e-02,-1.443120744079351425e-02,1.946065924130380154e-03
-4.608693718910217285e-02,-1.443120744079351425e-02,1.946065924130380154e-03
-4.597970098257064819e-02,-1.498858723789453506e-02,2.039452083408832550e-03
-4.597970098257064819e-02,-1.498858723789453506e-02,2.039452083408832550e-03
-4.587220028042793274e-02,-1.554537285119295120e-02,2.134313574060797691e-03
-4.587220028042793274e-02,-1.554537285119295120e-02,2.134313574060797691e-03
-4.576442390680313110e-02,-1.610156148672103882e-02,2.230646787211298943e-03
-4.576442390680313110e-02,-1.610156148672103882e-02,2.230646787211298943e-03
-4.565638303756713867e-02,-1.665715128183364868e-02,2.328449161723256111e-03
-4.565638303756713867e-02,-1.665715128183364868e-02,2.328449161723256111e-03
-4.554807767271995544e-02,-1.721213944256305695e-02,2.427716739475727081e-03
-4.554807767271995544e-02,-1.721213944256305695e-02,2.427716739475727081e-03
-4.543951526284217834e-02,-1.776652596890926361e-02,2.528446028009057045e-03
-4.543951526284217834e-02,-1.776652596890926361e-02,2.528446028009057045e-03
-4.533069208264350891e-02,-1.832030713558197021e-02,2.630633302032947540e-03
-4.533069208264350891e-02,-1.832030713558197021e-02,2.630633302032947540e-03
-4.522160068154335022e-02,-1.887348480522632599e-02,2.734275767579674721e-03
-4.522160068154335022e-02,-1.887348480522632599e-02,2.734275767579674721e-03
-4.511225223541259766e-02,-1.942604966461658478e-02,2.839369466528296471e-03
-4.511225223541259766e-02,-1.942604966461658478e-02,2.839369466528296471e-03
-4.500265046954154968e-02,-1.997800916433334351e-02,2.945911372080445290e-03
-4.500265046954154968e-02,-1.997800916433334351e-02,2.945911372080445290e-03
-4.489279538393020630e-02,-2.052935212850570679e-02,3.053897293284535408e-03
-4.489279538393020630e-02,-2.052935212850570679e-02,3.053897293284535408e-03
-4.478268325328826904e-02,-2.108008414506912231e-02,3.163324436172842979e-03
-4.478268325328826904e-02,-2.108008414506912231e-02,3.163324436172842979e-03
-4.467232152819633484e-02,-2.163019962608814240e-02,3.274189075455069542e-03
-4.467232152819633484e-02,-2.163019962608814240e-02,3.274189075455069542e-03
-4.456170648336410522e-02,-2.217969484627246857e-02,3.386487951502203941e-03
-4.456170648336410522e-02,-2.217969484627246857e-02,3.386487951502203941e-03
-4.445084556937217712e-02,-2.272857539355754852e-02,3.500217804685235023e-03
-4.445084556937217712e-02,-2.272857539355754852e-02,3.500217804685235023e-03
-4.433973506093025208e-02,-2.327683009207248688e-02,3.615374211221933365e-03
-4.433973506093025208e-02,-2.327683009207248688e-02,3.615374211221933365e-03
-4.422837495803833008e-02,-2.382446266710758209e-02,3.731954377144575119e-03
-4.422837495803833008e-02,-2.382446266710758209e-02,3.731954377144575119e-03
-4.411677643656730652e-02,-2.437147125601768494e-02,3.849955275654792786e-03
-4.411677643656730652e-02,-2.437147125601768494e-02,3.849955275654792786e-03
-4.400493577122688293e-02,-2.491784840822219849e-02,3.969372715801000595e-03
-4.400493577122688293e-02,-2.491784840822219849e-02,3.969372715801000595e-03
-4.389284923672676086e-02,-2.546359598636627197e-02,4.090203437954187393e-03
-4.389284923672676086e-02,-2.546359598636627197e-02,4.090203437954187393e-03
-4.378052428364753723e-02,-2.600871585309505463e-02,4.212444648146629333e-03
-4.378052428364753723e-02,-2.600871585309505463e-02,4.212444648146629333e-03
-4.366796836256980896e-02,-2.655320055782794952e-02,4.336091224104166031e-03
-4.366796836256980896e-02,-2.655320055782794952e-02,4.336091224104166031e-03
-4.355517029762268066e-02,-2.709705010056495667e-02,4.461141768842935562e-03
-4.355517029762268066e-02,-2.709705010056495667e-02,4.461141768842935562e-03
-4.344214126467704773e-02,-2.764026075601577759e-02,4.587591625750064850e-03
-4.344214126467704773e-02,-2.764026075601577759e-02,4.587591625750064850e-03
-4.332887753844261169e-02,-2.818283438682556152e-02,4.715438000857830048e-03
-4.332887753844261169e-02,-2.818283438682556152e-02,4.715438000857830048e-03
-4.321537911891937256e-02,-2.872476726770401001e-02,4.844676703214645386e-03
-4.321537911891937256e-02,-2.872476726770401001e-02,4.844676703214645386e-03
-4.310165345668792725e-02,-2.926605381071567535e-02,4.975304007530212402e-03
-4.310165345668792725e-02,-2.926605381071567535e-02,4.975304007530212402e-03
-4.298770055174827576e-02,-2.980669587850570679e-02,5.107317585498094559e-03
-4.298770055174827576e-02,-2.980669587850570679e-02,5.107317585498094559e-03
-4.287352040410041809e-02,-3.034669347107410431e-02,5.240713246166706085e-03
-4.287352040410041809e-02,-3.034669347107410431e-02,5.240713246166706085e-03
-4.275910928845405579e-02,-3.088604286313056946e-02,5.375487729907035828e-03
-4.275910928845405579e-02,-3.088604286313056946e-02,5.375487729907035828e-03
-4.264447838068008423e-02,-3.142473846673965454e-02,5.511637311428785324e-03
-4.264447838068008423e-02,-3.142473846673965454e-02,5.511637311428785324e-03
-4.252962395548820496e-02,-3.196278214454650879e-02,5.649159662425518036e-03
-4.252962395548820496e-02,-3.196278214454650879e-02,5.649159662425518036e-03
-4.241454973816871643e-02,-3.250017017126083374e-02,5.788049194961786270e-03
-4.241454973816871643e-02,-3.250017017126083374e-02,5.788049194961786270e-03
-4.229925945401191711e-02,-3.303690627217292786e-02,5.928304977715015411e-03
-4.229925945401191711e-02,-3.303690627217292786e-02,5.928304977715015411e-03
-4.218374937772750854e-02,-3.357297927141189575e-02,6.069921888411045074e-03
-4.218374937772750854e-02,-3.357297927141189575e-02,6.069921888411045074e-03
-4.206801950931549072e-02,-3.410839661955833435e-02,6.212896667420864105e-03
-4.206801950931549072e-02,-3.410839661955833435e-02,6.212896667420864105e-03
-4.195208102464675903e-02,-3.464315086603164673e-02,6.357226055115461349e-03
-4.195208102464675903e-02,-3.464315086603164673e-02,6.357226055115461349e-03
-4.183593019843101501e-02,-3.517723456025123596e-02,6.502906791865825653e-03
-4.183593019843101501e-02,-3.517723456025123596e-02,6.502906791865825653e-03
-4.171956330537796021e-02,-3.571065887808799744e-02,6.649935152381658554e-03
-4.171956330537796021e-02,-3.571065887808799744e-02,6.649935152381658554e-03
-4.160299152135848999e-02,-3.624341636896133423e-02,6.798307877033948898e-03
-4.160299152135848999e-02,-3.624341636896133423e-02,6.798307877033948898e-03
-4.148621112108230591e-02,-3.677549213171005249e-02,6.948021706193685532e-03
-4.148621112108230591e-02,-3.677549213171005249e-02,6.948021706193685532e-03
-4.136921837925910950e-02,-3.730690851807594299e-02,7.099072448909282684e-03
-4.136921837925910950e-02,-3.730690851807594299e-02,7.099072448909282684e-03
-4.125202819705009460e-02,-3.783764690160751343e-02,7.251457311213016510e-03
-4.125202819705009460e-02,-3.783764690160751343e-02,7.251457311213016510e-03
-4.113462939858436584e-02,-3.836770355701446533e-02,7.405172567814588547e-03
-4.113462939858436584e-02,-3.836770355701446533e-02,7.405172567814588547e-03
-4.101702943444252014e-02,-3.889708966016769409e-02,7.560214493423700333e-03
-4.101702943444252014e-02,-3.889708966016769409e-02,7.560214493423700333e-03
-4.089923202991485596e-02,-3.942579403519630432e-02,7.716580294072628021e-03
-4.089923202991485596e-02,-3.942579403519630432e-02,7.716580294072628021e-03
-4.078123345971107483e-02,-3.995381668210029602e-02,7.874266244471073151e-03
-4.078123345971107483e-02,-3.995381668210029602e-02,7.874266244471073151e-03
-4.066303744912147522e-02,-4.048115760087966919e-02,8.033267222344875336e-03
-4.066303744912147522e-02,-4.048115760087966919e-02,8.033267222344875336e-03
-4.054464399814605713e-02,-4.100780934095382690e-02,8.193584159016609192e-03
-4.054464399814605713e-02,-4.100780934095382690e-02,8.193584159016609192e-03
-4.042606428265571594e-02,-4.153377562761306763e-02,8.355209603905677795e-03
-4.042606428265571594e-02,-4.153377562761306763e-02,8.355209603905677795e-03
-4.030728712677955627e-02,-4.205905273556709290e-02,8.518140763044357300e-03
-4.030728712677955627e-02,-4.205905273556709290e-02,8.518140763044357300e-03
-4.018831253051757812e-02,-4.258363693952560425e-02,8.682374842464923859e-03
-4.018831253051757812e-02,-4.258363693952560425e-02,8.682374842464923859e-03
-4.006915912032127380e-02,-4.310753196477890015e-02,8.847909048199653625e-03
-4.006915912032127380e-02,-4.310753196477890015e-02,8.847909048199653625e-03
-3.994981199502944946e-02,-4.363072663545608521e-02,9.014737792313098907e-03
-3.994981199502944946e-02,-4.363072663545608521e-02,9.014737792313098907e-03
-3.983028605580329895e-02,-4.415322467684745789e-02,9.182859212160110474e-03
-3.983028605580329895e-02,-4.415322467684745789e-02,9.182859212160110474e-03
-3.971056640148162842e-02,-4.467502981424331665e-02,9.352270513772964478e-03
-3.971056640148162842e-02,-4.467502981424331665e-02,9.352270513772964478e-03
-3.959067165851593018e-02,-4.519612714648246765e-02,9.522967040538787842e-03
-3.959067165851593018e-02,-4.519612714648246765e-02,9.522967040538787842e-03
-3.947059065103530884e-02,-4.571652412414550781e-02,9.694945998489856720e-03
-3.947059065103530884e-02,-4.571652412414550781e-02,9.694945998489856720e-03
-3.935033082962036133e-02,-4.623621702194213867e-02,9.868202731013298035e-03
-3.935033082962036133e-02,-4.623621702194213867e-02,9.868202731013298035e-03
-3.922989219427108765e-02,-4.675520211458206177e-02,1.004273537546396255e-02
-3.922989219427108765e-02,-4.675520211458206177e-02,1.004273537546396255e-02
-3.910927847027778625e-02,-4.727347940206527710e-02,1.021853927522897720e-02
-3.910927847027778625e-02,-4.727347940206527710e-02,1.021853927522897720e-02
-3.898848593235015869e-02,-4.779104143381118774e-02,1.039561163634061813e-02
-3.898848593235015869e-02,-4.779104143381118774e-02,1.039561163634061813e-02
-3.886752575635910034e-02,-4.830789193511009216e-02,1.057394873350858688e-02
-3.886752575635910034e-02,-4.830789193511009216e-02,1.057394873350858688e-02
-3.874638676643371582e-02,-4.882402718067169189e-02,1.075354684144258499e-02
-3.874638676643371582e-02,-4.882402718067169189e-02,1.075354684144258499e-02
-3.862508386373519897e-02,-4.933945834636688232e-02,1.093440316617488861e-02
-3.862508386373519897e-02,-4.933945834636688232e-02,1.093440316617488861e-02
-3.850360959768295288e-02,-4.985416308045387268e-02,1.111651398241519928e-02
-3.850360959768295288e-02,-4.985416308045387268e-02,1.111651398241519928e-02
-3.838196024298667908e-02,-5.036814510822296143e-02,1.129987556487321854e-02
-3.838196024298667908e-02,-5.036814510822296143e-02,1.129987556487321854e-02
-3.826015442609786987e-02,-5.088140442967414856e-02,1.148448418825864792e-02
-3.826015442609786987e-02,-5.088140442967414856e-02,1.148448418825864792e-02
-3.813818097114562988e-02,-5.139394477009773254e-02,1.167033798992633820e-02
-3.813818097114562988e-02,-5.139394477009773254e-02,1.167033798992633820e-02
-3.801604732871055603e-02,-5.190575122833251953e-02,1.185743138194084167e-02
-3.801604732871055603e-02,-5.190575122833251953e-02,1.185743138194084167e-02
-3.789374977350234985e-02,-5.241683870553970337e-02,1.204576250165700912e-02
-3.789374977350234985e-02,-5.241683870553970337e-02,1.204576250165700912e-02
-3.777129575610160828e-02,-5.292718857526779175e-02,1.223532576113939285e-02
-3.777129575610160828e-02,-5.292718857526779175e-02,1.223532576113939285e-02
-3.764868155121803284e-02,-5.343681201338768005e-02,1.242612209171056747e-02
-3.764868155121803284e-02,-5.343681201338768005e-02,1.242612209171056747e-02
-3.752591088414192200e-02,-5.394570156931877136e-02,1.261814311146736145e-02
-3.752591088414192200e-02,-5.394570156931877136e-02,1.261814311146736145e-02
-3.740298748016357422e-02,-5.445384606719017029e-02,1.281138882040977478e-02
-3.740298748016357422e-02,-5.445384606719017029e-02,1.281138882040977478e-02
-3.727990761399269104e-02,-5.496126413345336914e-02,1.300585269927978516e-02
-3.727990761399269104e-02,-5.496126413345336914e-02,1.300585269927978516e-02
-3.715668246150016785e-02,-5.546794086694717407e-02,1.320153567939996719e-02
-3.715668246150016785e-02,-5.546794086694717407e-02,1.320153567939996719e-02
-3.703330457210540771e-02,-5.597387626767158508e-02,1.339842937886714935e-02
-3.703330457210540771e-02,-5.597387626767158508e-02,1.339842937886714935e-02
-3.690977022051811218e-02,-5.647906288504600525e-02,1.359653286635875702e-02
-3.690977022051811218e-02,-5.647906288504600525e-02,1.359653286635875702e-02
-3.678609430789947510e-02,-5.698350816965103149e-02,1.379584241658449173e-02
-3.678609430789947510e-02,-5.698350816965103149e-02,1.379584241658449173e-02
-3.666227683424949646e-02,-5.748720094561576843e-02,1.399635430425405502e-02
-3.666227683424949646e-02,-5.748720094561576843e-02,1.399635430425405502e-02
-3.653831407427787781e-02,-5.799015238881111145e-02,1.419806480407714844e-02
-3.653831407427787781e-02,-5.799015238881111145e-02,1.419806480407714844e-02
-3.641420602798461914e-02,-5.849234014749526978e-02,1.440097298473119736e-02
-3.641420602798461914e-02,-5.849234014749526978e-02,1.440097298473119736e-02
-3.628995642066001892e-02,-5.899379029870033264e-02,1.460507232695817947e-02
-3.628995642066001892e-02,-5.899379029870033264e-02,1.460507232695817947e-02
-3.616557270288467407e-02,-5.949448049068450928e-02,1.481036003679037094e-02
-3.616557270288467407e-02,-5.949448049068450928e-02,1.481036003679037094e-02
-3.604105114936828613e-02,-5.999440699815750122e-02,1.501683332026004791e-02
-3.604105114936828613e-02,-5.999440699815750122e-02,1.501683332026004791e-02
-3.591638803482055664e-02,-6.049358472228050232e-02,1.522448938339948654e-02
-3.591638803482055664e-02,-6.049358472228050232e-02,1.522448938339948654e-02
-3.579159453511238098e-02,-6.099199503660202026e-02,1.543332450091838837e-02
-3.579159453511238098e-02,-6.099199503660202026e-02,1.543332450091838837e-02
-3.566667065024375916e-02,-6.148964539170265198e-02,1.564333215355873108e-02
-3.566667065024375916e-02,-6.148964539170265198e-02,1.564333215355873108e-02
-3.554160892963409424e-02,-6.198652088642120361e-02,1.585451140999794006e-02
-3.554160892963409424e-02,-6.198652088642120361e-02,1.585451140999794006e-02
-3.541641682386398315e-02,-6.248264387249946594e-02,1.606686040759086609e-02
-3.541641682386398315e-02,-6.248264387249946594e-02,1.606686040759086609e-02
-3.529110550880432129e-02,-6.297798454761505127e-02,1.628037355840206146e-02
-3.529110550880432129e-02,-6.297798454761505127e-02,1.628037355840206146e-02
-3.516566380858421326e-02,-6.347256898880004883e-02,1.649504527449607849e-02
-3.516566380858421326e-02,-6.347256898880004883e-02,1.649504527449607849e-02
-3.504009544849395752e-02,-6.396637111902236938e-02,1.671087928116321564e-02
-3.504009544849395752e-02,-6.396637111902236938e-02,1.671087928116321564e-02
-3.491440415382385254e-02,-6.445940583944320679e-02,1.692786440253257751e-02
-3.491440415382385254e-02,-6.445940583944320679e-02,1.692786440253257751e-02
-3.478859364986419678e-02,-6.495166569948196411e-02,1.714600063860416412e-02
-3.478859364986419678e-02,-6.495166569948196411e-02,1.714600063860416412e-02
-3.466265648603439331e-02,-6.544314324855804443e-02,1.736528426408767700e-02
-3.466265648603439331e-02,-6.544314324855804443e-02,1.736528426408767700e-02
-3.453660756349563599e-02,-6.593383103609085083e-02,1.758571155369281769e-02
-3.453660756349563599e-02,-6.593383103609085083e-02,1.758571155369281769e-02
-3.441043198108673096e-02,-6.642375141382217407e-02,1.780727691948413849e-02
-3.441043198108673096e-02,-6.642375141382217407e-02,1.780727691948413849e-02
-3.428414836525917053e-02,-6.691287457942962646e-02,1.802998222410678864e-02
-3.428414836525917053e-02,-6.691287457942962646e-02,1.802998222410678864e-02
-3.415774926543235779e-02,-6.740122288465499878e-02,1.825382187962532043e-02
-3.415774926543235779e-02,-6.740122288465499878e-02,1.825382187962532043e-02
-3.403123468160629272e-02,-6.788878142833709717e-02,1.847879029810428619e-02
-3.403123468160629272e-02,-6.788878142833709717e-02,1.847879029810428619e-02
-3.390461578965187073e-02,-6.837555021047592163e-02,1.870488561689853668e-02
-3.390461578965187073e-02,-6.837555021047592163e-02,1.870488561689853668e-02
-3.377788513898849487e-02,-6.886152178049087524e-02,1.893210411071777344e-02
-3.377788513898849487e-02,-6.886152178049087524e-02,1.893210411071777344e-02
-3.365103900432586670e-02,-6.934670358896255493e-02,1.916044391691684723e-02
-3.365103900432586670e-02,-6.934670358896255493e-02,1.916044391691684723e-02
-3.352409973740577698e-02,-6.983109563589096069e-02,1.938989572227001190e-02
-3.352409973740577698e-02,-6.983109563589096069e-02,1.938989572227001190e-02
-3.339704871177673340e-02,-7.031466811895370483e-02,1.962046325206756592e-02
-3.339704871177673340e-02,-7.031466811895370483e-02,1.962046325206756592e-02
-3.326989337801933289e-02,-7.079745829105377197e-02,1.985213905572891235e-02
-3.326989337801933289e-02,-7.079745829105377197e-02,1.985213905572891235e-02
-3.314264118671417236e-02,-7.127945125102996826e-02,2.008492313325405121e-02
-3.314264118671417236e-02,-7.127945125102996826e-02,2.008492313325405121e-02
-3.301528096199035645e-02,-7.176063954830169678e-02,2.031880430877208710e-02
-3.301528096199035645e-02,-7.176063954830169678e-02,2.031880430877208710e-02
-3.288783133029937744e-02,-7.224101573228836060e-02,2.055378817021846771e-02
-3.288783133029937744e-02,-7.224101573228836060e-02,2.055378817021846771e-02
-3.276027739048004150e-02,-7.272057980298995972e-02,2.078986912965774536e-02
-3.276027739048004150e-02,-7.272057980298995972e-02,2.078986912965774536e-02
-3.263263404369354248e-02,-7.319934666156768799e-02,2.102703787386417389e-02
-3.263263404369354248e-02,-7.319934666156768799e-02,2.102703787386417389e-02
-3.250490128993988037e-02,-7.367729395627975464e-02,2.126529626548290253e-02
-3.250490128993988037e-02,-7.367729395627975464e-02,2.126529626548290253e-02
-3.237706795334815979e-02,-7.415442913770675659e-02,2.150463871657848358e-02
-3.237706795334815979e-02,-7.415442913770675659e-02,2.150463871657848358e-02
-3.224914148449897766e-02,-7.463075965642929077e-02,2.174506708979606628e-02
-3.224914148449897766e-02,-7.463075965642929077e-02,2.174506708979606628e-02
-3.212113678455352783e-02,-7.510626316070556641e-02,2.198657020926475525e-02
-3.212113678455352783e-02,-7.510626316070556641e-02,2.198657020926475525e-02
-3.199303522706031799e-02,-7.558094710111618042e-02,2.222914993762969971e-02
-3.199303522706031799e-02,-7.558094710111618042e-02,2.222914993762969971e-02
-3.186485171318054199e-02,-7.605481892824172974e-02,2.247279882431030273e-02
-3.186485171318054199e-02,-7.605481892824172974e-02,2.247279882431030273e-02
-3.173658251762390137e-02,-7.652786374092102051e-02,2.271751873195171356e-02
-3.173658251762390137e-02,-7.652786374092102051e-02,2.271751873195171356e-02
-3.160823136568069458e-02,-7.700008153915405273e-02,2.296329848468303680e-02
-3.160823136568069458e-02,-7.700008153915405273e-02,2.296329848468303680e-02
-3.147979825735092163e-02,-7.747147977352142334e-02,2.321014367043972015e-02
-3.147979825735092163e-02,-7.747147977352142334e-02,2.321014367043972015e-02
-3.135129064321517944e-02,-7.794204354286193848e-02,2.345804497599601746e-02
-3.135129064321517944e-02,-7.794204354286193848e-02,2.345804497599601746e-02
-3.122270107269287109e-02,-7.841176539659500122e-02,2.370699867606163025e-02
-3.122270107269287109e-02,-7.841176539659500122e-02,2.370699867606163025e-02
-3.109403513371944427e-02,-7.888066768646240234e-02,2.395700290799140930e-02
-3.109403513371944427e-02,-7.888066768646240234e-02,2.395700290799140930e-02
-3.096529468894004822e-02,-7.934873551130294800e-02,2.420805767178535461e-02
-3.096529468894004822e-02,-7.934873551130294800e-02,2.420805767178535461e-02
-3.083647973835468292e-02,-7.981597632169723511e-02,2.446015365421772003e-02
-3.083647973835468292e-02,-7.981597632169723511e-02,2.446015365421772003e-02
-3.070759773254394531e-02,-8.028236776590347290e-02,2.471329085528850555e-02
-3.070759773254394531e-02,-8.028236776590347290e-02,2.471329085528850555e-02
-3.057863935828208923e-02,-8.074790984392166138e-02,2.496745996177196503e-02
-3.057863935828208923e-02,-8.074790984392166138e-02,2.496745996177196503e-02
-3.044961392879486084e-02,-8.121263235807418823e-02,2.522266842424869537e-02
-3.044961392879486084e-02,-8.121263235807418823e-02,2.522266842424869537e-02
-3.032052703201770782e-02,-8.167650550603866577e-02,2.547890506684780121e-02
-3.032052703201770782e-02,-8.167650550603866577e-02,2.547890506684780121e-02
-3.019136749207973480e-02,-8.213952183723449707e-02,2.573616802692413330e-02
-3.019136749207973480e-02,-8.213952183723449707e-02,2.573616802692413330e-02
-3.006214648485183716e-02,-8.260168880224227905e-02,2.599445171654224396e-02
-3.006214648485183716e-02,-8.260168880224227905e-02,2.599445171654224396e-02
-2.993286028504371643e-02,-8.306301385164260864e-02,2.625375799834728241e-02
-2.993286028504371643e-02,-8.306301385164260864e-02,2.625375799834728241e-02
-2.980351820588111877e-02,-8.352348208427429199e-02,2.651407942175865173e-02
-2.980351820588111877e-02,-8.352348208427429199e-02,2.651407942175865173e-02
-2.967411652207374573e-02,-8.398310095071792603e-02,2.677541226148605347e-02
-2.967411652207374573e-02,-8.398310095071792603e-02,2.677541226148605347e-02
-2.954465337097644806e-02,-8.444187045097351074e-02,2.703775465488433838e-02
-2.954465337097644806e-02,-8.444187045097351074e-02,2.703775465488433838e-02
-2.941514179110527039e-02,-8.489976823329925537e-02,2.730110473930835724e-02
-2.941514179110527039e-02,-8.489976823329925537e-02,2.730110473930835724e-02
-2.928556688129901886e-02,-8.535682410001754761e-02,2.756545133888721466e-02
-2.928556688129901886e-02,-8.535682410001754761e-02,2.756545133888721466e-02
-2.915594168007373810e-02,-8.581300079822540283e-02,2.783080004155635834e-02
-2.915594168007373810e-02,-8.581300079822540283e-02,2.783080004155635834e-02
-2.902626991271972656e-02,-8.626831322908401489e-02,2.809714712202548981e-02
-2.902626991271972656e-02,-8.626831322908401489e-02,2.809714712202548981e-02
-2.889654412865638733e-02,-8.672277629375457764e-02,2.836448140442371368e-02
-2.889654412865638733e-02,-8.672277629375457764e-02,2.836448140442371368e-02
-2.876677364110946655e-02,-8.717636764049530029e-02,2.863280661404132843e-02
-2.876677364110946655e-02,-8.717636764049530029e-02,2.863280661404132843e-02
-2.863694913685321808e-02,-8.762909471988677979e-02,2.890211530029773712e-02
-2.863694913685321808e-02,-8.762909471988677979e-02,2.890211530029773712e-02
-2.850708924233913422e-02,-8.808094263076782227e-02,2.917240746319293976e-02
-2.850708924233913422e-02,-8.808094263076782227e-02,2.917240746319293976e-02
-2.837718091905117035e-02,-8.853191882371902466e-02,2.944367378950119019e-02
-2.837718091905117035e-02,-8.853191882371902466e-02,2.944367378950119019e-02
-2.824722789227962494e-02,-8.898201584815979004e-02,2.971591800451278687e-02
-2.824722789227962494e-02,-8.898201584815979004e-02,2.971591800451278687e-02
-2.811723761260509491e-02,-8.943122625350952148e-02,2.998913079500198364e-02
-2.811723761260509491e-02,-8.943122625350952148e-02,2.998913079500198364e-02
-2.798720635473728180e-02,-8.987957984209060669e-02,3.026331402361392975e-02
-2.798720635473728180e-02,-8.987957984209060669e-02,3.026331402361392975e-02
-2.785714343190193176e-02,-9.032705426216125488e-02,3.053845837712287903e-02
-2.785714343190193176e-02,-9.032705426216125488e-02,3.053845837712287903e-02
-2.772703953087329865e-02,-9.077363461256027222e-02,3.081456571817398071e-02
-2.772703953087329865e-02,-9.077363461256027222e-02,3.081456571817398071e-02
-2.759690396487712860e-02,-9.121933579444885254e-02,3.109163232147693634e-02
-2.759690396487712860e-02,-9.121933579444885254e-02,3.109163232147693634e-02
-2.746673114597797394e-02,-9.166415035724639893e-02,3.136964887380599976e-02
-2.746673114597797394e-02,-9.166415035724639893e-02,3.136964887380599976e-02
-2.733653038740158081e-02,-9.210807085037231445e-02,3.164861723780632019e-02
-2.733653038740158081e-02,-9.210807085037231445e-02,3.164861723780632019e-02
-2.720630541443824768e-02,-9.255109727382659912e-02,3.192853182554244995e-02
-2.720630541443824768e-02,-9.255109727382659912e-02,3.192853182554244995e-02
-2.707604691386222839e-02,-9.299324452877044678e-02,3.220938891172409058e-02
-2.707604691386222839e-02,-9.299324452877044678e-02,3.220938891172409058e-02
-2.694576419889926910e-02,-9.343449026346206665e-02,3.249118849635124207e-02
-2.694576419889926910e-02,-9.343449026346206665e-02,3.249118849635124207e-02
-2.681545540690422058e-02,-9.387484937906265259e-02,3.277392312884330750e-02
-2.681545540690422058e-02,-9.387484937906265259e-02,3.277392312884330750e-02
-2.668512053787708282e-02,-9.431429952383041382e-02,3.305759280920028687e-02
-2.668512053787708282e-02,-9.431429952383041382e-02,3.305759280920028687e-02
-2.655477076768875122e-02,-9.475284814834594727e-02,3.334218636155128479e-02
-2.655477076768875122e-02,-9.475284814834594727e-02,3.334218636155128479e-02
-2.642440237104892731e-02,-9.519050270318984985e-02,3.362771123647689819e-02
-2.642440237104892731e-02,-9.519050270318984985e-02,3.362771123647689819e-02
-2.629400976002216339e-02,-9.562724828720092773e-02,3.391415625810623169e-02
-2.629400976002216339e-02,-9.562724828720092773e-02,3.391415625810623169e-02
-2.616359852254390717e-02,-9.606308490037918091e-02,3.420152515172958374e-02
-2.616359852254390717e-02,-9.606308490037918091e-02,3.420152515172958374e-02
-2.603317797183990479e-02,-9.649802744388580322e-02,3.448980301618576050e-02
-2.603317797183990479e-02,-9.649802744388580322e-02,3.448980301618576050e-02
-2.590274251997470856e-02,-9.693203866481781006e-02,3.477899730205535889e-02
-2.590274251997470856e-02,-9.693203866481781006e-02,3.477899730205535889e-02
-2.577229030430316925e-02,-9.736516326665878296e-02,3.506910428404808044e-02
-2.577229030430316925e-02,-9.736516326665878296e-02,3.506910428404808044e-02
-2.564183250069618225e-02,-9.779735654592514038e-02,3.536010906100273132e-02
-2.564183250069618225e-02,-9.779735654592514038e-02,3.536010906100273132e-02
-2.551135979592800140e-02,-9.822864830493927002e-02,3.565201908349990845e-02
-2.551135979592800140e-02,-9.822864830493927002e-02,3.565201908349990845e-02
-2.538088709115982056e-02,-9.865901619195938110e-02,3.594483062624931335e-02
-2.538088709115982056e-02,-9.865901619195938110e-02,3.594483062624931335e-02
-2.525040321052074432e-02,-9.908846020698547363e-02,3.623852878808975220e-02
-2.525040321052074432e-02,-9.908846020698547363e-02,3.623852878808975220e-02
-2.511991746723651886e-02,-9.951697289943695068e-02,3.653312474489212036e-02
-2.511991746723651886e-02,-9.951697289943695068e-02,3.653312474489212036e-02
-2.498942986130714417e-02,-9.994458407163619995e-02,3.682860732078552246e-02
-2.498942986130714417e-02,-9.994458407163619995e-02,3.682860732078552246e-02
-2.485893666744232178e-02,-1.003712639212608337e-01,3.712498024106025696e-02
-2.485893666744232178e-02,-1.003712639212608337e-01,3.712498024106025696e-02
-2.472844906151294708e-02,-1.007970198988914490e-01,3.742222860455513000e-02
-2.472844906151294708e-02,-1.007970198988914490e-01,3.742222860455513000e-02
-2.459795959293842316e-02,-1.012218296527862549e-01,3.772035986185073853e-02
-2.459795959293842316e-02,-1.012218296527862549e-01,3.772035986185073853e-02
-2.446747757494449615e-02,-1.016457304358482361e-01,3.801935911178588867e-02
-2.446747757494449615e-02,-1.016457304358482361e-01,3.801935911178588867e-02
-2.433699741959571838e-02,-1.020686924457550049e-01,3.831923007965087891e-02
-2.433699741959571838e-02,-1.020686924457550049e-01,3.831923007965087891e-02
-2.420652471482753754e-02,-1.024907082319259644e-01,3.861996904015541077e-02
-2.420652471482753754e-02,-1.024907082319259644e-01,3.861996904015541077e-02
-2.407605946063995361e-02,-1.029118001461029053e-01,3.892157599329948425e-02
-2.407605946063995361e-02,-1.029118001461029053e-01,3.892157599329948425e-02
-2.394560724496841431e-02,-1.033319532871246338e-01,3.922403603792190552e-02
-2.394560724496841431e-02,-1.033319532871246338e-01,3.922403603792190552e-02
-2.381516247987747192e-02,-1.037511602044105530e-01,3.952736034989356995e-02
-2.381516247987747192e-02,-1.037511602044105530e-01,3.952736034989356995e-02
-2.368473075330257416e-02,-1.041694208979606628e-01,3.983153402805328369e-02
-2.368473075330257416e-02,-1.041694208979606628e-01,3.983153402805328369e-02
-2.355431765317916870e-02,-1.045867428183555603e-01,4.013655707240104675e-02
-2.355431765317916870e-02,-1.045867428183555603e-01,4.013655707240104675e-02
-2.342391572892665863e-02,-1.050031036138534546e-01,4.044243320822715759e-02
-2.342391572892665863e-02,-1.050031036138534546e-01,4.044243320822715759e-02
-2.329353801906108856e-02,-1.054185405373573303e-01,4.074914380908012390e-02
-2.329353801906108856e-02,-1.054185405373573303e-01,4.074914380908012390e-02
-2.316316962242126465e-02,-1.058330163359642029e-01,4.105670005083084106e-02
-2.316316962242126465e-02,-1.058330163359642029e-01,4.105670005083084106e-02
-2.303282916545867920e-02,-1.062465459108352661e-01,4.136509075760841370e-02
-2.303282916545867920e-02,-1.062465459108352661e-01,4.136509075760841370e-02
-2.290251106023788452e-02,-1.066591143608093262e-01,4.167431592941284180e-02
-2.290251106023788452e-02,-1.066591143608093262e-01,4.167431592941284180e-02
-2.277221344411373138e-02,-1.070707216858863831e-01,4.198436811566352844e-02
-2.277221344411373138e-02,-1.070707216858863831e-01,4.198436811566352844e-02
-2.264194004237651825e-02,-1.074813827872276306e-01,4.229524731636047363e-02
-2.264194004237651825e-02,-1.074813827872276306e-01,4.229524731636047363e-02
-2.251170016825199127e-02,-1.078910827636718750e-01,4.260694608092308044e-02
-2.251170016825199127e-02,-1.078910827636718750e-01,4.260694608092308044e-02
-2.238148637115955353e-02,-1.082998067140579224e-01,4.291947185993194580e-02
-2.238148637115955353e-02,-1.082998067140579224e-01,4.291947185993194580e-02
-2.225130051374435425e-02,-1.087075844407081604e-01,4.323280230164527893e-02
-2.225130051374435425e-02,-1.087075844407081604e-01,4.323280230164527893e-02
-2.212114632129669189e-02,-1.091143935918807983e-01,4.354695230722427368e-02
-2.212114632129669189e-02,-1.091143935918807983e-01,4.354695230722427368e-02
-2.199102751910686493e-02,-1.095202341675758362e-01,4.386191442608833313e-02
-2.199102751910686493e-02,-1.095202341675758362e-01,4.386191442608833313e-02
-2.186094410717487335e-02,-1.099250912666320801e-01,4.417767748236656189e-02
-2.186094410717487335e-02,-1.099250912666320801e-01,4.417767748236656189e-02
-2.173089608550071716e-02,-1.103290021419525146e-01,4.449423775076866150e-02
-2.173089608550071716e-02,-1.103290021419525146e-01,4.449423775076866150e-02
-2.160088345408439636e-02,-1.107319146394729614e-01,4.481159523129463196e-02
-2.160088345408439636e-02,-1.107319146394729614e-01,4.481159523129463196e-02
-2.147091552615165710e-02,-1.111338660120964050e-01,4.512975737452507019e-02
-2.147091552615165710e-02,-1.111338660120964050e-01,4.512975737452507019e-02
-2.134098485112190247e-02,-1.115348339080810547e-01,4.544870182871818542e-02
-2.134098485112190247e-02,-1.115348339080810547e-01,4.544870182871818542e-02
-2.121109701693058014e-02,-1.119348257780075073e-01,4.576844349503517151e-02
-2.121109701693058014e-02,-1.119348257780075073e-01,4.576844349503517151e-02
-2.108125388622283936e-02,-1.123338490724563599e-01,4.608896374702453613e-02
-2.108125388622283936e-02,-1.123338490724563599e-01,4.608896374702453613e-02
-2.095145918428897858e-02,-1.127318739891052246e-01,4.641026630997657776e-02
-2.095145918428897858e-02,-1.127318739891052246e-01,4.641026630997657776e-02
-2.082170918583869934e-02,-1.131289079785346985e-01,4.673234000802040100e-02
-2.082170918583869934e-02,-1.131289079785346985e-01,4.673234000802040100e-02
-2.069201134145259857e-02,-1.135249659419059753e-01,4.705519601702690125e-02
-2.069201134145259857e-02,-1.135249659419059753e-01,4.705519601702690125e-02
-2.056235820055007935e-02,-1.139200329780578613e-01,4.737881943583488464e-02
-2.056235820055007935e-02,-1.139200329780578613e-01,4.737881943583488464e-02
-2.043276466429233551e-02,-1.143141090869903564e-01,4.770321026444435120e-02
-2.043276466429233551e-02,-1.143141090869903564e-01,4.770321026444435120e-02
-2.030321955680847168e-02,-1.147072017192840576e-01,4.802836850285530090e-02
-2.030321955680847168e-02,-1.147072017192840576e-01,4.802836850285530090e-02
-2.017373219132423401e-02,-1.150992885231971741e-01,4.835427924990653992e-02
-2.017373219132423401e-02,-1.150992885231971741e-01,4.835427924990653992e-02
-2.004429884254932404e-02,-1.154903843998908997e-01,4.868095368146896362e-02
-2.004429884254932404e-02,-1.154903843998908997e-01,4.868095368146896362e-02
-1.991492509841918945e-02,-1.158804818987846375e-01,4.900837689638137817e-02
-1.991492509841918945e-02,-1.158804818987846375e-01,4.900837689638137817e-02
-1.978561095893383026e-02,-1.162695735692977905e-01,4.933655634522438049e-02
-1.978561095893383026e-02,-1.162695735692977905e-01,4.933655634522438049e-02
-1.965636201202869415e-02,-1.166576594114303589e-01,4.966548085212707520e-02
-1.965636201202869415e-02,-1.166576594114303589e-01,4.966548085212707520e-02
-1.952717266976833344e-02,-1.170447468757629395e-01,4.999514296650886536e-02
-1.952717266976833344e-02,-1.170447468757629395e-01,4.999514296650886536e-02
-1.939804479479789734e-02,-1.174308285117149353e-01,5.032554641366004944e-02
-1.939804479479789734e-02,-1.174308285117149353e-01,5.032554641366004944e-02
-1.926899142563343048e-02,-1.178159043192863464e-01,5.065669119358062744e-02
-1.926899142563343048e-02,-1.178159043192863464e-01,5.065669119358062744e-02
-1.913999766111373901e-02,-1.181999742984771729e-01,5.098856613039970398e-02
-1.913999766111373901e-02,-1.181999742984771729e-01,5.098856613039970398e-02
-1.901108026504516602e-02,-1.185830160975456238e-01,5.132116377353668213e-02
-1.901108026504516602e-02,-1.185830160975456238e-01,5.132116377353668213e-02
-1.888222806155681610e-02,-1.189650669693946838e-01,5.165449529886245728e-02
-1.888222806155681610e-02,-1.189650669693946838e-01,5.165449529886245728e-02
-1.875345036387443542e-02,-1.193460822105407715e-01,5.198854207992553711e-02
-1.875345036387443542e-02,-1.193460822105407715e-01,5.198854207992553711e-02
-1.862474903464317322e-02,-1.197260841727256775e-01,5.232330784201622009e-02
-1.862474903464317322e-02,-1.197260841727256775e-01,5.232330784201622009e-02
-1.849612034857273102e-02,-1.201050654053688049e-01,5.265879631042480469e-02
-1.849612034857273102e-02,-1.201050654053688049e-01,5.265879631042480469e-02
-1.836756989359855652e-02,-1.204830259084701538e-01,5.299499630928039551e-02
-1.836756989359855652e-02,-1.204830259084701538e-01,5.299499630928039551e-02
-1.823909953236579895e-02,-1.208599656820297241e-01,5.333190038800239563e-02
-1.823909953236579895e-02,-1.208599656820297241e-01,5.333190038800239563e-02
-1.811070926487445831e-02,-1.212358772754669189e-01,5.366951227188110352e-02
-1.811070926487445831e-02,-1.212358772754669189e-01,5.366951227188110352e-02
-1.798239722847938538e-02,-1.216107606887817383e-01,5.400782451033592224e-02
-1.798239722847938538e-02,-1.216107606887817383e-01,5.400782451033592224e-02
-1.785417273640632629e-02,-1.219846233725547791e-01,5.434682592749595642e-02
-1.785417273640632629e-02,-1.219846233725547791e-01,5.434682592749595642e-02
-1.772603392601013184e-02,-1.223574429750442505e-01,5.468653514981269836e-02
-1.772603392601013184e-02,-1.223574429750442505e-01,5.468653514981269836e-02
-1.759797707200050354e-02,-1.227292418479919434e-01,5.502693355083465576e-02
-1.759797707200050354e-02,-1.227292418479919434e-01,5.502693355083465576e-02
-1.747001148760318756e-02,-1.230999901890754700e-01,5.536800995469093323e-02
-1.747001148760318756e-02,-1.230999901890754700e-01,5.536800995469093323e-02
-1.734213717281818390e-02,-1.234697178006172180e-01,5.570978298783302307e-02
-1.734213717281818390e-02,-1.234697178006172180e-01,5.570978298783302307e-02
-1.721434853971004486e-02,-1.238383948802947998e-01,5.605223402380943298e-02
-1.721434853971004486e-02,-1.238383948802947998e-01,5.605223402380943298e-02
-1.708665862679481506e-02,-1.242060363292694092e-01,5.639535561203956604e-02
-1.708665862679481506e-02,-1.242060363292694092e-01,5.639535561203956604e-02
-1.695906184613704681e-02,-1.245726272463798523e-01,5.673915892839431763e-02
-1.695906184613704681e-02,-1.245726272463798523e-01,5.673915892839431763e-02
-1.683156006038188934e-02,-1.249381676316261292e-01,5.708362534642219543e-02
-1.683156006038188934e-02,-1.249381676316261292e-01,5.708362534642219543e-02
-1.670415513217449188e-02,-1.253026872873306274e-01,5.742876604199409485e-02
-1.670415513217449188e-02,-1.253026872873306274e-01,5.742876604199409485e-02
-1.657685264945030212e-02,-1.256661415100097656e-01,5.777456238865852356e-02
-1.657685264945030212e-02,-1.256661415100097656e-01,5.777456238865852356e-02
-1.644964516162872314e-02,-1.260285526514053345e-01,5.812102928757667542e-02
-1.644964516162872314e-02,-1.260285526514053345e-01,5.812102928757667542e-02
-1.632254384458065033e-02,-1.263899058103561401e-01,5.846814438700675964e-02
-1.632254384458065033e-02,-1.263899058103561401e-01,5.846814438700675964e-02
-1.619554869830608368e-02,-1.267502009868621826e-01,5.881591141223907471e-02
-1.619554869830608368e-02,-1.267502009868621826e-01,5.881591141223907471e-02
-1.606865599751472473e-02,-1.271094530820846558e-01,5.916433408856391907e-02
-1.606865599751472473e-02,-1.271094530820846558e-01,5.916433408856391907e-02
-1.594186760485172272e-02,-1.274676173925399780e-01,5.951339751482009888e-02
-1.594186760485172272e-02,-1.274676173925399780e-01,5.951339751482009888e-02
-1.581519097089767456e-02,-1.278247386217117310e-01,5.986310914158821106e-02
-1.581519097089767456e-02,-1.278247386217117310e-01,5.986310914158821106e-02
-1.568862423300743103e-02,-1.281808167695999146e-01,6.021345779299736023e-02
-1.568862423300743103e-02,-1.281808167695999146e-01,6.021345779299736023e-02
-1.556217111647129059e-02,-1.285358071327209473e-01,6.056443974375724792e-02
-1.556217111647129059e-02,-1.285358071327209473e-01,6.056443974375724792e-02
-1.543582789599895477e-02,-1.288897395133972168e-01,6.091605871915817261e-02
-1.543582789599895477e-02,-1.288897395133972168e-01,6.091605871915817261e-02
-1.530960109084844589e-02,-1.292425990104675293e-01,6.126830726861953735e-02
-1.530960109084844589e-02,-1.292425990104675293e-01,6.126830726861953735e-02
-1.518348883837461472e-02,-1.295943856239318848e-01,6.162117794156074524e-02
-1.518348883837461472e-02,-1.295943856239318848e-01,6.162117794156074524e-02
-1.505749672651290894e-02,-1.299451142549514771e-01,6.197467073798179626e-02
-1.505749672651290894e-02,-1.299451142549514771e-01,6.197467073798179626e-02
-1.493162196129560471e-02,-1.302947700023651123e-01,6.232878193259239197e-02
-1.493162196129560471e-02,-1.302947700023651123e-01,6.232878193259239197e-02
-1.480587106198072433e-02,-1.306433379650115967e-01,6.268351525068283081e-02
-1.480587106198072433e-02,-1.306433379650115967e-01,6.268351525068283081e-02
-1.468024030327796936e-02,-1.309908181428909302e-01,6.303885579109191895e-02
-1.468024030327796936e-02,-1.309908181428909302e-01,6.303885579109191895e-02
-1.455473620444536209e-02,-1.313372701406478882e-01,6.339479237794876099e-02
-1.455473620444536209e-02,-1.313372701406478882e-01,6.339479237794876099e-02
-1.442935783416032791e-02,-1.316825896501541138e-01,6.375134736299514771e-02
-1.442935783416032791e-02,-1.316825896501541138e-01,6.375134736299514771e-02
-1.430410239845514297e-02,-1.320268362760543823e-01,6.410850584506988525e-02
-1.430410239845514297e-02,-1.320268362760543823e-01,6.410850584506988525e-02
-1.417898293584585190e-02,-1.323700100183486938e-01,6.446625292301177979e-02
-1.417898293584585190e-02,-1.323700100183486938e-01,6.446625292301177979e-02
-1.405399013310670853e-02,-1.327120959758758545e-01,6.482460349798202515e-02
-1.405399013310670853e-02,-1.327120959758758545e-01,6.482460349798202515e-02
-1.392912678420543671e-02,-1.330530643463134766e-01,6.518354266881942749e-02
-1.392912678420543671e-02,-1.330530643463134766e-01,6.518354266881942749e-02
-1.380440220236778259e-02,-1.333929747343063354e-01,6.554306298494338989e-02
-1.380440220236778259e-02,-1.333929747343063354e-01,6.554306298494338989e-02
-1.367980986833572388e-02,-1.337317675352096558e-01,6.590317189693450928e-02
-1.367980986833572388e-02,-1.337317675352096558e-01,6.590317189693450928e-02
-1.355535443872213364e-02,-1.340694725513458252e-01,6.626385450363159180e-02
-1.355535443872213364e-02,-1.340694725513458252e-01,6.626385450363159180e-02
-1.343103870749473572e-02,-1.344060897827148438e-01,6.662511825561523438e-02
-1.343103870749473572e-02,-1.344060897827148438e-01,6.662511825561523438e-02
-1.330686267465353012e-02,-1.347415894269943237e-01,6.698697060346603394e-02
-1.330686267465353012e-02,-1.347415894269943237e-01,6.698697060346603394e-02
-1.318282634019851685e-02,-1.350760012865066528e-01,6.734936684370040894e-02
-1.318282634019851685e-02,-1.350760012865066528e-01,6.734936684370040894e-02
-1.305893249809741974e-02,-1.354093104600906372e-01,6.771235167980194092e-02
-1.305893249809741974e-02,-1.354093104600906372e-01,6.771235167980194092e-02
-1.293518766760826111e-02,-1.357415020465850830e-01,6.807589530944824219e-02
-1.293518766760826111e-02,-1.357415020465850830e-01,6.807589530944824219e-02
-1.281158626079559326e-02,-1.360726207494735718e-01,6.843999028205871582e-02
-1.281158626079559326e-02,-1.360726207494735718e-01,6.843999028205871582e-02
-1.268813107162714005e-02,-1.364026069641113281e-01,6.880464404821395874e-02
-1.268813107162714005e-02,-1.364026069641113281e-01,6.880464404821395874e-02
-1.256482861936092377e-02,-1.367314755916595459e-01,6.916985660791397095e-02
-1.256482861936092377e-02,-1.367314755916595459e-01,6.916985660791397095e-02
-1.244167331606149673e-02,-1.370592415332794189e-01,6.953562051057815552e-02
-1.244167331606149673e-02,-1.370592415332794189e-01,6.953562051057815552e-02
-1.231867168098688126e-02,-1.373859047889709473e-01,6.990192830562591553e-02
-1.231867168098688126e-02,-1.373859047889709473e-01,6.990192830562591553e-02
-1.219582650810480118e-02,-1.377114355564117432e-01,7.026876509189605713e-02
-1.219582650810480118e-02,-1.377114355564117432e-01,7.026876509189605713e-02
-1.207313407212495804e-02,-1.380358785390853882e-01,7.063616067171096802e-02
-1.207313407212495804e-02,-1.380358785390853882e-01,7.063616067171096802e-02
-1.195059996098279953e-02,-1.383591592311859131e-01,7.100407779216766357e-02
-1.195059996098279953e-02,-1.383591592311859131e-01,7.100407779216766357e-02
-1.182822324335575104e-02,-1.386813372373580933e-01,7.137253135442733765e-02
-1.182822324335575104e-02,-1.386813372373580933e-01,7.137253135442733765e-02
-1.170600950717926025e-02,-1.390023827552795410e-01,7.174151390790939331e-02
-1.170600950717926025e-02,-1.390023827552795410e-01,7.174151390790939331e-02
-1.158395316451787949e-02,-1.393223106861114502e-01,7.211102545261383057e-02
-1.158395316451787949e-02,-1.393223106861114502e-01,7.211102545261383057e-02
-1.146206352859735489e-02,-1.396411061286926270e-01,7.248105853796005249e-02
-1.146206352859735489e-02,-1.396411061286926270e-01,7.248105853796005249e-02
-1.134034059941768646e-02,-1.399587690830230713e-01,7.285160571336746216e-02
-1.134034059941768646e-02,-1.399587690830230713e-01,7.285160571336746216e-02
-1.121878065168857574e-02,-1.402752995491027832e-01,7.322266697883605957e-02
-1.121878065168857574e-02,-1.402752995491027832e-01,7.322266697883605957e-02
-1.109739020466804504e-02,-1.405907273292541504e-01,7.359424233436584473e-02
-1.109739020466804504e-02,-1.405907273292541504e-01,7.359424233436584473e-02
-1.097616925835609436e-02,-1.409049779176712036e-01,7.396633177995681763e-02
-1.097616925835609436e-02,-1.409049779176712036e-01,7.396633177995681763e-02
-1.085512060672044754e-02,-1.412180960178375244e-01,7.433891296386718750e-02
-1.085512060672044754e-02,-1.412180960178375244e-01,7.433891296386718750e-02
-1.073424331843852997e-02,-1.415300965309143066e-01,7.471200078725814819e-02
-1.073424331843852997e-02,-1.415300965309143066e-01,7.471200078725814819e-02
-1.061354205012321472e-02,-1.418409496545791626e-01,7.508558779954910278e-02
-1.061354205012321472e-02,-1.418409496545791626e-01,7.508558779954910278e-02
-1.049301587045192719e-02,-1.421506553888320923e-01,7.545968145132064819e-02
-1.049301587045192719e-02,-1.421506553888320923e-01,7.545968145132064819e-02
-1.037266664206981659e-02,-1.424591988325119019e-01,7.583424448966979980e-02
-1.037266664206981659e-02,-1.424591988325119019e-01,7.583424448966979980e-02
-1.025249902158975601e-02,-1.427666246891021729e-01,7.620930671691894531e-02
-1.025249902158975601e-02,-1.427666246891021729e-01,7.620930671691894531e-02
-1.013250742107629776e-02,-1.430728882551193237e-01,7.658485323190689087e-02
-1.013250742107629776e-02,-1.430728882551193237e-01,7.658485323190689087e-02
-1.001270301640033722e-02,-1.433779895305633545e-01,7.696086913347244263e-02
-1.001270301640033722e-02,-1.433779895305633545e-01,7.696086913347244263e-02
-9.893078356981277466e-03,-1.436819434165954590e-01,7.733736932277679443e-02
-9.893078356981277466e-03,-1.436819434165954590e-01,7.733736932277679443e-02
-9.773640893399715424e-03,-1.439847499132156372e-01,7.771434634923934937e-02
-9.773640893399715424e-03,-1.439847499132156372e-01,7.771434634923934937e-02
-9.654391556978225708e-03,-1.442864090204238892e-01,7.809178531169891357e-02
-9.654391556978225708e-03,-1.442864090204238892e-01,7.809178531169891357e-02
-9.535327553749084473e-03,-1.445868909358978271e-01,7.846969366073608398e-02
-9.535327553749084473e-03,-1.445868909358978271e-01,7.846969366073608398e-02
-9.416457265615463257e-03,-1.448862254619598389e-01,7.884807139635086060e-02
-9.416457265615463257e-03,-1.448862254619598389e-01,7.884807139635086060e-02
-9.297776035964488983e-03,-1.451843827962875366e-01,7.922690361738204956e-02
-9.297776035964488983e-03,-1.451843827962875366e-01,7.922690361738204956e-02
-9.179287590086460114e-03,-1.454813778400421143e-01,7.960619777441024780e-02
-9.179287590086460114e-03,-1.454813778400421143e-01,7.960619777441024780e-02
-9.060996584594249725e-03,-1.457772254943847656e-01,7.998593896627426147e-02
-9.060996584594249725e-03,-1.457772254943847656e-01,7.998593896627426147e-02
-8.942901156842708588e-03,-1.460718959569931030e-01,8.036612719297409058e-02
-8.942901156842708588e-03,-1.460718959569931030e-01,8.036612719297409058e-02
-8.825001306831836700e-03,-1.463653743267059326e-01,8.074676990509033203e-02
-8.825001306831836700e-03,-1.463653743267059326e-01,8.074676990509033203e-02
-8.707302622497081757e-03,-1.466576904058456421e-01,8.112785220146179199e-02
-8.707302622497081757e-03,-1.466576904058456421e-01,8.112785220146179199e-02
-8.589804172515869141e-03,-1.469488590955734253e-01,8.150936663150787354e-02
-8.589804172515869141e-03,-1.469488590955734253e-01,8.150936663150787354e-02
-8.472511544823646545e-03,-1.472388058900833130e-01,8.189132064580917358e-02
-8.472511544823646545e-03,-1.472388058900833130e-01,8.189132064580917358e-02
-8.355418220162391663e-03,-1.475276201963424683e-01,8.227370679378509521e-02
-8.355418220162391663e-03,-1.475276201963424683e-01,8.227370679378509521e-02
-8.238534443080425262e-03,-1.478152424097061157e-01,8.265651762485504150e-02
-8.238534443080425262e-03,-1.478152424097061157e-01,8.265651762485504150e-02
-8.121854625642299652e-03,-1.481016725301742554e-01,8.303976058959960938e-02
-8.121854625642299652e-03,-1.481016725301742554e-01,8.303976058959960938e-02
-8.005388081073760986e-03,-1.483869254589080811e-01,8.342342078685760498e-02
-8.005388081073760986e-03,-1.483869254589080811e-01,8.342342078685760498e-02
-7.889129221439361572e-03,-1.486709713935852051e-01,8.380749821662902832e-02
-7.889129221439361572e-03,-1.486709713935852051e-01,8.380749821662902832e-02
-7.773083169013261795e-03,-1.489538550376892090e-01,8.419200032949447632e-02
-7.773083169013261795e-03,-1.489538550376892090e-01,8.419200032949447632e-02
-7.657249458134174347e-03,-1.492355316877365112e-01,8.457691222429275513e-02
-7.657249458134174347e-03,-1.492355316877365112e-01,8.457691222429275513e-02
-7.541632279753684998e-03,-1.495160162448883057e-01,8.496221899986267090e-02
-7.541632279753684998e-03,-1.495160162448883057e-01,8.496221899986267090e-02
-7.426229771226644516e-03,-1.497953385114669800e-01,8.534793555736541748e-02
-7.426229771226644516e-03,-1.497953385114669800e-01,8.534793555736541748e-02
-7.311049383133649826e-03,-1.500734388828277588e-01,8.573405444622039795e-02
-7.311049383133649826e-03,-1.500734388828277588e-01,8.573405444622039795e-02
-7.196085527539253235e-03,-1.503503471612930298e-01,8.612056821584701538e-02
-7.196085527539253235e-03,-1.503503471612930298e-01,8.612056821584701538e-02
-7.081344723701477051e-03,-1.506260633468627930e-01,8.650748431682586670e-02
-7.081344723701477051e-03,-1.506260633468627930e-01,8.650748431682586670e-02
-6.966823246330022812e-03,-1.509005576372146606e-01,8.689478784799575806e-02
-6.966823246330022812e-03,-1.509005576372146606e-01,8.689478784799575806e-02
-6.852529477328062057e-03,-1.511738598346710205e-01,8.728247880935668945e-02
-6.852529477328062057e-03,-1.511738598346710205e-01,8.728247880935668945e-02
-6.738465279340744019e-03,-1.514459550380706787e-01,8.767053484916687012e-02
-6.738465279340744019e-03,-1.514459550380706787e-01,8.767053484916687012e-02
-6.624623667448759079e-03,-1.517168432474136353e-01,8.805899322032928467e-02
-6.624623667448759079e-03,-1.517168432474136353e-01,8.805899322032928467e-02
-6.511010229587554932e-03,-1.519865393638610840e-01,8.844782412052154541e-02
-6.511010229587554932e-03,-1.519865393638610840e-01,8.844782412052154541e-02
-6.397632881999015808e-03,-1.522550135850906372e-01,8.883702754974365234e-02
-6.397632881999015808e-03,-1.522550135850906372e-01,8.883702754974365234e-02
-6.284485105425119400e-03,-1.525222659111022949e-01,8.922659605741500854e-02
-6.284485105425119400e-03,-1.525222659111022949e-01,8.922659605741500854e-02
-6.171567831188440323e-03,-1.527882963418960571e-01,8.961653709411621094e-02
-6.171567831188440323e-03,-1.527882963418960571e-01,8.961653709411621094e-02
-6.058894097805023193e-03,-1.530531197786331177e-01,9.000683575868606567e-02
-6.058894097805023193e-03,-1.530531197786331177e-01,9.000683575868606567e-02
-5.946452263742685318e-03,-1.533167362213134766e-01,9.039749205112457275e-02
-5.946452263742685318e-03,-1.533167362213134766e-01,9.039749205112457275e-02
-5.834248848259449005e-03,-1.535791009664535522e-01,9.078851342201232910e-02
-5.834248848259449005e-03,-1.535791009664535522e-01,9.078851342201232910e-02
-5.722287110984325409e-03,-1.538402736186981201e-01,9.117988497018814087e-02
-5.722287110984325409e-03,-1.538402736186981201e-01,9.117988497018814087e-02
-5.610565654933452606e-03,-1.541002243757247925e-01,9.157159924507141113e-02
-5.610565654933452606e-03,-1.541002243757247925e-01,9.157159924507141113e-02
-5.499091465026140213e-03,-1.543589383363723755e-01,9.196366369724273682e-02
-5.499091465026140213e-03,-1.543589383363723755e-01,9.196366369724273682e-02
-5.387855693697929382e-03,-1.546164155006408691e-01,9.235606342554092407e-02
-5.387855693697929382e-03,-1.546164155006408691e-01,9.235606342554092407e-02
-5.276870448142290115e-03,-1.548726856708526611e-01,9.274880588054656982e-02
-5.276870448142290115e-03,-1.548726856708526611e-01,9.274880588054656982e-02
-5.166131537407636642e-03,-1.551277190446853638e-01,9.314189106225967407e-02
-5.166131537407636642e-03,-1.551277190446853638e-01,9.314189106225967407e-02
-5.055646877735853195e-03,-1.553815007209777832e-01,9.353529661893844604e-02
-5.055646877735853195e-03,-1.553815007209777832e-01,9.353529661893844604e-02
-4.945410415530204773e-03,-1.556340456008911133e-01,9.392904490232467651e-02
-4.945410415530204773e-03,-1.556340456008911133e-01,9.392904490232467651e-02
-4.835426807403564453e-03,-1.558853536844253540e-01,9.432310611009597778e-02
-4.835426807403564453e-03,-1.558853536844253540e-01,9.432310611009597778e-02
-4.725695122033357620e-03,-1.561354398727416992e-01,9.471749514341354370e-02
-4.725695122033357620e-03,-1.561354398727416992e-01,9.471749514341354370e-02
-4.616222810000181198e-03,-1.563842743635177612e-01,9.511219710111618042e-02
-4.616222810000181198e-03,-1.563842743635177612e-01,9.511219710111618042e-02
-4.507005214691162109e-03,-1.566318571567535400e-01,9.550721943378448486e-02
-4.507005214691162109e-03,-1.566318571567535400e-01,9.550721943378448486e-02
-4.398049321025609970e-03,-1.568781882524490356e-01,9.590254724025726318e-02
-4.398049321025609970e-03,-1.568781882524490356e-01,9.590254724025726318e-02
-4.289350938051939011e-03,-1.571233123540878296e-01,9.629818797111511230e-02
-4.289350938051939011e-03,-1.571233123540878296e-01,9.629818797111511230e-02
-4.180917050689458847e-03,-1.573671400547027588e-01,9.669413417577743530e-02
-4.180917050689458847e-03,-1.573671400547027588e-01,9.669413417577743530e-02
-4.072747193276882172e-03,-1.576097309589385986e-01,9.709036350250244141e-02
-4.072747193276882172e-03,-1.576097309589385986e-01,9.709036350250244141e-02
-3.964841365814208984e-03,-1.578510999679565430e-01,9.748690575361251831e-02
-3.964841365814208984e-03,-1.578510999679565430e-01,9.748690575361251831e-02
-3.857205156236886978e-03,-1.580911576747894287e-01,9.788373857736587524e-02
-3.857205156236886978e-03,-1.580911576747894287e-01,9.788373857736587524e-02
-3.749831812456250191e-03,-1.583299934864044189e-01,9.828086942434310913e-02
-3.749831812456250191e-03,-1.583299934864044189e-01,9.828086942434310913e-02
-3.642733441665768623e-03,-1.585675626993179321e-01,9.867827594280242920e-02
-3.642733441665768623e-03,-1.585675626993179321e-01,9.867827594280242920e-02
-3.535904921591281891e-03,-1.588038653135299683e-01,9.907598048448562622e-02
-3.535904921591281891e-03,-1.588038653135299683e-01,9.907598048448562622e-02
-3.429349977523088455e-03,-1.590389013290405273e-01,9.947394579648971558e-02
-3.429349977523088455e-03,-1.590389013290405273e-01,9.947394579648971558e-02
-3.323067678138613701e-03,-1.592727005481719971e-01,9.987219423055648804e-02
-3.323067678138613701e-03,-1.592727005481719971e-01,9.987219423055648804e-02
-3.217063378542661667e-03,-1.595052033662796021e-01,1.002707257866859436e-01
-3.217063378542661667e-03,-1.595052033662796021e-01,1.002707257866859436e-01
-3.111338010057806969e-03,-1.597364544868469238e-01,1.006695181131362915e-01
-3.111338010057806969e-03,-1.597364544868469238e-01,1.006695181131362915e-01
-3.005889477208256721e-03,-1.599664390087127686e-01,1.010685712099075317e-01
-3.005889477208256721e-03,-1.599664390087127686e-01,1.010685712099075317e-01
-2.900725929066538811e-03,-1.601951271295547485e-01,1.014678850769996643e-01
-2.900725929066538811e-03,-1.601951271295547485e-01,1.014678850769996643e-01
-2.795840380713343620e-03,-1.604225635528564453e-01,1.018674820661544800e-01
-2.795840380713343620e-03,-1.604225635528564453e-01,1.018674820661544800e-01
-2.691242145374417305e-03,-1.606487035751342773e-01,1.022673174738883972e-01
-2.691242145374417305e-03,-1.606487035751342773e-01,1.022673174738883972e-01
-2.586930058896541595e-03,-1.608735620975494385e-01,1.026674062013626099e-01
-2.586930058896541595e-03,-1.608735620975494385e-01,1.026674062013626099e-01
-2.482902258634567261e-03,-1.610971689224243164e-01,1.030677482485771179e-01
-2.482902258634567261e-03,-1.610971689224243164e-01,1.030677482485771179e-01
-2.379165031015872955e-03,-1.613194793462753296e-01,1.034683287143707275e-01
-2.379165031015872955e-03,-1.613194793462753296e-01,1.034683287143707275e-01
-2.275718841701745987e-03,-1.615404933691024780e-01,1.038691624999046326e-01
-2.275718841701745987e-03,-1.615404933691024780e-01,1.038691624999046326e-01
-2.172561362385749817e-03,-1.617602556943893433e-01,1.042702123522758484e-01
-2.172561362385749817e-03,-1.617602556943893433e-01,1.042702123522758484e-01
-2.069701673462986946e-03,-1.619786769151687622e-01,1.046715155243873596e-01
-2.069701673462986946e-03,-1.619786769151687622e-01,1.046715155243873596e-01
-1.967135118320584297e-03,-1.621958464384078979e-01,1.050730571150779724e-01
-1.967135118320584297e-03,-1.621958464384078979e-01,1.050730571150779724e-01
-1.864862628281116486e-03,-1.624117344617843628e-01,1.054748073220252991e-01
-1.864862628281116486e-03,-1.624117344617843628e-01,1.054748073220252991e-01
-1.762890256941318512e-03,-1.626262813806533813e-01,1.058767884969711304e-01
-1.762890256941318512e-03,-1.626262813806533813e-01,1.058767884969711304e-01
-1.661220449022948742e-03,-1.628395617008209229e-01,1.062790006399154663e-01
-1.661220449022948742e-03,-1.628395617008209229e-01,1.062790006399154663e-01
-1.559847267344594002e-03,-1.630515456199645996e-01,1.066814213991165161e-01
-1.559847267344594002e-03,-1.630515456199645996e-01,1.066814213991165161e-01
-1.458781422115862370e-03,-1.632622182369232178e-01,1.070840582251548767e-01
-1.458781422115862370e-03,-1.632622182369232178e-01,1.070840582251548767e-01
-1.358018373139202595e-03,-1.634715944528579712e-01,1.074869036674499512e-01
-1.358018373139202595e-03,-1.634715944528579712e-01,1.074869036674499512e-01
-1.257562893442809582e-03,-1.636796593666076660e-01,1.078899577260017395e-01
-1.257562893442809582e-03,-1.636796593666076660e-01,1.078899577260017395e-01
-1.157411374151706696e-03,-1.638864427804946899e-01,1.082932353019714355e-01
-1.157411374151706696e-03,-1.638864427804946899e-01,1.082932353019714355e-01
-1.057571964338421822e-03,-1.640918850898742676e-01,1.086966842412948608e-01
-1.057571964338421822e-03,-1.640918850898742676e-01,1.086966842412948608e-01
-9.580424521118402481e-04,-1.642960608005523682e-01,1.091003417968750000e-01
-9.580424521118402481e-04,-1.642960608005523682e-01,1.091003417968750000e-01
-8.588257478550076485e-04,-1.644988954067230225e-01,1.095041856169700623e-01
-8.588257478550076485e-04,-1.644988954067230225e-01,1.095041856169700623e-01
-7.599220261909067631e-04,-1.647004187107086182e-01,1.099082380533218384e-01
-7.599220261909067631e-04,-1.647004187107086182e-01,1.099082380533218384e-01
-6.613334990106523037e-04,-1.649006158113479614e-01,1.103124693036079407e-01
-6.613334990106523037e-04,-1.649006158113479614e-01,1.103124693036079407e-01
-5.630642408505082130e-04,-1.650995016098022461e-01,1.107168719172477722e-01
-5.630642408505082130e-04,-1.650995016098022461e-01,1.107168719172477722e-01
-4.651124181691557169e-04,-1.652971059083938599e-01,1.111214607954025269e-01
-4.651124181691557169e-04,-1.652971059083938599e-01,1.111214607954025269e-01
-3.674786712508648634e-04,-1.654933691024780273e-01,1.115262359380722046e-01
-3.674786712508648634e-04,-1.654933691024780273e-01,1.115262359380722046e-01
-2.701691410038620234e-04,-1.656882911920547485e-01,1.119311675429344177e-01
-2.701691410038620234e-04,-1.656882911920547485e-01,1.119311675429344177e-01
-1.731842785375192761e-04,-1.658818870782852173e-01,1.123362854123115540e-01
-1.731842785375192761e-04,-1.658818870782852173e-01,1.123362854123115540e-01
-7.652193016838282347e-05,-1.660741567611694336e-01,1.127415522933006287e-01
-7.652193016838282347e-05,-1.660741567611694336e-01,1.127415522933006287e-01
1.981548302865121514e-05,-1.662651002407073975e-01,1.131469979882240295e-01
1.981548302865121514e-05,-1.662651002407073975e-01,1.131469979882240295e-01
1.158233280875720084e-04,-1.664547473192214966e-01,1.135525852441787720e-01
1.158233280875720084e-04,-1.664547473192214966e-01,1.135525852441787720e-01
2.114998933393508196e-04,-1.666430085897445679e-01,1.139583438634872437e-01
2.114998933393508196e-04,-1.666430085897445679e-01,1.139583438634872437e-01
3.068466321565210819e-04,-1.668299883604049683e-01,1.143642514944076538e-01
3.068466321565210819e-04,-1.668299883604049683e-01,1.143642514944076538e-01
4.018613835796713829e-04,-1.670155823230743408e-01,1.147703006863594055e-01
4.018613835796713829e-04,-1.670155823230743408e-01,1.147703006863594055e-01
4.965399857610464096e-04,-1.671998649835586548e-01,1.151764988899230957e-01
4.965399857610464096e-04,-1.671998649835586548e-01,1.151764988899230957e-01
5.908852908760309219e-04,-1.673827916383743286e-01,1.155828312039375305e-01
5.908852908760309219e-04,-1.673827916383743286e-01,1.155828312039375305e-01
6.848922930657863617e-04,-1.675643920898437500e-01,1.159893199801445007e-01
6.848922930657863617e-04,-1.675643920898437500e-01,1.159893199801445007e-01
7.785600028000771999e-04,-1.677446514368057251e-01,1.163959354162216187e-01
7.785600028000771999e-04,-1.677446514368057251e-01,1.163959354162216187e-01
8.718861499801278114e-04,-1.679235547780990601e-01,1.168026775121688843e-01
8.718861499801278114e-04,-1.679235547780990601e-01,1.168026775121688843e-01
9.648705017752945423e-04,-1.681011170148849487e-01,1.172095537185668945e-01
9.648705017752945423e-04,-1.681011170148849487e-01,1.172095537185668945e-01
1.057511195540428162e-03,-1.682773083448410034e-01,1.176165491342544556e-01
1.057511195540428162e-03,-1.682773083448410034e-01,1.176165491342544556e-01
1.149809570051729679e-03,-1.684521734714508057e-01,1.180236712098121643e-01
1.149809570051729679e-03,-1.684521734714508057e-01,1.180236712098121643e-01
1.241755671799182892e-03,-1.686256676912307739e-01,1.184308975934982300e-01
1.241755671799182892e-03,-1.686256676912307739e-01,1.184308975934982300e-01
1.333356718532741070e-03,-1.687978208065032959e-01,1.188382506370544434e-01
1.333356718532741070e-03,-1.687978208065032959e-01,1.188382506370544434e-01
1.424607122316956520e-03,-1.689686030149459839e-01,1.192457154393196106e-01
1.424607122316956520e-03,-1.689686030149459839e-01,1.192457154393196106e-01
1.515505718998610973e-03,-1.691380292177200317e-01,1.196532696485519409e-01
1.515505718998610973e-03,-1.691380292177200317e-01,1.196532696485519409e-01
1.606053090654313564e-03,-1.693060994148254395e-01,1.200609430670738220e-01
1.606053090654313564e-03,-1.693060994148254395e-01,1.200609430670738220e-01
1.696244231425225735e-03,-1.694728136062622070e-01,1.204687207937240601e-01
1.696244231425225735e-03,-1.694728136062622070e-01,1.204687207937240601e-01
1.786081702448427677e-03,-1.696381270885467529e-01,1.208765879273414612e-01
1.786081702448427677e-03,-1.696381270885467529e-01,1.208765879273414612e-01
1.875556772574782372e-03,-1.698020994663238525e-01,1.212845370173454285e-01
1.875556772574782372e-03,-1.698020994663238525e-01,1.212845370173454285e-01
1.964675029739737511e-03,-1.699647158384323120e-01,1.216926053166389465e-01
1.964675029739737511e-03,-1.699647158384323120e-01,1.216926053166389465e-01
2.053433330729603767e-03,-1.701259315013885498e-01,1.221007406711578369e-01
2.053433330729603767e-03,-1.701259315013885498e-01,1.221007406711578369e-01
2.141827717423439026e-03,-1.702857911586761475e-01,1.225089728832244873e-01
2.141827717423439026e-03,-1.702857911586761475e-01,1.225089728832244873e-01
2.229857491329312325e-03,-1.704442650079727173e-01,1.229172572493553162e-01
2.229857491329312325e-03,-1.704442650079727173e-01,1.229172572493553162e-01
2.317522419616580009e-03,-1.706013679504394531e-01,1.233256384730339050e-01
2.317522419616580009e-03,-1.706013679504394531e-01,1.233256384730339050e-01
2.404821338132023811e-03,-1.707570999860763550e-01,1.237340867519378662e-01
2.404821338132023811e-03,-1.707570999860763550e-01,1.237340867519378662e-01
2.491748426109552383e-03,-1.709114313125610352e-01,1.241426020860671997e-01
2.491748426109552383e-03,-1.709114313125610352e-01,1.241426020860671997e-01
2.578308805823326111e-03,-1.710643917322158813e-01,1.245511844754219055e-01
2.578308805823326111e-03,-1.710643917322158813e-01,1.245511844754219055e-01
2.664495492354035378e-03,-1.712159812450408936e-01,1.249598413705825806e-01
2.664495492354035378e-03,-1.712159812450408936e-01,1.249598413705825806e-01
2.750308718532323837e-03,-1.713661551475524902e-01,1.253685504198074341e-01
2.750308718532323837e-03,-1.713661551475524902e-01,1.253685504198074341e-01
2.835746854543685913e-03,-1.715149730443954468e-01,1.257773041725158691e-01
2.835746854543685913e-03,-1.715149730443954468e-01,1.257773041725158691e-01
2.920808503404259682e-03,-1.716623753309249878e-01,1.261861175298690796e-01
2.920808503404259682e-03,-1.716623753309249878e-01,1.261861175298690796e-01
3.005491336807608604e-03,-1.718083918094635010e-01,1.265949755907058716e-01
3.005491336807608604e-03,-1.718083918094635010e-01,1.265949755907058716e-01
3.089795121923089027e-03,-1.719530075788497925e-01,1.270038932561874390e-01
3.089795121923089027e-03,-1.719530075788497925e-01,1.270038932561874390e-01
3.173718927428126335e-03,-1.720962524414062500e-01,1.274128407239913940e-01
3.173718927428126335e-03,-1.720962524414062500e-01,1.274128407239913940e-01
3.257258562371134758e-03,-1.722380518913269043e-01,1.278218179941177368e-01
3.257258562371134758e-03,-1.722380518913269043e-01,1.278218179941177368e-01
3.340410068631172180e-03,-1.723784953355789185e-01,1.282308399677276611e-01
3.340410068631172180e-03,-1.723784953355789185e-01,1.282308399677276611e-01
3.423183690756559372e-03,-1.725175231695175171e-01,1.286398917436599731e-01
3.423183690756559372e-03,-1.725175231695175171e-01,1.286398917436599731e-01
3.505563363432884216e-03,-1.726551502943038940e-01,1.290489733219146729e-01
3.505563363432884216e-03,-1.726551502943038940e-01,1.290489733219146729e-01
3.587556537240743637e-03,-1.727913469076156616e-01,1.294580847024917603e-01
3.587556537240743637e-03,-1.727913469076156616e-01,1.294580847024917603e-01
3.669155994430184364e-03,-1.729261577129364014e-01,1.298672109842300415e-01
3.669155994430184364e-03,-1.729261577129364014e-01,1.298672109842300415e-01
3.750366391614079475e-03,-1.730595529079437256e-01,1.302763521671295166e-01
3.750366391614079475e-03,-1.730595529079437256e-01,1.302763521671295166e-01
3.831181908026337624e-03,-1.731915324926376343e-01,1.306855082511901855e-01
3.831181908026337624e-03,-1.731915324926376343e-01,1.306855082511901855e-01
3.911600448191165924e-03,-1.733221113681793213e-01,1.310946792364120483e-01
3.911600448191165924e-03,-1.733221113681793213e-01,1.310946792364120483e-01
3.991625271737575531e-03,-1.734512597322463989e-01,1.315038353204727173e-01
3.991625271737575531e-03,-1.734512597322463989e-01,1.315038353204727173e-01
4.071248229593038559e-03,-1.735790073871612549e-01,1.319130212068557739e-01
4.071248229593038559e-03,-1.735790073871612549e-01,1.319130212068557739e-01
4.150474909693002701e-03,-1.737053394317626953e-01,1.323221921920776367e-01
4.150474909693002701e-03,-1.737053394317626953e-01,1.323221921920776367e-01
4.229297395795583725e-03,-1.738302260637283325e-01,1.327313780784606934e-01
4.229297395795583725e-03,-1.738302260637283325e-01,1.327313780784606934e-01
4.307717084884643555e-03,-1.739537119865417480e-01,1.331405490636825562e-01
4.307717084884643555e-03,-1.739537119865417480e-01,1.331405490636825562e-01
4.385729320347309113e-03,-1.740757524967193604e-01,1.335497051477432251e-01
4.385729320347309113e-03,-1.740757524967193604e-01,1.335497051477432251e-01
4.463340621441602707e-03,-1.741963773965835571e-01,1.339588463306427002e-01
4.463340621441602707e-03,-1.741963773965835571e-01,1.339588463306427002e-01
4.540537483990192413e-03,-1.743155568838119507e-01,1.343679726123809814e-01
4.540537483990192413e-03,-1.743155568838119507e-01,1.343679726123809814e-01
4.617329686880111694e-03,-1.744333207607269287e-01,1.347770690917968750e-01
4.617329686880111694e-03,-1.744333207607269287e-01,1.347770690917968750e-01
4.693710245192050934e-03,-1.745496541261672974e-01,1.351861655712127686e-01
4.693710245192050934e-03,-1.745496541261672974e-01,1.351861655712127686e-01
4.769675899296998978e-03,-1.746645271778106689e-01,1.355952173471450806e-01
4.769675899296998978e-03,-1.746645271778106689e-01,1.355952173471450806e-01
4.845228977501392365e-03,-1.747780144214630127e-01,1.360042244195938110e-01
4.845228977501392365e-03,-1.747780144214630127e-01,1.360042244195938110e-01
4.920364823192358017e-03,-1.748900264501571655e-01,1.364132165908813477e-01
4.920364823192358017e-03,-1.748900264501571655e-01,1.364132165908813477e-01
4.995086230337619781e-03,-1.750005930662155151e-01,1.368221640586853027e-01
4.995086230337619781e-03,-1.750005930662155151e-01,1.368221640586853027e-01
5.069384351372718811e-03,-1.751097142696380615e-01,1.372310817241668701e-01
5.069384351372718811e-03,-1.751097142696380615e-01,1.372310817241668701e-01
5.143267568200826645e-03,-1.752174198627471924e-01,1.376399397850036621e-01
5.143267568200826645e-03,-1.752174198627471924e-01,1.376399397850036621e-01
5.216724239289760590e-03,-1.753236502408981323e-01,1.380487531423568726e-01
5.216724239289760590e-03,-1.753236502408981323e-01,1.380487531423568726e-01
5.289759486913681030e-03,-1.754284501075744629e-01,1.384575217962265015e-01
5.289759486913681030e-03,-1.754284501075744629e-01,1.384575217962265015e-01
5.362368654459714890e-03,-1.755317747592926025e-01,1.388662308454513550e-01
5.362368654459714890e-03,-1.755317747592926025e-01,1.388662308454513550e-01
5.434553604573011398e-03,-1.756336987018585205e-01,1.392748802900314331e-01
5.434553604573011398e-03,-1.756336987018585205e-01,1.392748802900314331e-01
5.506306886672973633e-03,-1.757341176271438599e-01,1.396834701299667358e-01
5.506306886672973633e-03,-1.757341176271438599e-01,1.396834701299667358e-01
5.577628966420888901e-03,-1.758330762386322021e-01,1.400919854640960693e-01
5.577628966420888901e-03,-1.758330762386322021e-01,1.400919854640960693e-01
5.648519843816757202e-03,-1.759305894374847412e-01,1.405004411935806274e-01
5.648519843816757202e-03,-1.759305894374847412e-01,1.405004411935806274e-01
5.718981847167015076e-03,-1.760266870260238647e-01,1.409088075160980225e-01
5.718981847167015076e-03,-1.760266870260238647e-01,1.409088075160980225e-01
5.789007060229778290e-03,-1.761212795972824097e-01,1.413171291351318359e-01
5.789007060229778290e-03,-1.761212795972824097e-01,1.413171291351318359e-01
5.858595948666334152e-03,-1.762143969535827637e-01,1.417253464460372925e-01
5.858595948666334152e-03,-1.762143969535827637e-01,1.417253464460372925e-01
5.927746649831533432e-03,-1.763060837984085083e-01,1.421334892511367798e-01
5.927746649831533432e-03,-1.763060837984085083e-01,1.421334892511367798e-01
5.996460560709238052e-03,-1.763962656259536743e-01,1.425415575504302979e-01
5.996460560709238052e-03,-1.763962656259536743e-01,1.425415575504302979e-01
6.064730696380138397e-03,-1.764850169420242310e-01,1.429495364427566528e-01
6.064730696380138397e-03,-1.764850169420242310e-01,1.429495364427566528e-01
6.132558453828096390e-03,-1.765722632408142090e-01,1.433573961257934570e-01
6.132558453828096390e-03,-1.765722632408142090e-01,1.433573961257934570e-01
6.199942436069250107e-03,-1.766580641269683838e-01,1.437651813030242920e-01
6.199942436069250107e-03,-1.766580641269683838e-01,1.437651813030242920e-01
6.266882177442312241e-03,-1.767423748970031738e-01,1.441728472709655762e-01
6.266882177442312241e-03,-1.767423748970031738e-01,1.441728472709655762e-01
6.333374418318271637e-03,-1.768252104520797729e-01,1.445804089307785034e-01
6.333374418318271637e-03,-1.768252104520797729e-01,1.445804089307785034e-01
6.399417296051979065e-03,-1.769065558910369873e-01,1.449878811836242676e-01
6.399417296051979065e-03,-1.769065558910369873e-01,1.449878811836242676e-01
6.465010344982147217e-03,-1.769864410161972046e-01,1.453952342271804810e-01
6.465010344982147217e-03,-1.769864410161972046e-01,1.453952342271804810e-01
6.530150305479764938e-03,-1.770648062229156494e-01,1.458024829626083374e-01
6.530150305479764938e-03,-1.770648062229156494e-01,1.458024829626083374e-01
6.594839040189981461e-03,-1.771417260169982910e-01,1.462096124887466431e-01
6.594839040189981461e-03,-1.771417260169982910e-01,1.462096124887466431e-01
6.659072358161211014e-03,-1.772171258926391602e-01,1.466166228055953979e-01
6.659072358161211014e-03,-1.772171258926391602e-01,1.466166228055953979e-01
6.722848862409591675e-03,-1.772910654544830322e-01,1.470234990119934082e-01
6.722848862409591675e-03,-1.772910654544830322e-01,1.470234990119934082e-01
6.786165758967399597e-03,-1.773634999990463257e-01,1.474302411079406738e-01
6.786165758967399597e-03,-1.773634999990463257e-01,1.474302411079406738e-01
6.849022582173347473e-03,-1.774344444274902344e-01,1.478368639945983887e-01
6.849022582173347473e-03,-1.774344444274902344e-01,1.478368639945983887e-01
6.911419797688722610e-03,-1.775038838386535645e-01,1.482433527708053589e-01
6.911419797688722610e-03,-1.775038838386535645e-01,1.482433527708053589e-01
6.973354145884513855e-03,-1.775718480348587036e-01,1.486496925354003906e-01
6.973354145884513855e-03,-1.775718480348587036e-01,1.486496925354003906e-01
7.034822832792997360e-03,-1.776382774114608765e-01,1.490559130907058716e-01
7.034822832792997360e-03,-1.776382774114608765e-01,1.490559130907058716e-01
7.095827255398035049e-03,-1.777032613754272461e-01,1.494619548320770264e-01
7.095827255398035049e-03,-1.777032613754272461e-01,1.494619548320770264e-01
7.156364619731903076e-03,-1.777667105197906494e-01,1.498678773641586304e-01
7.156364619731903076e-03,-1.777667105197906494e-01,1.498678773641586304e-01
7.216431666165590286e-03,-1.778286397457122803e-01,1.502736359834671021e-01
7.216431666165590286e-03,-1.778286397457122803e-01,1.502736359834671021e-01
7.276028394699096680e-03,-1.778890788555145264e-01,1.506792306900024414e-01
7.276028394699096680e-03,-1.778890788555145264e-01,1.506792306900024414e-01
7.335151080042123795e-03,-1.779480129480361938e-01,1.510846912860870361e-01
7.335151080042123795e-03,-1.779480129480361938e-01,1.510846912860870361e-01
7.393802050501108170e-03,-1.780054420232772827e-01,1.514899581670761108e-01
7.393802050501108170e-03,-1.780054420232772827e-01,1.514899581670761108e-01
7.451978046447038651e-03,-1.780613511800765991e-01,1.518950909376144409e-01
7.451978046447038651e-03,-1.780613511800765991e-01,1.518950909376144409e-01
7.509677670896053314e-03,-1.781157404184341431e-01,1.523000448942184448e-01
7.509677670896053314e-03,-1.781157404184341431e-01,1.523000448942184448e-01
7.566895335912704468e-03,-1.781686097383499146e-01,1.527048200368881226e-01
7.566895335912704468e-03,-1.781686097383499146e-01,1.527048200368881226e-01
7.623633369803428650e-03,-1.782199740409851074e-01,1.531094014644622803e-01
7.623633369803428650e-03,-1.782199740409851074e-01,1.531094014644622803e-01
7.679893635213375092e-03,-1.782698184251785278e-01,1.535138338804244995e-01
7.679893635213375092e-03,-1.782698184251785278e-01,1.535138338804244995e-01
7.735668215900659561e-03,-1.783181130886077881e-01,1.539180725812911987e-01
7.735668215900659561e-03,-1.783181130886077881e-01,1.539180725812911987e-01
7.790958508849143982e-03,-1.783649325370788574e-01,1.543221175670623779e-01
7.790958508849143982e-03,-1.783649325370788574e-01,1.543221175670623779e-01
7.845764048397541046e-03,-1.784102022647857666e-01,1.547259837388992310e-01
7.845764048397541046e-03,-1.784102022647857666e-01,1.547259837388992310e-01
7.900076918303966522e-03,-1.784539222717285156e-01,1.551296561956405640e-01
7.900076918303966522e-03,-1.784539222717285156e-01,1.551296561956405640e-01
7.953903637826442719e-03,-1.784961223602294922e-01,1.555331200361251831e-01
7.953903637826442719e-03,-1.784961223602294922e-01,1.555331200361251831e-01
8.007238619029521942e-03,-1.785368174314498901e-01,1.559363901615142822e-01
8.007238619029521942e-03,-1.785368174314498901e-01,1.559363901615142822e-01
8.060082793235778809e-03,-1.785759627819061279e-01,1.563394516706466675e-01
8.060082793235778809e-03,-1.785759627819061279e-01,1.563394516706466675e-01
8.112431503832340240e-03,-1.786135733127593994e-01,1.567423194646835327e-01
8.112431503832340240e-03,-1.786135733127593994e-01,1.567423194646835327e-01
8.164283819496631622e-03,-1.786496490240097046e-01,1.571449637413024902e-01
8.164283819496631622e-03,-1.786496490240097046e-01,1.571449637413024902e-01
8.215639740228652954e-03,-1.786841750144958496e-01,1.575473994016647339e-01
8.215639740228652954e-03,-1.786841750144958496e-01,1.575473994016647339e-01
8.266495540738105774e-03,-1.787171810865402222e-01,1.579496264457702637e-01
8.266495540738105774e-03,-1.787171810865402222e-01,1.579496264457702637e-01
8.316850289702415466e-03,-1.787486225366592407e-01,1.583516150712966919e-01
8.316850289702415466e-03,-1.787486225366592407e-01,1.583516150712966919e-01
8.366703987121582031e-03,-1.787785142660140991e-01,1.587533801794052124e-01
8.366703987121582031e-03,-1.787785142660140991e-01,1.587533801794052124e-01
8.416054770350456238e-03,-1.788068562746047974e-01,1.591549217700958252e-01
8.416054770350456238e-03,-1.788068562746047974e-01,1.591549217700958252e-01
8.464901708066463470e-03,-1.788336634635925293e-01,1.595562398433685303e-01
8.464901708066463470e-03,-1.788336634635925293e-01,1.595562398433685303e-01
8.513240143656730652e-03,-1.788589507341384888e-01,1.599573194980621338e-01
8.513240143656730652e-03,-1.788589507341384888e-01,1.599573194980621338e-01
8.561071939766407013e-03,-1.788826435804367065e-01,1.603581607341766357e-01
8.561071939766407013e-03,-1.788826435804367065e-01,1.603581607341766357e-01
8.608391508460044861e-03,-1.789047867059707642e-01,1.607587486505508423e-01
8.608391508460044861e-03,-1.789047867059707642e-01,1.607587486505508423e-01
8.655197918415069580e-03,-1.789253801107406616e-01,1.611590981483459473e-01
8.655197918415069580e-03,-1.789253801107406616e-01,1.611590981483459473e-01
8.701495826244354248e-03,-1.789444237947463989e-01,1.615592092275619507e-01
8.701495826244354248e-03,-1.789444237947463989e-01,1.615592092275619507e-01
8.747275918722152710e-03,-1.789618730545043945e-01,1.619590669870376587e-01
8.747275918722152710e-03,-1.789618730545043945e-01,1.619590669870376587e-01
8.792544715106487274e-03,-1.789777874946594238e-01,1.623586565256118774e-01
8.792544715106487274e-03,-1.789777874946594238e-01,1.623586565256118774e-01
8.837291970849037170e-03,-1.789921373128890991e-01,1.627580076456069946e-01
8.837291970849037170e-03,-1.789921373128890991e-01,1.627580076456069946e-01
8.881520479917526245e-03,-1.790049076080322266e-01,1.631570607423782349e-01
8.881520479917526245e-03,-1.790049076080322266e-01,1.631570607423782349e-01
8.925229310989379883e-03,-1.790161430835723877e-01,1.635558754205703735e-01
8.925229310989379883e-03,-1.790161430835723877e-01,1.635558754205703735e-01
8.968413807451725006e-03,-1.790257692337036133e-01,1.639544069766998291e-01
8.968413807451725006e-03,-1.790257692337036133e-01,1.639544069766998291e-01
9.011072106659412384e-03,-1.790338307619094849e-01,1.643526852130889893e-01
9.011072106659412384e-03,-1.790338307619094849e-01,1.643526852130889893e-01
9.053210727870464325e-03,-1.790403425693511963e-01,1.647506654262542725e-01
9.053210727870464325e-03,-1.790403425693511963e-01,1.647506654262542725e-01
9.094819426536560059e-03,-1.790452301502227783e-01,1.651483774185180664e-01
9.094819426536560059e-03,-1.790452301502227783e-01,1.651483774185180664e-01
9.135898202657699585e-03,-1.790485978126525879e-01,1.655457913875579834e-01
9.135898202657699585e-03,-1.790485978126525879e-01,1.655457913875579834e-01
9.176449850201606750e-03,-1.790503561496734619e-01,1.659429222345352173e-01
9.176449850201606750e-03,-1.790503561496734619e-01,1.659429222345352173e-01
9.216466918587684631e-03,-1.790505349636077881e-01,1.663397848606109619e-01
9.216466918587684631e-03,-1.790505349636077881e-01,1.663397848606109619e-01
9.255951270461082458e-03,-1.790491193532943726e-01,1.667363345623016357e-01
9.255951270461082458e-03,-1.790491193532943726e-01,1.667363345623016357e-01
9.294901974499225616e-03,-1.790461242198944092e-01,1.671326011419296265e-01
9.294901974499225616e-03,-1.790461242198944092e-01,1.671326011419296265e-01
9.333314374089241028e-03,-1.790415495634078979e-01,1.675285547971725464e-01
9.333314374089241028e-03,-1.790415495634078979e-01,1.675285547971725464e-01
9.371190331876277924e-03,-1.790353804826736450e-01,1.679242253303527832e-01
9.371190331876277924e-03,-1.790353804826736450e-01,1.679242253303527832e-01
9.408527053892612457e-03,-1.790276169776916504e-01,1.683195680379867554e-01
9.408527053892612457e-03,-1.790276169776916504e-01,1.683195680379867554e-01
9.445320814847946167e-03,-1.790182739496231079e-01,1.687145829200744629e-01
9.445320814847946167e-03,-1.790182739496231079e-01,1.687145829200744629e-01
9.481570683419704437e-03,-1.790073066949844360e-01,1.691092997789382935e-01
9.481570683419704437e-03,-1.790073066949844360e-01,1.691092997789382935e-01
9.517276659607887268e-03,-1.789947748184204102e-01,1.695037037134170532e-01
9.517276659607887268e-03,-1.789947748184204102e-01,1.695037037134170532e-01
9.552442468702793121e-03,-1.789806336164474487e-01,1.698977947235107422e-01
9.552442468702793121e-03,-1.789806336164474487e-01,1.698977947235107422e-01
9.587055072188377380e-03,-1.789648830890655518e-01,1.702915430068969727e-01
9.587055072188377380e-03,-1.789648830890655518e-01,1.702915430068969727e-01
9.621120989322662354e-03,-1.789475530385971069e-01,1.706849932670593262e-01
9.621120989322662354e-03,-1.789475530385971069e-01,1.706849932670593262e-01
9.654633700847625732e-03,-1.789285987615585327e-01,1.710780858993530273e-01
9.654633700847625732e-03,-1.789285987615585327e-01,1.710780858993530273e-01
9.687595069408416748e-03,-1.789080202579498291e-01,1.714708507061004639e-01
9.687595069408416748e-03,-1.789080202579498291e-01,1.714708507061004639e-01
9.720002301037311554e-03,-1.788858473300933838e-01,1.718632578849792480e-01
9.720002301037311554e-03,-1.788858473300933838e-01,1.718632578849792480e-01
9.751857258379459381e-03,-1.788620650768280029e-01,1.722553521394729614e-01
9.751857258379459381e-03,-1.788620650768280029e-01,1.722553521394729614e-01
9.783153422176837921e-03,-1.788366883993148804e-01,1.726470887660980225e-01
9.783153422176837921e-03,-1.788366883993148804e-01,1.726470887660980225e-01
9.813888929784297943e-03,-1.788096725940704346e-01,1.730384677648544312e-01
9.813888929784297943e-03,-1.788096725940704346e-01,1.730384677648544312e-01
9.844068437814712524e-03,-1.787810623645782471e-01,1.734295189380645752e-01
9.844068437814712524e-03,-1.787810623645782471e-01,1.734295189380645752e-01
9.873682633042335510e-03,-1.787507981061935425e-01,1.738201826810836792e-01
9.873682633042335510e-03,-1.787507981061935425e-01,1.738201826810836792e-01
9.902738966047763824e-03,-1.787189394235610962e-01,1.742105185985565186e-01
9.902738966047763824e-03,-1.787189394235610962e-01,1.742105185985565186e-01
9.931224398314952850e-03,-1.786854416131973267e-01,1.746004521846771240e-01
9.931224398314952850e-03,-1.786854416131973267e-01,1.746004521846771240e-01
9.959147311747074127e-03,-1.786503493785858154e-01,1.749900430440902710e-01
9.959147311747074127e-03,-1.786503493785858154e-01,1.749900430440902710e-01
9.986503049731254578e-03,-1.786136180162429810e-01,1.753792911767959595e-01
9.986503049731254578e-03,-1.786136180162429810e-01,1.753792911767959595e-01
1.001328509300947189e-02,-1.785752326250076294e-01,1.757681220769882202e-01
1.001328509300947189e-02,-1.785752326250076294e-01,1.757681220769882202e-01
1.003949902951717377e-02,-1.785352528095245361e-01,1.761565804481506348e-01
1.003949902951717377e-02,-1.785352528095245361e-01,1.761565804481506348e-01
1.006514020264148712e-02,-1.784936189651489258e-01,1.765446960926055908e-01
1.006514020264148712e-02,-1.784936189651489258e-01,1.765446960926055908e-01
1.009020861238241196e-02,-1.784503459930419922e-01,1.769323945045471191e-01
1.009020861238241196e-02,-1.784503459930419922e-01,1.769323945045471191e-01
1.011469960212707520e-02,-1.784054636955261230e-01,1.773197203874588013e-01
1.011469960212707520e-02,-1.784054636955261230e-01,1.773197203874588013e-01
1.013861410319805145e-02,-1.783589124679565430e-01,1.777066439390182495e-01
1.013861410319805145e-02,-1.783589124679565430e-01,1.777066439390182495e-01
1.016194932162761688e-02,-1.783107370138168335e-01,1.780931800603866577e-01
1.016194932162761688e-02,-1.783107370138168335e-01,1.780931800603866577e-01
1.018470432609319687e-02,-1.782609373331069946e-01,1.784793287515640259e-01
1.018470432609319687e-02,-1.782609373331069946e-01,1.784793287515640259e-01
1.020687818527221680e-02,-1.782094836235046387e-01,1.788650602102279663e-01
1.020687818527221680e-02,-1.782094836235046387e-01,1.788650602102279663e-01
1.022846717387437820e-02,-1.781563609838485718e-01,1.792504042387008667e-01
1.022846717387437820e-02,-1.781563609838485718e-01,1.792504042387008667e-01
1.024947036057710648e-02,-1.781016141176223755e-01,1.796353310346603394e-01
1.024947036057710648e-02,-1.781016141176223755e-01,1.796353310346603394e-01
1.026988774538040161e-02,-1.780451983213424683e-01,1.800198405981063843e-01
1.026988774538040161e-02,-1.780451983213424683e-01,1.800198405981063843e-01
1.028971932828426361e-02,-1.779871582984924316e-01,1.804039478302001953e-01
1.028971932828426361e-02,-1.779871582984924316e-01,1.804039478302001953e-01
1.030895859003067017e-02,-1.779274344444274902e-01,1.807876378297805786e-01
1.030895859003067017e-02,-1.779274344444274902e-01,1.807876378297805786e-01
1.032760646194219589e-02,-1.778660863637924194e-01,1.811708807945251465e-01
1.032760646194219589e-02,-1.778660863637924194e-01,1.811708807945251465e-01
1.034566294401884079e-02,-1.778030693531036377e-01,1.815537363290786743e-01
1.034566294401884079e-02,-1.778030693531036377e-01,1.815537363290786743e-01
1.036312151700258255e-02,-1.777383834123611450e-01,1.819361299276351929e-01
1.036312151700258255e-02,-1.777383834123611450e-01,1.819361299276351929e-01
1.037998776882886887e-02,-1.776720434427261353e-01,1.823181062936782837e-01
1.037998776882886887e-02,-1.776720434427261353e-01,1.823181062936782837e-01
1.039625611156225204e-02,-1.776040345430374146e-01,1.826996654272079468e-01
1.039625611156225204e-02,-1.776040345430374146e-01,1.826996654272079468e-01
1.041192095726728439e-02,-1.775343716144561768e-01,1.830807477235794067e-01
1.041192095726728439e-02,-1.775343716144561768e-01,1.830807477235794067e-01
1.042698789387941360e-02,-1.774630397558212280e-01,1.834614127874374390e-01
1.042698789387941360e-02,-1.774630397558212280e-01,1.834614127874374390e-01
1.044145412743091583e-02,-1.773900240659713745e-01,1.838416308164596558e-01
1.044145412743091583e-02,-1.773900240659713745e-01,1.838416308164596558e-01
1.045531313866376877e-02,-1.773153692483901978e-01,1.842214018106460571e-01
1.045531313866376877e-02,-1.773153692483901978e-01,1.842214018106460571e-01
1.046857144683599472e-02,-1.772390156984329224e-01,1.846007257699966431e-01
1.046857144683599472e-02,-1.772390156984329224e-01,1.846007257699966431e-01
1.048121880739927292e-02,-1.771609932184219360e-01,1.849795728921890259e-01
1.048121880739927292e-02,-1.771609932184219360e-01,1.849795728921890259e-01
1.049326080828905106e-02,-1.770813018083572388e-01,1.853579729795455933e-01
1.049326080828905106e-02,-1.770813018083572388e-01,1.853579729795455933e-01
1.050469093024730682e-02,-1.769999265670776367e-01,1.857359111309051514e-01
1.050469093024730682e-02,-1.769999265670776367e-01,1.857359111309051514e-01
1.051550731062889099e-02,-1.769168674945831299e-01,1.861133575439453125e-01
1.051550731062889099e-02,-1.769168674945831299e-01,1.861133575439453125e-01
1.052570901811122894e-02,-1.768321245908737183e-01,1.864903718233108521e-01
1.052570901811122894e-02,-1.768321245908737183e-01,1.864903718233108521e-01
1.053530164062976837e-02,-1.767457127571105957e-01,1.868668943643569946e-01
1.053530164062976837e-02,-1.767457127571105957e-01,1.868668943643569946e-01
1.054427493363618851e-02,-1.766575723886489868e-01,1.872429400682449341e-01
1.054427493363618851e-02,-1.766575723886489868e-01,1.872429400682449341e-01
1.055262796580791473e-02,-1.765678077936172485e-01,1.876185089349746704e-01
1.055262796580791473e-02,-1.765678077936172485e-01,1.876185089349746704e-01
1.056036539375782013e-02,-1.764762997627258301e-01,1.879935860633850098e-01
1.056036539375782013e-02,-1.764762997627258301e-01,1.879935860633850098e-01
1.056748069822788239e-02,-1.763831228017807007e-01,1.883682012557983398e-01
1.056748069822788239e-02,-1.763831228017807007e-01,1.883682012557983398e-01
1.057397201657295227e-02,-1.762882620096206665e-01,1.887423098087310791e-01
1.057397201657295227e-02,-1.762882620096206665e-01,1.887423098087310791e-01
1.057983748614788055e-02,-1.761916875839233398e-01,1.891159117221832275e-01
1.057983748614788055e-02,-1.761916875839233398e-01,1.891159117221832275e-01
1.058507990092039108e-02,-1.760933995246887207e-01,1.894890218973159790e-01
1.058507990092039108e-02,-1.760933995246887207e-01,1.894890218973159790e-01
1.058969739824533463e-02,-1.759934574365615845e-01,1.898616552352905273e-01
1.058969739824533463e-02,-1.759934574365615845e-01,1.898616552352905273e-01
1.059368066489696503e-02,-1.758917868137359619e-01,1.902337521314620972e-01
1.059368066489696503e-02,-1.758917868137359619e-01,1.902337521314620972e-01
1.059703435748815536e-02,-1.757884174585342407e-01,1.906053572893142700e-01
1.059703435748815536e-02,-1.757884174585342407e-01,1.906053572893142700e-01
1.059975754469633102e-02,-1.756833493709564209e-01,1.909764409065246582e-01
1.059975754469633102e-02,-1.756833493709564209e-01,1.909764409065246582e-01
1.060184556990861893e-02,-1.755765676498413086e-01,1.913470327854156494e-01
1.060184556990861893e-02,-1.755765676498413086e-01,1.913470327854156494e-01
1.060329936444759369e-02,-1.754680424928665161e-01,1.917170733213424683e-01
1.060329936444759369e-02,-1.754680424928665161e-01,1.917170733213424683e-01
1.060411799699068069e-02,-1.753578633069992065e-01,1.920866221189498901e-01
1.060411799699068069e-02,-1.753578633069992065e-01,1.920866221189498901e-01
1.060429587960243225e-02,-1.752459406852722168e-01,1.924556195735931396e-01
1.060429587960243225e-02,-1.752459406852722168e-01,1.924556195735931396e-01
1.060383394360542297e-02,-1.751323044300079346e-01,1.928241103887557983e-01
1.060383394360542297e-02,-1.751323044300079346e-01,1.928241103887557983e-01
1.060273032635450363e-02,-1.750169694423675537e-01,1.931920498609542847e-01
1.060273032635450363e-02,-1.750169694423675537e-01,1.931920498609542847e-01
1.060098502784967422e-02,-1.748999059200286865e-01,1.935594826936721802e-01
1.060098502784967422e-02,-1.748999059200286865e-01,1.935594826936721802e-01
1.059859339147806168e-02,-1.747810989618301392e-01,1.939263492822647095e-01
1.059859339147806168e-02,-1.747810989618301392e-01,1.939263492822647095e-01
1.059555541723966599e-02,-1.746605783700942993e-01,1.942926943302154541e-01
1.059555541723966599e-02,-1.746605783700942993e-01,1.942926943302154541e-01
1.059187296777963638e-02,-1.745383292436599731e-01,1.946584731340408325e-01
1.059187296777963638e-02,-1.745383292436599731e-01,1.946584731340408325e-01
1.058754138648509979e-02,-1.744143664836883545e-01,1.950237154960632324e-01
1.058754138648509979e-02,-1.744143664836883545e-01,1.950237154960632324e-01
1.058255229145288467e-02,-1.742886751890182495e-01,1.953883916139602661e-01
1.058255229145288467e-02,-1.742886751890182495e-01,1.953883916139602661e-01
1.057691685855388641e-02,-1.741612553596496582e-01,1.957525312900543213e-01
1.057691685855388641e-02,-1.741612553596496582e-01,1.957525312900543213e-01
1.057062670588493347e-02,-1.740321069955825806e-01,1.961160898208618164e-01
1.057062670588493347e-02,-1.740321069955825806e-01,1.961160898208618164e-01
1.056367810815572739e-02,-1.739012002944946289e-01,1.964790970087051392e-01
1.056367810815572739e-02,-1.739012002944946289e-01,1.964790970087051392e-01
1.055607292801141739e-02,-1.737685948610305786e-01,1.968415528535842896e-01
1.055607292801141739e-02,-1.737685948610305786e-01,1.968415528535842896e-01
1.054780930280685425e-02,-1.736342310905456543e-01,1.972034126520156860e-01
1.054780930280685425e-02,-1.736342310905456543e-01,1.972034126520156860e-01
1.053888630121946335e-02,-1.734981089830398560e-01,1.975647211074829102e-01
1.053888630121946335e-02,-1.734981089830398560e-01,1.975647211074829102e-01
1.052929926663637161e-02,-1.733602583408355713e-01,1.979254335165023804e-01
1.052929926663637161e-02,-1.733602583408355713e-01,1.979254335165023804e-01
1.051905192434787750e-02,-1.732206940650939941e-01,1.982855647802352905e-01
1.051905192434787750e-02,-1.732206940650939941e-01,1.982855647802352905e-01
1.050813589245080948e-02,-1.730793416500091553e-01,1.986450999975204468e-01
1.050813589245080948e-02,-1.730793416500091553e-01,1.986450999975204468e-01
1.049655675888061523e-02,-1.729362457990646362e-01,1.990040689706802368e-01
1.049655675888061523e-02,-1.729362457990646362e-01,1.990040689706802368e-01
1.048430893570184708e-02,-1.727914214134216309e-01,1.993624716997146606e-01
1.048430893570184708e-02,-1.727914214134216309e-01,1.993624716997146606e-01
1.047138869762420654e-02,-1.726448237895965576e-01,1.997202485799789429e-01
1.047138869762420654e-02,-1.726448237895965576e-01,1.997202485799789429e-01
1.045779883861541748e-02,-1.724964976310729980e-01,2.000774294137954712e-01
1.045779883861541748e-02,-1.724964976310729980e-01,2.000774294137954712e-01
1.044353749603033066e-02,-1.723463982343673706e-01,2.004340291023254395e-01
1.044353749603033066e-02,-1.723463982343673706e-01,2.004340291023254395e-01
1.042860187590122223e-02,-1.721945255994796753e-01,2.007900029420852661e-01
1.042860187590122223e-02,-1.721945255994796753e-01,2.007900029420852661e-01
1.041298639029264450e-02,-1.720409393310546875e-01,2.011453658342361450e-01
1.041298639029264450e-02,-1.720409393310546875e-01,2.011453658342361450e-01
1.039669476449489594e-02,-1.718855649232864380e-01,2.015001326799392700e-01
1.039669476449489594e-02,-1.718855649232864380e-01,2.015001326799392700e-01
1.037972606718540192e-02,-1.717284172773361206e-01,2.018542587757110596e-01
1.037972606718540192e-02,-1.717284172773361206e-01,2.018542587757110596e-01
1.036207657307386398e-02,-1.715694963932037354e-01,2.022077888250350952e-01
1.036207657307386398e-02,-1.715694963932037354e-01,2.022077888250350952e-01
1.034374255686998367e-02,-1.714088469743728638e-01,2.025607079267501831e-01
1.034374255686998367e-02,-1.714088469743728638e-01,2.025607079267501831e-01
1.032472681254148483e-02,-1.712463945150375366e-01,2.029129862785339355e-01
1.032472681254148483e-02,-1.712463945150375366e-01,2.029129862785339355e-01
1.030502375215291977e-02,-1.710821837186813354e-01,2.032646238803863525e-01
1.030502375215291977e-02,-1.710821837186813354e-01,2.032646238803863525e-01
1.028463523834943771e-02,-1.709161996841430664e-01,2.036156356334686279e-01
1.028463523834943771e-02,-1.709161996841430664e-01,2.036156356334686279e-01
1.026355847716331482e-02,-1.707484424114227295e-01,2.039660513401031494e-01
1.026355847716331482e-02,-1.707484424114227295e-01,2.039660513401031494e-01
1.024178974330425262e-02,-1.705788820981979370e-01,2.043157666921615601e-01
1.024178974330425262e-02,-1.705788820981979370e-01,2.043157666921615601e-01
1.021933183073997498e-02,-1.704075783491134644e-01,2.046648710966110229e-01
1.021933183073997498e-02,-1.704075783491134644e-01,2.046648710966110229e-01
1.019617728888988495e-02,-1.702344715595245361e-01,2.050133198499679565e-01
1.019617728888988495e-02,-1.702344715595245361e-01,2.050133198499679565e-01
1.017233077436685562e-02,-1.700596064329147339e-01,2.053611278533935547e-01
1.017233077436685562e-02,-1.700596064329147339e-01,2.053611278533935547e-01
1.014778669923543930e-02,-1.698829382658004761e-01,2.057082802057266235e-01
1.014778669923543930e-02,-1.698829382658004761e-01,2.057082802057266235e-01
1.012254413217306137e-02,-1.697044819593429565e-01,2.060547918081283569e-01
1.012254413217306137e-02,-1.697044819593429565e-01,2.060547918081283569e-01
1.009660214185714722e-02,-1.695242375135421753e-01,2.064006030559539795e-01
1.009660214185714722e-02,-1.695242375135421753e-01,2.064006030559539795e-01
1.006996165961027145e-02,-1.693422347307205200e-01,2.067457884550094604e-01
1.006996165961027145e-02,-1.693422347307205200e-01,2.067457884550094604e-01
1.004261709749698639e-02,-1.691584140062332153e-01,2.070903033018112183e-01
1.004261709749698639e-02,-1.691584140062332153e-01,2.070903033018112183e-01
1.001456566154956818e-02,-1.689727902412414551e-01,2.074341326951980591e-01
1.001456566154956818e-02,-1.689727902412414551e-01,2.074341326951980591e-01
9.985811077058315277e-03,-1.687853634357452393e-01,2.077772915363311768e-01
9.985811077058315277e-03,-1.687853634357452393e-01,2.077772915363311768e-01
9.956348687410354614e-03,-1.685961633920669556e-01,2.081197798252105713e-01
9.956348687410354614e-03,-1.685961633920669556e-01,2.081197798252105713e-01
9.926175698637962341e-03,-1.684051454067230225e-01,2.084615826606750488e-01
9.926175698637962341e-03,-1.684051454067230225e-01,2.084615826606750488e-01
9.895293042063713074e-03,-1.682123392820358276e-01,2.088026851415634155e-01
9.895293042063713074e-03,-1.682123392820358276e-01,2.088026851415634155e-01
9.863701649010181427e-03,-1.680177301168441772e-01,2.091431170701980591e-01
9.863701649010181427e-03,-1.680177301168441772e-01,2.091431170701980591e-01
9.831393137574195862e-03,-1.678213030099868774e-01,2.094828635454177856e-01
9.831393137574195862e-03,-1.678213030099868774e-01,2.094828635454177856e-01
9.798373095691204071e-03,-1.676230728626251221e-01,2.098219096660614014e-01
9.798373095691204071e-03,-1.676230728626251221e-01,2.098219096660614014e-01
9.764631278812885284e-03,-1.674230247735977173e-01,2.101602554321289062e-01
9.764631278812885284e-03,-1.674230247735977173e-01,2.101602554321289062e-01
9.730171412229537964e-03,-1.672211736440658569e-01,2.104979008436203003e-01
9.730171412229537964e-03,-1.672211736440658569e-01,2.104979008436203003e-01
9.694995358586311340e-03,-1.670175045728683472e-01,2.108348459005355835e-01
9.694995358586311340e-03,-1.670175045728683472e-01,2.108348459005355835e-01
9.659095667302608490e-03,-1.668120175600051880e-01,2.111710757017135620e-01
9.659095667302608490e-03,-1.668120175600051880e-01,2.111710757017135620e-01
9.622473269701004028e-03,-1.666047275066375732e-01,2.115065902471542358e-01
9.622473269701004028e-03,-1.666047275066375732e-01,2.115065902471542358e-01
9.585126303136348724e-03,-1.663956195116043091e-01,2.118414193391799927e-01
9.585126303136348724e-03,-1.663956195116043091e-01,2.118414193391799927e-01
9.547053836286067963e-03,-1.661846488714218140e-01,2.121754884719848633e-01
9.547053836286067963e-03,-1.661846488714218140e-01,2.121754884719848633e-01
9.508253075182437897e-03,-1.659718900918960571e-01,2.125088721513748169e-01
9.508253075182437897e-03,-1.659718900918960571e-01,2.125088721513748169e-01
9.468724951148033142e-03,-1.657573282718658447e-01,2.128415107727050781e-01
9.468724951148033142e-03,-1.657573282718658447e-01,2.128415107727050781e-01
9.428461082279682159e-03,-1.655408889055252075e-01,2.131734192371368408e-01
9.428461082279682159e-03,-1.655408889055252075e-01,2.131734192371368408e-01
9.387469850480556488e-03,-1.653226613998413086e-01,2.135046124458312988e-01
9.387469850480556488e-03,-1.653226613998413086e-01,2.135046124458312988e-01
9.345741942524909973e-03,-1.651025712490081787e-01,2.138350456953048706e-01
9.345741942524909973e-03,-1.651025712490081787e-01,2.138350456953048706e-01
9.303277358412742615e-03,-1.648806631565093994e-01,2.141647487878799438e-01
9.303277358412742615e-03,-1.648806631565093994e-01,2.141647487878799438e-01
9.260077960789203644e-03,-1.646569222211837769e-01,2.144937068223953247e-01
9.260077960789203644e-03,-1.646569222211837769e-01,2.144937068223953247e-01
9.216138161718845367e-03,-1.644313484430313110e-01,2.148219197988510132e-01
9.216138161718845367e-03,-1.644313484430313110e-01,2.148219197988510132e-01
9.171459823846817017e-03,-1.642039269208908081e-01,2.151493877172470093e-01
9.171459823846817017e-03,-1.642039269208908081e-01,2.151493877172470093e-01
9.126039221882820129e-03,-1.639746725559234619e-01,2.154760956764221191e-01
9.126039221882820129e-03,-1.639746725559234619e-01,2.154760956764221191e-01
9.079873561859130859e-03,-1.637435555458068848e-01,2.158020734786987305e-01
9.079873561859130859e-03,-1.637435555458068848e-01,2.158020734786987305e-01
9.032964706420898438e-03,-1.635106205940246582e-01,2.161272466182708740e-01
9.032964706420898438e-03,-1.635106205940246582e-01,2.161272466182708740e-01
8.985307998955249786e-03,-1.632758229970932007e-01,2.164516746997833252e-01
8.985307998955249786e-03,-1.632758229970932007e-01,2.164516746997833252e-01
8.936906233429908752e-03,-1.630391925573348999e-01,2.167753577232360840e-01
8.936906233429908752e-03,-1.630391925573348999e-01,2.167753577232360840e-01
8.887750096619129181e-03,-1.628006994724273682e-01,2.170982509851455688e-01
8.887750096619129181e-03,-1.628006994724273682e-01,2.170982509851455688e-01
8.837844245135784149e-03,-1.625603437423706055e-01,2.174203693866729736e-01
8.837844245135784149e-03,-1.625603437423706055e-01,2.174203693866729736e-01
8.787187747657299042e-03,-1.623181402683258057e-01,2.177417129278182983e-01
8.787187747657299042e-03,-1.623181402683258057e-01,2.177417129278182983e-01
8.735775947570800781e-03,-1.620741039514541626e-01,2.180622667074203491e-01
8.735775947570800781e-03,-1.620741039514541626e-01,2.180622667074203491e-01
8.683606050908565521e-03,-1.618281900882720947e-01,2.183820456266403198e-01
8.683606050908565521e-03,-1.618281900882720947e-01,2.183820456266403198e-01
8.630681782960891724e-03,-1.615804135799407959e-01,2.187010347843170166e-01
8.630681782960891724e-03,-1.615804135799407959e-01,2.187010347843170166e-01
8.576997555792331696e-03,-1.613307595252990723e-01,2.190192192792892456e-01
8.576997555792331696e-03,-1.613307595252990723e-01,2.190192192792892456e-01
8.522549644112586975e-03,-1.610792726278305054e-01,2.193366289138793945e-01
8.522549644112586975e-03,-1.610792726278305054e-01,2.193366289138793945e-01
8.467341773211956024e-03,-1.608259081840515137e-01,2.196532487869262695e-01
8.467341773211956024e-03,-1.608259081840515137e-01,2.196532487869262695e-01
8.411372080445289612e-03,-1.605706810951232910e-01,2.199690490961074829e-01
8.411372080445289612e-03,-1.605706810951232910e-01,2.199690490961074829e-01
8.354634046554565430e-03,-1.603135764598846436e-01,2.202840596437454224e-01
8.354634046554565430e-03,-1.603135764598846436e-01,2.202840596437454224e-01
8.297129534184932709e-03,-1.600545942783355713e-01,2.205982357263565063e-01
8.297129534184932709e-03,-1.600545942783355713e-01,2.205982357263565063e-01
8.238857612013816833e-03,-1.597937643527984619e-01,2.209116220474243164e-01
8.238857612013816833e-03,-1.597937643527984619e-01,2.209116220474243164e-01
8.179817348718643188e-03,-1.595310419797897339e-01,2.212241739034652710e-01
8.179817348718643188e-03,-1.595310419797897339e-01,2.212241739034652710e-01
8.120001293718814850e-03,-1.592664420604705811e-01,2.215359359979629517e-01
8.120001293718814850e-03,-1.592664420604705811e-01,2.215359359979629517e-01
8.059415034949779510e-03,-1.589999496936798096e-01,2.218468338251113892e-01
8.059415034949779510e-03,-1.589999496936798096e-01,2.218468338251113892e-01
7.998052053153514862e-03,-1.587316095829010010e-01,2.221569418907165527e-01
7.998052053153514862e-03,-1.587316095829010010e-01,2.221569418907165527e-01
7.935916073620319366e-03,-1.584613472223281860e-01,2.224662005901336670e-01
7.935916073620319366e-03,-1.584613472223281860e-01,2.224662005901336670e-01
7.872999645769596100e-03,-1.581892073154449463e-01,2.227746248245239258e-01
7.872999645769596100e-03,-1.581892073154449463e-01,2.227746248245239258e-01
7.809306029230356216e-03,-1.579152047634124756e-01,2.230822294950485229e-01
7.809306029230356216e-03,-1.579152047634124756e-01,2.230822294950485229e-01
7.744828239083290100e-03,-1.576393097639083862e-01,2.233890146017074585e-01
7.744828239083290100e-03,-1.576393097639083862e-01,2.233890146017074585e-01
7.679567672312259674e-03,-1.573615074157714844e-01,2.236949056386947632e-01
7.679567672312259674e-03,-1.573615074157714844e-01,2.236949056386947632e-01
7.613522931933403015e-03,-1.570818126201629639e-01,2.239999771118164062e-01
7.613522931933403015e-03,-1.570818126201629639e-01,2.239999771118164062e-01
7.546695414930582047e-03,-1.568002253770828247e-01,2.243041843175888062e-01
7.546695414930582047e-03,-1.568002253770828247e-01,2.243041843175888062e-01
7.479077205061912537e-03,-1.565167605876922607e-01,2.246075719594955444e-01
7.479077205061912537e-03,-1.565167605876922607e-01,2.246075719594955444e-01
7.410672958940267563e-03,-1.562313884496688843e-01,2.249100804328918457e-01
7.410672958940267563e-03,-1.562313884496688843e-01,2.249100804328918457e-01
7.341476157307624817e-03,-1.559441089630126953e-01,2.252117246389389038e-01
7.341476157307624817e-03,-1.559441089630126953e-01,2.252117246389389038e-01
7.271487265825271606e-03,-1.556549221277236938e-01,2.255125045776367188e-01
7.271487265825271606e-03,-1.556549221277236938e-01,2.255125045776367188e-01
7.200707681477069855e-03,-1.553638428449630737e-01,2.258124202489852905e-01
7.200707681477069855e-03,-1.553638428449630737e-01,2.258124202489852905e-01
7.129132281988859177e-03,-1.550708413124084473e-01,2.261114865541458130e-01
7.129132281988859177e-03,-1.550708413124084473e-01,2.261114865541458130e-01
7.056754548102617264e-03,-1.547759324312210083e-01,2.264096289873123169e-01
7.056754548102617264e-03,-1.547759324312210083e-01,2.264096289873123169e-01
6.983584258705377579e-03,-1.544791311025619507e-01,2.267069369554519653e-01
6.983584258705377579e-03,-1.544791311025619507e-01,2.267069369554519653e-01
6.909615825861692429e-03,-1.541804075241088867e-01,2.270033508539199829e-01
6.909615825861692429e-03,-1.541804075241088867e-01,2.270033508539199829e-01
6.834841798990964890e-03,-1.538797765970230103e-01,2.272989004850387573e-01
6.834841798990964890e-03,-1.538797765970230103e-01,2.272989004850387573e-01
6.759265437722206116e-03,-1.535772085189819336e-01,2.275935262441635132e-01
6.759265437722206116e-03,-1.535772085189819336e-01,2.275935262441635132e-01
6.682886742055416107e-03,-1.532727479934692383e-01,2.278872877359390259e-01
6.682886742055416107e-03,-1.532727479934692383e-01,2.278872877359390259e-01
6.605698261409997940e-03,-1.529663652181625366e-01,2.281801402568817139e-01
6.605698261409997940e-03,-1.529663652181625366e-01,2.281801402568817139e-01
6.527704186737537384e-03,-1.526580452919006348e-01,2.284720987081527710e-01
6.527704186737537384e-03,-1.526580452919006348e-01,2.284720987081527710e-01
6.448899861425161362e-03,-1.523477882146835327e-01,2.287631481885910034e-01
6.448899861425161362e-03,-1.523477882146835327e-01,2.287631481885910034e-01
6.369287613779306412e-03,-1.520356535911560059e-01,2.290533035993576050e-01
6.369287613779306412e-03,-1.520356535911560059e-01,2.290533035993576050e-01
6.288859527558088303e-03,-1.517215371131896973e-01,2.293425500392913818e-01
6.288859527558088303e-03,-1.517215371131896973e-01,2.293425500392913818e-01
6.207617465406656265e-03,-1.514055281877517700e-01,2.296308726072311401e-01
6.207617465406656265e-03,-1.514055281877517700e-01,2.296308726072311401e-01
6.125561892986297607e-03,-1.510875821113586426e-01,2.299182713031768799e-01
6.125561892986297607e-03,-1.510875821113586426e-01,2.299182713031768799e-01
6.042690481990575790e-03,-1.507676988840103149e-01,2.302047759294509888e-01
6.042690481990575790e-03,-1.507676988840103149e-01,2.302047759294509888e-01
5.958999507129192352e-03,-1.504458785057067871e-01,2.304903417825698853e-01
5.958999507129192352e-03,-1.504458785057067871e-01,2.304903417825698853e-01
5.874487105756998062e-03,-1.501221358776092529e-01,2.307749986648559570e-01
5.874487105756998062e-03,-1.501221358776092529e-01,2.307749986648559570e-01
5.789152812212705612e-03,-1.497964262962341309e-01,2.310587167739868164e-01
5.789152812212705612e-03,-1.497964262962341309e-01,2.310587167739868164e-01
5.702995229512453079e-03,-1.494687944650650024e-01,2.313415110111236572e-01
5.702995229512453079e-03,-1.494687944650650024e-01,2.313415110111236572e-01
5.616013891994953156e-03,-1.491391956806182861e-01,2.316233515739440918e-01
5.616013891994953156e-03,-1.491391956806182861e-01,2.316233515739440918e-01
5.528202746063470840e-03,-1.488076597452163696e-01,2.319042533636093140e-01
5.528202746063470840e-03,-1.488076597452163696e-01,2.319042533636093140e-01
5.439568776637315750e-03,-1.484742164611816406e-01,2.321842312812805176e-01
5.439568776637315750e-03,-1.484742164611816406e-01,2.321842312812805176e-01
5.350098945200443268e-03,-1.481387913227081299e-01,2.324632406234741211e-01
5.350098945200443268e-03,-1.481387913227081299e-01,2.324632406234741211e-01
5.259803961962461472e-03,-1.478014141321182251e-01,2.327412962913513184e-01
5.259803961962461472e-03,-1.478014141321182251e-01,2.327412962913513184e-01
5.168675445020198822e-03,-1.474620997905731201e-01,2.330184280872344971e-01
5.168675445020198822e-03,-1.474620997905731201e-01,2.330184280872344971e-01
5.076709669083356857e-03,-1.471208184957504272e-01,2.332945764064788818e-01
5.076709669083356857e-03,-1.471208184957504272e-01,2.332945764064788818e-01
4.983910825103521347e-03,-1.467775851488113403e-01,2.335697561502456665e-01
4.983910825103521347e-03,-1.467775851488113403e-01,2.335697561502456665e-01
4.890268668532371521e-03,-1.464323699474334717e-01,2.338439971208572388e-01
4.890268668532371521e-03,-1.464323699474334717e-01,2.338439971208572388e-01
4.795793443918228149e-03,-1.460852324962615967e-01,2.341172695159912109e-01
4.795793443918228149e-03,-1.460852324962615967e-01,2.341172695159912109e-01
4.700476769357919693e-03,-1.457361131906509399e-01,2.343895733356475830e-01
4.700476769357919693e-03,-1.457361131906509399e-01,2.343895733356475830e-01
4.604317247867584229e-03,-1.453850269317626953e-01,2.346608787775039673e-01
4.604317247867584229e-03,-1.453850269317626953e-01,2.346608787775039673e-01
4.507312551140785217e-03,-1.450319737195968628e-01,2.349312454462051392e-01
4.507312551140785217e-03,-1.450319737195968628e-01,2.349312454462051392e-01
4.409463144838809967e-03,-1.446769684553146362e-01,2.352005839347839355e-01
4.409463144838809967e-03,-1.446769684553146362e-01,2.352005839347839355e-01
4.310766234993934631e-03,-1.443199813365936279e-01,2.354689687490463257e-01
4.310766234993934631e-03,-1.443199813365936279e-01,2.354689687490463257e-01
4.211222752928733826e-03,-1.439610272645950317e-01,2.357363402843475342e-01
4.211222752928733826e-03,-1.439610272645950317e-01,2.357363402843475342e-01
4.110828507691621780e-03,-1.436001062393188477e-01,2.360027581453323364e-01
4.110828507691621780e-03,-1.436001062393188477e-01,2.360027581453323364e-01
4.009583033621311188e-03,-1.432371884584426880e-01,2.362681478261947632e-01
4.009583033621311188e-03,-1.432371884584426880e-01,2.362681478261947632e-01
3.907482605427503586e-03,-1.428722888231277466e-01,2.365325540304183960e-01
3.907482605427503586e-03,-1.428722888231277466e-01,2.365325540304183960e-01
3.804529784247279167e-03,-1.425054222345352173e-01,2.367959320545196533e-01
3.804529784247279167e-03,-1.425054222345352173e-01,2.367959320545196533e-01
3.700720146298408508e-03,-1.421365737915039062e-01,2.370583564043045044e-01
3.700720146298408508e-03,-1.421365737915039062e-01,2.370583564043045044e-01
3.596053691580891609e-03,-1.417657583951950073e-01,2.373197376728057861e-01
3.596053691580891609e-03,-1.417657583951950073e-01,2.373197376728057861e-01
3.490528557449579239e-03,-1.413929462432861328e-01,2.375801056623458862e-01
3.490528557449579239e-03,-1.413929462432861328e-01,2.375801056623458862e-01
3.384134965017437935e-03,-1.410181373357772827e-01,2.378394603729248047e-01
3.384134965017437935e-03,-1.410181373357772827e-01,2.378394603729248047e-01
3.276888513937592506e-03,-1.406413465738296509e-01,2.380978018045425415e-01
3.276888513937592506e-03,-1.406413465738296509e-01,2.380978018045425415e-01
3.168771509081125259e-03,-1.402625590562820435e-01,2.383551150560379028e-01
3.168771509081125259e-03,-1.402625590562820435e-01,2.383551150560379028e-01
3.059790236875414848e-03,-1.398817747831344604e-01,2.386114150285720825e-01
3.059790236875414848e-03,-1.398817747831344604e-01,2.386114150285720825e-01
2.949944231659173965e-03,-1.394990235567092896e-01,2.388666570186614990e-01
2.949944231659173965e-03,-1.394990235567092896e-01,2.388666570186614990e-01
2.839230000972747803e-03,-1.391142457723617554e-01,2.391209006309509277e-01
2.839230000972747803e-03,-1.391142457723617554e-01,2.391209006309509277e-01
2.727639395743608475e-03,-1.387274563312530518e-01,2.393741011619567871e-01
2.727639395743608475e-03,-1.387274563312530518e-01,2.393741011619567871e-01
2.615180332213640213e-03,-1.383386850357055664e-01,2.396262437105178833e-01
2.615180332213640213e-03,-1.383386850357055664e-01,2.396262437105178833e-01
2.501848852261900902e-03,-1.379479169845581055e-01,2.398773580789566040e-01
2.501848852261900902e-03,-1.379479169845581055e-01,2.398773580789566040e-01
2.387641230598092079e-03,-1.375551372766494751e-01,2.401273995637893677e-01
2.387641230598092079e-03,-1.375551372766494751e-01,2.401273995637893677e-01
2.272557234391570091e-03,-1.371603757143020630e-01,2.403764277696609497e-01
2.272557234391570091e-03,-1.371603757143020630e-01,2.403764277696609497e-01
2.156595000997185707e-03,-1.367635726928710938e-01,2.406243681907653809e-01
2.156595000997185707e-03,-1.367635726928710938e-01,2.406243681907653809e-01
2.039752900600433350e-03,-1.363647729158401489e-01,2.408712655305862427e-01
2.039752900600433350e-03,-1.363647729158401489e-01,2.408712655305862427e-01
1.922028372064232826e-03,-1.359639465808868408e-01,2.411171197891235352e-01
1.922028372064232826e-03,-1.359639465808868408e-01,2.411171197891235352e-01
1.803421881049871445e-03,-1.355611234903335571e-01,2.413618862628936768e-01
1.803421881049871445e-03,-1.355611234903335571e-01,2.413618862628936768e-01
1.683931332081556320e-03,-1.351562440395355225e-01,2.416055947542190552e-01
1.683931332081556320e-03,-1.351562440395355225e-01,2.416055947542190552e-01
1.563554746098816395e-03,-1.347493976354598999e-01,2.418482154607772827e-01
1.563554746098816395e-03,-1.347493976354598999e-01,2.418482154607772827e-01
1.442288281396031380e-03,-1.343405097723007202e-01,2.420897781848907471e-01
1.442288281396031380e-03,-1.343405097723007202e-01,2.420897781848907471e-01
1.320135779678821564e-03,-1.339296102523803711e-01,2.423302680253982544e-01
1.320135779678821564e-03,-1.339296102523803711e-01,2.423302680253982544e-01
1.197091420181095600e-03,-1.335166692733764648e-01,2.425696700811386108e-01
1.197091420181095600e-03,-1.335166692733764648e-01,2.425696700811386108e-01
1.073155202902853489e-03,-1.331017017364501953e-01,2.428079843521118164e-01
1.073155202902853489e-03,-1.331017017364501953e-01,2.428079843521118164e-01
9.483231697231531143e-04,-1.326847225427627563e-01,2.430451959371566772e-01
9.483231697231531143e-04,-1.326847225427627563e-01,2.430451959371566772e-01
8.225973579101264477e-04,-1.322657167911529541e-01,2.432813495397567749e-01
8.225973579101264477e-04,-1.322657167911529541e-01,2.432813495397567749e-01
6.959757301956415176e-04,-1.318446546792984009e-01,2.435163855552673340e-01
6.959757301956415176e-04,-1.318446546792984009e-01,2.435163855552673340e-01
5.684525240212678909e-04,-1.314215809106826782e-01,2.437503188848495483e-01
5.684525240212678909e-04,-1.314215809106826782e-01,2.437503188848495483e-01
4.400257312227040529e-04,-1.309964507818222046e-01,2.439831644296646118e-01
4.400257312227040529e-04,-1.309964507818222046e-01,2.439831644296646118e-01
3.107051306869834661e-04,-1.305692791938781738e-01,2.442148923873901367e-01
3.107051306869834661e-04,-1.305692791938781738e-01,2.442148923873901367e-01
1.804770436137914658e-04,-1.301401108503341675e-01,2.444455176591873169e-01
1.804770436137914658e-04,-1.301401108503341675e-01,2.444455176591873169e-01
4.934342723572626710e-05,-1.297088563442230225e-01,2.446750402450561523e-01
4.934342723572626710e-05,-1.297088563442230225e-01,2.446750402450561523e-01
-8.269376121461391449e-05,-1.292755752801895142e-01,2.449034303426742554e-01
-8.269376121461391449e-05,-1.292755752801895142e-01,2.449034303426742554e-01
-2.156403788831084967e-04,-1.288402378559112549e-01,2.451307177543640137e-01
-2.156403788831084967e-04,-1.288402378559112549e-01,2.451307177543640137e-01
-3.494944830890744925e-04,-1.284028887748718262e-01,2.453568875789642334e-01
-3.494944830890744925e-04,-1.284028887748718262e-01,2.453568875789642334e-01
-4.842619237024337053e-04,-1.279634535312652588e-01,2.455818951129913330e-01
-4.842619237024337053e-04,-1.279634535312652588e-01,2.455818951129913330e-01
-6.199426716193556786e-04,-1.275219917297363281e-01,2.458057999610900879e-01
-6.199426716193556786e-04,-1.275219917297363281e-01,2.458057999610900879e-01
-7.565387641079723835e-04,-1.270784437656402588e-01,2.460285574197769165e-01
-7.565387641079723835e-04,-1.270784437656402588e-01,2.460285574197769165e-01
-8.940481347963213921e-04,-1.266328692436218262e-01,2.462501674890518188e-01
-8.940481347963213921e-04,-1.266328692436218262e-01,2.462501674890518188e-01
-1.032474800013005733e-03,-1.261852234601974487e-01,2.464706748723983765e-01
-1.032474800013005733e-03,-1.261852234601974487e-01,2.464706748723983765e-01
-1.171824522316455841e-03,-1.257355213165283203e-01,2.466900199651718140e-01
-1.171824522316455841e-03,-1.257355213165283203e-01,2.466900199651718140e-01
-1.312089501880109310e-03,-1.252837777137756348e-01,2.469082325696945190e-01
-1.312089501880109310e-03,-1.252837777137756348e-01,2.469082325696945190e-01
-1.453277538530528545e-03,-1.248299479484558105e-01,2.471252530813217163e-01
-1.453277538530528545e-03,-1.248299479484558105e-01,2.471252530813217163e-01
-1.595388748683035374e-03,-1.243740692734718323e-01,2.473411411046981812e-01
-1.595388748683035374e-03,-1.243740692734718323e-01,2.473411411046981812e-01
-1.738428836688399315e-03,-1.239161044359207153e-01,2.475558817386627197e-01
-1.738428836688399315e-03,-1.239161044359207153e-01,2.475558817386627197e-01
-1.882392098195850849e-03,-1.234560832381248474e-01,2.477694600820541382e-01
-1.882392098195850849e-03,-1.234560832381248474e-01,2.477694600820541382e-01
-2.027288079261779785e-03,-1.229939907789230347e-01,2.479818761348724365e-01
-2.027288079261779785e-03,-1.229939907789230347e-01,2.479818761348724365e-01
-2.173109212890267372e-03,-1.225298270583152771e-01,2.481931000947952271e-01
-2.173109212890267372e-03,-1.225298270583152771e-01,2.481931000947952271e-01
-2.319863298907876015e-03,-1.220635846257209778e-01,2.484031766653060913e-01
-2.319863298907876015e-03,-1.220635846257209778e-01,2.484031766653060913e-01
-2.467551967129111290e-03,-1.215952709317207336e-01,2.486120760440826416e-01
-2.467551967129111290e-03,-1.215952709317207336e-01,2.486120760440826416e-01
-2.616175450384616852e-03,-1.211248636245727539e-01,2.488197982311248779e-01
-2.616175450384616852e-03,-1.211248636245727539e-01,2.488197982311248779e-01
-2.765730023384094238e-03,-1.206523999571800232e-01,2.490263283252716064e-01
-2.765730023384094238e-03,-1.206523999571800232e-01,2.490263283252716064e-01
-2.916228957474231720e-03,-1.201778352260589600e-01,2.492316812276840210e-01
-2.916228957474231720e-03,-1.201778352260589600e-01,2.492316812276840210e-01
-3.067666664719581604e-03,-1.197011843323707581e-01,2.494358569383621216e-01
-3.067666664719581604e-03,-1.197011843323707581e-01,2.494358569383621216e-01
-3.220047103241086006e-03,-1.192224696278572083e-01,2.496388107538223267e-01
-3.220047103241086006e-03,-1.192224696278572083e-01,2.496388107538223267e-01
-3.373362123966217041e-03,-1.187416464090347290e-01,2.498405724763870239e-01
-3.373362123966217041e-03,-1.187416464090347290e-01,2.498405724763870239e-01
-3.527627792209386826e-03,-1.182587444782257080e-01,2.500411570072174072e-01
-3.527627792209386826e-03,-1.182587444782257080e-01,2.500411570072174072e-01
-3.682832000777125359e-03,-1.177737563848495483e-01,2.502405345439910889e-01
-3.682832000777125359e-03,-1.177737563848495483e-01,2.502405345439910889e-01
-3.838988719508051872e-03,-1.172866672277450562e-01,2.504387199878692627e-01
-3.838988719508051872e-03,-1.172866672277450562e-01,2.504387199878692627e-01
-3.996095620095729828e-03,-1.167974695563316345e-01,2.506356537342071533e-01
-3.996095620095729828e-03,-1.167974695563316345e-01,2.506356537342071533e-01
-4.154151305556297302e-03,-1.163061857223510742e-01,2.508313953876495361e-01
-4.154151305556297302e-03,-1.163061857223510742e-01,2.508313953876495361e-01
-4.313158802688121796e-03,-1.158128157258033752e-01,2.510259151458740234e-01
-4.313158802688121796e-03,-1.158128157258033752e-01,2.510259151458740234e-01
-4.473117180168628693e-03,-1.153173223137855530e-01,2.512192428112030029e-01
-4.473117180168628693e-03,-1.153173223137855530e-01,2.512192428112030029e-01
-4.634033888578414917e-03,-1.148197278380393982e-01,2.514113187789916992e-01
-4.634033888578414917e-03,-1.148197278380393982e-01,2.514113187789916992e-01
-4.795906599611043930e-03,-1.143200397491455078e-01,2.516021728515625000e-01
-4.795906599611043930e-03,-1.143200397491455078e-01,2.516021728515625000e-01
-4.958737641572952271e-03,-1.138182356953620911e-01,2.517918050289154053e-01
-4.958737641572952271e-03,-1.138182356953620911e-01,2.517918050289154053e-01
-5.122528411448001862e-03,-1.133143305778503418e-01,2.519802153110504150e-01
-5.122528411448001862e-03,-1.133143305778503418e-01,2.519802153110504150e-01
-5.287277977913618088e-03,-1.128083020448684692e-01,2.521673440933227539e-01
-5.287277977913618088e-03,-1.128083020448684692e-01,2.521673440933227539e-01
-5.452991463243961334e-03,-1.123001724481582642e-01,2.523532807826995850e-01
-5.452991463243961334e-03,-1.123001724481582642e-01,2.523532807826995850e-01
-5.619673058390617371e-03,-1.117899343371391296e-01,2.525379657745361328e-01
-5.619673058390617371e-03,-1.117899343371391296e-01,2.525379657745361328e-01
-5.787318106740713120e-03,-1.112775504589080811e-01,2.527213692665100098e-01
-5.787318106740713120e-03,-1.112775504589080811e-01,2.527213692665100098e-01
-5.955929867923259735e-03,-1.107630729675292969e-01,2.529035508632659912e-01
-5.955929867923259735e-03,-1.107630729675292969e-01,2.529035508632659912e-01
-6.125509273260831833e-03,-1.102464571595191956e-01,2.530844807624816895e-01
-6.125509273260831833e-03,-1.102464571595191956e-01,2.530844807624816895e-01
-6.296062842011451721e-03,-1.097277328372001648e-01,2.532641291618347168e-01
-6.296062842011451721e-03,-1.097277328372001648e-01,2.532641291618347168e-01
-6.467587780207395554e-03,-1.092068850994110107e-01,2.534425556659698486e-01
-6.467587780207395554e-03,-1.092068850994110107e-01,2.534425556659698486e-01
-6.640085019171237946e-03,-1.086838990449905396e-01,2.536196708679199219e-01
-6.640085019171237946e-03,-1.086838990449905396e-01,2.536196708679199219e-01
-6.813561543822288513e-03,-1.081587821245193481e-01,2.537955641746520996e-01
-6.813561543822288513e-03,-1.081587821245193481e-01,2.537955641746520996e-01
-6.988010369241237640e-03,-1.076315641403198242e-01,2.539701461791992188e-01
-6.988010369241237640e-03,-1.076315641403198242e-01,2.539701461791992188e-01
-7.163438946008682251e-03,-1.071021780371665955e-01,2.541434764862060547e-01
-7.163438946008682251e-03,-1.071021780371665955e-01,2.541434764862060547e-01
-7.339848671108484268e-03,-1.065706834197044373e-01,2.543155252933502197e-01
-7.339848671108484268e-03,-1.065706834197044373e-01,2.543155252933502197e-01
-7.517240475863218307e-03,-1.060370355844497681e-01,2.544862926006317139e-01
-7.517240475863218307e-03,-1.060370355844497681e-01,2.544862926006317139e-01
-7.695617619901895523e-03,-1.055012568831443787e-01,2.546557486057281494e-01
-7.695617619901895523e-03,-1.055012568831443787e-01,2.546557486057281494e-01
-7.874972186982631683e-03,-1.049633398652076721e-01,2.548239529132843018e-01
-7.874972186982631683e-03,-1.049633398652076721e-01,2.548239529132843018e-01
-8.055320940911769867e-03,-1.044232696294784546e-01,2.549908459186553955e-01
-8.055320940911769867e-03,-1.044232696294784546e-01,2.549908459186553955e-01
-8.236655965447425842e-03,-1.038810610771179199e-01,2.551564276218414307e-01
-8.236655965447425842e-03,-1.038810610771179199e-01,2.551564276218414307e-01
-8.418977260589599609e-03,-1.033367216587066650e-01,2.553207576274871826e-01
-8.418977260589599609e-03,-1.033367216587066650e-01,2.553207576274871826e-01
-8.602290414273738861e-03,-1.027902141213417053e-01,2.554837465286254883e-01
-8.602290414273738861e-03,-1.027902141213417053e-01,2.554837465286254883e-01
-8.786598220467567444e-03,-1.022415682673454285e-01,2.556454539299011230e-01
-8.786598220467567444e-03,-1.022415682673454285e-01,2.556454539299011230e-01
-8.971899747848510742e-03,-1.016907542943954468e-01,2.558058500289916992e-01
-8.971899747848510742e-03,-1.016907542943954468e-01,2.558058500289916992e-01
-9.158195927739143372e-03,-1.011378169059753418e-01,2.559649050235748291e-01
-9.158195927739143372e-03,-1.011378169059753418e-01,2.559649050235748291e-01
-9.345490485429763794e-03,-1.005827039480209351e-01,2.561226785182952881e-01
-9.345490485429763794e-03,-1.005827039480209351e-01,2.561226785182952881e-01
-9.533783420920372009e-03,-1.000254377722740173e-01,2.562791109085083008e-01
-9.533783420920372009e-03,-1.000254377722740173e-01,2.562791109085083008e-01
-9.723077528178691864e-03,-9.946600347757339478e-02,2.564342021942138672e-01
-9.723077528178691864e-03,-9.946600347757339478e-02,2.564342021942138672e-01
-9.913370944559574127e-03,-9.890441596508026123e-02,2.565879821777343750e-01
-9.913370944559574127e-03,-9.890441596508026123e-02,2.565879821777343750e-01
-1.010467298328876495e-02,-9.834066778421401978e-02,2.567404508590698242e-01
-1.010467298328876495e-02,-9.834066778421401978e-02,2.567404508590698242e-01
-1.029697712510824203e-02,-9.777474403381347656e-02,2.568915784358978271e-01
-1.029697712510824203e-02,-9.777474403381347656e-02,2.568915784358978271e-01
-1.049028523266315460e-02,-9.720666706562042236e-02,2.570413351058959961e-01
-1.049028523266315460e-02,-9.720666706562042236e-02,2.570413351058959961e-01
-1.068460661917924881e-02,-9.663640707731246948e-02,2.571898102760314941e-01
-1.068460661917924881e-02,-9.663640707731246948e-02,2.571898102760314941e-01
-1.087993755936622620e-02,-9.606397897005081177e-02,2.573368847370147705e-01
-1.087993755936622620e-02,-9.606397897005081177e-02,2.573368847370147705e-01
-1.107627432793378830e-02,-9.548939764499664307e-02,2.574826478958129883e-01
-1.107627432793378830e-02,-9.548939764499664307e-02,2.574826478958129883e-01
-1.127363275736570358e-02,-9.491261094808578491e-02,2.576270401477813721e-01
-1.127363275736570358e-02,-9.491261094808578491e-02,2.576270401477813721e-01
-1.147200167179107666e-02,-9.433367103338241577e-02,2.577700912952423096e-01
-1.147200167179107666e-02,-9.433367103338241577e-02,2.577700912952423096e-01
-1.167138572782278061e-02,-9.375254064798355103e-02,2.579117715358734131e-01
-1.167138572782278061e-02,-9.375254064798355103e-02,2.579117715358734131e-01
-1.187178771942853928e-02,-9.316922724246978760e-02,2.580521106719970703e-01
-1.187178771942853928e-02,-9.316922724246978760e-02,2.580521106719970703e-01
-1.207320950925350189e-02,-9.258375316858291626e-02,2.581910789012908936e-01
-1.207320950925350189e-02,-9.258375316858291626e-02,2.581910789012908936e-01
-1.227565295994281769e-02,-9.199607372283935547e-02,2.583286762237548828e-01
-1.227565295994281769e-02,-9.199607372283935547e-02,2.583286762237548828e-01
-1.247911993414163589e-02,-9.140621125698089600e-02,2.584649026393890381e-01
-1.247911993414163589e-02,-9.140621125698089600e-02,2.584649026393890381e-01
-1.268360670655965805e-02,-9.081415832042694092e-02,2.585997581481933594e-01
-1.268360670655965805e-02,-9.081415832042694092e-02,2.585997581481933594e-01
-1.288912445306777954e-02,-9.021990746259689331e-02,2.587332129478454590e-01
-1.288912445306777954e-02,-9.021990746259689331e-02,2.587332129478454590e-01
-1.309566106647253036e-02,-8.962348103523254395e-02,2.588652670383453369e-01
-1.309566106647253036e-02,-8.962348103523254395e-02,2.588652670383453369e-01
-1.330323517322540283e-02,-8.902485668659210205e-02,2.589960098266601562e-01
-1.330323517322540283e-02,-8.902485668659210205e-02,2.589960098266601562e-01
-1.351183652877807617e-02,-8.842403441667556763e-02,2.591252923011779785e-01
-1.351183652877807617e-02,-8.842403441667556763e-02,2.591252923011779785e-01
-1.372146978974342346e-02,-8.782101422548294067e-02,2.592532038688659668e-01
-1.372146978974342346e-02,-8.782101422548294067e-02,2.592532038688659668e-01
-1.393213216215372086e-02,-8.721578866243362427e-02,2.593797445297241211e-01
-1.393213216215372086e-02,-8.721578866243362427e-02,2.593797445297241211e-01
-1.414383389055728912e-02,-8.660836517810821533e-02,2.595048844814300537e-01
-1.414383389055728912e-02,-8.660836517810821533e-02,2.595048844814300537e-01
-1.435657218098640442e-02,-8.599874377250671387e-02,2.596285939216613770e-01
-1.435657218098640442e-02,-8.599874377250671387e-02,2.596285939216613770e-01
-1.457034703344106674e-02,-8.538690954446792603e-02,2.597509026527404785e-01
-1.457034703344106674e-02,-8.538690954446792603e-02,2.597509026527404785e-01
-1.478516403585672379e-02,-8.477286249399185181e-02,2.598718106746673584e-01
-1.478516403585672379e-02,-8.477286249399185181e-02,2.598718106746673584e-01
-1.500102318823337555e-02,-8.415660262107849121e-02,2.599912881851196289e-01
-1.500102318823337555e-02,-8.415660262107849121e-02,2.599912881851196289e-01
-1.521792169660329819e-02,-8.353815227746963501e-02,2.601093649864196777e-01
-1.521792169660329819e-02,-8.353815227746963501e-02,2.601093649864196777e-01
-1.543586328625679016e-02,-8.291747421026229858e-02,2.602260112762451172e-01
-1.543586328625679016e-02,-8.291747421026229858e-02,2.602260112762451172e-01
-1.565485075116157532e-02,-8.229459822177886963e-02,2.603412568569183350e-01
-1.565485075116157532e-02,-8.229459822177886963e-02,2.603412568569183350e-01
-1.587489247322082520e-02,-8.166947960853576660e-02,2.604550421237945557e-01
-1.587489247322082520e-02,-8.166947960853576660e-02,2.604550421237945557e-01
-1.609597913920879364e-02,-8.104215562343597412e-02,2.605674266815185547e-01
-1.609597913920879364e-02,-8.104215562343597412e-02,2.605674266815185547e-01
-1.631811633706092834e-02,-8.041259646415710449e-02,2.606783807277679443e-01
-1.631811633706092834e-02,-8.041259646415710449e-02,2.606783807277679443e-01
-1.654130220413208008e-02,-7.978083938360214233e-02,2.607878744602203369e-01
-1.654130220413208008e-02,-7.978083938360214233e-02,2.607878744602203369e-01
-1.676554791629314423e-02,-7.914683222770690918e-02,2.608959078788757324e-01
-1.676554791629314423e-02,-7.914683222770690918e-02,2.608959078788757324e-01
-1.699084602296352386e-02,-7.851060479879379272e-02,2.610025405883789062e-01
-1.699084602296352386e-02,-7.851060479879379272e-02,2.610025405883789062e-01
-1.721720211207866669e-02,-7.787215709686279297e-02,2.611077129840850830e-01
-1.721720211207866669e-02,-7.787215709686279297e-02,2.611077129840850830e-01
-1.744461618363857269e-02,-7.723147422075271606e-02,2.612114548683166504e-01
-1.744461618363857269e-02,-7.723147422075271606e-02,2.612114548683166504e-01
-1.767308823764324188e-02,-7.658854871988296509e-02,2.613137066364288330e-01
-1.767308823764324188e-02,-7.658854871988296509e-02,2.613137066364288330e-01
-1.790262386202812195e-02,-7.594341039657592773e-02,2.614144980907440186e-01
-1.790262386202812195e-02,-7.594341039657592773e-02,2.614144980907440186e-01
-1.813322305679321289e-02,-7.529602199792861938e-02,2.615138590335845947e-01
-1.813322305679321289e-02,-7.529602199792861938e-02,2.615138590335845947e-01
-1.836488954722881317e-02,-7.464639842510223389e-02,2.616117298603057861e-01
-1.836488954722881317e-02,-7.464639842510223389e-02,2.616117298603057861e-01
-1.859761774539947510e-02,-7.399452477693557739e-02,2.617081403732299805e-01
-1.859761774539947510e-02,-7.399452477693557739e-02,2.617081403732299805e-01
-1.883141696453094482e-02,-7.334041595458984375e-02,2.618030905723571777e-01
-1.883141696453094482e-02,-7.334041595458984375e-02,2.618030905723571777e-01
-1.906627975404262543e-02,-7.268407195806503296e-02,2.618965506553649902e-01
-1.906627975404262543e-02,-7.268407195806503296e-02,2.618965506553649902e-01
-1.930221915245056152e-02,-7.202546298503875732e-02,2.619885504245758057e-01
-1.930221915245056152e-02,-7.202546298503875732e-02,2.619885504245758057e-01
-1.953923143446445465e-02,-7.136461138725280762e-02,2.620790302753448486e-01
-1.953923143446445465e-02,-7.136461138725280762e-02,2.620790302753448486e-01
-1.977731473743915558e-02,-7.070151716470718384e-02,2.621680498123168945e-01
-1.977731473743915558e-02,-7.070151716470718384e-02,2.621680498123168945e-01
-2.001647464931011200e-02,-7.003617286682128906e-02,2.622555792331695557e-01
-2.001647464931011200e-02,-7.003617286682128906e-02,2.622555792331695557e-01
-2.025671489536762238e-02,-6.936856359243392944e-02,2.623416185379028320e-01
-2.025671489536762238e-02,-6.936856359243392944e-02,2.623416185379028320e-01
-2.049802988767623901e-02,-6.869868934154510498e-02,2.624261677265167236e-01
-2.049802988767623901e-02,-6.869868934154510498e-02,2.624261677265167236e-01
-2.074043080210685730e-02,-6.802658736705780029e-02,2.625091969966888428e-01
-2.074043080210685730e-02,-6.802658736705780029e-02,2.625091969966888428e-01
-2.098391018807888031e-02,-6.735220551490783691e-02,2.625907361507415771e-01
-2.098391018807888031e-02,-6.735220551490783691e-02,2.625907361507415771e-01
-2.122847177088260651e-02,-6.667556613683700562e-02,2.626707553863525391e-01
-2.122847177088260651e-02,-6.667556613683700562e-02,2.626707553863525391e-01
-2.147411741316318512e-02,-6.599666178226470947e-02,2.627492845058441162e-01
-2.147411741316318512e-02,-6.599666178226470947e-02,2.627492845058441162e-01
-2.172085456550121307e-02,-6.531548500061035156e-02,2.628262937068939209e-01
-2.172085456550121307e-02,-6.531548500061035156e-02,2.628262937068939209e-01
-2.196867577731609344e-02,-6.463205069303512573e-02,2.629017829895019531e-01
-2.196867577731609344e-02,-6.463205069303512573e-02,2.629017829895019531e-01
-2.221759036183357239e-02,-6.394633650779724121e-02,2.629757225513458252e-01
-2.221759036183357239e-02,-6.394633650779724121e-02,2.629757225513458252e-01
-2.246759831905364990e-02,-6.325837224721908569e-02,2.630481719970703125e-01
-2.246759831905364990e-02,-6.325837224721908569e-02,2.630481719970703125e-01
-2.271869033575057983e-02,-6.256811320781707764e-02,2.631190717220306396e-01
-2.271869033575057983e-02,-6.256811320781707764e-02,2.631190717220306396e-01
-2.297088690102100372e-02,-6.187558174133300781e-02,2.631885111331939697e-01
-2.297088690102100372e-02,-6.187558174133300781e-02,2.631885111331939697e-01
-2.322417497634887695e-02,-6.118077784776687622e-02,2.632563114166259766e-01
-2.322417497634887695e-02,-6.118077784776687622e-02,2.632563114166259766e-01
-2.347855828702449799e-02,-6.048369407653808594e-02,2.633226811885833740e-01
-2.347855828702449799e-02,-6.048369407653808594e-02,2.633226811885833740e-01
-2.373404242098331451e-02,-5.978433415293693542e-02,2.633874416351318359e-01
-2.373404242098331451e-02,-5.978433415293693542e-02,2.633874416351318359e-01
-2.399062924087047577e-02,-5.908268317580223083e-02,2.634506523609161377e-01
-2.399062924087047577e-02,-5.908268317580223083e-02,2.634506523609161377e-01
-2.424832060933113098e-02,-5.837875232100486755e-02,2.635123729705810547e-01
-2.424832060933113098e-02,-5.837875232100486755e-02,2.635123729705810547e-01
-2.450711093842983246e-02,-5.767252668738365173e-02,2.635724842548370361e-01
-2.450711093842983246e-02,-5.767252668738365173e-02,2.635724842548370361e-01
-2.476700581610202789e-02,-5.696402490139007568e-02,2.636310458183288574e-01
-2.476700581610202789e-02,-5.696402490139007568e-02,2.636310458183288574e-01
-2.502801269292831421e-02,-5.625322461128234863e-02,2.636880576610565186e-01
-2.502801269292831421e-02,-5.625322461128234863e-02,2.636880576610565186e-01
-2.529012784361839294e-02,-5.554012581706047058e-02,2.637435197830200195e-01
-2.529012784361839294e-02,-5.554012581706047058e-02,2.637435197830200195e-01
-2.555334754288196564e-02,-5.482474714517593384e-02,2.637974321842193604e-01
-2.555334754288196564e-02,-5.482474714517593384e-02,2.637974321842193604e-01
-2.581768669188022614e-02,-5.410705879330635071e-02,2.638497054576873779e-01
-2.581768669188022614e-02,-5.410705879330635071e-02,2.638497054576873779e-01
-2.608313411474227905e-02,-5.338707938790321350e-02,2.639004886150360107e-01
-2.608313411474227905e-02,-5.338707938790321350e-02,2.639004886150360107e-01
-2.634969539940357208e-02,-5.266479775309562683e-02,2.639496624469757080e-01
-2.634969539940357208e-02,-5.266479775309562683e-02,2.639496624469757080e-01
-2.661737613379955292e-02,-5.194021388888359070e-02,2.639972567558288574e-01
-2.661737613379955292e-02,-5.194021388888359070e-02,2.639972567558288574e-01
-2.688617818057537079e-02,-5.121332034468650818e-02,2.640432417392730713e-01
-2.688617818057537079e-02,-5.121332034468650818e-02,2.640432417392730713e-01
-2.715609222650527954e-02,-5.048412829637527466e-02,2.640876770019531250e-01
-2.715609222650527954e-02,-5.048412829637527466e-02,2.640876770019531250e-01
-2.742713503539562225e-02,-4.975262656807899475e-02,2.641305327415466309e-01
-2.742713503539562225e-02,-4.975262656807899475e-02,2.641305327415466309e-01
-2.769929170608520508e-02,-4.901881143450737000e-02,2.641717791557312012e-01
-2.769929170608520508e-02,-4.901881143450737000e-02,2.641717791557312012e-01
-2.797257900238037109e-02,-4.828268662095069885e-02,2.642114460468292236e-01
-2.797257900238037109e-02,-4.828268662095069885e-02,2.642114460468292236e-01
-2.824699319899082184e-02,-4.754425212740898132e-02,2.642494738101959229e-01
-2.824699319899082184e-02,-4.754425212740898132e-02,2.642494738101959229e-01
-2.852253243327140808e-02,-4.680349305272102356e-02,2.642858922481536865e-01
-2.852253243327140808e-02,-4.680349305272102356e-02,2.642858922481536865e-01
-2.879920043051242828e-02,-4.606042057275772095e-02,2.643207609653472900e-01
-2.879920043051242828e-02,-4.606042057275772095e-02,2.643207609653472900e-01
-2.907700277864933014e-02,-4.531502723693847656e-02,2.643539905548095703e-01
-2.907700277864933014e-02,-4.531502723693847656e-02,2.643539905548095703e-01
-2.935593016445636749e-02,-4.456731677055358887e-02,2.643856108188629150e-01
-2.935593016445636749e-02,-4.456731677055358887e-02,2.643856108188629150e-01
-2.963599376380443573e-02,-4.381727427244186401e-02,2.644155919551849365e-01
-2.963599376380443573e-02,-4.381727427244186401e-02,2.644155919551849365e-01
-2.991719357669353485e-02,-4.306491464376449585e-02,2.644439637660980225e-01
-2.991719357669353485e-02,-4.306491464376449585e-02,2.644439637660980225e-01
-3.019953332841396332e-02,-4.231022298336029053e-02,2.644707262516021729e-01
-3.019953332841396332e-02,-4.231022298336029053e-02,2.644707262516021729e-01
-3.048300929367542267e-02,-4.155320301651954651e-02,2.644958198070526123e-01
-3.048300929367542267e-02,-4.155320301651954651e-02,2.644958198070526123e-01
-3.076762333512306213e-02,-4.079385101795196533e-02,2.645193338394165039e-01
-3.076762333512306213e-02,-4.079385101795196533e-02,2.645193338394165039e-01
-3.105338662862777710e-02,-4.003216326236724854e-02,2.645412087440490723e-01
-3.105338662862777710e-02,-4.003216326236724854e-02,2.645412087440490723e-01
-3.134028613567352295e-02,-3.926814347505569458e-02,2.645614445209503174e-01
-3.134028613567352295e-02,-3.926814347505569458e-02,2.645614445209503174e-01
-3.162832930684089661e-02,-3.850178420543670654e-02,2.645800113677978516e-01
-3.162832930684089661e-02,-3.850178420543670654e-02,2.645800113677978516e-01
-3.191751614212989807e-02,-3.773308917880058289e-02,2.645969390869140625e-01
-3.191751614212989807e-02,-3.773308917880058289e-02,2.645969390869140625e-01
-3.220785781741142273e-02,-3.696205466985702515e-02,2.646121978759765625e-01
-3.220785781741142273e-02,-3.696205466985702515e-02,2.646121978759765625e-01
-3.249934688210487366e-02,-3.618866950273513794e-02,2.646258473396301270e-01
-3.249934688210487366e-02,-3.618866950273513794e-02,2.646258473396301270e-01
-3.279198706150054932e-02,-3.541294485330581665e-02,2.646378278732299805e-01
-3.279198706150054932e-02,-3.541294485330581665e-02,2.646378278732299805e-01
-3.308577463030815125e-02,-3.463487699627876282e-02,2.646481692790985107e-01
-3.308577463030815125e-02,-3.463487699627876282e-02,2.646481692790985107e-01
-3.338072821497917175e-02,-3.385445103049278259e-02,2.646568119525909424e-01
-3.338072821497917175e-02,-3.385445103049278259e-02,2.646568119525909424e-01
-3.367682918906211853e-02,-3.307167813181877136e-02,2.646638154983520508e-01
-3.367682918906211853e-02,-3.307167813181877136e-02,2.646638154983520508e-01
-3.397408500313758850e-02,-3.228656202554702759e-02,2.646691501140594482e-01
-3.397408500313758850e-02,-3.228656202554702759e-02,2.646691501140594482e-01
-3.427250310778617859e-02,-3.149908408522605896e-02,2.646728157997131348e-01
-3.427250310778617859e-02,-3.149908408522605896e-02,2.646728157997131348e-01
-3.457208350300788879e-02,-3.070924244821071625e-02,2.646747827529907227e-01
-3.457208350300788879e-02,-3.070924244821071625e-02,2.646747827529907227e-01
-3.487282618880271912e-02,-2.991705015301704407e-02,2.646750807762145996e-01
-3.487282618880271912e-02,-2.991705015301704407e-02,2.646750807762145996e-01
-3.517473116517066956e-02,-2.912249974906444550e-02,2.646736800670623779e-01
-3.517473116517066956e-02,-2.912249974906444550e-02,2.646736800670623779e-01
-3.547779843211174011e-02,-2.832558378577232361e-02,2.646706402301788330e-01
-3.547779843211174011e-02,-2.832558378577232361e-02,2.646706402301788330e-01
-3.578203171491622925e-02,-2.752630598843097687e-02,2.646658420562744141e-01
-3.578203171491622925e-02,-2.752630598843097687e-02,2.646658420562744141e-01
-3.608743846416473389e-02,-2.672465331852436066e-02,2.646594047546386719e-01
-3.608743846416473389e-02,-2.672465331852436066e-02,2.646594047546386719e-01
-3.639401122927665710e-02,-2.592064626514911652e-02,2.646512687206268311e-01
-3.639401122927665710e-02,-2.592064626514911652e-02,2.646512687206268311e-01
-3.670175746083259583e-02,-2.511425688862800598e-02,2.646414339542388916e-01
-3.670175746083259583e-02,-2.511425688862800598e-02,2.646414339542388916e-01
-3.701066970825195312e-02,-2.430550195276737213e-02,2.646298408508300781e-01
-3.701066970825195312e-02,-2.430550195276737213e-02,2.646298408508300781e-01
-3.732076659798622131e-02,-2.349437214434146881e-02,2.646166086196899414e-01
-3.732076659798622131e-02,-2.349437214434146881e-02,2.646166086196899414e-01
-3.763203322887420654e-02,-2.268086560070514679e-02,2.646016180515289307e-01
-3.763203322887420654e-02,-2.268086560070514679e-02,2.646016180515289307e-01
-3.794448077678680420e-02,-2.186498604714870453e-02,2.645849883556365967e-01
-3.794448077678680420e-02,-2.186498604714870453e-02,2.645849883556365967e-01
-3.825810179114341736e-02,-2.104672044515609741e-02,2.645665407180786133e-01
-3.825810179114341736e-02,-2.104672044515609741e-02,2.645665407180786133e-01
-3.857291117310523987e-02,-2.022607997059822083e-02,2.645464241504669189e-01
-3.857291117310523987e-02,-2.022607997059822083e-02,2.645464241504669189e-01
-3.888889774680137634e-02,-1.940304785966873169e-02,2.645245790481567383e-01
-3.888889774680137634e-02,-1.940304785966873169e-02,2.645245790481567383e-01
-3.920607268810272217e-02,-1.857763342559337616e-02,2.645010054111480713e-01
-3.920607268810272217e-02,-1.857763342559337616e-02,2.645010054111480713e-01
-3.952442854642868042e-02,-1.774983294308185577e-02,2.644757330417633057e-01
-3.952442854642868042e-02,-1.774983294308185577e-02,2.644757330417633057e-01
-3.984397277235984802e-02,-1.691964454948902130e-02,2.644486725330352783e-01
-3.984397277235984802e-02,-1.691964454948902130e-02,2.644486725330352783e-01
-4.016470909118652344e-02,-1.608706265687942505e-02,2.644198834896087646e-01
-4.016470909118652344e-02,-1.608706265687942505e-02,2.644198834896087646e-01
-4.048663005232810974e-02,-1.525208819657564163e-02,2.643893957138061523e-01
-4.048663005232810974e-02,-1.525208819657564163e-02,2.643893957138061523e-01
-4.080974683165550232e-02,-1.441472023725509644e-02,2.643570899963378906e-01
-4.080974683165550232e-02,-1.441472023725509644e-02,2.643570899963378906e-01
-4.113405197858810425e-02,-1.357495319098234177e-02,2.643230855464935303e-01
-4.113405197858810425e-02,-1.357495319098234177e-02,2.643230855464935303e-01
-4.145955666899681091e-02,-1.273278705775737762e-02,2.642873525619506836e-01
-4.145955666899681091e-02,-1.273278705775737762e-02,2.642873525619506836e-01
-4.178626090288162231e-02,-1.188821997493505478e-02,2.642498016357421875e-01
-4.178626090288162231e-02,-1.188821997493505478e-02,2.642498016357421875e-01
-4.211415722966194153e-02,-1.104125101119279861e-02,2.642105519771575928e-01
-4.211415722966194153e-02,-1.104125101119279861e-02,2.642105519771575928e-01
-4.244325309991836548e-02,-1.019187737256288528e-02,2.641694843769073486e-01
-4.244325309991836548e-02,-1.019187737256288528e-02,2.641694843769073486e-01
-4.277355223894119263e-02,-9.340095333755016327e-03,2.641266882419586182e-01
-4.277355223894119263e-02,-9.340095333755016327e-03,2.641266882419586182e-01
-4.310505092144012451e-02,-8.485907688736915588e-03,2.640821337699890137e-01
-4.310505092144012451e-02,-8.485907688736915588e-03,2.640821337699890137e-01
-4.343776032328605652e-02,-7.629306986927986145e-03,2.640357613563537598e-01
-4.343776032328605652e-02,-7.629306986927986145e-03,2.640357613563537598e-01
-4.377167299389839172e-02,-6.770295556634664536e-03,2.639876604080200195e-01
-4.377167299389839172e-02,-6.770295556634664536e-03,2.639876604080200195e-01
-4.410678893327713013e-02,-5.908868741244077682e-03,2.639377415180206299e-01
-4.410678893327713013e-02,-5.908868741244077682e-03,2.639377415180206299e-01
-4.444312304258346558e-02,-5.045026075094938278e-03,2.638860642910003662e-01
-4.444312304258346558e-02,-5.045026075094938278e-03,2.638860642910003662e-01
-4.478065669536590576e-02,-4.178765229880809784e-03,2.638325691223144531e-01
-4.478065669536590576e-02,-4.178765229880809784e-03,2.638325691223144531e-01
-4.511940851807594299e-02,-3.310082713142037392e-03,2.637773454189300537e-01
-4.511940851807594299e-02,-3.310082713142037392e-03,2.637773454189300537e-01
-4.545937106013298035e-02,-2.438978990539908409e-03,2.637202739715576172e-01
-4.545937106013298035e-02,-2.438978990539908409e-03,2.637202739715576172e-01
-4.580055177211761475e-02,-1.565451733767986298e-03,2.636614441871643066e-01
-4.580055177211761475e-02,-1.565451733767986298e-03,2.636614441871643066e-01
-4.614294692873954773e-02,-6.894975085742771626e-04,2.636007964611053467e-01
-4.614294692873954773e-02,-6.894975085742771626e-04,2.636007964611053467e-01
-4.648656025528907776e-02,1.888834231067448854e-04,2.635383009910583496e-01
-4.648656025528907776e-02,1.888834231067448854e-04,2.635383009910583496e-01
-4.683139920234680176e-02,1.069694524630904198e-03,2.634740471839904785e-01
-4.683139920234680176e-02,1.069694524630904198e-03,2.634740471839904785e-01
-4.717744886875152588e-02,1.952937338501214981e-03,2.634079754352569580e-01
-4.717744886875152588e-02,1.952937338501214981e-03,2.634079754352569580e-01
-4.752473160624504089e-02,2.838614163920283318e-03,2.633400857448577881e-01
-4.752473160624504089e-02,2.838614163920283318e-03,2.633400857448577881e-01
-4.787323623895645142e-02,3.726727096363902092e-03,2.632703781127929688e-01
-4.787323623895645142e-02,3.726727096363902092e-03,2.632703781127929688e-01
-4.822296649217605591e-02,4.617277532815933228e-03,2.631988525390625000e-01
-4.822296649217605591e-02,4.617277532815933228e-03,2.631988525390625000e-01
-4.857392609119415283e-02,5.510267335921525955e-03,2.631255090236663818e-01
-4.857392609119415283e-02,5.510267335921525955e-03,2.631255090236663818e-01
-4.892611503601074219e-02,6.405698135495185852e-03,2.630503177642822266e-01
-4.892611503601074219e-02,6.405698135495185852e-03,2.630503177642822266e-01
-4.927952960133552551e-02,7.303572725504636765e-03,2.629733383655548096e-01
-4.927952960133552551e-02,7.303572725504636765e-03,2.629733383655548096e-01
1.882967911660671234e-02,9.450913220643997192e-02,-7.043523341417312622e-02
1.882967911660671234e-02,9.450913220643997192e-02,-7.043523341417312622e-02
1.853576675057411194e-02,9.418225288391113281e-02,-6.984080374240875244e-02
1.853576675057411194e-02,9.418225288391113281e-02,-6.984080374240875244e-02
1.824243739247322083e-02,9.385624527931213379e-02,-6.924914568662643433e-02
1.824243739247322083e-02,9.385624527931213379e-02,-6.924914568662643433e-02
1.794969476759433746e-02,9.353113174438476562e-02,-6.866025179624557495e-02
1.794969476759433746e-02,9.353113174438476562e-02,-6.866025179624557495e-02
1.765753887593746185e-02,9.320689737796783447e-02,-6.807415932416915894e-02
1.765753887593746185e-02,9.320689737796783447e-02,-6.807415932416915894e-02
1.736596412956714630e-02,9.288354218006134033e-02,-6.749080866575241089e-02
1.736596412956714630e-02,9.288354218006134033e-02,-6.749080866575241089e-02
1.707497425377368927e-02,9.256106615066528320e-02,-6.691022962331771851e-02
1.707497425377368927e-02,9.256106615066528320e-02,-6.691022962331771851e-02
1.678457483649253845e-02,9.223946183919906616e-02,-6.633239984512329102e-02
1.678457483649253845e-02,9.223946183919906616e-02,-6.633239984512329102e-02
1.649475842714309692e-02,9.191872924566268921e-02,-6.575733423233032227e-02
1.649475842714309692e-02,9.191872924566268921e-02,-6.575733423233032227e-02
1.620552502572536469e-02,9.159886091947555542e-02,-6.518501043319702148e-02
1.620552502572536469e-02,9.159886091947555542e-02,-6.518501043319702148e-02
1.591687835752964020e-02,9.127985686063766479e-02,-6.461542844772338867e-02
1.591687835752964020e-02,9.127985686063766479e-02,-6.461542844772338867e-02
1.562881842255592346e-02,9.096171706914901733e-02,-6.404858827590942383e-02
1.562881842255592346e-02,9.096171706914901733e-02,-6.404858827590942383e-02
1.534134149551391602e-02,9.064443409442901611e-02,-6.348447501659393311e-02
1.534134149551391602e-02,9.064443409442901611e-02,-6.348447501659393311e-02
1.505445130169391632e-02,9.032800048589706421e-02,-6.292309612035751343e-02
1.505445130169391632e-02,9.032800048589706421e-02,-6.292309612035751343e-02
1.476814411580562592e-02,9.001242369413375854e-02,-6.236444413661956787e-02
1.476814411580562592e-02,9.001242369413375854e-02,-6.236444413661956787e-02
1.448242459446191788e-02,8.969768136739730835e-02,-6.180849671363830566e-02
1.448242459446191788e-02,8.969768136739730835e-02,-6.180849671363830566e-02
1.419728994369506836e-02,8.938378840684890747e-02,-6.125526875257492065e-02
1.419728994369506836e-02,8.938378840684890747e-02,-6.125526875257492065e-02
1.391274109482765198e-02,8.907074481248855591e-02,-6.070475652813911438e-02
1.391274109482765198e-02,8.907074481248855591e-02,-6.070475652813911438e-02
1.362877618521451950e-02,8.875854313373565674e-02,-6.015694513916969299e-02
1.362877618521451950e-02,8.875854313373565674e-02,-6.015694513916969299e-02
1.334539707750082016e-02,8.844715356826782227e-02,-5.961183086037635803e-02
1.334539707750082016e-02,8.844715356826782227e-02,-5.961183086037635803e-02
1.306260097771883011e-02,8.813662081956863403e-02,-5.906941741704940796e-02
1.306260097771883011e-02,8.813662081956863403e-02,-5.906941741704940796e-02
1.278039626777172089e-02,8.782691508531570435e-02,-5.852969363331794739e-02
1.278039626777172089e-02,8.782691508531570435e-02,-5.852969363331794739e-02
1.249877177178859711e-02,8.751802891492843628e-02,-5.799265205860137939e-02
1.249877177178859711e-02,8.751802891492843628e-02,-5.799265205860137939e-02
1.221773587167263031e-02,8.720996230840682983e-02,-5.745828896760940552e-02
1.221773587167263031e-02,8.720996230840682983e-02,-5.745828896760940552e-02
1.193728297948837280e-02,8.690272271633148193e-02,-5.692660436034202576e-02
1.193728297948837280e-02,8.690272271633148193e-02,-5.692660436034202576e-02
1.165741402655839920e-02,8.659629523754119873e-02,-5.639758706092834473e-02
1.165741402655839920e-02,8.659629523754119873e-02,-5.639758706092834473e-02
1.137813366949558258e-02,8.629068732261657715e-02,-5.587123706936836243e-02
1.137813366949558258e-02,8.629068732261657715e-02,-5.587123706936836243e-02
1.109943911433219910e-02,8.598588407039642334e-02,-5.534755438566207886e-02
1.109943911433219910e-02,8.598588407039642334e-02,-5.534755438566207886e-02
1.082132756710052490e-02,8.568190038204193115e-02,-5.482652410864830017e-02
1.082132756710052490e-02,8.568190038204193115e-02,-5.482652410864830017e-02
1.054380275309085846e-02,8.537871390581130981e-02,-5.430814623832702637e-02
1.054380275309085846e-02,8.537871390581130981e-02,-5.430814623832702637e-02
1.026686374098062515e-02,8.507632464170455933e-02,-5.379241332411766052e-02
1.026686374098062515e-02,8.507632464170455933e-02,-5.379241332411766052e-02
9.990510530769824982e-03,8.477473258972167969e-02,-5.327932909131050110e-02
9.990510530769824982e-03,8.477473258972167969e-02,-5.327932909131050110e-02
9.714740328490734100e-03,8.447393774986267090e-02,-5.276887491345405579e-02
9.714740328490734100e-03,8.447393774986267090e-02,-5.276887491345405579e-02
9.439556859433650970e-03,8.417393267154693604e-02,-5.226106196641921997e-02
9.439556859433650970e-03,8.417393267154693604e-02,-5.226106196641921997e-02
9.164960123598575592e-03,8.387471735477447510e-02,-5.175587162375450134e-02
9.164960123598575592e-03,8.387471735477447510e-02,-5.175587162375450134e-02
8.890947327017784119e-03,8.357629179954528809e-02,-5.125330388545989990e-02
8.890947327017784119e-03,8.357629179954528809e-02,-5.125330388545989990e-02
8.617520332336425781e-03,8.327865600585937500e-02,-5.075335502624511719e-02
8.617520332336425781e-03,8.327865600585937500e-02,-5.075335502624511719e-02
8.344679139554500580e-03,8.298178017139434814e-02,-5.025602132081985474e-02
8.344679139554500580e-03,8.298178017139434814e-02,-5.025602132081985474e-02
8.072424679994583130e-03,8.268570154905319214e-02,-4.976129531860351562e-02
8.072424679994583130e-03,8.268570154905319214e-02,-4.976129531860351562e-02
7.800753228366374969e-03,8.239038288593292236e-02,-4.926917329430580139e-02
7.800753228366374969e-03,8.239038288593292236e-02,-4.926917329430580139e-02
7.529668509960174561e-03,8.209583163261413574e-02,-4.877964779734611511e-02
7.529668509960174561e-03,8.209583163261413574e-02,-4.877964779734611511e-02
7.259169593453407288e-03,8.180205523967742920e-02,-4.829271882772445679e-02
7.259169593453407288e-03,8.180205523967742920e-02,-4.829271882772445679e-02
6.989256478846073151e-03,8.150904625654220581e-02,-4.780837520956993103e-02
6.989256478846073151e-03,8.150904625654220581e-02,-4.780837520956993103e-02
6.719927303493022919e-03,8.121678233146667480e-02,-4.732662439346313477e-02
6.719927303493022919e-03,8.121678233146667480e-02,-4.732662439346313477e-02
6.451183930039405823e-03,8.092529326677322388e-02,-4.684744775295257568e-02
6.451183930039405823e-03,8.092529326677322388e-02,-4.684744775295257568e-02
6.183029152452945709e-03,8.063456416130065918e-02,-4.637085646390914917e-02
6.183029152452945709e-03,8.063456416130065918e-02,-4.637085646390914917e-02
5.915458779782056808e-03,8.034456521272659302e-02,-4.589682817459106445e-02
5.915458779782056808e-03,8.034456521272659302e-02,-4.589682817459106445e-02
5.648473277688026428e-03,8.005533367395401001e-02,-4.542536288499832153e-02
5.648473277688026428e-03,8.005533367395401001e-02,-4.542536288499832153e-02
5.382073577493429184e-03,7.976683974266052246e-02,-4.495646432042121887e-02
5.382073577493429184e-03,7.976683974266052246e-02,-4.495646432042121887e-02
5.116258747875690460e-03,7.947907596826553345e-02,-4.449011757969856262e-02
5.116258747875690460e-03,7.947907596826553345e-02,-4.449011757969856262e-02
4.851030185818672180e-03,7.919207215309143066e-02,-4.402633011341094971e-02
4.851030185818672180e-03,7.919207215309143066e-02,-4.402633011341094971e-02
4.586386959999799728e-03,7.890578359365463257e-02,-4.356507956981658936e-02
4.586386959999799728e-03,7.890578359365463257e-02,-4.356507956981658936e-02
4.322329070419073105e-03,7.862024009227752686e-02,-4.310637339949607849e-02
4.322329070419073105e-03,7.862024009227752686e-02,-4.310637339949607849e-02
4.058858845382928848e-03,7.833543419837951660e-02,-4.265021160244941711e-02
4.058858845382928848e-03,7.833543419837951660e-02,-4.265021160244941711e-02
3.795971628278493881e-03,7.805133610963821411e-02,-4.219657182693481445e-02
3.795971628278493881e-03,7.805133610963821411e-02,-4.219657182693481445e-02
3.533671144396066666e-03,7.776797562837600708e-02,-4.174546152353286743e-02
3.533671144396066666e-03,7.776797562837600708e-02,-4.174546152353286743e-02
3.271956928074359894e-03,7.748533040285110474e-02,-4.129687324166297913e-02
3.271956928074359894e-03,7.748533040285110474e-02,-4.129687324166297913e-02
3.010828280821442604e-03,7.720340043306350708e-02,-4.085081443190574646e-02
3.010828280821442604e-03,7.720340043306350708e-02,-4.085081443190574646e-02
2.750286133959889412e-03,7.692220062017440796e-02,-4.040725529193878174e-02
2.750286133959889412e-03,7.692220062017440796e-02,-4.040725529193878174e-02
2.490328159183263779e-03,7.664169371128082275e-02,-3.996621444821357727e-02
2.490328159183263779e-03,7.664169371128082275e-02,-3.996621444821357727e-02
2.230954356491565704e-03,7.636189460754394531e-02,-3.952766954898834229e-02
2.230954356491565704e-03,7.636189460754394531e-02,-3.952766954898834229e-02
1.972169149667024612e-03,7.608280330896377563e-02,-3.909162431955337524e-02
1.972169149667024612e-03,7.608280330896377563e-02,-3.909162431955337524e-02
1.713968347758054733e-03,7.580442726612091064e-02,-3.865807503461837769e-02
1.713968347758054733e-03,7.580442726612091064e-02,-3.865807503461837769e-02
1.456353929825127125e-03,7.552672922611236572e-02,-3.822701424360275269e-02
1.456353929825127125e-03,7.552672922611236572e-02,-3.822701424360275269e-02
1.199325430206954479e-03,7.524973899126052856e-02,-3.779844939708709717e-02
1.199325430206954479e-03,7.524973899126052856e-02,-3.779844939708709717e-02
9.428833727724850178e-04,7.497344166040420532e-02,-3.737235069274902344e-02
9.428833727724850178e-04,7.497344166040420532e-02,-3.737235069274902344e-02
6.870264769531786442e-04,7.469783723354339600e-02,-3.694872930645942688e-02
6.870264769531786442e-04,7.469783723354339600e-02,-3.694872930645942688e-02
4.317542770877480507e-04,7.442290335893630981e-02,-3.652758151292800903e-02
4.317542770877480507e-04,7.442290335893630981e-02,-3.652758151292800903e-02
1.770702219801023602e-04,7.414866238832473755e-02,-3.610888868570327759e-02
1.770702219801023602e-04,7.414866238832473755e-02,-3.610888868570327759e-02
-7.702983566559851170e-05,7.387509942054748535e-02,-3.569266945123672485e-02
-7.702983566559851170e-05,7.387509942054748535e-02,-3.569266945123672485e-02
-3.305455320514738560e-04,7.360222190618515015e-02,-3.527889773249626160e-02
-3.305455320514738560e-04,7.360222190618515015e-02,-3.527889773249626160e-02
-5.834722542203962803e-04,7.333001494407653809e-02,-3.486758098006248474e-02
-5.834722542203962803e-04,7.333001494407653809e-02,-3.486758098006248474e-02
-8.358133491128683090e-04,7.305847853422164917e-02,-3.445871174335479736e-02
-8.358133491128683090e-04,7.305847853422164917e-02,-3.445871174335479736e-02
-1.087572192773222923e-03,7.278759032487869263e-02,-3.405227884650230408e-02
-1.087572192773222923e-03,7.278759032487869263e-02,-3.405227884650230408e-02
-1.338740345090627670e-03,7.251739501953125000e-02,-3.364828974008560181e-02
-1.338740345090627670e-03,7.251739501953125000e-02,-3.364828974008560181e-02
-1.589326071552932262e-03,7.224784791469573975e-02,-3.324672207236289978e-02
-1.589326071552932262e-03,7.224784791469573975e-02,-3.324672207236289978e-02
-1.839323784224689007e-03,7.197896391153335571e-02,-3.284759074449539185e-02
-1.839323784224689007e-03,7.197896391153335571e-02,-3.284759074449539185e-02
-2.088737208396196365e-03,7.171072810888290405e-02,-3.245087713003158569e-02
-2.088737208396196365e-03,7.171072810888290405e-02,-3.245087713003158569e-02
-2.337563317269086838e-03,7.144314795732498169e-02,-3.205658495426177979e-02
-2.337563317269086838e-03,7.144314795732498169e-02,-3.205658495426177979e-02
-2.585804322734475136e-03,7.117622345685958862e-02,-3.166470304131507874e-02
-2.585804322734475136e-03,7.117622345685958862e-02,-3.166470304131507874e-02
-2.833458827808499336e-03,7.090992480516433716e-02,-3.127522394061088562e-02
-2.833458827808499336e-03,7.090992480516433716e-02,-3.127522394061088562e-02
-3.080529859289526939e-03,7.064428180456161499e-02,-3.088815696537494659e-02
-3.080529859289526939e-03,7.064428180456161499e-02,-3.088815696537494659e-02
-3.327013459056615829e-03,7.037928700447082520e-02,-3.050348162651062012e-02
-3.327013459056615829e-03,7.037928700447082520e-02,-3.050348162651062012e-02
-3.572907997295260429e-03,7.011491805315017700e-02,-3.012120723724365234e-02
-3.572907997295260429e-03,7.011491805315017700e-02,-3.012120723724365234e-02
-3.818219294771552086e-03,6.985118985176086426e-02,-2.974132075905799866e-02
-3.818219294771552086e-03,6.985118985176086426e-02,-2.974132075905799866e-02
-4.062945954501628876e-03,6.958807259798049927e-02,-2.936381101608276367e-02
-4.062945954501628876e-03,6.958807259798049927e-02,-2.936381101608276367e-02
-4.307084716856479645e-03,6.932560354471206665e-02,-2.898868545889854431e-02
-4.307084716856479645e-03,6.932560354471206665e-02,-2.898868545889854431e-02
-4.550638608634471893e-03,6.906375288963317871e-02,-2.861592918634414673e-02
-4.550638608634471893e-03,6.906375288963317871e-02,-2.861592918634414673e-02
-4.793605301529169083e-03,6.880252808332443237e-02,-2.824554778635501862e-02
-4.793605301529169083e-03,6.880252808332443237e-02,-2.824554778635501862e-02
-5.035985726863145828e-03,6.854192167520523071e-02,-2.787753008306026459e-02
-5.035985726863145828e-03,6.854192167520523071e-02,-2.787753008306026459e-02
-5.277782212942838669e-03,6.828190386295318604e-02,-2.751187048852443695e-02
-5.277782212942838669e-03,6.828190386295318604e-02,-2.751187048852443695e-02
-5.518989637494087219e-03,6.802252680063247681e-02,-2.714857459068298340e-02
-5.518989637494087219e-03,6.802252680063247681e-02,-2.714857459068298340e-02
-5.759614519774913788e-03,6.776375323534011841e-02,-2.678762003779411316e-02
-5.759614519774913788e-03,6.776375323534011841e-02,-2.678762003779411316e-02
-5.999650806188583374e-03,6.750556826591491699e-02,-2.642901614308357239e-02
-5.999650806188583374e-03,6.750556826591491699e-02,-2.642901614308357239e-02
-6.239101756364107132e-03,6.724801659584045410e-02,-2.607274986803531647e-02
-6.239101756364107132e-03,6.724801659584045410e-02,-2.607274986803531647e-02
-6.477967370301485062e-03,6.699103116989135742e-02,-2.571882493793964386e-02
-6.477967370301485062e-03,6.699103116989135742e-02,-2.571882493793964386e-02
-6.716244388371706009e-03,6.673465669155120850e-02,-2.536722831428050995e-02
-6.716244388371706009e-03,6.673465669155120850e-02,-2.536722831428050995e-02
-6.953936535865068436e-03,6.647888571023941040e-02,-2.501795813441276550e-02
-6.953936535865068436e-03,6.647888571023941040e-02,-2.501795813441276550e-02
-7.191043812781572342e-03,6.622369587421417236e-02,-2.467100881040096283e-02
-7.191043812781572342e-03,6.622369587421417236e-02,-2.467100881040096283e-02
-7.427564356476068497e-03,6.596908718347549438e-02,-2.432637661695480347e-02
-7.427564356476068497e-03,6.596908718347549438e-02,-2.432637661695480347e-02
-7.663500029593706131e-03,6.571505963802337646e-02,-2.398405596613883972e-02
-7.663500029593706131e-03,6.571505963802337646e-02,-2.398405596613883972e-02
-7.898847572505474091e-03,6.546162068843841553e-02,-2.364404499530792236e-02
-7.898847572505474091e-03,6.546162068843841553e-02,-2.364404499530792236e-02
-8.133608847856521606e-03,6.520875543355941772e-02,-2.330633997917175293e-02
-8.133608847856521606e-03,6.520875543355941772e-02,-2.330633997917175293e-02
-8.367783389985561371e-03,6.495647877454757690e-02,-2.297092787921428680e-02
-8.367783389985561371e-03,6.495647877454757690e-02,-2.297092787921428680e-02
-8.601373992860317230e-03,6.470475345849990845e-02,-2.263781055808067322e-02
-8.601373992860317230e-03,6.470475345849990845e-02,-2.263781055808067322e-02
-8.834377862513065338e-03,6.445360928773880005e-02,-2.230698429048061371e-02
-8.834377862513065338e-03,6.445360928773880005e-02,-2.230698429048061371e-02
-9.066793136298656464e-03,6.420302391052246094e-02,-2.197843790054321289e-02
-9.066793136298656464e-03,6.420302391052246094e-02,-2.197843790054321289e-02
-9.298625402152538300e-03,6.395299732685089111e-02,-2.165217511355876923e-02
-9.298625402152538300e-03,6.395299732685089111e-02,-2.165217511355876923e-02
-9.529870934784412384e-03,6.370353698730468750e-02,-2.132818475365638733e-02
-9.529870934784412384e-03,6.370353698730468750e-02,-2.132818475365638733e-02
-9.760531596839427948e-03,6.345463544130325317e-02,-2.100645564496517181e-02
-9.760531596839427948e-03,6.345463544130325317e-02,-2.100645564496517181e-02
-9.990603663027286530e-03,6.320627033710479736e-02,-2.068699710071086884e-02
-9.990603663027286530e-03,6.320627033710479736e-02,-2.068699710071086884e-02
-1.022008899599313736e-02,6.295846402645111084e-02,-2.036979608237743378e-02
-1.022008899599313736e-02,6.295846402645111084e-02,-2.036979608237743378e-02
-1.044898945838212967e-02,6.271120905876159668e-02,-2.005485258996486664e-02
-1.044898945838212967e-02,6.271120905876159668e-02,-2.005485258996486664e-02
-1.067730411887168884e-02,6.246449425816535950e-02,-1.974216289818286896e-02
-1.067730411887168884e-02,6.246449425816535950e-02,-1.974216289818286896e-02
-1.090502925217151642e-02,6.221831217408180237e-02,-1.943171583116054535e-02
-1.090502925217151642e-02,6.221831217408180237e-02,-1.943171583116054535e-02
-1.113217137753963470e-02,6.197267398238182068e-02,-1.912350207567214966e-02
-1.113217137753963470e-02,6.197267398238182068e-02,-1.912350207567214966e-02
-1.135872863233089447e-02,6.172757223248481750e-02,-1.881752908229827881e-02
-1.135872863233089447e-02,6.172757223248481750e-02,-1.881752908229827881e-02
-1.158469542860984802e-02,6.148300319910049438e-02,-1.851379126310348511e-02
-1.158469542860984802e-02,6.148300319910049438e-02,-1.851379126310348511e-02
-1.181007549166679382e-02,6.123895198106765747e-02,-1.821227557957172394e-02
-1.181007549166679382e-02,6.123895198106765747e-02,-1.821227557957172394e-02
-1.203487347811460495e-02,6.099542975425720215e-02,-1.791298203170299530e-02
-1.203487347811460495e-02,6.099542975425720215e-02,-1.791298203170299530e-02
-1.225908286869525909e-02,6.075242906808853149e-02,-1.761590503156185150e-02
-1.225908286869525909e-02,6.075242906808853149e-02,-1.761590503156185150e-02
-1.248270552605390549e-02,6.050994247198104858e-02,-1.732104457914829254e-02
-1.248270552605390549e-02,6.050994247198104858e-02,-1.732104457914829254e-02
-1.270574145019054413e-02,6.026797741651535034e-02,-1.702838577330112457e-02
-1.270574145019054413e-02,6.026797741651535034e-02,-1.702838577330112457e-02
-1.292819343507289886e-02,6.002652645111083984e-02,-1.673793047666549683e-02
-1.292819343507289886e-02,6.002652645111083984e-02,-1.673793047666549683e-02
-1.315005775541067123e-02,5.978558212518692017e-02,-1.644966937601566315e-02
-1.315005775541067123e-02,5.978558212518692017e-02,-1.644966937601566315e-02
-1.337133627384901047e-02,5.954514071345329285e-02,-1.616360433399677277e-02
-1.337133627384901047e-02,5.954514071345329285e-02,-1.616360433399677277e-02
-1.359202805906534195e-02,5.930520966649055481e-02,-1.587973162531852722e-02
-1.359202805906534195e-02,5.930520966649055481e-02,-1.587973162531852722e-02
-1.381213217973709106e-02,5.906577035784721375e-02,-1.559803541749715805e-02
-1.381213217973709106e-02,5.906577035784721375e-02,-1.559803541749715805e-02
-1.403165142983198166e-02,5.882683023810386658e-02,-1.531852129846811295e-02
-1.403165142983198166e-02,5.882683023810386658e-02,-1.531852129846811295e-02
-1.425058394670486450e-02,5.858838185667991638e-02,-1.504117716103792191e-02
-1.425058394670486450e-02,5.858838185667991638e-02,-1.504117716103792191e-02
-1.446893066167831421e-02,5.835042893886566162e-02,-1.476600673049688339e-02
-1.446893066167831421e-02,5.835042893886566162e-02,-1.476600673049688339e-02
-1.468669064342975616e-02,5.811295658349990845e-02,-1.449299696832895279e-02
-1.468669064342975616e-02,5.811295658349990845e-02,-1.449299696832895279e-02
-1.490386296063661575e-02,5.787597596645355225e-02,-1.422214321792125702e-02
-1.490386296063661575e-02,5.787597596645355225e-02,-1.422214321792125702e-02
-1.512044854462146759e-02,5.763947218656539917e-02,-1.395345386117696762e-02
-1.512044854462146759e-02,5.763947218656539917e-02,-1.395345386117696762e-02
-1.533644925802946091e-02,5.740344896912574768e-02,-1.368690561503171921e-02
-1.533644925802946091e-02,5.740344896912574768e-02,-1.368690561503171921e-02
-1.555186416953802109e-02,5.716789886355400085e-02,-1.342250779271125793e-02
-1.555186416953802109e-02,5.716789886355400085e-02,-1.342250779271125793e-02
-1.576669141650199890e-02,5.693282186985015869e-02,-1.316024828702211380e-02
-1.576669141650199890e-02,5.693282186985015869e-02,-1.316024828702211380e-02
-1.598093286156654358e-02,5.669820681214332581e-02,-1.290011964738368988e-02
-1.598093286156654358e-02,5.669820681214332581e-02,-1.290011964738368988e-02
-1.619458571076393127e-02,5.646406114101409912e-02,-1.264212746173143387e-02
-1.619458571076393127e-02,5.646406114101409912e-02,-1.264212746173143387e-02
-1.640765368938446045e-02,5.623037740588188171e-02,-1.238625776022672653e-02
-1.640765368938446045e-02,5.623037740588188171e-02,-1.238625776022672653e-02
-1.662013493478298187e-02,5.599715188145637512e-02,-1.213251240551471710e-02
-1.662013493478298187e-02,5.599715188145637512e-02,-1.213251240551471710e-02
-1.683202758431434631e-02,5.576438456773757935e-02,-1.188088115304708481e-02
-1.683202758431434631e-02,5.576438456773757935e-02,-1.188088115304708481e-02
-1.704334095120429993e-02,5.553207546472549438e-02,-1.163135934621095657e-02
-1.704334095120429993e-02,5.553207546472549438e-02,-1.163135934621095657e-02
-1.725405827164649963e-02,5.530021339654922485e-02,-1.138394791632890701e-02
-1.725405827164649963e-02,5.530021339654922485e-02,-1.138394791632890701e-02
-1.746419444680213928e-02,5.506879836320877075e-02,-1.113863661885261536e-02
-1.746419444680213928e-02,5.506879836320877075e-02,-1.113863661885261536e-02
-1.767374575138092041e-02,5.483781918883323669e-02,-1.089541986584663391e-02
-1.767374575138092041e-02,5.483781918883323669e-02,-1.089541986584663391e-02
-1.788270473480224609e-02,5.460729077458381653e-02,-1.065429951995611191e-02
-1.788270473480224609e-02,5.460729077458381653e-02,-1.065429951995611191e-02
-1.809108071029186249e-02,5.437719821929931641e-02,-1.041526719927787781e-02
-1.809108071029186249e-02,5.437719821929931641e-02,-1.041526719927787781e-02
-1.829887181520462036e-02,5.414753034710884094e-02,-1.017831452190876007e-02
-1.829887181520462036e-02,5.414753034710884094e-02,-1.017831452190876007e-02
-1.850607059895992279e-02,5.391830205917358398e-02,-9.943440556526184082e-03
-1.850607059895992279e-02,5.391830205917358398e-02,-9.943440556526184082e-03
-1.871269010007381439e-02,5.368950963020324707e-02,-9.710641577839851379e-03
-1.871269010007381439e-02,5.368950963020324707e-02,-9.710641577839851379e-03
-1.891871728003025055e-02,5.346113070845603943e-02,-9.479907341301441193e-03
-1.891871728003025055e-02,5.346113070845603943e-02,-9.479907341301441193e-03
-1.912415772676467896e-02,5.323318019509315491e-02,-9.251243434846401215e-03
-1.912415772676467896e-02,5.323318019509315491e-02,-9.251243434846401215e-03
-1.932901330292224884e-02,5.300564691424369812e-02,-9.024634957313537598e-03
-1.932901330292224884e-02,5.300564691424369812e-02,-9.024634957313537598e-03
-1.953328400850296021e-02,5.277852341532707214e-02,-8.800075389444828033e-03
-1.953328400850296021e-02,5.277852341532707214e-02,-8.800075389444828033e-03
-1.973696425557136536e-02,5.255181714892387390e-02,-8.577568456530570984e-03
-1.973696425557136536e-02,5.255181714892387390e-02,-8.577568456530570984e-03
-1.994005963206291199e-02,5.232552438974380493e-02,-8.357114158570766449e-03
-1.994005963206291199e-02,5.232552438974380493e-02,-8.357114158570766449e-03
-2.014257013797760010e-02,5.209963023662567139e-02,-8.138690143823623657e-03
-2.014257013797760010e-02,5.209963023662567139e-02,-8.138690143823623657e-03
-2.034449204802513123e-02,5.187414214015007019e-02,-7.922298274934291840e-03
-2.034449204802513123e-02,5.187414214015007019e-02,-7.922298274934291840e-03
-2.054582908749580383e-02,5.164905637502670288e-02,-7.707938086241483688e-03
-2.054582908749580383e-02,5.164905637502670288e-02,-7.707938086241483688e-03
-2.074657566845417023e-02,5.142436549067497253e-02,-7.495613768696784973e-03
-2.074657566845417023e-02,5.142436549067497253e-02,-7.495613768696784973e-03
-2.094673924148082733e-02,5.120007321238517761e-02,-7.285304367542266846e-03
-2.094673924148082733e-02,5.120007321238517761e-02,-7.285304367542266846e-03
-2.114631608128547668e-02,5.097616836428642273e-02,-7.077008485794067383e-03
-2.114631608128547668e-02,5.097616836428642273e-02,-7.077008485794067383e-03
-2.134530246257781982e-02,5.075265094637870789e-02,-6.870727520436048508e-03
-2.134530246257781982e-02,5.075265094637870789e-02,-6.870727520436048508e-03
-2.154370769858360291e-02,5.052951350808143616e-02,-6.666446570307016373e-03
-2.154370769858360291e-02,5.052951350808143616e-02,-6.666446570307016373e-03
-2.174151875078678131e-02,5.030677095055580139e-02,-6.464173551648855209e-03
-2.174151875078678131e-02,5.030677095055580139e-02,-6.464173551648855209e-03
-2.193874679505825043e-02,5.008440092206001282e-02,-6.263892631977796555e-03
-2.193874679505825043e-02,5.008440092206001282e-02,-6.263892631977796555e-03
-2.213539183139801025e-02,4.986241087317466736e-02,-6.065602879971265793e-03
-2.213539183139801025e-02,4.986241087317466736e-02,-6.065602879971265793e-03
-2.233144640922546387e-02,4.964077845215797424e-02,-5.869302432984113693e-03
-2.233144640922546387e-02,4.964077845215797424e-02,-5.869302432984113693e-03
-2.252691425383090973e-02,4.941952228546142578e-02,-5.674986168742179871e-03
-2.252691425383090973e-02,4.941952228546142578e-02,-5.674986168742179871e-03
-2.272179536521434784e-02,4.919863492250442505e-02,-5.482643842697143555e-03
-2.272179536521434784e-02,4.919863492250442505e-02,-5.482643842697143555e-03
-2.291608974337577820e-02,4.897811263799667358e-02,-5.292278248816728592e-03
-2.291608974337577820e-02,4.897811263799667358e-02,-5.292278248816728592e-03
-2.310979738831520081e-02,4.875794425606727600e-02,-5.103876814246177673e-03
-2.310979738831520081e-02,4.875794425606727600e-02,-5.103876814246177673e-03
-2.330292016267776489e-02,4.853813350200653076e-02,-4.917443729937076569e-03
-2.330292016267776489e-02,4.853813350200653076e-02,-4.917443729937076569e-03
-2.349545061588287354e-02,4.831867665052413940e-02,-4.732962697744369507e-03
-2.349545061588287354e-02,4.831867665052413940e-02,-4.732962697744369507e-03
-2.368739806115627289e-02,4.809957742691040039e-02,-4.550440236926078796e-03
-2.368739806115627289e-02,4.809957742691040039e-02,-4.550440236926078796e-03
-2.387875877320766449e-02,4.788080975413322449e-02,-4.369864705950021744e-03
-2.387875877320766449e-02,4.788080975413322449e-02,-4.369864705950021744e-03
-2.406953275203704834e-02,4.766240343451499939e-02,-4.191230982542037964e-03
-2.406953275203704834e-02,4.766240343451499939e-02,-4.191230982542037964e-03
-2.425971627235412598e-02,4.744432866573333740e-02,-4.014541395008563995e-03
-2.425971627235412598e-02,4.744432866573333740e-02,-4.014541395008563995e-03
-2.444932051002979279e-02,4.722660034894943237e-02,-3.839780576527118683e-03
-2.444932051002979279e-02,4.722660034894943237e-02,-3.839780576527118683e-03
-2.463833056390285492e-02,4.700920358300209045e-02,-3.666956676170229912e-03
-2.463833056390285492e-02,4.700920358300209045e-02,-3.666956676170229912e-03
-2.482675760984420776e-02,4.679213091731071472e-02,-3.496051300317049026e-03
-2.482675760984420776e-02,4.679213091731071472e-02,-3.496051300317049026e-03
-2.501459419727325439e-02,4.657539352774620056e-02,-3.327071433886885643e-03
-2.501459419727325439e-02,4.657539352774620056e-02,-3.327071433886885643e-03
-2.520184963941574097e-02,4.635898023843765259e-02,-3.159999381750822067e-03
-2.520184963941574097e-02,4.635898023843765259e-02,-3.159999381750822067e-03
-2.538851089775562286e-02,4.614289104938507080e-02,-2.994843758642673492e-03
-2.538851089775562286e-02,4.614289104938507080e-02,-2.994843758642673492e-03
-2.557458728551864624e-02,4.592712223529815674e-02,-2.831598510965704918e-03
-2.557458728551864624e-02,4.592712223529815674e-02,-2.831598510965704918e-03
-2.576008066534996033e-02,4.571165889501571655e-02,-2.670242451131343842e-03
-2.576008066534996033e-02,4.571165889501571655e-02,-2.670242451131343842e-03
-2.594498172402381897e-02,4.549652710556983948e-02,-2.510794904083013535e-03
-2.594498172402381897e-02,4.549652710556983948e-02,-2.510794904083013535e-03
-2.612930350005626678e-02,4.528168961405754089e-02,-2.353228162974119186e-03
-2.612930350005626678e-02,4.528168961405754089e-02,-2.353228162974119186e-03
-2.631303109228610992e-02,4.506716504693031311e-02,-2.197552239522337914e-03
-2.631303109228610992e-02,4.506716504693031311e-02,-2.197552239522337914e-03
-2.649617753922939301e-02,4.485294595360755920e-02,-2.043759217485785484e-03
-2.649617753922939301e-02,4.485294595360755920e-02,-2.043759217485785484e-03
-2.667873166501522064e-02,4.463902860879898071e-02,-1.891847001388669014e-03
-2.667873166501522064e-02,4.463902860879898071e-02,-1.891847001388669014e-03
-2.686069905757904053e-02,4.442540183663368225e-02,-1.741798245348036289e-03
-2.686069905757904053e-02,4.442540183663368225e-02,-1.741798245348036289e-03
-2.704208157956600189e-02,4.421207681298255920e-02,-1.593624008819460869e-03
-2.704208157956600189e-02,4.421207681298255920e-02,-1.593624008819460869e-03
-2.722287550568580627e-02,4.399904236197471619e-02,-1.447311253286898136e-03
-2.722287550568580627e-02,4.399904236197471619e-02,-1.447311253286898136e-03
-2.740308269858360291e-02,4.378629475831985474e-02,-1.302856369875371456e-03
-2.740308269858360291e-02,4.378629475831985474e-02,-1.302856369875371456e-03
-2.758270502090454102e-02,4.357383027672767639e-02,-1.160253072157502174e-03
-2.758270502090454102e-02,4.357383027672767639e-02,-1.160253072157502174e-03
-2.776173874735832214e-02,4.336164891719818115e-02,-1.019499613903462887e-03
-2.776173874735832214e-02,4.336164891719818115e-02,-1.019499613903462887e-03
-2.794018760323524475e-02,4.314974322915077209e-02,-8.805888355709612370e-04
-2.794018760323524475e-02,4.314974322915077209e-02,-8.805888355709612370e-04
-2.811804786324501038e-02,4.293812066316604614e-02,-7.435152074322104454e-04
-2.811804786324501038e-02,4.293812066316604614e-02,-7.435152074322104454e-04
-2.829531766474246979e-02,4.272677004337310791e-02,-6.082811160013079643e-04
-2.829531766474246979e-02,4.272677004337310791e-02,-6.082811160013079643e-04
-2.847200073301792145e-02,4.251569136977195740e-02,-4.748732899315655231e-04
-2.847200073301792145e-02,4.251569136977195740e-02,-4.748732899315655231e-04
-2.864810079336166382e-02,4.230487346649169922e-02,-3.432882658671587706e-04
-2.864810079336166382e-02,4.230487346649169922e-02,-3.432882658671587706e-04
-2.882361225783824921e-02,4.209432005882263184e-02,-2.135216491296887398e-04
-2.882361225783824921e-02,4.209432005882263184e-02,-2.135216491296887398e-04
-2.899853698909282684e-02,4.188402742147445679e-02,-8.557768887840211391e-05
-2.899853698909282684e-02,4.188402742147445679e-02,-8.557768887840211391e-05
-2.917287312448024750e-02,4.167399555444717407e-02,4.056363104609772563e-05
-2.917287312448024750e-02,4.167399555444717407e-02,4.056363104609772563e-05
-2.934662252664566040e-02,4.146420583128929138e-02,1.649009791435673833e-04
-2.934662252664566040e-02,4.146420583128929138e-02,1.649009791435673833e-04
-2.951978705823421478e-02,4.125468060374259949e-02,2.874328056350350380e-04
-2.951978705823421478e-02,4.125468060374259949e-02,2.874328056350350380e-04
-2.969236113131046295e-02,4.104540124535560608e-02,4.081627994310110807e-04
-2.969236113131046295e-02,4.104540124535560608e-02,4.081627994310110807e-04
-2.986434847116470337e-02,4.083636030554771423e-02,5.271108821034431458e-04
-2.986434847116470337e-02,4.083636030554771423e-02,5.271108821034431458e-04
-3.003574907779693604e-02,4.062756523489952087e-02,6.442728335969150066e-04
-3.003574907779693604e-02,4.062756523489952087e-02,6.442728335969150066e-04
-3.020656481385231018e-02,4.041900485754013062e-02,7.596461218781769276e-04
-3.020656481385231018e-02,4.041900485754013062e-02,7.596461218781769276e-04
-3.037679009139537811e-02,4.021068662405014038e-02,8.732500136829912663e-04
-3.037679009139537811e-02,4.021068662405014038e-02,8.732500136829912663e-04
-3.054642863571643829e-02,4.000259935855865479e-02,9.850801434367895126e-04
-3.054642863571643829e-02,4.000259935855865479e-02,9.850801434367895126e-04
-3.071548230946063995e-02,3.979473933577537537e-02,1.095143845304846764e-03
-3.071548230946063995e-02,3.979473933577537537e-02,1.095143845304846764e-03
-3.088394924998283386e-02,3.958710655570030212e-02,1.203446416184306145e-03
-3.088394924998283386e-02,3.958710655570030212e-02,1.203446416184306145e-03
-3.105182759463787079e-02,3.937968984246253967e-02,1.309987739659845829e-03
-3.105182759463787079e-02,3.937968984246253967e-02,1.309987739659845829e-03
-3.121911361813545227e-02,3.917250409722328186e-02,1.414774102158844471e-03
-3.121911361813545227e-02,3.917250409722328186e-02,1.414774102158844471e-03
-3.138581663370132446e-02,3.896552696824073792e-02,1.517814700491726398e-03
-3.138581663370132446e-02,3.896552696824073792e-02,1.517814700491726398e-03
-3.155193105340003967e-02,3.875876590609550476e-02,1.619116170331835747e-03
-3.155193105340003967e-02,3.875876590609550476e-02,1.619116170331835747e-03
-3.171746432781219482e-02,3.855221718549728394e-02,1.718674902804195881e-03
-3.171746432781219482e-02,3.855221718549728394e-02,1.718674902804195881e-03
-3.188240528106689453e-02,3.834587335586547852e-02,1.816501375287771225e-03
-3.188240528106689453e-02,3.834587335586547852e-02,1.816501375287771225e-03
-3.204675763845443726e-02,3.813973814249038696e-02,1.912595122121274471e-03
-3.204675763845443726e-02,3.813973814249038696e-02,1.912595122121274471e-03
-3.221052512526512146e-02,3.793380036950111389e-02,2.006973372772336006e-03
-3.221052512526512146e-02,3.793380036950111389e-02,2.006973372772336006e-03
-3.237370401620864868e-02,3.772806003689765930e-02,2.099625999107956886e-03
-3.237370401620864868e-02,3.772806003689765930e-02,2.099625999107956886e-03
-3.253629431128501892e-02,3.752252086997032166e-02,2.190565690398216248e-03
-3.253629431128501892e-02,3.752252086997032166e-02,2.190565690398216248e-03
-3.269829601049423218e-02,3.731716424226760864e-02,2.279796637594699860e-03
-3.269829601049423218e-02,3.731716424226760864e-02,2.279796637594699860e-03
-3.285971283912658691e-02,3.711200505495071411e-02,2.367320004850625992e-03
-3.285971283912658691e-02,3.711200505495071411e-02,2.367320004850625992e-03
-3.302055224776268005e-02,3.690702840685844421e-02,2.453144406899809837e-03
-3.302055224776268005e-02,3.690702840685844421e-02,2.453144406899809837e-03
-3.318079188466072083e-02,3.670223429799079895e-02,2.537273801863193512e-03
-3.318079188466072083e-02,3.670223429799079895e-02,2.537273801863193512e-03
-3.334044292569160461e-02,3.649762272834777832e-02,2.619712380692362785e-03
-3.334044292569160461e-02,3.649762272834777832e-02,2.619712380692362785e-03
-3.349951282143592834e-02,3.629318624734878540e-02,2.700464800000190735e-03
-3.349951282143592834e-02,3.629318624734878540e-02,2.700464800000190735e-03
-3.365799039602279663e-02,3.608891367912292480e-02,2.779536880552768707e-03
-3.365799039602279663e-02,3.608891367912292480e-02,2.779536880552768707e-03
-3.381587937474250793e-02,3.588482365012168884e-02,2.856932347640395164e-03
-3.381587937474250793e-02,3.588482365012168884e-02,2.856932347640395164e-03
-3.397318720817565918e-02,3.568089380860328674e-02,2.932658419013023376e-03
-3.397318720817565918e-02,3.568089380860328674e-02,2.932658419013023376e-03
-3.412990272045135498e-02,3.547713160514831543e-02,3.006708342581987381e-03
-3.412990272045135498e-02,3.547713160514831543e-02,3.006708342581987381e-03
-3.428604081273078918e-02,3.527352958917617798e-02,3.079107729718089104e-03
-3.428604081273078918e-02,3.527352958917617798e-02,3.079107729718089104e-03
-3.444157913327217102e-02,3.507008776068687439e-02,3.149847965687513351e-03
-3.444157913327217102e-02,3.507008776068687439e-02,3.149847965687513351e-03
-3.459653630852699280e-02,3.486679121851921082e-02,3.218930913135409355e-03
-3.459653630852699280e-02,3.486679121851921082e-02,3.218930913135409355e-03
-3.475090488791465759e-02,3.466365858912467957e-02,3.286371473222970963e-03
-3.475090488791465759e-02,3.466365858912467957e-02,3.286371473222970963e-03
-3.490468859672546387e-02,3.446066752076148987e-02,3.352170810103416443e-03
-3.490468859672546387e-02,3.446066752076148987e-02,3.352170810103416443e-03
-3.505787625908851624e-02,3.425781801342964172e-02,3.416323568671941757e-03
-3.505787625908851624e-02,3.425781801342964172e-02,3.416323568671941757e-03
-3.521048277616500854e-02,3.405511751770973206e-02,3.478844184428453445e-03
-3.521048277616500854e-02,3.405511751770973206e-02,3.478844184428453445e-03
-3.536250069737434387e-02,3.385255485773086548e-02,3.539742436259984970e-03
-3.536250069737434387e-02,3.385255485773086548e-02,3.539742436259984970e-03
-3.551393002271652222e-02,3.365012630820274353e-02,3.599013667553663254e-03
-3.551393002271652222e-02,3.365012630820274353e-02,3.599013667553663254e-03
-3.566477447748184204e-02,3.344783186912536621e-02,3.656669287011027336e-03
-3.566477447748184204e-02,3.344783186912536621e-02,3.656669287011027336e-03
-3.581503033638000488e-02,3.324566408991813660e-02,3.712707199156284332e-03
-3.581503033638000488e-02,3.324566408991813660e-02,3.712707199156284332e-03
-3.596469759941101074e-02,3.304363042116165161e-02,3.767136251553893089e-03
-3.596469759941101074e-02,3.304363042116165161e-02,3.767136251553893089e-03
-3.611377626657485962e-02,3.284171223640441895e-02,3.819962264969944954e-03
-3.611377626657485962e-02,3.284171223640441895e-02,3.819962264969944954e-03
-3.626226633787155151e-02,3.263992071151733398e-02,3.871190361678600311e-03
-3.626226633787155151e-02,3.263992071151733398e-02,3.871190361678600311e-03
-3.641017898917198181e-02,3.243824467062950134e-02,3.920816816389560699e-03
-3.641017898917198181e-02,3.243824467062950134e-02,3.920816816389560699e-03
-3.655749186873435974e-02,3.223667293787002563e-02,3.968861885368824005e-03
-3.655749186873435974e-02,3.223667293787002563e-02,3.968861885368824005e-03
-3.670422732830047607e-02,3.203522786498069763e-02,4.015309736132621765e-03
-3.670422732830047607e-02,3.203522786498069763e-02,4.015309736132621765e-03
-3.685036674141883850e-02,3.183388337492942810e-02,4.060187377035617828e-03
-3.685036674141883850e-02,3.183388337492942810e-02,4.060187377035617828e-03
-3.699592128396034241e-02,3.163264319300651550e-02,4.103486891835927963e-03
-3.699592128396034241e-02,3.163264319300651550e-02,4.103486891835927963e-03
-3.714088723063468933e-02,3.143150731921195984e-02,4.145215265452861786e-03
-3.714088723063468933e-02,3.143150731921195984e-02,4.145215265452861786e-03
-3.728526458144187927e-02,3.123047202825546265e-02,4.185376223176717758e-03
-3.728526458144187927e-02,3.123047202825546265e-02,4.185376223176717758e-03
-3.742906078696250916e-02,3.102952614426612854e-02,4.223975352942943573e-03
-3.742906078696250916e-02,3.102952614426612854e-02,4.223975352942943573e-03
-3.757225722074508667e-02,3.082867711782455444e-02,4.261013120412826538e-03
-3.757225722074508667e-02,3.082867711782455444e-02,4.261013120412826538e-03
-3.771487995982170105e-02,3.062791749835014343e-02,4.296510014683008194e-03
-3.771487995982170105e-02,3.062791749835014343e-02,4.296510014683008194e-03
-3.785691037774085999e-02,3.042723983526229858e-02,4.330452997237443924e-03
-3.785691037774085999e-02,3.042723983526229858e-02,4.330452997237443924e-03
-3.799834847450256348e-02,3.022664971649646759e-02,4.362855572253465652e-03
-3.799834847450256348e-02,3.022664971649646759e-02,4.362855572253465652e-03
-3.813920542597770691e-02,3.002613596618175507e-02,4.393717739731073380e-03
-3.813920542597770691e-02,3.002613596618175507e-02,4.393717739731073380e-03
-3.827946633100509644e-02,2.982570230960845947e-02,4.423049744218587875e-03
-3.827946633100509644e-02,2.982570230960845947e-02,4.423049744218587875e-03
-3.841914609074592590e-02,2.962534502148628235e-02,4.450854845345020294e-03
-3.841914609074592590e-02,2.962534502148628235e-02,4.450854845345020294e-03
-3.855823725461959839e-02,2.942505106329917908e-02,4.477134440094232559e-03
-3.855823725461959839e-02,2.942505106329917908e-02,4.477134440094232559e-03
-3.869673237204551697e-02,2.922482974827289581e-02,4.501895047724246979e-03
-3.869673237204551697e-02,2.922482974827289581e-02,4.501895047724246979e-03
-3.883465379476547241e-02,2.902467548847198486e-02,4.525138530880212784e-03
-3.883465379476547241e-02,2.902467548847198486e-02,4.525138530880212784e-03
-3.897197172045707703e-02,2.882457897067070007e-02,4.546879790723323822e-03
-3.897197172045707703e-02,2.882457897067070007e-02,4.546879790723323822e-03
-3.910871595144271851e-02,2.862454019486904144e-02,4.567113704979419708e-03
-3.910871595144271851e-02,2.862454019486904144e-02,4.567113704979419708e-03
-3.924486413598060608e-02,2.842455543577671051e-02,4.585850518196821213e-03
-3.924486413598060608e-02,2.842455543577671051e-02,4.585850518196821213e-03
-3.938043117523193359e-02,2.822462469339370728e-02,4.603089764714241028e-03
-3.938043117523193359e-02,2.822462469339370728e-02,4.603089764714241028e-03
-3.951540589332580566e-02,2.802474424242973328e-02,4.618844483047723770e-03
-3.951540589332580566e-02,2.802474424242973328e-02,4.618844483047723770e-03
-3.964979201555252075e-02,2.782490849494934082e-02,4.633108153939247131e-03
-3.964979201555252075e-02,2.782490849494934082e-02,4.633108153939247131e-03
-3.978359326720237732e-02,2.762511186301708221e-02,4.645896144211292267e-03
-3.978359326720237732e-02,2.762511186301708221e-02,4.645896144211292267e-03
-3.991680964827537537e-02,2.742536179721355438e-02,4.657204728573560715e-03
-3.991680964827537537e-02,2.742536179721355438e-02,4.657204728573560715e-03
-4.004942998290061951e-02,2.722564153373241425e-02,4.667042754590511322e-03
-4.004942998290061951e-02,2.722564153373241425e-02,4.667042754590511322e-03
-4.018146917223930359e-02,2.702595666050910950e-02,4.675418604165315628e-03
-4.018146917223930359e-02,2.702595666050910950e-02,4.675418604165315628e-03
-4.031291231513023376e-02,2.682630717754364014e-02,4.682333674281835556e-03
-4.031291231513023376e-02,2.682630717754364014e-02,4.682333674281835556e-03
-4.044377803802490234e-02,2.662667818367481232e-02,4.687787499278783798e-03
-4.044377803802490234e-02,2.662667818367481232e-02,4.687787499278783798e-03
-4.057404771447181702e-02,2.642707712948322296e-02,4.691793583333492279e-03
-4.057404771447181702e-02,2.642707712948322296e-02,4.691793583333492279e-03
-4.070373252034187317e-02,2.622749656438827515e-02,4.694350063800811768e-03
-4.070373252034187317e-02,2.622749656438827515e-02,4.694350063800811768e-03
-4.083283245563507080e-02,2.602793276309967041e-02,4.695464391261339188e-03
-4.083283245563507080e-02,2.602793276309967041e-02,4.695464391261339188e-03
-4.096134006977081299e-02,2.582838200032711029e-02,4.695148207247257233e-03
-4.096134006977081299e-02,2.582838200032711029e-02,4.695148207247257233e-03
-4.108926281332969666e-02,2.562884427607059479e-02,4.693399183452129364e-03
-4.108926281332969666e-02,2.562884427607059479e-02,4.693399183452129364e-03
-4.121659323573112488e-02,2.542931772768497467e-02,4.690216388553380966e-03
-4.121659323573112488e-02,2.542931772768497467e-02,4.690216388553380966e-03
-4.134333878755569458e-02,2.522979304194450378e-02,4.685611929744482040e-03
-4.134333878755569458e-02,2.522979304194450378e-02,4.685611929744482040e-03
-4.146949574351310730e-02,2.503027580678462982e-02,4.679584410041570663e-03
-4.146949574351310730e-02,2.503027580678462982e-02,4.679584410041570663e-03
-4.159506782889366150e-02,2.483074925839900970e-02,4.672151990234851837e-03
-4.159506782889366150e-02,2.483074925839900970e-02,4.672151990234851837e-03
-4.172004759311676025e-02,2.463122643530368805e-02,4.663315135985612869e-03
-4.172004759311676025e-02,2.463122643530368805e-02,4.663315135985612869e-03
-4.184444621205329895e-02,2.443169057369232178e-02,4.653066396713256836e-03
-4.184444621205329895e-02,2.443169057369232178e-02,4.653066396713256836e-03
-4.196824878454208374e-02,2.423214912414550781e-02,4.641416482627391815e-03
-4.196824878454208374e-02,2.423214912414550781e-02,4.641416482627391815e-03
-4.209147021174430847e-02,2.403259091079235077e-02,4.628375638276338577e-03
-4.209147021174430847e-02,2.403259091079235077e-02,4.628375638276338577e-03
-4.221409186720848083e-02,2.383302338421344757e-02,4.613946191966533661e-03
-4.221409186720848083e-02,2.383302338421344757e-02,4.613946191966533661e-03
-4.233613610267639160e-02,2.363342978060245514e-02,4.598136525601148605e-03
-4.233613610267639160e-02,2.363342978060245514e-02,4.598136525601148605e-03
-4.245759174227714539e-02,2.343381755053997040e-02,4.580943845212459564e-03
-4.245759174227714539e-02,2.343381755053997040e-02,4.580943845212459564e-03
-4.257845878601074219e-02,2.323417551815509796e-02,4.562375601381063461e-03
-4.257845878601074219e-02,2.323417551815509796e-02,4.562375601381063461e-03
-4.269873350858688354e-02,2.303450740873813629e-02,4.542433191090822220e-03
-4.269873350858688354e-02,2.303450740873813629e-02,4.542433191090822220e-03
-4.281842708587646484e-02,2.283480577170848846e-02,4.521129652857780457e-03
-4.281842708587646484e-02,2.283480577170848846e-02,4.521129652857780457e-03
-4.293752461671829224e-02,2.263507246971130371e-02,4.498464986681938171e-03
-4.293752461671829224e-02,2.263507246971130371e-02,4.498464986681938171e-03
-4.305603727698326111e-02,2.243529260158538818e-02,4.474448040127754211e-03
-4.305603727698326111e-02,2.243529260158538818e-02,4.474448040127754211e-03
-4.317396134138107300e-02,2.223548479378223419e-02,4.449069965630769730e-03
-4.317396134138107300e-02,2.223548479378223419e-02,4.449069965630769730e-03
-4.329129680991172791e-02,2.203562296926975250e-02,4.422354046255350113e-03
-4.329129680991172791e-02,2.203562296926975250e-02,4.422354046255350113e-03
-4.340804740786552429e-02,2.183571271598339081e-02,4.394300282001495361e-03
-4.340804740786552429e-02,2.183571271598339081e-02,4.394300282001495361e-03
-4.352420940995216370e-02,2.163575589656829834e-02,4.364900756627321243e-03
-4.352420940995216370e-02,2.163575589656829834e-02,4.364900756627321243e-03
-4.363977909088134766e-02,2.143574878573417664e-02,4.334175493568181992e-03
-4.363977909088134766e-02,2.143574878573417664e-02,4.334175493568181992e-03
-4.375476390123367310e-02,2.123568020761013031e-02,4.302117973566055298e-03
-4.375476390123367310e-02,2.123568020761013031e-02,4.302117973566055298e-03
-4.386916384100914001e-02,2.103555016219615936e-02,4.268741235136985779e-03
-4.386916384100914001e-02,2.103555016219615936e-02,4.268741235136985779e-03
-4.398297145962715149e-02,2.083536237478256226e-02,4.234044346958398819e-03
-4.398297145962715149e-02,2.083536237478256226e-02,4.234044346958398819e-03
-4.409619048237800598e-02,2.063510380685329437e-02,4.198039881885051727e-03
-4.409619048237800598e-02,2.063510380685329437e-02,4.198039881885051727e-03
-4.420882463455200195e-02,2.043478004634380341e-02,4.160723183304071426e-03
-4.420882463455200195e-02,2.043478004634380341e-02,4.160723183304071426e-03
-4.432087019085884094e-02,2.023438178002834320e-02,4.122101701796054840e-03
-4.432087019085884094e-02,2.023438178002834320e-02,4.122101701796054840e-03
-4.443232715129852295e-02,2.003390900790691376e-02,4.082183819264173508e-03
-4.443232715129852295e-02,2.003390900790691376e-02,4.082183819264173508e-03
-4.454318434000015259e-02,1.983335800468921661e-02,4.040971398353576660e-03
-4.454318434000015259e-02,1.983335800468921661e-02,4.040971398353576660e-03
-4.465346783399581909e-02,1.963272318243980408e-02,3.998473286628723145e-03
-4.465346783399581909e-02,1.963272318243980408e-02,3.998473286628723145e-03
-4.476316273212432861e-02,1.943200267851352692e-02,3.954688552767038345e-03
-4.476316273212432861e-02,1.943200267851352692e-02,3.954688552767038345e-03
-4.487226158380508423e-02,1.923119463026523590e-02,3.909623250365257263e-03
-4.487226158380508423e-02,1.923119463026523590e-02,3.909623250365257263e-03
-4.498077929019927979e-02,1.903029903769493103e-02,3.863287391141057014e-03
-4.498077929019927979e-02,1.903029903769493103e-02,3.863287391141057014e-03
-4.508870467543601990e-02,1.882930658757686615e-02,3.815679112449288368e-03
-4.508870467543601990e-02,1.882930658757686615e-02,3.815679112449288368e-03
-4.519604519009590149e-02,1.862821727991104126e-02,3.766808658838272095e-03
-4.519604519009590149e-02,1.862821727991104126e-02,3.766808658838272095e-03
-4.530278965830802917e-02,1.842703111469745636e-02,3.716673469170928001e-03
-4.530278965830802917e-02,1.842703111469745636e-02,3.716673469170928001e-03
-4.540895298123359680e-02,1.822573877871036530e-02,3.665277035906910896e-03
-4.540895298123359680e-02,1.822573877871036530e-02,3.665277035906910896e-03
-4.551452770829200745e-02,1.802434027194976807e-02,3.612640080973505974e-03
-4.551452770829200745e-02,1.802434027194976807e-02,3.612640080973505974e-03
-4.561951011419296265e-02,1.782283000648021698e-02,3.558754688128829002e-03
-4.561951011419296265e-02,1.782283000648021698e-02,3.558754688128829002e-03
-4.572390764951705933e-02,1.762121170759201050e-02,3.503628540784120560e-03
-4.572390764951705933e-02,1.762121170759201050e-02,3.503628540784120560e-03
-4.582771658897399902e-02,1.741947606205940247e-02,3.447268623858690262e-03
-4.582771658897399902e-02,1.741947606205940247e-02,3.447268623858690262e-03
-4.593093320727348328e-02,1.721762120723724365e-02,3.389676334336400032e-03
-4.593093320727348328e-02,1.721762120723724365e-02,3.389676334336400032e-03
-4.603356122970581055e-02,1.701564341783523560e-02,3.330851439386606216e-03
-4.603356122970581055e-02,1.701564341783523560e-02,3.330851439386606216e-03
-4.613561183214187622e-02,1.681353710591793060e-02,3.270811168476939201e-03
-4.613561183214187622e-02,1.681353710591793060e-02,3.270811168476939201e-03
-4.623706638813018799e-02,1.661130413413047791e-02,3.209549235180020332e-03
-4.623706638813018799e-02,1.661130413413047791e-02,3.209549235180020332e-03
-4.633792862296104431e-02,1.640894450247287750e-02,3.147078445181250572e-03
-4.633792862296104431e-02,1.640894450247287750e-02,3.147078445181250572e-03
-4.643820971250534058e-02,1.620644703507423401e-02,3.083401126787066460e-03
-4.643820971250534058e-02,1.620644703507423401e-02,3.083401126787066460e-03
-4.653789475560188293e-02,1.600381359457969666e-02,3.018514020368456841e-03
-4.653789475560188293e-02,1.600381359457969666e-02,3.018514020368456841e-03
-4.663699865341186523e-02,1.580103673040866852e-02,2.952439012005925179e-03
-4.663699865341186523e-02,1.580103673040866852e-02,2.952439012005925179e-03
-4.673551023006439209e-02,1.559811923652887344e-02,2.885159570723772049e-03
-4.673551023006439209e-02,1.559811923652887344e-02,2.885159570723772049e-03
-4.683343693614006042e-02,1.539505086839199066e-02,2.816702472046017647e-03
-4.683343693614006042e-02,1.539505086839199066e-02,2.816702472046017647e-03
-4.693077504634857178e-02,1.519183721393346786e-02,2.747050253674387932e-03
-4.693077504634857178e-02,1.519183721393346786e-02,2.747050253674387932e-03
-4.702751711010932922e-02,1.498846802860498428e-02,2.676221542060375214e-03
-4.702751711010932922e-02,1.498846802860498428e-02,2.676221542060375214e-03
-4.712368175387382507e-02,1.478494331240653992e-02,2.604227978736162186e-03
-4.712368175387382507e-02,1.478494331240653992e-02,2.604227978736162186e-03
-4.721925035119056702e-02,1.458125747740268707e-02,2.531061181798577309e-03
-4.721925035119056702e-02,1.458125747740268707e-02,2.531061181798577309e-03
-4.731423780322074890e-02,1.437741052359342575e-02,2.456722548231482506e-03
-4.731423780322074890e-02,1.437741052359342575e-02,2.456722548231482506e-03
-4.740862548351287842e-02,1.417339220643043518e-02,2.381233032792806625e-03
-4.740862548351287842e-02,1.417339220643043518e-02,2.381233032792806625e-03
-4.750242829322814941e-02,1.396921463310718536e-02,2.304584719240665436e-03
-4.750242829322814941e-02,1.396921463310718536e-02,2.304584719240665436e-03
-4.759564995765686035e-02,1.376485917717218399e-02,2.226784592494368553e-03
-4.759564995765686035e-02,1.376485917717218399e-02,2.226784592494368553e-03
-4.768827557563781738e-02,1.356033422052860260e-02,2.147844526916742325e-03
-4.768827557563781738e-02,1.356033422052860260e-02,2.147844526916742325e-03
-4.778031259775161743e-02,1.335562858730554581e-02,2.067758003249764442e-03
-4.778031259775161743e-02,1.335562858730554581e-02,2.067758003249764442e-03
-4.787177219986915588e-02,1.315074041485786438e-02,1.986539922654628754e-03
-4.787177219986915588e-02,1.315074041485786438e-02,1.986539922654628754e-03
-4.796262830495834351e-02,1.294566597789525986e-02,1.904184231534600258e-03
-4.796262830495834351e-02,1.294566597789525986e-02,1.904184231534600258e-03
-4.805290699005126953e-02,1.274040807038545609e-02,1.820714329369366169e-03
-4.805290699005126953e-02,1.274040807038545609e-02,1.820714329369366169e-03
-4.814258962869644165e-02,1.253496110439300537e-02,1.736109144985675812e-03
-4.814258962869644165e-02,1.253496110439300537e-02,1.736109144985675812e-03
-4.823168739676475525e-02,1.232931576669216156e-02,1.650396850891411304e-03
-4.823168739676475525e-02,1.232931576669216156e-02,1.650396850891411304e-03
-4.832020401954650879e-02,1.212347671389579773e-02,1.563568483106791973e-03
-4.832020401954650879e-02,1.212347671389579773e-02,1.563568483106791973e-03
-4.840811714529991150e-02,1.191743835806846619e-02,1.475635450333356857e-03
-4.840811714529991150e-02,1.191743835806846619e-02,1.475635450333356857e-03
-4.849544167518615723e-02,1.171119511127471924e-02,1.386597636155784130e-03
-4.849544167518615723e-02,1.171119511127471924e-02,1.386597636155784130e-03
-4.858218505978584290e-02,1.150474697351455688e-02,1.296461792662739754e-03
-4.858218505978584290e-02,1.150474697351455688e-02,1.296461792662739754e-03
-4.866834729909896851e-02,1.129809115082025528e-02,1.205236068926751614e-03
-4.866834729909896851e-02,1.129809115082025528e-02,1.205236068926751614e-03
-4.875390604138374329e-02,1.109122112393379211e-02,1.112919300794601440e-03
-4.875390604138374329e-02,1.109122112393379211e-02,1.112919300794601440e-03
-4.883888736367225647e-02,1.088413689285516739e-02,1.019519520923495293e-03
-4.883888736367225647e-02,1.088413689285516739e-02,1.019519520923495293e-03
-4.892328009009361267e-02,1.067682914435863495e-02,9.250397561118006706e-04
-4.892328009009361267e-02,1.067682914435863495e-02,9.250397561118006706e-04
-4.900708049535751343e-02,1.046930719166994095e-02,8.294875733554363251e-04
-4.900708049535751343e-02,1.046930719166994095e-02,8.294875733554363251e-04
-4.909028485417366028e-02,1.026155799627304077e-02,7.328703650273382664e-04
-4.909028485417366028e-02,1.026155799627304077e-02,7.328703650273382664e-04
-4.917291179299354553e-02,1.005358155816793442e-02,6.351878400892019272e-04
-4.917291179299354553e-02,1.005358155816793442e-02,6.351878400892019272e-04
-4.925493523478507996e-02,9.845374152064323425e-03,5.364353419281542301e-04
-4.925493523478507996e-02,9.845374152064323425e-03,5.364353419281542301e-04
-4.933638870716094971e-02,9.636929258704185486e-03,4.366478242445737123e-04
-4.933638870716094971e-02,9.636929258704185486e-03,4.366478242445737123e-04
-4.941724613308906555e-02,9.428252466022968292e-03,3.357935056556016207e-04
-4.941724613308906555e-02,9.428252466022968292e-03,3.357935056556016207e-04
-4.949750751256942749e-02,9.219332598149776459e-03,2.338994963793084025e-04
-4.949750751256942749e-02,9.219332598149776459e-03,2.338994963793084025e-04
-4.957719147205352783e-02,9.010168723762035370e-03,1.309648068854585290e-04
-4.957719147205352783e-02,9.010168723762035370e-03,1.309648068854585290e-04
-4.965627938508987427e-02,8.800760842859745026e-03,2.700164259294979274e-05
-4.965627938508987427e-02,8.800760842859745026e-03,2.700164259294979274e-05
-4.973478242754936218e-02,8.591102436184883118e-03,-7.799902232363820076e-05
-4.973478242754936218e-02,8.591102436184883118e-03,-7.799902232363820076e-05
-4.981268942356109619e-02,8.381189778447151184e-03,-1.840252371039241552e-04
-4.981268942356109619e-02,8.381189778447151184e-03,-1.840252371039241552e-04
-4.989001527428627014e-02,8.171021938323974609e-03,-2.910665061790496111e-04
-4.989001527428627014e-02,8.171021938323974609e-03,-2.910665061790496111e-04
-4.996675252914428711e-02,7.960596121847629547e-03,-3.991345583926886320e-04
-4.996675252914428711e-02,7.960596121847629547e-03,-3.991345583926886320e-04
-5.004289746284484863e-02,7.749910000711679459e-03,-5.082022980786859989e-04
-5.004289746284484863e-02,7.749910000711679459e-03,-5.082022980786859989e-04
-5.011845752596855164e-02,7.538957521319389343e-03,-6.182818906381726265e-04
-5.011845752596855164e-02,7.538957521319389343e-03,-6.182818906381726265e-04
-5.019342154264450073e-02,7.327734492719173431e-03,-7.293705129995942116e-04
-5.019342154264450073e-02,7.327734492719173431e-03,-7.293705129995942116e-04
-5.026780441403388977e-02,7.116242777556180954e-03,-8.414519252255558968e-04
-5.026780441403388977e-02,7.116242777556180954e-03,-8.414519252255558968e-04
-5.034159868955612183e-02,6.904479581862688065e-03,-9.545154753141105175e-04
-5.034159868955612183e-02,6.904479581862688065e-03,-9.545154753141105175e-04
-5.041479691863059998e-02,6.692430935800075531e-03,-1.068581244908273220e-03
-5.041479691863059998e-02,6.692430935800075531e-03,-1.068581244908273220e-03
-5.048740655183792114e-02,6.480107083916664124e-03,-1.183621934615075588e-03
-5.048740655183792114e-02,6.480107083916664124e-03,-1.183621934615075588e-03
-5.055943876504898071e-02,6.267501506954431534e-03,-1.299645984545350075e-03
-5.055943876504898071e-02,6.267501506954431534e-03,-1.299645984545350075e-03
-5.063087120652198792e-02,6.054604891687631607e-03,-1.416641753166913986e-03
-5.063087120652198792e-02,6.054604891687631607e-03,-1.416641753166913986e-03
-5.070171505212783813e-02,5.841419566422700882e-03,-1.534602488391101360e-03
-5.070171505212783813e-02,5.841419566422700882e-03,-1.534602488391101360e-03
-5.077197402715682983e-02,5.627941805869340897e-03,-1.653528423048555851e-03
-5.077197402715682983e-02,5.627941805869340897e-03,-1.653528423048555851e-03
-5.084164440631866455e-02,5.414168816059827805e-03,-1.773411640897393227e-03
-5.084164440631866455e-02,5.414168816059827805e-03,-1.773411640897393227e-03
-5.091072246432304382e-02,5.200093612074851990e-03,-1.894249580800533295e-03
-5.091072246432304382e-02,5.200093612074851990e-03,-1.894249580800533295e-03
-5.097921192646026611e-02,4.985718056559562683e-03,-2.016037935391068459e-03
-5.097921192646026611e-02,4.985718056559562683e-03,-2.016037935391068459e-03
-5.104711651802062988e-02,4.771037492901086807e-03,-2.138773212209343910e-03
-5.104711651802062988e-02,4.771037492901086807e-03,-2.138773212209343910e-03
-5.111443251371383667e-02,4.556045401841402054e-03,-2.262448659166693687e-03
-5.111443251371383667e-02,4.556045401841402054e-03,-2.262448659166693687e-03
-5.118114873766899109e-02,4.340744577348232269e-03,-2.387056592851877213e-03
-5.118114873766899109e-02,4.340744577348232269e-03,-2.387056592851877213e-03
-5.124729126691818237e-02,4.125129431486129761e-03,-2.512593753635883331e-03
-5.124729126691818237e-02,4.125129431486129761e-03,-2.512593753635883331e-03
-5.131283774971961975e-02,3.909194376319646835e-03,-2.639051759615540504e-03
-5.131283774971961975e-02,3.909194376319646835e-03,-2.639051759615540504e-03
-5.137779563665390015e-02,3.692939179018139839e-03,-2.766440389677882195e-03
-5.137779563665390015e-02,3.692939179018139839e-03,-2.766440389677882195e-03
-5.144216492772102356e-02,3.476361976936459541e-03,-2.894739387556910515e-03
-5.144216492772102356e-02,3.476361976936459541e-03,-2.894739387556910515e-03
-5.150594562292098999e-02,3.259453224018216133e-03,-3.023953642696142197e-03
-5.150594562292098999e-02,3.259453224018216133e-03,-3.023953642696142197e-03
-5.156913772225379944e-02,3.042214317247271538e-03,-3.154067555442452431e-03
-5.156913772225379944e-02,3.042214317247271538e-03,-3.154067555442452431e-03
-5.163173377513885498e-02,2.824645955115556717e-03,-3.285085549578070641e-03
-5.163173377513885498e-02,2.824645955115556717e-03,-3.285085549578070641e-03
-5.169375240802764893e-02,2.606737893074750900e-03,-3.417008556425571442e-03
-5.169375240802764893e-02,2.606737893074750900e-03,-3.417008556425571442e-03
-5.175517499446868896e-02,2.388490131124854088e-03,-3.549808869138360023e-03
-5.175517499446868896e-02,2.388490131124854088e-03,-3.549808869138360023e-03
-5.181600898504257202e-02,2.169900806620717049e-03,-3.683503251522779465e-03
-5.181600898504257202e-02,2.169900806620717049e-03,-3.683503251522779465e-03
-5.187625065445899963e-02,1.950966310687363148e-03,-3.818084020167589188e-03
-5.187625065445899963e-02,1.950966310687363148e-03,-3.818084020167589188e-03
-5.193590745329856873e-02,1.731680356897413731e-03,-3.953539766371250153e-03
-5.193590745329856873e-02,1.731680356897413731e-03,-3.953539766371250153e-03
-5.199497565627098083e-02,1.512047019787132740e-03,-4.089867230504751205e-03
-5.199497565627098083e-02,1.512047019787132740e-03,-4.089867230504751205e-03
-5.205345898866653442e-02,1.292052678763866425e-03,-4.227066412568092346e-03
-5.205345898866653442e-02,1.292052678763866425e-03,-4.227066412568092346e-03
-5.211134627461433411e-02,1.071705133654177189e-03,-4.365122411400079727e-03
-5.211134627461433411e-02,1.071705133654177189e-03,-4.365122411400079727e-03
-5.216864123940467834e-02,8.509926265105605125e-04,-4.504043608903884888e-03
-5.216864123940467834e-02,8.509926265105605125e-04,-4.504043608903884888e-03
-5.222535505890846252e-02,6.299171363934874535e-04,-4.643815103918313980e-03
-5.222535505890846252e-02,6.299171363934874535e-04,-4.643815103918313980e-03
-5.228147283196449280e-02,4.084689135197550058e-04,-4.784428980201482773e-03
-5.228147283196449280e-02,4.084689135197550058e-04,-4.784428980201482773e-03
-5.233701318502426147e-02,1.866576640168204904e-04,-4.925901070237159729e-03
-5.233701318502426147e-02,1.866576640168204904e-04,-4.925901070237159729e-03
-5.239195749163627625e-02,-3.553218630258925259e-05,-5.068201106041669846e-03
-5.239195749163627625e-02,-3.553218630258925259e-05,-5.068201106041669846e-03
-5.244631692767143250e-02,-2.580967266112565994e-04,-5.211341194808483124e-03
-5.244631692767143250e-02,-2.580967266112565994e-04,-5.211341194808483124e-03
-5.250007659196853638e-02,-4.810437967535108328e-04,-5.355309229344129562e-03
-5.250007659196853638e-02,-4.810437967535108328e-04,-5.355309229344129562e-03
-5.255325138568878174e-02,-7.043713703751564026e-04,-5.500102881342172623e-03
-5.255325138568878174e-02,-7.043713703751564026e-04,-5.500102881342172623e-03
-5.260583758354187012e-02,-9.280854137614369392e-04,-5.645713768899440765e-03
-5.260583758354187012e-02,-9.280854137614369392e-04,-5.645713768899440765e-03
-5.265783518552780151e-02,-1.152189797721803188e-03,-5.792143288999795914e-03
-5.265783518552780151e-02,-1.152189797721803188e-03,-5.792143288999795914e-03
-5.270925164222717285e-02,-1.376688247546553612e-03,-5.939383525401353836e-03
-5.270925164222717285e-02,-1.376688247546553612e-03,-5.939383525401353836e-03
-5.276006087660789490e-02,-1.601577154360711575e-03,-6.087430752813816071e-03
-5.276006087660789490e-02,-1.601577154360711575e-03,-6.087430752813816071e-03
-5.281030014157295227e-02,-1.826870022341609001e-03,-6.236270070075988770e-03
-5.281030014157295227e-02,-1.826870022341609001e-03,-6.236270070075988770e-03
-5.285993963479995728e-02,-2.052563009783625603e-03,-6.385921500623226166e-03
-5.285993963479995728e-02,-2.052563009783625603e-03,-6.385921500623226166e-03
-5.290899053215980530e-02,-2.278659725561738014e-03,-6.536354310810565948e-03
-5.290899053215980530e-02,-2.278659725561738014e-03,-6.536354310810565948e-03
-5.295744910836219788e-02,-2.505168551579117775e-03,-6.687576416879892349e-03
-5.295744910836219788e-02,-2.505168551579117775e-03,-6.687576416879892349e-03
-5.300532653927803040e-02,-2.732085064053535461e-03,-6.839576642960309982e-03
-5.300532653927803040e-02,-2.732085064053535461e-03,-6.839576642960309982e-03
-5.305260792374610901e-02,-2.959417179226875305e-03,-6.992354989051818848e-03
-5.305260792374610901e-02,-2.959417179226875305e-03,-6.992354989051818848e-03
-5.309930443763732910e-02,-3.187166992574930191e-03,-7.145909592509269714e-03
-5.309930443763732910e-02,-3.187166992574930191e-03,-7.145909592509269714e-03
-5.314540863037109375e-02,-3.415336599573493004e-03,-7.300226949155330658e-03
-5.314540863037109375e-02,-3.415336599573493004e-03,-7.300226949155330658e-03
-5.319092795252799988e-02,-3.643927630037069321e-03,-7.455317303538322449e-03
-5.319092795252799988e-02,-3.643927630037069321e-03,-7.455317303538322449e-03
-5.323585495352745056e-02,-3.872949862852692604e-03,-7.611155975610017776e-03
-5.323585495352745056e-02,-3.872949862852692604e-03,-7.611155975610017776e-03
-5.328019335865974426e-02,-4.102399572730064392e-03,-7.767748087644577026e-03
-5.328019335865974426e-02,-4.102399572730064392e-03,-7.767748087644577026e-03
-5.332393944263458252e-02,-4.332282580435276031e-03,-7.925094105303287506e-03
-5.332393944263458252e-02,-4.332282580435276031e-03,-7.925094105303287506e-03
-5.336709693074226379e-02,-4.562600515782833099e-03,-8.083178661763668060e-03
-5.336709693074226379e-02,-4.562600515782833099e-03,-8.083178661763668060e-03
-5.340966954827308655e-02,-4.793357569724321365e-03,-8.242001757025718689e-03
-5.340966954827308655e-02,-4.793357569724321365e-03,-8.242001757025718689e-03
-5.345164984464645386e-02,-5.024557933211326599e-03,-8.401566185057163239e-03
-5.345164984464645386e-02,-5.024557933211326599e-03,-8.401566185057163239e-03
-5.349303781986236572e-02,-5.256203003227710724e-03,-8.561857044696807861e-03
-5.349303781986236572e-02,-5.256203003227710724e-03,-8.561857044696807861e-03
-5.353384092450141907e-02,-5.488299299031496048e-03,-8.722865022718906403e-03
-5.353384092450141907e-02,-5.488299299031496048e-03,-8.722865022718906403e-03
-5.357405543327331543e-02,-5.720844026654958725e-03,-8.884602226316928864e-03
-5.357405543327331543e-02,-5.720844026654958725e-03,-8.884602226316928864e-03
-5.361367762088775635e-02,-5.953843705356121063e-03,-9.047052823007106781e-03
-5.361367762088775635e-02,-5.953843705356121063e-03,-9.047052823007106781e-03
-5.365271121263504028e-02,-6.187301594763994217e-03,-9.210209362208843231e-03
-5.365271121263504028e-02,-6.187301594763994217e-03,-9.210209362208843231e-03
-5.369115248322486877e-02,-6.421220488846302032e-03,-9.374078363180160522e-03
-5.369115248322486877e-02,-6.421220488846302032e-03,-9.374078363180160522e-03
-5.372900888323783875e-02,-6.655605975538492203e-03,-9.538634680211544037e-03
-5.372900888323783875e-02,-6.655605975538492203e-03,-9.538634680211544037e-03
-5.376627668738365173e-02,-6.890453398227691650e-03,-9.703901596367359161e-03
-5.376627668738365173e-02,-6.890453398227691650e-03,-9.703901596367359161e-03
-5.380295589566230774e-02,-7.125773467123508453e-03,-9.869850240647792816e-03
-5.380295589566230774e-02,-7.125773467123508453e-03,-9.869850240647792816e-03
-5.383903905749320984e-02,-7.361569441854953766e-03,-1.003649085760116577e-02
-5.383903905749320984e-02,-7.361569441854953766e-03,-1.003649085760116577e-02
-5.387453362345695496e-02,-7.597839925438165665e-03,-1.020380947738885880e-02
-5.387453362345695496e-02,-7.597839925438165665e-03,-1.020380947738885880e-02
-5.390944331884384155e-02,-7.834588177502155304e-03,-1.037180330604314804e-02
-5.390944331884384155e-02,-7.834588177502155304e-03,-1.037180330604314804e-02
-5.394376441836357117e-02,-8.071823045611381531e-03,-1.054047979414463043e-02
-5.394376441836357117e-02,-8.071823045611381531e-03,-1.054047979414463043e-02
-5.397748947143554688e-02,-8.309539407491683960e-03,-1.070981007069349289e-02
-5.397748947143554688e-02,-8.309539407491683960e-03,-1.070981007069349289e-02
-5.401062965393066406e-02,-8.547747507691383362e-03,-1.087980531156063080e-02
-5.401062965393066406e-02,-8.547747507691383362e-03,-1.087980531156063080e-02
-5.404318124055862427e-02,-8.786446414887905121e-03,-1.105046551674604416e-02
-5.404318124055862427e-02,-8.786446414887905121e-03,-1.105046551674604416e-02
-5.407514423131942749e-02,-9.025641717016696930e-03,-1.122177019715309143e-02
-5.407514423131942749e-02,-9.025641717016696930e-03,-1.122177019715309143e-02
-5.410651117563247681e-02,-9.265335276722908020e-03,-1.139372773468494415e-02
-5.410651117563247681e-02,-9.265335276722908020e-03,-1.139372773468494415e-02
-5.413729324936866760e-02,-9.505526162683963776e-03,-1.156632695347070694e-02
-5.413729324936866760e-02,-9.505526162683963776e-03,-1.156632695347070694e-02
-5.416749045252799988e-02,-9.746226482093334198e-03,-1.173956971615552902e-02
-5.416749045252799988e-02,-9.746226482093334198e-03,-1.173956971615552902e-02
-5.419708788394927979e-02,-9.987432509660720825e-03,-1.191344484686851501e-02
-5.419708788394927979e-02,-9.987432509660720825e-03,-1.191344484686851501e-02
-5.422609671950340271e-02,-1.022914983332157135e-02,-1.208794210106134415e-02
-5.422609671950340271e-02,-1.022914983332157135e-02,-1.208794210106134415e-02
-5.425452068448066711e-02,-1.047137845307588577e-02,-1.226307172328233719e-02
-5.425452068448066711e-02,-1.047137845307588577e-02,-1.226307172328233719e-02
-5.428235232830047607e-02,-1.071412861347198486e-02,-1.243881043046712875e-02
-5.428235232830047607e-02,-1.071412861347198486e-02,-1.243881043046712875e-02
-5.430960282683372498e-02,-1.095739286392927170e-02,-1.261516939848661423e-02
-5.430960282683372498e-02,-1.095739286392927170e-02,-1.261516939848661423e-02
-5.433625355362892151e-02,-1.120118517428636551e-02,-1.279214303940534592e-02
-5.433625355362892151e-02,-1.120118517428636551e-02,-1.279214303940534592e-02
-5.436232313513755798e-02,-1.144549995660781860e-02,-1.296971645206212997e-02
-5.436232313513755798e-02,-1.144549995660781860e-02,-1.296971645206212997e-02
-5.438779294490814209e-02,-1.169035118073225021e-02,-1.314788777381181717e-02
-5.438779294490814209e-02,-1.169035118073225021e-02,-1.314788777381181717e-02
-5.441267415881156921e-02,-1.193572580814361572e-02,-1.332666631788015366e-02
-5.441267415881156921e-02,-1.193572580814361572e-02,-1.332666631788015366e-02
-5.443697795271873474e-02,-1.218164060264825821e-02,-1.350602135062217712e-02
-5.443697795271873474e-02,-1.218164060264825821e-02,-1.350602135062217712e-02
-5.446068197488784790e-02,-1.242809183895587921e-02,-1.368597336113452911e-02
-5.446068197488784790e-02,-1.242809183895587921e-02,-1.368597336113452911e-02
-5.448379367589950562e-02,-1.267508603632450104e-02,-1.386649534106254578e-02
-5.448379367589950562e-02,-1.267508603632450104e-02,-1.386649534106254578e-02
-5.450632423162460327e-02,-1.292262692004442215e-02,-1.404759380966424942e-02
-5.450632423162460327e-02,-1.292262692004442215e-02,-1.404759380966424942e-02
-5.452825874090194702e-02,-1.317071449011564255e-02,-1.422927435487508774e-02
-5.452825874090194702e-02,-1.317071449011564255e-02,-1.422927435487508774e-02
-5.454960465431213379e-02,-1.341935154050588608e-02,-1.441151462495326996e-02
-5.454960465431213379e-02,-1.341935154050588608e-02,-1.441151462495326996e-02
-5.457036569714546204e-02,-1.366854365915060043e-02,-1.459431834518909454e-02
-5.457036569714546204e-02,-1.366854365915060043e-02,-1.459431834518909454e-02
-5.459053069353103638e-02,-1.391829550266265869e-02,-1.477768551558256149e-02
-5.459053069353103638e-02,-1.391829550266265869e-02,-1.477768551558256149e-02
-5.461011081933975220e-02,-1.416860334575176239e-02,-1.496159750968217850e-02
-5.461011081933975220e-02,-1.416860334575176239e-02,-1.496159750968217850e-02
-5.462910607457160950e-02,-1.441947557032108307e-02,-1.514605432748794556e-02
-5.462910607457160950e-02,-1.441947557032108307e-02,-1.514605432748794556e-02
-5.464750155806541443e-02,-1.467091776430606842e-02,-1.533106248825788498e-02
-5.464750155806541443e-02,-1.467091776430606842e-02,-1.533106248825788498e-02
-5.466530844569206238e-02,-1.492292899638414383e-02,-1.551660243421792984e-02
-5.466530844569206238e-02,-1.492292899638414383e-02,-1.551660243421792984e-02
-5.468252673745155334e-02,-1.517550833523273468e-02,-1.570268161594867706e-02
-5.468252673745155334e-02,-1.517550833523273468e-02,-1.570268161594867706e-02
-5.469915643334388733e-02,-1.542866975069046021e-02,-1.588928140699863434e-02
-5.469915643334388733e-02,-1.542866975069046021e-02,-1.588928140699863434e-02
-5.471520125865936279e-02,-1.568240672349929810e-02,-1.607641205191612244e-02
-5.471520125865936279e-02,-1.568240672349929810e-02,-1.607641205191612244e-02
-5.473064631223678589e-02,-1.593672856688499451e-02,-1.626406051218509674e-02
-5.473064631223678589e-02,-1.593672856688499451e-02,-1.626406051218509674e-02
-5.474550649523735046e-02,-1.619163341820240021e-02,-1.645221933722496033e-02
-5.474550649523735046e-02,-1.619163341820240021e-02,-1.645221933722496033e-02
-5.475978180766105652e-02,-1.644712686538696289e-02,-1.664089038968086243e-02
-5.475978180766105652e-02,-1.644712686538696289e-02,-1.664089038968086243e-02
-5.477345734834671021e-02,-1.670321077108383179e-02,-1.683006435632705688e-02
-5.477345734834671021e-02,-1.670321077108383179e-02,-1.683006435632705688e-02
-5.478655174374580383e-02,-1.695989258587360382e-02,-1.701973937451839447e-02
-5.478655174374580383e-02,-1.695989258587360382e-02,-1.701973937451839447e-02
-5.479905009269714355e-02,-1.721717230975627899e-02,-1.720990613102912903e-02
-5.479905009269714355e-02,-1.721717230975627899e-02,-1.720990613102912903e-02
-5.481096357107162476e-02,-1.747504808008670807e-02,-1.740057207643985748e-02
-5.481096357107162476e-02,-1.747504808008670807e-02,-1.740057207643985748e-02
-5.482228472828865051e-02,-1.773352921009063721e-02,-1.759171299636363983e-02
-5.482228472828865051e-02,-1.773352921009063721e-02,-1.759171299636363983e-02
-5.483302101492881775e-02,-1.799261942505836487e-02,-1.778334006667137146e-02
-5.483302101492881775e-02,-1.799261942505836487e-02,-1.778334006667137146e-02
-5.484315752983093262e-02,-1.825231872498989105e-02,-1.797544397413730621e-02
-5.484315752983093262e-02,-1.825231872498989105e-02,-1.797544397413730621e-02
-5.485271289944648743e-02,-1.851263269782066345e-02,-1.816801726818084717e-02
-5.485271289944648743e-02,-1.851263269782066345e-02,-1.816801726818084717e-02
-5.486167222261428833e-02,-1.877356320619583130e-02,-1.836105808615684509e-02
-5.486167222261428833e-02,-1.877356320619583130e-02,-1.836105808615684509e-02
-5.487004294991493225e-02,-1.903511025011539459e-02,-1.855455338954925537e-02
-5.487004294991493225e-02,-1.903511025011539459e-02,-1.855455338954925537e-02
-5.487782508134841919e-02,-1.929728128015995026e-02,-1.874851249158382416e-02
-5.487782508134841919e-02,-1.929728128015995026e-02,-1.874851249158382416e-02
-5.488501861691474915e-02,-1.956007629632949829e-02,-1.894292794167995453e-02
-5.488501861691474915e-02,-1.956007629632949829e-02,-1.894292794167995453e-02
-5.489161610603332520e-02,-1.982350088655948639e-02,-1.913778297603130341e-02
-5.489161610603332520e-02,-1.982350088655948639e-02,-1.913778297603130341e-02
-5.489762872457504272e-02,-2.008756063878536224e-02,-1.933308131992816925e-02
-5.489762872457504272e-02,-2.008756063878536224e-02,-1.933308131992816925e-02
-5.490305274724960327e-02,-2.035225369036197662e-02,-1.952881924808025360e-02
-5.490305274724960327e-02,-2.035225369036197662e-02,-1.952881924808025360e-02
-5.490788444876670837e-02,-2.061758562922477722e-02,-1.972499117255210876e-02
-5.490788444876670837e-02,-2.061758562922477722e-02,-1.972499117255210876e-02
-5.491212755441665649e-02,-2.088355831801891327e-02,-1.992158778011798859e-02
-5.491212755441665649e-02,-2.088355831801891327e-02,-1.992158778011798859e-02
-5.491578206419944763e-02,-2.115016989409923553e-02,-2.011860720813274384e-02
-5.491578206419944763e-02,-2.115016989409923553e-02,-2.011860720813274384e-02
-5.491884425282478333e-02,-2.141743525862693787e-02,-2.031604573130607605e-02
-5.491884425282478333e-02,-2.141743525862693787e-02,-2.031604573130607605e-02
-5.492131784558296204e-02,-2.168535068631172180e-02,-2.051389776170253754e-02
-5.492131784558296204e-02,-2.168535068631172180e-02,-2.051389776170253754e-02
-5.492320284247398376e-02,-2.195392362773418427e-02,-2.071216329932212830e-02
-5.492320284247398376e-02,-2.195392362773418427e-02,-2.071216329932212830e-02
-5.492449179291725159e-02,-2.222314290702342987e-02,-2.091083303093910217e-02
-5.492449179291725159e-02,-2.222314290702342987e-02,-2.091083303093910217e-02
-5.492519587278366089e-02,-2.249302715063095093e-02,-2.110989950597286224e-02
-5.492519587278366089e-02,-2.249302715063095093e-02,-2.110989950597286224e-02
-5.492530763149261475e-02,-2.276357449591159821e-02,-2.130935527384281158e-02
-5.492530763149261475e-02,-2.276357449591159821e-02,-2.130935527384281158e-02
-5.492483079433441162e-02,-2.303478866815567017e-02,-2.150920964777469635e-02
-5.492483079433441162e-02,-2.303478866815567017e-02,-2.150920964777469635e-02
-5.492376163601875305e-02,-2.330667711794376373e-02,-2.170944586396217346e-02
-5.492376163601875305e-02,-2.330667711794376373e-02,-2.170944586396217346e-02
-5.492210015654563904e-02,-2.357922680675983429e-02,-2.191006019711494446e-02
-5.492210015654563904e-02,-2.357922680675983429e-02,-2.191006019711494446e-02
-5.491985753178596497e-02,-2.385246008634567261e-02,-2.211104705929756165e-02
-5.491985753178596497e-02,-2.385246008634567261e-02,-2.211104705929756165e-02
-5.491701886057853699e-02,-2.412636578083038330e-02,-2.231241017580032349e-02
-5.491701886057853699e-02,-2.412636578083038330e-02,-2.231241017580032349e-02
-5.491359159350395203e-02,-2.440096251666545868e-02,-2.251414209604263306e-02
-5.491359159350395203e-02,-2.440096251666545868e-02,-2.251414209604263306e-02
-5.490957200527191162e-02,-2.467623911798000336e-02,-2.271622791886329651e-02
-5.490957200527191162e-02,-2.467623911798000336e-02,-2.271622791886329651e-02
-5.490496382117271423e-02,-2.495219558477401733e-02,-2.291867695748806000e-02
-5.490496382117271423e-02,-2.495219558477401733e-02,-2.291867695748806000e-02
-5.489975959062576294e-02,-2.522885613143444061e-02,-2.312147058546543121e-02
-5.489975959062576294e-02,-2.522885613143444061e-02,-2.312147058546543121e-02
-5.489397794008255005e-02,-2.550620399415493011e-02,-2.332461811602115631e-02
-5.489397794008255005e-02,-2.550620399415493011e-02,-2.332461811602115631e-02
-5.488760024309158325e-02,-2.578424662351608276e-02,-2.352810464799404144e-02
-5.488760024309158325e-02,-2.578424662351608276e-02,-2.352810464799404144e-02
-5.488063022494316101e-02,-2.606299519538879395e-02,-2.373193204402923584e-02
-5.488063022494316101e-02,-2.606299519538879395e-02,-2.373193204402923584e-02
-5.487307161092758179e-02,-2.634244412183761597e-02,-2.393608167767524719e-02
-5.487307161092758179e-02,-2.634244412183761597e-02,-2.393608167767524719e-02
-5.486492440104484558e-02,-2.662259899079799652e-02,-2.414056472480297089e-02
-5.486492440104484558e-02,-2.662259899079799652e-02,-2.414056472480297089e-02
-5.485618114471435547e-02,-2.690346911549568176e-02,-2.434537000954151154e-02
-5.485618114471435547e-02,-2.690346911549568176e-02,-2.434537000954151154e-02
-5.484685674309730530e-02,-2.718504704535007477e-02,-2.455049939453601837e-02
-5.484685674309730530e-02,-2.718504704535007477e-02,-2.455049939453601837e-02
-5.483693256974220276e-02,-2.746734209358692169e-02,-2.475592680275440216e-02
-5.483693256974220276e-02,-2.746734209358692169e-02,-2.475592680275440216e-02
-5.482641980051994324e-02,-2.775035426020622253e-02,-2.496167458593845367e-02
-5.482641980051994324e-02,-2.775035426020622253e-02,-2.496167458593845367e-02
-5.481532216072082520e-02,-2.803408913314342499e-02,-2.516772598028182983e-02
-5.481532216072082520e-02,-2.803408913314342499e-02,-2.516772598028182983e-02
-5.480363219976425171e-02,-2.831855416297912598e-02,-2.537407353520393372e-02
-5.480363219976425171e-02,-2.831855416297912598e-02,-2.537407353520393372e-02
-5.479135364294052124e-02,-2.860374003648757935e-02,-2.558071911334991455e-02
-5.479135364294052124e-02,-2.860374003648757935e-02,-2.558071911334991455e-02
-5.477848276495933533e-02,-2.888965979218482971e-02,-2.578765340149402618e-02
-5.477848276495933533e-02,-2.888965979218482971e-02,-2.578765340149402618e-02
-5.476502329111099243e-02,-2.917631529271602631e-02,-2.599486149847507477e-02
-5.476502329111099243e-02,-2.917631529271602631e-02,-2.599486149847507477e-02
-5.475096404552459717e-02,-2.946370653808116913e-02,-2.620236389338970184e-02
-5.475096404552459717e-02,-2.946370653808116913e-02,-2.620236389338970184e-02
-5.473632737994194031e-02,-2.975184284150600433e-02,-2.641013450920581818e-02
-5.473632737994194031e-02,-2.975184284150600433e-02,-2.641013450920581818e-02
-5.472109094262123108e-02,-3.004072047770023346e-02,-2.661817893385887146e-02
-5.472109094262123108e-02,-3.004072047770023346e-02,-2.661817893385887146e-02
-5.470527336001396179e-02,-3.033034317195415497e-02,-2.682648040354251862e-02
-5.470527336001396179e-02,-3.033034317195415497e-02,-2.682648040354251862e-02
-5.468886345624923706e-02,-3.062071464955806732e-02,-2.703505381941795349e-02
-5.468886345624923706e-02,-3.062071464955806732e-02,-2.703505381941795349e-02
-5.467185750603675842e-02,-3.091184236109256744e-02,-2.724387310445308685e-02
-5.467185750603675842e-02,-3.091184236109256744e-02,-2.724387310445308685e-02
-5.465426295995712280e-02,-3.120373189449310303e-02,-2.745295129716396332e-02
-5.465426295995712280e-02,-3.120373189449310303e-02,-2.745295129716396332e-02
-5.463608354330062866e-02,-3.149637207388877869e-02,-2.766226977109909058e-02
-5.463608354330062866e-02,-3.149637207388877869e-02,-2.766226977109909058e-02
-5.461730435490608215e-02,-3.178977221250534058e-02,-2.787183038890361786e-02
-5.461730435490608215e-02,-3.178977221250534058e-02,-2.787183038890361786e-02
-5.459794029593467712e-02,-3.208394348621368408e-02,-2.808162942528724670e-02
-5.459794029593467712e-02,-3.208394348621368408e-02,-2.808162942528724670e-02
-5.457798764109611511e-02,-3.237888962030410767e-02,-2.829166501760482788e-02
-5.457798764109611511e-02,-3.237888962030410767e-02,-2.829166501760482788e-02
-5.455744266510009766e-02,-3.267459943890571594e-02,-2.850192412734031677e-02
-5.455744266510009766e-02,-3.267459943890571594e-02,-2.850192412734031677e-02
-5.453630909323692322e-02,-3.297108411788940430e-02,-2.871241047978401184e-02
-5.453630909323692322e-02,-3.297108411788940430e-02,-2.871241047978401184e-02
-5.451458320021629333e-02,-3.326835483312606812e-02,-2.892311103641986847e-02
-5.451458320021629333e-02,-3.326835483312606812e-02,-2.892311103641986847e-02
-5.449226498603820801e-02,-3.356639668345451355e-02,-2.913401834666728973e-02
-5.449226498603820801e-02,-3.356639668345451355e-02,-2.913401834666728973e-02
-5.446936190128326416e-02,-3.386522457003593445e-02,-2.934513986110687256e-02
-5.446936190128326416e-02,-3.386522457003593445e-02,-2.934513986110687256e-02
-5.444586277008056641e-02,-3.416484966874122620e-02,-2.955646254122257233e-02
-5.444586277008056641e-02,-3.416484966874122620e-02,-2.955646254122257233e-02
-5.442177504301071167e-02,-3.446524962782859802e-02,-2.976798638701438904e-02
-5.442177504301071167e-02,-3.446524962782859802e-02,-2.976798638701438904e-02
-5.439709499478340149e-02,-3.476645424962043762e-02,-2.997970022261142731e-02
-5.439709499478340149e-02,-3.476645424962043762e-02,-2.997970022261142731e-02
-5.437183380126953125e-02,-3.506844863295555115e-02,-3.019160404801368713e-02
-5.437183380126953125e-02,-3.506844863295555115e-02,-3.019160404801368713e-02
-5.434597283601760864e-02,-3.537125140428543091e-02,-3.040369413793087006e-02
-5.434597283601760864e-02,-3.537125140428543091e-02,-3.040369413793087006e-02
-5.431951954960823059e-02,-3.567485138773918152e-02,-3.061596676707267761e-02
-5.431951954960823059e-02,-3.567485138773918152e-02,-3.061596676707267761e-02
-5.429248511791229248e-02,-3.597925603389739990e-02,-3.082840144634246826e-02
-5.429248511791229248e-02,-3.597925603389739990e-02,-3.082840144634246826e-02
-5.426485091447830200e-02,-3.628446906805038452e-02,-3.104101680219173431e-02
-5.426485091447830200e-02,-3.628446906805038452e-02,-3.104101680219173431e-02
-5.423663184046745300e-02,-3.659049794077873230e-02,-3.125379607081413269e-02
-5.423663184046745300e-02,-3.659049794077873230e-02,-3.125379607081413269e-02
-5.420782044529914856e-02,-3.689734265208244324e-02,-3.146672993898391724e-02
-5.420782044529914856e-02,-3.689734265208244324e-02,-3.146672993898391724e-02
-5.417841300368309021e-02,-3.720500692725181580e-02,-3.167982399463653564e-02
-5.417841300368309021e-02,-3.720500692725181580e-02,-3.167982399463653564e-02
-5.414842441678047180e-02,-3.751348704099655151e-02,-3.189306706190109253e-02
-5.414842441678047180e-02,-3.751348704099655151e-02,-3.189306706190109253e-02
-5.411784350872039795e-02,-3.782280161976814270e-02,-3.210645914077758789e-02
-5.411784350872039795e-02,-3.782280161976814270e-02,-3.210645914077758789e-02
-5.408667027950286865e-02,-3.813293203711509705e-02,-3.231999278068542480e-02
-5.408667027950286865e-02,-3.813293203711509705e-02,-3.231999278068542480e-02
-5.405490845441818237e-02,-3.844389691948890686e-02,-3.253366053104400635e-02
-5.405490845441818237e-02,-3.844389691948890686e-02,-3.253366053104400635e-02
-5.402255058288574219e-02,-3.875570371747016907e-02,-3.274745494127273560e-02
-5.402255058288574219e-02,-3.875570371747016907e-02,-3.274745494127273560e-02
-5.398960784077644348e-02,-3.906833752989768982e-02,-3.296137601137161255e-02
-5.398960784077644348e-02,-3.906833752989768982e-02,-3.296137601137161255e-02
-5.395607277750968933e-02,-3.938181698322296143e-02,-3.317543491721153259e-02
-5.395607277750968933e-02,-3.938181698322296143e-02,-3.317543491721153259e-02
-5.392194539308547974e-02,-3.969614207744598389e-02,-3.338959068059921265e-02
-5.392194539308547974e-02,-3.969614207744598389e-02,-3.338959068059921265e-02
-5.388723313808441162e-02,-4.001130536198616028e-02,-3.360387310385704041e-02
-5.388723313808441162e-02,-4.001130536198616028e-02,-3.360387310385704041e-02
-5.385192111134529114e-02,-4.032732173800468445e-02,-3.381826356053352356e-02
-5.385192111134529114e-02,-4.032732173800468445e-02,-3.381826356053352356e-02
-5.381602793931961060e-02,-4.064419493079185486e-02,-3.403274714946746826e-02
-5.381602793931961060e-02,-4.064419493079185486e-02,-3.403274714946746826e-02
-5.377953127026557922e-02,-4.096192121505737305e-02,-3.424733504652976990e-02
-5.377953127026557922e-02,-4.096192121505737305e-02,-3.424733504652976990e-02
-5.374245345592498779e-02,-4.128050804138183594e-02,-3.446201235055923462e-02
-5.374245345592498779e-02,-4.128050804138183594e-02,-3.446201235055923462e-02
-5.370478332042694092e-02,-4.159995168447494507e-02,-3.467678278684616089e-02
-5.370478332042694092e-02,-4.159995168447494507e-02,-3.467678278684616089e-02
-5.366652458906173706e-02,-4.192026704549789429e-02,-3.489163145422935486e-02
-5.366652458906173706e-02,-4.192026704549789429e-02,-3.489163145422935486e-02
-5.362767353653907776e-02,-4.224144667387008667e-02,-3.510656580328941345e-02
-5.362767353653907776e-02,-4.224144667387008667e-02,-3.510656580328941345e-02
-5.358823388814926147e-02,-4.256349429488182068e-02,-3.532157465815544128e-02
-5.358823388814926147e-02,-4.256349429488182068e-02,-3.532157465815544128e-02
-5.354819819331169128e-02,-4.288641735911369324e-02,-3.553664684295654297e-02
-5.354819819331169128e-02,-4.288641735911369324e-02,-3.553664684295654297e-02
-5.350757390260696411e-02,-4.321022331714630127e-02,-3.575178235769271851e-02
-5.350757390260696411e-02,-4.321022331714630127e-02,-3.575178235769271851e-02
-5.346636101603507996e-02,-4.353490844368934631e-02,-3.596698120236396790e-02
-5.346636101603507996e-02,-4.353490844368934631e-02,-3.596698120236396790e-02
-5.342455953359603882e-02,-4.386047273874282837e-02,-3.618223592638969421e-02
-5.342455953359603882e-02,-4.386047273874282837e-02,-3.618223592638969421e-02
-5.338216200470924377e-02,-4.418692737817764282e-02,-3.639753535389900208e-02
-5.338216200470924377e-02,-4.418692737817764282e-02,-3.639753535389900208e-02
-5.333917215466499329e-02,-4.451427608728408813e-02,-3.661289438605308533e-02
-5.333917215466499329e-02,-4.451427608728408813e-02,-3.661289438605308533e-02
-5.329559743404388428e-02,-4.484251141548156738e-02,-3.682827949523925781e-02
-5.329559743404388428e-02,-4.484251141548156738e-02,-3.682827949523925781e-02
-5.325142666697502136e-02,-4.517164826393127441e-02,-3.704370558261871338e-02
-5.325142666697502136e-02,-4.517164826393127441e-02,-3.704370558261871338e-02
-5.320667475461959839e-02,-4.550167918205261230e-02,-3.725916519761085510e-02
-5.320667475461959839e-02,-4.550167918205261230e-02,-3.725916519761085510e-02
-5.316132307052612305e-02,-4.583261534571647644e-02,-3.747464343905448914e-02
-5.316132307052612305e-02,-4.583261534571647644e-02,-3.747464343905448914e-02
-5.311537906527519226e-02,-4.616445302963256836e-02,-3.769015148282051086e-02
-5.311537906527519226e-02,-4.616445302963256836e-02,-3.769015148282051086e-02
-5.306885018944740295e-02,-4.649720340967178345e-02,-3.790567442774772644e-02
-5.306885018944740295e-02,-4.649720340967178345e-02,-3.790567442774772644e-02
-5.302172899246215820e-02,-4.683086276054382324e-02,-3.812120854854583740e-02
-5.302172899246215820e-02,-4.683086276054382324e-02,-3.812120854854583740e-02
-5.297401547431945801e-02,-4.716544225811958313e-02,-3.833675011992454529e-02
-5.297401547431945801e-02,-4.716544225811958313e-02,-3.833675011992454529e-02
-5.292571336030960083e-02,-4.750093817710876465e-02,-3.855229541659355164e-02
-5.292571336030960083e-02,-4.750093817710876465e-02,-3.855229541659355164e-02
-5.287682265043258667e-02,-4.783735051751136780e-02,-3.876783326268196106e-02
-5.287682265043258667e-02,-4.783735051751136780e-02,-3.876783326268196106e-02
-5.282733961939811707e-02,-4.817469045519828796e-02,-3.898337110877037048e-02
-5.282733961939811707e-02,-4.817469045519828796e-02,-3.898337110877037048e-02
-5.277725681662559509e-02,-4.851295426487922668e-02,-3.919889777898788452e-02
-5.277725681662559509e-02,-4.851295426487922668e-02,-3.919889777898788452e-02
-5.272658914327621460e-02,-4.885215312242507935e-02,-3.941439837217330933e-02
-5.272658914327621460e-02,-4.885215312242507935e-02,-3.941439837217330933e-02
-5.267533659934997559e-02,-4.919227957725524902e-02,-3.962988406419754028e-02
-5.267533659934997559e-02,-4.919227957725524902e-02,-3.962988406419754028e-02
-5.262348800897598267e-02,-4.953335225582122803e-02,-3.984533622860908508e-02
-5.262348800897598267e-02,-4.953335225582122803e-02,-3.984533622860908508e-02
-5.257103964686393738e-02,-4.987535625696182251e-02,-4.006076231598854065e-02
-5.257103964686393738e-02,-4.987535625696182251e-02,-4.006076231598854065e-02
-5.251801386475563049e-02,-5.021831020712852478e-02,-4.027615860104560852e-02
-5.251801386475563049e-02,-5.021831020712852478e-02,-4.027615860104560852e-02
-5.246438831090927124e-02,-5.056220293045043945e-02,-4.049151018261909485e-02
-5.246438831090927124e-02,-5.056220293045043945e-02,-4.049151018261909485e-02
-5.241017788648605347e-02,-5.090704932808876038e-02,-4.070681333541870117e-02
-5.241017788648605347e-02,-5.090704932808876038e-02,-4.070681333541870117e-02
-5.235537514090538025e-02,-5.125284194946289062e-02,-4.092207178473472595e-02
-5.235537514090538025e-02,-5.125284194946289062e-02,-4.092207178473472595e-02
-5.229998379945755005e-02,-5.159959569573402405e-02,-4.113726690411567688e-02
-5.229998379945755005e-02,-5.159959569573402405e-02,-4.113726690411567688e-02
-5.224399641156196594e-02,-5.194730684161186218e-02,-4.135240986943244934e-02
-5.224399641156196594e-02,-5.194730684161186218e-02,-4.135240986943244934e-02
-5.218742042779922485e-02,-5.229597911238670349e-02,-4.156748577952384949e-02
-5.218742042779922485e-02,-5.229597911238670349e-02,-4.156748577952384949e-02
-5.213025584816932678e-02,-5.264560878276824951e-02,-4.178249463438987732e-02
-5.213025584816932678e-02,-5.264560878276824951e-02,-4.178249463438987732e-02
-5.207249149680137634e-02,-5.299621447920799255e-02,-4.199742898344993591e-02
-5.207249149680137634e-02,-5.299621447920799255e-02,-4.199742898344993591e-02
-5.201414600014686584e-02,-5.334779247641563416e-02,-4.221228510141372681e-02
-5.201414600014686584e-02,-5.334779247641563416e-02,-4.221228510141372681e-02
-5.195520818233489990e-02,-5.370033532381057739e-02,-4.242705181241035461e-02
-5.195520818233489990e-02,-5.370033532381057739e-02,-4.242705181241035461e-02
-5.189567804336547852e-02,-5.405385792255401611e-02,-4.264173656702041626e-02
-5.189567804336547852e-02,-5.405385792255401611e-02,-4.264173656702041626e-02
-5.183555558323860168e-02,-5.440836772322654724e-02,-4.285632073879241943e-02
-5.183555558323860168e-02,-5.440836772322654724e-02,-4.285632073879241943e-02
-5.177484080195426941e-02,-5.476385727524757385e-02,-4.307081177830696106e-02
-5.177484080195426941e-02,-5.476385727524757385e-02,-4.307081177830696106e-02
-5.171353742480278015e-02,-5.512033402919769287e-02,-4.328520223498344421e-02
-5.171353742480278015e-02,-5.512033402919769287e-02,-4.328520223498344421e-02
-5.165164172649383545e-02,-5.547779798507690430e-02,-4.349947720766067505e-02
-5.165164172649383545e-02,-5.547779798507690430e-02,-4.349947720766067505e-02
-5.158915743231773376e-02,-5.583625659346580505e-02,-4.371364787220954895e-02
-5.158915743231773376e-02,-5.583625659346580505e-02,-4.371364787220954895e-02
-5.152607336640357971e-02,-5.619571357965469360e-02,-4.392770305275917053e-02
-5.152607336640357971e-02,-5.619571357965469360e-02,-4.392770305275917053e-02
-5.146240815520286560e-02,-5.655616149306297302e-02,-4.414162784814834595e-02
-5.146240815520286560e-02,-5.655616149306297302e-02,-4.414162784814834595e-02
-5.139814689755439758e-02,-5.691761523485183716e-02,-4.435543343424797058e-02
-5.139814689755439758e-02,-5.691761523485183716e-02,-4.435543343424797058e-02
-5.133330076932907104e-02,-5.728007107973098755e-02,-4.456910118460655212e-02
-5.133330076932907104e-02,-5.728007107973098755e-02,-4.456910118460655212e-02
-5.126785486936569214e-02,-5.764354020357131958e-02,-4.478263482451438904e-02
-5.126785486936569214e-02,-5.764354020357131958e-02,-4.478263482451438904e-02
-5.120182037353515625e-02,-5.800801143050193787e-02,-4.499603062868118286e-02
-5.120182037353515625e-02,-5.800801143050193787e-02,-4.499603062868118286e-02
-5.113519728183746338e-02,-5.837351083755493164e-02,-4.520928114652633667e-02
-5.113519728183746338e-02,-5.837351083755493164e-02,-4.520928114652633667e-02
-5.106797814369201660e-02,-5.874002352356910706e-02,-4.542237892746925354e-02
-5.106797814369201660e-02,-5.874002352356910706e-02,-4.542237892746925354e-02
-5.100017786026000977e-02,-5.910754948854446411e-02,-4.563531652092933655e-02
-5.100017786026000977e-02,-5.910754948854446411e-02,-4.563531652092933655e-02
-5.093177780508995056e-02,-5.947610735893249512e-02,-4.584810137748718262e-02
-5.093177780508995056e-02,-5.947610735893249512e-02,-4.584810137748718262e-02
-5.086278915405273438e-02,-5.984568595886230469e-02,-4.606071487069129944e-02
-5.086278915405273438e-02,-5.984568595886230469e-02,-4.606071487069129944e-02
-5.079320818185806274e-02,-6.021628901362419128e-02,-4.627316072583198547e-02
-5.079320818185806274e-02,-6.021628901362419128e-02,-4.627316072583198547e-02
-5.072304233908653259e-02,-6.058793887495994568e-02,-4.648543149232864380e-02
-5.072304233908653259e-02,-6.058793887495994568e-02,-4.648543149232864380e-02
-5.065227672457695007e-02,-6.096061691641807556e-02,-4.669752344489097595e-02
-5.065227672457695007e-02,-6.096061691641807556e-02,-4.669752344489097595e-02
-5.058092251420021057e-02,-6.133433803915977478e-02,-4.690944030880928040e-02
-5.058092251420021057e-02,-6.133433803915977478e-02,-4.690944030880928040e-02
-5.050897598266601562e-02,-6.170909479260444641e-02,-4.712115600705146790e-02
-5.050897598266601562e-02,-6.170909479260444641e-02,-4.712115600705146790e-02
-5.043644458055496216e-02,-6.208489835262298584e-02,-4.733268916606903076e-02
-5.043644458055496216e-02,-6.208489835262298584e-02,-4.733268916606903076e-02
-5.036331713199615479e-02,-6.246175616979598999e-02,-4.754401370882987976e-02
-5.036331713199615479e-02,-6.246175616979598999e-02,-4.754401370882987976e-02
-5.028959736227989197e-02,-6.283965706825256348e-02,-4.775513708591461182e-02
-5.028959736227989197e-02,-6.283965706825256348e-02,-4.775513708591461182e-02
-5.021528899669647217e-02,-6.321863085031509399e-02,-4.796605929732322693e-02
-5.021528899669647217e-02,-6.321863085031509399e-02,-4.796605929732322693e-02
-5.014038830995559692e-02,-6.359864771366119385e-02,-4.817675799131393433e-02
-5.014038830995559692e-02,-6.359864771366119385e-02,-4.817675799131393433e-02
-5.006489902734756470e-02,-6.397972255945205688e-02,-4.838724806904792786e-02
-5.006489902734756470e-02,-6.397972255945205688e-02,-4.838724806904792786e-02
-4.998880997300148010e-02,-6.436187028884887695e-02,-4.859750717878341675e-02
-4.998880997300148010e-02,-6.436187028884887695e-02,-4.859750717878341675e-02
-4.991213977336883545e-02,-6.474508345127105713e-02,-4.880754277110099792e-02
-4.991213977336883545e-02,-6.474508345127105713e-02,-4.880754277110099792e-02
-4.983486980199813843e-02,-6.512936949729919434e-02,-4.901735857129096985e-02
-4.983486980199813843e-02,-6.512936949729919434e-02,-4.901735857129096985e-02
-4.975701123476028442e-02,-6.551471352577209473e-02,-4.922692850232124329e-02
-4.975701123476028442e-02,-6.551471352577209473e-02,-4.922692850232124329e-02
-4.967856779694557190e-02,-6.590114533901214600e-02,-4.943624511361122131e-02
-4.967856779694557190e-02,-6.590114533901214600e-02,-4.943624511361122131e-02
-4.959952086210250854e-02,-6.628865748643875122e-02,-4.964532703161239624e-02
-4.959952086210250854e-02,-6.628865748643875122e-02,-4.964532703161239624e-02
-4.951989278197288513e-02,-6.667725741863250732e-02,-4.985416308045387268e-02
-4.951989278197288513e-02,-6.667725741863250732e-02,-4.985416308045387268e-02
-4.943966493010520935e-02,-6.706693023443222046e-02,-5.006273835897445679e-02
-4.943966493010520935e-02,-6.706693023443222046e-02,-5.006273835897445679e-02
-4.935885965824127197e-02,-6.745770573616027832e-02,-5.027104914188385010e-02
-4.935885965824127197e-02,-6.745770573616027832e-02,-5.027104914188385010e-02
-4.927745461463928223e-02,-6.784956157207489014e-02,-5.047909915447235107e-02
-4.927745461463928223e-02,-6.784956157207489014e-02,-5.047909915447235107e-02
-4.919545352458953857e-02,-6.824252009391784668e-02,-5.068688094615936279e-02
-4.919545352458953857e-02,-6.824252009391784668e-02,-5.068688094615936279e-02
-4.911286383867263794e-02,-6.863656640052795410e-02,-5.089437589049339294e-02
-4.911286383867263794e-02,-6.863656640052795410e-02,-5.089437589049339294e-02
-4.902967810630798340e-02,-6.903172284364700317e-02,-5.110160261392593384e-02
-4.902967810630798340e-02,-6.903172284364700317e-02,-5.110160261392593384e-02
-4.894591495394706726e-02,-6.942798942327499390e-02,-5.130854249000549316e-02
-4.894591495394706726e-02,-6.942798942327499390e-02,-5.130854249000549316e-02
-4.886155202984809875e-02,-6.982535123825073242e-02,-5.151519551873207092e-02
-4.886155202984809875e-02,-6.982535123825073242e-02,-5.151519551873207092e-02
-4.877659305930137634e-02,-7.022382318973541260e-02,-5.172155052423477173e-02
-4.877659305930137634e-02,-7.022382318973541260e-02,-5.172155052423477173e-02
-4.869105294346809387e-02,-7.062342762947082520e-02,-5.192760750651359558e-02
-4.869105294346809387e-02,-7.062342762947082520e-02,-5.192760750651359558e-02
-4.860491305589675903e-02,-7.102413475513458252e-02,-5.213335901498794556e-02
-4.860491305589675903e-02,-7.102413475513458252e-02,-5.213335901498794556e-02
-4.851818457245826721e-02,-7.142595946788787842e-02,-5.233880504965782166e-02
-4.851818457245826721e-02,-7.142595946788787842e-02,-5.233880504965782166e-02
-4.843087121844291687e-02,-7.182890921831130981e-02,-5.254393815994262695e-02
-4.843087121844291687e-02,-7.182890921831130981e-02,-5.254393815994262695e-02
-4.834295436739921570e-02,-7.223298400640487671e-02,-5.274875089526176453e-02
-4.834295436739921570e-02,-7.223298400640487671e-02,-5.274875089526176453e-02
-4.825444892048835754e-02,-7.263819873332977295e-02,-5.295324325561523438e-02
-4.825444892048835754e-02,-7.263819873332977295e-02,-5.295324325561523438e-02
-4.816535860300064087e-02,-7.304453849792480469e-02,-5.315740779042243958e-02
-4.816535860300064087e-02,-7.304453849792480469e-02,-5.315740779042243958e-02
-4.807566851377487183e-02,-7.345201820135116577e-02,-5.336123704910278320e-02
-4.807566851377487183e-02,-7.345201820135116577e-02,-5.336123704910278320e-02
-4.798539355397224426e-02,-7.386062294244766235e-02,-5.356473103165626526e-02
-4.798539355397224426e-02,-7.386062294244766235e-02,-5.356473103165626526e-02
-4.789452627301216125e-02,-7.427038252353668213e-02,-5.376788228750228882e-02
-4.789452627301216125e-02,-7.427038252353668213e-02,-5.376788228750228882e-02
-4.780306294560432434e-02,-7.468128204345703125e-02,-5.397068709135055542e-02
-4.780306294560432434e-02,-7.468128204345703125e-02,-5.397068709135055542e-02
-4.771101102232933044e-02,-7.509332895278930664e-02,-5.417314171791076660e-02
-4.771101102232933044e-02,-7.509332895278930664e-02,-5.417314171791076660e-02
-4.761836305260658264e-02,-7.550653815269470215e-02,-5.437523871660232544e-02
-4.761836305260658264e-02,-7.550653815269470215e-02,-5.437523871660232544e-02
-4.752513021230697632e-02,-7.592088729143142700e-02,-5.457697808742523193e-02
-4.752513021230697632e-02,-7.592088729143142700e-02,-5.457697808742523193e-02
-4.743130505084991455e-02,-7.633639872074127197e-02,-5.477835237979888916e-02
-4.743130505084991455e-02,-7.633639872074127197e-02,-5.477835237979888916e-02
-4.733688756823539734e-02,-7.675306499004364014e-02,-5.497934296727180481e-02
-4.733688756823539734e-02,-7.675306499004364014e-02,-5.497934296727180481e-02
-4.724188148975372314e-02,-7.717090845108032227e-02,-5.517997220158576965e-02
-4.724188148975372314e-02,-7.717090845108032227e-02,-5.517997220158576965e-02
-4.714627191424369812e-02,-7.758991420269012451e-02,-5.538022145628929138e-02
-4.714627191424369812e-02,-7.758991420269012451e-02,-5.538022145628929138e-02
-4.705008119344711304e-02,-7.801008224487304688e-02,-5.558007955551147461e-02
-4.705008119344711304e-02,-7.801008224487304688e-02,-5.558007955551147461e-02
-4.695329442620277405e-02,-7.843142747879028320e-02,-5.577955022454261780e-02
-4.695329442620277405e-02,-7.843142747879028320e-02,-5.577955022454261780e-02
-4.685592278838157654e-02,-7.885394990444183350e-02,-5.597862601280212402e-02
-4.685592278838157654e-02,-7.885394990444183350e-02,-5.597862601280212402e-02
-4.675795137882232666e-02,-7.927764952182769775e-02,-5.617730319499969482e-02
-4.675795137882232666e-02,-7.927764952182769775e-02,-5.617730319499969482e-02
-4.665939509868621826e-02,-7.970252633094787598e-02,-5.637557804584503174e-02
-4.665939509868621826e-02,-7.970252633094787598e-02,-5.637557804584503174e-02
-4.656024277210235596e-02,-8.012859523296356201e-02,-5.657343938946723938e-02
-4.656024277210235596e-02,-8.012859523296356201e-02,-5.657343938946723938e-02
-4.646049812436103821e-02,-8.055586367845535278e-02,-5.677089467644691467e-02
-4.646049812436103821e-02,-8.055586367845535278e-02,-5.677089467644691467e-02
-4.636015743017196655e-02,-8.098430186510086060e-02,-5.696792155504226685e-02
-4.636015743017196655e-02,-8.098430186510086060e-02,-5.696792155504226685e-02
-4.625923559069633484e-02,-8.141393959522247314e-02,-5.716453120112419128e-02
-4.625923559069633484e-02,-8.141393959522247314e-02,-5.716453120112419128e-02
-4.615771770477294922e-02,-8.184478431940078735e-02,-5.736071616411209106e-02
-4.615771770477294922e-02,-8.184478431940078735e-02,-5.736071616411209106e-02
-4.605561122298240662e-02,-8.227682113647460938e-02,-5.755645781755447388e-02
-4.605561122298240662e-02,-8.227682113647460938e-02,-5.755645781755447388e-02
-4.595290869474411011e-02,-8.271007239818572998e-02,-5.775176733732223511e-02
-4.595290869474411011e-02,-8.271007239818572998e-02,-5.775176733732223511e-02
-4.584960639476776123e-02,-8.314452320337295532e-02,-5.794663727283477783e-02
-4.584960639476776123e-02,-8.314452320337295532e-02,-5.794663727283477783e-02
-4.574572667479515076e-02,-8.358018100261688232e-02,-5.814105644822120667e-02
-4.574572667479515076e-02,-8.358018100261688232e-02,-5.814105644822120667e-02
-4.564125090837478638e-02,-8.401705324649810791e-02,-5.833502486348152161e-02
-4.564125090837478638e-02,-8.401705324649810791e-02,-5.833502486348152161e-02
-4.553618654608726501e-02,-8.445514738559722900e-02,-5.852853506803512573e-02
-4.553618654608726501e-02,-8.445514738559722900e-02,-5.852853506803512573e-02
-4.543052613735198975e-02,-8.489444851875305176e-02,-5.872159078717231750e-02
-4.543052613735198975e-02,-8.489444851875305176e-02,-5.872159078717231750e-02
-4.532426968216896057e-02,-8.533498644828796387e-02,-5.891418084502220154e-02
-4.532426968216896057e-02,-8.533498644828796387e-02,-5.891418084502220154e-02
-4.521742463111877441e-02,-8.577675372362136841e-02,-5.910629406571388245e-02
-4.521742463111877441e-02,-8.577675372362136841e-02,-5.910629406571388245e-02
-4.510998725891113281e-02,-8.621973544359207153e-02,-5.929793044924736023e-02
-4.510998725891113281e-02,-8.621973544359207153e-02,-5.929793044924736023e-02
-4.500196129083633423e-02,-8.666395395994186401e-02,-5.948908999562263489e-02
-4.500196129083633423e-02,-8.666395395994186401e-02,-5.948908999562263489e-02
-4.489334300160408020e-02,-8.710940927267074585e-02,-5.967976152896881104e-02
-4.489334300160408020e-02,-8.710940927267074585e-02,-5.967976152896881104e-02
-4.478412866592407227e-02,-8.755610883235931396e-02,-5.986994132399559021e-02
-4.478412866592407227e-02,-8.755610883235931396e-02,-5.986994132399559021e-02
-4.467432573437690735e-02,-8.800403773784637451e-02,-6.005962938070297241e-02
-4.467432573437690735e-02,-8.800403773784637451e-02,-6.005962938070297241e-02
-4.456393048167228699e-02,-8.845321834087371826e-02,-6.024881824851036072e-02
-4.456393048167228699e-02,-8.845321834087371826e-02,-6.024881824851036072e-02
-4.445294663310050964e-02,-8.890365064144134521e-02,-6.043749675154685974e-02
-4.445294663310050964e-02,-8.890365064144134521e-02,-6.043749675154685974e-02
-4.434136673808097839e-02,-8.935532718896865845e-02,-6.062567234039306641e-02
-4.434136673808097839e-02,-8.935532718896865845e-02,-6.062567234039306641e-02
-4.422919452190399170e-02,-8.980825543403625488e-02,-6.081333756446838379e-02
-4.422919452190399170e-02,-8.980825543403625488e-02,-6.081333756446838379e-02
-4.411643370985984802e-02,-9.026244282722473145e-02,-6.100047379732131958e-02
-4.411643370985984802e-02,-9.026244282722473145e-02,-6.100047379732131958e-02
-4.400307685136795044e-02,-9.071788936853408813e-02,-6.118708476424217224e-02
-4.400307685136795044e-02,-9.071788936853408813e-02,-6.118708476424217224e-02
-4.388913512229919434e-02,-9.117460250854492188e-02,-6.137317791581153870e-02
-4.388913512229919434e-02,-9.117460250854492188e-02,-6.137317791581153870e-02
-4.377459734678268433e-02,-9.163258224725723267e-02,-6.155873462557792664e-02
-4.377459734678268433e-02,-9.163258224725723267e-02,-6.155873462557792664e-02
-4.365946725010871887e-02,-9.209181368350982666e-02,-6.174375116825103760e-02
-4.365946725010871887e-02,-9.209181368350982666e-02,-6.174375116825103760e-02
-4.354374483227729797e-02,-9.255234152078628540e-02,-6.192822754383087158e-02
-4.354374483227729797e-02,-9.255234152078628540e-02,-6.192822754383087158e-02
-4.342742636799812317e-02,-9.301413595676422119e-02,-6.211215257644653320e-02
-4.342742636799812317e-02,-9.301413595676422119e-02,-6.211215257644653320e-02
-4.331052303314208984e-02,-9.347721189260482788e-02,-6.229552999138832092e-02
-4.331052303314208984e-02,-9.347721189260482788e-02,-6.229552999138832092e-02
-4.319301992654800415e-02,-9.394156187772750854e-02,-6.247835233807563782e-02
-4.319301992654800415e-02,-9.394156187772750854e-02,-6.247835233807563782e-02
-4.307493194937705994e-02,-9.440720081329345703e-02,-6.266060471534729004e-02
-4.307493194937705994e-02,-9.440720081329345703e-02,-6.266060471534729004e-02
-4.295625165104866028e-02,-9.487412869930267334e-02,-6.284229457378387451e-02
-4.295625165104866028e-02,-9.487412869930267334e-02,-6.284229457378387451e-02
-4.283697903156280518e-02,-9.534233808517456055e-02,-6.302341073751449585e-02
-4.283697903156280518e-02,-9.534233808517456055e-02,-6.302341073751449585e-02
-4.271711409091949463e-02,-9.581185877323150635e-02,-6.320395320653915405e-02
-4.271711409091949463e-02,-9.581185877323150635e-02,-6.320395320653915405e-02
-4.259665310382843018e-02,-9.628266841173171997e-02,-6.338391453027725220e-02
-4.259665310382843018e-02,-9.628266841173171997e-02,-6.338391453027725220e-02
-4.247560352087020874e-02,-9.675477445125579834e-02,-6.356328725814819336e-02
-4.247560352087020874e-02,-9.675477445125579834e-02,-6.356328725814819336e-02
-4.235396161675453186e-02,-9.722819179296493530e-02,-6.374207884073257446e-02
-4.235396161675453186e-02,-9.722819179296493530e-02,-6.374207884073257446e-02
-4.223172739148139954e-02,-9.770290553569793701e-02,-6.392026692628860474e-02
-4.223172739148139954e-02,-9.770290553569793701e-02,-6.392026692628860474e-02
-4.210889711976051331e-02,-9.817893803119659424e-02,-6.409785151481628418e-02
-4.210889711976051331e-02,-9.817893803119659424e-02,-6.409785151481628418e-02
-4.198548570275306702e-02,-9.865627437829971313e-02,-6.427484005689620972e-02
-4.198548570275306702e-02,-9.865627437829971313e-02,-6.427484005689620972e-02
-4.186147078871726990e-02,-9.913493692874908447e-02,-6.445121765136718750e-02
-4.186147078871726990e-02,-9.913493692874908447e-02,-6.445121765136718750e-02
-4.173686727881431580e-02,-9.961491078138351440e-02,-6.462696939706802368e-02
-4.173686727881431580e-02,-9.961491078138351440e-02,-6.462696939706802368e-02
-4.161167144775390625e-02,-1.000962182879447937e-01,-6.480211764574050903e-02
-4.161167144775390625e-02,-1.000962182879447937e-01,-6.480211764574050903e-02
-4.148588702082633972e-02,-1.005788296461105347e-01,-6.497663259506225586e-02
-4.148588702082633972e-02,-1.005788296461105347e-01,-6.497663259506225586e-02
-4.135950654745101929e-02,-1.010627895593643188e-01,-6.515052169561386108e-02
-4.135950654745101929e-02,-1.010627895593643188e-01,-6.515052169561386108e-02
-4.123254120349884033e-02,-1.015480756759643555e-01,-6.532377749681472778e-02
-4.123254120349884033e-02,-1.015480756759643555e-01,-6.532377749681472778e-02
-4.110497981309890747e-02,-1.020346879959106445e-01,-6.549639254808425903e-02
-4.110497981309890747e-02,-1.020346879959106445e-01,-6.549639254808425903e-02
-4.097681865096092224e-02,-1.025226563215255737e-01,-6.566835939884185791e-02
-4.097681865096092224e-02,-1.025226563215255737e-01,-6.566835939884185791e-02
-4.084807261824607849e-02,-1.030119433999061584e-01,-6.583968549966812134e-02
-4.084807261824607849e-02,-1.030119433999061584e-01,-6.583968549966812134e-02
-4.071873426437377930e-02,-1.035025864839553833e-01,-6.601036339998245239e-02
-4.071873426437377930e-02,-1.035025864839553833e-01,-6.601036339998245239e-02
-4.058879986405372620e-02,-1.039945781230926514e-01,-6.618037074804306030e-02
-4.058879986405372620e-02,-1.039945781230926514e-01,-6.618037074804306030e-02
-4.045827314257621765e-02,-1.044879183173179626e-01,-6.634972989559173584e-02
-4.045827314257621765e-02,-1.044879183173179626e-01,-6.634972989559173584e-02
-4.032716155052185059e-02,-1.049825996160507202e-01,-6.651841104030609131e-02
-4.032716155052185059e-02,-1.049825996160507202e-01,-6.651841104030609131e-02
-4.019545018672943115e-02,-1.054786443710327148e-01,-6.668642163276672363e-02
-4.019545018672943115e-02,-1.054786443710327148e-01,-6.668642163276672363e-02
-4.006315395236015320e-02,-1.059760525822639465e-01,-6.685375422239303589e-02
-4.006315395236015320e-02,-1.059760525822639465e-01,-6.685375422239303589e-02
-3.993025794625282288e-02,-1.064748242497444153e-01,-6.702041625976562500e-02
-3.993025794625282288e-02,-1.064748242497444153e-01,-6.702041625976562500e-02
-3.979677334427833557e-02,-1.069749668240547180e-01,-6.718638539314270020e-02
-3.979677334427833557e-02,-1.069749668240547180e-01,-6.718638539314270020e-02
-3.966270014643669128e-02,-1.074764579534530640e-01,-6.735166162252426147e-02
-3.966270014643669128e-02,-1.074764579534530640e-01,-6.735166162252426147e-02
-3.952802717685699463e-02,-1.079793423414230347e-01,-6.751623749732971191e-02
-3.952802717685699463e-02,-1.079793423414230347e-01,-6.751623749732971191e-02
-3.939276561141014099e-02,-1.084835827350616455e-01,-6.768012046813964844e-02
-3.939276561141014099e-02,-1.084835827350616455e-01,-6.768012046813964844e-02
-3.925691172480583191e-02,-1.089892163872718811e-01,-6.784330308437347412e-02
-3.925691172480583191e-02,-1.089892163872718811e-01,-6.784330308437347412e-02
-3.912046179175376892e-02,-1.094962283968925476e-01,-6.800577044486999512e-02
-3.912046179175376892e-02,-1.094962283968925476e-01,-6.800577044486999512e-02
-3.898342326283454895e-02,-1.100046187639236450e-01,-6.816752254962921143e-02
-3.898342326283454895e-02,-1.100046187639236450e-01,-6.816752254962921143e-02
-3.884579613804817200e-02,-1.105144023895263672e-01,-6.832855194807052612e-02
-3.884579613804817200e-02,-1.105144023895263672e-01,-6.832855194807052612e-02
-3.870757296681404114e-02,-1.110255718231201172e-01,-6.848886609077453613e-02
-3.870757296681404114e-02,-1.110255718231201172e-01,-6.848886609077453613e-02
-3.856875374913215637e-02,-1.115381419658660889e-01,-6.864844262599945068e-02
-3.856875374913215637e-02,-1.115381419658660889e-01,-6.864844262599945068e-02
-3.842934593558311462e-02,-1.120520979166030884e-01,-6.880728155374526978e-02
-3.842934593558311462e-02,-1.120520979166030884e-01,-6.880728155374526978e-02
-3.828934952616691589e-02,-1.125674694776535034e-01,-6.896538287401199341e-02
-3.828934952616691589e-02,-1.125674694776535034e-01,-6.896538287401199341e-02
-3.814875707030296326e-02,-1.130842193961143494e-01,-6.912275403738021851e-02
-3.814875707030296326e-02,-1.130842193961143494e-01,-6.912275403738021851e-02
-3.800757601857185364e-02,-1.136023998260498047e-01,-6.927935779094696045e-02
-3.800757601857185364e-02,-1.136023998260498047e-01,-6.927935779094696045e-02
-3.786579146981239319e-02,-1.141219735145568848e-01,-6.943522393703460693e-02
-3.786579146981239319e-02,-1.141219735145568848e-01,-6.943522393703460693e-02
-3.772342205047607422e-02,-1.146429777145385742e-01,-6.959032267332077026e-02
-3.772342205047607422e-02,-1.146429777145385742e-01,-6.959032267332077026e-02
-3.758046030998229980e-02,-1.151653751730918884e-01,-6.974466145038604736e-02
-3.758046030998229980e-02,-1.151653751730918884e-01,-6.974466145038604736e-02
-3.743690624833106995e-02,-1.156892031431198120e-01,-6.989823281764984131e-02
-3.743690624833106995e-02,-1.156892031431198120e-01,-6.989823281764984131e-02
-3.729276359081268311e-02,-1.162144541740417480e-01,-7.005103677511215210e-02
-3.729276359081268311e-02,-1.162144541740417480e-01,-7.005103677511215210e-02
-3.714802116155624390e-02,-1.167411208152770996e-01,-7.020305842161178589e-02
-3.714802116155624390e-02,-1.167411208152770996e-01,-7.020305842161178589e-02
-3.700269013643264771e-02,-1.172692328691482544e-01,-7.035429775714874268e-02
-3.700269013643264771e-02,-1.172692328691482544e-01,-7.035429775714874268e-02
-3.685676306486129761e-02,-1.177987605333328247e-01,-7.050475478172302246e-02
-3.685676306486129761e-02,-1.177987605333328247e-01,-7.050475478172302246e-02
-3.671025112271308899e-02,-1.183297187089920044e-01,-7.065442204475402832e-02
-3.671025112271308899e-02,-1.183297187089920044e-01,-7.065442204475402832e-02
-3.656313568353652954e-02,-1.188621297478675842e-01,-7.080328464508056641e-02
-3.656313568353652954e-02,-1.188621297478675842e-01,-7.080328464508056641e-02
-3.641543537378311157e-02,-1.193959712982177734e-01,-7.095135003328323364e-02
-3.641543537378311157e-02,-1.193959712982177734e-01,-7.095135003328323364e-02
-3.626714274287223816e-02,-1.199312433600425720e-01,-7.109860330820083618e-02
-3.626714274287223816e-02,-1.199312433600425720e-01,-7.109860330820083618e-02
-3.611825779080390930e-02,-1.204679906368255615e-01,-7.124505937099456787e-02
-3.611825779080390930e-02,-1.204679906368255615e-01,-7.124505937099456787e-02
-3.596878051757812500e-02,-1.210061684250831604e-01,-7.139068841934204102e-02
-3.596878051757812500e-02,-1.210061684250831604e-01,-7.139068841934204102e-02
-3.581870719790458679e-02,-1.215457990765571594e-01,-7.153550535440444946e-02
-3.581870719790458679e-02,-1.215457990765571594e-01,-7.153550535440444946e-02
-3.566804155707359314e-02,-1.220868974924087524e-01,-7.167949527502059937e-02
-3.566804155707359314e-02,-1.220868974924087524e-01,-7.167949527502059937e-02
-3.551678359508514404e-02,-1.226294338703155518e-01,-7.182265818119049072e-02
-3.551678359508514404e-02,-1.226294338703155518e-01,-7.182265818119049072e-02
-3.536493331193923950e-02,-1.231734529137611389e-01,-7.196497172117233276e-02
-3.536493331193923950e-02,-1.231734529137611389e-01,-7.196497172117233276e-02
-3.521249815821647644e-02,-1.237189248204231262e-01,-7.210646569728851318e-02
-3.521249815821647644e-02,-1.237189248204231262e-01,-7.210646569728851318e-02
-3.505945950746536255e-02,-1.242658719420433044e-01,-7.224710285663604736e-02
-3.505945950746536255e-02,-1.242658719420433044e-01,-7.224710285663604736e-02
-3.490583598613739014e-02,-1.248143017292022705e-01,-7.238689810037612915e-02
-3.490583598613739014e-02,-1.248143017292022705e-01,-7.238689810037612915e-02
-3.475161269307136536e-02,-1.253641843795776367e-01,-7.252582907676696777e-02
-3.475161269307136536e-02,-1.253641843795776367e-01,-7.252582907676696777e-02
-3.459680452942848206e-02,-1.259155422449111938e-01,-7.266391813755035400e-02
-3.459680452942848206e-02,-1.259155422449111938e-01,-7.266391813755035400e-02
-3.444140031933784485e-02,-1.264683902263641357e-01,-7.280112802982330322e-02
-3.444140031933784485e-02,-1.264683902263641357e-01,-7.280112802982330322e-02
-3.428540006279945374e-02,-1.270227283239364624e-01,-7.293748110532760620e-02
-3.428540006279945374e-02,-1.270227283239364624e-01,-7.293748110532760620e-02
-3.412881493568420410e-02,-1.275785416364669800e-01,-7.307295501232147217e-02
-3.412881493568420410e-02,-1.275785416364669800e-01,-7.307295501232147217e-02
-3.397163003683090210e-02,-1.281358599662780762e-01,-7.320756465196609497e-02
-3.397163003683090210e-02,-1.281358599662780762e-01,-7.320756465196609497e-02
-3.381385654211044312e-02,-1.286946535110473633e-01,-7.334127277135848999e-02
-3.381385654211044312e-02,-1.286946535110473633e-01,-7.334127277135848999e-02
-3.365549072623252869e-02,-1.292549669742584229e-01,-7.347410917282104492e-02
-3.365549072623252869e-02,-1.292549669742584229e-01,-7.347410917282104492e-02
-3.349652141332626343e-02,-1.298167556524276733e-01,-7.360605150461196899e-02
-3.349652141332626343e-02,-1.298167556524276733e-01,-7.360605150461196899e-02
-3.333697095513343811e-02,-1.303800642490386963e-01,-7.373708486557006836e-02
-3.333697095513343811e-02,-1.303800642490386963e-01,-7.373708486557006836e-02
-3.317682445049285889e-02,-1.309448480606079102e-01,-7.386722415685653687e-02
-3.317682445049285889e-02,-1.309448480606079102e-01,-7.386722415685653687e-02
-3.301608562469482422e-02,-1.315111964941024780e-01,-7.399645447731018066e-02
-3.301608562469482422e-02,-1.315111964941024780e-01,-7.399645447731018066e-02
-3.285475820302963257e-02,-1.320790201425552368e-01,-7.412479072809219360e-02
-3.285475820302963257e-02,-1.320790201425552368e-01,-7.412479072809219360e-02
-3.269283100962638855e-02,-1.326483488082885742e-01,-7.425218820571899414e-02
-3.269283100962638855e-02,-1.326483488082885742e-01,-7.425218820571899414e-02
-3.253032267093658447e-02,-1.332191973924636841e-01,-7.437868416309356689e-02
-3.253032267093658447e-02,-1.332191973924636841e-01,-7.437868416309356689e-02
-3.236720338463783264e-02,-1.337915956974029541e-01,-7.450423389673233032e-02
-3.236720338463783264e-02,-1.337915956974029541e-01,-7.450423389673233032e-02
-3.220350667834281921e-02,-1.343654990196228027e-01,-7.462887465953826904e-02
-3.220350667834281921e-02,-1.343654990196228027e-01,-7.462887465953826904e-02
-3.203921020030975342e-02,-1.349409371614456177e-01,-7.475256174802780151e-02
-3.203921020030975342e-02,-1.349409371614456177e-01,-7.475256174802780151e-02
-3.187432140111923218e-02,-1.355178803205490112e-01,-7.487531751394271851e-02
-3.187432140111923218e-02,-1.355178803205490112e-01,-7.487531751394271851e-02
-3.170884400606155396e-02,-1.360963881015777588e-01,-7.499714195728302002e-02
-3.170884400606155396e-02,-1.360963881015777588e-01,-7.499714195728302002e-02
-3.154277428984642029e-02,-1.366764158010482788e-01,-7.511799782514572144e-02
-3.154277428984642029e-02,-1.366764158010482788e-01,-7.511799782514572144e-02
-3.137610480189323425e-02,-1.372579932212829590e-01,-7.523790001869201660e-02
-3.137610480189323425e-02,-1.372579932212829590e-01,-7.523790001869201660e-02
-3.120884858071804047e-02,-1.378410905599594116e-01,-7.535685598850250244e-02
-3.120884858071804047e-02,-1.378410905599594116e-01,-7.535685598850250244e-02
-3.104099817574024200e-02,-1.384257674217224121e-01,-7.547483593225479126e-02
-3.104099817574024200e-02,-1.384257674217224121e-01,-7.547483593225479126e-02
-3.087255172431468964e-02,-1.390119642019271851e-01,-7.559186965227127075e-02
-3.087255172431468964e-02,-1.390119642019271851e-01,-7.559186965227127075e-02
-3.070351108908653259e-02,-1.395997405052185059e-01,-7.570790499448776245e-02
-3.070351108908653259e-02,-1.395997405052185059e-01,-7.570790499448776245e-02
-3.053388372063636780e-02,-1.401890516281127930e-01,-7.582297176122665405e-02
-3.053388372063636780e-02,-1.401890516281127930e-01,-7.582297176122665405e-02
-3.036366216838359833e-02,-1.407799124717712402e-01,-7.593705505132675171e-02
-3.036366216838359833e-02,-1.407799124717712402e-01,-7.593705505132675171e-02
-3.019284270703792572e-02,-1.413723677396774292e-01,-7.605015486478805542e-02
-3.019284270703792572e-02,-1.413723677396774292e-01,-7.605015486478805542e-02
-3.002143651247024536e-02,-1.419663578271865845e-01,-7.616225630044937134e-02
-3.002143651247024536e-02,-1.419663578271865845e-01,-7.616225630044937134e-02
-2.984943799674510956e-02,-1.425619274377822876e-01,-7.627336680889129639e-02
-2.984943799674510956e-02,-1.425619274377822876e-01,-7.627336680889129639e-02
-2.967684529721736908e-02,-1.431590765714645386e-01,-7.638347148895263672e-02
-2.967684529721736908e-02,-1.431590765714645386e-01,-7.638347148895263672e-02
-2.950365468859672546e-02,-1.437577903270721436e-01,-7.649257034063339233e-02
-2.950365468859672546e-02,-1.437577903270721436e-01,-7.649257034063339233e-02
-2.932987548410892487e-02,-1.443580836057662964e-01,-7.660065591335296631e-02
-2.932987548410892487e-02,-1.443580836057662964e-01,-7.660065591335296631e-02
-2.915550209581851959e-02,-1.449599564075469971e-01,-7.670772820711135864e-02
-2.915550209581851959e-02,-1.449599564075469971e-01,-7.670772820711135864e-02
-2.898053638637065887e-02,-1.455634087324142456e-01,-7.681378722190856934e-02
-2.898053638637065887e-02,-1.455634087324142456e-01,-7.681378722190856934e-02
-2.880497835576534271e-02,-1.461684405803680420e-01,-7.691881060600280762e-02
-2.880497835576534271e-02,-1.461684405803680420e-01,-7.691881060600280762e-02
-2.862882614135742188e-02,-1.467750817537307739e-01,-7.702280580997467041e-02
-2.862882614135742188e-02,-1.467750817537307739e-01,-7.702280580997467041e-02
-2.845208346843719482e-02,-1.473833024501800537e-01,-7.712575793266296387e-02
-2.845208346843719482e-02,-1.473833024501800537e-01,-7.712575793266296387e-02
-2.827474661171436310e-02,-1.479931175708770752e-01,-7.722768187522888184e-02
-2.827474661171436310e-02,-1.479931175708770752e-01,-7.722768187522888184e-02
-2.809681743383407593e-02,-1.486045271158218384e-01,-7.732854783535003662e-02
-2.809681743383407593e-02,-1.486045271158218384e-01,-7.732854783535003662e-02
-2.791829034686088562e-02,-1.492175608873367310e-01,-7.742837071418762207e-02
-2.791829034686088562e-02,-1.492175608873367310e-01,-7.742837071418762207e-02
-2.773917652666568756e-02,-1.498321741819381714e-01,-7.752715051174163818e-02
-2.773917652666568756e-02,-1.498321741819381714e-01,-7.752715051174163818e-02
-2.755946666002273560e-02,-1.504484266042709351e-01,-7.762485742568969727e-02
-2.755946666002273560e-02,-1.504484266042709351e-01,-7.762485742568969727e-02
-2.737916260957717896e-02,-1.510662436485290527e-01,-7.772149890661239624e-02
-2.737916260957717896e-02,-1.510662436485290527e-01,-7.772149890661239624e-02
-2.719826810061931610e-02,-1.516857147216796875e-01,-7.781707495450973511e-02
-2.719826810061931610e-02,-1.516857147216796875e-01,-7.781707495450973511e-02
-2.701677940785884857e-02,-1.523067802190780640e-01,-7.791157811880111694e-02
-2.701677940785884857e-02,-1.523067802190780640e-01,-7.791157811880111694e-02
-2.683469839394092560e-02,-1.529294997453689575e-01,-7.800501585006713867e-02
-2.683469839394092560e-02,-1.529294997453689575e-01,-7.800501585006713867e-02
-2.665202505886554718e-02,-1.535537987947463989e-01,-7.809735089540481567e-02
-2.665202505886554718e-02,-1.535537987947463989e-01,-7.809735089540481567e-02
-2.646875753998756409e-02,-1.541797518730163574e-01,-7.818860560655593872e-02
-2.646875753998756409e-02,-1.541797518730163574e-01,-7.818860560655593872e-02
-2.628489211201667786e-02,-1.548073291778564453e-01,-7.827877253293991089e-02
-2.628489211201667786e-02,-1.548073291778564453e-01,-7.827877253293991089e-02
-2.610043995082378387e-02,-1.554365456104278564e-01,-7.836784422397613525e-02
-2.610043995082378387e-02,-1.554365456104278564e-01,-7.836784422397613525e-02
-2.591539360582828522e-02,-1.560673862695693970e-01,-7.845580577850341797e-02
-2.591539360582828522e-02,-1.560673862695693970e-01,-7.845580577850341797e-02
-2.572975307703018188e-02,-1.566998809576034546e-01,-7.854265719652175903e-02
-2.572975307703018188e-02,-1.566998809576034546e-01,-7.854265719652175903e-02
-2.554352208971977234e-02,-1.573339998722076416e-01,-7.862839847803115845e-02
-2.554352208971977234e-02,-1.573339998722076416e-01,-7.862839847803115845e-02
-2.535669505596160889e-02,-1.579697579145431519e-01,-7.871302217245101929e-02
-2.535669505596160889e-02,-1.579697579145431519e-01,-7.871302217245101929e-02
-2.516927570104598999e-02,-1.586071848869323730e-01,-7.879652827978134155e-02
-2.516927570104598999e-02,-1.586071848869323730e-01,-7.879652827978134155e-02
-2.498126216232776642e-02,-1.592462509870529175e-01,-7.887890189886093140e-02
-2.498126216232776642e-02,-1.592462509870529175e-01,-7.887890189886093140e-02
-2.479265816509723663e-02,-1.598870009183883667e-01,-7.896015048027038574e-02
-2.479265816509723663e-02,-1.598870009183883667e-01,-7.896015048027038574e-02
-2.460345998406410217e-02,-1.605293601751327515e-01,-7.904026657342910767e-02
-2.460345998406410217e-02,-1.605293601751327515e-01,-7.904026657342910767e-02
-2.441367134451866150e-02,-1.611734181642532349e-01,-7.911924272775650024e-02
-2.441367134451866150e-02,-1.611734181642532349e-01,-7.911924272775650024e-02
-2.422328107059001923e-02,-1.618191301822662354e-01,-7.919707149267196655e-02
-2.422328107059001923e-02,-1.618191301822662354e-01,-7.919707149267196655e-02
-2.403230406343936920e-02,-1.624664962291717529e-01,-7.927374541759490967e-02
-2.403230406343936920e-02,-1.624664962291717529e-01,-7.927374541759490967e-02
-2.384073287248611450e-02,-1.631155610084533691e-01,-7.934926450252532959e-02
-2.384073287248611450e-02,-1.631155610084533691e-01,-7.934926450252532959e-02
-2.364856936037540436e-02,-1.637662798166275024e-01,-7.942362129688262939e-02
-2.364856936037540436e-02,-1.637662798166275024e-01,-7.942362129688262939e-02
-2.345581166446208954e-02,-1.644186824560165405e-01,-7.949683070182800293e-02
-2.345581166446208954e-02,-1.644186824560165405e-01,-7.949683070182800293e-02
-2.326245978474617004e-02,-1.650727540254592896e-01,-7.956884801387786865e-02
-2.326245978474617004e-02,-1.650727540254592896e-01,-7.956884801387786865e-02
-2.306851558387279510e-02,-1.657285243272781372e-01,-7.963970303535461426e-02
-2.306851558387279510e-02,-1.657285243272781372e-01,-7.963970303535461426e-02
-2.287398092448711395e-02,-1.663859635591506958e-01,-7.970938086509704590e-02
-2.287398092448711395e-02,-1.663859635591506958e-01,-7.970938086509704590e-02
-2.267885021865367889e-02,-1.670451015233993530e-01,-7.977787405252456665e-02
-2.267885021865367889e-02,-1.670451015233993530e-01,-7.977787405252456665e-02
-2.248312532901763916e-02,-1.677059084177017212e-01,-7.984517514705657959e-02
-2.248312532901763916e-02,-1.677059084177017212e-01,-7.984517514705657959e-02
-2.228680998086929321e-02,-1.683684438467025757e-01,-7.991129904985427856e-02
-2.228680998086929321e-02,-1.683684438467025757e-01,-7.991129904985427856e-02
-2.208989486098289490e-02,-1.690326631069183350e-01,-7.997620105743408203e-02
-2.208989486098289490e-02,-1.690326631069183350e-01,-7.997620105743408203e-02
-2.189239114522933960e-02,-1.696985960006713867e-01,-8.003991097211837769e-02
-2.189239114522933960e-02,-1.696985960006713867e-01,-8.003991097211837769e-02
-2.169429883360862732e-02,-1.703662127256393433e-01,-8.010240644216537476e-02
-2.169429883360862732e-02,-1.703662127256393433e-01,-8.010240644216537476e-02
-2.149560488760471344e-02,-1.710355430841445923e-01,-8.016370236873626709e-02
-2.149560488760471344e-02,-1.710355430841445923e-01,-8.016370236873626709e-02
-2.129632234573364258e-02,-1.717065870761871338e-01,-8.022378385066986084e-02
-2.129632234573364258e-02,-1.717065870761871338e-01,-8.022378385066986084e-02
-2.109644375741481781e-02,-1.723793596029281616e-01,-8.028262853622436523e-02
-2.109644375741481781e-02,-1.723793596029281616e-01,-8.028262853622436523e-02
-2.089597471058368683e-02,-1.730538308620452881e-01,-8.034025132656097412e-02
-2.089597471058368683e-02,-1.730538308620452881e-01,-8.034025132656097412e-02
-2.069491147994995117e-02,-1.737300157546997070e-01,-8.039664477109909058e-02
-2.069491147994995117e-02,-1.737300157546997070e-01,-8.039664477109909058e-02
-2.049325220286846161e-02,-1.744079589843750000e-01,-8.045180141925811768e-02
-2.049325220286846161e-02,-1.744079589843750000e-01,-8.045180141925811768e-02
-2.029100432991981506e-02,-1.750876009464263916e-01,-8.050571382045745850e-02
-2.029100432991981506e-02,-1.750876009464263916e-01,-8.050571382045745850e-02
-2.008815854787826538e-02,-1.757689565420150757e-01,-8.055838942527770996e-02
-2.008815854787826538e-02,-1.757689565420150757e-01,-8.055838942527770996e-02
-1.988472044467926025e-02,-1.764520704746246338e-01,-8.060980588197708130e-02
-1.988472044467926025e-02,-1.764520704746246338e-01,-8.060980588197708130e-02
-1.968069002032279968e-02,-1.771369129419326782e-01,-8.065997809171676636e-02
-1.968069002032279968e-02,-1.771369129419326782e-01,-8.065997809171676636e-02
-1.947606541216373444e-02,-1.778235137462615967e-01,-8.070887625217437744e-02
-1.947606541216373444e-02,-1.778235137462615967e-01,-8.070887625217437744e-02
-1.927085407078266144e-02,-1.785118132829666138e-01,-8.075652271509170532e-02
-1.927085407078266144e-02,-1.785118132829666138e-01,-8.075652271509170532e-02
-1.906504109501838684e-02,-1.792018860578536987e-01,-8.080288767814636230e-02
-1.906504109501838684e-02,-1.792018860578536987e-01,-8.080288767814636230e-02
-1.885863393545150757e-02,-1.798937022686004639e-01,-8.084798604249954224e-02
-1.885863393545150757e-02,-1.798937022686004639e-01,-8.084798604249954224e-02
-1.865163631737232208e-02,-1.805872768163681030e-01,-8.089179545640945435e-02
-1.865163631737232208e-02,-1.805872768163681030e-01,-8.089179545640945435e-02
-1.844404824078083038e-02,-1.812825798988342285e-01,-8.093433827161788940e-02
-1.844404824078083038e-02,-1.812825798988342285e-01,-8.093433827161788940e-02
-1.823586225509643555e-02,-1.819796711206436157e-01,-8.097556978464126587e-02
-1.823586225509643555e-02,-1.819796711206436157e-01,-8.097556978464126587e-02
-1.802708208560943604e-02,-1.826785057783126831e-01,-8.101552724838256836e-02
-1.802708208560943604e-02,-1.826785057783126831e-01,-8.101552724838256836e-02
-1.781771145761013031e-02,-1.833790987730026245e-01,-8.105418086051940918e-02
-1.781771145761013031e-02,-1.833790987730026245e-01,-8.105418086051940918e-02
-1.760774664580821991e-02,-1.840814799070358276e-01,-8.109152317047119141e-02
-1.760774664580821991e-02,-1.840814799070358276e-01,-8.109152317047119141e-02
-1.739718951284885406e-02,-1.847856044769287109e-01,-8.112756162881851196e-02
-1.739718951284885406e-02,-1.847856044769287109e-01,-8.112756162881851196e-02
-1.718603819608688354e-02,-1.854915320873260498e-01,-8.116229623556137085e-02
-1.718603819608688354e-02,-1.854915320873260498e-01,-8.116229623556137085e-02
-1.697428897023200989e-02,-1.861992329359054565e-01,-8.119571208953857422e-02
-1.697428897023200989e-02,-1.861992329359054565e-01,-8.119571208953857422e-02
-1.676194928586483002e-02,-1.869086921215057373e-01,-8.122779428958892822e-02
-1.676194928586483002e-02,-1.869086921215057373e-01,-8.122779428958892822e-02
-1.654901728034019470e-02,-1.876199245452880859e-01,-8.125855028629302979e-02
-1.654901728034019470e-02,-1.876199245452880859e-01,-8.125855028629302979e-02
-1.633549295365810394e-02,-1.883329749107360840e-01,-8.128799498081207275e-02
-1.633549295365810394e-02,-1.883329749107360840e-01,-8.128799498081207275e-02
-1.612137444317340851e-02,-1.890477985143661499e-01,-8.131608366966247559e-02
-1.612137444317340851e-02,-1.890477985143661499e-01,-8.131608366966247559e-02
-1.590665988624095917e-02,-1.897644102573394775e-01,-8.134283125400543213e-02
-1.590665988624095917e-02,-1.897644102573394775e-01,-8.134283125400543213e-02
-1.569135300815105438e-02,-1.904828399419784546e-01,-8.136823773384094238e-02
-1.569135300815105438e-02,-1.904828399419784546e-01,-8.136823773384094238e-02
-1.547545194625854492e-02,-1.912030279636383057e-01,-8.139229565858840942e-02
-1.547545194625854492e-02,-1.912030279636383057e-01,-8.139229565858840942e-02
-1.525895670056343079e-02,-1.919250488281250000e-01,-8.141499012708663940e-02
-1.525895670056343079e-02,-1.919250488281250000e-01,-8.141499012708663940e-02
-1.504187006503343582e-02,-1.926488429307937622e-01,-8.143632113933563232e-02
-1.504187006503343582e-02,-1.926488429307937622e-01,-8.143632113933563232e-02
-1.482418831437826157e-02,-1.933744698762893677e-01,-8.145629614591598511e-02
-1.482418831437826157e-02,-1.933744698762893677e-01,-8.145629614591598511e-02
-1.460591144859790802e-02,-1.941018849611282349e-01,-8.147489279508590698e-02
-1.460591144859790802e-02,-1.941018849611282349e-01,-8.147489279508590698e-02
-1.438704505562782288e-02,-1.948311477899551392e-01,-8.149212598800659180e-02
-1.438704505562782288e-02,-1.948311477899551392e-01,-8.149212598800659180e-02
-1.416758447885513306e-02,-1.955621987581253052e-01,-8.150797337293624878e-02
-1.416758447885513306e-02,-1.955621987581253052e-01,-8.150797337293624878e-02
-1.394752785563468933e-02,-1.962950974702835083e-01,-8.152244240045547485e-02
-1.394752785563468933e-02,-1.962950974702835083e-01,-8.152244240045547485e-02
-1.372687891125679016e-02,-1.970297843217849731e-01,-8.153551816940307617e-02
-1.372687891125679016e-02,-1.970297843217849731e-01,-8.153551816940307617e-02
-1.350563485175371170e-02,-1.977663040161132812e-01,-8.154719322919845581e-02
-1.350563485175371170e-02,-1.977663040161132812e-01,-8.154719322919845581e-02
-1.328379660844802856e-02,-1.985046565532684326e-01,-8.155746757984161377e-02
-1.328379660844802856e-02,-1.985046565532684326e-01,-8.155746757984161377e-02
-1.306136697530746460e-02,-1.992448568344116211e-01,-8.156634867191314697e-02
-1.306136697530746460e-02,-1.992448568344116211e-01,-8.156634867191314697e-02
-1.283834315836429596e-02,-1.999868601560592651e-01,-8.157382160425186157e-02
-1.283834315836429596e-02,-1.999868601560592651e-01,-8.157382160425186157e-02
-1.261472422629594803e-02,-2.007307261228561401e-01,-8.157987892627716064e-02
-1.261472422629594803e-02,-2.007307261228561401e-01,-8.157987892627716064e-02
-1.239051390439271927e-02,-2.014764398336410522e-01,-8.158452063798904419e-02
-1.239051390439271927e-02,-2.014764398336410522e-01,-8.158452063798904419e-02
-1.216570660471916199e-02,-2.022239863872528076e-01,-8.158773928880691528e-02
-1.216570660471916199e-02,-2.022239863872528076e-01,-8.158773928880691528e-02
-1.194030791521072388e-02,-2.029733806848526001e-01,-8.158951997756958008e-02
-1.194030791521072388e-02,-2.029733806848526001e-01,-8.158951997756958008e-02
-1.171431597322225571e-02,-2.037246525287628174e-01,-8.158987760543823242e-02
-1.171431597322225571e-02,-2.037246525287628174e-01,-8.158987760543823242e-02
-1.148772984743118286e-02,-2.044777274131774902e-01,-8.158880472183227539e-02
-1.148772984743118286e-02,-2.044777274131774902e-01,-8.158880472183227539e-02
-1.126054674386978149e-02,-2.052326798439025879e-01,-8.158627152442932129e-02
-1.126054674386978149e-02,-2.052326798439025879e-01,-8.158627152442932129e-02
-1.103277131915092468e-02,-2.059895098209381104e-01,-8.158230781555175781e-02
-1.103277131915092468e-02,-2.059895098209381104e-01,-8.158230781555175781e-02
-1.080440450459718704e-02,-2.067481875419616699e-01,-8.157689124345779419e-02
-1.080440450459718704e-02,-2.067481875419616699e-01,-8.157689124345779419e-02
-1.057544536888599396e-02,-2.075087130069732666e-01,-8.157001435756683350e-02
-1.057544536888599396e-02,-2.075087130069732666e-01,-8.157001435756683350e-02
-1.034588739275932312e-02,-2.082711309194564819e-01,-8.156167715787887573e-02
-1.034588739275932312e-02,-2.082711309194564819e-01,-8.156167715787887573e-02
-1.011573988944292068e-02,-2.090354263782501221e-01,-8.155187219381332397e-02
-1.011573988944292068e-02,-2.090354263782501221e-01,-8.155187219381332397e-02
-9.884994477033615112e-03,-2.098015993833541870e-01,-8.154059946537017822e-02
-9.884994477033615112e-03,-2.098015993833541870e-01,-8.154059946537017822e-02
-9.653657674789428711e-03,-2.105696201324462891e-01,-8.152785152196884155e-02
-9.653657674789428711e-03,-2.105696201324462891e-01,-8.152785152196884155e-02
-9.421724826097488403e-03,-2.113395482301712036e-01,-8.151361346244812012e-02
-9.421724826097488403e-03,-2.113395482301712036e-01,-8.151361346244812012e-02
-9.189200587570667267e-03,-2.121113538742065430e-01,-8.149790018796920776e-02
-9.189200587570667267e-03,-2.121113538742065430e-01,-8.149790018796920776e-02
-8.956083096563816071e-03,-2.128850519657135010e-01,-8.148069679737091064e-02
-8.956083096563816071e-03,-2.128850519657135010e-01,-8.148069679737091064e-02
-8.722368627786636353e-03,-2.136606574058532715e-01,-8.146199584007263184e-02
-8.722368627786636353e-03,-2.136606574058532715e-01,-8.146199584007263184e-02
-8.488062769174575806e-03,-2.144381254911422729e-01,-8.144180476665496826e-02
-8.488062769174575806e-03,-2.144381254911422729e-01,-8.144180476665496826e-02
-8.253163658082485199e-03,-2.152174860239028931e-01,-8.142010867595672607e-02
-8.253163658082485199e-03,-2.152174860239028931e-01,-8.142010867595672607e-02
-8.017668500542640686e-03,-2.159987688064575195e-01,-8.139689266681671143e-02
-8.017668500542640686e-03,-2.159987688064575195e-01,-8.139689266681671143e-02
-7.781579159200191498e-03,-2.167819589376449585e-01,-8.137216418981552124e-02
-7.781579159200191498e-03,-2.167819589376449585e-01,-8.137216418981552124e-02
-7.544898893684148788e-03,-2.175670415163040161e-01,-8.134593069553375244e-02
-7.544898893684148788e-03,-2.175670415163040161e-01,-8.134593069553375244e-02
-7.307622581720352173e-03,-2.183540314435958862e-01,-8.131815493106842041e-02
-7.307622581720352173e-03,-2.183540314435958862e-01,-8.131815493106842041e-02
-7.069750688970088959e-03,-2.191429585218429565e-01,-8.128886669874191284e-02
-7.069750688970088959e-03,-2.191429585218429565e-01,-8.128886669874191284e-02
-6.831287872046232224e-03,-2.199337929487228394e-01,-8.125804364681243896e-02
-6.831287872046232224e-03,-2.199337929487228394e-01,-8.125804364681243896e-02
-6.592230405658483505e-03,-2.207265198230743408e-01,-8.122567832469940186e-02
-6.592230405658483505e-03,-2.207265198230743408e-01,-8.122567832469940186e-02
-6.352575961500406265e-03,-2.215211987495422363e-01,-8.119177818298339844e-02
-6.352575961500406265e-03,-2.215211987495422363e-01,-8.119177818298339844e-02
-6.112331524491310120e-03,-2.223177701234817505e-01,-8.115632086992263794e-02
-6.112331524491310120e-03,-2.223177701234817505e-01,-8.115632086992263794e-02
-5.871490575373172760e-03,-2.231162935495376587e-01,-8.111931383609771729e-02
-5.871490575373172760e-03,-2.231162935495376587e-01,-8.111931383609771729e-02
-5.630054976791143417e-03,-2.239167690277099609e-01,-8.108075708150863647e-02
-5.630054976791143417e-03,-2.239167690277099609e-01,-8.108075708150863647e-02
-5.388029385358095169e-03,-2.247191369533538818e-01,-8.104062825441360474e-02
-5.388029385358095169e-03,-2.247191369533538818e-01,-8.104062825441360474e-02
-5.145405884832143784e-03,-2.255234867334365845e-01,-8.099894225597381592e-02
-5.145405884832143784e-03,-2.255234867334365845e-01,-8.099894225597381592e-02
-4.902190063148736954e-03,-2.263297289609909058e-01,-8.095568418502807617e-02
-4.902190063148736954e-03,-2.263297289609909058e-01,-8.095568418502807617e-02
-4.658380523324012756e-03,-2.271379381418228149e-01,-8.091085404157638550e-02
-4.658380523324012756e-03,-2.271379381418228149e-01,-8.091085404157638550e-02
-4.413974937051534653e-03,-2.279481142759323120e-01,-8.086443692445755005e-02
-4.413974937051534653e-03,-2.279481142759323120e-01,-8.086443692445755005e-02
-4.168977960944175720e-03,-2.287602126598358154e-01,-8.081643283367156982e-02
-4.168977960944175720e-03,-2.287602126598358154e-01,-8.081643283367156982e-02
-3.923384007066488266e-03,-2.295742779970169067e-01,-8.076684921979904175e-02
-3.923384007066488266e-03,-2.295742779970169067e-01,-8.076684921979904175e-02
-3.677198896184563637e-03,-2.303902804851531982e-01,-8.071565628051757812e-02
-3.677198896184563637e-03,-2.303902804851531982e-01,-8.071565628051757812e-02
-3.430418204516172409e-03,-2.312082648277282715e-01,-8.066286891698837280e-02
-3.430418204516172409e-03,-2.312082648277282715e-01,-8.066286891698837280e-02
-3.183044493198394775e-03,-2.320282012224197388e-01,-8.060847967863082886e-02
-3.183044493198394775e-03,-2.320282012224197388e-01,-8.060847967863082886e-02
-2.935073338449001312e-03,-2.328501194715499878e-01,-8.055248856544494629e-02
-2.935073338449001312e-03,-2.328501194715499878e-01,-8.055248856544494629e-02
-2.686511958017945290e-03,-2.336739897727966309e-01,-8.049487322568893433e-02
-2.686511958017945290e-03,-2.336739897727966309e-01,-8.049487322568893433e-02
-2.437353366985917091e-03,-2.344998270273208618e-01,-8.043564110994338989e-02
-2.437353366985917091e-03,-2.344998270273208618e-01,-8.043564110994338989e-02
-2.187602687627077103e-03,-2.353276461362838745e-01,-8.037478476762771606e-02
-2.187602687627077103e-03,-2.353276461362838745e-01,-8.037478476762771606e-02
-1.937258406542241573e-03,-2.361574470996856689e-01,-8.031230419874191284e-02
-1.937258406542241573e-03,-2.361574470996856689e-01,-8.031230419874191284e-02
-1.686319126747548580e-03,-2.369892150163650513e-01,-8.024818450212478638e-02
-1.686319126747548580e-03,-2.369892150163650513e-01,-8.024818450212478638e-02
-1.434784498997032642e-03,-2.378229945898056030e-01,-8.018242567777633667e-02
-1.434784498997032642e-03,-2.378229945898056030e-01,-8.018242567777633667e-02
-1.182657666504383087e-03,-2.386587262153625488e-01,-8.011503517627716064e-02
-1.182657666504383087e-03,-2.386587262153625488e-01,-8.011503517627716064e-02
-9.299335652031004429e-04,-2.394964694976806641e-01,-8.004598319530487061e-02
-9.299335652031004429e-04,-2.394964694976806641e-01,-8.004598319530487061e-02
-6.766191218048334122e-04,-2.403362095355987549e-01,-7.997529208660125732e-02
-6.766191218048334122e-04,-2.403362095355987549e-01,-7.997529208660125732e-02
-4.227075260132551193e-04,-2.411779463291168213e-01,-7.990293949842453003e-02
-4.227075260132551193e-04,-2.411779463291168213e-01,-7.990293949842453003e-02
-1.682026631897315383e-04,-2.420216798782348633e-01,-7.982892543077468872e-02
-1.682026631897315383e-04,-2.420216798782348633e-01,-7.982892543077468872e-02
8.689548849361017346e-05,-2.428674101829528809e-01,-7.975323498249053955e-02
8.689548849361017346e-05,-2.428674101829528809e-01,-7.975323498249053955e-02
3.425888717174530029e-04,-2.437151521444320679e-01,-7.967588305473327637e-02
3.425888717174530029e-04,-2.437151521444320679e-01,-7.967588305473327637e-02
5.988774937577545643e-04,-2.445649057626724243e-01,-7.959685474634170532e-02
5.988774937577545643e-04,-2.445649057626724243e-01,-7.959685474634170532e-02
8.557583787478506565e-04,-2.454166710376739502e-01,-7.951614260673522949e-02
8.557583787478506565e-04,-2.454166710376739502e-01,-7.951614260673522949e-02
1.113234553486108780e-03,-2.462704330682754517e-01,-7.943374663591384888e-02
1.113234553486108780e-03,-2.462704330682754517e-01,-7.943374663591384888e-02
1.371304853819310665e-03,-2.471262216567993164e-01,-7.934965938329696655e-02
1.371304853819310665e-03,-2.471262216567993164e-01,-7.934965938329696655e-02
1.629968523047864437e-03,-2.479840368032455444e-01,-7.926387339830398560e-02
1.629968523047864437e-03,-2.479840368032455444e-01,-7.926387339830398560e-02
1.889227423816919327e-03,-2.488438785076141357e-01,-7.917638868093490601e-02
1.889227423816919327e-03,-2.488438785076141357e-01,-7.917638868093490601e-02
2.149080624803900719e-03,-2.497057616710662842e-01,-7.908720523118972778e-02
2.149080624803900719e-03,-2.497057616710662842e-01,-7.908720523118972778e-02
2.409529872238636017e-03,-2.505696713924407959e-01,-7.899630814790725708e-02
2.409529872238636017e-03,-2.505696713924407959e-01,-7.899630814790725708e-02
2.670570742338895798e-03,-2.514356076717376709e-01,-7.890369743108749390e-02
2.670570742338895798e-03,-2.514356076717376709e-01,-7.890369743108749390e-02
2.932207426056265831e-03,-2.523035705089569092e-01,-7.880937308073043823e-02
2.932207426056265831e-03,-2.523035705089569092e-01,-7.880937308073043823e-02
3.194436663761734962e-03,-2.531735599040985107e-01,-7.871331274509429932e-02
3.194436663761734962e-03,-2.531735599040985107e-01,-7.871331274509429932e-02
3.457261016592383385e-03,-2.540456354618072510e-01,-7.861552387475967407e-02
3.457261016592383385e-03,-2.540456354618072510e-01,-7.861552387475967407e-02
3.720680717378854752e-03,-2.549197375774383545e-01,-7.851601392030715942e-02
3.720680717378854752e-03,-2.549197375774383545e-01,-7.851601392030715942e-02
3.984695766121149063e-03,-2.557959258556365967e-01,-7.841476052999496460e-02
3.984695766121149063e-03,-2.557959258556365967e-01,-7.841476052999496460e-02
4.249302670359611511e-03,-2.566741108894348145e-01,-7.831176370382308960e-02
4.249302670359611511e-03,-2.566741108894348145e-01,-7.831176370382308960e-02
4.514506086707115173e-03,-2.575543522834777832e-01,-7.820701599121093750e-02
4.514506086707115173e-03,-2.575543522834777832e-01,-7.820701599121093750e-02
4.780303686857223511e-03,-2.584367096424102783e-01,-7.810052484273910522e-02
4.780303686857223511e-03,-2.584367096424102783e-01,-7.810052484273910522e-02
5.046692676842212677e-03,-2.593210637569427490e-01,-7.799226790666580200e-02
5.046692676842212677e-03,-2.593210637569427490e-01,-7.799226790666580200e-02
5.313679575920104980e-03,-2.602075040340423584e-01,-7.788224518299102783e-02
5.313679575920104980e-03,-2.602075040340423584e-01,-7.788224518299102783e-02
5.581258330494165421e-03,-2.610960304737091064e-01,-7.777045667171478271e-02
5.581258330494165421e-03,-2.610960304737091064e-01,-7.777045667171478271e-02
5.849433597177267075e-03,-2.619866132736206055e-01,-7.765689492225646973e-02
5.849433597177267075e-03,-2.619866132736206055e-01,-7.765689492225646973e-02
6.118201650679111481e-03,-2.628792822360992432e-01,-7.754156738519668579e-02
6.118201650679111481e-03,-2.628792822360992432e-01,-7.754156738519668579e-02
6.387563887983560562e-03,-2.637740075588226318e-01,-7.742444425821304321e-02
6.387563887983560562e-03,-2.637740075588226318e-01,-7.742444425821304321e-02
6.657522171735763550e-03,-2.646708190441131592e-01,-7.730554789304733276e-02
6.657522171735763550e-03,-2.646708190441131592e-01,-7.730554789304733276e-02
6.928076967597007751e-03,-2.655697464942932129e-01,-7.718485593795776367e-02
6.928076967597007751e-03,-2.655697464942932129e-01,-7.718485593795776367e-02
7.199223618954420090e-03,-2.664707303047180176e-01,-7.706236839294433594e-02
7.199223618954420090e-03,-2.664707303047180176e-01,-7.706236839294433594e-02
7.470964919775724411e-03,-2.673738002777099609e-01,-7.693808525800704956e-02
7.470964919775724411e-03,-2.673738002777099609e-01,-7.693808525800704956e-02
7.743301335722208023e-03,-2.682789862155914307e-01,-7.681199163198471069e-02
7.743301335722208023e-03,-2.682789862155914307e-01,-7.681199163198471069e-02
8.016231469810009003e-03,-2.691862285137176514e-01,-7.668408006429672241e-02
8.016231469810009003e-03,-2.691862285137176514e-01,-7.668408006429672241e-02
8.289756253361701965e-03,-2.700956165790557861e-01,-7.655436545610427856e-02
8.289756253361701965e-03,-2.700956165790557861e-01,-7.655436545610427856e-02
8.563875220715999603e-03,-2.710070610046386719e-01,-7.642283290624618530e-02
8.563875220715999603e-03,-2.710070610046386719e-01,-7.642283290624618530e-02
8.838589303195476532e-03,-2.719206511974334717e-01,-7.628946006298065186e-02
8.838589303195476532e-03,-2.719206511974334717e-01,-7.628946006298065186e-02
9.113898500800132751e-03,-2.728363275527954102e-01,-7.615426927804946899e-02
9.113898500800132751e-03,-2.728363275527954102e-01,-7.615426927804946899e-02
9.389802813529968262e-03,-2.737541198730468750e-01,-7.601724565029144287e-02
9.389802813529968262e-03,-2.737541198730468750e-01,-7.601724565029144287e-02
9.666300378739833832e-03,-2.746740579605102539e-01,-7.587837427854537964e-02
9.666300378739833832e-03,-2.746740579605102539e-01,-7.587837427854537964e-02
9.943393059074878693e-03,-2.755960822105407715e-01,-7.573767751455307007e-02
9.943393059074878693e-03,-2.755960822105407715e-01,-7.573767751455307007e-02
1.022107806056737900e-02,-2.765202224254608154e-01,-7.559511810541152954e-02
1.022107806056737900e-02,-2.765202224254608154e-01,-7.559511810541152954e-02
1.049936003983020782e-02,-2.774464786052703857e-01,-7.545071095228195190e-02
1.049936003983020782e-02,-2.774464786052703857e-01,-7.545071095228195190e-02
1.077823713421821594e-02,-2.783749401569366455e-01,-7.530444115400314331e-02
1.077823713421821594e-02,-2.783749401569366455e-01,-7.530444115400314331e-02
1.105770748108625412e-02,-2.793054580688476562e-01,-7.515630871057510376e-02
1.105770748108625412e-02,-2.793054580688476562e-01,-7.515630871057510376e-02
1.133777294307947159e-02,-2.802381217479705811e-01,-7.500630617141723633e-02
1.133777294307947159e-02,-2.802381217479705811e-01,-7.500630617141723633e-02
1.161843352019786835e-02,-2.811729013919830322e-01,-7.485444098711013794e-02
1.161843352019786835e-02,-2.811729013919830322e-01,-7.485444098711013794e-02
1.189968734979629517e-02,-2.821098566055297852e-01,-7.470069825649261475e-02
1.189968734979629517e-02,-2.821098566055297852e-01,-7.470069825649261475e-02
1.218153722584247589e-02,-2.830489575862884521e-01,-7.454506307840347290e-02
1.218153722584247589e-02,-2.830489575862884521e-01,-7.454506307840347290e-02
1.246398314833641052e-02,-2.839901745319366455e-01,-7.438755780458450317e-02
1.246398314833641052e-02,-2.839901745319366455e-01,-7.438755780458450317e-02
1.274701952934265137e-02,-2.849335074424743652e-01,-7.422814518213272095e-02
1.274701952934265137e-02,-2.849335074424743652e-01,-7.422814518213272095e-02
1.303065381944179535e-02,-2.858790755271911621e-01,-7.406684756278991699e-02
1.303065381944179535e-02,-2.858790755271911621e-01,-7.406684756278991699e-02
1.331488322466611862e-02,-2.868267893791198730e-01,-7.390363514423370361e-02
1.331488322466611862e-02,-2.868267893791198730e-01,-7.390363514423370361e-02
1.359970588237047195e-02,-2.877766191959381104e-01,-7.373853027820587158e-02
1.359970588237047195e-02,-2.877766191959381104e-01,-7.373853027820587158e-02
1.388512272387742996e-02,-2.887286245822906494e-01,-7.357150316238403320e-02
1.388512272387742996e-02,-2.887286245822906494e-01,-7.357150316238403320e-02
1.417113561183214188e-02,-2.896828055381774902e-01,-7.340256869792938232e-02
1.417113561183214188e-02,-2.896828055381774902e-01,-7.340256869792938232e-02
1.445774268358945847e-02,-2.906391620635986328e-01,-7.323171198368072510e-02
1.445774268358945847e-02,-2.906391620635986328e-01,-7.323171198368072510e-02
1.474494487047195435e-02,-2.915976643562316895e-01,-7.305894047021865845e-02
1.474494487047195435e-02,-2.915976643562316895e-01,-7.305894047021865845e-02
1.503274217247962952e-02,-2.925583422183990479e-01,-7.288423180580139160e-02
1.503274217247962952e-02,-2.925583422183990479e-01,-7.288423180580139160e-02
1.532113272696733475e-02,-2.935212254524230957e-01,-7.270758599042892456e-02
1.532113272696733475e-02,-2.935212254524230957e-01,-7.270758599042892456e-02
1.561012119054794312e-02,-2.944862246513366699e-01,-7.252901047468185425e-02
1.561012119054794312e-02,-2.944862246513366699e-01,-7.252901047468185425e-02
1.589970104396343231e-02,-2.954534590244293213e-01,-7.234848290681838989e-02
1.589970104396343231e-02,-2.954534590244293213e-01,-7.234848290681838989e-02
1.618987694382667542e-02,-2.964228689670562744e-01,-7.216600328683853149e-02
1.618987694382667542e-02,-2.964228689670562744e-01,-7.216600328683853149e-02
1.648064702749252319e-02,-2.973944842815399170e-01,-7.198157161474227905e-02
1.648064702749252319e-02,-2.973944842815399170e-01,-7.198157161474227905e-02
1.677201129496097565e-02,-2.983682751655578613e-01,-7.179518043994903564e-02
1.677201129496097565e-02,-2.983682751655578613e-01,-7.179518043994903564e-02
1.706397160887718201e-02,-2.993442714214324951e-01,-7.160682976245880127e-02
1.706397160887718201e-02,-2.993442714214324951e-01,-7.160682976245880127e-02
1.735652796924114227e-02,-3.003224432468414307e-01,-7.141651213169097900e-02
1.735652796924114227e-02,-3.003224432468414307e-01,-7.141651213169097900e-02
1.764968037605285645e-02,-3.013028502464294434e-01,-7.122422009706497192e-02
1.764968037605285645e-02,-3.013028502464294434e-01,-7.122422009706497192e-02
1.794342510402202606e-02,-3.022854626178741455e-01,-7.102994620800018311e-02
1.794342510402202606e-02,-3.022854626178741455e-01,-7.102994620800018311e-02
1.823776401579380035e-02,-3.032702505588531494e-01,-7.083370536565780640e-02
1.823776401579380035e-02,-3.032702505588531494e-01,-7.083370536565780640e-02
-1.917380690574645996e-01,1.095180734992027283e-01,-7.197114825248718262e-02
-1.917380690574645996e-01,1.095180734992027283e-01,-7.197114825248718262e-02
-1.913707405328750610e-01,1.091549322009086609e-01,-7.199582457542419434e-02
-1.913707405328750610e-01,1.091549322009086609e-01,-7.199582457542419434e-02
-1.910039037466049194e-01,1.087932884693145752e-01,-7.202024012804031372e-02
-1.910039037466049194e-01,1.087932884693145752e-01,-7.202024012804031372e-02
-1.906375735998153687e-01,1.084331497550010681e-01,-7.204441726207733154e-02
-1.906375735998153687e-01,1.084331497550010681e-01,-7.204441726207733154e-02
-1.902717500925064087e-01,1.080745235085487366e-01,-7.206834852695465088e-02
-1.902717500925064087e-01,1.080745235085487366e-01,-7.206834852695465088e-02
-1.899063885211944580e-01,1.077173799276351929e-01,-7.209201157093048096e-02
-1.899063885211944580e-01,1.077173799276351929e-01,-7.209201157093048096e-02
-1.895415484905242920e-01,1.073617115616798401e-01,-7.211545109748840332e-02
-1.895415484905242920e-01,1.073617115616798401e-01,-7.211545109748840332e-02
-1.891772001981735229e-01,1.070075631141662598e-01,-7.213862985372543335e-02
-1.891772001981735229e-01,1.070075631141662598e-01,-7.213862985372543335e-02
-1.888133585453033447e-01,1.066548824310302734e-01,-7.216157019138336182e-02
-1.888133585453033447e-01,1.066548824310302734e-01,-7.216157019138336182e-02
-1.884499788284301758e-01,1.063037067651748657e-01,-7.218427211046218872e-02
-1.884499788284301758e-01,1.063037067651748657e-01,-7.218427211046218872e-02
-1.880870908498764038e-01,1.059540137648582458e-01,-7.220672816038131714e-02
-1.880870908498764038e-01,1.059540137648582458e-01,-7.220672816038131714e-02
-1.877246797084808350e-01,1.056057885289192200e-01,-7.222894579172134399e-02
-1.877246797084808350e-01,1.056057885289192200e-01,-7.222894579172134399e-02
-1.873627752065658569e-01,1.052590385079383850e-01,-7.225090265274047852e-02
-1.873627752065658569e-01,1.052590385079383850e-01,-7.225090265274047852e-02
-1.870013326406478882e-01,1.049137860536575317e-01,-7.227262109518051147e-02
-1.870013326406478882e-01,1.049137860536575317e-01,-7.227262109518051147e-02
-1.866403967142105103e-01,1.045700013637542725e-01,-7.229410111904144287e-02
-1.866403967142105103e-01,1.045700013637542725e-01,-7.229410111904144287e-02
-1.862799227237701416e-01,1.042276769876480103e-01,-7.231533527374267578e-02
-1.862799227237701416e-01,1.042276769876480103e-01,-7.231533527374267578e-02
-1.859199404716491699e-01,1.038868352770805359e-01,-7.233635336160659790e-02
-1.859199404716491699e-01,1.038868352770805359e-01,-7.233635336160659790e-02
-1.855604201555252075e-01,1.035474538803100586e-01,-7.235710322856903076e-02
-1.855604201555252075e-01,1.035474538803100586e-01,-7.235710322856903076e-02
-1.852013915777206421e-01,1.032095551490783691e-01,-7.237762212753295898e-02
-1.852013915777206421e-01,1.032095551490783691e-01,-7.237762212753295898e-02
-1.848427951335906982e-01,1.028730943799018860e-01,-7.239791005849838257e-02
-1.848427951335906982e-01,1.028730943799018860e-01,-7.239791005849838257e-02
-1.844847053289413452e-01,1.025381088256835938e-01,-7.241795212030410767e-02
-1.844847053289413452e-01,1.025381088256835938e-01,-7.241795212030410767e-02
-1.841270923614501953e-01,1.022045835852622986e-01,-7.243776321411132812e-02
-1.841270923614501953e-01,1.022045835852622986e-01,-7.243776321411132812e-02
-1.837699264287948608e-01,1.018725186586380005e-01,-7.245732843875885010e-02
-1.837699264287948608e-01,1.018725186586380005e-01,-7.245732843875885010e-02
-1.834132373332977295e-01,1.015418916940689087e-01,-7.247667759656906128e-02
-1.834132373332977295e-01,1.015418916940689087e-01,-7.247667759656906128e-02
-1.830569952726364136e-01,1.012127324938774109e-01,-7.249577343463897705e-02
-1.830569952726364136e-01,1.012127324938774109e-01,-7.249577343463897705e-02
-1.827012598514556885e-01,1.008850261569023132e-01,-7.251463830471038818e-02
-1.827012598514556885e-01,1.008850261569023132e-01,-7.251463830471038818e-02
-1.823459267616271973e-01,1.005587577819824219e-01,-7.253327220678329468e-02
-1.823459267616271973e-01,1.005587577819824219e-01,-7.253327220678329468e-02
-1.819910854101181030e-01,1.002339199185371399e-01,-7.255167514085769653e-02
-1.819910854101181030e-01,1.002339199185371399e-01,-7.255167514085769653e-02
-1.816367357969284058e-01,9.991054236888885498e-02,-7.256984710693359375e-02
-1.816367357969284058e-01,9.991054236888885498e-02,-7.256984710693359375e-02
-1.812827885150909424e-01,9.958861023187637329e-02,-7.258777320384979248e-02
-1.812827885150909424e-01,9.958861023187637329e-02,-7.258777320384979248e-02
-1.809293180704116821e-01,9.926810115575790405e-02,-7.260549068450927734e-02
-1.809293180704116821e-01,9.926810115575790405e-02,-7.260549068450927734e-02
-1.805763244628906250e-01,9.894903749227523804e-02,-7.262295484542846680e-02
-1.805763244628906250e-01,9.894903749227523804e-02,-7.262295484542846680e-02
-1.802237480878829956e-01,9.863140434026718140e-02,-7.264020293951034546e-02
-1.802237480878829956e-01,9.863140434026718140e-02,-7.264020293951034546e-02
-1.798716336488723755e-01,9.831520169973373413e-02,-7.265722006559371948e-02
-1.798716336488723755e-01,9.831520169973373413e-02,-7.265722006559371948e-02
-1.795199662446975708e-01,9.800042212009429932e-02,-7.267400622367858887e-02
-1.795199662446975708e-01,9.800042212009429932e-02,-7.267400622367858887e-02
-1.791687309741973877e-01,9.768708050251007080e-02,-7.269056141376495361e-02
-1.791687309741973877e-01,9.768708050251007080e-02,-7.269056141376495361e-02
-1.788179725408554077e-01,9.737516194581985474e-02,-7.270690053701400757e-02
-1.788179725408554077e-01,9.737516194581985474e-02,-7.270690053701400757e-02
-1.784676313400268555e-01,9.706465899944305420e-02,-7.272299379110336304e-02
-1.784676313400268555e-01,9.706465899944305420e-02,-7.272299379110336304e-02
-1.781177371740341187e-01,9.675557911396026611e-02,-7.273887097835540771e-02
-1.781177371740341187e-01,9.675557911396026611e-02,-7.273887097835540771e-02
-1.777682900428771973e-01,9.644790738821029663e-02,-7.275452464818954468e-02
-1.777682900428771973e-01,9.644790738821029663e-02,-7.275452464818954468e-02
-1.774192899465560913e-01,9.614166617393493652e-02,-7.276994735002517700e-02
-1.774192899465560913e-01,9.614166617393493652e-02,-7.276994735002517700e-02
-1.770707368850708008e-01,9.583681076765060425e-02,-7.278516143560409546e-02
-1.770707368850708008e-01,9.583681076765060425e-02,-7.278516143560409546e-02
-1.767226010560989380e-01,9.553339332342147827e-02,-7.280013710260391235e-02
-1.767226010560989380e-01,9.553339332342147827e-02,-7.280013710260391235e-02
-1.763748824596405029e-01,9.523136913776397705e-02,-7.281488925218582153e-02
-1.763748824596405029e-01,9.523136913776397705e-02,-7.281488925218582153e-02
-1.760276108980178833e-01,9.493075311183929443e-02,-7.282943278551101685e-02
-1.760276108980178833e-01,9.493075311183929443e-02,-7.282943278551101685e-02
-1.756807863712310791e-01,9.463153779506683350e-02,-7.284374535083770752e-02
-1.756807863712310791e-01,9.463153779506683350e-02,-7.284374535083770752e-02
-1.753343641757965088e-01,9.433373063802719116e-02,-7.285784184932708740e-02
-1.753343641757965088e-01,9.433373063802719116e-02,-7.285784184932708740e-02
-1.749883890151977539e-01,9.403732419013977051e-02,-7.287171483039855957e-02
-1.749883890151977539e-01,9.403732419013977051e-02,-7.287171483039855957e-02
-1.746428459882736206e-01,9.374231100082397461e-02,-7.288537174463272095e-02
-1.746428459882736206e-01,9.374231100082397461e-02,-7.288537174463272095e-02
-1.742977052927017212e-01,9.344868361949920654e-02,-7.289879769086837769e-02
-1.742977052927017212e-01,9.344868361949920654e-02,-7.289879769086837769e-02
-1.739530116319656372e-01,9.315646439790725708e-02,-7.291201502084732056e-02
-1.739530116319656372e-01,9.315646439790725708e-02,-7.291201502084732056e-02
-1.736087203025817871e-01,9.286562353372573853e-02,-7.292502373456954956e-02
-1.736087203025817871e-01,9.286562353372573853e-02,-7.292502373456954956e-02
-1.732648462057113647e-01,9.257616847753524780e-02,-7.293779402971267700e-02
-1.732648462057113647e-01,9.257616847753524780e-02,-7.293779402971267700e-02
-1.729214042425155640e-01,9.228811413049697876e-02,-7.295035570859909058e-02
-1.729214042425155640e-01,9.228811413049697876e-02,-7.295035570859909058e-02
-1.725783646106719971e-01,9.200141578912734985e-02,-7.296270132064819336e-02
-1.725783646106719971e-01,9.200141578912734985e-02,-7.296270132064819336e-02
-1.722357571125030518e-01,9.171611815690994263e-02,-7.297483831644058228e-02
-1.722357571125030518e-01,9.171611815690994263e-02,-7.297483831644058228e-02
-1.718935370445251465e-01,9.143218398094177246e-02,-7.298675924539566040e-02
-1.718935370445251465e-01,9.143218398094177246e-02,-7.298675924539566040e-02
-1.715517640113830566e-01,9.114965051412582397e-02,-7.299847155809402466e-02
-1.715517640113830566e-01,9.114965051412582397e-02,-7.299847155809402466e-02
-1.712103784084320068e-01,9.086845070123672485e-02,-7.300996035337448120e-02
-1.712103784084320068e-01,9.086845070123672485e-02,-7.300996035337448120e-02
-1.708693951368331909e-01,9.058865159749984741e-02,-7.302124053239822388e-02
-1.708693951368331909e-01,9.058865159749984741e-02,-7.302124053239822388e-02
-1.705288439989089966e-01,9.031021595001220703e-02,-7.303231209516525269e-02
-1.705288439989089966e-01,9.031021595001220703e-02,-7.303231209516525269e-02
-1.701886653900146484e-01,9.003315120935440063e-02,-7.304316014051437378e-02
-1.701886653900146484e-01,9.003315120935440063e-02,-7.304316014051437378e-02
-1.698489189147949219e-01,8.975743502378463745e-02,-7.305379956960678101e-02
-1.698489189147949219e-01,8.975743502378463745e-02,-7.305379956960678101e-02
-1.695095300674438477e-01,8.948308974504470825e-02,-7.306423783302307129e-02
-1.695095300674438477e-01,8.948308974504470825e-02,-7.306423783302307129e-02
-1.691706031560897827e-01,8.921009302139282227e-02,-7.307447493076324463e-02
-1.691706031560897827e-01,8.921009302139282227e-02,-7.307447493076324463e-02
-1.688320487737655640e-01,8.893847465515136719e-02,-7.308449596166610718e-02
-1.688320487737655640e-01,8.893847465515136719e-02,-7.308449596166610718e-02
-1.684938818216323853e-01,8.866820484399795532e-02,-7.309430837631225586e-02
-1.684938818216323853e-01,8.866820484399795532e-02,-7.309430837631225586e-02
-1.681561022996902466e-01,8.839927613735198975e-02,-7.310390472412109375e-02
-1.681561022996902466e-01,8.839927613735198975e-02,-7.310390472412109375e-02
-1.678187251091003418e-01,8.813170343637466431e-02,-7.311329990625381470e-02
-1.678187251091003418e-01,8.813170343637466431e-02,-7.311329990625381470e-02
-1.674817651510238647e-01,8.786548674106597900e-02,-7.312249392271041870e-02
-1.674817651510238647e-01,8.786548674106597900e-02,-7.312249392271041870e-02
-1.671451777219772339e-01,8.760060369968414307e-02,-7.313147187232971191e-02
-1.671451777219772339e-01,8.760060369968414307e-02,-7.313147187232971191e-02
-1.668089479207992554e-01,8.733707666397094727e-02,-7.314025610685348511e-02
-1.668089479207992554e-01,8.733707666397094727e-02,-7.314025610685348511e-02
-1.664731502532958984e-01,8.707487583160400391e-02,-7.314882427453994751e-02
-1.664731502532958984e-01,8.707487583160400391e-02,-7.314882427453994751e-02
-1.661377102136611938e-01,8.681402355432510376e-02,-7.315720617771148682e-02
-1.661377102136611938e-01,8.681402355432510376e-02,-7.315720617771148682e-02
-1.658026725053787231e-01,8.655449748039245605e-02,-7.316537946462631226e-02
-1.658026725053787231e-01,8.655449748039245605e-02,-7.316537946462631226e-02
-1.654679924249649048e-01,8.629631996154785156e-02,-7.317333668470382690e-02
-1.654679924249649048e-01,8.629631996154785156e-02,-7.317333668470382690e-02
-1.651337146759033203e-01,8.603947609663009644e-02,-7.318110764026641846e-02
-1.651337146759033203e-01,8.603947609663009644e-02,-7.318110764026641846e-02
-1.647998243570327759e-01,8.578393608331680298e-02,-7.318867743015289307e-02
-1.647998243570327759e-01,8.578393608331680298e-02,-7.318867743015289307e-02
-1.644662916660308838e-01,8.552975207567214966e-02,-7.319604605436325073e-02
-1.644662916660308838e-01,8.552975207567214966e-02,-7.319604605436325073e-02
-1.641331464052200317e-01,8.527687191963195801e-02,-7.320319861173629761e-02
-1.641331464052200317e-01,8.527687191963195801e-02,-7.320319861173629761e-02
-1.638003736734390259e-01,8.502533286809921265e-02,-7.321017980575561523e-02
-1.638003736734390259e-01,8.502533286809921265e-02,-7.321017980575561523e-02
-1.634679436683654785e-01,8.477509766817092896e-02,-7.321693003177642822e-02
-1.634679436683654785e-01,8.477509766817092896e-02,-7.321693003177642822e-02
-1.631359308958053589e-01,8.452618122100830078e-02,-7.322350144386291504e-02
-1.631359308958053589e-01,8.452618122100830078e-02,-7.322350144386291504e-02
-1.628042608499526978e-01,8.427859097719192505e-02,-7.322988659143447876e-02
-1.628042608499526978e-01,8.427859097719192505e-02,-7.322988659143447876e-02
-1.624729633331298828e-01,8.403231203556060791e-02,-7.323605567216873169e-02
-1.624729633331298828e-01,8.403231203556060791e-02,-7.323605567216873169e-02
-1.621420383453369141e-01,8.378734439611434937e-02,-7.324203103780746460e-02
-1.621420383453369141e-01,8.378734439611434937e-02,-7.324203103780746460e-02
-1.618114411830902100e-01,8.354368060827255249e-02,-7.324782013893127441e-02
-1.618114411830902100e-01,8.354368060827255249e-02,-7.324782013893127441e-02
-1.614812612533569336e-01,8.330131322145462036e-02,-7.325341552495956421e-02
-1.614812612533569336e-01,8.330131322145462036e-02,-7.325341552495956421e-02
-1.611514240503311157e-01,8.306025713682174683e-02,-7.325880974531173706e-02
-1.611514240503311157e-01,8.306025713682174683e-02,-7.325880974531173706e-02
-1.608219295740127563e-01,8.282051235437393188e-02,-7.326401770114898682e-02
-1.608219295740127563e-01,8.282051235437393188e-02,-7.326401770114898682e-02
-1.604928076267242432e-01,8.258204907178878784e-02,-7.326901704072952271e-02
-1.604928076267242432e-01,8.258204907178878784e-02,-7.326901704072952271e-02
-1.601640582084655762e-01,8.234491199254989624e-02,-7.327384501695632935e-02
-1.601640582084655762e-01,8.234491199254989624e-02,-7.327384501695632935e-02
-1.598356366157531738e-01,8.210904896259307861e-02,-7.327847182750701904e-02
-1.598356366157531738e-01,8.210904896259307861e-02,-7.327847182750701904e-02
-1.595075577497482300e-01,8.187447488307952881e-02,-7.328291237354278564e-02
-1.595075577497482300e-01,8.187447488307952881e-02,-7.328291237354278564e-02
-1.591798514127731323e-01,8.164120465517044067e-02,-7.328715920448303223e-02
-1.591798514127731323e-01,8.164120465517044067e-02,-7.328715920448303223e-02
-1.588524878025054932e-01,8.140920847654342651e-02,-7.329121977090835571e-02
-1.588524878025054932e-01,8.140920847654342651e-02,-7.329121977090835571e-02
-1.585254818201065063e-01,8.117850869894027710e-02,-7.329508662223815918e-02
-1.585254818201065063e-01,8.117850869894027710e-02,-7.329508662223815918e-02
-1.581988334655761719e-01,8.094909042119979858e-02,-7.329876720905303955e-02
-1.581988334655761719e-01,8.094909042119979858e-02,-7.329876720905303955e-02
-1.578724980354309082e-01,8.072094619274139404e-02,-7.330226898193359375e-02
-1.578724980354309082e-01,8.072094619274139404e-02,-7.330226898193359375e-02
-1.575465202331542969e-01,8.049409091472625732e-02,-7.330556958913803101e-02
-1.575465202331542969e-01,8.049409091472625732e-02,-7.330556958913803101e-02
-1.572208702564239502e-01,8.026850223541259766e-02,-7.330869138240814209e-02
-1.572208702564239502e-01,8.026850223541259766e-02,-7.330869138240814209e-02
-1.568956077098846436e-01,8.004419505596160889e-02,-7.331163436174392700e-02
-1.568956077098846436e-01,8.004419505596160889e-02,-7.331163436174392700e-02
-1.565706282854080200e-01,7.982115447521209717e-02,-7.331438362598419189e-02
-1.565706282854080200e-01,7.982115447521209717e-02,-7.331438362598419189e-02
-1.562460213899612427e-01,7.959938794374465942e-02,-7.331695407629013062e-02
-1.562460213899612427e-01,7.959938794374465942e-02,-7.331695407629013062e-02
-1.559217423200607300e-01,7.937889546155929565e-02,-7.331933081150054932e-02
-1.559217423200607300e-01,7.937889546155929565e-02,-7.331933081150054932e-02
-1.555978059768676758e-01,7.915964722633361816e-02,-7.332154363393783569e-02
-1.555978059768676758e-01,7.915964722633361816e-02,-7.332154363393783569e-02
-1.552741676568984985e-01,7.894167304039001465e-02,-7.332356274127960205e-02
-1.552741676568984985e-01,7.894167304039001465e-02,-7.332356274127960205e-02
-1.549508869647979736e-01,7.872497290372848511e-02,-7.332538813352584839e-02
-1.549508869647979736e-01,7.872497290372848511e-02,-7.332538813352584839e-02
-1.546279042959213257e-01,7.850950211286544800e-02,-7.332704216241836548e-02
-1.546279042959213257e-01,7.850950211286544800e-02,-7.332704216241836548e-02
-1.543052792549133301e-01,7.829530537128448486e-02,-7.332852482795715332e-02
-1.543052792549133301e-01,7.829530537128448486e-02,-7.332852482795715332e-02
-1.539829671382904053e-01,7.808235287666320801e-02,-7.332982122898101807e-02
-1.539829671382904053e-01,7.808235287666320801e-02,-7.332982122898101807e-02
-1.536609679460525513e-01,7.787064462900161743e-02,-7.333093136548995972e-02
-1.536609679460525513e-01,7.787064462900161743e-02,-7.333093136548995972e-02
-1.533393114805221558e-01,7.766019552946090698e-02,-7.333187013864517212e-02
-1.533393114805221558e-01,7.766019552946090698e-02,-7.333187013864517212e-02
-1.530180126428604126e-01,7.745101302862167358e-02,-7.333263754844665527e-02
-1.530180126428604126e-01,7.745101302862167358e-02,-7.333263754844665527e-02
-1.526969671249389648e-01,7.724303752183914185e-02,-7.333321869373321533e-02
-1.526969671249389648e-01,7.724303752183914185e-02,-7.333321869373321533e-02
-1.523762494325637817e-01,7.703632861375808716e-02,-7.333363592624664307e-02
-1.523762494325637817e-01,7.703632861375808716e-02,-7.333363592624664307e-02
-1.520558744668960571e-01,7.683084905147552490e-02,-7.333386689424514771e-02
-1.520558744668960571e-01,7.683084905147552490e-02,-7.333386689424514771e-02
-1.517357975244522095e-01,7.662660628557205200e-02,-7.333391904830932617e-02
-1.517357975244522095e-01,7.662660628557205200e-02,-7.333391904830932617e-02
-1.514160484075546265e-01,7.642360031604766846e-02,-7.333380728960037231e-02
-1.514160484075546265e-01,7.642360031604766846e-02,-7.333380728960037231e-02
-1.510965675115585327e-01,7.622183114290237427e-02,-7.333350926637649536e-02
-1.510965675115585327e-01,7.622183114290237427e-02,-7.333350926637649536e-02
-1.507774591445922852e-01,7.602128386497497559e-02,-7.333304733037948608e-02
-1.507774591445922852e-01,7.602128386497497559e-02,-7.333304733037948608e-02
-1.504586040973663330e-01,7.582196593284606934e-02,-7.333239912986755371e-02
-1.504586040973663330e-01,7.582196593284606934e-02,-7.333239912986755371e-02
-1.501400768756866455e-01,7.562387734651565552e-02,-7.333160191774368286e-02
-1.501400768756866455e-01,7.562387734651565552e-02,-7.333160191774368286e-02
-1.498218476772308350e-01,7.542701810598373413e-02,-7.333061099052429199e-02
-1.498218476772308350e-01,7.542701810598373413e-02,-7.333061099052429199e-02
-1.495039314031600952e-01,7.523135840892791748e-02,-7.332947105169296265e-02
-1.495039314031600952e-01,7.523135840892791748e-02,-7.332947105169296265e-02
-1.491863131523132324e-01,7.503693550825119019e-02,-7.332815229892730713e-02
-1.491863131523132324e-01,7.503693550825119019e-02,-7.332815229892730713e-02
-1.488689929246902466e-01,7.484373450279235840e-02,-7.332666218280792236e-02
-1.488689929246902466e-01,7.484373450279235840e-02,-7.332666218280792236e-02
-1.485519707202911377e-01,7.465174049139022827e-02,-7.332500815391540527e-02
-1.485519707202911377e-01,7.465174049139022827e-02,-7.332500815391540527e-02
-1.482352465391159058e-01,7.446094602346420288e-02,-7.332317531108856201e-02
-1.482352465391159058e-01,7.446094602346420288e-02,-7.332317531108856201e-02
-1.479188203811645508e-01,7.427137345075607300e-02,-7.332117855548858643e-02
-1.479188203811645508e-01,7.427137345075607300e-02,-7.332117855548858643e-02
-1.476026773452758789e-01,7.408299297094345093e-02,-7.331901043653488159e-02
-1.476026773452758789e-01,7.408299297094345093e-02,-7.331901043653488159e-02
-1.472868174314498901e-01,7.389584183692932129e-02,-7.331668585538864136e-02
-1.472868174314498901e-01,7.389584183692932129e-02,-7.331668585538864136e-02
-1.469712555408477783e-01,7.370986789464950562e-02,-7.331420481204986572e-02
-1.469712555408477783e-01,7.370986789464950562e-02,-7.331420481204986572e-02
-1.466560065746307373e-01,7.352511584758758545e-02,-7.331153005361557007e-02
-1.466560065746307373e-01,7.352511584758758545e-02,-7.331153005361557007e-02
-1.463410258293151855e-01,7.334154844284057617e-02,-7.330871373414993286e-02
-1.463410258293151855e-01,7.334154844284057617e-02,-7.330871373414993286e-02
-1.460263282060623169e-01,7.315918803215026855e-02,-7.330573350191116333e-02
-1.460263282060623169e-01,7.315918803215026855e-02,-7.330573350191116333e-02
-1.457118988037109375e-01,7.297800481319427490e-02,-7.330258190631866455e-02
-1.457118988037109375e-01,7.297800481319427490e-02,-7.330258190631866455e-02
-1.453977823257446289e-01,7.279802113771438599e-02,-7.329927384853363037e-02
-1.453977823257446289e-01,7.279802113771438599e-02,-7.329927384853363037e-02
-1.450839191675186157e-01,7.261922210454940796e-02,-7.329580187797546387e-02
-1.450839191675186157e-01,7.261922210454940796e-02,-7.329580187797546387e-02
-1.447703391313552856e-01,7.244160771369934082e-02,-7.329216599464416504e-02
-1.447703391313552856e-01,7.244160771369934082e-02,-7.329216599464416504e-02
-1.444570422172546387e-01,7.226517796516418457e-02,-7.328836619853973389e-02
-1.444570422172546387e-01,7.226517796516418457e-02,-7.328836619853973389e-02
-1.441440135240554810e-01,7.208994776010513306e-02,-7.328442484140396118e-02
-1.441440135240554810e-01,7.208994776010513306e-02,-7.328442484140396118e-02
-1.438312679529190063e-01,7.191587239503860474e-02,-7.328030467033386230e-02
-1.438312679529190063e-01,7.191587239503860474e-02,-7.328030467033386230e-02
-1.435187757015228271e-01,7.174298912286758423e-02,-7.327603548765182495e-02
-1.435187757015228271e-01,7.174298912286758423e-02,-7.327603548765182495e-02
-1.432065814733505249e-01,7.157127559185028076e-02,-7.327160239219665527e-02
-1.432065814733505249e-01,7.157127559185028076e-02,-7.327160239219665527e-02
-1.428946405649185181e-01,7.140073180198669434e-02,-7.326702028512954712e-02
-1.428946405649185181e-01,7.140073180198669434e-02,-7.326702028512954712e-02
-1.425829678773880005e-01,7.123136520385742188e-02,-7.326228171586990356e-02
-1.425829678773880005e-01,7.123136520385742188e-02,-7.326228171586990356e-02
-1.422715485095977783e-01,7.106316089630126953e-02,-7.325737923383712769e-02
-1.422715485095977783e-01,7.106316089630126953e-02,-7.325737923383712769e-02
-1.419604122638702393e-01,7.089611887931823730e-02,-7.325233519077301025e-02
-1.419604122638702393e-01,7.089611887931823730e-02,-7.325233519077301025e-02
-1.416495293378829956e-01,7.073023915290832520e-02,-7.324712723493576050e-02
-1.416495293378829956e-01,7.073023915290832520e-02,-7.324712723493576050e-02
-1.413389295339584351e-01,7.056553661823272705e-02,-7.324176281690597534e-02
-1.413389295339584351e-01,7.056553661823272705e-02,-7.324176281690597534e-02
-1.410285830497741699e-01,7.040198147296905518e-02,-7.323625683784484863e-02
-1.410285830497741699e-01,7.040198147296905518e-02,-7.323625683784484863e-02
-1.407184451818466187e-01,7.023958861827850342e-02,-7.323057949542999268e-02
-1.407184451818466187e-01,7.023958861827850342e-02,-7.323057949542999268e-02
-1.404086202383041382e-01,7.007834315299987793e-02,-7.322476804256439209e-02
-1.404086202383041382e-01,7.007834315299987793e-02,-7.322476804256439209e-02
-1.400990188121795654e-01,6.991824507713317871e-02,-7.321880012750625610e-02
-1.400990188121795654e-01,6.991824507713317871e-02,-7.321880012750625610e-02
-1.397896707057952881e-01,6.975930929183959961e-02,-7.321267575025558472e-02
-1.397896707057952881e-01,6.975930929183959961e-02,-7.321267575025558472e-02
-1.394806057214736938e-01,6.960149854421615601e-02,-7.320639491081237793e-02
-1.394806057214736938e-01,6.960149854421615601e-02,-7.320639491081237793e-02
-1.391717493534088135e-01,6.944484263658523560e-02,-7.319997996091842651e-02
-1.391717493534088135e-01,6.944484263658523560e-02,-7.319997996091842651e-02
-1.388631314039230347e-01,6.928933411836624146e-02,-7.319341599941253662e-02
-1.388631314039230347e-01,6.928933411836624146e-02,-7.319341599941253662e-02
-1.385547965764999390e-01,6.913495808839797974e-02,-7.318670302629470825e-02
-1.385547965764999390e-01,6.913495808839797974e-02,-7.318670302629470825e-02
-1.382466852664947510e-01,6.898173689842224121e-02,-7.317984104156494141e-02
-1.382466852664947510e-01,6.898173689842224121e-02,-7.317984104156494141e-02
-1.379388421773910522e-01,6.882964074611663818e-02,-7.317282259464263916e-02
-1.379388421773910522e-01,6.882964074611663818e-02,-7.317282259464263916e-02
-1.376312226057052612e-01,6.867868453264236450e-02,-7.316566258668899536e-02
-1.376312226057052612e-01,6.867868453264236450e-02,-7.316566258668899536e-02
-1.373238265514373779e-01,6.852884590625762939e-02,-7.315837591886520386e-02
-1.373238265514373779e-01,6.852884590625762939e-02,-7.315837591886520386e-02
-1.370166838169097900e-01,6.838013231754302979e-02,-7.315091788768768311e-02
-1.370166838169097900e-01,6.838013231754302979e-02,-7.315091788768768311e-02
-1.367097944021224976e-01,6.823257356882095337e-02,-7.314333319664001465e-02
-1.367097944021224976e-01,6.823257356882095337e-02,-7.314333319664001465e-02
-1.364031136035919189e-01,6.808610260486602783e-02,-7.313559204339981079e-02
-1.364031136035919189e-01,6.808610260486602783e-02,-7.313559204339981079e-02
-1.360966712236404419e-01,6.794077157974243164e-02,-7.312771677970886230e-02
-1.360966712236404419e-01,6.794077157974243164e-02,-7.312771677970886230e-02
-1.357904672622680664e-01,6.779656559228897095e-02,-7.311969250440597534e-02
-1.357904672622680664e-01,6.779656559228897095e-02,-7.311969250440597534e-02
-1.354844868183135986e-01,6.765346974134445190e-02,-7.311154156923294067e-02
-1.354844868183135986e-01,6.765346974134445190e-02,-7.311154156923294067e-02
-1.351787447929382324e-01,6.751149147748947144e-02,-7.310323417186737061e-02
-1.351787447929382324e-01,6.751149147748947144e-02,-7.310323417186737061e-02
-1.348732113838195801e-01,6.737060844898223877e-02,-7.309478521347045898e-02
-1.348732113838195801e-01,6.737060844898223877e-02,-7.309478521347045898e-02
-1.345679163932800293e-01,6.723085790872573853e-02,-7.308620959520339966e-02
-1.345679163932800293e-01,6.723085790872573853e-02,-7.308620959520339966e-02
-1.342628598213195801e-01,6.709220260381698608e-02,-7.307748496532440186e-02
-1.342628598213195801e-01,6.709220260381698608e-02,-7.307748496532440186e-02
-1.339579820632934570e-01,6.695465743541717529e-02,-7.306862622499465942e-02
-1.339579820632934570e-01,6.695465743541717529e-02,-7.306862622499465942e-02
-1.336533725261688232e-01,6.681821495294570923e-02,-7.305962592363357544e-02
-1.336533725261688232e-01,6.681821495294570923e-02,-7.305962592363357544e-02
-1.333489418029785156e-01,6.668286770582199097e-02,-7.305049151182174683e-02
-1.333489418029785156e-01,6.668286770582199097e-02,-7.305049151182174683e-02
-1.330447494983673096e-01,6.654862314462661743e-02,-7.304122298955917358e-02
-1.330447494983673096e-01,6.654862314462661743e-02,-7.304122298955917358e-02
-1.327407658100128174e-01,6.641548126935958862e-02,-7.303181290626525879e-02
-1.327407658100128174e-01,6.641548126935958862e-02,-7.303181290626525879e-02
-1.324369758367538452e-01,6.628342717885971069e-02,-7.302226871252059937e-02
-1.324369758367538452e-01,6.628342717885971069e-02,-7.302226871252059937e-02
-1.321334391832351685e-01,6.615246087312698364e-02,-7.301259040832519531e-02
-1.321334391832351685e-01,6.615246087312698364e-02,-7.301259040832519531e-02
-1.318300962448120117e-01,6.602258235216140747e-02,-7.300277799367904663e-02
-1.318300962448120117e-01,6.602258235216140747e-02,-7.300277799367904663e-02
-1.315269619226455688e-01,6.589380651712417603e-02,-7.299283891916275024e-02
-1.315269619226455688e-01,6.589380651712417603e-02,-7.299283891916275024e-02
-1.312240064144134521e-01,6.576610356569290161e-02,-7.298276573419570923e-02
-1.312240064144134521e-01,6.576610356569290161e-02,-7.298276573419570923e-02
-1.309213042259216309e-01,6.563948839902877808e-02,-7.297255098819732666e-02
-1.309213042259216309e-01,6.563948839902877808e-02,-7.297255098819732666e-02
-1.306187808513641357e-01,6.551394611597061157e-02,-7.296220958232879639e-02
-1.306187808513641357e-01,6.551394611597061157e-02,-7.296220958232879639e-02
-1.303164511919021606e-01,6.538948416709899902e-02,-7.295174151659011841e-02
-1.303164511919021606e-01,6.538948416709899902e-02,-7.295174151659011841e-02
-1.300143599510192871e-01,6.526610255241394043e-02,-7.294114679098129272e-02
-1.300143599510192871e-01,6.526610255241394043e-02,-7.294114679098129272e-02
-1.297124177217483521e-01,6.514378637075424194e-02,-7.293041795492172241e-02
-1.297124177217483521e-01,6.514378637075424194e-02,-7.293041795492172241e-02
-1.294106990098953247e-01,6.502254307270050049e-02,-7.291955500841140747e-02
-1.294106990098953247e-01,6.502254307270050049e-02,-7.291955500841140747e-02
-1.291091591119766235e-01,6.490236520767211914e-02,-7.290857285261154175e-02
-1.291091591119766235e-01,6.490236520767211914e-02,-7.290857285261154175e-02
-1.288078427314758301e-01,6.478326022624969482e-02,-7.289745658636093140e-02
-1.288078427314758301e-01,6.478326022624969482e-02,-7.289745658636093140e-02
-1.285066902637481689e-01,6.466521322727203369e-02,-7.288620620965957642e-02
-1.285066902637481689e-01,6.466521322727203369e-02,-7.288620620965957642e-02
-1.282057464122772217e-01,6.454823166131973267e-02,-7.287484407424926758e-02
-1.282057464122772217e-01,6.454823166131973267e-02,-7.287484407424926758e-02
-1.279049813747406006e-01,6.443230807781219482e-02,-7.286336272954940796e-02
-1.279049813747406006e-01,6.443230807781219482e-02,-7.286336272954940796e-02
-1.276044100522994995e-01,6.431744247674942017e-02,-7.285173237323760986e-02
-1.276044100522994995e-01,6.431744247674942017e-02,-7.285173237323760986e-02
-1.273040026426315308e-01,6.420363485813140869e-02,-7.284000515937805176e-02
-1.273040026426315308e-01,6.420363485813140869e-02,-7.284000515937805176e-02
-1.270038187503814697e-01,6.409087032079696655e-02,-7.282812893390655518e-02
-1.270038187503814697e-01,6.409087032079696655e-02,-7.282812893390655518e-02
-1.267037838697433472e-01,6.397916376590728760e-02,-7.281614094972610474e-02
-1.267037838697433472e-01,6.397916376590728760e-02,-7.281614094972610474e-02
-1.264039576053619385e-01,6.386850029230117798e-02,-7.280403375625610352e-02
-1.264039576053619385e-01,6.386850029230117798e-02,-7.280403375625610352e-02
-1.261042952537536621e-01,6.375889480113983154e-02,-7.279179990291595459e-02
-1.261042952537536621e-01,6.375889480113983154e-02,-7.279179990291595459e-02
-1.258048117160797119e-01,6.365031749010086060e-02,-7.277943938970565796e-02
-1.258048117160797119e-01,6.365031749010086060e-02,-7.277943938970565796e-02
-1.255054920911788940e-01,6.354279071092605591e-02,-7.276697456836700439e-02
-1.255054920911788940e-01,6.354279071092605591e-02,-7.276697456836700439e-02
-1.252063661813735962e-01,6.343629211187362671e-02,-7.275438308715820312e-02
-1.252063661813735962e-01,6.343629211187362671e-02,-7.275438308715820312e-02
-1.249074116349220276e-01,6.333083659410476685e-02,-7.274166494607925415e-02
-1.249074116349220276e-01,6.333083659410476685e-02,-7.274166494607925415e-02
-1.246086359024047852e-01,6.322640925645828247e-02,-7.272884994745254517e-02
-1.246086359024047852e-01,6.322640925645828247e-02,-7.272884994745254517e-02
-1.243100017309188843e-01,6.312301754951477051e-02,-7.271589338779449463e-02
-1.243100017309188843e-01,6.312301754951477051e-02,-7.271589338779449463e-02
-1.240115612745285034e-01,6.302065402269363403e-02,-7.270282506942749023e-02
-1.240115612745285034e-01,6.302065402269363403e-02,-7.270282506942749023e-02
-1.237132772803306580e-01,6.291931867599487305e-02,-7.268964499235153198e-02
-1.237132772803306580e-01,6.291931867599487305e-02,-7.268964499235153198e-02
-1.234151422977447510e-01,6.281901150941848755e-02,-7.267634570598602295e-02
-1.234151422977447510e-01,6.281901150941848755e-02,-7.267634570598602295e-02
-1.231171935796737671e-01,6.271972507238388062e-02,-7.266293466091156006e-02
-1.231171935796737671e-01,6.271972507238388062e-02,-7.266293466091156006e-02
-1.228194087743759155e-01,6.262145191431045532e-02,-7.264940440654754639e-02
-1.228194087743759155e-01,6.262145191431045532e-02,-7.264940440654754639e-02
-1.225217729806900024e-01,6.252419948577880859e-02,-7.263576239347457886e-02
-1.225217729806900024e-01,6.252419948577880859e-02,-7.263576239347457886e-02
-1.222242936491966248e-01,6.242796033620834351e-02,-7.262200862169265747e-02
-1.222242936491966248e-01,6.242796033620834351e-02,-7.262200862169265747e-02
-1.219269707798957825e-01,6.233273819088935852e-02,-7.260815054178237915e-02
-1.219269707798957825e-01,6.233273819088935852e-02,-7.260815054178237915e-02
-1.216298118233680725e-01,6.223851814866065979e-02,-7.259416580200195312e-02
-1.216298118233680725e-01,6.223851814866065979e-02,-7.259416580200195312e-02
-1.213328018784523010e-01,6.214531511068344116e-02,-7.258006930351257324e-02
-1.213328018784523010e-01,6.214531511068344116e-02,-7.258006930351257324e-02
-1.210359483957290649e-01,6.205312162637710571e-02,-7.256587594747543335e-02
-1.210359483957290649e-01,6.205312162637710571e-02,-7.256587594747543335e-02
-1.207392439246177673e-01,6.196192651987075806e-02,-7.255156338214874268e-02
-1.207392439246177673e-01,6.196192651987075806e-02,-7.255156338214874268e-02
-1.204426810145378113e-01,6.187173724174499512e-02,-7.253713905811309814e-02
-1.204426810145378113e-01,6.187173724174499512e-02,-7.253713905811309814e-02
-1.201462596654891968e-01,6.178253889083862305e-02,-7.252261787652969360e-02
-1.201462596654891968e-01,6.178253889083862305e-02,-7.252261787652969360e-02
-1.198500022292137146e-01,6.169433891773223877e-02,-7.250797748565673828e-02
-1.198500022292137146e-01,6.169433891773223877e-02,-7.250797748565673828e-02
-1.195538714528083801e-01,6.160714104771614075e-02,-7.249324023723602295e-02
-1.195538714528083801e-01,6.160714104771614075e-02,-7.249324023723602295e-02
-1.192578896880149841e-01,6.152093783020973206e-02,-7.247837632894515991e-02
-1.192578896880149841e-01,6.152093783020973206e-02,-7.247837632894515991e-02
-1.189620494842529297e-01,6.143571063876152039e-02,-7.246343046426773071e-02
-1.189620494842529297e-01,6.143571063876152039e-02,-7.246343046426773071e-02
-1.186663582921028137e-01,6.135148182511329651e-02,-7.244836539030075073e-02
-1.186663582921028137e-01,6.135148182511329651e-02,-7.244836539030075073e-02
-1.183707788586616516e-01,6.126823276281356812e-02,-7.243318110704421997e-02
-1.183707788586616516e-01,6.126823276281356812e-02,-7.243318110704421997e-02
-1.180753484368324280e-01,6.118596717715263367e-02,-7.241791486740112305e-02
-1.180753484368324280e-01,6.118596717715263367e-02,-7.241791486740112305e-02
-1.177800670266151428e-01,6.110468134284019470e-02,-7.240254431962966919e-02
-1.177800670266151428e-01,6.110468134284019470e-02,-7.240254431962966919e-02
-1.174848973751068115e-01,6.102437525987625122e-02,-7.238706201314926147e-02
-1.174848973751068115e-01,6.102437525987625122e-02,-7.238706201314926147e-02
-1.171898692846298218e-01,6.094505265355110168e-02,-7.237147539854049683e-02
-1.171898692846298218e-01,6.094505265355110168e-02,-7.237147539854049683e-02
-1.168949678540229797e-01,6.086669862270355225e-02,-7.235580682754516602e-02
-1.168949678540229797e-01,6.086669862270355225e-02,-7.235580682754516602e-02
-1.166001930832862854e-01,6.078931316733360291e-02,-7.234001904726028442e-02
-1.166001930832862854e-01,6.078931316733360291e-02,-7.234001904726028442e-02
-1.163055375218391418e-01,6.071289628744125366e-02,-7.232413440942764282e-02
-1.163055375218391418e-01,6.071289628744125366e-02,-7.232413440942764282e-02
-1.160110160708427429e-01,6.063745543360710144e-02,-7.230814546346664429e-02
-1.160110160708427429e-01,6.063745543360710144e-02,-7.230814546346664429e-02
-1.157166063785552979e-01,6.056297197937965393e-02,-7.229206711053848267e-02
-1.157166063785552979e-01,6.056297197937965393e-02,-7.229206711053848267e-02
-1.154223382472991943e-01,6.048944592475891113e-02,-7.227588444948196411e-02
-1.154223382472991943e-01,6.048944592475891113e-02,-7.227588444948196411e-02
-1.151281669735908508e-01,6.041688472032546997e-02,-7.225960493087768555e-02
-1.151281669735908508e-01,6.041688472032546997e-02,-7.225960493087768555e-02
-1.148341298103332520e-01,6.034528464078903198e-02,-7.224322110414505005e-02
-1.148341298103332520e-01,6.034528464078903198e-02,-7.224322110414505005e-02
-1.145401895046234131e-01,6.027463451027870178e-02,-7.222675532102584839e-02
-1.145401895046234131e-01,6.027463451027870178e-02,-7.222675532102584839e-02
-1.142463833093643188e-01,6.020493432879447937e-02,-7.221018522977828979e-02
-1.142463833093643188e-01,6.020493432879447937e-02,-7.221018522977828979e-02
-1.139526888728141785e-01,6.013619899749755859e-02,-7.219352573156356812e-02
-1.139526888728141785e-01,6.013619899749755859e-02,-7.219352573156356812e-02
-1.136590987443923950e-01,6.006839871406555176e-02,-7.217676192522048950e-02
-1.136590987443923950e-01,6.006839871406555176e-02,-7.217676192522048950e-02
-1.133656129240989685e-01,6.000155210494995117e-02,-7.215990871191024780e-02
-1.133656129240989685e-01,6.000155210494995117e-02,-7.215990871191024780e-02
-1.130722463130950928e-01,5.993564799427986145e-02,-7.214296609163284302e-02
-1.130722463130950928e-01,5.993564799427986145e-02,-7.214296609163284302e-02
-1.127789691090583801e-01,5.987067893147468567e-02,-7.212592661380767822e-02
-1.127789691090583801e-01,5.987067893147468567e-02,-7.212592661380767822e-02
-1.124858111143112183e-01,5.980665609240531921e-02,-7.210879772901535034e-02
-1.124858111143112183e-01,5.980665609240531921e-02,-7.210879772901535034e-02
-1.121927574276924133e-01,5.974356457591056824e-02,-7.209157943725585938e-02
-1.121927574276924133e-01,5.974356457591056824e-02,-7.209157943725585938e-02
-1.118997931480407715e-01,5.968141183257102966e-02,-7.207426428794860840e-02
-1.118997931480407715e-01,5.968141183257102966e-02,-7.207426428794860840e-02
-1.116069406270980835e-01,5.962019041180610657e-02,-7.205685973167419434e-02
-1.116069406270980835e-01,5.962019041180610657e-02,-7.205685973167419434e-02
-1.113141849637031555e-01,5.955989658832550049e-02,-7.203936576843261719e-02
-1.113141849637031555e-01,5.955989658832550049e-02,-7.203936576843261719e-02
-1.110215187072753906e-01,5.950053781270980835e-02,-7.202178984880447388e-02
-1.110215187072753906e-01,5.950053781270980835e-02,-7.202178984880447388e-02
-1.107289567589759827e-01,5.944209545850753784e-02,-7.200411707162857056e-02
-1.107289567589759827e-01,5.944209545850753784e-02,-7.200411707162857056e-02
-1.104364842176437378e-01,5.938457697629928589e-02,-7.198636233806610107e-02
-1.104364842176437378e-01,5.938457697629928589e-02,-7.198636233806610107e-02
-1.101440936326980591e-01,5.932798236608505249e-02,-7.196852564811706543e-02
-1.101440936326980591e-01,5.932798236608505249e-02,-7.196852564811706543e-02
-1.098518222570419312e-01,5.927230790257453918e-02,-7.195060700178146362e-02
-1.098518222570419312e-01,5.927230790257453918e-02,-7.195060700178146362e-02
-1.095596179366111755e-01,5.921754613518714905e-02,-7.193257659673690796e-02
-1.095596179366111755e-01,5.921754613518714905e-02,-7.193257659673690796e-02
-1.092674955725669861e-01,5.916369333863258362e-02,-7.191448658704757690e-02
-1.092674955725669861e-01,5.916369333863258362e-02,-7.191448658704757690e-02
-1.089754775166511536e-01,5.911076441407203674e-02,-7.189629226922988892e-02
-1.089754775166511536e-01,5.911076441407203674e-02,-7.189629226922988892e-02
-1.086835265159606934e-01,5.905874073505401611e-02,-7.187803089618682861e-02
-1.086835265159606934e-01,5.905874073505401611e-02,-7.187803089618682861e-02
-1.083916574716567993e-01,5.900761857628822327e-02,-7.185967266559600830e-02
-1.083916574716567993e-01,5.900761857628822327e-02,-7.185967266559600830e-02
-1.080998852849006653e-01,5.895740166306495667e-02,-7.184124737977981567e-02
-1.080998852849006653e-01,5.895740166306495667e-02,-7.184124737977981567e-02
-1.078081727027893066e-01,5.890808627009391785e-02,-7.182273268699645996e-02
-1.078081727027893066e-01,5.890808627009391785e-02,-7.182273268699645996e-02
-1.075165420770645142e-01,5.885967612266540527e-02,-7.180414348840713501e-02
-1.075165420770645142e-01,5.885967612266540527e-02,-7.180414348840713501e-02
-1.072249934077262878e-01,5.881215631961822510e-02,-7.178547233343124390e-02
-1.072249934077262878e-01,5.881215631961822510e-02,-7.178547233343124390e-02
-1.069335192441940308e-01,5.876554176211357117e-02,-7.176670432090759277e-02
-1.069335192441940308e-01,5.876554176211357117e-02,-7.176670432090759277e-02
-1.066421195864677429e-01,5.871981382369995117e-02,-7.174787670373916626e-02
-1.066421195864677429e-01,5.871981382369995117e-02,-7.174787670373916626e-02
-1.063507646322250366e-01,5.867497250437736511e-02,-7.172895967960357666e-02
-1.063507646322250366e-01,5.867497250437736511e-02,-7.172895967960357666e-02
-1.060595139861106873e-01,5.863102898001670837e-02,-7.170997560024261475e-02
-1.060595139861106873e-01,5.863102898001670837e-02,-7.170997560024261475e-02
-1.057683229446411133e-01,5.858796462416648865e-02,-7.169090211391448975e-02
-1.057683229446411133e-01,5.858796462416648865e-02,-7.169090211391448975e-02
-1.054771840572357178e-01,5.854578316211700439e-02,-7.167175412178039551e-02
-1.054771840572357178e-01,5.854578316211700439e-02,-7.167175412178039551e-02
-1.051861122250556946e-01,5.850449204444885254e-02,-7.165253907442092896e-02
-1.051861122250556946e-01,5.850449204444885254e-02,-7.165253907442092896e-02
-1.048951148986816406e-01,5.846406891942024231e-02,-7.163324952125549316e-02
-1.048951148986816406e-01,5.846406891942024231e-02,-7.163324952125549316e-02
-1.046041697263717651e-01,5.842453241348266602e-02,-7.161387801170349121e-02
-1.046041697263717651e-01,5.842453241348266602e-02,-7.161387801170349121e-02
-1.043132767081260681e-01,5.838586017489433289e-02,-7.159443199634552002e-02
-1.043132767081260681e-01,5.838586017489433289e-02,-7.159443199634552002e-02
-1.040224507451057434e-01,5.834807083010673523e-02,-7.157491892576217651e-02
-1.040224507451057434e-01,5.834807083010673523e-02,-7.157491892576217651e-02
-1.037316918373107910e-01,5.831113830208778381e-02,-7.155531644821166992e-02
-1.037316918373107910e-01,5.831113830208778381e-02,-7.155531644821166992e-02
-1.034409627318382263e-01,5.827508121728897095e-02,-7.153565436601638794e-02
-1.034409627318382263e-01,5.827508121728897095e-02,-7.153565436601638794e-02
-1.031503081321716309e-01,5.823989212512969971e-02,-7.151593267917633057e-02
-1.031503081321716309e-01,5.823989212512969971e-02,-7.151593267917633057e-02
-1.028596982359886169e-01,5.820556357502937317e-02,-7.149612158536911011e-02
-1.028596982359886169e-01,5.820556357502937317e-02,-7.149612158536911011e-02
-1.025691255927085876e-01,5.817209184169769287e-02,-7.147625088691711426e-02
-1.025691255927085876e-01,5.817209184169769287e-02,-7.147625088691711426e-02
-1.022786051034927368e-01,5.813948437571525574e-02,-7.145630568265914917e-02
-1.022786051034927368e-01,5.813948437571525574e-02,-7.145630568265914917e-02
-1.019881442189216614e-01,5.810773000121116638e-02,-7.143629342317581177e-02
-1.019881442189216614e-01,5.810773000121116638e-02,-7.143629342317581177e-02
-1.016977205872535706e-01,5.807682499289512634e-02,-7.141620665788650513e-02
-1.016977205872535706e-01,5.807682499289512634e-02,-7.141620665788650513e-02
-1.014073416590690613e-01,5.804678052663803101e-02,-7.139606773853302002e-02
-1.014073416590690613e-01,5.804678052663803101e-02,-7.139606773853302002e-02
-1.011170074343681335e-01,5.801758542656898499e-02,-7.137585431337356567e-02
-1.011170074343681335e-01,5.801758542656898499e-02,-7.137585431337356567e-02
-1.008266955614089966e-01,5.798922479152679443e-02,-7.135556638240814209e-02
-1.008266955614089966e-01,5.798922479152679443e-02,-7.135556638240814209e-02
-1.005364507436752319e-01,5.796171724796295166e-02,-7.133522629737854004e-02
-1.005364507436752319e-01,5.796171724796295166e-02,-7.133522629737854004e-02
-1.002462133765220642e-01,5.793505162000656128e-02,-7.131481170654296875e-02
-1.002462133765220642e-01,5.793505162000656128e-02,-7.131481170654296875e-02
-9.995603561401367188e-02,5.790922045707702637e-02,-7.129433751106262207e-02
-9.995603561401367188e-02,5.790922045707702637e-02,-7.129433751106262207e-02
-9.966586530208587646e-02,5.788423493504524231e-02,-7.127381116151809692e-02
-9.966586530208587646e-02,5.788423493504524231e-02,-7.127381116151809692e-02
-9.937574714422225952e-02,5.786008015275001526e-02,-7.125320285558700562e-02
-9.937574714422225952e-02,5.786008015275001526e-02,-7.125320285558700562e-02
-9.908565878868103027e-02,5.783676356077194214e-02,-7.123253494501113892e-02
-9.908565878868103027e-02,5.783676356077194214e-02,-7.123253494501113892e-02
-9.879559278488159180e-02,5.781427398324012756e-02,-7.121180742979049683e-02
-9.879559278488159180e-02,5.781427398324012756e-02,-7.121180742979049683e-02
-9.850555658340454102e-02,5.779260769486427307e-02,-7.119102030992507935e-02
-9.850555658340454102e-02,5.779260769486427307e-02,-7.119102030992507935e-02
-9.821553528308868408e-02,5.777177214622497559e-02,-7.117017358541488647e-02
-9.821553528308868408e-02,5.777177214622497559e-02,-7.117017358541488647e-02
-9.792555123567581177e-02,5.775175616145133972e-02,-7.114926725625991821e-02
-9.792555123567581177e-02,5.775175616145133972e-02,-7.114926725625991821e-02
-9.763558954000473022e-02,5.773256346583366394e-02,-7.112830132246017456e-02
-9.763558954000473022e-02,5.773256346583366394e-02,-7.112830132246017456e-02
-9.734562784433364868e-02,5.771419405937194824e-02,-7.110727578401565552e-02
-9.734562784433364868e-02,5.771419405937194824e-02,-7.110727578401565552e-02
-9.705571085214614868e-02,5.769664049148559570e-02,-7.108618319034576416e-02
-9.705571085214614868e-02,5.769664049148559570e-02,-7.108618319034576416e-02
-9.676579385995864868e-02,5.767989531159400940e-02,-7.106505334377288818e-02
-9.676579385995864868e-02,5.767989531159400940e-02,-7.106505334377288818e-02
-9.647590667009353638e-02,5.766396969556808472e-02,-7.104384899139404297e-02
-9.647590667009353638e-02,5.766396969556808472e-02,-7.104384899139404297e-02
-9.618601948022842407e-02,5.764885246753692627e-02,-7.102260738611221313e-02
-9.618601948022842407e-02,5.764885246753692627e-02,-7.102260738611221313e-02
-9.589614719152450562e-02,5.763453617691993713e-02,-7.100129872560501099e-02
-9.589614719152450562e-02,5.763453617691993713e-02,-7.100129872560501099e-02
-9.560628980398178101e-02,5.762102827429771423e-02,-7.097993046045303345e-02
-9.560628980398178101e-02,5.762102827429771423e-02,-7.097993046045303345e-02
-9.531645476818084717e-02,5.760833248496055603e-02,-7.095851749181747437e-02
-9.531645476818084717e-02,5.760833248496055603e-02,-7.095851749181747437e-02
-9.502660483121871948e-02,5.759643018245697021e-02,-7.093705236911773682e-02
-9.502660483121871948e-02,5.759643018245697021e-02,-7.093705236911773682e-02
-9.473676979541778564e-02,5.758532509207725525e-02,-7.091552019119262695e-02
-9.473676979541778564e-02,5.758532509207725525e-02,-7.091552019119262695e-02
-9.444694221019744873e-02,5.757501348853111267e-02,-7.089395821094512939e-02
-9.444694221019744873e-02,5.757501348853111267e-02,-7.089395821094512939e-02
-9.415711462497711182e-02,5.756549537181854248e-02,-7.087232172489166260e-02
-9.415711462497711182e-02,5.756549537181854248e-02,-7.087232172489166260e-02
-9.386727958917617798e-02,5.755677446722984314e-02,-7.085065543651580811e-02
-9.386727958917617798e-02,5.755677446722984314e-02,-7.085065543651580811e-02
-9.357745200395584106e-02,5.754883959889411926e-02,-7.082892954349517822e-02
-9.357745200395584106e-02,5.754883959889411926e-02,-7.082892954349517822e-02
-9.328761696815490723e-02,5.754169076681137085e-02,-7.080715894699096680e-02
-9.328761696815490723e-02,5.754169076681137085e-02,-7.080715894699096680e-02
-9.299778938293457031e-02,5.753533169627189636e-02,-7.078532874584197998e-02
-9.299778938293457031e-02,5.753533169627189636e-02,-7.078532874584197998e-02
-9.270794689655303955e-02,5.752974748611450195e-02,-7.076345384120941162e-02
-9.270794689655303955e-02,5.752974748611450195e-02,-7.076345384120941162e-02
-9.241809695959091187e-02,5.752494186162948608e-02,-7.074153423309326172e-02
-9.241809695959091187e-02,5.752494186162948608e-02,-7.074153423309326172e-02
-9.212824702262878418e-02,5.752092227339744568e-02,-7.071956247091293335e-02
-9.212824702262878418e-02,5.752092227339744568e-02,-7.071956247091293335e-02
-9.183836728334426880e-02,5.751767382025718689e-02,-7.069755345582962036e-02
-9.183836728334426880e-02,5.751767382025718689e-02,-7.069755345582962036e-02
-9.154850244522094727e-02,5.751519650220870972e-02,-7.067549973726272583e-02
-9.154850244522094727e-02,5.751519650220870972e-02,-7.067549973726272583e-02
-9.125860035419464111e-02,5.751349031925201416e-02,-7.065338641405105591e-02
-9.125860035419464111e-02,5.751349031925201416e-02,-7.065338641405105591e-02
-9.096869081258773804e-02,5.751255899667739868e-02,-7.063124328851699829e-02
-9.096869081258773804e-02,5.751255899667739868e-02,-7.063124328851699829e-02
-9.067878127098083496e-02,5.751238390803337097e-02,-7.060905545949935913e-02
-9.067878127098083496e-02,5.751238390803337097e-02,-7.060905545949935913e-02
-9.038882702589035034e-02,5.751297250390052795e-02,-7.058682292699813843e-02
-9.038882702589035034e-02,5.751297250390052795e-02,-7.058682292699813843e-02
-9.009885787963867188e-02,5.751432850956916809e-02,-7.056453824043273926e-02
-9.009885787963867188e-02,5.751432850956916809e-02,-7.056453824043273926e-02
-8.980887383222579956e-02,5.751644074916839600e-02,-7.054221630096435547e-02
-8.980887383222579956e-02,5.751644074916839600e-02,-7.054221630096435547e-02
-8.951887488365173340e-02,5.751930922269821167e-02,-7.051985710859298706e-02
-8.951887488365173340e-02,5.751930922269821167e-02,-7.051985710859298706e-02
-8.922884613275527954e-02,5.752293765544891357e-02,-7.049746811389923096e-02
-8.922884613275527954e-02,5.752293765544891357e-02,-7.049746811389923096e-02
-8.893878757953643799e-02,5.752731114625930786e-02,-7.047503441572189331e-02
-8.893878757953643799e-02,5.752731114625930786e-02,-7.047503441572189331e-02
-8.864869922399520874e-02,5.753243714570999146e-02,-7.045254111289978027e-02
-8.864869922399520874e-02,5.753243714570999146e-02,-7.045254111289978027e-02
-8.835855871438980103e-02,5.753830820322036743e-02,-7.043002545833587646e-02
-8.835855871438980103e-02,5.753830820322036743e-02,-7.043002545833587646e-02
-8.806842565536499023e-02,5.754493549466133118e-02,-7.040747255086898804e-02
-8.806842565536499023e-02,5.754493549466133118e-02,-7.040747255086898804e-02
-8.777824789285659790e-02,5.755228176712989807e-02,-7.038488239049911499e-02
-8.777824789285659790e-02,5.755228176712989807e-02,-7.038488239049911499e-02
-8.748803287744522095e-02,5.756039544939994812e-02,-7.036225497722625732e-02
-8.748803287744522095e-02,5.756039544939994812e-02,-7.036225497722625732e-02
-8.719776570796966553e-02,5.756922811269760132e-02,-7.033958286046981812e-02
-8.719776570796966553e-02,5.756922811269760132e-02,-7.033958286046981812e-02
-8.690747618675231934e-02,5.757880955934524536e-02,-7.031688094139099121e-02
-8.690747618675231934e-02,5.757880955934524536e-02,-7.031688094139099121e-02
-8.661714941263198853e-02,5.758911743760108948e-02,-7.029415667057037354e-02
-8.661714941263198853e-02,5.758911743760108948e-02,-7.029415667057037354e-02
-8.632677793502807617e-02,5.760015547275543213e-02,-7.027138024568557739e-02
-8.632677793502807617e-02,5.760015547275543213e-02,-7.027138024568557739e-02
-8.603636175394058228e-02,5.761192739009857178e-02,-7.024858146905899048e-02
-8.603636175394058228e-02,5.761192739009857178e-02,-7.024858146905899048e-02
-8.574590086936950684e-02,5.762442201375961304e-02,-7.022574543952941895e-02
-8.574590086936950684e-02,5.762442201375961304e-02,-7.022574543952941895e-02
-8.545538783073425293e-02,5.763764306902885437e-02,-7.020287960767745972e-02
-8.545538783073425293e-02,5.763764306902885437e-02,-7.020287960767745972e-02
-8.516483753919601440e-02,5.765158683061599731e-02,-7.017998397350311279e-02
-8.516483753919601440e-02,5.765158683061599731e-02,-7.017998397350311279e-02
-8.487422764301300049e-02,5.766624584794044495e-02,-7.015704363584518433e-02
-8.487422764301300049e-02,5.766624584794044495e-02,-7.015704363584518433e-02
-8.458358049392700195e-02,5.768162757158279419e-02,-7.013409584760665894e-02
-8.458358049392700195e-02,5.768162757158279419e-02,-7.013409584760665894e-02
-8.429288119077682495e-02,5.769772082567214966e-02,-7.011110335588455200e-02
-8.429288119077682495e-02,5.769772082567214966e-02,-7.011110335588455200e-02
-8.400211483240127563e-02,5.771453306078910828e-02,-7.008808851242065430e-02
-8.400211483240127563e-02,5.771453306078910828e-02,-7.008808851242065430e-02
-8.371130377054214478e-02,5.773205310106277466e-02,-7.006503641605377197e-02
-8.371130377054214478e-02,5.773205310106277466e-02,-7.006503641605377197e-02
-8.342042565345764160e-02,5.775028094649314880e-02,-7.004197686910629272e-02
-8.342042565345764160e-02,5.775028094649314880e-02,-7.004197686910629272e-02
-8.312949538230895996e-02,5.776920914649963379e-02,-7.001886516809463501e-02
-8.312949538230895996e-02,5.776920914649963379e-02,-7.001886516809463501e-02
-8.283849060535430908e-02,5.778884887695312500e-02,-6.999573856592178345e-02
-8.283849060535430908e-02,5.778884887695312500e-02,-6.999573856592178345e-02
-8.254744857549667358e-02,5.780918896198272705e-02,-6.997259706258773804e-02
-8.254744857549667358e-02,5.780918896198272705e-02,-6.997259706258773804e-02
-8.225632458925247192e-02,5.783022195100784302e-02,-6.994941830635070801e-02
-8.225632458925247192e-02,5.783022195100784302e-02,-6.994941830635070801e-02
-8.196513354778289795e-02,5.785195529460906982e-02,-6.992621719837188721e-02
-8.196513354778289795e-02,5.785195529460906982e-02,-6.992621719837188721e-02
-8.167389035224914551e-02,5.787438154220581055e-02,-6.990298628807067871e-02
-8.167389035224914551e-02,5.787438154220581055e-02,-6.990298628807067871e-02
-8.138255774974822998e-02,5.789750069379806519e-02,-6.987974792718887329e-02
-8.138255774974822998e-02,5.789750069379806519e-02,-6.987974792718887329e-02
-8.109116554260253906e-02,5.792131274938583374e-02,-6.985647231340408325e-02
-8.109116554260253906e-02,5.792131274938583374e-02,-6.985647231340408325e-02
-8.079970628023147583e-02,5.794581025838851929e-02,-6.983318924903869629e-02
-8.079970628023147583e-02,5.794581025838851929e-02,-6.983318924903869629e-02
-8.050817251205444336e-02,5.797099322080612183e-02,-6.980987638235092163e-02
-8.050817251205444336e-02,5.797099322080612183e-02,-6.980987638235092163e-02
-8.021655678749084473e-02,5.799685418605804443e-02,-6.978654116392135620e-02
-8.021655678749084473e-02,5.799685418605804443e-02,-6.978654116392135620e-02
-7.992486655712127686e-02,5.802340060472488403e-02,-6.976318359375000000e-02
-7.992486655712127686e-02,5.802340060472488403e-02,-6.976318359375000000e-02
-7.963309437036514282e-02,5.805062130093574524e-02,-6.973981112241744995e-02
-7.963309437036514282e-02,5.805062130093574524e-02,-6.973981112241744995e-02
-7.934125512838363647e-02,5.807852372527122498e-02,-6.971642374992370605e-02
-7.934125512838363647e-02,5.807852372527122498e-02,-6.971642374992370605e-02
-7.904931157827377319e-02,5.810709670186042786e-02,-6.969301402568817139e-02
-7.904931157827377319e-02,5.810709670186042786e-02,-6.969301402568817139e-02
-7.875729352235794067e-02,5.813634395599365234e-02,-6.966959685087203979e-02
-7.875729352235794067e-02,5.813634395599365234e-02,-6.966959685087203979e-02
-7.846520096063613892e-02,5.816625431180000305e-02,-6.964615732431411743e-02
-7.846520096063613892e-02,5.816625431180000305e-02,-6.964615732431411743e-02
-7.817302644252777100e-02,5.819683521986007690e-02,-6.962269544601440430e-02
-7.817302644252777100e-02,5.819683521986007690e-02,-6.962269544601440430e-02
-7.788074761629104614e-02,5.822807922959327698e-02,-6.959921121597290039e-02
-7.788074761629104614e-02,5.822807922959327698e-02,-6.959921121597290039e-02
-7.758837938308715820e-02,5.825998261570930481e-02,-6.957573443651199341e-02
-7.758837938308715820e-02,5.825998261570930481e-02,-6.957573443651199341e-02
-7.729592919349670410e-02,5.829255282878875732e-02,-6.955223530530929565e-02
-7.729592919349670410e-02,5.829255282878875732e-02,-6.955223530530929565e-02
-7.700338214635848999e-02,5.832577496767044067e-02,-6.952871382236480713e-02
-7.700338214635848999e-02,5.832577496767044067e-02,-6.952871382236480713e-02
-7.671073824167251587e-02,5.835964903235435486e-02,-6.950518488883972168e-02
-7.671073824167251587e-02,5.835964903235435486e-02,-6.950518488883972168e-02
-7.641799747943878174e-02,5.839417874813079834e-02,-6.948164105415344238e-02
-7.641799747943878174e-02,5.839417874813079834e-02,-6.948164105415344238e-02
-7.612515985965728760e-02,5.842936411499977112e-02,-6.945808976888656616e-02
-7.612515985965728760e-02,5.842936411499977112e-02,-6.945808976888656616e-02
-7.583222538232803345e-02,5.846519395709037781e-02,-6.943453103303909302e-02
-7.583222538232803345e-02,5.846519395709037781e-02,-6.943453103303909302e-02
-7.553918659687042236e-02,5.850166454911231995e-02,-6.941095739603042603e-02
-7.553918659687042236e-02,5.850166454911231995e-02,-6.941095739603042603e-02
-7.524604350328445435e-02,5.853878334164619446e-02,-6.938737630844116211e-02
-7.524604350328445435e-02,5.853878334164619446e-02,-6.938737630844116211e-02
-7.495280355215072632e-02,5.857654660940170288e-02,-6.936378777027130127e-02
-7.495280355215072632e-02,5.857654660940170288e-02,-6.936378777027130127e-02
-7.465945184230804443e-02,5.861494690179824829e-02,-6.934018433094024658e-02
-7.465945184230804443e-02,5.861494690179824829e-02,-6.934018433094024658e-02
-7.436598837375640869e-02,5.865397676825523376e-02,-6.931658089160919189e-02
-7.436598837375640869e-02,5.865397676825523376e-02,-6.931658089160919189e-02
-7.407242059707641602e-02,5.869365110993385315e-02,-6.929297000169754028e-02
-7.407242059707641602e-02,5.869365110993385315e-02,-6.929297000169754028e-02
-7.377874106168746948e-02,5.873395502567291260e-02,-6.926934421062469482e-02
-7.377874106168746948e-02,5.873395502567291260e-02,-6.926934421062469482e-02
-7.348494976758956909e-02,5.877488479018211365e-02,-6.924572587013244629e-02
-7.348494976758956909e-02,5.877488479018211365e-02,-6.924572587013244629e-02
-7.319103181362152100e-02,5.881645157933235168e-02,-6.922209262847900391e-02
-7.319103181362152100e-02,5.881645157933235168e-02,-6.922209262847900391e-02
-7.289700955152511597e-02,5.885863304138183594e-02,-6.919845938682556152e-02
-7.289700955152511597e-02,5.885863304138183594e-02,-6.919845938682556152e-02
-7.260287553071975708e-02,5.890143662691116333e-02,-6.917481869459152222e-02
-7.260287553071975708e-02,5.890143662691116333e-02,-6.917481869459152222e-02
-7.230861485004425049e-02,5.894486233592033386e-02,-6.915118545293807983e-02
-7.230861485004425049e-02,5.894486233592033386e-02,-6.915118545293807983e-02
-7.201424241065979004e-02,5.898891016840934753e-02,-6.912753731012344360e-02
-7.201424241065979004e-02,5.898891016840934753e-02,-6.912753731012344360e-02
-7.171973586082458496e-02,5.903356894850730896e-02,-6.910388916730880737e-02
-7.171973586082458496e-02,5.903356894850730896e-02,-6.910388916730880737e-02
-7.142510265111923218e-02,5.907884612679481506e-02,-6.908024847507476807e-02
-7.142510265111923218e-02,5.907884612679481506e-02,-6.908024847507476807e-02
-7.113035023212432861e-02,5.912473052740097046e-02,-6.905660033226013184e-02
-7.113035023212432861e-02,5.912473052740097046e-02,-6.905660033226013184e-02
-7.083547860383987427e-02,5.917123332619667053e-02,-6.903295218944549561e-02
-7.083547860383987427e-02,5.917123332619667053e-02,-6.903295218944549561e-02
-7.054046541452407837e-02,5.921832844614982605e-02,-6.900930404663085938e-02
-7.054046541452407837e-02,5.921832844614982605e-02,-6.900930404663085938e-02
-7.024533301591873169e-02,5.926603823900222778e-02,-6.898565590381622314e-02
-7.024533301591873169e-02,5.926603823900222778e-02,-6.898565590381622314e-02
-6.995005905628204346e-02,5.931434407830238342e-02,-6.896202266216278076e-02
-6.995005905628204346e-02,5.931434407830238342e-02,-6.896202266216278076e-02
-6.965464353561401367e-02,5.936325341463088989e-02,-6.893838196992874146e-02
-6.965464353561401367e-02,5.936325341463088989e-02,-6.893838196992874146e-02
-6.935910880565643311e-02,5.941275879740715027e-02,-6.891474872827529907e-02
-6.935910880565643311e-02,5.941275879740715027e-02,-6.891474872827529907e-02
-6.906343996524810791e-02,5.946285277605056763e-02,-6.889110803604125977e-02
-6.906343996524810791e-02,5.946285277605056763e-02,-6.889110803604125977e-02
-6.876762956380844116e-02,5.951355025172233582e-02,-6.886748969554901123e-02
-6.876762956380844116e-02,5.951355025172233582e-02,-6.886748969554901123e-02
-6.847167760133743286e-02,5.956483259797096252e-02,-6.884387135505676270e-02
-6.847167760133743286e-02,5.956483259797096252e-02,-6.884387135505676270e-02
-6.817556917667388916e-02,5.961670726537704468e-02,-6.882025301456451416e-02
-6.817556917667388916e-02,5.961670726537704468e-02,-6.882025301456451416e-02
-6.787931919097900391e-02,5.966916307806968689e-02,-6.879664212465286255e-02
-6.787931919097900391e-02,5.966916307806968689e-02,-6.879664212465286255e-02
-6.758294999599456787e-02,5.972220376133918762e-02,-6.877303868532180786e-02
-6.758294999599456787e-02,5.972220376133918762e-02,-6.877303868532180786e-02
-6.728640943765640259e-02,5.977582186460494995e-02,-6.874945014715194702e-02
-6.728640943765640259e-02,5.977582186460494995e-02,-6.874945014715194702e-02
-6.698973476886749268e-02,5.983002856373786926e-02,-6.872586160898208618e-02
-6.698973476886749268e-02,5.983002856373786926e-02,-6.872586160898208618e-02
-6.669290363788604736e-02,5.988480523228645325e-02,-6.870228052139282227e-02
-6.669290363788604736e-02,5.988480523228645325e-02,-6.870228052139282227e-02
-6.639590859413146973e-02,5.994015932083129883e-02,-6.867872178554534912e-02
-6.639590859413146973e-02,5.994015932083129883e-02,-6.867872178554534912e-02
-6.609877943992614746e-02,5.999608337879180908e-02,-6.865516304969787598e-02
-6.609877943992614746e-02,5.999608337879180908e-02,-6.865516304969787598e-02
-6.580149382352828979e-02,6.005256995558738708e-02,-6.863161176443099976e-02
-6.580149382352828979e-02,6.005256995558738708e-02,-6.863161176443099976e-02
-6.550405174493789673e-02,6.010963395237922668e-02,-6.860808283090591431e-02
-6.550405174493789673e-02,6.010963395237922668e-02,-6.860808283090591431e-02
-6.520644575357437134e-02,6.016726046800613403e-02,-6.858456134796142578e-02
-6.520644575357437134e-02,6.016726046800613403e-02,-6.858456134796142578e-02
-6.490867584943771362e-02,6.022544577717781067e-02,-6.856106221675872803e-02
-6.490867584943771362e-02,6.022544577717781067e-02,-6.856106221675872803e-02
-6.461074948310852051e-02,6.028419733047485352e-02,-6.853756308555603027e-02
-6.461074948310852051e-02,6.028419733047485352e-02,-6.853756308555603027e-02
-6.431266665458679199e-02,6.034350022673606873e-02,-6.851407885551452637e-02
-6.431266665458679199e-02,6.034350022673606873e-02,-6.851407885551452637e-02
-6.401440501213073730e-02,6.040336191654205322e-02,-6.849062442779541016e-02
-6.401440501213073730e-02,6.040336191654205322e-02,-6.849062442779541016e-02
-6.371599435806274414e-02,6.046377867460250854e-02,-6.846717745065689087e-02
-6.371599435806274414e-02,6.046377867460250854e-02,-6.846717745065689087e-02
-6.341740489006042480e-02,6.052475050091743469e-02,-6.844373792409896851e-02
-6.341740489006042480e-02,6.052475050091743469e-02,-6.844373792409896851e-02
-6.311865895986557007e-02,6.058626621961593628e-02,-6.842032819986343384e-02
-6.311865895986557007e-02,6.058626621961593628e-02,-6.842032819986343384e-02
-6.281972676515579224e-02,6.064832955598831177e-02,-6.839693337678909302e-02
-6.281972676515579224e-02,6.064832955598831177e-02,-6.839693337678909302e-02
-6.252062320709228516e-02,6.071093305945396423e-02,-6.837355345487594604e-02
-6.252062320709228516e-02,6.071093305945396423e-02,-6.837355345487594604e-02
-6.222134828567504883e-02,6.077408418059349060e-02,-6.835018843412399292e-02
-6.222134828567504883e-02,6.077408418059349060e-02,-6.835018843412399292e-02
-6.192189827561378479e-02,6.083777546882629395e-02,-6.832684576511383057e-02
-6.192189827561378479e-02,6.083777546882629395e-02,-6.832684576511383057e-02
-6.162226200103759766e-02,6.090199947357177734e-02,-6.830353289842605591e-02
-6.162226200103759766e-02,6.090199947357177734e-02,-6.830353289842605591e-02
-6.132246553897857666e-02,6.096675992012023926e-02,-6.828023493289947510e-02
-6.132246553897857666e-02,6.096675992012023926e-02,-6.828023493289947510e-02
-6.102247536182403564e-02,6.103206053376197815e-02,-6.825695186853408813e-02
-6.102247536182403564e-02,6.103206053376197815e-02,-6.825695186853408813e-02
-6.072230637073516846e-02,6.109787523746490479e-02,-6.823369860649108887e-02
-6.072230637073516846e-02,6.109787523746490479e-02,-6.823369860649108887e-02
-6.042195484042167664e-02,6.116423383355140686e-02,-6.821046024560928345e-02
-6.042195484042167664e-02,6.116423383355140686e-02,-6.821046024560928345e-02
-6.012141704559326172e-02,6.123111024498939514e-02,-6.818725168704986572e-02
-6.012141704559326172e-02,6.123111024498939514e-02,-6.818725168704986572e-02
-5.982068926095962524e-02,6.129851192235946655e-02,-6.816406548023223877e-02
-5.982068926095962524e-02,6.129851192235946655e-02,-6.816406548023223877e-02
-5.951977148652076721e-02,6.136642768979072571e-02,-6.814090907573699951e-02
-5.951977148652076721e-02,6.136642768979072571e-02,-6.814090907573699951e-02
-5.921866744756698608e-02,6.143487244844436646e-02,-6.811777502298355103e-02
-5.921866744756698608e-02,6.143487244844436646e-02,-6.811777502298355103e-02
-5.891736596822738647e-02,6.150382757186889648e-02,-6.809465587139129639e-02
-5.891736596822738647e-02,6.150382757186889648e-02,-6.809465587139129639e-02
-5.861587449908256531e-02,6.157330051064491272e-02,-6.807157397270202637e-02
-5.861587449908256531e-02,6.157330051064491272e-02,-6.807157397270202637e-02
-5.831418558955192566e-02,6.164328753948211670e-02,-6.804852187633514404e-02
-5.831418558955192566e-02,6.164328753948211670e-02,-6.804852187633514404e-02
-5.801230669021606445e-02,6.171377748250961304e-02,-6.802549213171005249e-02
-5.801230669021606445e-02,6.171377748250961304e-02,-6.802549213171005249e-02
-5.771021917462348938e-02,6.178478151559829712e-02,-6.800249218940734863e-02
-5.771021917462348938e-02,6.178478151559829712e-02,-6.800249218940734863e-02
-5.740793794393539429e-02,6.185628473758697510e-02,-6.797952204942703247e-02
-5.740793794393539429e-02,6.185628473758697510e-02,-6.797952204942703247e-02
-5.710544809699058533e-02,6.192829459905624390e-02,-6.795658171176910400e-02
-5.710544809699058533e-02,6.192829459905624390e-02,-6.795658171176910400e-02
-5.680276453495025635e-02,6.200080737471580505e-02,-6.793367117643356323e-02
-5.680276453495025635e-02,6.200080737471580505e-02,-6.793367117643356323e-02
-5.649986863136291504e-02,6.207381188869476318e-02,-6.791079044342041016e-02
-5.649986863136291504e-02,6.207381188869476318e-02,-6.791079044342041016e-02
-5.619677156209945679e-02,6.214731186628341675e-02,-6.788793951272964478e-02
-5.619677156209945679e-02,6.214731186628341675e-02,-6.788793951272964478e-02
-5.589346587657928467e-02,6.222130730748176575e-02,-6.786513328552246094e-02
-5.589346587657928467e-02,6.222130730748176575e-02,-6.786513328552246094e-02
-5.558994039893150330e-02,6.229579821228981018e-02,-6.784234941005706787e-02
-5.558994039893150330e-02,6.229579821228981018e-02,-6.784234941005706787e-02
-5.528622120618820190e-02,6.237077340483665466e-02,-6.781960278749465942e-02
-5.528622120618820190e-02,6.237077340483665466e-02,-6.781960278749465942e-02
-5.498227104544639587e-02,6.244623661041259766e-02,-6.779688596725463867e-02
-5.498227104544639587e-02,6.244623661041259766e-02,-6.779688596725463867e-02
-5.467811599373817444e-02,6.252218037843704224e-02,-6.777421385049819946e-02
-5.467811599373817444e-02,6.252218037843704224e-02,-6.777421385049819946e-02
-5.437374114990234375e-02,6.259861588478088379e-02,-6.775156408548355103e-02
-5.437374114990234375e-02,6.259861588478088379e-02,-6.775156408548355103e-02
-5.406914278864860535e-02,6.267552077770233154e-02,-6.772895902395248413e-02
-5.406914278864860535e-02,6.267552077770233154e-02,-6.772895902395248413e-02
-5.376433953642845154e-02,6.275290250778198242e-02,-6.770639121532440186e-02
-5.376433953642845154e-02,6.275290250778198242e-02,-6.770639121532440186e-02
-5.345930531620979309e-02,6.283076852560043335e-02,-6.768385320901870728e-02
-5.345930531620979309e-02,6.283076852560043335e-02,-6.768385320901870728e-02
-5.315404012799263000e-02,6.290910392999649048e-02,-6.766135990619659424e-02
-5.315404012799263000e-02,6.290910392999649048e-02,-6.766135990619659424e-02
-5.284856259822845459e-02,6.298790127038955688e-02,-6.763890385627746582e-02
-5.284856259822845459e-02,6.298790127038955688e-02,-6.763890385627746582e-02
-5.254285410046577454e-02,6.306717544794082642e-02,-6.761649250984191895e-02
-5.254285410046577454e-02,6.306717544794082642e-02,-6.761649250984191895e-02
-5.223691463470458984e-02,6.314691156148910522e-02,-6.759411841630935669e-02
-5.223691463470458984e-02,6.314691156148910522e-02,-6.759411841630935669e-02
-5.193075537681579590e-02,6.322710961103439331e-02,-6.757178157567977905e-02
-5.193075537681579590e-02,6.322710961103439331e-02,-6.757178157567977905e-02
-5.162436515092849731e-02,6.330777704715728760e-02,-6.754948943853378296e-02
-5.162436515092849731e-02,6.330777704715728760e-02,-6.754948943853378296e-02
-5.131772905588150024e-02,6.338889896869659424e-02,-6.752723455429077148e-02
-5.131772905588150024e-02,6.338889896869659424e-02,-6.752723455429077148e-02
-5.101087316870689392e-02,6.347046792507171631e-02,-6.750503182411193848e-02
-5.101087316870689392e-02,6.347046792507171631e-02,-6.750503182411193848e-02
-5.070377141237258911e-02,6.355250626802444458e-02,-6.748286634683609009e-02
-5.070377141237258911e-02,6.355250626802444458e-02,-6.748286634683609009e-02
-5.039643496274948120e-02,6.363499164581298828e-02,-6.746075302362442017e-02
-5.039643496274948120e-02,6.363499164581298828e-02,-6.746075302362442017e-02
-5.008886381983757019e-02,6.371791660785675049e-02,-6.743867695331573486e-02
-5.008886381983757019e-02,6.371791660785675049e-02,-6.743867695331573486e-02
-4.978103935718536377e-02,6.380130350589752197e-02,-6.741663813591003418e-02
-4.978103935718536377e-02,6.380130350589752197e-02,-6.741663813591003418e-02
-4.947298020124435425e-02,6.388512998819351196e-02,-6.739465147256851196e-02
-4.947298020124435425e-02,6.388512998819351196e-02,-6.739465147256851196e-02
-4.916467890143394470e-02,6.396939605474472046e-02,-6.737271696329116821e-02
-4.916467890143394470e-02,6.396939605474472046e-02,-6.737271696329116821e-02
-4.885613173246383667e-02,6.405410170555114746e-02,-6.735082715749740601e-02
-4.885613173246383667e-02,6.405410170555114746e-02,-6.735082715749740601e-02
-4.854734241962432861e-02,6.413924694061279297e-02,-6.732898205518722534e-02
-4.854734241962432861e-02,6.413924694061279297e-02,-6.732898205518722534e-02
-4.823829978704452515e-02,6.422483175992965698e-02,-6.730718165636062622e-02
-4.823829978704452515e-02,6.422483175992965698e-02,-6.730718165636062622e-02
-4.792900383472442627e-02,6.431084871292114258e-02,-6.728543341159820557e-02
-4.792900383472442627e-02,6.431084871292114258e-02,-6.728543341159820557e-02
-4.761945083737373352e-02,6.439729034900665283e-02,-6.726374477148056030e-02
-4.761945083737373352e-02,6.439729034900665283e-02,-6.726374477148056030e-02
-4.730964452028274536e-02,6.448417156934738159e-02,-6.724209338426589966e-02
-4.730964452028274536e-02,6.448417156934738159e-02,-6.724209338426589966e-02
-4.699959605932235718e-02,6.457147002220153809e-02,-6.722050905227661133e-02
-4.699959605932235718e-02,6.457147002220153809e-02,-6.722050905227661133e-02
-4.668928310275077820e-02,6.465919315814971924e-02,-6.719896197319030762e-02
-4.668928310275077820e-02,6.465919315814971924e-02,-6.719896197319030762e-02
-4.637871310114860535e-02,6.474734842777252197e-02,-6.717747449874877930e-02
-4.637871310114860535e-02,6.474734842777252197e-02,-6.717747449874877930e-02
-4.606787860393524170e-02,6.483590602874755859e-02,-6.715603917837142944e-02
-4.606787860393524170e-02,6.483590602874755859e-02,-6.715603917837142944e-02
-4.575678333640098572e-02,6.492489576339721680e-02,-6.713464856147766113e-02
-4.575678333640098572e-02,6.492489576339721680e-02,-6.713464856147766113e-02
-4.544542729854583740e-02,6.501428782939910889e-02,-6.711332499980926514e-02
-4.544542729854583740e-02,6.501428782939910889e-02,-6.711332499980926514e-02
-4.513380303978919983e-02,6.510410457849502563e-02,-6.709206104278564453e-02
-4.513380303978919983e-02,6.510410457849502563e-02,-6.709206104278564453e-02
-4.482191428542137146e-02,6.519432365894317627e-02,-6.707083433866500854e-02
-4.482191428542137146e-02,6.519432365894317627e-02,-6.707083433866500854e-02
-4.450975731015205383e-02,6.528495252132415771e-02,-6.704967468976974487e-02
-4.450975731015205383e-02,6.528495252132415771e-02,-6.704967468976974487e-02
-4.419732838869094849e-02,6.537599116563796997e-02,-6.702856719493865967e-02
-4.419732838869094849e-02,6.537599116563796997e-02,-6.702856719493865967e-02
-4.388463869690895081e-02,6.546742469072341919e-02,-6.700751930475234985e-02
-4.388463869690895081e-02,6.546742469072341919e-02,-6.700751930475234985e-02
-4.357166215777397156e-02,6.555926799774169922e-02,-6.698653101921081543e-02
-4.357166215777397156e-02,6.555926799774169922e-02,-6.698653101921081543e-02
-4.325840994715690613e-02,6.565151363611221313e-02,-6.696559488773345947e-02
-4.325840994715690613e-02,6.565151363611221313e-02,-6.696559488773345947e-02
-4.294488579034805298e-02,6.574414670467376709e-02,-6.694473326206207275e-02
-4.294488579034805298e-02,6.574414670467376709e-02,-6.694473326206207275e-02
-4.263108223676681519e-02,6.583718210458755493e-02,-6.692392379045486450e-02
-4.263108223676681519e-02,6.583718210458755493e-02,-6.692392379045486450e-02
-4.231700673699378967e-02,6.593059748411178589e-02,-6.690317392349243164e-02
-4.231700673699378967e-02,6.593059748411178589e-02,-6.690317392349243164e-02
-4.200264811515808105e-02,6.602441519498825073e-02,-6.688248366117477417e-02
-4.200264811515808105e-02,6.602441519498825073e-02,-6.688248366117477417e-02
-4.168799519538879395e-02,6.611860543489456177e-02,-6.686185300350189209e-02
-4.168799519538879395e-02,6.611860543489456177e-02,-6.686185300350189209e-02
-4.137306660413742065e-02,6.621319800615310669e-02,-6.684128940105438232e-02
-4.137306660413742065e-02,6.621319800615310669e-02,-6.684128940105438232e-02
-4.105784744024276733e-02,6.630815565586090088e-02,-6.682079285383224487e-02
-4.105784744024276733e-02,6.630815565586090088e-02,-6.682079285383224487e-02
-4.074234142899513245e-02,6.640350073575973511e-02,-6.680035591125488281e-02
-4.074234142899513245e-02,6.640350073575973511e-02,-6.680035591125488281e-02
-4.042654857039451599e-02,6.649922579526901245e-02,-6.677997857332229614e-02
-4.042654857039451599e-02,6.649922579526901245e-02,-6.677997857332229614e-02
-4.011046141386032104e-02,6.659532338380813599e-02,-6.675967574119567871e-02
-4.011046141386032104e-02,6.659532338380813599e-02,-6.675967574119567871e-02
-3.979408740997314453e-02,6.669180095195770264e-02,-6.673943251371383667e-02
-3.979408740997314453e-02,6.669180095195770264e-02,-6.673943251371383667e-02
-3.947741538286209106e-02,6.678864359855651855e-02,-6.671926379203796387e-02
-3.947741538286209106e-02,6.678864359855651855e-02,-6.671926379203796387e-02
-3.916044533252716064e-02,6.688585132360458374e-02,-6.669915467500686646e-02
-3.916044533252716064e-02,6.688585132360458374e-02,-6.669915467500686646e-02
-3.884317725896835327e-02,6.698343902826309204e-02,-6.667911261320114136e-02
-3.884317725896835327e-02,6.698343902826309204e-02,-6.667911261320114136e-02
-3.852561488747596741e-02,6.708138436079025269e-02,-6.665913760662078857e-02
-3.852561488747596741e-02,6.708138436079025269e-02,-6.665913760662078857e-02
-3.820775076746940613e-02,6.717967987060546875e-02,-6.663925200700759888e-02
-3.820775076746940613e-02,6.717967987060546875e-02,-6.663925200700759888e-02
-3.788958117365837097e-02,6.727834790945053101e-02,-6.661941856145858765e-02
-3.788958117365837097e-02,6.727834790945053101e-02,-6.661941856145858765e-02
-3.757110983133316040e-02,6.737736612558364868e-02,-6.659965217113494873e-02
-3.757110983133316040e-02,6.737736612558364868e-02,-6.659965217113494873e-02
-3.725232928991317749e-02,6.747674196958541870e-02,-6.657996773719787598e-02
-3.725232928991317749e-02,6.747674196958541870e-02,-6.657996773719787598e-02
-3.693324699997901917e-02,6.757646799087524414e-02,-6.656035035848617554e-02
-3.693324699997901917e-02,6.757646799087524414e-02,-6.656035035848617554e-02
-3.661385178565979004e-02,6.767654418945312500e-02,-6.654080748558044434e-02
-3.661385178565979004e-02,6.767654418945312500e-02,-6.654080748558044434e-02
-3.629414737224578857e-02,6.777698546648025513e-02,-6.652133911848068237e-02
-3.629414737224578857e-02,6.777698546648025513e-02,-6.652133911848068237e-02
-3.597413003444671631e-02,6.787775456905364990e-02,-6.650193035602569580e-02
-3.597413003444671631e-02,6.787775456905364990e-02,-6.650193035602569580e-02
-3.565379977226257324e-02,6.797886639833450317e-02,-6.648261100053787231e-02
-3.565379977226257324e-02,6.797886639833450317e-02,-6.648261100053787231e-02
-3.533315286040306091e-02,6.808033585548400879e-02,-6.646335870027542114e-02
-3.533315286040306091e-02,6.808033585548400879e-02,-6.646335870027542114e-02
-3.501219674944877625e-02,6.818212568759918213e-02,-6.644418835639953613e-02
-3.501219674944877625e-02,6.818212568759918213e-02,-6.644418835639953613e-02
-3.469091281294822693e-02,6.828425824642181396e-02,-6.642508506774902344e-02
-3.469091281294822693e-02,6.828425824642181396e-02,-6.642508506774902344e-02
-3.436930850148200989e-02,6.838672608137130737e-02,-6.640607118606567383e-02
-3.436930850148200989e-02,6.838672608137130737e-02,-6.640607118606567383e-02
-3.404738754034042358e-02,6.848952174186706543e-02,-6.638712435960769653e-02
-3.404738754034042358e-02,6.848952174186706543e-02,-6.638712435960769653e-02
-3.372513875365257263e-02,6.859264522790908813e-02,-6.636825948953628540e-02
-3.372513875365257263e-02,6.859264522790908813e-02,-6.636825948953628540e-02
-3.340256586670875549e-02,6.869610399007797241e-02,-6.634946912527084351e-02
-3.340256586670875549e-02,6.869610399007797241e-02,-6.634946912527084351e-02
-3.307966515421867371e-02,6.879988312721252441e-02,-6.633076816797256470e-02
-3.307966515421867371e-02,6.879988312721252441e-02,-6.633076816797256470e-02
-3.275643289089202881e-02,6.890399008989334106e-02,-6.631213426589965820e-02
-3.275643289089202881e-02,6.890399008989334106e-02,-6.631213426589965820e-02
-3.243288025259971619e-02,6.900840997695922852e-02,-6.629359722137451172e-02
-3.243288025259971619e-02,6.900840997695922852e-02,-6.629359722137451172e-02
-3.210899233818054199e-02,6.911315768957138062e-02,-6.627513468265533447e-02
-3.210899233818054199e-02,6.911315768957138062e-02,-6.627513468265533447e-02
-3.178476914763450623e-02,6.921820342540740967e-02,-6.625674664974212646e-02
-3.178476914763450623e-02,6.921820342540740967e-02,-6.625674664974212646e-02
-3.146021440625190735e-02,6.932357698678970337e-02,-6.623844057321548462e-02
-3.146021440625190735e-02,6.932357698678970337e-02,-6.623844057321548462e-02
-3.113531507551670074e-02,6.942925602197647095e-02,-6.622023135423660278e-02
-3.113531507551670074e-02,6.942925602197647095e-02,-6.622023135423660278e-02
-3.081007674336433411e-02,6.953524798154830933e-02,-6.620209664106369019e-02
-3.081007674336433411e-02,6.953524798154830933e-02,-6.620209664106369019e-02
-3.048451058566570282e-02,6.964154541492462158e-02,-6.618405133485794067e-02
-3.048451058566570282e-02,6.964154541492462158e-02,-6.618405133485794067e-02
-3.015859611332416534e-02,6.974814087152481079e-02,-6.616609543561935425e-02
-3.015859611332416534e-02,6.974814087152481079e-02,-6.616609543561935425e-02
-2.983234077692031860e-02,6.985504925251007080e-02,-6.614821404218673706e-02
-2.983234077692031860e-02,6.985504925251007080e-02,-6.614821404218673706e-02
-2.950573526322841644e-02,6.996224820613861084e-02,-6.613042950630187988e-02
-2.950573526322841644e-02,6.996224820613861084e-02,-6.613042950630187988e-02
-2.917879074811935425e-02,7.006974518299102783e-02,-6.611272692680358887e-02
-2.917879074811935425e-02,7.006974518299102783e-02,-6.611272692680358887e-02
-2.885149791836738586e-02,7.017753273248672485e-02,-6.609510630369186401e-02
-2.885149791836738586e-02,7.017753273248672485e-02,-6.609510630369186401e-02
-2.852384932339191437e-02,7.028562575578689575e-02,-6.607758998870849609e-02
-2.852384932339191437e-02,7.028562575578689575e-02,-6.607758998870849609e-02
-2.819585241377353668e-02,7.039400190114974976e-02,-6.606014817953109741e-02
-2.819585241377353668e-02,7.039400190114974976e-02,-6.606014817953109741e-02
-2.786750905215740204e-02,7.050266116857528687e-02,-6.604279577732086182e-02
-2.786750905215740204e-02,7.050266116857528687e-02,-6.604279577732086182e-02
-2.753880433738231659e-02,7.061161100864410400e-02,-6.602553278207778931e-02
-2.753880433738231659e-02,7.061161100864410400e-02,-6.602553278207778931e-02
-2.720974572002887726e-02,7.072084397077560425e-02,-6.600836664438247681e-02
-2.720974572002887726e-02,7.072084397077560425e-02,-6.600836664438247681e-02
-2.688033133745193481e-02,7.083036005496978760e-02,-6.599129736423492432e-02
-2.688033133745193481e-02,7.083036005496978760e-02,-6.599129736423492432e-02
-2.655054815113544464e-02,7.094014436006546021e-02,-6.597431749105453491e-02
-2.655054815113544464e-02,7.094014436006546021e-02,-6.597431749105453491e-02
-2.622041665017604828e-02,7.105021923780441284e-02,-6.595743447542190552e-02
-2.622041665017604828e-02,7.105021923780441284e-02,-6.595743447542190552e-02
-2.588991820812225342e-02,7.116056233644485474e-02,-6.594063341617584229e-02
-2.588991820812225342e-02,7.116056233644485474e-02,-6.594063341617584229e-02
-2.555905282497406006e-02,7.127117365598678589e-02,-6.592393666505813599e-02
-2.555905282497406006e-02,7.127117365598678589e-02,-6.592393666505813599e-02
-2.522782050073146820e-02,7.138206809759140015e-02,-6.590732932090759277e-02
-2.522782050073146820e-02,7.138206809759140015e-02,-6.590732932090759277e-02
-2.489622682332992554e-02,7.149320840835571289e-02,-6.589081883430480957e-02
-2.489622682332992554e-02,7.149320840835571289e-02,-6.589081883430480957e-02
-2.456426247954368591e-02,7.160463184118270874e-02,-6.587440520524978638e-02
-2.456426247954368591e-02,7.160463184118270874e-02,-6.587440520524978638e-02
-2.423192374408245087e-02,7.171630859375000000e-02,-6.585808098316192627e-02
-2.423192374408245087e-02,7.171630859375000000e-02,-6.585808098316192627e-02
-2.389921993017196655e-02,7.182824611663818359e-02,-6.584186851978302002e-02
-2.389921993017196655e-02,7.182824611663818359e-02,-6.584186851978302002e-02
-2.356613613665103912e-02,7.194043695926666260e-02,-6.582575291395187378e-02
-2.356613613665103912e-02,7.194043695926666260e-02,-6.582575291395187378e-02
-2.323267795145511627e-02,7.205289602279663086e-02,-6.580972671508789062e-02
-2.323267795145511627e-02,7.205289602279663086e-02,-6.580972671508789062e-02
-2.289885096251964569e-02,7.216560095548629761e-02,-6.579379737377166748e-02
-2.289885096251964569e-02,7.216560095548629761e-02,-6.579379737377166748e-02
-2.256463654339313507e-02,7.227855175733566284e-02,-6.577797234058380127e-02
-2.256463654339313507e-02,7.227855175733566284e-02,-6.577797234058380127e-02
-2.223003841936588287e-02,7.239177078008651733e-02,-6.576225161552429199e-02
-2.223003841936588287e-02,7.239177078008651733e-02,-6.576225161552429199e-02
-2.189506404101848602e-02,7.250521332025527954e-02,-6.574663519859313965e-02
-2.189506404101848602e-02,7.250521332025527954e-02,-6.574663519859313965e-02
-2.155970782041549683e-02,7.261890918016433716e-02,-6.573111563920974731e-02
-2.155970782041549683e-02,7.261890918016433716e-02,-6.573111563920974731e-02
-2.122396230697631836e-02,7.273284345865249634e-02,-6.571570783853530884e-02
-2.122396230697631836e-02,7.273284345865249634e-02,-6.571570783853530884e-02
-2.088782377541065216e-02,7.284701615571975708e-02,-6.570038944482803345e-02
-2.088782377541065216e-02,7.284701615571975708e-02,-6.570038944482803345e-02
-2.055131085216999054e-02,7.296143472194671631e-02,-6.568518280982971191e-02
-2.055131085216999054e-02,7.296143472194671631e-02,-6.568518280982971191e-02
-2.021439932286739349e-02,7.307607680559158325e-02,-6.567008048295974731e-02
-2.021439932286739349e-02,7.307607680559158325e-02,-6.567008048295974731e-02
-1.987710408866405487e-02,7.319096475839614868e-02,-6.565508246421813965e-02
-1.987710408866405487e-02,7.319096475839614868e-02,-6.565508246421813965e-02
-1.953940466046333313e-02,7.330607622861862183e-02,-6.564018875360488892e-02
-1.953940466046333313e-02,7.330607622861862183e-02,-6.564018875360488892e-02
-1.920131593942642212e-02,7.342141121625900269e-02,-6.562539935111999512e-02
-1.920131593942642212e-02,7.342141121625900269e-02,-6.562539935111999512e-02
-1.886283606290817261e-02,7.353697717189788818e-02,-6.561072170734405518e-02
-1.886283606290817261e-02,7.353697717189788818e-02,-6.561072170734405518e-02
-1.852395012974739075e-02,7.365275919437408447e-02,-6.559615582227706909e-02
-1.852395012974739075e-02,7.365275919437408447e-02,-6.559615582227706909e-02
-1.818466186523437500e-02,7.376877218484878540e-02,-6.558168679475784302e-02
-1.818466186523437500e-02,7.376877218484878540e-02,-6.558168679475784302e-02
-1.784497499465942383e-02,7.388499379158020020e-02,-6.556733697652816772e-02
-1.784497499465942383e-02,7.388499379158020020e-02,-6.556733697652816772e-02
-1.750488765537738800e-02,7.400144636631011963e-02,-6.555308401584625244e-02
-1.750488765537738800e-02,7.400144636631011963e-02,-6.555308401584625244e-02
-1.716439798474311829e-02,7.411810010671615601e-02,-6.553895771503448486e-02
-1.716439798474311829e-02,7.411810010671615601e-02,-6.553895771503448486e-02
-1.682349853217601776e-02,7.423496991395950317e-02,-6.552493572235107422e-02
-1.682349853217601776e-02,7.423496991395950317e-02,-6.552493572235107422e-02
-1.648218929767608643e-02,7.435204833745956421e-02,-6.551102548837661743e-02
-1.648218929767608643e-02,7.435204833745956421e-02,-6.551102548837661743e-02
-1.614047214388847351e-02,7.446933537721633911e-02,-6.549721956253051758e-02
-1.614047214388847351e-02,7.446933537721633911e-02,-6.549721956253051758e-02
-1.579834334552288055e-02,7.458683103322982788e-02,-6.548354029655456543e-02
-1.579834334552288055e-02,7.458683103322982788e-02,-6.548354029655456543e-02
-1.545580476522445679e-02,7.470451295375823975e-02,-6.546997278928756714e-02
-1.545580476522445679e-02,7.470451295375823975e-02,-6.546997278928756714e-02
-1.511284802109003067e-02,7.482241094112396240e-02,-6.545650959014892578e-02
-1.511284802109003067e-02,7.482241094112396240e-02,-6.545650959014892578e-02
-1.476948149502277374e-02,7.494051009416580200e-02,-6.544316560029983521e-02
-1.476948149502277374e-02,7.494051009416580200e-02,-6.544316560029983521e-02
-1.442568935453891754e-02,7.505879551172256470e-02,-6.542994081974029541e-02
-1.442568935453891754e-02,7.505879551172256470e-02,-6.542994081974029541e-02
-1.408148370683193207e-02,7.517726719379425049e-02,-6.541682779788970947e-02
-1.408148370683193207e-02,7.517726719379425049e-02,-6.541682779788970947e-02
-1.373685616999864578e-02,7.529594004154205322e-02,-6.540383398532867432e-02
-1.373685616999864578e-02,7.529594004154205322e-02,-6.540383398532867432e-02
-1.339179929345846176e-02,7.541479915380477905e-02,-6.539095938205718994e-02
-1.339179929345846176e-02,7.541479915380477905e-02,-6.539095938205718994e-02
-1.304633356630802155e-02,7.553385198116302490e-02,-6.537820398807525635e-02
-1.304633356630802155e-02,7.553385198116302490e-02,-6.537820398807525635e-02
-1.270042918622493744e-02,7.565306872129440308e-02,-6.536556035280227661e-02
-1.270042918622493744e-02,7.565306872129440308e-02,-6.536556035280227661e-02
-1.235409639775753021e-02,7.577249407768249512e-02,-6.535304337739944458e-02
-1.235409639775753021e-02,7.577249407768249512e-02,-6.535304337739944458e-02
-1.200733799487352371e-02,7.589207589626312256e-02,-6.534064561128616333e-02
-1.200733799487352371e-02,7.589207589626312256e-02,-6.534064561128616333e-02
-1.166015397757291794e-02,7.601184397935867310e-02,-6.532836705446243286e-02
-1.166015397757291794e-02,7.601184397935867310e-02,-6.532836705446243286e-02
-1.131253316998481750e-02,7.613179087638854980e-02,-6.531620025634765625e-02
-1.131253316998481750e-02,7.613179087638854980e-02,-6.531620025634765625e-02
-1.096447929739952087e-02,7.625190168619155884e-02,-6.530416756868362427e-02
-1.096447929739952087e-02,7.625190168619155884e-02,-6.530416756868362427e-02
-1.061598770320415497e-02,7.637218385934829712e-02,-6.529225409030914307e-02
-1.061598770320415497e-02,7.637218385934829712e-02,-6.529225409030914307e-02
-1.026705931872129440e-02,7.649264484643936157e-02,-6.528046727180480957e-02
-1.026705931872129440e-02,7.649264484643936157e-02,-6.528046727180480957e-02
-9.917697869241237640e-03,7.661325484514236450e-02,-6.526880711317062378e-02
-9.917697869241237640e-03,7.661325484514236450e-02,-6.526880711317062378e-02
-9.567890316247940063e-03,7.673404365777969360e-02,-6.525725871324539185e-02
-9.567890316247940063e-03,7.673404365777969360e-02,-6.525725871324539185e-02
-9.217643178999423981e-03,7.685498893260955811e-02,-6.524584442377090454e-02
-9.217643178999423981e-03,7.685498893260955811e-02,-6.524584442377090454e-02
-8.866949938237667084e-03,7.697608321905136108e-02,-6.523455679416656494e-02
-8.866949938237667084e-03,7.697608321905136108e-02,-6.523455679416656494e-02
-8.515812456607818604e-03,7.709734886884689331e-02,-6.522339582443237305e-02
-8.515812456607818604e-03,7.709734886884689331e-02,-6.522339582443237305e-02
-8.164233528077602386e-03,7.721875607967376709e-02,-6.521235406398773193e-02
-8.164233528077602386e-03,7.721875607967376709e-02,-6.521235406398773193e-02
-7.812198251485824585e-03,7.734031975269317627e-02,-6.520144641399383545e-02
-7.812198251485824585e-03,7.734031975269317627e-02,-6.520144641399383545e-02
-7.459714077413082123e-03,7.746202498674392700e-02,-6.519066542387008667e-02
-7.459714077413082123e-03,7.746202498674392700e-02,-6.519066542387008667e-02
-7.106784731149673462e-03,7.758388668298721313e-02,-6.518001854419708252e-02
-7.106784731149673462e-03,7.758388668298721313e-02,-6.518001854419708252e-02
-6.753399036824703217e-03,7.770588248968124390e-02,-6.516949087381362915e-02
-6.753399036824703217e-03,7.770588248968124390e-02,-6.516949087381362915e-02
-6.399556063115596771e-03,7.782803475856781006e-02,-6.515910476446151733e-02
-6.399556063115596771e-03,7.782803475856781006e-02,-6.515910476446151733e-02
-6.045253016054630280e-03,7.795032113790512085e-02,-6.514884531497955322e-02
-6.045253016054630280e-03,7.795032113790512085e-02,-6.514884531497955322e-02
-5.690497346222400665e-03,7.807274907827377319e-02,-6.513871997594833374e-02
-5.690497346222400665e-03,7.807274907827377319e-02,-6.513871997594833374e-02
-5.335284397006034851e-03,7.819530367851257324e-02,-6.512872129678726196e-02
-5.335284397006034851e-03,7.819530367851257324e-02,-6.512872129678726196e-02
-4.979603458195924759e-03,7.831800729036331177e-02,-6.511886417865753174e-02
-4.979603458195924759e-03,7.831800729036331177e-02,-6.511886417865753174e-02
-4.623461980372667313e-03,7.844083011150360107e-02,-6.510913372039794922e-02
-4.623461980372667313e-03,7.844083011150360107e-02,-6.510913372039794922e-02
-4.266859963536262512e-03,7.856377959251403809e-02,-6.509953737258911133e-02
-4.266859963536262512e-03,7.856377959251403809e-02,-6.509953737258911133e-02
-3.909785766154527664e-03,7.868686318397521973e-02,-6.509008258581161499e-02
-3.909785766154527664e-03,7.868686318397521973e-02,-6.509008258581161499e-02
-3.552242880687117577e-03,7.881006598472595215e-02,-6.508075445890426636e-02
-3.552242880687117577e-03,7.881006598472595215e-02,-6.508075445890426636e-02
-3.194235730916261673e-03,7.893338799476623535e-02,-6.507156044244766235e-02
-3.194235730916261673e-03,7.893338799476623535e-02,-6.507156044244766235e-02
-2.835756167769432068e-03,7.905682921409606934e-02,-6.506251543760299683e-02
-2.835756167769432068e-03,7.905682921409606934e-02,-6.506251543760299683e-02
-2.476804424077272415e-03,7.918038964271545410e-02,-6.505359709262847900e-02
-2.476804424077272415e-03,7.918038964271545410e-02,-6.505359709262847900e-02
-2.117372583597898483e-03,7.930406183004379272e-02,-6.504482775926589966e-02
-2.117372583597898483e-03,7.930406183004379272e-02,-6.504482775926589966e-02
-1.757472287863492966e-03,7.942785322666168213e-02,-6.503619253635406494e-02
-1.757472287863492966e-03,7.942785322666168213e-02,-6.503619253635406494e-02
-1.397084095515310764e-03,7.955175638198852539e-02,-6.502769142389297485e-02
-1.397084095515310764e-03,7.955175638198852539e-02,-6.502769142389297485e-02
-1.036231522448360920e-03,7.967575639486312866e-02,-6.501933187246322632e-02
-1.036231522448360920e-03,7.967575639486312866e-02,-6.501933187246322632e-02
-6.748870946466922760e-04,7.979986816644668579e-02,-6.501111388206481934e-02
-6.748870946466922760e-04,7.979986816644668579e-02,-6.501111388206481934e-02
-3.130587283521890640e-04,7.992408424615859985e-02,-6.500303745269775391e-02
-3.130587283521890640e-04,7.992408424615859985e-02,-6.500303745269775391e-02
4.924975291942246258e-05,8.004840463399887085e-02,-6.499511003494262695e-02
4.924975291942246258e-05,8.004840463399887085e-02,-6.499511003494262695e-02
4.120422236155718565e-04,8.017281442880630493e-02,-6.498731672763824463e-02
4.120422236155718565e-04,8.017281442880630493e-02,-6.498731672763824463e-02
7.753226091153919697e-04,8.029732108116149902e-02,-6.497966498136520386e-02
7.753226091153919697e-04,8.029732108116149902e-02,-6.497966498136520386e-02
1.139094703830778599e-03,8.042191714048385620e-02,-6.497216969728469849e-02
1.139094703830778599e-03,8.042191714048385620e-02,-6.497216969728469849e-02
1.503354753367602825e-03,8.054662495851516724e-02,-6.496481597423553467e-02
1.503354753367602825e-03,8.054662495851516724e-02,-6.496481597423553467e-02
1.868114457465708256e-03,8.067140728235244751e-02,-6.495759636163711548e-02
1.868114457465708256e-03,8.067140728235244751e-02,-6.495759636163711548e-02
2.233362058177590370e-03,8.079627901315689087e-02,-6.495052576065063477e-02
2.233362058177590370e-03,8.079627901315689087e-02,-6.495052576065063477e-02
2.599097322672605515e-03,8.092123270034790039e-02,-6.494360417127609253e-02
2.599097322672605515e-03,8.092123270034790039e-02,-6.494360417127609253e-02
2.965340157970786095e-03,8.104627579450607300e-02,-6.493683159351348877e-02
2.965340157970786095e-03,8.104627579450607300e-02,-6.493683159351348877e-02
3.332082647830247879e-03,8.117139339447021484e-02,-6.493020802736282349e-02
3.332082647830247879e-03,8.117139339447021484e-02,-6.493020802736282349e-02
3.699320834130048752e-03,8.129659295082092285e-02,-6.492373347282409668e-02
3.699320834130048752e-03,8.129659295082092285e-02,-6.492373347282409668e-02
4.067062400281429291e-03,8.142185956239700317e-02,-6.491740792989730835e-02
4.067062400281429291e-03,8.142185956239700317e-02,-6.491740792989730835e-02
4.435307811945676804e-03,8.154720813035964966e-02,-6.491122394800186157e-02
4.435307811945676804e-03,8.154720813035964966e-02,-6.491122394800186157e-02
4.804060328751802444e-03,8.167262375354766846e-02,-6.490519642829895020e-02
4.804060328751802444e-03,8.167262375354766846e-02,-6.490519642829895020e-02
5.173312500119209290e-03,8.179811388254165649e-02,-6.489931792020797729e-02
5.173312500119209290e-03,8.179811388254165649e-02,-6.489931792020797729e-02
5.543083418160676956e-03,8.192366361618041992e-02,-6.489358842372894287e-02
5.543083418160676956e-03,8.192366361618041992e-02,-6.489358842372894287e-02
5.913354456424713135e-03,8.204928040504455566e-02,-6.488801538944244385e-02
5.913354456424713135e-03,8.204928040504455566e-02,-6.488801538944244385e-02
6.284140516072511673e-03,8.217495679855346680e-02,-6.488259881734848022e-02
6.284140516072511673e-03,8.217495679855346680e-02,-6.488259881734848022e-02
6.655445788055658340e-03,8.230069279670715332e-02,-6.487732380628585815e-02
6.655445788055658340e-03,8.230069279670715332e-02,-6.487732380628585815e-02
7.027262356132268906e-03,8.242648094892501831e-02,-6.487222015857696533e-02
7.027262356132268906e-03,8.242648094892501831e-02,-6.487222015857696533e-02
7.399590220302343369e-03,8.255232870578765869e-02,-6.486726552248001099e-02
7.399590220302343369e-03,8.255232870578765869e-02,-6.486726552248001099e-02
7.772444747388362885e-03,8.267822861671447754e-02,-6.486245989799499512e-02
7.772444747388362885e-03,8.267822861671447754e-02,-6.486245989799499512e-02
8.145814761519432068e-03,8.280417323112487793e-02,-6.485781073570251465e-02
8.145814761519432068e-03,8.280417323112487793e-02,-6.485781073570251465e-02
8.519708178937435150e-03,8.293017745018005371e-02,-6.485332548618316650e-02
8.519708178937435150e-03,8.293017745018005371e-02,-6.485332548618316650e-02
8.894127793610095978e-03,8.305622637271881104e-02,-6.484899669885635376e-02
8.894127793610095978e-03,8.305622637271881104e-02,-6.484899669885635376e-02
9.269058704376220703e-03,8.318230509757995605e-02,-6.484482437372207642e-02
9.269058704376220703e-03,8.318230509757995605e-02,-6.484482437372207642e-02
9.644528850913047791e-03,8.330842852592468262e-02,-6.484080106019973755e-02
9.644528850913047791e-03,8.330842852592468262e-02,-6.484080106019973755e-02
1.002052146941423416e-02,8.343459665775299072e-02,-6.483694911003112793e-02
1.002052146941423416e-02,8.343459665775299072e-02,-6.483694911003112793e-02
1.039704959839582443e-02,8.356079459190368652e-02,-6.483325362205505371e-02
1.039704959839582443e-02,8.356079459190368652e-02,-6.483325362205505371e-02
1.077410019934177399e-02,8.368702977895736694e-02,-6.482971459627151489e-02
1.077410019934177399e-02,8.368702977895736694e-02,-6.482971459627151489e-02
1.115168910473585129e-02,8.381330966949462891e-02,-6.482634693384170532e-02
1.115168910473585129e-02,8.381330966949462891e-02,-6.482634693384170532e-02
1.152980886399745941e-02,8.393959701061248779e-02,-6.482313573360443115e-02
1.152980886399745941e-02,8.393959701061248779e-02,-6.482313573360443115e-02
1.190846785902976990e-02,8.406592160463333130e-02,-6.482008099555969238e-02
1.190846785902976990e-02,8.406592160463333130e-02,-6.482008099555969238e-02
1.228766143321990967e-02,8.419226855039596558e-02,-6.481719762086868286e-02
1.228766143321990967e-02,8.419226855039596558e-02,-6.481719762086868286e-02
1.266740076243877411e-02,8.431863784790039062e-02,-6.481447815895080566e-02
1.266740076243877411e-02,8.431863784790039062e-02,-6.481447815895080566e-02
1.304767932742834091e-02,8.444502949714660645e-02,-6.481192260980606079e-02
1.304767932742834091e-02,8.444502949714660645e-02,-6.481192260980606079e-02
1.342849340289831161e-02,8.457143604755401611e-02,-6.480953097343444824e-02
1.342849340289831161e-02,8.457143604755401611e-02,-6.480953097343444824e-02
1.380986440926790237e-02,8.469786494970321655e-02,-6.480730324983596802e-02
1.380986440926790237e-02,8.469786494970321655e-02,-6.480730324983596802e-02
1.419177092611789703e-02,8.482429385185241699e-02,-6.480524688959121704e-02
1.419177092611789703e-02,8.482429385185241699e-02,-6.480524688959121704e-02
1.457422692328691483e-02,8.495075255632400513e-02,-6.480335444211959839e-02
1.457422692328691483e-02,8.495075255632400513e-02,-6.480335444211959839e-02
1.495722588151693344e-02,8.507720381021499634e-02,-6.480163335800170898e-02
1.495722588151693344e-02,8.507720381021499634e-02,-6.480163335800170898e-02
1.534078270196914673e-02,8.520366996526718140e-02,-6.480007618665695190e-02
1.534078270196914673e-02,8.520366996526718140e-02,-6.480007618665695190e-02
1.572489365935325623e-02,8.533013612031936646e-02,-6.479869037866592407e-02
1.572489365935325623e-02,8.533013612031936646e-02,-6.479869037866592407e-02
1.610955223441123962e-02,8.545659482479095459e-02,-6.479746848344802856e-02
1.610955223441123962e-02,8.545659482479095459e-02,-6.479746848344802856e-02
1.649477146565914154e-02,8.558306843042373657e-02,-6.479642540216445923e-02
1.649477146565914154e-02,8.558306843042373657e-02,-6.479642540216445923e-02
1.688054949045181274e-02,8.570952713489532471e-02,-6.479554623365402222e-02
1.688054949045181274e-02,8.570952713489532471e-02,-6.479554623365402222e-02
1.726688258349895477e-02,8.583599328994750977e-02,-6.479483842849731445e-02
1.726688258349895477e-02,8.583599328994750977e-02,-6.479483842849731445e-02
1.765377633273601532e-02,8.596244454383850098e-02,-6.479430943727493286e-02
1.765377633273601532e-02,8.596244454383850098e-02,-6.479430943727493286e-02
1.804123260080814362e-02,8.608888089656829834e-02,-6.479395180940628052e-02
1.804123260080814362e-02,8.608888089656829834e-02,-6.479395180940628052e-02
1.842925883829593658e-02,8.621530979871749878e-02,-6.479376554489135742e-02
1.842925883829593658e-02,8.621530979871749878e-02,-6.479376554489135742e-02
1.881783641874790192e-02,8.634171634912490845e-02,-6.479375064373016357e-02
1.881783641874790192e-02,8.634171634912490845e-02,-6.479375064373016357e-02
1.920699328184127808e-02,8.646811544895172119e-02,-6.479391455650329590e-02
1.920699328184127808e-02,8.646811544895172119e-02,-6.479391455650329590e-02
1.959671080112457275e-02,8.659449219703674316e-02,-6.479424983263015747e-02
1.959671080112457275e-02,8.659449219703674316e-02,-6.479424983263015747e-02
1.998700015246868134e-02,8.672085404396057129e-02,-6.479477882385253906e-02
1.998700015246868134e-02,8.672085404396057129e-02,-6.479477882385253906e-02
2.037786878645420074e-02,8.684718608856201172e-02,-6.479546427726745605e-02
2.037786878645420074e-02,8.684718608856201172e-02,-6.479546427726745605e-02
2.076930552721023560e-02,8.697348833084106445e-02,-6.479633599519729614e-02
2.076930552721023560e-02,8.697348833084106445e-02,-6.479633599519729614e-02
2.116131410002708435e-02,8.709976822137832642e-02,-6.479738652706146240e-02
2.116131410002708435e-02,8.709976822137832642e-02,-6.479738652706146240e-02
2.155390195548534393e-02,8.722601830959320068e-02,-6.479860842227935791e-02
2.155390195548534393e-02,8.722601830959320068e-02,-6.479860842227935791e-02
2.194706164300441742e-02,8.735223114490509033e-02,-6.480001658201217651e-02
2.194706164300441742e-02,8.735223114490509033e-02,-6.480001658201217651e-02
2.234081365168094635e-02,8.747841417789459229e-02,-6.480160355567932129e-02
2.234081365168094635e-02,8.747841417789459229e-02,-6.480160355567932129e-02
2.273513562977313995e-02,8.760454505681991577e-02,-6.480336934328079224e-02
2.273513562977313995e-02,8.760454505681991577e-02,-6.480336934328079224e-02
2.313005365431308746e-02,8.773064613342285156e-02,-6.480532139539718628e-02
2.313005365431308746e-02,8.773064613342285156e-02,-6.480532139539718628e-02
2.352554723620414734e-02,8.785670250654220581e-02,-6.480744481086730957e-02
2.352554723620414734e-02,8.785670250654220581e-02,-6.480744481086730957e-02
2.392162568867206573e-02,8.798272162675857544e-02,-6.480976194143295288e-02
2.392162568867206573e-02,8.798272162675857544e-02,-6.480976194143295288e-02
2.431829646229743958e-02,8.810868859291076660e-02,-6.481225788593292236e-02
2.431829646229743958e-02,8.810868859291076660e-02,-6.481225788593292236e-02
2.471555396914482117e-02,8.823460340499877930e-02,-6.481494009494781494e-02
2.471555396914482117e-02,8.823460340499877930e-02,-6.481494009494781494e-02
2.511340565979480743e-02,8.836047351360321045e-02,-6.481780111789703369e-02
2.511340565979480743e-02,8.836047351360321045e-02,-6.481780111789703369e-02
2.551184780895709991e-02,8.848628401756286621e-02,-6.482084840536117554e-02
2.551184780895709991e-02,8.848628401756286621e-02,-6.482084840536117554e-02
2.591088600456714630e-02,8.861204236745834351e-02,-6.482408195734024048e-02
2.591088600456714630e-02,8.861204236745834351e-02,-6.482408195734024048e-02
2.631051652133464813e-02,8.873773366212844849e-02,-6.482750922441482544e-02
2.631051652133464813e-02,8.873773366212844849e-02,-6.482750922441482544e-02
2.671075426042079926e-02,8.886337280273437500e-02,-6.483112275600433350e-02
2.671075426042079926e-02,8.886337280273437500e-02,-6.483112275600433350e-02
2.711158432066440582e-02,8.898894488811492920e-02,-6.483491510152816772e-02
2.711158432066440582e-02,8.898894488811492920e-02,-6.483491510152816772e-02
2.751301229000091553e-02,8.911444991827011108e-02,-6.483890116214752197e-02
2.751301229000091553e-02,8.911444991827011108e-02,-6.483890116214752197e-02
2.791505120694637299e-02,8.923989534378051758e-02,-6.484307348728179932e-02
2.791505120694637299e-02,8.923989534378051758e-02,-6.484307348728179932e-02
2.831768803298473358e-02,8.936526626348495483e-02,-6.484743952751159668e-02
2.831768803298473358e-02,8.936526626348495483e-02,-6.484743952751159668e-02
2.872093208134174347e-02,8.949055522680282593e-02,-6.485199183225631714e-02
2.872093208134174347e-02,8.949055522680282593e-02,-6.485199183225631714e-02
2.912478521466255188e-02,8.961578458547592163e-02,-6.485673785209655762e-02
2.912478521466255188e-02,8.961578458547592163e-02,-6.485673785209655762e-02
2.952924370765686035e-02,8.974093198776245117e-02,-6.486167758703231812e-02
2.952924370765686035e-02,8.974093198776245117e-02,-6.486167758703231812e-02
2.993431873619556427e-02,8.986599743366241455e-02,-6.486680358648300171e-02
2.993431873619556427e-02,8.986599743366241455e-02,-6.486680358648300171e-02
3.033999912440776825e-02,8.999098837375640869e-02,-6.487213075160980225e-02
3.033999912440776825e-02,8.999098837375640869e-02,-6.487213075160980225e-02
3.074630349874496460e-02,9.011588990688323975e-02,-6.487764418125152588e-02
3.074630349874496460e-02,9.011588990688323975e-02,-6.487764418125152588e-02
3.115321323275566101e-02,9.024070948362350464e-02,-6.488335132598876953e-02
3.115321323275566101e-02,9.024070948362350464e-02,-6.488335132598876953e-02
3.156074509024620056e-02,9.036542475223541260e-02,-6.488925218582153320e-02
3.156074509024620056e-02,9.036542475223541260e-02,-6.488925218582153320e-02
3.196889907121658325e-02,9.049006551504135132e-02,-6.489536166191101074e-02
3.196889907121658325e-02,9.049006551504135132e-02,-6.489536166191101074e-02
3.237766027450561523e-02,9.061461687088012695e-02,-6.490164995193481445e-02
3.237766027450561523e-02,9.061461687088012695e-02,-6.490164995193481445e-02
3.278705850243568420e-02,9.073906391859054565e-02,-6.490814685821533203e-02
3.278705850243568420e-02,9.073906391859054565e-02,-6.490814685821533203e-02
3.319707512855529785e-02,9.086340665817260742e-02,-6.491483747959136963e-02
3.319707512855529785e-02,9.086340665817260742e-02,-6.491483747959136963e-02
3.360771015286445618e-02,9.098765999078750610e-02,-6.492172926664352417e-02
3.360771015286445618e-02,9.098765999078750610e-02,-6.492172926664352417e-02
3.401898592710494995e-02,9.111180156469345093e-02,-6.492881476879119873e-02
3.401898592710494995e-02,9.111180156469345093e-02,-6.492881476879119873e-02
3.443088009953498840e-02,9.123584628105163574e-02,-6.493610143661499023e-02
3.443088009953498840e-02,9.123584628105163574e-02,-6.493610143661499023e-02
3.484340757131576538e-02,9.135978668928146362e-02,-6.494358927011489868e-02
3.484340757131576538e-02,9.135978668928146362e-02,-6.494358927011489868e-02
3.525656089186668396e-02,9.148360788822174072e-02,-6.495127826929092407e-02
3.525656089186668396e-02,9.148360788822174072e-02,-6.495127826929092407e-02
3.567035496234893799e-02,9.160731732845306396e-02,-6.495916843414306641e-02
3.567035496234893799e-02,9.160731732845306396e-02,-6.495916843414306641e-02
3.608478605747222900e-02,9.173092246055603027e-02,-6.496725231409072876e-02
3.608478605747222900e-02,9.173092246055603027e-02,-6.496725231409072876e-02
3.649984300136566162e-02,9.185440838336944580e-02,-6.497555226087570190e-02
3.649984300136566162e-02,9.185440838336944580e-02,-6.497555226087570190e-02
3.691555187106132507e-02,9.197777509689331055e-02,-6.498404592275619507e-02
3.691555187106132507e-02,9.197777509689331055e-02,-6.498404592275619507e-02
3.733189404010772705e-02,9.210102260112762451e-02,-6.499274820089340210e-02
3.733189404010772705e-02,9.210102260112762451e-02,-6.499274820089340210e-02
3.774887323379516602e-02,9.222414344549179077e-02,-6.500165164470672607e-02
3.774887323379516602e-02,9.222414344549179077e-02,-6.500165164470672607e-02
3.816650062799453735e-02,9.234713762998580933e-02,-6.501075625419616699e-02
3.816650062799453735e-02,9.234713762998580933e-02,-6.501075625419616699e-02
3.858477622270584106e-02,9.247000515460968018e-02,-6.502007693052291870e-02
3.858477622270584106e-02,9.247000515460968018e-02,-6.502007693052291870e-02
3.900368884205818176e-02,9.259274601936340332e-02,-6.502960622310638428e-02
3.900368884205818176e-02,9.259274601936340332e-02,-6.502960622310638428e-02
3.942325338721275330e-02,9.271536022424697876e-02,-6.503932923078536987e-02
3.942325338721275330e-02,9.271536022424697876e-02,-6.503932923078536987e-02
3.984347358345985413e-02,9.283782541751861572e-02,-6.504926830530166626e-02
3.984347358345985413e-02,9.283782541751861572e-02,-6.504926830530166626e-02
4.026433825492858887e-02,9.296015650033950806e-02,-6.505941599607467651e-02
4.026433825492858887e-02,9.296015650033950806e-02,-6.505941599607467651e-02
4.068586602807044983e-02,9.308235347270965576e-02,-6.506977230310440063e-02
4.068586602807044983e-02,9.308235347270965576e-02,-6.506977230310440063e-02
4.110803455114364624e-02,9.320440888404846191e-02,-6.508032977581024170e-02
4.110803455114364624e-02,9.320440888404846191e-02,-6.508032977581024170e-02
4.153085872530937195e-02,9.332631528377532959e-02,-6.509111076593399048e-02
4.153085872530937195e-02,9.332631528377532959e-02,-6.509111076593399048e-02
4.195435345172882080e-02,9.344808757305145264e-02,-6.510209292173385620e-02
4.195435345172882080e-02,9.344808757305145264e-02,-6.510209292173385620e-02
4.237849637866020203e-02,9.356968849897384644e-02,-6.511329114437103271e-02
4.237849637866020203e-02,9.356968849897384644e-02,-6.511329114437103271e-02
4.280331358313560486e-02,9.369115531444549561e-02,-6.512469798326492310e-02
4.280331358313560486e-02,9.369115531444549561e-02,-6.512469798326492310e-02
4.322877898812294006e-02,9.381246566772460938e-02,-6.513632088899612427e-02
4.322877898812294006e-02,9.381246566772460938e-02,-6.513632088899612427e-02
4.365491867065429688e-02,9.393362700939178467e-02,-6.514816731214523315e-02
4.365491867065429688e-02,9.393362700939178467e-02,-6.514816731214523315e-02
4.408172145485877991e-02,9.405461698770523071e-02,-6.516020745038986206e-02
4.408172145485877991e-02,9.405461698770523071e-02,-6.516020745038986206e-02
4.450919479131698608e-02,9.417546540498733521e-02,-6.517247855663299561e-02
4.450919479131698608e-02,9.417546540498733521e-02,-6.517247855663299561e-02
4.493732377886772156e-02,9.429614245891571045e-02,-6.518495827913284302e-02
4.493732377886772156e-02,9.429614245891571045e-02,-6.518495827913284302e-02
4.536613821983337402e-02,9.441664814949035645e-02,-6.519765406847000122e-02
4.536613821983337402e-02,9.441664814949035645e-02,-6.519765406847000122e-02
4.579561948776245117e-02,9.453699737787246704e-02,-6.521056592464447021e-02
4.579561948776245117e-02,9.453699737787246704e-02,-6.521056592464447021e-02
4.622576758265495300e-02,9.465716779232025146e-02,-6.522370129823684692e-02
4.622576758265495300e-02,9.465716779232025146e-02,-6.522370129823684692e-02
4.665660113096237183e-02,9.477716684341430664e-02,-6.523705273866653442e-02
4.665660113096237183e-02,9.477716684341430664e-02,-6.523705273866653442e-02
4.708810523152351379e-02,9.489700198173522949e-02,-6.525062024593353271e-02
4.708810523152351379e-02,9.489700198173522949e-02,-6.525062024593353271e-02
4.752029478549957275e-02,9.501664340496063232e-02,-6.526440382003784180e-02
4.752029478549957275e-02,9.501664340496063232e-02,-6.526440382003784180e-02
4.795316234230995178e-02,9.513612836599349976e-02,-6.527841091156005859e-02
4.795316234230995178e-02,9.513612836599349976e-02,-6.527841091156005859e-02
4.838671535253524780e-02,9.525541961193084717e-02,-6.529263406991958618e-02
4.838671535253524780e-02,9.525541961193084717e-02,-6.529263406991958618e-02
4.882094636559486389e-02,9.537453204393386841e-02,-6.530709564685821533e-02
4.882094636559486389e-02,9.537453204393386841e-02,-6.530709564685821533e-02
4.925586655735969543e-02,9.549345076084136963e-02,-6.532175838947296143e-02
4.925586655735969543e-02,9.549345076084136963e-02,-6.532175838947296143e-02
4.969147220253944397e-02,9.561218321323394775e-02,-6.533665955066680908e-02
4.969147220253944397e-02,9.561218321323394775e-02,-6.533665955066680908e-02
5.012776330113410950e-02,9.573072940111160278e-02,-6.535176932811737061e-02
5.012776330113410950e-02,9.573072940111160278e-02,-6.535176932811737061e-02
5.056475102901458740e-02,9.584908932447433472e-02,-6.536711007356643677e-02
5.056475102901458740e-02,9.584908932447433472e-02,-6.536711007356643677e-02
5.100242793560028076e-02,9.596724808216094971e-02,-6.538267433643341064e-02
5.100242793560028076e-02,9.596724808216094971e-02,-6.538267433643341064e-02
5.144079029560089111e-02,9.608520567417144775e-02,-6.539846956729888916e-02
5.144079029560089111e-02,9.608520567417144775e-02,-6.539846956729888916e-02
5.187985673546791077e-02,9.620296210050582886e-02,-6.541448831558227539e-02
5.187985673546791077e-02,9.620296210050582886e-02,-6.541448831558227539e-02
5.231962352991104126e-02,9.632052481174468994e-02,-6.543073058128356934e-02
5.231962352991104126e-02,9.632052481174468994e-02,-6.543073058128356934e-02
5.276007577776908875e-02,9.643788635730743408e-02,-6.544719636440277100e-02
5.276007577776908875e-02,9.643788635730743408e-02,-6.544719636440277100e-02
5.320123955607414246e-02,9.655504673719406128e-02,-6.546389311552047729e-02
5.320123955607414246e-02,9.655504673719406128e-02,-6.546389311552047729e-02
5.364310368895530701e-02,9.667198359966278076e-02,-6.548082083463668823e-02
5.364310368895530701e-02,9.667198359966278076e-02,-6.548082083463668823e-02
5.408566445112228394e-02,9.678871929645538330e-02,-6.549797207117080688e-02
5.408566445112228394e-02,9.678871929645538330e-02,-6.549797207117080688e-02
5.452893301844596863e-02,9.690523147583007812e-02,-6.551536172628402710e-02
5.452893301844596863e-02,9.690523147583007812e-02,-6.551536172628402710e-02
5.497290566563606262e-02,9.702152758836746216e-02,-6.553297489881515503e-02
5.497290566563606262e-02,9.702152758836746216e-02,-6.553297489881515503e-02
5.541759356856346130e-02,9.713761508464813232e-02,-6.555081903934478760e-02
5.541759356856346130e-02,9.713761508464813232e-02,-6.555081903934478760e-02
5.586298927664756775e-02,9.725348651409149170e-02,-6.556890159845352173e-02
5.586298927664756775e-02,9.725348651409149170e-02,-6.556890159845352173e-02
5.630908906459808350e-02,9.736912697553634644e-02,-6.558721512556076050e-02
5.630908906459808350e-02,9.736912697553634644e-02,-6.558721512556076050e-02
5.675590783357620239e-02,9.748454391956329346e-02,-6.560575217008590698e-02
5.675590783357620239e-02,9.748454391956329346e-02,-6.560575217008590698e-02
5.720344558358192444e-02,9.759974479675292969e-02,-6.562452763319015503e-02
5.720344558358192444e-02,9.759974479675292969e-02,-6.562452763319015503e-02
5.765168368816375732e-02,9.771469980478286743e-02,-6.564353406429290771e-02
5.765168368816375732e-02,9.771469980478286743e-02,-6.564353406429290771e-02
5.810065940022468567e-02,9.782943129539489746e-02,-6.566278636455535889e-02
5.810065940022468567e-02,9.782943129539489746e-02,-6.566278636455535889e-02
5.855034664273262024e-02,9.794391691684722900e-02,-6.568226218223571777e-02
5.855034664273262024e-02,9.794391691684722900e-02,-6.568226218223571777e-02
5.900074541568756104e-02,9.805817902088165283e-02,-6.570198386907577515e-02
5.900074541568756104e-02,9.805817902088165283e-02,-6.570198386907577515e-02
5.945187807083129883e-02,9.817219525575637817e-02,-6.572193652391433716e-02
5.945187807083129883e-02,9.817219525575637817e-02,-6.572193652391433716e-02
5.990373343229293823e-02,9.828597307205200195e-02,-6.574212014675140381e-02
5.990373343229293823e-02,9.828597307205200195e-02,-6.574212014675140381e-02
6.035631150007247925e-02,9.839951246976852417e-02,-6.576255708932876587e-02
6.035631150007247925e-02,9.839951246976852417e-02,-6.576255708932876587e-02
6.080961972475051880e-02,9.851280599832534790e-02,-6.578322499990463257e-02
6.080961972475051880e-02,9.851280599832534790e-02,-6.578322499990463257e-02
6.126364693045616150e-02,9.862584620714187622e-02,-6.580413132905960083e-02
6.126364693045616150e-02,9.862584620714187622e-02,-6.580413132905960083e-02
6.171841919422149658e-02,9.873864799737930298e-02,-6.582527607679367065e-02
6.171841919422149658e-02,9.873864799737930298e-02,-6.582527607679367065e-02
6.217392161488533020e-02,9.885118156671524048e-02,-6.584666669368743896e-02
6.217392161488533020e-02,9.885118156671524048e-02,-6.584666669368743896e-02
6.263014674186706543e-02,9.896346181631088257e-02,-6.586829572916030884e-02
6.263014674186706543e-02,9.896346181631088257e-02,-6.586829572916030884e-02
6.308712065219879150e-02,9.907549619674682617e-02,-6.589016318321228027e-02
6.308712065219879150e-02,9.907549619674682617e-02,-6.589016318321228027e-02
6.354483217000961304e-02,9.918726980686187744e-02,-6.591228395700454712e-02
6.354483217000961304e-02,9.918726980686187744e-02,-6.591228395700454712e-02
6.400327384471893311e-02,9.929877519607543945e-02,-6.593464314937591553e-02
6.400327384471893311e-02,9.929877519607543945e-02,-6.593464314937591553e-02
6.446245312690734863e-02,9.941001236438751221e-02,-6.595723330974578857e-02
6.446245312690734863e-02,9.941001236438751221e-02,-6.595723330974578857e-02
6.492239236831665039e-02,9.952099621295928955e-02,-6.598007678985595703e-02
6.492239236831665039e-02,9.952099621295928955e-02,-6.598007678985595703e-02
6.538305431604385376e-02,9.963169693946838379e-02,-6.600317358970642090e-02
6.538305431604385376e-02,9.963169693946838379e-02,-6.600317358970642090e-02
6.584447622299194336e-02,9.974213689565658569e-02,-6.602650880813598633e-02
6.584447622299194336e-02,9.974213689565658569e-02,-6.602650880813598633e-02
6.630664318799972534e-02,9.985230118036270142e-02,-6.605008989572525024e-02
6.630664318799972534e-02,9.985230118036270142e-02,-6.605008989572525024e-02
6.676954776048660278e-02,9.996218234300613403e-02,-6.607391685247421265e-02
6.676954776048660278e-02,9.996218234300613403e-02,-6.607391685247421265e-02
6.723321229219436646e-02,1.000718027353286743e-01,-6.609799712896347046e-02
6.723321229219436646e-02,1.000718027353286743e-01,-6.609799712896347046e-02
6.769762933254241943e-02,1.001811325550079346e-01,-6.612231582403182983e-02
6.769762933254241943e-02,1.001811325550079346e-01,-6.612231582403182983e-02
6.816279888153076172e-02,1.002901792526245117e-01,-6.614689528942108154e-02
6.816279888153076172e-02,1.002901792526245117e-01,-6.614689528942108154e-02
6.862872093915939331e-02,1.003989428281784058e-01,-6.617171317338943481e-02
6.862872093915939331e-02,1.003989428281784058e-01,-6.617171317338943481e-02
6.909539550542831421e-02,1.005074232816696167e-01,-6.619679182767868042e-02
6.909539550542831421e-02,1.005074232816696167e-01,-6.619679182767868042e-02
6.956283748149871826e-02,1.006156057119369507e-01,-6.622212380170822144e-02
6.956283748149871826e-02,1.006156057119369507e-01,-6.622212380170822144e-02
7.003103196620941162e-02,1.007234975695610046e-01,-6.624769419431686401e-02
7.003103196620941162e-02,1.007234975695610046e-01,-6.624769419431686401e-02
7.049999386072158813e-02,1.008310988545417786e-01,-6.627352535724639893e-02
7.049999386072158813e-02,1.008310988545417786e-01,-6.627352535724639893e-02
7.096972316503524780e-02,1.009384021162986755e-01,-6.629960983991622925e-02
7.096972316503524780e-02,1.009384021162986755e-01,-6.629960983991622925e-02
7.144020497798919678e-02,1.010454148054122925e-01,-6.632594764232635498e-02
7.144020497798919678e-02,1.010454148054122925e-01,-6.632594764232635498e-02
7.191146165132522583e-02,1.011521071195602417e-01,-6.635253131389617920e-02
7.191146165132522583e-02,1.011521071195602417e-01,-6.635253131389617920e-02
7.238348573446273804e-02,1.012585088610649109e-01,-6.637937575578689575e-02
7.238348573446273804e-02,1.012585088610649109e-01,-6.637937575578689575e-02
7.285627722740173340e-02,1.013646125793457031e-01,-6.640648096799850464e-02
7.285627722740173340e-02,1.013646125793457031e-01,-6.640648096799850464e-02
7.332983613014221191e-02,1.014704033732414246e-01,-6.643383204936981201e-02
7.332983613014221191e-02,1.014704033732414246e-01,-6.643383204936981201e-02
7.380418479442596436e-02,1.015758812427520752e-01,-6.646145135164260864e-02
7.380418479442596436e-02,1.015758812427520752e-01,-6.646145135164260864e-02
7.427929341793060303e-02,1.016810461878776550e-01,-6.648932397365570068e-02
7.427929341793060303e-02,1.016810461878776550e-01,-6.648932397365570068e-02
7.475517690181732178e-02,1.017858907580375671e-01,-6.651744246482849121e-02
7.475517690181732178e-02,1.017858907580375671e-01,-6.651744246482849121e-02
7.523184269666671753e-02,1.018904224038124084e-01,-6.654582917690277100e-02
7.523184269666671753e-02,1.018904224038124084e-01,-6.654582917690277100e-02
7.570929080247879028e-02,1.019946411252021790e-01,-6.657446920871734619e-02
7.570929080247879028e-02,1.019946411252021790e-01,-6.657446920871734619e-02
7.618751376867294312e-02,1.020985245704650879e-01,-6.660338491201400757e-02
7.618751376867294312e-02,1.020985245704650879e-01,-6.660338491201400757e-02
7.666651159524917603e-02,1.022021025419235229e-01,-6.663255393505096436e-02
7.666651159524917603e-02,1.022021025419235229e-01,-6.663255393505096436e-02
7.714631408452987671e-02,1.023053452372550964e-01,-6.666198372840881348e-02
7.714631408452987671e-02,1.023053452372550964e-01,-6.666198372840881348e-02
7.762689143419265747e-02,1.024082601070404053e-01,-6.669167429208755493e-02
7.762689143419265747e-02,1.024082601070404053e-01,-6.669167429208755493e-02
7.810826599597930908e-02,1.025108397006988525e-01,-6.672161817550659180e-02
7.810826599597930908e-02,1.025108397006988525e-01,-6.672161817550659180e-02
7.859041541814804077e-02,1.026130914688110352e-01,-6.675183773040771484e-02
7.859041541814804077e-02,1.026130914688110352e-01,-6.675183773040771484e-02
7.907335460186004639e-02,1.027150005102157593e-01,-6.678231805562973022e-02
7.907335460186004639e-02,1.027150005102157593e-01,-6.678231805562973022e-02
7.955710589885711670e-02,1.028165742754936218e-01,-6.681306660175323486e-02
7.955710589885711670e-02,1.028165742754936218e-01,-6.681306660175323486e-02
8.004163205623626709e-02,1.029178127646446228e-01,-6.684406846761703491e-02
8.004163205623626709e-02,1.029178127646446228e-01,-6.684406846761703491e-02
8.052696287631988525e-02,1.030187085270881653e-01,-6.687533855438232422e-02
8.052696287631988525e-02,1.030187085270881653e-01,-6.687533855438232422e-02
8.101308345794677734e-02,1.031192541122436523e-01,-6.690688431262969971e-02
8.101308345794677734e-02,1.031192541122436523e-01,-6.690688431262969971e-02
8.150000870227813721e-02,1.032194495201110840e-01,-6.693869829177856445e-02
8.150000870227813721e-02,1.032194495201110840e-01,-6.693869829177856445e-02
8.198773115873336792e-02,1.033193022012710571e-01,-6.697077304124832153e-02
8.198773115873336792e-02,1.033193022012710571e-01,-6.697077304124832153e-02
8.247626572847366333e-02,1.034188047051429749e-01,-6.700312346220016479e-02
8.247626572847366333e-02,1.034188047051429749e-01,-6.700312346220016479e-02
8.296559005975723267e-02,1.035179495811462402e-01,-6.703572720289230347e-02
8.296559005975723267e-02,1.035179495811462402e-01,-6.703572720289230347e-02
8.345572650432586670e-02,1.036167368292808533e-01,-6.706860661506652832e-02
8.345572650432586670e-02,1.036167368292808533e-01,-6.706860661506652832e-02
8.394666761159896851e-02,1.037151664495468140e-01,-6.710176169872283936e-02
8.394666761159896851e-02,1.037151664495468140e-01,-6.710176169872283936e-02
8.443842828273773193e-02,1.038132458925247192e-01,-6.713519245386123657e-02
8.443842828273773193e-02,1.038132458925247192e-01,-6.713519245386123657e-02
8.493097871541976929e-02,1.039109379053115845e-01,-6.716888397932052612e-02
8.493097871541976929e-02,1.039109379053115845e-01,-6.716888397932052612e-02
8.542436361312866211e-02,1.040082797408103943e-01,-6.720285117626190186e-02
8.542436361312866211e-02,1.040082797408103943e-01,-6.720285117626190186e-02
8.591854572296142578e-02,1.041052490472793579e-01,-6.723709404468536377e-02
8.591854572296142578e-02,1.041052490472793579e-01,-6.723709404468536377e-02
8.641355484724044800e-02,1.042018532752990723e-01,-6.727161258459091187e-02
8.641355484724044800e-02,1.042018532752990723e-01,-6.727161258459091187e-02
8.690936863422393799e-02,1.042980849742889404e-01,-6.730639934539794922e-02
8.690936863422393799e-02,1.042980849742889404e-01,-6.730639934539794922e-02
8.740601688623428345e-02,1.043939441442489624e-01,-6.734146177768707275e-02
8.740601688623428345e-02,1.043939441442489624e-01,-6.734146177768707275e-02
8.790346235036849976e-02,1.044894158840179443e-01,-6.737679988145828247e-02
8.790346235036849976e-02,1.044894158840179443e-01,-6.737679988145828247e-02
8.840174973011016846e-02,1.045845076441764832e-01,-6.741241365671157837e-02
8.840174973011016846e-02,1.045845076441764832e-01,-6.741241365671157837e-02
8.890085667371749878e-02,1.046792343258857727e-01,-6.744830310344696045e-02
8.890085667371749878e-02,1.046792343258857727e-01,-6.744830310344696045e-02
8.940076828002929688e-02,1.047735586762428284e-01,-6.748447567224502563e-02
8.940076828002929688e-02,1.047735586762428284e-01,-6.748447567224502563e-02
8.990153670310974121e-02,1.048675030469894409e-01,-6.752092391252517700e-02
8.990153670310974121e-02,1.048675030469894409e-01,-6.752092391252517700e-02
9.040310978889465332e-02,1.049610674381256104e-01,-6.755764782428741455e-02
9.040310978889465332e-02,1.049610674381256104e-01,-6.755764782428741455e-02
9.090552479028701782e-02,1.050542294979095459e-01,-6.759465485811233521e-02
9.090552479028701782e-02,1.050542294979095459e-01,-6.759465485811233521e-02
9.140877425670623779e-02,1.051469966769218445e-01,-6.763194501399993896e-02
9.140877425670623779e-02,1.051469966769218445e-01,-6.763194501399993896e-02
9.191284328699111938e-02,1.052393764257431030e-01,-6.766950339078903198e-02
9.191284328699111938e-02,1.052393764257431030e-01,-6.766950339078903198e-02
9.241776168346405029e-02,1.053313612937927246e-01,-6.770735234022140503e-02
9.241776168346405029e-02,1.053313612937927246e-01,-6.770735234022140503e-02
9.292350709438323975e-02,1.054229363799095154e-01,-6.774547696113586426e-02
9.292350709438323975e-02,1.054229363799095154e-01,-6.774547696113586426e-02
9.343008697032928467e-02,1.055141091346740723e-01,-6.778389215469360352e-02
9.343008697032928467e-02,1.055141091346740723e-01,-6.778389215469360352e-02
9.393752366304397583e-02,1.056048795580863953e-01,-6.782258301973342896e-02
9.393752366304397583e-02,1.056048795580863953e-01,-6.782258301973342896e-02
9.444577246904373169e-02,1.056952476501464844e-01,-6.786156445741653442e-02
9.444577246904373169e-02,1.056952476501464844e-01,-6.786156445741653442e-02
9.495488554239273071e-02,1.057852059602737427e-01,-6.790082901716232300e-02
9.495488554239273071e-02,1.057852059602737427e-01,-6.790082901716232300e-02
9.546484053134918213e-02,1.058747470378875732e-01,-6.794037669897079468e-02
9.546484053134918213e-02,1.058747470378875732e-01,-6.794037669897079468e-02
9.597563743591308594e-02,1.059638783335685730e-01,-6.798020750284194946e-02
9.597563743591308594e-02,1.059638783335685730e-01,-6.798020750284194946e-02
9.648728370666503906e-02,1.060525849461555481e-01,-6.802032887935638428e-02
9.648728370666503906e-02,1.060525849461555481e-01,-6.802032887935638428e-02
9.699977934360504150e-02,1.061408743262290955e-01,-6.806073337793350220e-02
9.699977934360504150e-02,1.061408743262290955e-01,-6.806073337793350220e-02
9.751313924789428711e-02,1.062287613749504089e-01,-6.810142844915390015e-02
9.751313924789428711e-02,1.062287613749504089e-01,-6.810142844915390015e-02
9.802731871604919434e-02,1.063162013888359070e-01,-6.814240664243698120e-02
9.802731871604919434e-02,1.063162013888359070e-01,-6.814240664243698120e-02
9.854238480329513550e-02,1.064032316207885742e-01,-6.818368285894393921e-02
9.854238480329513550e-02,1.064032316207885742e-01,-6.818368285894393921e-02
9.905828535556793213e-02,1.064898222684860229e-01,-6.822524964809417725e-02
9.905828535556793213e-02,1.064898222684860229e-01,-6.822524964809417725e-02
9.957505762577056885e-02,1.065759807825088501e-01,-6.826709210872650146e-02
9.957505762577056885e-02,1.065759807825088501e-01,-6.826709210872650146e-02
1.000926792621612549e-01,1.066617146134376526e-01,-6.830924749374389648e-02
1.000926792621612549e-01,1.066617146134376526e-01,-6.830924749374389648e-02
1.006111651659011841e-01,1.067470163106918335e-01,-6.835167109966278076e-02
1.006111651659011841e-01,1.067470163106918335e-01,-6.835167109966278076e-02
1.011305078864097595e-01,1.068318709731101990e-01,-6.839439272880554199e-02
1.011305078864097595e-01,1.068318709731101990e-01,-6.839439272880554199e-02
1.016507297754287720e-01,1.069162860512733459e-01,-6.843741983175277710e-02
1.016507297754287720e-01,1.069162860512733459e-01,-6.843741983175277710e-02
1.021718084812164307e-01,1.070002689957618713e-01,-6.848073005676269531e-02
1.021718084812164307e-01,1.070002689957618713e-01,-6.848073005676269531e-02
1.026937514543533325e-01,1.070838123559951782e-01,-6.852433830499649048e-02
1.026937514543533325e-01,1.070838123559951782e-01,-6.852433830499649048e-02
1.032165661454200745e-01,1.071669012308120728e-01,-6.856824457645416260e-02
1.032165661454200745e-01,1.071669012308120728e-01,-6.856824457645416260e-02
1.037402451038360596e-01,1.072495356202125549e-01,-6.861244142055511475e-02
1.037402451038360596e-01,1.072495356202125549e-01,-6.861244142055511475e-02
1.042648032307624817e-01,1.073317304253578186e-01,-6.865693628787994385e-02
1.042648032307624817e-01,1.073317304253578186e-01,-6.865693628787994385e-02
1.047902256250381470e-01,1.074134558439254761e-01,-6.870172172784805298e-02
1.047902256250381470e-01,1.074134558439254761e-01,-6.870172172784805298e-02
1.053165346384048462e-01,1.074947416782379150e-01,-6.874681264162063599e-02
1.053165346384048462e-01,1.074947416782379150e-01,-6.874681264162063599e-02
1.058437079191207886e-01,1.075755581259727478e-01,-6.879218667745590210e-02
1.058437079191207886e-01,1.075755581259727478e-01,-6.879218667745590210e-02
1.063717678189277649e-01,1.076559275388717651e-01,-6.883787363767623901e-02
1.063717678189277649e-01,1.076559275388717651e-01,-6.883787363767623901e-02
1.069007143378257751e-01,1.077358201146125793e-01,-6.888386607170104980e-02
1.069007143378257751e-01,1.077358201146125793e-01,-6.888386607170104980e-02
1.074305325746536255e-01,1.078152582049369812e-01,-6.893014162778854370e-02
1.074305325746536255e-01,1.078152582049369812e-01,-6.893014162778854370e-02
1.079612299799919128e-01,1.078942120075225830e-01,-6.897673010826110840e-02
1.079612299799919128e-01,1.078942120075225830e-01,-6.897673010826110840e-02
1.084928289055824280e-01,1.079727113246917725e-01,-6.902360916137695312e-02
1.084928289055824280e-01,1.079727113246917725e-01,-6.902360916137695312e-02
1.090252995491027832e-01,1.080507412552833557e-01,-6.907079368829727173e-02
1.090252995491027832e-01,1.080507412552833557e-01,-6.907079368829727173e-02
1.095586642622947693e-01,1.081282943487167358e-01,-6.911828368902206421e-02
1.095586642622947693e-01,1.081282943487167358e-01,-6.911828368902206421e-02
1.100929155945777893e-01,1.082053631544113159e-01,-6.916607916355133057e-02
1.100929155945777893e-01,1.082053631544113159e-01,-6.916607916355133057e-02
1.106280684471130371e-01,1.082819625735282898e-01,-6.921418011188507080e-02
1.106280684471130371e-01,1.082819625735282898e-01,-6.921418011188507080e-02
1.111641004681587219e-01,1.083580777049064636e-01,-6.926257908344268799e-02
1.111641004681587219e-01,1.083580777049064636e-01,-6.926257908344268799e-02
1.117010340094566345e-01,1.084337085485458374e-01,-6.931128352880477905e-02
1.117010340094566345e-01,1.084337085485458374e-01,-6.931128352880477905e-02
1.122388616204261780e-01,1.085088625550270081e-01,-6.936029344797134399e-02
1.122388616204261780e-01,1.085088625550270081e-01,-6.936029344797134399e-02
1.127775982022285461e-01,1.085835099220275879e-01,-6.940961629152297974e-02
1.127775982022285461e-01,1.085835099220275879e-01,-6.940961629152297974e-02
1.133172214031219482e-01,1.086576804518699646e-01,-6.945922970771789551e-02
1.133172214031219482e-01,1.086576804518699646e-01,-6.945922970771789551e-02
1.138577461242675781e-01,1.087313592433929443e-01,-6.950917840003967285e-02
1.138577461242675781e-01,1.087313592433929443e-01,-6.950917840003967285e-02
1.143991798162460327e-01,1.088045313954353333e-01,-6.955941021442413330e-02
1.143991798162460327e-01,1.088045313954353333e-01,-6.955941021442413330e-02
1.149415075778961182e-01,1.088772192597389221e-01,-6.960995495319366455e-02
1.149415075778961182e-01,1.088772192597389221e-01,-6.960995495319366455e-02
1.154847517609596252e-01,1.089493930339813232e-01,-6.966082006692886353e-02
1.154847517609596252e-01,1.089493930339813232e-01,-6.966082006692886353e-02
1.160288900136947632e-01,1.090210750699043274e-01,-6.971198320388793945e-02
1.160288900136947632e-01,1.090210750699043274e-01,-6.971198320388793945e-02
1.165739595890045166e-01,1.090922504663467407e-01,-6.976346671581268311e-02
1.165739595890045166e-01,1.090922504663467407e-01,-6.976346671581268311e-02
1.171199083328247070e-01,1.091629192233085632e-01,-6.981526315212249756e-02
1.171199083328247070e-01,1.091629192233085632e-01,-6.981526315212249756e-02
1.176668033003807068e-01,1.092330887913703918e-01,-6.986736506223678589e-02
1.176668033003807068e-01,1.092330887913703918e-01,-6.986736506223678589e-02
1.182145997881889343e-01,1.093027368187904358e-01,-6.991978734731674194e-02
1.182145997881889343e-01,1.093027368187904358e-01,-6.991978734731674194e-02
1.187633126974105835e-01,1.093718782067298889e-01,-6.997250765562057495e-02
1.187633126974105835e-01,1.093718782067298889e-01,-6.997250765562057495e-02
1.193129420280456543e-01,1.094404906034469604e-01,-7.002555578947067261e-02
1.193129420280456543e-01,1.094404906034469604e-01,-7.002555578947067261e-02
1.198634877800941467e-01,1.095085963606834412e-01,-7.007891684770584106e-02
1.198634877800941467e-01,1.095085963606834412e-01,-7.007891684770584106e-02
1.204149499535560608e-01,1.095761731266975403e-01,-7.013258337974548340e-02
1.204149499535560608e-01,1.095761731266975403e-01,-7.013258337974548340e-02
1.209673359990119934e-01,1.096432358026504517e-01,-7.018658518791198730e-02
1.209673359990119934e-01,1.096432358026504517e-01,-7.018658518791198730e-02
1.215206533670425415e-01,1.097097694873809814e-01,-7.024089246988296509e-02
1.215206533670425415e-01,1.097097694873809814e-01,-7.024089246988296509e-02
1.220748946070671082e-01,1.097757816314697266e-01,-7.029552012681961060e-02
1.220748946070671082e-01,1.097757816314697266e-01,-7.029552012681961060e-02
1.226300597190856934e-01,1.098412498831748962e-01,-7.035046070814132690e-02
1.226300597190856934e-01,1.098412498831748962e-01,-7.035046070814132690e-02
1.231861636042594910e-01,1.099062189459800720e-01,-7.040572166442871094e-02
1.231861636042594910e-01,1.099062189459800720e-01,-7.040572166442871094e-02
1.237431690096855164e-01,1.099706143140792847e-01,-7.046130299568176270e-02
1.237431690096855164e-01,1.099706143140792847e-01,-7.046130299568176270e-02
1.243011355400085449e-01,1.100344806909561157e-01,-7.051718980073928833e-02
1.243011355400085449e-01,1.100344806909561157e-01,-7.051718980073928833e-02
1.248600259423255920e-01,1.100978255271911621e-01,-7.057341933250427246e-02
1.248600259423255920e-01,1.100978255271911621e-01,-7.057341933250427246e-02
1.254198551177978516e-01,1.101606190204620361e-01,-7.062996178865432739e-02
1.254198551177978516e-01,1.101606190204620361e-01,-7.062996178865432739e-02
1.259806156158447266e-01,1.102228760719299316e-01,-7.068683207035064697e-02
1.259806156158447266e-01,1.102228760719299316e-01,-7.068683207035064697e-02
1.265423148870468140e-01,1.102845743298530579e-01,-7.074401527643203735e-02
1.265423148870468140e-01,1.102845743298530579e-01,-7.074401527643203735e-02
1.271049529314041138e-01,1.103457361459732056e-01,-7.080151885747909546e-02
1.271049529314041138e-01,1.103457361459732056e-01,-7.080151885747909546e-02
1.276685446500778198e-01,1.104063466191291809e-01,-7.085935771465301514e-02
1.276685446500778198e-01,1.104063466191291809e-01,-7.085935771465301514e-02
1.282330751419067383e-01,1.104663908481597900e-01,-7.091751694679260254e-02
1.282330751419067383e-01,1.104663908481597900e-01,-7.091751694679260254e-02
1.287985444068908691e-01,1.105259060859680176e-01,-7.097599655389785767e-02
1.287985444068908691e-01,1.105259060859680176e-01,-7.097599655389785767e-02
1.293649673461914062e-01,1.105848476290702820e-01,-7.103481143712997437e-02
1.293649673461914062e-01,1.105848476290702820e-01,-7.103481143712997437e-02
1.299323141574859619e-01,1.106432378292083740e-01,-7.109394669532775879e-02
1.299323141574859619e-01,1.106432378292083740e-01,-7.109394669532775879e-02
1.305006444454193115e-01,1.107010468840599060e-01,-7.115340232849121094e-02
1.305006444454193115e-01,1.107010468840599060e-01,-7.115340232849121094e-02
1.310698986053466797e-01,1.107583120465278625e-01,-7.121319323778152466e-02
1.310698986053466797e-01,1.107583120465278625e-01,-7.121319323778152466e-02
1.316401362419128418e-01,1.108149960637092590e-01,-7.127331197261810303e-02
1.316401362419128418e-01,1.108149960637092590e-01,-7.127331197261810303e-02
1.322112828493118286e-01,1.108711138367652893e-01,-7.133375853300094604e-02
1.322112828493118286e-01,1.108711138367652893e-01,-7.133375853300094604e-02
1.327834278345108032e-01,1.109266653656959534e-01,-7.139453291893005371e-02
1.327834278345108032e-01,1.109266653656959534e-01,-7.139453291893005371e-02
1.333565115928649902e-01,1.109816431999206543e-01,-7.145564258098602295e-02
1.333565115928649902e-01,1.109816431999206543e-01,-7.145564258098602295e-02
1.339305788278579712e-01,1.110360473394393921e-01,-7.151708006858825684e-02
1.339305788278579712e-01,1.110360473394393921e-01,-7.151708006858825684e-02
1.345055997371673584e-01,1.110898703336715698e-01,-7.157885283231735229e-02
1.345055997371673584e-01,1.110898703336715698e-01,-7.157885283231735229e-02
1.350815594196319580e-01,1.111431196331977844e-01,-7.164095342159271240e-02
1.350815594196319580e-01,1.111431196331977844e-01,-7.164095342159271240e-02
1.356584876775741577e-01,1.111957728862762451e-01,-7.170338183641433716e-02
1.356584876775741577e-01,1.111957728862762451e-01,-7.170338183641433716e-02
1.362363845109939575e-01,1.112478449940681458e-01,-7.176616042852401733e-02
1.362363845109939575e-01,1.112478449940681458e-01,-7.176616042852401733e-02
1.368152648210525513e-01,1.112993359565734863e-01,-7.182924449443817139e-02
1.368152648210525513e-01,1.112993359565734863e-01,-7.182924449443817139e-02
1.373950988054275513e-01,1.113502383232116699e-01,-7.189268618822097778e-02
1.373950988054275513e-01,1.113502383232116699e-01,-7.189268618822097778e-02
1.379759162664413452e-01,1.114005371928215027e-01,-7.195646315813064575e-02
1.379759162664413452e-01,1.114005371928215027e-01,-7.195646315813064575e-02
1.385576874017715454e-01,1.114502474665641785e-01,-7.202056795358657837e-02
1.385576874017715454e-01,1.114502474665641785e-01,-7.202056795358657837e-02
1.391404420137405396e-01,1.114993691444396973e-01,-7.208501547574996948e-02
1.391404420137405396e-01,1.114993691444396973e-01,-7.208501547574996948e-02
1.397241801023483276e-01,1.115478798747062683e-01,-7.214979827404022217e-02
1.397241801023483276e-01,1.115478798747062683e-01,-7.214979827404022217e-02
1.403088867664337158e-01,1.115958020091056824e-01,-7.221491634845733643e-02
1.403088867664337158e-01,1.115958020091056824e-01,-7.221491634845733643e-02
1.408945918083190918e-01,1.116431131958961487e-01,-7.228036969900131226e-02
1.408945918083190918e-01,1.116431131958961487e-01,-7.228036969900131226e-02
1.414812654256820679e-01,1.116898208856582642e-01,-7.234618067741394043e-02
1.414812654256820679e-01,1.116898208856582642e-01,-7.234618067741394043e-02
1.420689076185226440e-01,1.117359101772308350e-01,-7.241231203079223633e-02
1.420689076185226440e-01,1.117359101772308350e-01,-7.241231203079223633e-02
1.426575630903244019e-01,1.117813959717750549e-01,-7.247879356145858765e-02
1.426575630903244019e-01,1.117813959717750549e-01,-7.247879356145858765e-02
1.432471722364425659e-01,1.118262708187103271e-01,-7.254560291767120361e-02
1.432471722364425659e-01,1.118262708187103271e-01,-7.254560291767120361e-02
1.438377797603607178e-01,1.118705272674560547e-01,-7.261276245117187500e-02
1.438377797603607178e-01,1.118705272674560547e-01,-7.261276245117187500e-02
1.444293856620788574e-01,1.119141727685928345e-01,-7.268027216196060181e-02
1.444293856620788574e-01,1.119141727685928345e-01,-7.268027216196060181e-02
1.450219750404357910e-01,1.119572073221206665e-01,-7.274812459945678711e-02
1.450219750404357910e-01,1.119572073221206665e-01,-7.274812459945678711e-02
1.456155627965927124e-01,1.119996085762977600e-01,-7.281631231307983398e-02
1.456155627965927124e-01,1.119996085762977600e-01,-7.281631231307983398e-02
1.462101191282272339e-01,1.120413690805435181e-01,-7.288484275341033936e-02
1.462101191282272339e-01,1.120413690805435181e-01,-7.288484275341033936e-02
1.468057036399841309e-01,1.120825260877609253e-01,-7.295372337102890015e-02
1.468057036399841309e-01,1.120825260877609253e-01,-7.295372337102890015e-02
1.474022567272186279e-01,1.121230572462081909e-01,-7.302295416593551636e-02
1.474022567272186279e-01,1.121230572462081909e-01,-7.302295416593551636e-02
1.479998230934143066e-01,1.121629402041435242e-01,-7.309252023696899414e-02
1.479998230934143066e-01,1.121629402041435242e-01,-7.309252023696899414e-02
1.485983729362487793e-01,1.122021898627281189e-01,-7.316244393587112427e-02
1.485983729362487793e-01,1.122021898627281189e-01,-7.316244393587112427e-02
1.491979509592056274e-01,1.122408136725425720e-01,-7.323270291090011597e-02
1.491979509592056274e-01,1.122408136725425720e-01,-7.323270291090011597e-02
1.497985124588012695e-01,1.122787892818450928e-01,-7.330331951379776001e-02
1.497985124588012695e-01,1.122787892818450928e-01,-7.330331951379776001e-02
1.504001021385192871e-01,1.123161390423774719e-01,-7.337428629398345947e-02
1.504001021385192871e-01,1.123161390423774719e-01,-7.337428629398345947e-02
1.510026752948760986e-01,1.123528406023979187e-01,-7.344559580087661743e-02
1.510026752948760986e-01,1.123528406023979187e-01,-7.344559580087661743e-02
1.516062617301940918e-01,1.123888939619064331e-01,-7.351726293563842773e-02
1.516062617301940918e-01,1.123888939619064331e-01,-7.351726293563842773e-02
1.522108763456344604e-01,1.124242991209030151e-01,-7.358928024768829346e-02
1.522108763456344604e-01,1.124242991209030151e-01,-7.358928024768829346e-02
1.528164893388748169e-01,1.124590635299682617e-01,-7.366164773702621460e-02
1.528164893388748169e-01,1.124590635299682617e-01,-7.366164773702621460e-02
1.534230858087539673e-01,1.124931648373603821e-01,-7.373436540365219116e-02
1.534230858087539673e-01,1.124931648373603821e-01,-7.373436540365219116e-02
1.540307402610778809e-01,1.125266179442405701e-01,-7.380743324756622314e-02
1.540307402610778809e-01,1.125266179442405701e-01,-7.380743324756622314e-02
1.546394079923629761e-01,1.125594079494476318e-01,-7.388085871934890747e-02
1.546394079923629761e-01,1.125594079494476318e-01,-7.388085871934890747e-02
1.552490741014480591e-01,1.125915348529815674e-01,-7.395463436841964722e-02
1.552490741014480591e-01,1.125915348529815674e-01,-7.395463436841964722e-02
1.558597534894943237e-01,1.126230135560035706e-01,-7.402876764535903931e-02
1.558597534894943237e-01,1.126230135560035706e-01,-7.402876764535903931e-02
1.564714759588241577e-01,1.126538291573524475e-01,-7.410325855016708374e-02
1.564714759588241577e-01,1.126538291573524475e-01,-7.410325855016708374e-02
1.570842117071151733e-01,1.126839667558670044e-01,-7.417809963226318359e-02
1.570842117071151733e-01,1.126839667558670044e-01,-7.417809963226318359e-02
1.576979756355285645e-01,1.127134412527084351e-01,-7.425330579280853271e-02
1.576979756355285645e-01,1.127134412527084351e-01,-7.425330579280853271e-02
1.583127677440643311e-01,1.127422600984573364e-01,-7.432886213064193726e-02
1.583127677440643311e-01,1.127422600984573364e-01,-7.432886213064193726e-02
1.589285731315612793e-01,1.127703860402107239e-01,-7.440476864576339722e-02
1.589285731315612793e-01,1.127703860402107239e-01,-7.440476864576339722e-02
1.595454066991806030e-01,1.127978414297103882e-01,-7.448105514049530029e-02
1.595454066991806030e-01,1.127978414297103882e-01,-7.448105514049530029e-02
1.601632833480834961e-01,1.128246188163757324e-01,-7.455768436193466187e-02
1.601632833480834961e-01,1.128246188163757324e-01,-7.455768436193466187e-02
1.607822179794311523e-01,1.128507256507873535e-01,-7.463467866182327271e-02
1.607822179794311523e-01,1.128507256507873535e-01,-7.463467866182327271e-02
1.614021509885787964e-01,1.128761470317840576e-01,-7.471203058958053589e-02
1.614021509885787964e-01,1.128761470317840576e-01,-7.471203058958053589e-02
1.620231121778488159e-01,1.129008829593658447e-01,-7.478974759578704834e-02
1.620231121778488159e-01,1.129008829593658447e-01,-7.478974759578704834e-02
1.626451313495635986e-01,1.129249334335327148e-01,-7.486782968044281006e-02
1.626451313495635986e-01,1.129249334335327148e-01,-7.486782968044281006e-02
1.632682085037231445e-01,1.129482984542846680e-01,-7.494626939296722412e-02
1.632682085037231445e-01,1.129482984542846680e-01,-7.494626939296722412e-02
1.638922840356826782e-01,1.129709556698799133e-01,-7.502507418394088745e-02
1.638922840356826782e-01,1.129709556698799133e-01,-7.502507418394088745e-02
1.645174175500869751e-01,1.129929274320602417e-01,-7.510423660278320312e-02
1.645174175500869751e-01,1.129929274320602417e-01,-7.510423660278320312e-02
1.651436090469360352e-01,1.130142137408256531e-01,-7.518376410007476807e-02
1.651436090469360352e-01,1.130142137408256531e-01,-7.518376410007476807e-02
1.657708287239074707e-01,1.130347922444343567e-01,-7.526366412639617920e-02
1.657708287239074707e-01,1.130347922444343567e-01,-7.526366412639617920e-02
1.663990914821624756e-01,1.130546703934669495e-01,-7.534392923116683960e-02
1.663990914821624756e-01,1.130546703934669495e-01,-7.534392923116683960e-02
1.670284271240234375e-01,1.130738407373428345e-01,-7.542455196380615234e-02
1.670284271240234375e-01,1.130738407373428345e-01,-7.542455196380615234e-02
1.676588058471679688e-01,1.130923107266426086e-01,-7.550554722547531128e-02
1.676588058471679688e-01,1.130923107266426086e-01,-7.550554722547531128e-02
1.682902276515960693e-01,1.131100803613662720e-01,-7.558691501617431641e-02
1.682902276515960693e-01,1.131100803613662720e-01,-7.558691501617431641e-02
1.689227074384689331e-01,1.131271347403526306e-01,-7.566864043474197388e-02
1.689227074384689331e-01,1.131271347403526306e-01,-7.566864043474197388e-02
1.695562303066253662e-01,1.131434738636016846e-01,-7.575074583292007446e-02
1.695562303066253662e-01,1.131434738636016846e-01,-7.575074583292007446e-02
1.701908409595489502e-01,1.131591126322746277e-01,-7.583321630954742432e-02
1.701908409595489502e-01,1.131591126322746277e-01,-7.583321630954742432e-02
1.708264648914337158e-01,1.131740212440490723e-01,-7.591604441404342651e-02
1.708264648914337158e-01,1.131740212440490723e-01,-7.591604441404342651e-02
1.714631915092468262e-01,1.131882146000862122e-01,-7.599925994873046875e-02
1.714631915092468262e-01,1.131882146000862122e-01,-7.599925994873046875e-02
1.721009463071823120e-01,1.132016777992248535e-01,-7.608284801244735718e-02
1.721009463071823120e-01,1.132016777992248535e-01,-7.608284801244735718e-02
1.727397888898849487e-01,1.132144331932067871e-01,-7.616680115461349487e-02
1.727397888898849487e-01,1.132144331932067871e-01,-7.616680115461349487e-02
1.733796745538711548e-01,1.132264584302902222e-01,-7.625112682580947876e-02
1.733796745538711548e-01,1.132264584302902222e-01,-7.625112682580947876e-02
1.740206480026245117e-01,1.132377460598945618e-01,-7.633583247661590576e-02
1.740206480026245117e-01,1.132377460598945618e-01,-7.633583247661590576e-02
1.746626794338226318e-01,1.132483109831809998e-01,-7.642090320587158203e-02
1.746626794338226318e-01,1.132483109831809998e-01,-7.642090320587158203e-02
1.753057837486267090e-01,1.132581382989883423e-01,-7.650635391473770142e-02
1.753057837486267090e-01,1.132581382989883423e-01,-7.650635391473770142e-02
1.759499758481979370e-01,1.132672354578971863e-01,-7.659216970205307007e-02
1.759499758481979370e-01,1.132672354578971863e-01,-7.659216970205307007e-02
1.765952110290527344e-01,1.132755950093269348e-01,-7.667838037014007568e-02
1.765952110290527344e-01,1.132755950093269348e-01,-7.667838037014007568e-02
1.772415339946746826e-01,1.132832169532775879e-01,-7.676495611667633057e-02
1.772415339946746826e-01,1.132832169532775879e-01,-7.676495611667633057e-02
1.778889298439025879e-01,1.132900863885879517e-01,-7.685190439224243164e-02
1.778889298439025879e-01,1.132900863885879517e-01,-7.685190439224243164e-02
1.785374134778976440e-01,1.132962256669998169e-01,-7.693924009799957275e-02
1.785374134778976440e-01,1.132962256669998169e-01,-7.693924009799957275e-02
1.791869848966598511e-01,1.133016049861907959e-01,-7.702695578336715698e-02
1.791869848966598511e-01,1.133016049861907959e-01,-7.702695578336715698e-02
1.798375993967056274e-01,1.133062466979026794e-01,-7.711504399776458740e-02
1.798375993967056274e-01,1.133062466979026794e-01,-7.711504399776458740e-02
1.804893314838409424e-01,1.133101284503936768e-01,-7.720351219177246094e-02
1.804893314838409424e-01,1.133101284503936768e-01,-7.720351219177246094e-02
1.811421364545822144e-01,1.133132576942443848e-01,-7.729236036539077759e-02
1.811421364545822144e-01,1.133132576942443848e-01,-7.729236036539077759e-02
1.817960292100906372e-01,1.133156344294548035e-01,-7.738158851861953735e-02
1.817960292100906372e-01,1.133156344294548035e-01,-7.738158851861953735e-02
1.824509948492050171e-01,1.133172586560249329e-01,-7.747120410203933716e-02
1.824509948492050171e-01,1.133172586560249329e-01,-7.747120410203933716e-02
1.831070929765701294e-01,1.133181080222129822e-01,-7.756120711565017700e-02
1.831070929765701294e-01,1.133181080222129822e-01,-7.756120711565017700e-02
1.837642341852188110e-01,1.133182048797607422e-01,-7.765157520771026611e-02
1.837642341852188110e-01,1.133182048797607422e-01,-7.765157520771026611e-02
1.844224929809570312e-01,1.133175417780876160e-01,-7.774233818054199219e-02
1.844224929809570312e-01,1.133175417780876160e-01,-7.774233818054199219e-02
1.850818395614624023e-01,1.133160963654518127e-01,-7.783348858356475830e-02
1.850818395614624023e-01,1.133160963654518127e-01,-7.783348858356475830e-02
1.857422739267349243e-01,1.133138909935951233e-01,-7.792502641677856445e-02
1.857422739267349243e-01,1.133138909935951233e-01,-7.792502641677856445e-02
1.864038109779357910e-01,1.133109107613563538e-01,-7.801694422960281372e-02
1.864038109779357910e-01,1.133109107613563538e-01,-7.801694422960281372e-02
1.870664805173873901e-01,1.133071556687355042e-01,-7.810924202203750610e-02
1.870664805173873901e-01,1.133071556687355042e-01,-7.810924202203750610e-02
1.877301931381225586e-01,1.133026182651519775e-01,-7.820193469524383545e-02
1.877301931381225586e-01,1.133026182651519775e-01,-7.820193469524383545e-02
1.883950382471084595e-01,1.132973134517669678e-01,-7.829500734806060791e-02
1.883950382471084595e-01,1.132973134517669678e-01,-7.829500734806060791e-02
1.890609860420227051e-01,1.132912188768386841e-01,-7.838847488164901733e-02
1.890609860420227051e-01,1.132912188768386841e-01,-7.838847488164901733e-02
1.897280365228652954e-01,1.132843419909477234e-01,-7.848233729600906372e-02
1.897280365228652954e-01,1.132843419909477234e-01,-7.848233729600906372e-02
1.903961896896362305e-01,1.132766827940940857e-01,-7.857657968997955322e-02
1.903961896896362305e-01,1.132766827940940857e-01,-7.857657968997955322e-02
1.910654753446578979e-01,1.132682263851165771e-01,-7.867121696472167969e-02
1.910654753446578979e-01,1.132682263851165771e-01,-7.867121696472167969e-02
1.917358338832855225e-01,1.132589951157569885e-01,-7.876624166965484619e-02
1.917358338832855225e-01,1.132589951157569885e-01,-7.876624166965484619e-02
1.924073398113250732e-01,1.132489591836929321e-01,-7.886166125535964966e-02
1.924073398113250732e-01,1.132489591836929321e-01,-7.886166125535964966e-02
1.930799484252929688e-01,1.132381334900856018e-01,-7.895746082067489624e-02
1.930799484252929688e-01,1.132381334900856018e-01,-7.895746082067489624e-02
1.937536448240280151e-01,1.132265031337738037e-01,-7.905367016792297363e-02
1.937536448240280151e-01,1.132265031337738037e-01,-7.905367016792297363e-02
