-0.0458,-0.039,0.0916
-0.0458,-0.039,0.0916
-0.04546,-0.0397,0.0905
-0.04546,-0.0397,0.0905
-0.04511,-0.0403,0.0894
-0.04511,-0.0403,0.0894
-0.04477,-0.041,0.0883
-0.04477,-0.041,0.0883
-0.04442,-0.0417,0.0873
-0.04442,-0.0417,0.0873
-0.04408,-0.0423,0.0862
-0.04408,-0.0423,0.0862
-0.04374,-0.043,0.0851
-0.04374,-0.043,0.0851
-0.0434,-0.0436,0.0841
-0.0434,-0.0436,0.0841
-0.04306,-0.0443,0.083
-0.04306,-0.0443,0.083
-0.04272,-0.0449,0.082
-0.04272,-0.0449,0.082
-0.04239,-0.0456,0.0809
-0.04239,-0.0456,0.0809
-0.04205,-0.0462,0.0799
-0.04205,-0.0462,0.0799
-0.04172,-0.0469,0.0788
-0.04172,-0.0469,0.0788
-0.04139,-0.0475,0.0778
-0.04139,-0.0475,0.0778
-0.04109,-0.0482,0.0767
-0.04109,-0.0482,0.0767
-0.04069,-0.0488,0.0757
-0.04069,-0.0488,0.0757
-0.04039,-0.0494,0.0747
-0.04039,-0.0494,0.0747
-0.04009,-0.0501,0.0736
-0.04009,-0.0501,0.0736
-0.03979,-0.0507,0.0726
-0.03979,-0.0507,0.0726
-0.03939,-0.0513,0.0716
-0.03939,-0.0513,0.0716
-0.03909,-0.0519,0.0705
-0.03909,-0.0519,0.0705
-0.03879,-0.0526,0.0695
-0.03879,-0.0526,0.0695
-0.03849,-0.0532,0.0685
-0.03849,-0.0532,0.0685
-0.03809,-0.0538,0.0675
-0.03809,-0.0538,0.0675
-0.03779,-0.0544,0.0665
-0.03779,-0.0544,0.0665
-0.03749,-0.055,0.0655
-0.03749,-0.055,0.0655
-0.03719,-0.0557,0.0645
-0.03719,-0.0557,0.0645
-0.03689,-0.0563,0.0635
-0.03689,-0.0563,0.0635
-0.03659,-0.0569,0.0625
-0.03659,-0.0569,0.0625
-0.03629,-0.0575,0.0615
-0.03629,-0.0575,0.0615
-0.03599,-0.0581,0.0605
-0.03599,-0.0581,0.0605
-0.03559,-0.0587,0.0595
-0.03559,-0.0587,0.0595
-0.03529,-0.0593,0.0585
-0.03529,-0.0593,0.0585
-0.03499,-0.0599,0.0575
-0.03499,-0.0599,0.0575
-0.03469,-0.0605,0.0565
-0.03469,-0.0605,0.0565
-0.03439,-0.0611,0.0555
-0.03439,-0.0611,0.0555
-0.03409,-0.0617,0.0546
-0.03409,-0.0617,0.0546
-0.03379,-0.0623,0.0536
-0.03379,-0.0623,0.0536
-0.03349,-0.0629,0.0526
-0.03349,-0.0629,0.0526
-0.03319,-0.0635,0.0516
-0.03319,-0.0635,0.0516
-0.03289,-0.0641,0.0507
-0.03289,-0.0641,0.0507
-0.03259,-0.0646,0.0497
-0.03259,-0.0646,0.0497
-0.03229,-0.0652,0.0487
-0.03229,-0.0652,0.0487
-0.03199,-0.0658,0.0478
-0.03199,-0.0658,0.0478
-0.03169,-0.0664,0.0468
-0.03169,-0.0664,0.0468
-0.03139,-0.0669,0.0459
-0.03139,-0.0669,0.0459
-0.03119,-0.0675,0.0449
-0.03119,-0.0675,0.0449
-0.03089,-0.0681,0.044
-0.03089,-0.0681,0.044
-0.03059,-0.0687,0.043
-0.03059,-0.0687,0.043
-0.03029,-0.0692,0.0421
-0.03029,-0.0692,0.0421
-0.02999,-0.0698,0.0411
-0.02999,-0.0698,0.0411
-0.02969,-0.0704,0.0402
-0.02969,-0.0704,0.0402
-0.02939,-0.0709,0.0393
-0.02939,-0.0709,0.0393
-0.02919,-0.0715,0.0383
-0.02919,-0.0715,0.0383
-0.02889,-0.072,0.0374
-0.02889,-0.072,0.0374
-0.02859,-0.0726,0.0365
-0.02859,-0.0726,0.0365
-0.02829,-0.0732,0.0356
-0.02829,-0.0732,0.0356
-0.02809,-0.0737,0.0346
-0.02809,-0.0737,0.0346
-0.02779,-0.0743,0.0337
-0.02779,-0.0743,0.0337
-0.02749,-0.0748,0.0328
-0.02749,-0.0748,0.0328
-0.02719,-0.0753,0.0319
-0.02719,-0.0753,0.0319
-0.02699,-0.0759,0.031
-0.02699,-0.0759,0.031
-0.02669,-0.0764,0.0301
-0.02669,-0.0764,0.0301
-0.02639,-0.077,0.0292
-0.02639,-0.077,0.0292
-0.02609,-0.0775,0.0283
-0.02609,-0.0775,0.0283
-0.02589,-0.078,0.0272
-0.02589,-0.078,0.0272
-0.02559,-0.0786,0.0262
-0.02559,-0.0786,0.0262
-0.02539,-0.0791,0.0252
-0.02539,-0.0791,0.0252
-0.02509,-0.0796,0.0242
-0.02509,-0.0796,0.0242
-0.02479,-0.0802,0.0242
-0.02479,-0.0802,0.0242
-0.02459,-0.0807,0.0232
-0.02459,-0.0807,0.0232
-0.02429,-0.0812,0.0222
-0.02429,-0.0812,0.0222
-0.02409,-0.0817,0.0212
-0.02409,-0.0817,0.0212
-0.02379,-0.0823,0.0202
-0.02379,-0.0823,0.0202
-0.02349,-0.0828,0.0192
-0.02349,-0.0828,0.0192
-0.02329,-0.0833,0.0182
-0.02329,-0.0833,0.0182
-0.02299,-0.0838,0.0172
-0.02299,-0.0838,0.0172
-0.02279,-0.0848,0.0172
-0.02279,-0.0848,0.0172
-0.02249,-0.0848,0.0162
-0.02249,-0.0848,0.0162
-0.02229,-0.0858,0.0152
-0.02229,-0.0858,0.0152
-0.02199,-0.0858,0.0142
-0.02199,-0.0858,0.0142
-0.02179,-0.0868,0.0132
-0.02179,-0.0868,0.0132
-0.02149,-0.0868,0.0122
-0.02149,-0.0868,0.0122
-0.02129,-0.0878,0.0112
-0.02129,-0.0878,0.0112
-0.02099,-0.0878,0.0112
-0.02099,-0.0878,0.0112
-0.02079,-0.0888,0.0102
-0.02079,-0.0888,0.0102
-0.02059,-0.0888,0.0092
-0.02059,-0.0888,0.0092
-0.02029,-0.0898,0.0082
-0.02029,-0.0898,0.0082
-0.02009,-0.0898,0.0072
-0.02009,-0.0898,0.0072
-0.01979,-0.0908,0.0062
-0.01979,-0.0908,0.0062
-0.01959,-0.0908,0.0052
-0.01959,-0.0908,0.0052
-0.01939,-0.0908,0.0052
-0.01939,-0.0908,0.0052
-0.01909,-0.0918,0.0042
-0.01909,-0.0918,0.0042
-0.01889,-0.0918,0.0032
-0.01889,-0.0918,0.0032
-0.01869,-0.0928,0.0022
-0.01869,-0.0928,0.0022
-0.01839,-0.0928,0.0012
-0.01839,-0.0928,0.0012
-0.01819,-0.0938,0.0012
-0.01819,-0.0938,0.0012
-0.01799,-0.0938,0.0002
-0.01799,-0.0938,0.0002
-0.01779,-0.0948,-0.0008
-0.01779,-0.0948,-0.0008
-0.01749,-0.0948,-0.0018
-0.01749,-0.0948,-0.0018
-0.01729,-0.0958,-0.0028
-0.01729,-0.0958,-0.0028
-0.01709,-0.0958,-0.0038
-0.01709,-0.0958,-0.0038
-0.01689,-0.0968,-0.0038
-0.01689,-0.0968,-0.0038
-0.01659,-0.0968,-0.0048
-0.01659,-0.0968,-0.0048
-0.01639,-0.0978,-0.0058
-0.01639,-0.0978,-0.0058
-0.01619,-0.0978,-0.0068
-0.01619,-0.0978,-0.0068
-0.01599,-0.0988,-0.0078
-0.01599,-0.0988,-0.0078
-0.01579,-0.0988,-0.0078
-0.01579,-0.0988,-0.0078
-0.01549,-0.0988,-0.0088
-0.01549,-0.0988,-0.0088
-0.01529,-0.0998,-0.0098
-0.01529,-0.0998,-0.0098
-0.01509,-0.0998,-0.0108
-0.01509,-0.0998,-0.0108
-0.01489,-0.1008,-0.0108
-0.01489,-0.1008,-0.0108
-0.01469,-0.1008,-0.0118
-0.01469,-0.1008,-0.0118
-0.01449,-0.1018,-0.0128
-0.01449,-0.1018,-0.0128
-0.01429,-0.1018,-0.0138
-0.01429,-0.1018,-0.0138
-0.01409,-0.1028,-0.0148
-0.01409,-0.1028,-0.0148
-0.01389,-0.1028,-0.0148
-0.01389,-0.1028,-0.0148
-0.01369,-0.1028,-0.0158
-0.01369,-0.1028,-0.0158
-0.01339,-0.1038,-0.0168
-0.01339,-0.1038,-0.0168
-0.01319,-0.1038,-0.0178
-0.01319,-0.1038,-0.0178
-0.01299,-0.1048,-0.0178
-0.01299,-0.1048,-0.0178
-0.01279,-0.1048,-0.0188
-0.01279,-0.1048,-0.0188
-0.01259,-0.1058,-0.0198
-0.01259,-0.1058,-0.0198
-0.01239,-0.1058,-0.0208
-0.01239,-0.1058,-0.0208
-0.01219,-0.1058,-0.0208
-0.01219,-0.1058,-0.0208
-0.01199,-0.1068,-0.0218
-0.01199,-0.1068,-0.0218
-0.01189,-0.1068,-0.0228
-0.01189,-0.1068,-0.0228
-0.01169,-0.1078,-0.0238
-0.01169,-0.1078,-0.0238
-0.01149,-0.1078,-0.0238
-0.01149,-0.1078,-0.0238
-0.01129,-0.1088,-0.0248
-0.01129,-0.1088,-0.0248
-0.01109,-0.1088,-0.0258
-0.01109,-0.1088,-0.0258
-0.01089,-0.1088,-0.0268
-0.01089,-0.1088,-0.0268
-0.01069,-0.1098,-0.0268
-0.01069,-0.1098,-0.0268
-0.01049,-0.1098,-0.0278
-0.01049,-0.1098,-0.0278
-0.01029,-0.1108,-0.0288
-0.01029,-0.1108,-0.0288
-0.01009,-0.1108,-0.0298
-0.01009,-0.1108,-0.0298
-0.00999,-0.1108,-0.0298
-0.00999,-0.1108,-0.0298
-0.00979,-0.1118,-0.0308
-0.00979,-0.1118,-0.0308
-0.00959,-0.1118,-0.0318
-0.00959,-0.1118,-0.0318
-0.00939,-0.1128,-0.0318
-0.00939,-0.1128,-0.0318
-0.00919,-0.1128,-0.0328
-0.00919,-0.1128,-0.0328
-0.00909,-0.1128,-0.0338
-0.00909,-0.1128,-0.0338
-0.00889,-0.1138,-0.0348
-0.00889,-0.1138,-0.0348
-0.00869,-0.1138,-0.0348
-0.00869,-0.1138,-0.0348
-0.00849,-0.1138,-0.0358
-0.00849,-0.1138,-0.0358
-0.00829,-0.1148,-0.0368
-0.00829,-0.1148,-0.0368
-0.00819,-0.1148,-0.0368
-0.00819,-0.1148,-0.0368
-0.00799,-0.1158,-0.0378
-0.00799,-0.1158,-0.0378
-0.00779,-0.1158,-0.0388
-0.00779,-0.1158,-0.0388
-0.00769,-0.1158,-0.0398
-0.00769,-0.1158,-0.0398
-0.00749,-0.1168,-0.0398
-0.00749,-0.1168,-0.0398
-0.00729,-0.1168,-0.0408
-0.00729,-0.1168,-0.0408
-0.00719,-0.1168,-0.0418
-0.00719,-0.1168,-0.0418
-0.00699,-0.1178,-0.0418
-0.00699,-0.1178,-0.0418
-0.00679,-0.1178,-0.0428
-0.00679,-0.1178,-0.0428
-0.00669,-0.1188,-0.0438
-0.00669,-0.1188,-0.0438
-0.00649,-0.1188,-0.0438
-0.00649,-0.1188,-0.0438
-0.00629,-0.1188,-0.0448
-0.00629,-0.1188,-0.0448
-0.00619,-0.1198,-0.0458
-0.00619,-0.1198,-0.0458
-0.00599,-0.1198,-0.0458
-0.00599,-0.1198,-0.0458
-0.00589,-0.1198,-0.0468
-0.00589,-0.1198,-0.0468
-0.00569,-0.1208,-0.0478
-0.00569,-0.1208,-0.0478
-0.00549,-0.1208,-0.0478
-0.00549,-0.1208,-0.0478
-0.00539,-0.1208,-0.0488
-0.00539,-0.1208,-0.0488
-0.00519,-0.1218,-0.0498
-0.00519,-0.1218,-0.0498
-0.00509,-0.1218,-0.0498
-0.00509,-0.1218,-0.0498
-0.00489,-0.1218,-0.0508
-0.00489,-0.1218,-0.0508
-0.00479,-0.1228,-0.0518
-0.00479,-0.1228,-0.0518
-0.00459,-0.1228,-0.0518
-0.00459,-0.1228,-0.0518
-0.00449,-0.1228,-0.0528
-0.00449,-0.1228,-0.0528
-0.00429,-0.1238,-0.0538
-0.00429,-0.1238,-0.0538
-0.00419,-0.1238,-0.0538
-0.00419,-0.1238,-0.0538
-0.00399,-0.1238,-0.0548
-0.00399,-0.1238,-0.0548
-0.00389,-0.1248,-0.0558
-0.00389,-0.1248,-0.0558
-0.00379,-0.1248,-0.0558
-0.00379,-0.1248,-0.0558
-0.00359,-0.1248,-0.0568
-0.00359,-0.1248,-0.0568
-0.00349,-0.1258,-0.0568
-0.00349,-0.1258,-0.0568
-0.00329,-0.1258,-0.0578
-0.00329,-0.1258,-0.0578
-0.00319,-0.1258,-0.0588
-0.00319,-0.1258,-0.0588
-0.00299,-0.1268,-0.0588
-0.00299,-0.1268,-0.0588
-0.00289,-0.1268,-0.0598
-0.00289,-0.1268,-0.0598
-0.00279,-0.1268,-0.0608
-0.00279,-0.1268,-0.0608
-0.00259,-0.1278,-0.0608
-0.00259,-0.1278,-0.0608
-0.00249,-0.1278,-0.0618
-0.00249,-0.1278,-0.0618
-0.00239,-0.1278,-0.0618
-0.00239,-0.1278,-0.0618
-0.00219,-0.1288,-0.0628
-0.00219,-0.1288,-0.0628
-0.00209,-0.1288,-0.0638
-0.00209,-0.1288,-0.0638
-0.00199,-0.1288,-0.0638
-0.00199,-0.1288,-0.0638
-0.00179,-0.1298,-0.0648
-0.00179,-0.1298,-0.0648
-0.00169,-0.1298,-0.0648
-0.00169,-0.1298,-0.0648
-0.00159,-0.1298,-0.0658
-0.00159,-0.1298,-0.0658
-0.00149,-0.1298,-0.0668
-0.00149,-0.1298,-0.0668
-0.00129,-0.1308,-0.0668
-0.00129,-0.1308,-0.0668
-0.00119,-0.1308,-0.0678
-0.00119,-0.1308,-0.0678
-0.00109,-0.1308,-0.0688
-0.00109,-0.1308,-0.0688
-0.00099,-0.1318,-0.0688
-0.00099,-0.1318,-0.0688
-0.00089,-0.1318,-0.0698
-0.00089,-0.1318,-0.0698
-0.00069,-0.1318,-0.0698
-0.00069,-0.1318,-0.0698
-0.00059,-0.1328,-0.0708
-0.00059,-0.1328,-0.0708
-0.00049,-0.1328,-0.0708
-0.00049,-0.1328,-0.0708
-0.00039,-0.1328,-0.0718
-0.00039,-0.1328,-0.0718
-0.00029,-0.1328,-0.0728
-0.00029,-0.1328,-0.0728
-9e-05,-0.1338,-0.0728
-9e-05,-0.1338,-0.0728
1e-05,-0.1338,-0.0738
1e-05,-0.1338,-0.0738
0.00011,-0.1338,-0.0738
0.00011,-0.1338,-0.0738
0.00021,-0.1348,-0.0748
0.00021,-0.1348,-0.0748
0.00031,-0.1348,-0.0758
0.00031,-0.1348,-0.0758
0.00041,-0.1348,-0.0758
0.00041,-0.1348,-0.0758
0.00051,-0.1348,-0.0768
0.00051,-0.1348,-0.0768
0.00061,-0.1358,-0.0768
0.00061,-0.1358,-0.0768
0.00071,-0.1358,-0.0778
0.00071,-0.1358,-0.0778
0.00081,-0.1358,-0.0778
0.00081,-0.1358,-0.0778
0.00101,-0.1358,-0.0788
0.00101,-0.1358,-0.0788
0.00111,-0.1368,-0.0788
0.00111,-0.1368,-0.0788
0.00121,-0.1368,-0.0798
0.00121,-0.1368,-0.0798
0.00131,-0.1368,-0.0808
0.00131,-0.1368,-0.0808
0.00141,-0.1368,-0.0808
0.00141,-0.1368,-0.0808
0.00151,-0.1378,-0.0818
0.00151,-0.1378,-0.0818
0.00161,-0.1378,-0.0818
0.00161,-0.1378,-0.0818
0.00171,-0.1378,-0.0828
0.00171,-0.1378,-0.0828
0.00181,-0.1378,-0.0828
0.00181,-0.1378,-0.0828
0.00191,-0.1388,-0.0838
0.00191,-0.1388,-0.0838
0.00191,-0.1388,-0.0838
0.00191,-0.1388,-0.0838
0.00201,-0.1388,-0.0848
0.00201,-0.1388,-0.0848
0.00211,-0.1388,-0.0848
0.00211,-0.1388,-0.0848
0.00221,-0.1398,-0.0858
0.00221,-0.1398,-0.0858
0.00231,-0.1398,-0.0868
0.00231,-0.1398,-0.0868
0.00241,-0.1398,-0.0868
0.00241,-0.1398,-0.0868
0.00251,-0.1398,-0.0878
0.00251,-0.1398,-0.0878
0.00261,-0.1408,-0.0878
0.00261,-0.1408,-0.0878
0.00271,-0.1408,-0.0888
0.00271,-0.1408,-0.0888
0.00281,-0.1408,-0.0888
0.00281,-0.1408,-0.0888
0.00291,-0.1408,-0.0898
0.00291,-0.1408,-0.0898
0.00291,-0.1418,-0.0898
0.00291,-0.1418,-0.0898
0.00301,-0.1418,-0.0908
0.00301,-0.1418,-0.0908
0.00311,-0.1418,-0.0908
0.00311,-0.1418,-0.0908
0.00321,-0.1418,-0.0918
0.00321,-0.1418,-0.0918
0.00331,-0.1418,-0.0918
0.00331,-0.1418,-0.0918
0.00331,-0.1428,-0.0928
0.00331,-0.1428,-0.0928
0.00341,-0.1428,-0.0928
0.00341,-0.1428,-0.0928
0.00351,-0.1428,-0.0938
0.00351,-0.1428,-0.0938
0.00361,-0.1428,-0.0938
0.00361,-0.1428,-0.0938
0.00371,-0.1428,-0.0948
0.00371,-0.1428,-0.0948
0.00371,-0.1438,-0.0948
0.00371,-0.1438,-0.0948
0.00381,-0.1438,-0.0958
0.00381,-0.1438,-0.0958
0.00391,-0.1438,-0.0958
0.00391,-0.1438,-0.0958
0.00401,-0.1438,-0.0968
0.00401,-0.1438,-0.0968
0.00401,-0.1448,-0.0968
0.00401,-0.1448,-0.0968
0.00411,-0.1448,-0.0978
0.00411,-0.1448,-0.0978
0.00421,-0.1448,-0.0978
0.00421,-0.1448,-0.0978
0.00421,-0.1448,-0.0988
0.00421,-0.1448,-0.0988
0.00431,-0.1448,-0.0988
0.00431,-0.1448,-0.0988
0.00441,-0.1458,-0.0998
0.00441,-0.1458,-0.0998
0.00441,-0.1458,-0.0998
0.00441,-0.1458,-0.0998
0.00451,-0.1458,-0.1008
0.00451,-0.1458,-0.1008
0.00461,-0.1458,-0.1008
0.00461,-0.1458,-0.1008
0.00461,-0.1458,-0.1018
0.00461,-0.1458,-0.1018
0.00471,-0.1458,-0.1018
0.00471,-0.1458,-0.1018
0.00481,-0.1468,-0.1028
0.00481,-0.1468,-0.1028
0.00481,-0.1468,-0.1028
0.00481,-0.1468,-0.1028
0.00491,-0.1468,-0.1038
0.00491,-0.1468,-0.1038
0.00491,-0.1468,-0.1038
0.00491,-0.1468,-0.1038
0.00501,-0.1468,-0.1038
0.00501,-0.1468,-0.1038
0.00501,-0.1478,-0.1048
0.00501,-0.1478,-0.1048
0.00511,-0.1478,-0.1048
0.00511,-0.1478,-0.1048
0.00521,-0.1478,-0.1058
0.00521,-0.1478,-0.1058
0.00521,-0.1478,-0.1058
0.00521,-0.1478,-0.1058
0.00531,-0.1478,-0.1068
0.00531,-0.1478,-0.1068
0.00531,-0.1478,-0.1068
0.00531,-0.1478,-0.1068
0.00541,-0.1488,-0.1078
0.00541,-0.1488,-0.1078
0.00541,-0.1488,-0.1078
0.00541,-0.1488,-0.1078
0.00551,-0.1488,-0.1088
0.00551,-0.1488,-0.1088
0.00551,-0.1488,-0.1088
0.00551,-0.1488,-0.1088
0.00561,-0.1488,-0.1088
0.00561,-0.1488,-0.1088
0.00561,-0.1488,-0.1098
0.00561,-0.1488,-0.1098
0.00571,-0.1498,-0.1098
0.00571,-0.1498,-0.1098
0.00571,-0.1498,-0.1108
0.00571,-0.1498,-0.1108
0.00581,-0.1498,-0.1108
0.00581,-0.1498,-0.1108
0.00581,-0.1498,-0.1118
0.00581,-0.1498,-0.1118
0.00581,-0.1498,-0.1118
0.00581,-0.1498,-0.1118
0.00591,-0.1498,-0.1128
0.00591,-0.1498,-0.1128
0.00591,-0.1498,-0.1128
0.00591,-0.1498,-0.1128
0.00601,-0.1508,-0.1128
0.00601,-0.1508,-0.1128
0.00601,-0.1508,-0.1138
0.00601,-0.1508,-0.1138
0.00601,-0.1508,-0.1138
0.00601,-0.1508,-0.1138
0.00611,-0.1508,-0.1148
0.00611,-0.1508,-0.1148
0.00611,-0.1508,-0.1148
0.00611,-0.1508,-0.1148
0.00621,-0.1508,-0.1158
0.00621,-0.1508,-0.1158
0.00621,-0.1508,-0.1158
0.00621,-0.1508,-0.1158
0.00621,-0.1518,-0.1158
0.00621,-0.1518,-0.1158
0.00631,-0.1518,-0.1168
0.00631,-0.1518,-0.1168
0.00631,-0.1518,-0.1168
0.00631,-0.1518,-0.1168
0.00631,-0.1518,-0.1178
0.00631,-0.1518,-0.1178
0.00641,-0.1518,-0.1178
0.00641,-0.1518,-0.1178
0.00641,-0.1518,-0.1178
0.00641,-0.1518,-0.1178
0.00641,-0.1518,-0.1188
0.00641,-0.1518,-0.1188
0.00641,-0.1518,-0.1188
0.00641,-0.1518,-0.1188
0.00651,-0.1528,-0.1198
0.00651,-0.1528,-0.1198
0.00651,-0.1528,-0.1198
0.00651,-0.1528,-0.1198
0.00651,-0.1528,-0.1198
0.00651,-0.1528,-0.1198
0.00651,-0.1528,-0.1208
0.00651,-0.1528,-0.1208
0.00661,-0.1528,-0.1208
0.00661,-0.1528,-0.1208
0.00661,-0.1528,-0.1218
0.00661,-0.1528,-0.1218
0.00661,-0.1528,-0.1218
0.00661,-0.1528,-0.1218
0.00661,-0.1528,-0.1218
0.00661,-0.1528,-0.1218
0.00671,-0.1538,-0.1228
0.00671,-0.1538,-0.1228
0.00671,-0.1538,-0.1228
0.00671,-0.1538,-0.1228
0.00671,-0.1538,-0.1238
0.00671,-0.1538,-0.1238
0.00671,-0.1538,-0.1238
0.00671,-0.1538,-0.1238
0.00671,-0.1538,-0.1238
0.00671,-0.1538,-0.1238
0.00671,-0.1538,-0.1248
0.00671,-0.1538,-0.1248
0.00681,-0.1538,-0.1248
0.00681,-0.1538,-0.1248
0.00681,-0.1538,-0.1258
0.00681,-0.1538,-0.1258
0.00681,-0.1538,-0.1258
0.00681,-0.1538,-0.1258
0.00681,-0.1538,-0.1258
0.00681,-0.1538,-0.1258
0.00681,-0.1548,-0.1268
0.00681,-0.1548,-0.1268
0.00681,-0.1548,-0.1268
0.00681,-0.1548,-0.1268
0.00681,-0.1548,-0.1268
0.00681,-0.1548,-0.1268
0.00681,-0.1548,-0.1278
0.00681,-0.1548,-0.1278
0.00691,-0.1548,-0.1278
0.00691,-0.1548,-0.1278
0.00691,-0.1548,-0.1288
0.00691,-0.1548,-0.1288
0.00691,-0.1548,-0.1288
0.00691,-0.1548,-0.1288
0.00691,-0.1548,-0.1288
0.00691,-0.1548,-0.1288
0.00691,-0.1548,-0.1298
0.00691,-0.1548,-0.1298
0.00691,-0.1548,-0.1298
0.00691,-0.1548,-0.1298
0.00691,-0.1548,-0.1298
0.00691,-0.1548,-0.1298
0.00691,-0.1548,-0.1308
0.00691,-0.1548,-0.1308
0.00691,-0.1558,-0.1308
0.00691,-0.1558,-0.1308
0.00691,-0.1558,-0.1308
0.00691,-0.1558,-0.1308
0.00691,-0.1558,-0.1318
0.00691,-0.1558,-0.1318
0.00691,-0.1558,-0.1318
0.00691,-0.1558,-0.1318
0.00691,-0.1558,-0.1328
0.00691,-0.1558,-0.1328
0.00691,-0.1558,-0.1328
0.00691,-0.1558,-0.1328
0.00691,-0.1558,-0.1328
0.00691,-0.1558,-0.1328
0.00691,-0.1558,-0.1338
0.00691,-0.1558,-0.1338
0.00691,-0.1558,-0.1338
0.00691,-0.1558,-0.1338
0.00691,-0.1558,-0.1338
0.00691,-0.1558,-0.1338
0.00691,-0.1558,-0.1348
0.00691,-0.1558,-0.1348
0.00691,-0.1558,-0.1348
0.00691,-0.1558,-0.1348
0.00691,-0.1558,-0.1348
0.00691,-0.1558,-0.1348
0.00691,-0.1558,-0.1358
0.00691,-0.1558,-0.1358
0.00691,-0.1558,-0.1358
0.00691,-0.1558,-0.1358
0.00681,-0.1558,-0.1358
0.00681,-0.1558,-0.1358
0.00681,-0.1568,-0.1368
0.00681,-0.1568,-0.1368
0.00681,-0.1568,-0.1368
0.00681,-0.1568,-0.1368
0.00681,-0.1568,-0.1368
0.00681,-0.1568,-0.1368
0.00681,-0.1568,-0.1378
0.00681,-0.1568,-0.1378
0.00681,-0.1568,-0.1378
0.00681,-0.1568,-0.1378
0.00681,-0.1568,-0.1378
0.00681,-0.1568,-0.1378
0.00681,-0.1568,-0.1388
0.00681,-0.1568,-0.1388
0.00671,-0.1568,-0.1388
0.00671,-0.1568,-0.1388
0.00671,-0.1568,-0.1388
0.00671,-0.1568,-0.1388
0.00671,-0.1568,-0.1398
0.00671,-0.1568,-0.1398
0.00671,-0.1568,-0.1398
0.00671,-0.1568,-0.1398
0.00671,-0.1568,-0.1398
0.00671,-0.1568,-0.1398
0.00671,-0.1568,-0.1408
0.00671,-0.1568,-0.1408
0.00661,-0.1568,-0.1408
0.00661,-0.1568,-0.1408
0.00661,-0.1568,-0.1408
0.00661,-0.1568,-0.1408
0.00661,-0.1568,-0.1418
0.00661,-0.1568,-0.1418
0.00661,-0.1568,-0.1418
0.00661,-0.1568,-0.1418
0.00661,-0.1568,-0.1418
0.00661,-0.1568,-0.1418
0.00651,-0.1568,-0.1418
0.00651,-0.1568,-0.1418
0.00651,-0.1568,-0.1428
0.00651,-0.1568,-0.1428
0.00651,-0.1568,-0.1428
0.00651,-0.1568,-0.1428
0.00651,-0.1568,-0.1428
0.00651,-0.1568,-0.1428
0.00641,-0.1568,-0.1438
0.00641,-0.1568,-0.1438
0.00641,-0.1568,-0.1438
0.00641,-0.1568,-0.1438
0.00641,-0.1568,-0.1438
0.00641,-0.1568,-0.1438
0.00631,-0.1568,-0.1448
0.00631,-0.1568,-0.1448
0.00631,-0.1568,-0.1448
0.00631,-0.1568,-0.1448
0.00631,-0.1568,-0.1448
0.00631,-0.1568,-0.1448
0.00631,-0.1568,-0.1458
0.00631,-0.1568,-0.1458
0.00621,-0.1568,-0.1458
0.00621,-0.1568,-0.1458
0.00621,-0.1568,-0.1458
0.00621,-0.1568,-0.1458
0.00621,-0.1568,-0.1458
0.00621,-0.1568,-0.1458
0.00611,-0.1568,-0.1468
0.00611,-0.1568,-0.1468
0.00611,-0.1568,-0.1468
0.00611,-0.1568,-0.1468
0.00601,-0.1568,-0.1468
0.00601,-0.1568,-0.1468
0.00601,-0.1568,-0.1478
0.00601,-0.1568,-0.1478
0.00601,-0.1568,-0.1478
0.00601,-0.1568,-0.1478
0.00591,-0.1568,-0.1478
0.00591,-0.1568,-0.1478
0.00591,-0.1568,-0.1478
0.00591,-0.1568,-0.1478
0.00591,-0.1568,-0.1488
0.00591,-0.1568,-0.1488
0.00581,-0.1568,-0.1488
0.00581,-0.1568,-0.1488
0.00581,-0.1568,-0.1488
0.00581,-0.1568,-0.1488
0.00571,-0.1568,-0.1498
0.00571,-0.1568,-0.1498
0.00571,-0.1568,-0.1498
0.00571,-0.1568,-0.1498
0.00571,-0.1568,-0.1498
0.00571,-0.1568,-0.1498
0.00561,-0.1568,-0.1498
0.00561,-0.1568,-0.1498
0.00561,-0.1568,-0.1508
0.00561,-0.1568,-0.1508
0.00551,-0.1568,-0.1508
0.00551,-0.1568,-0.1508
0.00551,-0.1568,-0.1508
0.00551,-0.1568,-0.1508
0.00541,-0.1568,-0.1508
0.00541,-0.1568,-0.1508
0.00541,-0.1568,-0.1518
0.00541,-0.1568,-0.1518
0.00531,-0.1568,-0.1518
0.00531,-0.1568,-0.1518
0.00531,-0.1568,-0.1518
0.00531,-0.1568,-0.1518
0.00521,-0.1568,-0.1528
0.00521,-0.1568,-0.1528
0.00521,-0.1568,-0.1528
0.00521,-0.1568,-0.1528
0.00511,-0.1568,-0.1528
0.00511,-0.1568,-0.1528
0.00511,-0.1568,-0.1528
0.00511,-0.1568,-0.1528
0.00501,-0.1568,-0.1538
0.00501,-0.1568,-0.1538
0.00501,-0.1568,-0.1538
0.00501,-0.1568,-0.1538
0.00491,-0.1568,-0.1538
0.00491,-0.1568,-0.1538
0.00491,-0.1568,-0.1538
0.00491,-0.1568,-0.1538
0.00481,-0.1568,-0.1548
0.00481,-0.1568,-0.1548
0.00481,-0.1568,-0.1548
0.00481,-0.1568,-0.1548
0.00471,-0.1568,-0.1548
0.00471,-0.1568,-0.1548
0.00471,-0.1568,-0.1548
0.00471,-0.1568,-0.1548
0.00461,-0.1568,-0.1558
0.00461,-0.1568,-0.1558
0.00451,-0.1568,-0.1558
0.00451,-0.1568,-0.1558
0.00451,-0.1568,-0.1558
0.00451,-0.1568,-0.1558
0.00441,-0.1568,-0.1558
0.00441,-0.1568,-0.1558
0.00441,-0.1568,-0.1568
0.00441,-0.1568,-0.1568
0.00431,-0.1558,-0.1568
0.00431,-0.1558,-0.1568
0.00421,-0.1558,-0.1568
0.00421,-0.1558,-0.1568
0.00421,-0.1558,-0.1568
0.00421,-0.1558,-0.1568
0.00411,-0.1558,-0.1578
0.00411,-0.1558,-0.1578
0.00411,-0.1558,-0.1578
0.00411,-0.1558,-0.1578
0.00401,-0.1558,-0.1578
0.00401,-0.1558,-0.1578
0.00391,-0.1558,-0.1578
0.00391,-0.1558,-0.1578
0.00391,-0.1558,-0.1588
0.00391,-0.1558,-0.1588
0.00381,-0.1558,-0.1588
0.00381,-0.1558,-0.1588
0.00371,-0.1558,-0.1588
0.00371,-0.1558,-0.1588
0.00371,-0.1558,-0.1588
0.00371,-0.1558,-0.1588
0.00361,-0.1558,-0.1598
0.00361,-0.1558,-0.1598
0.00351,-0.1558,-0.1598
0.00351,-0.1558,-0.1598
0.00351,-0.1558,-0.1598
0.00351,-0.1558,-0.1598
0.00341,-0.1558,-0.1598
0.00341,-0.1558,-0.1598
0.00331,-0.1558,-0.1598
0.00331,-0.1558,-0.1598
0.00331,-0.1548,-0.1608
0.00331,-0.1548,-0.1608
0.00321,-0.1548,-0.1608
0.00321,-0.1548,-0.1608
0.00311,-0.1548,-0.1608
0.00311,-0.1548,-0.1608
0.00301,-0.1548,-0.1608
0.00301,-0.1548,-0.1608
0.00301,-0.1548,-0.1618
0.00301,-0.1548,-0.1618
0.00291,-0.1548,-0.1618
0.00291,-0.1548,-0.1618
0.00281,-0.1548,-0.1618
0.00281,-0.1548,-0.1618
0.00271,-0.1548,-0.1618
0.00271,-0.1548,-0.1618
0.00271,-0.1548,-0.1618
0.00271,-0.1548,-0.1618
0.00261,-0.1548,-0.1628
0.00261,-0.1548,-0.1628
0.00251,-0.1548,-0.1628
0.00251,-0.1548,-0.1628
0.00241,-0.1548,-0.1628
0.00241,-0.1548,-0.1628
0.00241,-0.1538,-0.1628
0.00241,-0.1538,-0.1628
0.00231,-0.1538,-0.1638
0.00231,-0.1538,-0.1638
0.00221,-0.1538,-0.1638
0.00221,-0.1538,-0.1638
0.00211,-0.1538,-0.1638
0.00211,-0.1538,-0.1638
0.00201,-0.1538,-0.1638
0.00201,-0.1538,-0.1638
0.00201,-0.1538,-0.1638
0.00201,-0.1538,-0.1638
0.00191,-0.1538,-0.1648
0.00191,-0.1538,-0.1648
0.00181,-0.1538,-0.1648
0.00181,-0.1538,-0.1648
0.00171,-0.1538,-0.1648
0.00171,-0.1538,-0.1648
0.00161,-0.1538,-0.1648
0.00161,-0.1538,-0.1648
0.00151,-0.1538,-0.1648
0.00151,-0.1538,-0.1648
0.00151,-0.1528,-0.1658
0.00151,-0.1528,-0.1658
0.00141,-0.1528,-0.1658
0.00141,-0.1528,-0.1658
0.00131,-0.1528,-0.1658
0.00131,-0.1528,-0.1658
0.00121,-0.1528,-0.1658
0.00121,-0.1528,-0.1658
0.00111,-0.1528,-0.1658
0.00111,-0.1528,-0.1658
0.00101,-0.1528,-0.1668
0.00101,-0.1528,-0.1668
0.00091,-0.1528,-0.1668
0.00091,-0.1528,-0.1668
0.00081,-0.1528,-0.1668
0.00081,-0.1528,-0.1668
0.00081,-0.1528,-0.1668
0.00081,-0.1528,-0.1668
0.00071,-0.1518,-0.1668
0.00071,-0.1518,-0.1668
0.00061,-0.1518,-0.1678
0.00061,-0.1518,-0.1678
0.00051,-0.1518,-0.1678
0.00051,-0.1518,-0.1678
0.00041,-0.1518,-0.1678
0.00041,-0.1518,-0.1678
0.00031,-0.1518,-0.1678
0.00031,-0.1518,-0.1678
0.00021,-0.1518,-0.1678
0.00021,-0.1518,-0.1678
0.00011,-0.1518,-0.1688
0.00011,-0.1518,-0.1688
1e-05,-0.1518,-0.1688
1e-05,-0.1518,-0.1688
-9e-05,-0.1508,-0.1688
-9e-05,-0.1508,-0.1688
-0.00019,-0.1508,-0.1688
-0.00019,-0.1508,-0.1688
-0.00029,-0.1508,-0.1688
-0.00029,-0.1508,-0.1688
-0.00039,-0.1508,-0.1698
-0.00039,-0.1508,-0.1698
-0.00049,-0.1508,-0.1698
-0.00049,-0.1508,-0.1698
-0.00059,-0.1508,-0.1698
-0.00059,-0.1508,-0.1698
-0.00069,-0.1508,-0.1698
-0.00069,-0.1508,-0.1698
-0.00079,-0.1508,-0.1698
-0.00079,-0.1508,-0.1698
-0.00089,-0.1498,-0.1698
-0.00089,-0.1498,-0.1698
-0.00099,-0.1498,-0.1708
-0.00099,-0.1498,-0.1708
-0.00109,-0.1498,-0.1708
-0.00109,-0.1498,-0.1708
-0.00119,-0.1498,-0.1708
-0.00119,-0.1498,-0.1708
-0.00129,-0.1498,-0.1708
-0.00129,-0.1498,-0.1708
-0.00139,-0.1498,-0.1708
-0.00139,-0.1498,-0.1708
-0.00149,-0.1498,-0.1718
-0.00149,-0.1498,-0.1718
-0.00159,-0.1488,-0.1718
-0.00159,-0.1488,-0.1718
-0.00169,-0.1488,-0.1718
-0.00169,-0.1488,-0.1718
-0.00179,-0.1488,-0.1718
-0.00179,-0.1488,-0.1718
-0.00189,-0.1488,-0.1718
-0.00189,-0.1488,-0.1718
-0.00199,-0.1488,-0.1718
-0.00199,-0.1488,-0.1718
-0.00209,-0.1488,-0.1728
-0.00209,-0.1488,-0.1728
-0.00219,-0.1488,-0.1728
-0.00219,-0.1488,-0.1728
-0.00229,-0.1478,-0.1728
-0.00229,-0.1478,-0.1728
-0.00239,-0.1478,-0.1728
-0.00239,-0.1478,-0.1728
-0.00249,-0.1478,-0.1728
-0.00249,-0.1478,-0.1728
-0.00259,-0.1478,-0.1728
-0.00259,-0.1478,-0.1728
-0.00279,-0.1478,-0.1738
-0.00279,-0.1478,-0.1738
-0.00289,-0.1478,-0.1738
-0.00289,-0.1478,-0.1738
-0.00299,-0.1468,-0.1738
-0.00299,-0.1468,-0.1738
-0.00309,-0.1468,-0.1738
-0.00309,-0.1468,-0.1738
-0.00319,-0.1468,-0.1738
-0.00319,-0.1468,-0.1738
-0.00329,-0.1468,-0.1738
-0.00329,-0.1468,-0.1738
-0.00339,-0.1468,-0.1748
-0.00339,-0.1468,-0.1748
-0.00349,-0.1468,-0.1748
-0.00349,-0.1468,-0.1748
-0.00359,-0.1458,-0.1748
-0.00359,-0.1458,-0.1748
-0.00379,-0.1458,-0.1748
-0.00379,-0.1458,-0.1748
-0.00389,-0.1458,-0.1748
-0.00389,-0.1458,-0.1748
-0.00399,-0.1458,-0.1748
-0.00399,-0.1458,-0.1748
-0.00409,-0.1458,-0.1758
-0.00409,-0.1458,-0.1758
-0.00419,-0.1458,-0.1758
-0.00419,-0.1458,-0.1758
-0.00429,-0.1448,-0.1758
-0.00429,-0.1448,-0.1758
-0.00449,-0.1448,-0.1758
-0.00449,-0.1448,-0.1758
-0.00459,-0.1448,-0.1758
-0.00459,-0.1448,-0.1758
-0.00469,-0.1448,-0.1758
-0.00469,-0.1448,-0.1758
-0.00479,-0.1448,-0.1768
-0.00479,-0.1448,-0.1768
-0.00489,-0.1448,-0.1768
-0.00489,-0.1448,-0.1768
-0.00509,-0.1438,-0.1768
-0.00509,-0.1438,-0.1768
-0.00519,-0.1438,-0.1768
-0.00519,-0.1438,-0.1768
-0.00529,-0.1438,-0.1768
-0.00529,-0.1438,-0.1768
-0.00539,-0.1438,-0.1768
-0.00539,-0.1438,-0.1768
-0.00549,-0.1438,-0.1768
-0.00549,-0.1438,-0.1768
-0.00569,-0.1428,-0.1778
-0.00569,-0.1428,-0.1778
-0.00579,-0.1428,-0.1778
-0.00579,-0.1428,-0.1778
-0.00589,-0.1428,-0.1778
-0.00589,-0.1428,-0.1778
-0.00599,-0.1428,-0.1778
-0.00599,-0.1428,-0.1778
-0.00619,-0.1428,-0.1778
-0.00619,-0.1428,-0.1778
-0.00629,-0.1418,-0.1778
-0.00629,-0.1418,-0.1778
-0.00639,-0.1418,-0.1778
-0.00639,-0.1418,-0.1778
-0.00649,-0.1418,-0.1788
-0.00649,-0.1418,-0.1788
-0.00669,-0.1418,-0.1788
-0.00669,-0.1418,-0.1788
-0.00679,-0.1418,-0.1788
-0.00679,-0.1418,-0.1788
-0.00689,-0.1408,-0.1788
-0.00689,-0.1408,-0.1788
-0.00699,-0.1408,-0.1788
-0.00699,-0.1408,-0.1788
-0.00719,-0.1408,-0.1788
-0.00719,-0.1408,-0.1788
-0.00729,-0.1408,-0.1788
-0.00729,-0.1408,-0.1788
-0.00739,-0.1408,-0.1798
-0.00739,-0.1408,-0.1798
-0.00759,-0.1398,-0.1798
-0.00759,-0.1398,-0.1798
-0.00769,-0.1398,-0.1798
-0.00769,-0.1398,-0.1798
-0.00779,-0.1398,-0.1798
-0.00779,-0.1398,-0.1798
-0.00789,-0.1398,-0.1798
-0.00789,-0.1398,-0.1798
-0.00809,-0.1398,-0.1798
-0.00809,-0.1398,-0.1798
-0.00819,-0.1388,-0.1798
-0.00819,-0.1388,-0.1798
-0.00829,-0.1388,-0.1808
-0.00829,-0.1388,-0.1808
-0.00849,-0.1388,-0.1808
-0.00849,-0.1388,-0.1808
-0.00859,-0.1388,-0.1808
-0.00859,-0.1388,-0.1808
-0.00869,-0.1378,-0.1808
-0.00869,-0.1378,-0.1808
-0.00889,-0.1378,-0.1808
-0.00889,-0.1378,-0.1808
-0.00899,-0.1378,-0.1808
-0.00899,-0.1378,-0.1808
-0.00909,-0.1378,-0.1808
-0.00909,-0.1378,-0.1808
-0.00929,-0.1378,-0.1818
-0.00929,-0.1378,-0.1818
-0.00939,-0.1368,-0.1818
-0.00939,-0.1368,-0.1818
-0.00959,-0.1368,-0.1818
-0.00959,-0.1368,-0.1818
-0.00969,-0.1368,-0.1818
-0.00969,-0.1368,-0.1818
-0.00979,-0.1368,-0.1818
-0.00979,-0.1368,-0.1818
-0.00999,-0.1358,-0.1818
-0.00999,-0.1358,-0.1818
-0.01009,-0.1358,-0.1818
-0.01009,-0.1358,-0.1818
-0.01019,-0.1358,-0.1818
-0.01019,-0.1358,-0.1818
-0.01039,-0.1358,-0.1828
-0.01039,-0.1358,-0.1828
-0.01049,-0.1358,-0.1828
-0.01049,-0.1358,-0.1828
-0.01069,-0.1348,-0.1828
-0.01069,-0.1348,-0.1828
-0.01079,-0.1348,-0.1828
-0.01079,-0.1348,-0.1828
-0.01089,-0.1348,-0.1828
-0.01089,-0.1348,-0.1828
-0.01109,-0.1348,-0.1828
-0.01109,-0.1348,-0.1828
-0.01119,-0.1338,-0.1828
-0.01119,-0.1338,-0.1828
-0.01139,-0.1338,-0.1828
-0.01139,-0.1338,-0.1828
-0.01149,-0.1338,-0.1838
-0.01149,-0.1338,-0.1838
-0.01169,-0.1338,-0.1838
-0.01169,-0.1338,-0.1838
-0.01179,-0.1328,-0.1838
-0.01179,-0.1328,-0.1838
-0.01189,-0.1328,-0.1838
-0.01189,-0.1328,-0.1838
-0.01209,-0.1328,-0.1838
-0.01209,-0.1328,-0.1838
-0.01219,-0.1328,-0.1838
-0.01219,-0.1328,-0.1838
-0.01239,-0.1318,-0.1838
-0.01239,-0.1318,-0.1838
-0.01249,-0.1318,-0.1838
-0.01249,-0.1318,-0.1838
-0.01269,-0.1318,-0.1848
-0.01269,-0.1318,-0.1848
-0.01279,-0.1318,-0.1848
-0.01279,-0.1318,-0.1848
-0.01299,-0.1308,-0.1848
-0.01299,-0.1308,-0.1848
-0.01309,-0.1308,-0.1848
-0.01309,-0.1308,-0.1848
-0.01329,-0.1308,-0.1848
-0.01329,-0.1308,-0.1848
-0.01339,-0.1308,-0.1848
-0.01339,-0.1308,-0.1848
-0.01359,-0.1298,-0.1848
-0.01359,-0.1298,-0.1848
-0.01369,-0.1298,-0.1848
-0.01369,-0.1298,-0.1848
-0.01389,-0.1298,-0.1858
-0.01389,-0.1298,-0.1858
-0.01399,-0.1298,-0.1858
-0.01399,-0.1298,-0.1858
-0.01419,-0.1288,-0.1858
-0.01419,-0.1288,-0.1858
-0.01429,-0.1288,-0.1858
-0.01429,-0.1288,-0.1858
-0.01449,-0.1288,-0.1858
-0.01449,-0.1288,-0.1858
-0.01459,-0.1288,-0.1858
-0.01459,-0.1288,-0.1858
-0.01479,-0.1278,-0.1858
-0.01479,-0.1278,-0.1858
-0.01489,-0.1278,-0.1858
-0.01489,-0.1278,-0.1858
-0.01509,-0.1278,-0.1858
-0.01509,-0.1278,-0.1858
-0.01519,-0.1278,-0.1868
-0.01519,-0.1278,-0.1868
-0.01539,-0.1268,-0.1868
-0.01539,-0.1268,-0.1868
-0.01549,-0.1268,-0.1868
-0.01549,-0.1268,-0.1868
-0.01569,-0.1268,-0.1868
-0.01569,-0.1268,-0.1868
-0.01579,-0.1258,-0.1868
-0.01579,-0.1258,-0.1868
-0.01599,-0.1258,-0.1868
-0.01599,-0.1258,-0.1868
-0.01609,-0.1258,-0.1868
-0.01609,-0.1258,-0.1868
-0.01629,-0.1258,-0.1868
-0.01629,-0.1258,-0.1868
-0.01639,-0.1248,-0.1868
-0.01639,-0.1248,-0.1868
-0.01659,-0.1248,-0.1878
-0.01659,-0.1248,-0.1878
-0.01679,-0.1248,-0.1878
-0.01679,-0.1248,-0.1878
-0.01689,-0.1238,-0.1878
-0.01689,-0.1238,-0.1878
-0.01709,-0.1238,-0.1878
-0.01709,-0.1238,-0.1878
-0.01719,-0.1238,-0.1878
-0.01719,-0.1238,-0.1878
-0.01739,-0.1238,-0.1878
-0.01739,-0.1238,-0.1878
-0.01759,-0.1228,-0.1878
-0.01759,-0.1228,-0.1878
-0.01769,-0.1228,-0.1878
-0.01769,-0.1228,-0.1878
-0.01789,-0.1228,-0.1878
-0.01789,-0.1228,-0.1878
-0.01799,-0.1228,-0.1888
-0.01799,-0.1228,-0.1888
-0.01819,-0.1218,-0.1888
-0.01819,-0.1218,-0.1888
-0.01829,-0.1218,-0.1888
-0.01829,-0.1218,-0.1888
-0.01849,-0.1218,-0.1888
-0.01849,-0.1218,-0.1888
-0.01869,-0.1208,-0.1888
-0.01869,-0.1208,-0.1888
-0.01879,-0.1208,-0.1888
-0.01879,-0.1208,-0.1888
-0.01899,-0.1208,-0.1888
-0.01899,-0.1208,-0.1888
-0.01919,-0.1198,-0.1888
-0.01919,-0.1198,-0.1888
-0.01929,-0.1198,-0.1888
-0.01929,-0.1198,-0.1888
-0.01949,-0.1198,-0.1898
-0.01949,-0.1198,-0.1898
-0.01959,-0.1198,-0.1898
-0.01959,-0.1198,-0.1898
-0.01979,-0.1188,-0.1898
-0.01979,-0.1188,-0.1898
-0.01999,-0.1188,-0.1898
-0.01999,-0.1188,-0.1898
-0.02009,-0.1188,-0.1898
-0.02009,-0.1188,-0.1898
-0.02029,-0.1178,-0.1898
-0.02029,-0.1178,-0.1898
-0.02049,-0.1178,-0.1898
-0.02049,-0.1178,-0.1898
-0.02059,-0.1178,-0.1898
-0.02059,-0.1178,-0.1898
-0.02079,-0.1168,-0.1898
-0.02079,-0.1168,-0.1898
-0.02099,-0.1168,-0.1898
-0.02099,-0.1168,-0.1898
-0.02109,-0.1168,-0.1908
-0.02109,-0.1168,-0.1908
-0.02129,-0.1168,-0.1908
-0.02129,-0.1168,-0.1908
-0.02149,-0.1158,-0.1908
-0.02149,-0.1158,-0.1908
-0.02159,-0.1158,-0.1908
-0.02159,-0.1158,-0.1908
-0.02179,-0.1158,-0.1908
-0.02179,-0.1158,-0.1908
-0.02199,-0.1148,-0.1908
-0.02199,-0.1148,-0.1908
-0.02209,-0.1148,-0.1908
-0.02209,-0.1148,-0.1908
-0.02229,-0.1148,-0.1908
-0.02229,-0.1148,-0.1908
-0.02249,-0.1138,-0.1908
-0.02249,-0.1138,-0.1908
-0.02259,-0.1138,-0.1908
-0.02259,-0.1138,-0.1908
-0.02279,-0.1138,-0.1918
-0.02279,-0.1138,-0.1918
-0.02299,-0.1128,-0.1918
-0.02299,-0.1128,-0.1918
-0.02309,-0.1128,-0.1918
-0.02309,-0.1128,-0.1918
-0.02329,-0.1128,-0.1918
-0.02329,-0.1128,-0.1918
-0.02349,-0.1118,-0.1918
-0.02349,-0.1118,-0.1918
-0.02369,-0.1118,-0.1918
-0.02369,-0.1118,-0.1918
-0.02379,-0.1118,-0.1918
-0.02379,-0.1118,-0.1918
-0.02399,-0.1108,-0.1918
-0.02399,-0.1108,-0.1918
-0.02419,-0.1108,-0.1918
-0.02419,-0.1108,-0.1918
-0.02429,-0.1108,-0.1918
-0.02429,-0.1108,-0.1918
-0.02449,-0.1098,-0.1928
-0.02449,-0.1098,-0.1928
-0.02469,-0.1098,-0.1928
-0.02469,-0.1098,-0.1928
-0.02489,-0.1098,-0.1928
-0.02489,-0.1098,-0.1928
-0.02499,-0.1088,-0.1928
-0.02499,-0.1088,-0.1928
-0.02519,-0.1088,-0.1928
-0.02519,-0.1088,-0.1928
-0.02539,-0.1088,-0.1928
-0.02539,-0.1088,-0.1928
-0.02559,-0.1078,-0.1928
-0.02559,-0.1078,-0.1928
-0.02569,-0.1078,-0.1928
-0.02569,-0.1078,-0.1928
-0.02589,-0.1078,-0.1928
-0.02589,-0.1078,-0.1928
-0.02609,-0.1068,-0.1928
-0.02609,-0.1068,-0.1928
-0.02629,-0.1068,-0.1938
-0.02629,-0.1068,-0.1938
-0.02639,-0.1068,-0.1938
-0.02639,-0.1068,-0.1938
-0.02659,-0.1058,-0.1938
-0.02659,-0.1058,-0.1938
-0.02679,-0.1058,-0.1938
-0.02679,-0.1058,-0.1938
-0.02699,-0.1058,-0.1938
-0.02699,-0.1058,-0.1938
-0.02709,-0.1048,-0.1938
-0.02709,-0.1048,-0.1938
-0.02729,-0.1048,-0.1938
-0.02729,-0.1048,-0.1938
-0.02749,-0.1048,-0.1938
-0.02749,-0.1048,-0.1938
-0.02769,-0.1038,-0.1938
-0.02769,-0.1038,-0.1938
-0.02779,-0.1038,-0.1938
-0.02779,-0.1038,-0.1938
-0.02799,-0.1038,-0.1948
-0.02799,-0.1038,-0.1948
-0.02819,-0.1028,-0.1948
-0.02819,-0.1028,-0.1948
-0.02839,-0.1028,-0.1948
-0.02839,-0.1028,-0.1948
-0.02859,-0.1028,-0.1948
-0.02859,-0.1028,-0.1948
-0.02869,-0.1018,-0.1948
-0.02869,-0.1018,-0.1948
-0.02889,-0.1018,-0.1948
-0.02889,-0.1018,-0.1948
-0.02909,-0.1018,-0.1948
-0.02909,-0.1018,-0.1948
-0.02929,-0.1008,-0.1948
-0.02929,-0.1008,-0.1948
-0.02949,-0.1008,-0.1948
-0.02949,-0.1008,-0.1948
-0.02959,-0.1008,-0.1948
-0.02959,-0.1008,-0.1948
-0.02979,-0.0998,-0.1958
-0.02979,-0.0998,-0.1958
-0.02999,-0.0998,-0.1958
-0.02999,-0.0998,-0.1958
-0.03019,-0.0988,-0.1958
-0.03019,-0.0988,-0.1958
-0.03039,-0.0988,-0.1958
-0.03039,-0.0988,-0.1958
-0.03049,-0.0988,-0.1958
-0.03049,-0.0988,-0.1958
-0.03069,-0.0978,-0.1958
-0.03069,-0.0978,-0.1958
-0.03089,-0.0978,-0.1958
-0.03089,-0.0978,-0.1958
-0.03109,-0.0978,-0.1958
-0.03109,-0.0978,-0.1958
-0.03129,-0.0968,-0.1958
-0.03129,-0.0968,-0.1958
-0.03139,-0.0968,-0.1958
-0.03139,-0.0968,-0.1958
-0.03159,-0.0968,-0.1968
-0.03159,-0.0968,-0.1968
-0.03179,-0.0958,-0.1968
-0.03179,-0.0958,-0.1968
-0.03199,-0.0958,-0.1968
-0.03199,-0.0958,-0.1968
-0.03219,-0.0948,-0.1968
-0.03219,-0.0948,-0.1968
-0.03239,-0.0948,-0.1968
-0.03239,-0.0948,-0.1968
-0.03249,-0.0948,-0.1968
-0.03249,-0.0948,-0.1968
-0.03269,-0.0938,-0.1968
-0.03269,-0.0938,-0.1968
-0.03289,-0.0938,-0.1968
-0.03289,-0.0938,-0.1968
-0.03309,-0.0938,-0.1968
-0.03309,-0.0938,-0.1968
-0.03329,-0.0928,-0.1968
-0.03329,-0.0928,-0.1968
-0.03349,-0.0928,-0.1968
-0.03349,-0.0928,-0.1968
-0.03369,-0.0918,-0.1978
-0.03369,-0.0918,-0.1978
-0.03379,-0.0918,-0.1978
-0.03379,-0.0918,-0.1978
-0.03399,-0.0918,-0.1978
-0.03399,-0.0918,-0.1978
-0.03419,-0.0908,-0.1978
-0.03419,-0.0908,-0.1978
-0.03439,-0.0908,-0.1978
-0.03439,-0.0908,-0.1978
-0.03459,-0.0908,-0.1978
-0.03459,-0.0908,-0.1978
-0.03479,-0.0898,-0.1978
-0.03479,-0.0898,-0.1978
-0.03499,-0.0898,-0.1978
-0.03499,-0.0898,-0.1978
-0.03509,-0.0888,-0.1978
-0.03509,-0.0888,-0.1978
-0.03529,-0.0888,-0.1978
-0.03529,-0.0888,-0.1978
-0.03549,-0.0888,-0.1988
-0.03549,-0.0888,-0.1988
-0.03569,-0.0878,-0.1988
-0.03569,-0.0878,-0.1988
-0.03589,-0.0878,-0.1988
-0.03589,-0.0878,-0.1988
-0.03609,-0.0878,-0.1988
-0.03609,-0.0878,-0.1988
-0.03629,-0.0868,-0.1988
-0.03629,-0.0868,-0.1988
-0.03649,-0.0868,-0.1988
-0.03649,-0.0868,-0.1988
-0.03659,-0.0858,-0.1988
-0.03659,-0.0858,-0.1988
-0.03679,-0.0858,-0.1988
-0.03679,-0.0858,-0.1988
-0.03699,-0.0858,-0.1988
-0.03699,-0.0858,-0.1988
-0.03719,-0.0848,-0.1988
-0.03719,-0.0848,-0.1988
-0.03739,-0.0848,-0.1998
-0.03739,-0.0848,-0.1998
-0.03759,-0.0838,-0.1998
-0.03759,-0.0838,-0.1998
-0.03779,-0.0838,-0.1998
-0.03779,-0.0838,-0.1998
-0.03799,-0.0834,-0.1998
-0.03799,-0.0834,-0.1998
-0.03819,-0.083,-0.1998
-0.03819,-0.083,-0.1998
-0.03839,-0.0826,-0.1998
-0.03839,-0.0826,-0.1998
-0.03849,-0.0822,-0.1998
-0.03849,-0.0822,-0.1998
-0.03869,-0.0818,-0.1998
-0.03869,-0.0818,-0.1998
-0.03889,-0.0814,-0.1998
-0.03889,-0.0814,-0.1998
-0.03909,-0.081,-0.2008
-0.03909,-0.081,-0.2008
-0.03929,-0.0806,-0.2008
-0.03929,-0.0806,-0.2008
-0.03949,-0.0802,-0.2008
-0.03949,-0.0802,-0.2008
-0.03969,-0.0798,-0.2008
-0.03969,-0.0798,-0.2008
-0.03989,-0.0794,-0.2008
-0.03989,-0.0794,-0.2008
-0.04009,-0.079,-0.2008
-0.04009,-0.079,-0.2008
-0.04029,-0.0786,-0.2008
-0.04029,-0.0786,-0.2008
-0.04049,-0.0782,-0.2008
-0.04049,-0.0782,-0.2008
-0.04069,-0.0778,-0.2008
-0.04069,-0.0778,-0.2008
-0.04079,-0.0773,-0.2008
-0.04079,-0.0773,-0.2008
-0.04099,-0.0769,-0.2018
-0.04099,-0.0769,-0.2018
-0.04122,-0.0765,-0.2018
-0.04122,-0.0765,-0.2018
-0.04141,-0.0761,-0.2018
-0.04141,-0.0761,-0.2018
-0.0416,-0.0757,-0.2018
-0.0416,-0.0757,-0.2018
-0.0418,-0.0753,-0.2018
-0.0418,-0.0753,-0.2018
-0.04199,-0.0749,-0.2018
-0.04199,-0.0749,-0.2018
-0.04218,-0.0745,-0.2018
-0.04218,-0.0745,-0.2018
-0.04238,-0.074,-0.2018
-0.04238,-0.074,-0.2018
-0.04257,-0.0736,-0.2018
-0.04257,-0.0736,-0.2018
-0.04277,-0.0732,-0.2028
-0.04277,-0.0732,-0.2028
-0.04296,-0.0728,-0.2028
-0.04296,-0.0728,-0.2028
-0.04315,-0.0724,-0.2028
-0.04315,-0.0724,-0.2028
-0.04335,-0.0719,-0.2028
-0.04335,-0.0719,-0.2028
-0.04354,-0.0715,-0.2028
-0.04354,-0.0715,-0.2028
-0.04374,-0.0711,-0.2028
-0.04374,-0.0711,-0.2028
-0.04393,-0.0707,-0.2028
-0.04393,-0.0707,-0.2028
-0.04413,-0.0703,-0.2028
-0.04413,-0.0703,-0.2028
-0.04432,-0.0698,-0.2028
-0.04432,-0.0698,-0.2028
-0.04452,-0.0694,-0.2038
-0.04452,-0.0694,-0.2038
-0.04471,-0.069,-0.2038
-0.04471,-0.069,-0.2038
-0.04491,-0.0686,-0.2038
-0.04491,-0.0686,-0.2038
-0.0451,-0.0681,-0.2038
-0.0451,-0.0681,-0.2038
-0.0453,-0.0677,-0.2038
-0.0453,-0.0677,-0.2038
-0.04549,-0.0673,-0.2038
-0.04549,-0.0673,-0.2038
-0.04569,-0.0668,-0.2038
-0.04569,-0.0668,-0.2038
-0.04588,-0.0664,-0.2038
-0.04588,-0.0664,-0.2038
-0.04608,-0.066,-0.2038
-0.04608,-0.066,-0.2038
-0.04628,-0.0656,-0.2048
-0.04628,-0.0656,-0.2048
-0.04647,-0.0651,-0.2048
-0.04647,-0.0651,-0.2048
-0.04667,-0.0647,-0.2048
-0.04667,-0.0647,-0.2048
-0.04687,-0.0643,-0.2048
-0.04687,-0.0643,-0.2048
-0.04706,-0.0638,-0.2048
-0.04706,-0.0638,-0.2048
-0.04726,-0.0634,-0.2048
-0.04726,-0.0634,-0.2048
-0.04746,-0.0629,-0.2048
-0.04746,-0.0629,-0.2048
-0.04765,-0.0625,-0.2048
-0.04765,-0.0625,-0.2048
-0.04785,-0.0621,-0.2048
-0.04785,-0.0621,-0.2048
-0.04805,-0.0616,-0.2058
-0.04805,-0.0616,-0.2058
-0.04824,-0.0612,-0.2058
-0.04824,-0.0612,-0.2058
-0.04844,-0.0607,-0.2058
-0.04844,-0.0607,-0.2058
-0.04864,-0.0603,-0.2058
-0.04864,-0.0603,-0.2058
-0.04884,-0.0599,-0.2058
-0.04884,-0.0599,-0.2058
-0.04903,-0.0594,-0.2058
-0.04903,-0.0594,-0.2058
-0.04923,-0.059,-0.2058
-0.04923,-0.059,-0.2058
-0.04943,-0.0585,-0.2058
-0.04943,-0.0585,-0.2058
-0.04963,-0.0581,-0.2068
-0.04963,-0.0581,-0.2068
-0.04982,-0.0576,-0.2068
-0.04982,-0.0576,-0.2068
-0.05002,-0.0572,-0.2068
-0.05002,-0.0572,-0.2068
-0.050221,-0.0567,-0.2068
-0.050221,-0.0567,-0.2068
-0.050419,-0.0563,-0.2068
-0.050419,-0.0563,-0.2068
-0.050617,-0.0558,-0.2068
-0.050617,-0.0558,-0.2068
-0.050815,-0.0554,-0.2068
-0.050815,-0.0554,-0.2068
-0.051014,-0.0549,-0.2068
-0.051014,-0.0549,-0.2068
-0.051212,-0.0545,-0.2078
-0.051212,-0.0545,-0.2078
-0.05141,-0.054,-0.2078
-0.05141,-0.054,-0.2078
-0.051609,-0.0536,-0.2078
-0.051609,-0.0536,-0.2078
-0.051808,-0.0531,-0.2078
-0.051808,-0.0531,-0.2078
-0.052006,-0.0527,-0.2078
-0.052006,-0.0527,-0.2078
-0.05221,-0.0522,-0.2078
-0.05221,-0.0522,-0.2078
-0.0524,-0.0518,-0.2078
-0.0524,-0.0518,-0.2078
-0.0526,-0.0513,-0.2078
-0.0526,-0.0513,-0.2078
-0.0528,-0.0509,-0.2088
-0.0528,-0.0509,-0.2088
-0.053,-0.0504,-0.2088
-0.053,-0.0504,-0.2088
-0.0532,-0.0499,-0.2088
-0.0532,-0.0499,-0.2088
-0.0534,-0.0495,-0.2088
-0.0534,-0.0495,-0.2088
-0.0536,-0.049,-0.2088
-0.0536,-0.049,-0.2088
-0.0538,-0.0486,-0.2088
-0.0538,-0.0486,-0.2088
-0.054,-0.0481,-0.2088
-0.054,-0.0481,-0.2088
-0.0542,-0.0476,-0.2088
-0.0542,-0.0476,-0.2088
-0.0544,-0.0472,-0.2098
-0.0544,-0.0472,-0.2098
-0.05459,-0.0467,-0.2098
-0.05459,-0.0467,-0.2098
-0.05479,-0.0462,-0.2098
-0.05479,-0.0462,-0.2098
-0.05499,-0.0458,-0.2098
-0.05499,-0.0458,-0.2098
-0.05519,-0.0453,-0.2098
-0.05519,-0.0453,-0.2098
-0.05539,-0.0448,-0.2098
-0.05539,-0.0448,-0.2098
-0.05559,-0.0444,-0.2098
-0.05559,-0.0444,-0.2098
-0.05579,-0.0439,-0.2108
-0.05579,-0.0439,-0.2108
-0.05599,-0.0434,-0.2108
-0.05599,-0.0434,-0.2108
-0.05619,-0.043,-0.2108
-0.05619,-0.043,-0.2108
-0.05639,-0.0425,-0.2108
-0.05639,-0.0425,-0.2108
-0.05659,-0.042,-0.2108
-0.05659,-0.042,-0.2108
-0.05679,-0.0416,-0.2108
-0.05679,-0.0416,-0.2108
-0.05699,-0.0411,-0.2108
-0.05699,-0.0411,-0.2108
-0.05719,-0.0406,-0.2118
-0.05719,-0.0406,-0.2118
-0.05739,-0.0401,-0.2118
-0.05739,-0.0401,-0.2118
-0.05759,-0.0397,-0.2118
-0.05759,-0.0397,-0.2118
-0.05779,-0.0392,-0.2118
-0.05779,-0.0392,-0.2118
-0.05799,-0.0387,-0.2118
-0.05799,-0.0387,-0.2118
-0.05819,-0.0382,-0.2118
-0.05819,-0.0382,-0.2118
-0.05839,-0.0378,-0.2118
-0.05839,-0.0378,-0.2118
-0.05859,-0.0373,-0.2128
-0.05859,-0.0373,-0.2128
-0.05879,-0.0368,-0.2128
-0.05879,-0.0368,-0.2128
-0.05899,-0.0363,-0.2128
-0.05899,-0.0363,-0.2128
-0.05919,-0.0358,-0.2128
-0.05919,-0.0358,-0.2128
-0.05939,-0.0354,-0.2128
-0.05939,-0.0354,-0.2128
-0.05959,-0.0349,-0.2128
-0.05959,-0.0349,-0.2128
-0.05979,-0.0344,-0.2128
-0.05979,-0.0344,-0.2128
-0.05999,-0.0339,-0.2138
-0.05999,-0.0339,-0.2138
-0.06019,-0.0334,-0.2138
-0.06019,-0.0334,-0.2138
-0.06039,-0.033,-0.2138
-0.06039,-0.033,-0.2138
-0.06059,-0.0325,-0.2138
-0.06059,-0.0325,-0.2138
-0.06079,-0.032,-0.2138
-0.06079,-0.032,-0.2138
-0.06099,-0.0315,-0.2138
-0.06099,-0.0315,-0.2138
-0.06119,-0.031,-0.2138
-0.06119,-0.031,-0.2138
-0.06139,-0.0305,-0.2148
-0.06139,-0.0305,-0.2148
-0.06159,-0.03,-0.2148
-0.06159,-0.03,-0.2148
-0.06179,-0.0295,-0.2148
-0.06179,-0.0295,-0.2148
-0.06199,-0.0291,-0.2148
-0.06199,-0.0291,-0.2148
-0.06219,-0.0286,-0.2148
-0.06219,-0.0286,-0.2148
-0.06239,-0.0281,-0.2148
-0.06239,-0.0281,-0.2148
-0.06259,-0.0276,-0.2158
-0.06259,-0.0276,-0.2158
-0.06279,-0.0271,-0.2158
-0.06279,-0.0271,-0.2158
-0.06299,-0.0266,-0.2158
-0.06299,-0.0266,-0.2158
-0.06319,-0.0261,-0.2158
-0.06319,-0.0261,-0.2158
-0.06339,-0.0256,-0.2158
-0.06339,-0.0256,-0.2158
-0.06359,-0.0251,-0.2158
-0.06359,-0.0251,-0.2158
-0.06379,-0.0246,-0.2168
-0.06379,-0.0246,-0.2168
-0.06399,-0.0241,-0.2168
-0.06399,-0.0241,-0.2168
-0.06419,-0.0236,-0.2168
-0.06419,-0.0236,-0.2168
-0.06439,-0.0231,-0.2168
-0.06439,-0.0231,-0.2168
-0.06459,-0.0226,-0.2168
-0.06459,-0.0226,-0.2168
-0.06479,-0.0221,-0.2168
-0.06479,-0.0221,-0.2168
-0.06499,-0.0216,-0.2178
-0.06499,-0.0216,-0.2178
-0.06519,-0.0211,-0.2178
-0.06519,-0.0211,-0.2178
-0.06539,-0.0206,-0.2178
-0.06539,-0.0206,-0.2178
-0.06559,-0.0201,-0.2178
-0.06559,-0.0201,-0.2178
-0.06579,-0.0196,-0.2178
-0.06579,-0.0196,-0.2178
-0.06599,-0.0191,-0.2178
-0.06599,-0.0191,-0.2178
-0.06619,-0.0186,-0.2188
-0.06619,-0.0186,-0.2188
-0.06639,-0.0181,-0.2188
-0.06639,-0.0181,-0.2188
-0.06659,-0.0176,-0.2188
-0.06659,-0.0176,-0.2188
-0.06679,-0.0171,-0.2188
-0.06679,-0.0171,-0.2188
-0.06699,-0.0166,-0.2188
-0.06699,-0.0166,-0.2188
-0.06719,-0.0161,-0.2188
-0.06719,-0.0161,-0.2188
-0.06739,-0.0156,-0.2198
-0.06739,-0.0156,-0.2198
-0.06759,-0.0151,-0.2198
-0.06759,-0.0151,-0.2198
-0.06779,-0.0146,-0.2198
-0.06779,-0.0146,-0.2198
-0.06799,-0.0141,-0.2198
-0.06799,-0.0141,-0.2198
-0.06819,-0.0136,-0.2198
-0.06819,-0.0136,-0.2198
-0.06839,-0.0131,-0.2208
-0.06839,-0.0131,-0.2208
-0.06859,-0.0126,-0.2208
-0.06859,-0.0126,-0.2208
-0.06879,-0.012,-0.2208
-0.06879,-0.012,-0.2208
-0.06899,-0.0115,-0.2208
-0.06899,-0.0115,-0.2208
-0.06919,-0.011,-0.2208
-0.06919,-0.011,-0.2208
-0.06939,-0.0105,-0.2208
-0.06939,-0.0105,-0.2208
-0.06959,-0.01,-0.2218
-0.06959,-0.01,-0.2218
-0.06979,-0.0095,-0.2218
-0.06979,-0.0095,-0.2218
-0.06999,-0.009,-0.2218
-0.06999,-0.009,-0.2218
-0.07019,-0.0085,-0.2218
-0.07019,-0.0085,-0.2218
-0.07039,-0.0079,-0.2218
-0.07039,-0.0079,-0.2218
-0.07059,-0.0074,-0.2228
-0.07059,-0.0074,-0.2228
-0.07079,-0.0069,-0.2228
-0.07079,-0.0069,-0.2228
-0.07099,-0.0064,-0.2228
-0.07099,-0.0064,-0.2228
-0.07119,-0.0059,-0.2228
-0.07119,-0.0059,-0.2228
-0.07139,-0.0053,-0.2228
-0.07139,-0.0053,-0.2228
-0.07159,-0.0048,-0.2238
-0.07159,-0.0048,-0.2238
-0.07179,-0.0043,-0.2238
-0.07179,-0.0043,-0.2238
-0.07189,-0.0038,-0.2238
-0.07189,-0.0038,-0.2238
-0.07209,-0.0033,-0.2238
-0.07209,-0.0033,-0.2238
-0.07229,-0.0027,-0.2238
-0.07229,-0.0027,-0.2238
-0.07249,-0.0022,-0.2248
-0.07249,-0.0022,-0.2248
-0.07269,-0.0017,-0.2248
-0.07269,-0.0017,-0.2248
-0.07289,-0.0012,-0.2248
-0.07289,-0.0012,-0.2248
-0.07309,-0.0007,-0.2248
-0.07309,-0.0007,-0.2248
-0.07329,-0.0001,-0.2248
-0.07329,-0.0001,-0.2248
-0.07349,0.0004,-0.2258
-0.07349,0.0004,-0.2258
-0.07369,0.0009,-0.2258
-0.07369,0.0009,-0.2258
-0.07389,0.0014,-0.2258
-0.07389,0.0014,-0.2258
-0.07409,0.002,-0.2258
-0.07409,0.002,-0.2258
-0.07429,0.0025,-0.2258
-0.07429,0.0025,-0.2258
-0.07449,0.003,-0.2268
-0.07449,0.003,-0.2268
-0.07469,0.0036,-0.2268
-0.07469,0.0036,-0.2268
-0.07489,0.0041,-0.2268
-0.07489,0.0041,-0.2268
-0.07509,0.0046,-0.2268
-0.07509,0.0046,-0.2268
-0.07529,0.0051,-0.2278
-0.07529,0.0051,-0.2278
-0.07549,0.0057,-0.2278
-0.07549,0.0057,-0.2278
-0.07569,0.0062,-0.2278
-0.07569,0.0062,-0.2278
-0.07589,0.00673,-0.2278
-0.07589,0.00673,-0.2278
-0.07609,0.00726,-0.2278
-0.07609,0.00726,-0.2278
-0.07629,0.00779,-0.2288
-0.07629,0.00779,-0.2288
-0.07649,0.00833,-0.2288
-0.07649,0.00833,-0.2288
-0.07669,0.00886,-0.2288
-0.07669,0.00886,-0.2288
-0.07679,0.00939,-0.2288
-0.07679,0.00939,-0.2288
-0.07699,0.00993,-0.2298
-0.07699,0.00993,-0.2298
-0.07719,0.01046,-0.2298
-0.07719,0.01046,-0.2298
-0.07739,0.011,-0.2298
-0.07739,0.011,-0.2298
-0.07759,0.01153,-0.2298
-0.07759,0.01153,-0.2298
-0.07779,0.01207,-0.2298
-0.07779,0.01207,-0.2298
-0.07799,0.01261,-0.2308
-0.07799,0.01261,-0.2308
-0.07819,0.01315,-0.2308
-0.07819,0.01315,-0.2308
-0.07839,0.01368,-0.2308
-0.07839,0.01368,-0.2308
-0.07859,0.01422,-0.2308
-0.07859,0.01422,-0.2308
-0.07879,0.01476,-0.2318
-0.07879,0.01476,-0.2318
-0.07899,0.015301,-0.2318
-0.07899,0.015301,-0.2318
-0.07919,0.015841,-0.2318
-0.07919,0.015841,-0.2318
-0.07939,0.016382,-0.2318
-0.07939,0.016382,-0.2318
-0.07959,0.016923,-0.2328
-0.07959,0.016923,-0.2328
-0.07979,0.01746,-0.2328
-0.07979,0.01746,-0.2328
-0.07989,0.01801,-0.2328
-0.07989,0.01801,-0.2328
-0.08009,0.01855,-0.2328
-0.08009,0.01855,-0.2328
-0.08029,0.01909,-0.2328
-0.08029,0.01909,-0.2328
-0.08049,0.01964,-0.2338
-0.08049,0.01964,-0.2338
-0.08069,0.02018,-0.2338
-0.08069,0.02018,-0.2338
-0.08089,0.02072,-0.2338
-0.08089,0.02072,-0.2338
-0.08109,0.02127,-0.2338
-0.08109,0.02127,-0.2338
-0.08129,0.02182,-0.2348
-0.08129,0.02182,-0.2348
-0.08149,0.02236,-0.2348
-0.08149,0.02236,-0.2348
-0.08169,0.02291,-0.2348
-0.08169,0.02291,-0.2348
-0.08189,0.02346,-0.2348
-0.08189,0.02346,-0.2348
-0.08199,0.024,-0.2358
-0.08199,0.024,-0.2358
-0.08219,0.02455,-0.2358
-0.08219,0.02455,-0.2358
-0.08239,0.0251,-0.2358
-0.08239,0.0251,-0.2358
-0.08259,0.02565,-0.2358
-0.08259,0.02565,-0.2358
-0.08279,0.0262,-0.2368
-0.08279,0.0262,-0.2368
-0.08299,0.0267,-0.2368
-0.08299,0.0267,-0.2368
-0.08319,0.0273,-0.2368
-0.08319,0.0273,-0.2368
-0.08339,0.0278,-0.2378
-0.08339,0.0278,-0.2378
-0.08359,0.0284,-0.2378
-0.08359,0.0284,-0.2378
-0.08379,0.029,-0.2378
-0.08379,0.029,-0.2378
-0.08389,0.0295,-0.2378
-0.08389,0.0295,-0.2378
-0.08409,0.0301,-0.2388
-0.08409,0.0301,-0.2388
-0.08429,0.0306,-0.2388
-0.08429,0.0306,-0.2388
-0.08449,0.0312,-0.2388
-0.08449,0.0312,-0.2388
-0.08469,0.0317,-0.2388
-0.08469,0.0317,-0.2388
-0.08489,0.0323,-0.2398
-0.08489,0.0323,-0.2398
-0.08509,0.0328,-0.2398
-0.08509,0.0328,-0.2398
-0.08529,0.0334,-0.2398
-0.08529,0.0334,-0.2398
-0.08539,0.0339,-0.2398
-0.08539,0.0339,-0.2398
-0.08559,0.0345,-0.2408
-0.08559,0.0345,-0.2408
-0.08579,0.0351,-0.2408
-0.08579,0.0351,-0.2408
-0.08599,0.0356,-0.2408
-0.08599,0.0356,-0.2408
-0.08619,0.0362,-0.2418
-0.08619,0.0362,-0.2418
-0.08639,0.0367,-0.2418
-0.08639,0.0367,-0.2418
-0.08659,0.0373,-0.2418
-0.08659,0.0373,-0.2418
-0.08669,0.0378,-0.2418
-0.08669,0.0378,-0.2418
-0.08689,0.0384,-0.2428
-0.08689,0.0384,-0.2428
-0.08709,0.039,-0.2428
-0.08709,0.039,-0.2428
-0.08729,0.0395,-0.2428
-0.08729,0.0395,-0.2428
-0.08749,0.0401,-0.2438
-0.08749,0.0401,-0.2438
-0.08769,0.0406,-0.2438
-0.08769,0.0406,-0.2438
-0.08789,0.0412,-0.2438
-0.08789,0.0412,-0.2438
-0.08799,0.0418,-0.2438
-0.08799,0.0418,-0.2438
-0.08819,0.0423,-0.2448
-0.08819,0.0423,-0.2448
-0.08839,0.0429,-0.2448
-0.08839,0.0429,-0.2448
-0.08859,0.0435,-0.2448
-0.08859,0.0435,-0.2448
-0.08879,0.044,-0.2458
-0.08879,0.044,-0.2458
-0.08899,0.0446,-0.2458
-0.08899,0.0446,-0.2458
-0.08909,0.0452,-0.2458
-0.08909,0.0452,-0.2458
-0.08929,0.0457,-0.2468
-0.08929,0.0457,-0.2468
-0.08949,0.0463,-0.2468
-0.08949,0.0463,-0.2468
-0.08969,0.0468,-0.2468
-0.08969,0.0468,-0.2468
-0.08989,0.0474,-0.2468
-0.08989,0.0474,-0.2468
-0.08999,0.048,-0.2478
-0.08999,0.048,-0.2478
-0.09019,0.0486,-0.2478
-0.09019,0.0486,-0.2478
-0.09039,0.0491,-0.2478
-0.09039,0.0491,-0.2478
-0.09059,0.0497,-0.2488
-0.09059,0.0497,-0.2488
-0.09079,0.0503,-0.2488
-0.09079,0.0503,-0.2488
-0.09089,0.0508,-0.2488
-0.09089,0.0508,-0.2488
-0.09109,0.0514,-0.2498
-0.09109,0.0514,-0.2498
-0.09129,0.052,-0.2498
-0.09129,0.052,-0.2498
-0.09149,0.0525,-0.2498
-0.09149,0.0525,-0.2498
-0.09169,0.0531,-0.2508
-0.09169,0.0531,-0.2508
-0.09179,0.0537,-0.2508
-0.09179,0.0537,-0.2508
-0.09199,0.0542,-0.2508
-0.09199,0.0542,-0.2508
0.0931,0.0199,0.17
0.0931,0.0199,0.17
0.0926,0.02,0.17
0.0926,0.02,0.17
0.0922,0.0202,0.17
0.0922,0.0202,0.17
0.0917,0.0203,0.17
0.0917,0.0203,0.17
0.0912,0.0205,0.17
0.0912,0.0205,0.17
0.0907,0.0206,0.17
0.0907,0.0206,0.17
0.0902,0.0208,0.17
0.0902,0.0208,0.17
0.0897,0.0209,0.17
0.0897,0.0209,0.17
0.0893,0.021,0.17
0.0893,0.021,0.17
0.0888,0.0212,0.17
0.0888,0.0212,0.17
0.0883,0.0213,0.17
0.0883,0.0213,0.17
0.0878,0.0214,0.17
0.0878,0.0214,0.17
0.0874,0.0216,0.17
0.0874,0.0216,0.17
0.0869,0.0217,0.17
0.0869,0.0217,0.17
0.0864,0.0218,0.17
0.0864,0.0218,0.17
0.0859,0.022,0.17
0.0859,0.022,0.17
0.0855,0.0221,0.17
0.0855,0.0221,0.17
0.085,0.0222,0.17
0.085,0.0222,0.17
0.0845,0.0223,0.17
0.0845,0.0223,0.17
0.084,0.0224,0.17
0.084,0.0224,0.17
0.0836,0.0226,0.17
0.0836,0.0226,0.17
0.0831,0.0227,0.17
0.0831,0.0227,0.17
0.0826,0.0228,0.17
0.0826,0.0228,0.17
0.0822,0.0229,0.17
0.0822,0.0229,0.17
0.0817,0.023,0.17
0.0817,0.023,0.17
0.0812,0.0231,0.17
0.0812,0.0231,0.17
0.0808,0.0232,0.17
0.0808,0.0232,0.17
0.0803,0.0233,0.17
0.0803,0.0233,0.17
0.0798,0.0234,0.17
0.0798,0.0234,0.17
0.0794,0.0235,0.17
0.0794,0.0235,0.17
0.0789,0.0236,0.17
0.0789,0.0236,0.17
0.0784,0.0237,0.17
0.0784,0.0237,0.17
0.078,0.0238,0.17
0.078,0.0238,0.17
0.0775,0.0239,0.17
0.0775,0.0239,0.17
0.077,0.024,0.17
0.077,0.024,0.17
0.0766,0.0241,0.17
0.0766,0.0241,0.17
0.0761,0.0242,0.17
0.0761,0.0242,0.17
0.0757,0.0243,0.17
0.0757,0.0243,0.17
0.0752,0.0243,0.17
0.0752,0.0243,0.17
0.0747,0.0244,0.17
0.0747,0.0244,0.17
0.0743,0.0245,0.17
0.0743,0.0245,0.17
0.0738,0.0246,0.17
0.0738,0.0246,0.17
0.0734,0.0247,0.17
0.0734,0.0247,0.17
0.0729,0.0247,0.17
0.0729,0.0247,0.17
0.0725,0.0248,0.17
0.0725,0.0248,0.17
0.072,0.0249,0.17
0.072,0.0249,0.17
0.0716,0.025,0.17
0.0716,0.025,0.17
0.0711,0.025,0.17
0.0711,0.025,0.17
0.0706,0.0251,0.17
0.0706,0.0251,0.17
0.0702,0.0252,0.17
0.0702,0.0252,0.17
0.0697,0.0252,0.17
0.0697,0.0252,0.17
0.0693,0.0253,0.17
0.0693,0.0253,0.17
0.0688,0.0253,0.17
0.0688,0.0253,0.17
0.0684,0.0254,0.17
0.0684,0.0254,0.17
0.068,0.0255,0.17
0.068,0.0255,0.17
0.0675,0.0255,0.17
0.0675,0.0255,0.17
0.0671,0.0256,0.17
0.0671,0.0256,0.17
0.0666,0.0256,0.17
0.0666,0.0256,0.17
0.0662,0.0257,0.17
0.0662,0.0257,0.17
0.0657,0.0257,0.17
0.0657,0.0257,0.17
0.0653,0.0258,0.17
0.0653,0.0258,0.17
0.0648,0.0258,0.17
0.0648,0.0258,0.17
0.0644,0.0258,0.17
0.0644,0.0258,0.17
0.064,0.0259,0.17
0.064,0.0259,0.17
0.0635,0.0259,0.17
0.0635,0.0259,0.17
0.0631,0.026,0.17
0.0631,0.026,0.17
0.0626,0.026,0.17
0.0626,0.026,0.17
0.0622,0.026,0.17
0.0622,0.026,0.17
0.0618,0.0261,0.17
0.0618,0.0261,0.17
0.0613,0.0261,0.17
0.0613,0.0261,0.17
0.0609,0.0261,0.17
0.0609,0.0261,0.17
0.0605,0.0262,0.169
0.0605,0.0262,0.169
0.06,0.0262,0.169
0.06,0.0262,0.169
0.0596,0.0262,0.169
0.0596,0.0262,0.169
0.0592,0.0262,0.169
0.0592,0.0262,0.169
0.0587,0.0263,0.169
0.0587,0.0263,0.169
0.0583,0.0263,0.169
0.0583,0.0263,0.169
0.0579,0.0263,0.169
0.0579,0.0263,0.169
0.0574,0.0263,0.169
0.0574,0.0263,0.169
0.057,0.0263,0.169
0.057,0.0263,0.169
0.0566,0.0263,0.169
0.0566,0.0263,0.169
0.0561,0.0264,0.169
0.0561,0.0264,0.169
0.0557,0.0264,0.169
0.0557,0.0264,0.169
0.0553,0.0264,0.169
0.0553,0.0264,0.169
0.0549,0.0264,0.169
0.0549,0.0264,0.169
0.0544,0.0264,0.169
0.0544,0.0264,0.169
0.054,0.0264,0.169
0.054,0.0264,0.169
0.0536,0.0264,0.169
0.0536,0.0264,0.169
0.0532,0.0264,0.169
0.0532,0.0264,0.169
0.0527,0.0264,0.169
0.0527,0.0264,0.169
0.0523,0.0264,0.169
0.0523,0.0264,0.169
0.0519,0.0264,0.169
0.0519,0.0264,0.169
0.0515,0.0264,0.169
0.0515,0.0264,0.169
0.0511,0.0264,0.168
0.0511,0.0264,0.168
0.0506,0.0264,0.168
0.0506,0.0264,0.168
0.0502,0.0264,0.168
0.0502,0.0264,0.168
0.0498,0.0264,0.168
0.0498,0.0264,0.168
0.0494,0.0264,0.168
0.0494,0.0264,0.168
0.049,0.0263,0.168
0.049,0.0263,0.168
0.0486,0.0263,0.168
0.0486,0.0263,0.168
0.0482,0.0263,0.168
0.0482,0.0263,0.168
0.0477,0.0263,0.168
0.0477,0.0263,0.168
0.0473,0.0263,0.168
0.0473,0.0263,0.168
0.0469,0.0263,0.168
0.0469,0.0263,0.168
0.0465,0.0262,0.168
0.0465,0.0262,0.168
0.0461,0.0262,0.168
0.0461,0.0262,0.168
0.0457,0.0262,0.168
0.0457,0.0262,0.168
0.0453,0.0262,0.168
0.0453,0.0262,0.168
0.0449,0.0261,0.167
0.0449,0.0261,0.167
0.0445,0.0261,0.167
0.0445,0.0261,0.167
0.0441,0.0261,0.167
0.0441,0.0261,0.167
0.0436,0.0261,0.167
0.0436,0.0261,0.167
0.0432,0.026,0.167
0.0432,0.026,0.167
0.0428,0.026,0.167
0.0428,0.026,0.167
0.0424,0.026,0.167
0.0424,0.026,0.167
0.042,0.0259,0.167
0.042,0.0259,0.167
0.0416,0.0259,0.167
0.0416,0.0259,0.167
0.0412,0.0258,0.167
0.0412,0.0258,0.167
0.0408,0.0258,0.167
0.0408,0.0258,0.167
0.0404,0.0258,0.167
0.0404,0.0258,0.167
0.04,0.0257,0.167
0.04,0.0257,0.167
0.0396,0.0257,0.167
0.0396,0.0257,0.167
0.0392,0.0256,0.166
0.0392,0.0256,0.166
0.0388,0.0256,0.166
0.0388,0.0256,0.166
0.0384,0.0255,0.166
0.0384,0.0255,0.166
0.0381,0.0255,0.166
0.0381,0.0255,0.166
0.0377,0.0254,0.166
0.0377,0.0254,0.166
0.0373,0.0254,0.166
0.0373,0.0254,0.166
0.0369,0.0253,0.166
0.0369,0.0253,0.166
0.0365,0.0253,0.166
0.0365,0.0253,0.166
0.0361,0.0252,0.166
0.0361,0.0252,0.166
0.0357,0.0251,0.166
0.0357,0.0251,0.166
0.0353,0.0251,0.166
0.0353,0.0251,0.166
0.0349,0.025,0.165
0.0349,0.025,0.165
0.0345,0.025,0.165
0.0345,0.025,0.165
0.0341,0.0249,0.165
0.0341,0.0249,0.165
0.0338,0.0248,0.165
0.0338,0.0248,0.165
0.0334,0.0248,0.165
0.0334,0.0248,0.165
0.033,0.0247,0.165
0.033,0.0247,0.165
0.0326,0.0246,0.165
0.0326,0.0246,0.165
0.0322,0.0246,0.165
0.0322,0.0246,0.165
0.0318,0.0245,0.165
0.0318,0.0245,0.165
0.0315,0.0244,0.165
0.0315,0.0244,0.165
0.0311,0.0243,0.164
0.0311,0.0243,0.164
0.0307,0.0243,0.164
0.0307,0.0243,0.164
0.0303,0.0242,0.164
0.0303,0.0242,0.164
0.0299,0.0241,0.164
0.0299,0.0241,0.164
0.0296,0.024,0.164
0.0296,0.024,0.164
0.0292,0.024,0.164
0.0292,0.024,0.164
0.0288,0.0239,0.164
0.0288,0.0239,0.164
0.0284,0.0238,0.164
0.0284,0.0238,0.164
0.0281,0.0237,0.164
0.0281,0.0237,0.164
0.0277,0.0236,0.164
0.0277,0.0236,0.164
0.0273,0.0235,0.163
0.0273,0.0235,0.163
0.0269,0.0234,0.163
0.0269,0.0234,0.163
0.0266,0.0234,0.163
0.0266,0.0234,0.163
0.0262,0.0233,0.163
0.0262,0.0233,0.163
0.0258,0.0232,0.163
0.0258,0.0232,0.163
0.0255,0.0231,0.163
0.0255,0.0231,0.163
0.0251,0.023,0.163
0.0251,0.023,0.163
0.0247,0.0229,0.163
0.0247,0.0229,0.163
0.0244,0.0228,0.163
0.0244,0.0228,0.163
0.024,0.0227,0.162
0.024,0.0227,0.162
0.0236,0.0226,0.162
0.0236,0.0226,0.162
0.0233,0.0225,0.162
0.0233,0.0225,0.162
0.0229,0.0224,0.162
0.0229,0.0224,0.162
0.0226,0.0223,0.162
0.0226,0.0223,0.162
0.0222,0.0222,0.162
0.0222,0.0222,0.162
0.0218,0.0221,0.162
0.0218,0.0221,0.162
0.0215,0.022,0.162
0.0215,0.022,0.162
0.0211,0.0219,0.161
0.0211,0.0219,0.161
0.0208,0.0218,0.161
0.0208,0.0218,0.161
0.0204,0.0217,0.161
0.0204,0.0217,0.161
0.02,0.0216,0.161
0.02,0.0216,0.161
0.0197,0.0215,0.161
0.0197,0.0215,0.161
0.0193,0.0214,0.161
0.0193,0.0214,0.161
0.019,0.0212,0.161
0.019,0.0212,0.161
0.0186,0.0211,0.161
0.0186,0.0211,0.161
0.0183,0.021,0.16
0.0183,0.021,0.16
0.0179,0.0209,0.16
0.0179,0.0209,0.16
0.0176,0.0208,0.16
0.0176,0.0208,0.16
0.0172,0.0207,0.16
0.0172,0.0207,0.16
0.0169,0.0205,0.16
0.0169,0.0205,0.16
0.0165,0.0204,0.16
0.0165,0.0204,0.16
0.0162,0.0203,0.16
0.0162,0.0203,0.16
0.0158,0.0202,0.16
0.0158,0.0202,0.16
0.0155,0.0201,0.159
0.0155,0.0201,0.159
0.0151,0.0199,0.159
0.0151,0.0199,0.159
0.0148,0.0198,0.159
0.0148,0.0198,0.159
0.0145,0.0197,0.159
0.0145,0.0197,0.159
0.0141,0.0196,0.159
0.0141,0.0196,0.159
0.0138,0.0194,0.159
0.0138,0.0194,0.159
0.0134,0.0193,0.159
0.0134,0.0193,0.159
0.0131,0.0192,0.158
0.0131,0.0192,0.158
0.0127,0.019,0.158
0.0127,0.019,0.158
0.0124,0.0189,0.158
0.0124,0.0189,0.158
0.0121,0.0188,0.158
0.0121,0.0188,0.158
0.0117,0.0187,0.158
0.0117,0.0187,0.158
0.0114,0.0185,0.158
0.0114,0.0185,0.158
0.0111,0.0184,0.158
0.0111,0.0184,0.158
0.0107,0.0182,0.157
0.0107,0.0182,0.157
0.0104,0.0181,0.157
0.0104,0.0181,0.157
0.0101,0.018,0.157
0.0101,0.018,0.157
0.00974,0.0178,0.157
0.00974,0.0178,0.157
0.00941,0.0177,0.157
0.00941,0.0177,0.157
0.00908,0.0175,0.157
0.00908,0.0175,0.157
0.00875,0.0174,0.157
0.00875,0.0174,0.157
0.00842,0.0173,0.156
0.00842,0.0173,0.156
0.00809,0.0171,0.156
0.00809,0.0171,0.156
0.00777,0.017,0.156
0.00777,0.017,0.156
0.00744,0.0168,0.156
0.00744,0.0168,0.156
0.00712,0.0167,0.156
0.00712,0.0167,0.156
0.00679,0.0165,0.156
0.00679,0.0165,0.156
0.00647,0.0164,0.155
0.00647,0.0164,0.155
0.00615,0.0162,0.155
0.00615,0.0162,0.155
0.00583,0.0161,0.155
0.00583,0.0161,0.155
0.00551,0.0159,0.155
0.00551,0.0159,0.155
0.00519,0.0158,0.155
0.00519,0.0158,0.155
0.00487,0.0156,0.155
0.00487,0.0156,0.155
0.00455,0.0155,0.154
0.00455,0.0155,0.154
0.00424,0.0153,0.154
0.00424,0.0153,0.154
0.00392,0.0152,0.154
0.00392,0.0152,0.154
0.00361,0.015,0.154
0.00361,0.015,0.154
0.00329,0.0148,0.154
0.00329,0.0148,0.154
0.00298,0.0147,0.154
0.00298,0.0147,0.154
0.00267,0.0145,0.153
0.00267,0.0145,0.153
0.00236,0.0144,0.153
0.00236,0.0144,0.153
0.00204,0.0142,0.153
0.00204,0.0142,0.153
0.00174,0.014,0.153
0.00174,0.014,0.153
0.00143,0.0139,0.153
0.00143,0.0139,0.153
0.00112,0.0137,0.153
0.00112,0.0137,0.153
0.000811,0.0136,0.152
0.000811,0.0136,0.152
0.000505,0.0134,0.152
0.000505,0.0134,0.152
0.0002,0.0132,0.152
0.0002,0.0132,0.152
-0.000105,0.0131,0.152
-0.000105,0.0131,0.152
-0.000408,0.0129,0.152
-0.000408,0.0129,0.152
-0.000711,0.0127,0.152
-0.000711,0.0127,0.152
-0.00101,0.0126,0.151
-0.00101,0.0126,0.151
-0.00131,0.0124,0.151
-0.00131,0.0124,0.151
-0.00161,0.0122,0.151
-0.00161,0.0122,0.151
-0.00191,0.012,0.151
-0.00191,0.012,0.151
-0.00221,0.0119,0.151
-0.00221,0.0119,0.151
-0.00251,0.0117,0.151
-0.00251,0.0117,0.151
-0.00281,0.0115,0.15
-0.00281,0.0115,0.15
-0.0031,0.0114,0.15
-0.0031,0.0114,0.15
-0.0034,0.0112,0.15
-0.0034,0.0112,0.15
-0.00369,0.011,0.15
-0.00369,0.011,0.15
-0.00398,0.0108,0.15
-0.00398,0.0108,0.15
-0.00427,0.0106,0.149
-0.00427,0.0106,0.149
-0.00457,0.0105,0.149
-0.00457,0.0105,0.149
-0.00486,0.0103,0.149
-0.00486,0.0103,0.149
-0.00515,0.0101,0.149
-0.00515,0.0101,0.149
-0.00543,0.00993,0.149
-0.00543,0.00993,0.149
-0.00572,0.00975,0.149
-0.00572,0.00975,0.149
-0.00601,0.00957,0.148
-0.00601,0.00957,0.148
-0.00629,0.00939,0.148
-0.00629,0.00939,0.148
-0.00658,0.00921,0.148
-0.00658,0.00921,0.148
-0.00686,0.00902,0.148
-0.00686,0.00902,0.148
-0.00715,0.00884,0.148
-0.00715,0.00884,0.148
-0.00743,0.00865,0.147
-0.00743,0.00865,0.147
-0.00771,0.00847,0.147
-0.00771,0.00847,0.147
-0.00799,0.00828,0.147
-0.00799,0.00828,0.147
-0.00827,0.0081,0.147
-0.00827,0.0081,0.147
-0.00855,0.00791,0.147
-0.00855,0.00791,0.147
-0.00883,0.00772,0.146
-0.00883,0.00772,0.146
-0.0091,0.00753,0.146
-0.0091,0.00753,0.146
-0.00938,0.00734,0.146
-0.00938,0.00734,0.146
-0.00965,0.00715,0.146
-0.00965,0.00715,0.146
-0.00993,0.00696,0.146
-0.00993,0.00696,0.146
-0.0102,0.00677,0.145
-0.0102,0.00677,0.145
-0.0105,0.00658,0.145
-0.0105,0.00658,0.145
-0.0107,0.00638,0.145
-0.0107,0.00638,0.145
-0.011,0.00619,0.145
-0.011,0.00619,0.145
-0.0113,0.006,0.145
-0.0113,0.006,0.145
-0.0116,0.0058,0.144
-0.0116,0.0058,0.144
-0.0118,0.00561,0.144
-0.0118,0.00561,0.144
-0.0121,0.00541,0.144
-0.0121,0.00541,0.144
-0.0124,0.00522,0.144
-0.0124,0.00522,0.144
-0.0126,0.00502,0.144
-0.0126,0.00502,0.144
-0.0129,0.00482,0.143
-0.0129,0.00482,0.143
-0.0131,0.00462,0.143
-0.0131,0.00462,0.143
-0.0134,0.00443,0.143
-0.0134,0.00443,0.143
-0.0137,0.00423,0.143
-0.0137,0.00423,0.143
-0.0139,0.00403,0.143
-0.0139,0.00403,0.143
-0.0142,0.00383,0.142
-0.0142,0.00383,0.142
-0.0144,0.00363,0.142
-0.0144,0.00363,0.142
-0.0147,0.00342,0.142
-0.0147,0.00342,0.142
-0.015,0.00322,0.142
-0.015,0.00322,0.142
-0.0152,0.00302,0.142
-0.0152,0.00302,0.142
-0.0155,0.00282,0.141
-0.0155,0.00282,0.141
-0.0157,0.00261,0.141
-0.0157,0.00261,0.141
-0.016,0.00241,0.141
-0.016,0.00241,0.141
-0.0162,0.00221,0.141
-0.0162,0.00221,0.141
-0.0165,0.002,0.141
-0.0165,0.002,0.141
-0.0167,0.0018,0.14
-0.0167,0.0018,0.14
-0.017,0.00159,0.14
-0.017,0.00159,0.14
-0.0172,0.00138,0.14
-0.0172,0.00138,0.14
-0.0175,0.00118,0.14
-0.0175,0.00118,0.14
-0.0177,0.000968,0.139
-0.0177,0.000968,0.139
-0.018,0.00076,0.139
-0.018,0.00076,0.139
-0.0182,0.000552,0.139
-0.0182,0.000552,0.139
-0.0185,0.000343,0.139
-0.0185,0.000343,0.139
-0.0187,0.000134,0.139
-0.0187,0.000134,0.139
-0.0189,-7.6e-05,0.138
-0.0189,-7.6e-05,0.138
-0.0192,-0.000286,0.138
-0.0192,-0.000286,0.138
-0.0194,-0.000497,0.138
-0.0194,-0.000497,0.138
-0.0197,-0.000708,0.138
-0.0197,-0.000708,0.138
-0.0199,-0.00092,0.137
-0.0199,-0.00092,0.137
-0.0201,-0.00113,0.137
-0.0201,-0.00113,0.137
-0.0204,-0.00134,0.137
-0.0204,-0.00134,0.137
-0.0206,-0.00156,0.137
-0.0206,-0.00156,0.137
-0.0208,-0.00177,0.137
-0.0208,-0.00177,0.137
-0.0211,-0.00198,0.136
-0.0211,-0.00198,0.136
-0.0213,-0.0022,0.136
-0.0213,-0.0022,0.136
-0.0215,-0.00241,0.136
-0.0215,-0.00241,0.136
-0.0218,-0.00263,0.136
-0.0218,-0.00263,0.136
-0.022,-0.00284,0.135
-0.022,-0.00284,0.135
-0.0222,-0.00306,0.135
-0.0222,-0.00306,0.135
-0.0225,-0.00327,0.135
-0.0225,-0.00327,0.135
-0.0227,-0.00349,0.135
-0.0227,-0.00349,0.135
-0.0229,-0.00371,0.135
-0.0229,-0.00371,0.135
-0.0231,-0.00393,0.134
-0.0231,-0.00393,0.134
-0.0234,-0.00414,0.134
-0.0234,-0.00414,0.134
-0.0236,-0.00436,0.134
-0.0236,-0.00436,0.134
-0.0238,-0.00458,0.134
-0.0238,-0.00458,0.134
-0.024,-0.0048,0.133
-0.024,-0.0048,0.133
-0.0242,-0.00502,0.133
-0.0242,-0.00502,0.133
-0.0245,-0.00524,0.133
-0.0245,-0.00524,0.133
-0.0247,-0.00546,0.133
-0.0247,-0.00546,0.133
-0.0249,-0.00568,0.132
-0.0249,-0.00568,0.132
-0.0251,-0.0059,0.132
-0.0251,-0.0059,0.132
-0.0253,-0.00612,0.132
-0.0253,-0.00612,0.132
-0.0255,-0.00634,0.132
-0.0255,-0.00634,0.132
-0.0258,-0.00656,0.131
-0.0258,-0.00656,0.131
-0.026,-0.00678,0.131
-0.026,-0.00678,0.131
-0.0262,-0.007,0.131
-0.0262,-0.007,0.131
-0.0264,-0.00723,0.131
-0.0264,-0.00723,0.131
-0.0266,-0.00745,0.131
-0.0266,-0.00745,0.131
-0.0268,-0.00767,0.13
-0.0268,-0.00767,0.13
-0.027,-0.00789,0.13
-0.027,-0.00789,0.13
-0.0272,-0.00812,0.13
-0.0272,-0.00812,0.13
-0.0274,-0.00834,0.13
-0.0274,-0.00834,0.13
-0.0276,-0.00857,0.129
-0.0276,-0.00857,0.129
-0.0278,-0.00879,0.129
-0.0278,-0.00879,0.129
-0.028,-0.00901,0.129
-0.028,-0.00901,0.129
-0.0282,-0.00924,0.129
-0.0282,-0.00924,0.129
-0.0284,-0.00946,0.128
-0.0284,-0.00946,0.128
-0.0286,-0.00969,0.128
-0.0286,-0.00969,0.128
-0.0288,-0.00991,0.128
-0.0288,-0.00991,0.128
-0.029,-0.0101,0.128
-0.029,-0.0101,0.128
-0.0292,-0.0104,0.127
-0.0292,-0.0104,0.127
-0.0294,-0.0106,0.127
-0.0294,-0.0106,0.127
-0.0296,-0.0108,0.127
-0.0296,-0.0108,0.127
-0.0298,-0.011,0.127
-0.0298,-0.011,0.127
-0.03,-0.0113,0.126
-0.03,-0.0113,0.126
-0.0302,-0.0115,0.126
-0.0302,-0.0115,0.126
-0.0304,-0.0117,0.126
-0.0304,-0.0117,0.126
-0.0306,-0.012,0.126
-0.0306,-0.012,0.126
-0.0308,-0.0122,0.125
-0.0308,-0.0122,0.125
-0.031,-0.0124,0.125
-0.031,-0.0124,0.125
-0.0311,-0.0126,0.125
-0.0311,-0.0126,0.125
-0.0313,-0.0129,0.125
-0.0313,-0.0129,0.125
-0.0315,-0.0131,0.124
-0.0315,-0.0131,0.124
-0.0317,-0.0133,0.124
-0.0317,-0.0133,0.124
-0.0319,-0.0136,0.124
-0.0319,-0.0136,0.124
-0.0321,-0.0138,0.124
-0.0321,-0.0138,0.124
-0.0322,-0.014,0.123
-0.0322,-0.014,0.123
-0.0324,-0.0142,0.123
-0.0324,-0.0142,0.123
-0.0326,-0.0145,0.123
-0.0326,-0.0145,0.123
-0.0328,-0.0147,0.122
-0.0328,-0.0147,0.122
-0.033,-0.0149,0.122
-0.033,-0.0149,0.122
-0.0331,-0.0152,0.122
-0.0331,-0.0152,0.122
-0.0333,-0.0154,0.122
-0.0333,-0.0154,0.122
-0.0335,-0.0156,0.121
-0.0335,-0.0156,0.121
-0.0336,-0.0158,0.121
-0.0336,-0.0158,0.121
-0.0338,-0.0161,0.121
-0.0338,-0.0161,0.121
-0.034,-0.0163,0.121
-0.034,-0.0163,0.121
-0.0342,-0.0165,0.12
-0.0342,-0.0165,0.12
-0.0343,-0.0168,0.12
-0.0343,-0.0168,0.12
-0.0345,-0.017,0.12
-0.0345,-0.017,0.12
-0.0347,-0.0172,0.12
-0.0347,-0.0172,0.12
-0.0348,-0.0175,0.119
-0.0348,-0.0175,0.119
-0.035,-0.0177,0.119
-0.035,-0.0177,0.119
-0.0352,-0.0179,0.119
-0.0352,-0.0179,0.119
-0.0353,-0.0181,0.118
-0.0353,-0.0181,0.118
-0.0355,-0.0184,0.118
-0.0355,-0.0184,0.118
-0.0356,-0.0186,0.118
-0.0356,-0.0186,0.118
-0.0358,-0.0188,0.118
-0.0358,-0.0188,0.118
-0.036,-0.0191,0.117
-0.036,-0.0191,0.117
-0.0361,-0.0193,0.117
-0.0361,-0.0193,0.117
-0.0363,-0.0195,0.117
-0.0363,-0.0195,0.117
-0.0364,-0.0198,0.117
-0.0364,-0.0198,0.117
-0.0366,-0.02,0.116
-0.0366,-0.02,0.116
-0.0367,-0.0202,0.116
-0.0367,-0.0202,0.116
-0.0369,-0.0205,0.116
-0.0369,-0.0205,0.116
-0.037,-0.0207,0.116
-0.037,-0.0207,0.116
-0.0372,-0.0209,0.115
-0.0372,-0.0209,0.115
-0.0373,-0.0212,0.115
-0.0373,-0.0212,0.115
-0.0375,-0.0214,0.115
-0.0375,-0.0214,0.115
-0.0376,-0.0216,0.114
-0.0376,-0.0216,0.114
-0.0378,-0.0218,0.114
-0.0378,-0.0218,0.114
-0.0379,-0.0221,0.114
-0.0379,-0.0221,0.114
-0.0381,-0.0223,0.114
-0.0381,-0.0223,0.114
-0.0382,-0.0225,0.113
-0.0382,-0.0225,0.113
-0.0384,-0.0228,0.113
-0.0384,-0.0228,0.113
-0.0385,-0.023,0.113
-0.0385,-0.023,0.113
-0.0386,-0.0232,0.112
-0.0386,-0.0232,0.112
-0.0388,-0.0235,0.112
-0.0388,-0.0235,0.112
-0.0389,-0.0237,0.112
-0.0389,-0.0237,0.112
-0.0391,-0.0239,0.112
-0.0391,-0.0239,0.112
-0.0392,-0.0242,0.111
-0.0392,-0.0242,0.111
-0.0393,-0.0244,0.111
-0.0393,-0.0244,0.111
-0.0395,-0.0246,0.111
-0.0395,-0.0246,0.111
-0.0396,-0.0248,0.11
-0.0396,-0.0248,0.11
-0.0397,-0.0251,0.11
-0.0397,-0.0251,0.11
-0.0399,-0.0253,0.11
-0.0399,-0.0253,0.11
-0.04,-0.0255,0.11
-0.04,-0.0255,0.11
-0.0401,-0.0258,0.109
-0.0401,-0.0258,0.109
-0.0402,-0.026,0.109
-0.0402,-0.026,0.109
-0.0404,-0.0262,0.109
-0.0404,-0.0262,0.109
-0.0405,-0.0265,0.108
-0.0405,-0.0265,0.108
-0.0406,-0.0267,0.108
-0.0406,-0.0267,0.108
-0.0407,-0.0269,0.108
-0.0407,-0.0269,0.108
-0.0409,-0.0271,0.108
-0.0409,-0.0271,0.108
-0.041,-0.0274,0.107
-0.041,-0.0274,0.107
-0.0411,-0.0276,0.107
-0.0411,-0.0276,0.107
-0.0412,-0.0278,0.107
-0.0412,-0.0278,0.107
-0.0413,-0.0281,0.106
-0.0413,-0.0281,0.106
-0.0415,-0.0283,0.106
-0.0415,-0.0283,0.106
-0.0416,-0.0285,0.106
-0.0416,-0.0285,0.106
-0.0417,-0.0287,0.106
-0.0417,-0.0287,0.106
-0.0418,-0.029,0.105
-0.0418,-0.029,0.105
-0.0419,-0.0292,0.105
-0.0419,-0.0292,0.105
-0.042,-0.0294,0.105
-0.042,-0.0294,0.105
-0.0421,-0.0297,0.104
-0.0421,-0.0297,0.104
-0.0422,-0.0299,0.104
-0.0422,-0.0299,0.104
-0.0424,-0.0301,0.104
-0.0424,-0.0301,0.104
-0.0425,-0.0303,0.104
-0.0425,-0.0303,0.104
-0.0426,-0.0306,0.103
-0.0426,-0.0306,0.103
-0.0427,-0.0308,0.103
-0.0427,-0.0308,0.103
-0.0428,-0.031,0.103
-0.0428,-0.031,0.103
-0.0429,-0.0313,0.102
-0.0429,-0.0313,0.102
-0.043,-0.0315,0.102
-0.043,-0.0315,0.102
-0.0431,-0.0317,0.102
-0.0431,-0.0317,0.102
-0.0432,-0.0319,0.101
-0.0432,-0.0319,0.101
-0.0433,-0.0322,0.101
-0.0433,-0.0322,0.101
-0.0434,-0.0324,0.101
-0.0434,-0.0324,0.101
-0.0435,-0.0326,0.101
-0.0435,-0.0326,0.101
-0.0436,-0.0328,0.1
-0.0436,-0.0328,0.1
-0.0437,-0.0331,0.0999
-0.0437,-0.0331,0.0999
-0.0438,-0.0333,0.0996
-0.0438,-0.0333,0.0996
-0.0439,-0.0335,0.0993
-0.0439,-0.0335,0.0993
-0.0439,-0.0337,0.099
-0.0439,-0.0337,0.099
-0.044,-0.0339,0.0987
-0.044,-0.0339,0.0987
-0.0441,-0.0342,0.0984
-0.0441,-0.0342,0.0984
-0.0442,-0.0344,0.0981
-0.0442,-0.0344,0.0981
-0.0443,-0.0346,0.0978
-0.0443,-0.0346,0.0978
-0.0444,-0.0348,0.0975
-0.0444,-0.0348,0.0975
-0.0445,-0.0351,0.0972
-0.0445,-0.0351,0.0972
-0.0446,-0.0353,0.0969
-0.0446,-0.0353,0.0969
-0.0446,-0.0355,0.0966
-0.0446,-0.0355,0.0966
-0.0447,-0.0357,0.0963
-0.0447,-0.0357,0.0963
-0.0448,-0.0359,0.0959
-0.0448,-0.0359,0.0959
-0.0449,-0.0362,0.0956
-0.0449,-0.0362,0.0956
-0.045,-0.0364,0.0953
-0.045,-0.0364,0.0953
-0.045,-0.0366,0.095
-0.045,-0.0366,0.095
-0.0451,-0.0368,0.0947
-0.0451,-0.0368,0.0947
-0.0452,-0.037,0.0944
-0.0452,-0.037,0.0944
-0.0453,-0.0373,0.0941
-0.0453,-0.0373,0.0941
-0.0453,-0.0375,0.0938
-0.0453,-0.0375,0.0938
-0.0454,-0.0377,0.0935
-0.0454,-0.0377,0.0935
-0.0455,-0.0379,0.0932
-0.0455,-0.0379,0.0932
-0.0455,-0.0381,0.0928
-0.0455,-0.0381,0.0928
-0.0456,-0.0383,0.0925
-0.0456,-0.0383,0.0925
-0.0457,-0.0386,0.0922
-0.0457,-0.0386,0.0922
-0.0457,-0.0388,0.0919
-0.0457,-0.0388,0.0919
-0.0458,-0.039,0.0916
-0.0458,-0.039,0.0916
-0.0459,-0.0392,0.0913
-0.0459,-0.0392,0.0913
-0.0459,-0.0394,0.091
-0.0459,-0.0394,0.091
-0.046,-0.0396,0.0906
-0.046,-0.0396,0.0906
-0.0461,-0.0399,0.0903
-0.0461,-0.0399,0.0903
-0.0461,-0.0401,0.09
-0.0461,-0.0401,0.09
-0.0462,-0.0403,0.0897
-0.0462,-0.0403,0.0897
-0.0462,-0.0405,0.0894
-0.0462,-0.0405,0.0894
-0.0463,-0.0407,0.0891
-0.0463,-0.0407,0.0891
-0.0464,-0.0409,0.0887
-0.0464,-0.0409,0.0887
-0.0464,-0.0411,0.0884
-0.0464,-0.0411,0.0884
-0.0465,-0.0413,0.0881
-0.0465,-0.0413,0.0881
-0.0465,-0.0416,0.0878
-0.0465,-0.0416,0.0878
-0.0466,-0.0418,0.0875
-0.0466,-0.0418,0.0875
-0.0466,-0.042,0.0871
-0.0466,-0.042,0.0871
-0.0467,-0.0422,0.0868
-0.0467,-0.0422,0.0868
-0.0467,-0.0424,0.0865
-0.0467,-0.0424,0.0865
-0.0468,-0.0426,0.0862
-0.0468,-0.0426,0.0862
-0.0468,-0.0428,0.0859
-0.0468,-0.0428,0.0859
-0.0468,-0.043,0.0855
-0.0468,-0.043,0.0855
-0.0469,-0.0432,0.0852
-0.0469,-0.0432,0.0852
-0.0469,-0.0434,0.0849
-0.0469,-0.0434,0.0849
-0.047,-0.0436,0.0846
-0.047,-0.0436,0.0846
-0.047,-0.0438,0.0842
-0.047,-0.0438,0.0842
-0.0471,-0.044,0.0839
-0.0471,-0.044,0.0839
-0.0471,-0.0442,0.0836
-0.0471,-0.0442,0.0836
-0.0471,-0.0445,0.0833
-0.0471,-0.0445,0.0833
-0.0472,-0.0447,0.0829
-0.0472,-0.0447,0.0829
-0.0472,-0.0449,0.0826
-0.0472,-0.0449,0.0826
-0.0472,-0.0451,0.0823
-0.0472,-0.0451,0.0823
-0.0473,-0.0453,0.082
-0.0473,-0.0453,0.082
-0.0473,-0.0455,0.0816
-0.0473,-0.0455,0.0816
-0.0473,-0.0457,0.0813
-0.0473,-0.0457,0.0813
-0.0473,-0.0459,0.081
-0.0473,-0.0459,0.081
-0.0474,-0.0461,0.0806
-0.0474,-0.0461,0.0806
-0.0474,-0.0463,0.0803
-0.0474,-0.0463,0.0803
-0.0474,-0.0465,0.08
-0.0474,-0.0465,0.08
-0.0475,-0.0467,0.0797
-0.0475,-0.0467,0.0797
-0.0475,-0.0469,0.0793
-0.0475,-0.0469,0.0793
-0.0475,-0.0471,0.079
-0.0475,-0.0471,0.079
-0.0475,-0.0472,0.0787
-0.0475,-0.0472,0.0787
-0.0475,-0.0474,0.0783
-0.0475,-0.0474,0.0783
-0.0476,-0.0476,0.078
-0.0476,-0.0476,0.078
-0.0476,-0.0478,0.0777
-0.0476,-0.0478,0.0777
-0.0476,-0.048,0.0773
-0.0476,-0.048,0.0773
-0.0476,-0.0482,0.077
-0.0476,-0.0482,0.077
-0.0476,-0.0484,0.0767
-0.0476,-0.0484,0.0767
-0.0476,-0.0486,0.0763
-0.0476,-0.0486,0.0763
-0.0476,-0.0488,0.076
-0.0476,-0.0488,0.076
-0.0477,-0.049,0.0757
-0.0477,-0.049,0.0757
-0.0477,-0.0492,0.0753
-0.0477,-0.0492,0.0753
-0.0477,-0.0494,0.075
-0.0477,-0.0494,0.075
-0.0477,-0.0496,0.0747
-0.0477,-0.0496,0.0747
-0.0477,-0.0497,0.0743
-0.0477,-0.0497,0.0743
-0.0477,-0.0499,0.074
-0.0477,-0.0499,0.074
-0.0477,-0.0501,0.0737
-0.0477,-0.0501,0.0737
-0.0477,-0.0503,0.0733
-0.0477,-0.0503,0.0733
-0.0477,-0.0505,0.073
-0.0477,-0.0505,0.073
-0.0477,-0.0507,0.0726
-0.0477,-0.0507,0.0726
-0.0477,-0.0509,0.0723
-0.0477,-0.0509,0.0723
-0.0477,-0.051,0.072
-0.0477,-0.051,0.072
-0.0477,-0.0512,0.0716
-0.0477,-0.0512,0.0716
-0.0477,-0.0514,0.0713
-0.0477,-0.0514,0.0713
-0.0477,-0.0516,0.071
-0.0477,-0.0516,0.071
-0.0477,-0.0518,0.0706
-0.0477,-0.0518,0.0706
-0.0477,-0.0519,0.0703
-0.0477,-0.0519,0.0703
-0.0477,-0.0521,0.0699
-0.0477,-0.0521,0.0699
-0.0476,-0.0523,0.0696
-0.0476,-0.0523,0.0696
-0.0476,-0.0525,0.0693
-0.0476,-0.0525,0.0693
-0.0476,-0.0527,0.0689
-0.0476,-0.0527,0.0689
-0.0476,-0.0528,0.0686
-0.0476,-0.0528,0.0686
-0.0476,-0.053,0.0682
-0.0476,-0.053,0.0682
-0.0476,-0.0532,0.0679
-0.0476,-0.0532,0.0679
-0.0476,-0.0534,0.0675
-0.0476,-0.0534,0.0675
-0.0475,-0.0535,0.0672
-0.0475,-0.0535,0.0672
-0.0475,-0.0537,0.0669
-0.0475,-0.0537,0.0669
-0.0475,-0.0539,0.0665
-0.0475,-0.0539,0.0665
-0.0475,-0.054,0.0662
-0.0475,-0.054,0.0662
-0.0475,-0.0542,0.0658
-0.0475,-0.0542,0.0658
-0.0474,-0.0544,0.0655
-0.0474,-0.0544,0.0655
-0.0474,-0.0546,0.0651
-0.0474,-0.0546,0.0651
-0.0474,-0.0547,0.0648
-0.0474,-0.0547,0.0648
-0.0473,-0.0549,0.0644
-0.0473,-0.0549,0.0644
-0.0473,-0.0551,0.0641
-0.0473,-0.0551,0.0641
-0.0473,-0.0552,0.0637
-0.0473,-0.0552,0.0637
-0.0473,-0.0554,0.0634
-0.0473,-0.0554,0.0634
-0.0472,-0.0555,0.063
-0.0472,-0.0555,0.063
-0.0472,-0.0557,0.0627
-0.0472,-0.0557,0.0627
-0.0472,-0.0559,0.0624
-0.0472,-0.0559,0.0624
-0.0471,-0.056,0.062
-0.0471,-0.056,0.062
-0.0471,-0.0562,0.0617
-0.0471,-0.0562,0.0617
-0.047,-0.0564,0.0613
-0.047,-0.0564,0.0613
-0.047,-0.0565,0.061
-0.047,-0.0565,0.061
-0.047,-0.0567,0.0606
-0.047,-0.0567,0.0606
-0.0469,-0.0568,0.0603
-0.0469,-0.0568,0.0603
-0.0469,-0.057,0.0599
-0.0469,-0.057,0.0599
-0.0468,-0.0571,0.0596
-0.0468,-0.0571,0.0596
-0.0468,-0.0573,0.0592
-0.0468,-0.0573,0.0592
-0.0467,-0.0574,0.0589
-0.0467,-0.0574,0.0589
-0.0467,-0.0576,0.0585
-0.0467,-0.0576,0.0585
-0.0466,-0.0578,0.0581
-0.0466,-0.0578,0.0581
-0.0466,-0.0579,0.0578
-0.0466,-0.0579,0.0578
-0.0465,-0.0581,0.0574
-0.0465,-0.0581,0.0574
-0.0465,-0.0582,0.0571
-0.0465,-0.0582,0.0571
-0.0464,-0.0584,0.0567
-0.0464,-0.0584,0.0567
-0.0464,-0.0585,0.0564
-0.0464,-0.0585,0.0564
-0.0463,-0.0586,0.056
-0.0463,-0.0586,0.056
-0.0463,-0.0588,0.0557
-0.0463,-0.0588,0.0557
-0.0462,-0.0589,0.0553
-0.0462,-0.0589,0.0553
-0.0461,-0.0591,0.055
-0.0461,-0.0591,0.055
-0.0461,-0.0592,0.0546
-0.0461,-0.0592,0.0546
-0.046,-0.0594,0.0543
-0.046,-0.0594,0.0543
-0.046,-0.0595,0.0539
-0.046,-0.0595,0.0539
-0.0459,-0.0596,0.0535
-0.0459,-0.0596,0.0535
-0.0458,-0.0598,0.0532
-0.0458,-0.0598,0.0532
-0.0458,-0.0599,0.0528
-0.0458,-0.0599,0.0528
-0.0457,-0.0601,0.0525
-0.0457,-0.0601,0.0525
-0.0456,-0.0602,0.0521
-0.0456,-0.0602,0.0521
-0.0456,-0.0603,0.0518
-0.0456,-0.0603,0.0518
-0.0455,-0.0605,0.0514
-0.0455,-0.0605,0.0514
-0.0454,-0.0606,0.051
-0.0454,-0.0606,0.051
-0.0453,-0.0607,0.0507
-0.0453,-0.0607,0.0507
-0.0453,-0.0609,0.0503
-0.0453,-0.0609,0.0503
-0.0452,-0.061,0.05
-0.0452,-0.061,0.05
-0.0451,-0.0611,0.0496
-0.0451,-0.0611,0.0496
-0.045,-0.0613,0.0492
-0.045,-0.0613,0.0492
-0.0449,-0.0614,0.0489
-0.0449,-0.0614,0.0489
-0.0449,-0.0615,0.0485
-0.0449,-0.0615,0.0485
-0.0448,-0.0616,0.0482
-0.0448,-0.0616,0.0482
-0.0447,-0.0618,0.0478
-0.0447,-0.0618,0.0478
-0.0446,-0.0619,0.0474
-0.0446,-0.0619,0.0474
-0.0445,-0.062,0.0471
-0.0445,-0.062,0.0471
-0.0444,-0.0621,0.0467
-0.0444,-0.0621,0.0467
-0.0444,-0.0622,0.0464
-0.0444,-0.0622,0.0464
-0.0443,-0.0624,0.046
-0.0443,-0.0624,0.046
-0.0442,-0.0625,0.0456
-0.0442,-0.0625,0.0456
-0.0441,-0.0626,0.0453
-0.0441,-0.0626,0.0453
-0.044,-0.0627,0.0449
-0.044,-0.0627,0.0449
-0.0439,-0.0628,0.0445
-0.0439,-0.0628,0.0445
-0.0438,-0.0629,0.0442
-0.0438,-0.0629,0.0442
-0.0437,-0.0631,0.0438
-0.0437,-0.0631,0.0438
-0.0436,-0.0632,0.0435
-0.0436,-0.0632,0.0435
-0.0435,-0.0633,0.0431
-0.0435,-0.0633,0.0431
-0.0434,-0.0634,0.0427
-0.0434,-0.0634,0.0427
-0.0433,-0.0635,0.0424
-0.0433,-0.0635,0.0424
-0.0432,-0.0636,0.042
-0.0432,-0.0636,0.042
-0.0431,-0.0637,0.0416
-0.0431,-0.0637,0.0416
-0.043,-0.0638,0.0413
-0.043,-0.0638,0.0413
-0.0429,-0.0639,0.0409
-0.0429,-0.0639,0.0409
-0.0428,-0.064,0.0405
-0.0428,-0.064,0.0405
-0.0427,-0.0641,0.0402
-0.0427,-0.0641,0.0402
-0.0425,-0.0642,0.0398
-0.0425,-0.0642,0.0398
-0.0424,-0.0643,0.0394
-0.0424,-0.0643,0.0394
-0.0423,-0.0644,0.0391
-0.0423,-0.0644,0.0391
-0.0422,-0.0645,0.0387
-0.0422,-0.0645,0.0387
-0.0421,-0.0646,0.0383
-0.0421,-0.0646,0.0383
-0.042,-0.0647,0.038
-0.042,-0.0647,0.038
-0.0418,-0.0648,0.0376
-0.0418,-0.0648,0.0376
-0.0417,-0.0649,0.0372
-0.0417,-0.0649,0.0372
-0.0416,-0.065,0.0369
-0.0416,-0.065,0.0369
-0.0415,-0.0651,0.0365
-0.0415,-0.0651,0.0365
-0.0414,-0.0652,0.0361
-0.0414,-0.0652,0.0361
-0.0412,-0.0653,0.0357
-0.0412,-0.0653,0.0357
-0.0411,-0.0653,0.0354
-0.0411,-0.0653,0.0354
-0.041,-0.0654,0.035
-0.041,-0.0654,0.035
-0.0409,-0.0655,0.0346
-0.0409,-0.0655,0.0346
-0.0407,-0.0656,0.0343
-0.0407,-0.0656,0.0343
-0.0406,-0.0657,0.0339
-0.0406,-0.0657,0.0339
-0.0405,-0.0658,0.0335
-0.0405,-0.0658,0.0335
-0.0403,-0.0658,0.0332
-0.0403,-0.0658,0.0332
-0.0402,-0.0659,0.0328
-0.0402,-0.0659,0.0328
-0.0401,-0.066,0.0324
-0.0401,-0.066,0.0324
-0.0399,-0.0661,0.032
-0.0399,-0.0661,0.032
-0.0398,-0.0661,0.0317
-0.0398,-0.0661,0.0317
-0.0396,-0.0662,0.0313
-0.0396,-0.0662,0.0313
-0.0395,-0.0663,0.0309
-0.0395,-0.0663,0.0309
-0.0394,-0.0664,0.0306
-0.0394,-0.0664,0.0306
-0.0392,-0.0664,0.0302
-0.0392,-0.0664,0.0302
-0.0391,-0.0665,0.0298
-0.0391,-0.0665,0.0298
-0.0389,-0.0666,0.0294
-0.0389,-0.0666,0.0294
-0.0388,-0.0666,0.0291
-0.0388,-0.0666,0.0291
-0.0386,-0.0667,0.0287
-0.0386,-0.0667,0.0287
-0.0385,-0.0668,0.0283
-0.0385,-0.0668,0.0283
-0.0383,-0.0668,0.0279
-0.0383,-0.0668,0.0279
-0.0382,-0.0669,0.0276
-0.0382,-0.0669,0.0276
-0.038,-0.0669,0.0272
-0.038,-0.0669,0.0272
-0.0379,-0.067,0.0268
-0.0379,-0.067,0.0268
-0.0377,-0.0671,0.0264
-0.0377,-0.0671,0.0264
-0.0376,-0.0671,0.0261
-0.0376,-0.0671,0.0261
-0.0374,-0.0672,0.0257
-0.0374,-0.0672,0.0257
-0.0372,-0.0672,0.0253
-0.0372,-0.0672,0.0253
-0.0371,-0.0673,0.0249
-0.0371,-0.0673,0.0249
-0.0369,-0.0673,0.0246
-0.0369,-0.0673,0.0246
-0.0367,-0.0674,0.0242
-0.0367,-0.0674,0.0242
-0.0366,-0.0674,0.0238
-0.0366,-0.0674,0.0238
-0.0364,-0.0675,0.0234
-0.0364,-0.0675,0.0234
-0.0362,-0.0675,0.0231
-0.0362,-0.0675,0.0231
-0.0361,-0.0675,0.0227
-0.0361,-0.0675,0.0227
-0.0359,-0.0676,0.0223
-0.0359,-0.0676,0.0223
-0.0357,-0.0676,0.0219
-0.0357,-0.0676,0.0219
-0.0356,-0.0677,0.0215
-0.0356,-0.0677,0.0215
-0.0354,-0.0677,0.0212
-0.0354,-0.0677,0.0212
-0.0352,-0.0677,0.0208
-0.0352,-0.0677,0.0208
-0.035,-0.0678,0.0204
-0.035,-0.0678,0.0204
-0.0349,-0.0678,0.02
-0.0349,-0.0678,0.02
-0.0347,-0.0678,0.0197
-0.0347,-0.0678,0.0197
-0.0345,-0.0679,0.0193
-0.0345,-0.0679,0.0193
-0.0343,-0.0679,0.0189
-0.0343,-0.0679,0.0189
-0.0341,-0.0679,0.0185
-0.0341,-0.0679,0.0185
-0.034,-0.068,0.0181
-0.034,-0.068,0.0181
-0.0338,-0.068,0.0178
-0.0338,-0.068,0.0178
-0.0336,-0.068,0.0174
-0.0336,-0.068,0.0174
-0.0334,-0.068,0.017
-0.0334,-0.068,0.017
-0.0332,-0.0681,0.0166
-0.0332,-0.0681,0.0166
-0.033,-0.0681,0.0162
-0.033,-0.0681,0.0162
-0.0328,-0.0681,0.0159
-0.0328,-0.0681,0.0159
-0.0326,-0.0681,0.0155
-0.0326,-0.0681,0.0155
-0.0324,-0.0681,0.0151
-0.0324,-0.0681,0.0151
-0.0322,-0.0681,0.0147
-0.0322,-0.0681,0.0147
-0.032,-0.0681,0.0143
-0.032,-0.0681,0.0143
-0.0318,-0.0682,0.0139
-0.0318,-0.0682,0.0139
-0.0316,-0.0682,0.0136
-0.0316,-0.0682,0.0136
-0.0314,-0.0682,0.0132
-0.0314,-0.0682,0.0132
-0.0312,-0.0682,0.0128
-0.0312,-0.0682,0.0128
-0.031,-0.0682,0.0124
-0.031,-0.0682,0.0124
-0.0308,-0.0682,0.012
-0.0308,-0.0682,0.012
-0.0306,-0.0682,0.0117
-0.0306,-0.0682,0.0117
-0.0304,-0.0682,0.0113
-0.0304,-0.0682,0.0113
-0.0302,-0.0682,0.0109
-0.0302,-0.0682,0.0109
-0.03,-0.0682,0.0105
-0.03,-0.0682,0.0105
-0.0298,-0.0682,0.0101
-0.0298,-0.0682,0.0101
-0.0296,-0.0682,0.00974
-0.0296,-0.0682,0.00974
-0.0294,-0.0682,0.00936
-0.0294,-0.0682,0.00936
-0.0291,-0.0682,0.00897
-0.0291,-0.0682,0.00897
-0.0289,-0.0682,0.00859
-0.0289,-0.0682,0.00859
-0.0287,-0.0681,0.00821
-0.0287,-0.0681,0.00821
-0.0285,-0.0681,0.00782
-0.0285,-0.0681,0.00782
-0.0283,-0.0681,0.00744
-0.0283,-0.0681,0.00744
-0.028,-0.0681,0.00705
-0.028,-0.0681,0.00705
-0.0278,-0.0681,0.00667
-0.0278,-0.0681,0.00667
-0.0276,-0.0681,0.00629
-0.0276,-0.0681,0.00629
-0.0274,-0.068,0.0059
-0.0274,-0.068,0.0059
-0.0271,-0.068,0.00552
-0.0271,-0.068,0.00552
-0.0269,-0.068,0.00513
-0.0269,-0.068,0.00513
-0.0267,-0.068,0.00475
-0.0267,-0.068,0.00475
-0.0265,-0.0679,0.00436
-0.0265,-0.0679,0.00436
-0.0262,-0.0679,0.00397
-0.0262,-0.0679,0.00397
-0.026,-0.0679,0.00359
-0.026,-0.0679,0.00359
-0.0257,-0.0678,0.0032
-0.0257,-0.0678,0.0032
-0.0255,-0.0678,0.00282
-0.0255,-0.0678,0.00282
-0.0253,-0.0678,0.00243
-0.0253,-0.0678,0.00243
-0.025,-0.0677,0.00205
-0.025,-0.0677,0.00205
-0.0248,-0.0677,0.00166
-0.0248,-0.0677,0.00166
-0.0246,-0.0677,0.00127
-0.0246,-0.0677,0.00127
-0.0243,-0.0676,0.000886
-0.0243,-0.0676,0.000886
-0.0241,-0.0676,0.000499
-0.0241,-0.0676,0.000499
-0.0238,-0.0675,0.000112
-0.0238,-0.0675,0.000112
-0.0236,-0.0675,-0.000275
-0.0236,-0.0675,-0.000275
-0.0233,-0.0674,-0.000662
-0.0233,-0.0674,-0.000662
-0.0231,-0.0674,-0.00105
-0.0231,-0.0674,-0.00105
-0.0228,-0.0673,-0.00144
-0.0228,-0.0673,-0.00144
-0.0226,-0.0673,-0.00182
-0.0226,-0.0673,-0.00182
-0.0223,-0.0672,-0.00221
-0.0223,-0.0672,-0.00221
-0.0221,-0.0672,-0.0026
-0.0221,-0.0672,-0.0026
-0.0218,-0.0671,-0.00299
-0.0218,-0.0671,-0.00299
-0.0215,-0.067,-0.00337
-0.0215,-0.067,-0.00337
-0.0213,-0.067,-0.00376
-0.0213,-0.067,-0.00376
-0.021,-0.0669,-0.00415
-0.021,-0.0669,-0.00415
-0.0208,-0.0669,-0.00454
-0.0208,-0.0669,-0.00454
-0.0205,-0.0668,-0.00493
-0.0205,-0.0668,-0.00493
-0.0202,-0.0667,-0.00532
-0.0202,-0.0667,-0.00532
-0.02,-0.0666,-0.0057
-0.02,-0.0666,-0.0057
-0.0197,-0.0666,-0.00609
-0.0197,-0.0666,-0.00609
-0.0194,-0.0665,-0.00648
-0.0194,-0.0665,-0.00648
-0.0192,-0.0664,-0.00687
-0.0192,-0.0664,-0.00687
-0.0189,-0.0663,-0.00726
-0.0189,-0.0663,-0.00726
-0.0186,-0.0663,-0.00765
-0.0186,-0.0663,-0.00765
-0.0183,-0.0662,-0.00804
-0.0183,-0.0662,-0.00804
-0.0181,-0.0661,-0.00843
-0.0181,-0.0661,-0.00843
-0.0178,-0.066,-0.00882
-0.0178,-0.066,-0.00882
-0.0175,-0.0659,-0.00921
-0.0175,-0.0659,-0.00921
-0.0172,-0.0658,-0.0096
-0.0172,-0.0658,-0.0096
-0.017,-0.0658,-0.00999
-0.017,-0.0658,-0.00999
-0.0167,-0.0657,-0.0104
-0.0167,-0.0657,-0.0104
-0.0164,-0.0656,-0.0108
-0.0164,-0.0656,-0.0108
-0.0161,-0.0655,-0.0112
-0.0161,-0.0655,-0.0112
-0.0158,-0.0654,-0.0115
-0.0158,-0.0654,-0.0115
-0.0155,-0.0653,-0.0119
-0.0155,-0.0653,-0.0119
-0.0152,-0.0652,-0.0123
-0.0152,-0.0652,-0.0123
-0.0149,-0.0651,-0.0127
-0.0149,-0.0651,-0.0127
-0.0147,-0.065,-0.0131
-0.0147,-0.065,-0.0131
-0.0144,-0.0649,-0.0135
-0.0144,-0.0649,-0.0135
-0.0141,-0.0648,-0.0139
-0.0141,-0.0648,-0.0139
-0.0138,-0.0646,-0.0143
-0.0138,-0.0646,-0.0143
-0.0135,-0.0645,-0.0147
-0.0135,-0.0645,-0.0147
-0.0132,-0.0644,-0.0151
-0.0132,-0.0644,-0.0151
-0.0129,-0.0643,-0.0155
-0.0129,-0.0643,-0.0155
-0.0126,-0.0642,-0.0158
-0.0126,-0.0642,-0.0158
-0.0123,-0.0641,-0.0162
-0.0123,-0.0641,-0.0162
-0.012,-0.0639,-0.0166
-0.012,-0.0639,-0.0166
-0.0117,-0.0638,-0.017
-0.0117,-0.0638,-0.017
-0.0114,-0.0637,-0.0174
-0.0114,-0.0637,-0.0174
-0.011,-0.0636,-0.0178
-0.011,-0.0636,-0.0178
-0.0107,-0.0634,-0.0182
-0.0107,-0.0634,-0.0182
-0.0104,-0.0633,-0.0186
-0.0104,-0.0633,-0.0186
-0.0101,-0.0632,-0.019
-0.0101,-0.0632,-0.019
-0.0098,-0.0631,-0.0194
-0.0098,-0.0631,-0.0194
-0.00949,-0.0629,-0.0198
-0.00949,-0.0629,-0.0198
-0.00917,-0.0628,-0.0201
-0.00917,-0.0628,-0.0201
-0.00885,-0.0626,-0.0205
-0.00885,-0.0626,-0.0205
-0.00853,-0.0625,-0.0209
-0.00853,-0.0625,-0.0209
-0.00821,-0.0624,-0.0213
-0.00821,-0.0624,-0.0213
-0.00789,-0.0622,-0.0217
-0.00789,-0.0622,-0.0217
-0.00757,-0.0621,-0.0221
-0.00757,-0.0621,-0.0221
-0.00724,-0.0619,-0.0225
-0.00724,-0.0619,-0.0225
-0.00691,-0.0618,-0.0229
-0.00691,-0.0618,-0.0229
-0.00659,-0.0616,-0.0233
-0.00659,-0.0616,-0.0233
-0.00626,-0.0615,-0.0237
-0.00626,-0.0615,-0.0237
-0.00593,-0.0613,-0.0241
-0.00593,-0.0613,-0.0241
-0.0056,-0.0611,-0.0245
-0.0056,-0.0611,-0.0245
-0.00526,-0.061,-0.0249
-0.00526,-0.061,-0.0249
-0.00493,-0.0608,-0.0252
-0.00493,-0.0608,-0.0252
-0.00459,-0.0606,-0.0256
-0.00459,-0.0606,-0.0256
-0.00425,-0.0605,-0.026
-0.00425,-0.0605,-0.026
-0.00392,-0.0603,-0.0264
-0.00392,-0.0603,-0.0264
-0.00358,-0.0601,-0.0268
-0.00358,-0.0601,-0.0268
-0.00323,-0.06,-0.0272
-0.00323,-0.06,-0.0272
-0.00289,-0.0598,-0.0276
-0.00289,-0.0598,-0.0276
-0.00255,-0.0596,-0.028
-0.00255,-0.0596,-0.028
-0.0022,-0.0594,-0.0284
-0.0022,-0.0594,-0.0284
-0.00185,-0.0593,-0.0288
-0.00185,-0.0593,-0.0288
-0.00151,-0.0591,-0.0292
-0.00151,-0.0591,-0.0292
-0.00116,-0.0589,-0.0296
-0.00116,-0.0589,-0.0296
-0.000804,-0.0587,-0.03
-0.000804,-0.0587,-0.03
-0.000451,-0.0585,-0.0304
-0.000451,-0.0585,-0.0304
-9.71e-05,-0.0583,-0.0307
-9.71e-05,-0.0583,-0.0307
0.000259,-0.0581,-0.0311
0.000259,-0.0581,-0.0311
0.000615,-0.0579,-0.0315
0.000615,-0.0579,-0.0315
0.000974,-0.0577,-0.0319
0.000974,-0.0577,-0.0319
0.00133,-0.0575,-0.0323
0.00133,-0.0575,-0.0323
0.00169,-0.0573,-0.0327
0.00169,-0.0573,-0.0327
0.00206,-0.0571,-0.0331
0.00206,-0.0571,-0.0331
0.00242,-0.0569,-0.0335
0.00242,-0.0569,-0.0335
0.00279,-0.0567,-0.0339
0.00279,-0.0567,-0.0339
0.00315,-0.0565,-0.0343
0.00315,-0.0565,-0.0343
0.00352,-0.0563,-0.0347
0.00352,-0.0563,-0.0347
0.00389,-0.0561,-0.0351
0.00389,-0.0561,-0.0351
0.00426,-0.0559,-0.0355
0.00426,-0.0559,-0.0355
0.00464,-0.0557,-0.0359
0.00464,-0.0557,-0.0359
0.00501,-0.0554,-0.0363
0.00501,-0.0554,-0.0363
0.00538,-0.0552,-0.0366
0.00538,-0.0552,-0.0366
0.00576,-0.055,-0.037
0.00576,-0.055,-0.037
0.00614,-0.0548,-0.0374
0.00614,-0.0548,-0.0374
0.00652,-0.0545,-0.0378
0.00652,-0.0545,-0.0378
0.0069,-0.0543,-0.0382
0.0069,-0.0543,-0.0382
0.00728,-0.0541,-0.0386
0.00728,-0.0541,-0.0386
0.00767,-0.0538,-0.039
0.00767,-0.0538,-0.039
0.00805,-0.0536,-0.0394
0.00805,-0.0536,-0.0394
0.00844,-0.0534,-0.0398
0.00844,-0.0534,-0.0398
0.00883,-0.0531,-0.0402
0.00883,-0.0531,-0.0402
0.00922,-0.0529,-0.0406
0.00922,-0.0529,-0.0406
0.00961,-0.0526,-0.041
0.00961,-0.0526,-0.041
0.01,-0.0524,-0.0414
0.01,-0.0524,-0.0414
0.0104,-0.0521,-0.0418
0.0104,-0.0521,-0.0418
0.0108,-0.0519,-0.0422
0.0108,-0.0519,-0.0422
0.0112,-0.0516,-0.0425
0.0112,-0.0516,-0.0425
0.0116,-0.0514,-0.0429
0.0116,-0.0514,-0.0429
0.012,-0.0511,-0.0433
0.012,-0.0511,-0.0433
0.0124,-0.0509,-0.0437
0.0124,-0.0509,-0.0437
0.0128,-0.0506,-0.0441
0.0128,-0.0506,-0.0441
0.0132,-0.0503,-0.0445
0.0132,-0.0503,-0.0445
0.0136,-0.0501,-0.0449
0.0136,-0.0501,-0.0449
0.014,-0.0498,-0.0453
0.014,-0.0498,-0.0453
0.0144,-0.0495,-0.0457
0.0144,-0.0495,-0.0457
0.0148,-0.0492,-0.0461
0.0148,-0.0492,-0.0461
0.0152,-0.049,-0.0465
0.0152,-0.049,-0.0465
0.0156,-0.0487,-0.0469
0.0156,-0.0487,-0.0469
0.0161,-0.0484,-0.0473
0.0161,-0.0484,-0.0473
0.0165,-0.0481,-0.0477
0.0165,-0.0481,-0.0477
0.0169,-0.0478,-0.0481
0.0169,-0.0478,-0.0481
0.0173,-0.0476,-0.0484
0.0173,-0.0476,-0.0484
0.0177,-0.0473,-0.0488
0.0177,-0.0473,-0.0488
0.0182,-0.047,-0.0492
0.0182,-0.047,-0.0492
0.0186,-0.0467,-0.0496
0.0186,-0.0467,-0.0496
0.019,-0.0464,-0.05
0.019,-0.0464,-0.05
0.0194,-0.0461,-0.0504
0.0194,-0.0461,-0.0504
0.0199,-0.0458,-0.0508
0.0199,-0.0458,-0.0508
0.0203,-0.0455,-0.0512
0.0203,-0.0455,-0.0512
0.0207,-0.0452,-0.0516
0.0207,-0.0452,-0.0516
0.0211,-0.0449,-0.052
0.0211,-0.0449,-0.052
0.0216,-0.0446,-0.0524
0.0216,-0.0446,-0.0524
0.022,-0.0442,-0.0528
0.022,-0.0442,-0.0528
0.0224,-0.0439,-0.0532
0.0224,-0.0439,-0.0532
0.0229,-0.0436,-0.0536
0.0229,-0.0436,-0.0536
0.0233,-0.0433,-0.054
0.0233,-0.0433,-0.054
0.0238,-0.043,-0.0543
0.0238,-0.043,-0.0543
0.0242,-0.0426,-0.0547
0.0242,-0.0426,-0.0547
0.0246,-0.0423,-0.0551
0.0246,-0.0423,-0.0551
0.0251,-0.042,-0.0555
0.0251,-0.042,-0.0555
0.0255,-0.0417,-0.0559
0.0255,-0.0417,-0.0559
0.026,-0.0413,-0.0563
0.026,-0.0413,-0.0563
0.0264,-0.041,-0.0567
0.0264,-0.041,-0.0567
0.0269,-0.0406,-0.0571
0.0269,-0.0406,-0.0571
0.0273,-0.0403,-0.0575
0.0273,-0.0403,-0.0575
0.0278,-0.04,-0.0579
0.0278,-0.04,-0.0579
0.0282,-0.0396,-0.0583
0.0282,-0.0396,-0.0583
0.0287,-0.0393,-0.0587
0.0287,-0.0393,-0.0587
0.0292,-0.0389,-0.0591
0.0292,-0.0389,-0.0591
0.0296,-0.0386,-0.0594
0.0296,-0.0386,-0.0594
0.0301,-0.0382,-0.0598
0.0301,-0.0382,-0.0598
0.0305,-0.0379,-0.0602
0.0305,-0.0379,-0.0602
0.031,-0.0375,-0.0606
0.031,-0.0375,-0.0606
0.0315,-0.0371,-0.061
0.0315,-0.0371,-0.061
0.0319,-0.0368,-0.0614
0.0319,-0.0368,-0.0614
0.0324,-0.0364,-0.0618
0.0324,-0.0364,-0.0618
0.0329,-0.036,-0.0622
0.0329,-0.036,-0.0622
0.0333,-0.0357,-0.0626
0.0333,-0.0357,-0.0626
0.0338,-0.0353,-0.063
0.0338,-0.0353,-0.063
0.0343,-0.0349,-0.0634
0.0343,-0.0349,-0.0634
0.0348,-0.0345,-0.0638
0.0348,-0.0345,-0.0638
0.0352,-0.0341,-0.0641
0.0352,-0.0341,-0.0641
0.0357,-0.0338,-0.0645
0.0357,-0.0338,-0.0645
0.0362,-0.0334,-0.0649
0.0362,-0.0334,-0.0649
0.0367,-0.033,-0.0653
0.0367,-0.033,-0.0653
0.0372,-0.0326,-0.0657
0.0372,-0.0326,-0.0657
0.0376,-0.0322,-0.0661
0.0376,-0.0322,-0.0661
0.0381,-0.0318,-0.0665
0.0381,-0.0318,-0.0665
0.0386,-0.0314,-0.0669
0.0386,-0.0314,-0.0669
0.0391,-0.031,-0.0673
0.0391,-0.031,-0.0673
0.0396,-0.0306,-0.0677
0.0396,-0.0306,-0.0677
0.0401,-0.0302,-0.0681
0.0401,-0.0302,-0.0681
0.0406,-0.0298,-0.0684
0.0406,-0.0298,-0.0684
0.0411,-0.0294,-0.0688
0.0411,-0.0294,-0.0688
0.0416,-0.029,-0.0692
0.0416,-0.029,-0.0692
0.0421,-0.0285,-0.0696
0.0421,-0.0285,-0.0696
0.0426,-0.0281,-0.07
0.0426,-0.0281,-0.07
0.0431,-0.0277,-0.0704
0.0431,-0.0277,-0.0704
0.0436,-0.0273,-0.0708
0.0436,-0.0273,-0.0708
0.0441,-0.0269,-0.0712
0.0441,-0.0269,-0.0712
0.0446,-0.0264,-0.0716
0.0446,-0.0264,-0.0716
0.0451,-0.026,-0.072
0.0451,-0.026,-0.072
0.0456,-0.0256,-0.0723
0.0456,-0.0256,-0.0723
0.0461,-0.0251,-0.0727
0.0461,-0.0251,-0.0727
0.0466,-0.0247,-0.0731
0.0466,-0.0247,-0.0731
0.0471,-0.0242,-0.0735
0.0471,-0.0242,-0.0735
0.0476,-0.0238,-0.0739
0.0476,-0.0238,-0.0739
0.0482,-0.0234,-0.0743
0.0482,-0.0234,-0.0743
0.0487,-0.0229,-0.0747
0.0487,-0.0229,-0.0747
0.0492,-0.0224,-0.0751
0.0492,-0.0224,-0.0751
0.0497,-0.022,-0.0755
0.0497,-0.022,-0.0755
0.0502,-0.0215,-0.0759
0.0502,-0.0215,-0.0759
0.0508,-0.0211,-0.0762
0.0508,-0.0211,-0.0762
0.0513,-0.0206,-0.0766
0.0513,-0.0206,-0.0766
0.0518,-0.0201,-0.077
0.0518,-0.0201,-0.077
0.0523,-0.0197,-0.0774
0.0523,-0.0197,-0.0774
0.0529,-0.0192,-0.0778
0.0529,-0.0192,-0.0778
0.0534,-0.0187,-0.0782
0.0534,-0.0187,-0.0782
0.0539,-0.0183,-0.0786
0.0539,-0.0183,-0.0786
0.0545,-0.0178,-0.079
0.0545,-0.0178,-0.079
0.055,-0.0173,-0.0793
0.055,-0.0173,-0.0793
0.0555,-0.0168,-0.0797
0.0555,-0.0168,-0.0797
0.0561,-0.0163,-0.0801
0.0561,-0.0163,-0.0801
0.0566,-0.0158,-0.0805
0.0566,-0.0158,-0.0805
0.0572,-0.0154,-0.0809
0.0572,-0.0154,-0.0809
0.0577,-0.0149,-0.0813
0.0577,-0.0149,-0.0813
0.0583,-0.0144,-0.0817
0.0583,-0.0144,-0.0817
0.0588,-0.0139,-0.0821
0.0588,-0.0139,-0.0821
0.0593,-0.0134,-0.0824
0.0593,-0.0134,-0.0824
0.0599,-0.0129,-0.0828
0.0599,-0.0129,-0.0828
0.0604,-0.0123,-0.0832
0.0604,-0.0123,-0.0832
0.061,-0.0118,-0.0836
0.061,-0.0118,-0.0836
0.0616,-0.0113,-0.084
0.0616,-0.0113,-0.084
0.0621,-0.0108,-0.0844
0.0621,-0.0108,-0.0844
0.0627,-0.0103,-0.0848
0.0627,-0.0103,-0.0848
0.0632,-0.00977,-0.0851
0.0632,-0.00977,-0.0851
0.0638,-0.00924,-0.0855
0.0638,-0.00924,-0.0855
0.0643,-0.00872,-0.0859
0.0643,-0.00872,-0.0859
0.0649,-0.00819,-0.0863
0.0649,-0.00819,-0.0863
0.0655,-0.00765,-0.0867
0.0655,-0.00765,-0.0867
0.066,-0.00712,-0.0871
0.066,-0.00712,-0.0871
0.0666,-0.00658,-0.0875
0.0666,-0.00658,-0.0875
0.0672,-0.00604,-0.0878
0.0672,-0.00604,-0.0878
0.0677,-0.0055,-0.0882
0.0677,-0.0055,-0.0882
0.0683,-0.00495,-0.0886
0.0683,-0.00495,-0.0886
0.0689,-0.0044,-0.089
0.0689,-0.0044,-0.089
0.0695,-0.00385,-0.0894
0.0695,-0.00385,-0.0894
0.07,-0.0033,-0.0898
0.07,-0.0033,-0.0898
0.0706,-0.00274,-0.0901
0.0706,-0.00274,-0.0901
0.0712,-0.00218,-0.0905
0.0712,-0.00218,-0.0905
0.0718,-0.00162,-0.0909
0.0718,-0.00162,-0.0909
0.0724,-0.00105,-0.0913
0.0724,-0.00105,-0.0913
0.073,-0.000485,-0.0917
0.073,-0.000485,-0.0917
0.0735,8.63e-05,-0.0921
0.0735,8.63e-05,-0.0921
0.0741,0.00066,-0.0924
0.0741,0.00066,-0.0924
0.0747,0.00124,-0.0928
0.0747,0.00124,-0.0928
0.0753,0.00182,-0.0932
0.0753,0.00182,-0.0932
0.0759,0.0024,-0.0936
0.0759,0.0024,-0.0936
0.0765,0.00298,-0.094
0.0765,0.00298,-0.094
0.0771,0.00357,-0.0944
0.0771,0.00357,-0.0944
0.0777,0.00416,-0.0947
0.0777,0.00416,-0.0947
0.0783,0.00476,-0.0951
0.0783,0.00476,-0.0951
0.0789,0.00535,-0.0955
0.0789,0.00535,-0.0955
0.0795,0.00595,-0.0959
0.0795,0.00595,-0.0959
0.0801,0.00655,-0.0963
0.0801,0.00655,-0.0963
0.0807,0.00716,-0.0966
0.0807,0.00716,-0.0966
0.0813,0.00777,-0.097
0.0813,0.00777,-0.097
0.0819,0.00838,-0.0974
0.0819,0.00838,-0.0974
0.0825,0.00899,-0.0978
0.0825,0.00899,-0.0978
0.0831,0.00961,-0.0982
0.0831,0.00961,-0.0982
0.0837,0.0102,-0.0985
0.0837,0.0102,-0.0985
0.0844,0.0108,-0.0989
0.0844,0.0108,-0.0989
0.085,0.0115,-0.0993
0.085,0.0115,-0.0993
0.0856,0.0121,-0.0997
0.0856,0.0121,-0.0997
0.0862,0.0127,-0.1
0.0862,0.0127,-0.1
0.0868,0.0134,-0.1
0.0868,0.0134,-0.1
0.0874,0.014,-0.101
0.0874,0.014,-0.101
0.0881,0.0146,-0.101
0.0881,0.0146,-0.101
0.0887,0.0153,-0.102
0.0887,0.0153,-0.102
0.0893,0.0159,-0.102
0.0893,0.0159,-0.102
0.09,0.0166,-0.102
0.09,0.0166,-0.102
0.0906,0.0172,-0.103
0.0906,0.0172,-0.103
0.0912,0.0179,-0.103
0.0912,0.0179,-0.103
0.0918,0.0185,-0.103
0.0918,0.0185,-0.103
-0.307,0.103,0.221
-0.307,0.103,0.221
-0.306,0.103,0.221
-0.306,0.103,0.221
-0.305,0.103,0.221
-0.305,0.103,0.221
-0.305,0.103,0.221
-0.305,0.103,0.221
-0.304,0.103,0.221
-0.304,0.103,0.221
-0.304,0.103,0.221
-0.304,0.103,0.221
-0.303,0.103,0.221
-0.303,0.103,0.221
-0.302,0.103,0.221
-0.302,0.103,0.221
-0.302,0.103,0.22
-0.302,0.103,0.22
-0.301,0.103,0.22
-0.301,0.103,0.22
-0.3,0.103,0.22
-0.3,0.103,0.22
-0.3,0.103,0.22
-0.3,0.103,0.22
-0.299,0.103,0.22
-0.299,0.103,0.22
-0.299,0.103,0.22
-0.299,0.103,0.22
-0.298,0.103,0.22
-0.298,0.103,0.22
-0.297,0.103,0.22
-0.297,0.103,0.22
-0.297,0.103,0.219
-0.297,0.103,0.219
-0.296,0.103,0.219
-0.296,0.103,0.219
-0.295,0.103,0.219
-0.295,0.103,0.219
-0.295,0.103,0.219
-0.295,0.103,0.219
-0.294,0.103,0.219
-0.294,0.103,0.219
-0.294,0.103,0.219
-0.294,0.103,0.219
-0.293,0.103,0.219
-0.293,0.103,0.219
-0.292,0.103,0.219
-0.292,0.103,0.219
-0.292,0.103,0.218
-0.292,0.103,0.218
-0.291,0.102,0.218
-0.291,0.102,0.218
-0.291,0.102,0.218
-0.291,0.102,0.218
-0.29,0.102,0.218
-0.29,0.102,0.218
-0.289,0.102,0.218
-0.289,0.102,0.218
-0.289,0.102,0.218
-0.289,0.102,0.218
-0.288,0.102,0.218
-0.288,0.102,0.218
-0.288,0.102,0.218
-0.288,0.102,0.218
-0.287,0.102,0.217
-0.287,0.102,0.217
-0.286,0.102,0.217
-0.286,0.102,0.217
-0.286,0.102,0.217
-0.286,0.102,0.217
-0.285,0.102,0.217
-0.285,0.102,0.217
-0.285,0.102,0.217
-0.285,0.102,0.217
-0.284,0.102,0.217
-0.284,0.102,0.217
-0.283,0.102,0.217
-0.283,0.102,0.217
-0.283,0.102,0.217
-0.283,0.102,0.217
-0.282,0.102,0.216
-0.282,0.102,0.216
-0.282,0.102,0.216
-0.282,0.102,0.216
-0.281,0.102,0.216
-0.281,0.102,0.216
-0.281,0.102,0.216
-0.281,0.102,0.216
-0.28,0.101,0.216
-0.28,0.101,0.216
-0.279,0.101,0.216
-0.279,0.101,0.216
-0.279,0.101,0.216
-0.279,0.101,0.216
-0.278,0.101,0.216
-0.278,0.101,0.216
-0.278,0.101,0.215
-0.278,0.101,0.215
-0.277,0.101,0.215
-0.277,0.101,0.215
-0.276,0.101,0.215
-0.276,0.101,0.215
-0.276,0.101,0.215
-0.276,0.101,0.215
-0.275,0.101,0.215
-0.275,0.101,0.215
-0.275,0.101,0.215
-0.275,0.101,0.215
-0.274,0.101,0.215
-0.274,0.101,0.215
-0.274,0.101,0.215
-0.274,0.101,0.215
-0.273,0.101,0.214
-0.273,0.101,0.214
-0.273,0.101,0.214
-0.273,0.101,0.214
-0.272,0.101,0.214
-0.272,0.101,0.214
-0.271,0.1,0.214
-0.271,0.1,0.214
-0.271,0.1,0.214
-0.271,0.1,0.214
-0.27,0.1,0.214
-0.27,0.1,0.214
-0.27,0.1,0.214
-0.27,0.1,0.214
-0.269,0.1,0.214
-0.269,0.1,0.214
-0.269,0.1,0.213
-0.269,0.1,0.213
-0.268,0.1,0.213
-0.268,0.1,0.213
-0.267,0.0999,0.213
-0.267,0.0999,0.213
-0.267,0.0998,0.213
-0.267,0.0998,0.213
-0.266,0.0998,0.213
-0.266,0.0998,0.213
-0.266,0.0997,0.213
-0.266,0.0997,0.213
-0.265,0.0996,0.213
-0.265,0.0996,0.213
-0.265,0.0995,0.213
-0.265,0.0995,0.213
-0.264,0.0994,0.212
-0.264,0.0994,0.212
-0.264,0.0994,0.212
-0.264,0.0994,0.212
-0.263,0.0993,0.212
-0.263,0.0993,0.212
-0.263,0.0992,0.212
-0.263,0.0992,0.212
-0.262,0.0991,0.212
-0.262,0.0991,0.212
-0.261,0.099,0.212
-0.261,0.099,0.212
-0.261,0.0989,0.212
-0.261,0.0989,0.212
-0.26,0.0988,0.212
-0.26,0.0988,0.212
-0.26,0.0988,0.211
-0.26,0.0988,0.211
-0.259,0.0987,0.211
-0.259,0.0987,0.211
-0.259,0.0986,0.211
-0.259,0.0986,0.211
-0.258,0.0985,0.211
-0.258,0.0985,0.211
-0.258,0.0984,0.211
-0.258,0.0984,0.211
-0.257,0.0983,0.211
-0.257,0.0983,0.211
-0.257,0.0982,0.211
-0.257,0.0982,0.211
-0.256,0.0981,0.211
-0.256,0.0981,0.211
-0.256,0.098,0.21
-0.256,0.098,0.21
-0.255,0.0979,0.21
-0.255,0.0979,0.21
-0.255,0.0978,0.21
-0.255,0.0978,0.21
-0.254,0.0977,0.21
-0.254,0.0977,0.21
-0.253,0.0976,0.21
-0.253,0.0976,0.21
-0.253,0.0975,0.21
-0.253,0.0975,0.21
-0.252,0.0974,0.21
-0.252,0.0974,0.21
-0.252,0.0973,0.21
-0.252,0.0973,0.21
-0.251,0.0972,0.209
-0.251,0.0972,0.209
-0.251,0.0971,0.209
-0.251,0.0971,0.209
-0.25,0.097,0.209
-0.25,0.097,0.209
-0.25,0.0969,0.209
-0.25,0.0969,0.209
-0.249,0.0968,0.209
-0.249,0.0968,0.209
-0.249,0.0967,0.209
-0.249,0.0967,0.209
-0.248,0.0966,0.209
-0.248,0.0966,0.209
-0.248,0.0965,0.209
-0.248,0.0965,0.209
-0.247,0.0964,0.208
-0.247,0.0964,0.208
-0.247,0.0963,0.208
-0.247,0.0963,0.208
-0.246,0.0962,0.208
-0.246,0.0962,0.208
-0.246,0.0961,0.208
-0.246,0.0961,0.208
-0.245,0.096,0.208
-0.245,0.096,0.208
-0.245,0.0959,0.208
-0.245,0.0959,0.208
-0.244,0.0958,0.208
-0.244,0.0958,0.208
-0.244,0.0957,0.208
-0.244,0.0957,0.208
-0.243,0.0956,0.207
-0.243,0.0956,0.207
-0.243,0.0955,0.207
-0.243,0.0955,0.207
-0.242,0.0953,0.207
-0.242,0.0953,0.207
-0.242,0.0952,0.207
-0.242,0.0952,0.207
-0.241,0.0951,0.207
-0.241,0.0951,0.207
-0.241,0.095,0.207
-0.241,0.095,0.207
-0.24,0.0949,0.207
-0.24,0.0949,0.207
-0.24,0.0948,0.207
-0.24,0.0948,0.207
-0.239,0.0947,0.206
-0.239,0.0947,0.206
-0.239,0.0946,0.206
-0.239,0.0946,0.206
-0.238,0.0944,0.206
-0.238,0.0944,0.206
-0.238,0.0943,0.206
-0.238,0.0943,0.206
-0.237,0.0942,0.206
-0.237,0.0942,0.206
-0.237,0.0941,0.206
-0.237,0.0941,0.206
-0.236,0.094,0.206
-0.236,0.094,0.206
-0.236,0.0938,0.206
-0.236,0.0938,0.206
-0.235,0.0937,0.205
-0.235,0.0937,0.205
-0.235,0.0936,0.205
-0.235,0.0936,0.205
-0.234,0.0935,0.205
-0.234,0.0935,0.205
-0.234,0.0934,0.205
-0.234,0.0934,0.205
-0.233,0.0932,0.205
-0.233,0.0932,0.205
-0.233,0.0931,0.205
-0.233,0.0931,0.205
-0.232,0.093,0.205
-0.232,0.093,0.205
-0.232,0.0929,0.205
-0.232,0.0929,0.205
-0.232,0.0927,0.204
-0.232,0.0927,0.204
-0.231,0.0926,0.204
-0.231,0.0926,0.204
-0.231,0.0925,0.204
-0.231,0.0925,0.204
-0.23,0.0924,0.204
-0.23,0.0924,0.204
-0.23,0.0922,0.204
-0.23,0.0922,0.204
-0.229,0.0921,0.204
-0.229,0.0921,0.204
-0.229,0.092,0.204
-0.229,0.092,0.204
-0.228,0.0919,0.204
-0.228,0.0919,0.204
-0.228,0.0917,0.203
-0.228,0.0917,0.203
-0.227,0.0916,0.203
-0.227,0.0916,0.203
-0.227,0.0915,0.203
-0.227,0.0915,0.203
-0.226,0.0913,0.203
-0.226,0.0913,0.203
-0.226,0.0912,0.203
-0.226,0.0912,0.203
-0.225,0.0911,0.203
-0.225,0.0911,0.203
-0.225,0.091,0.203
-0.225,0.091,0.203
-0.224,0.0908,0.203
-0.224,0.0908,0.203
-0.224,0.0907,0.202
-0.224,0.0907,0.202
-0.224,0.0906,0.202
-0.224,0.0906,0.202
-0.223,0.0904,0.202
-0.223,0.0904,0.202
-0.223,0.0903,0.202
-0.223,0.0903,0.202
-0.222,0.0901,0.202
-0.222,0.0901,0.202
-0.222,0.09,0.202
-0.222,0.09,0.202
-0.221,0.0899,0.202
-0.221,0.0899,0.202
-0.221,0.0897,0.202
-0.221,0.0897,0.202
-0.22,0.0896,0.201
-0.22,0.0896,0.201
-0.22,0.0895,0.201
-0.22,0.0895,0.201
-0.219,0.0893,0.201
-0.219,0.0893,0.201
-0.219,0.0892,0.201
-0.219,0.0892,0.201
-0.218,0.089,0.201
-0.218,0.089,0.201
-0.218,0.0889,0.201
-0.218,0.0889,0.201
-0.218,0.0888,0.201
-0.218,0.0888,0.201
-0.217,0.0886,0.201
-0.217,0.0886,0.201
-0.217,0.0885,0.2
-0.217,0.0885,0.2
-0.216,0.0883,0.2
-0.216,0.0883,0.2
-0.216,0.0882,0.2
-0.216,0.0882,0.2
-0.215,0.0881,0.2
-0.215,0.0881,0.2
-0.215,0.0879,0.2
-0.215,0.0879,0.2
-0.214,0.0878,0.2
-0.214,0.0878,0.2
-0.214,0.0876,0.2
-0.214,0.0876,0.2
-0.214,0.0875,0.2
-0.214,0.0875,0.2
-0.213,0.0873,0.199
-0.213,0.0873,0.199
-0.213,0.0872,0.199
-0.213,0.0872,0.199
-0.212,0.087,0.199
-0.212,0.087,0.199
-0.212,0.0869,0.199
-0.212,0.0869,0.199
-0.211,0.0868,0.199
-0.211,0.0868,0.199
-0.211,0.0866,0.199
-0.211,0.0866,0.199
-0.21,0.0865,0.199
-0.21,0.0865,0.199
-0.21,0.0863,0.199
-0.21,0.0863,0.199
-0.21,0.0862,0.198
-0.21,0.0862,0.198
-0.209,0.086,0.198
-0.209,0.086,0.198
-0.209,0.0859,0.198
-0.209,0.0859,0.198
-0.208,0.0857,0.198
-0.208,0.0857,0.198
-0.208,0.0856,0.198
-0.208,0.0856,0.198
-0.207,0.0854,0.198
-0.207,0.0854,0.198
-0.207,0.0853,0.198
-0.207,0.0853,0.198
-0.207,0.0851,0.198
-0.207,0.0851,0.198
-0.206,0.085,0.197
-0.206,0.085,0.197
-0.206,0.0848,0.197
-0.206,0.0848,0.197
-0.205,0.0847,0.197
-0.205,0.0847,0.197
-0.205,0.0845,0.197
-0.205,0.0845,0.197
-0.204,0.0843,0.197
-0.204,0.0843,0.197
-0.204,0.0842,0.197
-0.204,0.0842,0.197
-0.204,0.084,0.197
-0.204,0.084,0.197
-0.203,0.0839,0.197
-0.203,0.0839,0.197
-0.203,0.0837,0.196
-0.203,0.0837,0.196
-0.202,0.0836,0.196
-0.202,0.0836,0.196
-0.202,0.0834,0.196
-0.202,0.0834,0.196
-0.201,0.0833,0.196
-0.201,0.0833,0.196
-0.201,0.0831,0.196
-0.201,0.0831,0.196
-0.201,0.0829,0.196
-0.201,0.0829,0.196
-0.2,0.0828,0.196
-0.2,0.0828,0.196
-0.2,0.0826,0.196
-0.2,0.0826,0.196
-0.199,0.0825,0.196
-0.199,0.0825,0.196
-0.199,0.0823,0.195
-0.199,0.0823,0.195
-0.199,0.0822,0.195
-0.199,0.0822,0.195
-0.198,0.082,0.195
-0.198,0.082,0.195
-0.198,0.0818,0.195
-0.198,0.0818,0.195
-0.197,0.0817,0.195
-0.197,0.0817,0.195
-0.197,0.0815,0.195
-0.197,0.0815,0.195
-0.196,0.0814,0.195
-0.196,0.0814,0.195
-0.196,0.0812,0.195
-0.196,0.0812,0.195
-0.196,0.081,0.194
-0.196,0.081,0.194
-0.195,0.0809,0.194
-0.195,0.0809,0.194
-0.195,0.0807,0.194
-0.195,0.0807,0.194
-0.194,0.0805,0.194
-0.194,0.0805,0.194
-0.194,0.0804,0.194
-0.194,0.0804,0.194
-0.194,0.0802,0.194
-0.194,0.0802,0.194
-0.193,0.08,0.194
-0.193,0.08,0.194
-0.193,0.0799,0.194
-0.193,0.0799,0.194
-0.192,0.0797,0.193
-0.192,0.0797,0.193
-0.192,0.0796,0.193
-0.192,0.0796,0.193
-0.192,0.0794,0.193
-0.192,0.0794,0.193
-0.191,0.0792,0.193
-0.191,0.0792,0.193
-0.191,0.0791,0.193
-0.191,0.0791,0.193
-0.19,0.0789,0.193
-0.19,0.0789,0.193
-0.19,0.0787,0.193
-0.19,0.0787,0.193
-0.19,0.0786,0.193
-0.19,0.0786,0.193
-0.189,0.0784,0.193
-0.189,0.0784,0.193
-0.189,0.0782,0.192
-0.189,0.0782,0.192
-0.188,0.0781,0.192
-0.188,0.0781,0.192
-0.188,0.0779,0.192
-0.188,0.0779,0.192
-0.188,0.0777,0.192
-0.188,0.0777,0.192
-0.187,0.0776,0.192
-0.187,0.0776,0.192
-0.187,0.0774,0.192
-0.187,0.0774,0.192
-0.186,0.0772,0.192
-0.186,0.0772,0.192
-0.186,0.077,0.192
-0.186,0.077,0.192
-0.186,0.0769,0.191
-0.186,0.0769,0.191
-0.185,0.0767,0.191
-0.185,0.0767,0.191
-0.185,0.0765,0.191
-0.185,0.0765,0.191
-0.184,0.0764,0.191
-0.184,0.0764,0.191
-0.184,0.0762,0.191
-0.184,0.0762,0.191
-0.184,0.076,0.191
-0.184,0.076,0.191
-0.183,0.0758,0.191
-0.183,0.0758,0.191
-0.183,0.0757,0.191
-0.183,0.0757,0.191
-0.182,0.0755,0.191
-0.182,0.0755,0.191
-0.182,0.0753,0.19
-0.182,0.0753,0.19
-0.182,0.0752,0.19
-0.182,0.0752,0.19
-0.181,0.075,0.19
-0.181,0.075,0.19
-0.181,0.0748,0.19
-0.181,0.0748,0.19
-0.18,0.0746,0.19
-0.18,0.0746,0.19
-0.18,0.0745,0.19
-0.18,0.0745,0.19
-0.18,0.0743,0.19
-0.18,0.0743,0.19
-0.179,0.0741,0.19
-0.179,0.0741,0.19
-0.179,0.0739,0.189
-0.179,0.0739,0.189
-0.178,0.0738,0.189
-0.178,0.0738,0.189
-0.178,0.0736,0.189
-0.178,0.0736,0.189
-0.178,0.0734,0.189
-0.178,0.0734,0.189
-0.177,0.0732,0.189
-0.177,0.0732,0.189
-0.177,0.0731,0.189
-0.177,0.0731,0.189
-0.177,0.0729,0.189
-0.177,0.0729,0.189
-0.176,0.0727,0.189
-0.176,0.0727,0.189
-0.176,0.0725,0.189
-0.176,0.0725,0.189
-0.175,0.0724,0.188
-0.175,0.0724,0.188
-0.175,0.0722,0.188
-0.175,0.0722,0.188
-0.175,0.072,0.188
-0.175,0.072,0.188
-0.174,0.0718,0.188
-0.174,0.0718,0.188
-0.174,0.0717,0.188
-0.174,0.0717,0.188
-0.173,0.0715,0.188
-0.173,0.0715,0.188
-0.173,0.0713,0.188
-0.173,0.0713,0.188
-0.173,0.0711,0.188
-0.173,0.0711,0.188
-0.172,0.0709,0.188
-0.172,0.0709,0.188
-0.172,0.0708,0.187
-0.172,0.0708,0.187
-0.172,0.0706,0.187
-0.172,0.0706,0.187
-0.171,0.0704,0.187
-0.171,0.0704,0.187
-0.171,0.0702,0.187
-0.171,0.0702,0.187
-0.17,0.07,0.187
-0.17,0.07,0.187
-0.17,0.0699,0.187
-0.17,0.0699,0.187
-0.17,0.0697,0.187
-0.17,0.0697,0.187
-0.169,0.0695,0.187
-0.169,0.0695,0.187
-0.169,0.0693,0.186
-0.169,0.0693,0.186
-0.169,0.0691,0.186
-0.169,0.0691,0.186
-0.168,0.069,0.186
-0.168,0.069,0.186
-0.168,0.0688,0.186
-0.168,0.0688,0.186
-0.167,0.0686,0.186
-0.167,0.0686,0.186
-0.167,0.0684,0.186
-0.167,0.0684,0.186
-0.167,0.0682,0.186
-0.167,0.0682,0.186
-0.166,0.0681,0.186
-0.166,0.0681,0.186
-0.166,0.0679,0.186
-0.166,0.0679,0.186
-0.166,0.0677,0.185
-0.166,0.0677,0.185
-0.165,0.0675,0.185
-0.165,0.0675,0.185
-0.165,0.0673,0.185
-0.165,0.0673,0.185
-0.164,0.0672,0.185
-0.164,0.0672,0.185
-0.164,0.067,0.185
-0.164,0.067,0.185
-0.164,0.0668,0.185
-0.164,0.0668,0.185
-0.163,0.0666,0.185
-0.163,0.0666,0.185
-0.163,0.0664,0.185
-0.163,0.0664,0.185
-0.163,0.0662,0.185
-0.163,0.0662,0.185
-0.162,0.0661,0.184
-0.162,0.0661,0.184
-0.162,0.0659,0.184
-0.162,0.0659,0.184
-0.162,0.0657,0.184
-0.162,0.0657,0.184
-0.161,0.0655,0.184
-0.161,0.0655,0.184
-0.161,0.0653,0.184
-0.161,0.0653,0.184
-0.16,0.0651,0.184
-0.16,0.0651,0.184
-0.16,0.065,0.184
-0.16,0.065,0.184
-0.16,0.0648,0.184
-0.16,0.0648,0.184
-0.159,0.0646,0.184
-0.159,0.0646,0.184
-0.159,0.0644,0.184
-0.159,0.0644,0.184
-0.159,0.0642,0.183
-0.159,0.0642,0.183
-0.158,0.064,0.183
-0.158,0.064,0.183
-0.158,0.0639,0.183
-0.158,0.0639,0.183
-0.157,0.0637,0.183
-0.157,0.0637,0.183
-0.157,0.0635,0.183
-0.157,0.0635,0.183
-0.157,0.0633,0.183
-0.157,0.0633,0.183
-0.156,0.0631,0.183
-0.156,0.0631,0.183
-0.156,0.0629,0.183
-0.156,0.0629,0.183
-0.156,0.0627,0.183
-0.156,0.0627,0.183
-0.155,0.0626,0.182
-0.155,0.0626,0.182
-0.155,0.0624,0.182
-0.155,0.0624,0.182
-0.155,0.0622,0.182
-0.155,0.0622,0.182
-0.154,0.062,0.182
-0.154,0.062,0.182
-0.154,0.0618,0.182
-0.154,0.0618,0.182
-0.153,0.0616,0.182
-0.153,0.0616,0.182
-0.153,0.0615,0.182
-0.153,0.0615,0.182
-0.153,0.0613,0.182
-0.153,0.0613,0.182
-0.152,0.0611,0.182
-0.152,0.0611,0.182
-0.152,0.0609,0.181
-0.152,0.0609,0.181
-0.152,0.0607,0.181
-0.152,0.0607,0.181
-0.151,0.0605,0.181
-0.151,0.0605,0.181
-0.151,0.0603,0.181
-0.151,0.0603,0.181
-0.151,0.0602,0.181
-0.151,0.0602,0.181
-0.15,0.06,0.181
-0.15,0.06,0.181
-0.15,0.0598,0.181
-0.15,0.0598,0.181
-0.15,0.0596,0.181
-0.15,0.0596,0.181
-0.149,0.0594,0.181
-0.149,0.0594,0.181
-0.149,0.0592,0.181
-0.149,0.0592,0.181
-0.148,0.059,0.18
-0.148,0.059,0.18
-0.148,0.0589,0.18
-0.148,0.0589,0.18
-0.148,0.0587,0.18
-0.148,0.0587,0.18
-0.147,0.0585,0.18
-0.147,0.0585,0.18
-0.147,0.0583,0.18
-0.147,0.0583,0.18
-0.147,0.0581,0.18
-0.147,0.0581,0.18
-0.146,0.0579,0.18
-0.146,0.0579,0.18
-0.146,0.0577,0.18
-0.146,0.0577,0.18
-0.146,0.0575,0.18
-0.146,0.0575,0.18
-0.145,0.0574,0.18
-0.145,0.0574,0.18
-0.145,0.0572,0.179
-0.145,0.0572,0.179
-0.145,0.057,0.179
-0.145,0.057,0.179
-0.144,0.0568,0.179
-0.144,0.0568,0.179
-0.144,0.0566,0.179
-0.144,0.0566,0.179
-0.143,0.0564,0.179
-0.143,0.0564,0.179
-0.143,0.0562,0.179
-0.143,0.0562,0.179
-0.143,0.0561,0.179
-0.143,0.0561,0.179
-0.142,0.0559,0.179
-0.142,0.0559,0.179
-0.142,0.0557,0.179
-0.142,0.0557,0.179
-0.142,0.0555,0.179
-0.142,0.0555,0.179
-0.141,0.0553,0.178
-0.141,0.0553,0.178
-0.141,0.0551,0.178
-0.141,0.0551,0.178
-0.141,0.0549,0.178
-0.141,0.0549,0.178
-0.14,0.0548,0.178
-0.14,0.0548,0.178
-0.14,0.0546,0.178
-0.14,0.0546,0.178
-0.14,0.0544,0.178
-0.14,0.0544,0.178
-0.139,0.0542,0.178
-0.139,0.0542,0.178
-0.139,0.054,0.178
-0.139,0.054,0.178
-0.139,0.0538,0.178
-0.139,0.0538,0.178
-0.138,0.0536,0.178
-0.138,0.0536,0.178
-0.138,0.0535,0.177
-0.138,0.0535,0.177
-0.137,0.0533,0.177
-0.137,0.0533,0.177
-0.137,0.0531,0.177
-0.137,0.0531,0.177
-0.137,0.0529,0.177
-0.137,0.0529,0.177
-0.136,0.0527,0.177
-0.136,0.0527,0.177
-0.136,0.0525,0.177
-0.136,0.0525,0.177
-0.136,0.0523,0.177
-0.136,0.0523,0.177
-0.135,0.0522,0.177
-0.135,0.0522,0.177
-0.135,0.052,0.177
-0.135,0.052,0.177
-0.135,0.0518,0.177
-0.135,0.0518,0.177
-0.134,0.0516,0.176
-0.134,0.0516,0.176
-0.134,0.0514,0.176
-0.134,0.0514,0.176
-0.134,0.0512,0.176
-0.134,0.0512,0.176
-0.133,0.051,0.176
-0.133,0.051,0.176
-0.133,0.0509,0.176
-0.133,0.0509,0.176
-0.133,0.0507,0.176
-0.133,0.0507,0.176
-0.132,0.0505,0.176
-0.132,0.0505,0.176
-0.132,0.0503,0.176
-0.132,0.0503,0.176
-0.131,0.0501,0.176
-0.131,0.0501,0.176
-0.131,0.0499,0.176
-0.131,0.0499,0.176
-0.131,0.0498,0.176
-0.131,0.0498,0.176
-0.13,0.0496,0.175
-0.13,0.0496,0.175
-0.13,0.0494,0.175
-0.13,0.0494,0.175
-0.13,0.0492,0.175
-0.13,0.0492,0.175
-0.129,0.049,0.175
-0.129,0.049,0.175
-0.129,0.0488,0.175
-0.129,0.0488,0.175
-0.129,0.0487,0.175
-0.129,0.0487,0.175
-0.128,0.0485,0.175
-0.128,0.0485,0.175
-0.128,0.0483,0.175
-0.128,0.0483,0.175
-0.128,0.0481,0.175
-0.128,0.0481,0.175
-0.127,0.0479,0.175
-0.127,0.0479,0.175
-0.127,0.0477,0.175
-0.127,0.0477,0.175
-0.127,0.0476,0.174
-0.127,0.0476,0.174
-0.126,0.0474,0.174
-0.126,0.0474,0.174
-0.126,0.0472,0.174
-0.126,0.0472,0.174
-0.126,0.047,0.174
-0.126,0.047,0.174
-0.125,0.0468,0.174
-0.125,0.0468,0.174
-0.125,0.0466,0.174
-0.125,0.0466,0.174
-0.124,0.0465,0.174
-0.124,0.0465,0.174
-0.124,0.0463,0.174
-0.124,0.0463,0.174
-0.124,0.0461,0.174
-0.124,0.0461,0.174
-0.123,0.0459,0.174
-0.123,0.0459,0.174
-0.123,0.0457,0.174
-0.123,0.0457,0.174
-0.123,0.0456,0.173
-0.123,0.0456,0.173
-0.122,0.0454,0.173
-0.122,0.0454,0.173
-0.122,0.0452,0.173
-0.122,0.0452,0.173
-0.122,0.045,0.173
-0.122,0.045,0.173
-0.121,0.0448,0.173
-0.121,0.0448,0.173
-0.121,0.0446,0.173
-0.121,0.0446,0.173
-0.121,0.0445,0.173
-0.121,0.0445,0.173
-0.12,0.0443,0.173
-0.12,0.0443,0.173
-0.12,0.0441,0.173
-0.12,0.0441,0.173
-0.12,0.0439,0.173
-0.12,0.0439,0.173
-0.119,0.0437,0.173
-0.119,0.0437,0.173
-0.119,0.0436,0.173
-0.119,0.0436,0.173
-0.118,0.0434,0.172
-0.118,0.0434,0.172
-0.118,0.0432,0.172
-0.118,0.0432,0.172
-0.118,0.043,0.172
-0.118,0.043,0.172
-0.117,0.0429,0.172
-0.117,0.0429,0.172
-0.117,0.0427,0.172
-0.117,0.0427,0.172
-0.117,0.0425,0.172
-0.117,0.0425,0.172
-0.116,0.0423,0.172
-0.116,0.0423,0.172
-0.116,0.0421,0.172
-0.116,0.0421,0.172
-0.116,0.042,0.172
-0.116,0.042,0.172
-0.115,0.0418,0.172
-0.115,0.0418,0.172
-0.115,0.0416,0.172
-0.115,0.0416,0.172
-0.115,0.0414,0.172
-0.115,0.0414,0.172
-0.114,0.0413,0.171
-0.114,0.0413,0.171
-0.114,0.0411,0.171
-0.114,0.0411,0.171
-0.114,0.0409,0.171
-0.114,0.0409,0.171
-0.113,0.0407,0.171
-0.113,0.0407,0.171
-0.113,0.0405,0.171
-0.113,0.0405,0.171
-0.112,0.0404,0.171
-0.112,0.0404,0.171
-0.112,0.0402,0.171
-0.112,0.0402,0.171
-0.112,0.04,0.171
-0.112,0.04,0.171
-0.111,0.0398,0.171
-0.111,0.0398,0.171
-0.111,0.0397,0.171
-0.111,0.0397,0.171
-0.111,0.0395,0.171
-0.111,0.0395,0.171
-0.11,0.0393,0.171
-0.11,0.0393,0.171
-0.11,0.0392,0.171
-0.11,0.0392,0.171
-0.11,0.039,0.17
-0.11,0.039,0.17
-0.109,0.0388,0.17
-0.109,0.0388,0.17
-0.109,0.0386,0.17
-0.109,0.0386,0.17
-0.109,0.0385,0.17
-0.109,0.0385,0.17
-0.108,0.0383,0.17
-0.108,0.0383,0.17
-0.108,0.0381,0.17
-0.108,0.0381,0.17
-0.107,0.0379,0.17
-0.107,0.0379,0.17
-0.107,0.0378,0.17
-0.107,0.0378,0.17
-0.107,0.0376,0.17
-0.107,0.0376,0.17
-0.106,0.0374,0.17
-0.106,0.0374,0.17
-0.106,0.0373,0.17
-0.106,0.0373,0.17
-0.106,0.0371,0.17
-0.106,0.0371,0.17
-0.105,0.0369,0.17
-0.105,0.0369,0.17
-0.105,0.0367,0.169
-0.105,0.0367,0.169
-0.105,0.0366,0.169
-0.105,0.0366,0.169
-0.104,0.0364,0.169
-0.104,0.0364,0.169
-0.104,0.0362,0.169
-0.104,0.0362,0.169
-0.104,0.0361,0.169
-0.104,0.0361,0.169
-0.103,0.0359,0.169
-0.103,0.0359,0.169
-0.103,0.0357,0.169
-0.103,0.0357,0.169
-0.102,0.0356,0.169
-0.102,0.0356,0.169
-0.102,0.0354,0.169
-0.102,0.0354,0.169
-0.102,0.0352,0.169
-0.102,0.0352,0.169
-0.101,0.0351,0.169
-0.101,0.0351,0.169
-0.101,0.0349,0.169
-0.101,0.0349,0.169
-0.101,0.0347,0.169
-0.101,0.0347,0.169
-0.1,0.0346,0.168
-0.1,0.0346,0.168
-0.1,0.0344,0.168
-0.1,0.0344,0.168
-0.0996,0.0342,0.168
-0.0996,0.0342,0.168
-0.0992,0.0341,0.168
-0.0992,0.0341,0.168
-0.0989,0.0339,0.168
-0.0989,0.0339,0.168
-0.0985,0.0337,0.168
-0.0985,0.0337,0.168
-0.0981,0.0336,0.168
-0.0981,0.0336,0.168
-0.0978,0.0334,0.168
-0.0978,0.0334,0.168
-0.0974,0.0332,0.168
-0.0974,0.0332,0.168
-0.097,0.0331,0.168
-0.097,0.0331,0.168
-0.0967,0.0329,0.168
-0.0967,0.0329,0.168
-0.0963,0.0328,0.168
-0.0963,0.0328,0.168
-0.096,0.0326,0.168
-0.096,0.0326,0.168
-0.0956,0.0324,0.168
-0.0956,0.0324,0.168
-0.0952,0.0323,0.168
-0.0952,0.0323,0.168
-0.0949,0.0321,0.167
-0.0949,0.0321,0.167
-0.0945,0.032,0.167
-0.0945,0.032,0.167
-0.0941,0.0318,0.167
-0.0941,0.0318,0.167
-0.0938,0.0316,0.167
-0.0938,0.0316,0.167
-0.0934,0.0315,0.167
-0.0934,0.0315,0.167
-0.093,0.0313,0.167
-0.093,0.0313,0.167
-0.0927,0.0312,0.167
-0.0927,0.0312,0.167
-0.0923,0.031,0.167
-0.0923,0.031,0.167
-0.0919,0.0308,0.167
-0.0919,0.0308,0.167
-0.0916,0.0307,0.167
-0.0916,0.0307,0.167
-0.0912,0.0305,0.167
-0.0912,0.0305,0.167
-0.0908,0.0304,0.167
-0.0908,0.0304,0.167
-0.0904,0.0302,0.167
-0.0904,0.0302,0.167
-0.0901,0.0301,0.167
-0.0901,0.0301,0.167
-0.0897,0.0299,0.167
-0.0897,0.0299,0.167
-0.0893,0.0297,0.166
-0.0893,0.0297,0.166
-0.089,0.0296,0.166
-0.089,0.0296,0.166
-0.0886,0.0294,0.166
-0.0886,0.0294,0.166
-0.0882,0.0293,0.166
-0.0882,0.0293,0.166
-0.0878,0.0291,0.166
-0.0878,0.0291,0.166
-0.0875,0.029,0.166
-0.0875,0.029,0.166
-0.0871,0.0288,0.166
-0.0871,0.0288,0.166
-0.0867,0.0287,0.166
-0.0867,0.0287,0.166
-0.0863,0.0285,0.166
-0.0863,0.0285,0.166
-0.086,0.0284,0.166
-0.086,0.0284,0.166
-0.0856,0.0282,0.166
-0.0856,0.0282,0.166
-0.0852,0.0281,0.166
-0.0852,0.0281,0.166
-0.0848,0.0279,0.166
-0.0848,0.0279,0.166
-0.0845,0.0278,0.166
-0.0845,0.0278,0.166
-0.0841,0.0276,0.166
-0.0841,0.0276,0.166
-0.0837,0.0275,0.166
-0.0837,0.0275,0.166
-0.0833,0.0273,0.166
-0.0833,0.0273,0.166
-0.083,0.0272,0.165
-0.083,0.0272,0.165
-0.0826,0.027,0.165
-0.0826,0.027,0.165
-0.0822,0.0269,0.165
-0.0822,0.0269,0.165
-0.0818,0.0267,0.165
-0.0818,0.0267,0.165
-0.0814,0.0266,0.165
-0.0814,0.0266,0.165
-0.0811,0.0264,0.165
-0.0811,0.0264,0.165
-0.0807,0.0263,0.165
-0.0807,0.0263,0.165
-0.0803,0.0262,0.165
-0.0803,0.0262,0.165
-0.0799,0.026,0.165
-0.0799,0.026,0.165
-0.0795,0.0259,0.165
-0.0795,0.0259,0.165
-0.0792,0.0257,0.165
-0.0792,0.0257,0.165
-0.0788,0.0256,0.165
-0.0788,0.0256,0.165
-0.0784,0.0254,0.165
-0.0784,0.0254,0.165
-0.078,0.0253,0.165
-0.078,0.0253,0.165
-0.0776,0.0252,0.165
-0.0776,0.0252,0.165
-0.0772,0.025,0.165
-0.0772,0.025,0.165
-0.0769,0.0249,0.165
-0.0769,0.0249,0.165
-0.0765,0.0247,0.165
-0.0765,0.0247,0.165
-0.0761,0.0246,0.165
-0.0761,0.0246,0.165
-0.0757,0.0245,0.164
-0.0757,0.0245,0.164
-0.0753,0.0243,0.164
-0.0753,0.0243,0.164
-0.0749,0.0242,0.164
-0.0749,0.0242,0.164
-0.0745,0.024,0.164
-0.0745,0.024,0.164
-0.0741,0.0239,0.164
-0.0741,0.0239,0.164
-0.0738,0.0238,0.164
-0.0738,0.0238,0.164
-0.0734,0.0236,0.164
-0.0734,0.0236,0.164
-0.073,0.0235,0.164
-0.073,0.0235,0.164
-0.0726,0.0234,0.164
-0.0726,0.0234,0.164
-0.0722,0.0232,0.164
-0.0722,0.0232,0.164
-0.0718,0.0231,0.164
-0.0718,0.0231,0.164
-0.0714,0.023,0.164
-0.0714,0.023,0.164
-0.071,0.0228,0.164
-0.071,0.0228,0.164
-0.0706,0.0227,0.164
-0.0706,0.0227,0.164
-0.0702,0.0226,0.164
-0.0702,0.0226,0.164
-0.0698,0.0224,0.164
-0.0698,0.0224,0.164
-0.0694,0.0223,0.164
-0.0694,0.0223,0.164
-0.069,0.0222,0.164
-0.069,0.0222,0.164
-0.0686,0.022,0.164
-0.0686,0.022,0.164
-0.0682,0.0219,0.164
-0.0682,0.0219,0.164
-0.0678,0.0218,0.164
-0.0678,0.0218,0.164
-0.0674,0.0217,0.164
-0.0674,0.0217,0.164
-0.067,0.0215,0.163
-0.067,0.0215,0.163
-0.0666,0.0214,0.163
-0.0666,0.0214,0.163
-0.0662,0.0213,0.163
-0.0662,0.0213,0.163
-0.0658,0.0212,0.163
-0.0658,0.0212,0.163
-0.0654,0.021,0.163
-0.0654,0.021,0.163
-0.065,0.0209,0.163
-0.065,0.0209,0.163
-0.0646,0.0208,0.163
-0.0646,0.0208,0.163
-0.0642,0.0207,0.163
-0.0642,0.0207,0.163
-0.0638,0.0205,0.163
-0.0638,0.0205,0.163
-0.0634,0.0204,0.163
-0.0634,0.0204,0.163
-0.063,0.0203,0.163
-0.063,0.0203,0.163
-0.0626,0.0202,0.163
-0.0626,0.0202,0.163
-0.0622,0.02,0.163
-0.0622,0.02,0.163
-0.0618,0.0199,0.163
-0.0618,0.0199,0.163
-0.0614,0.0198,0.163
-0.0614,0.0198,0.163
-0.061,0.0197,0.163
-0.061,0.0197,0.163
-0.0606,0.0196,0.163
-0.0606,0.0196,0.163
-0.0602,0.0195,0.163
-0.0602,0.0195,0.163
-0.0598,0.0193,0.163
-0.0598,0.0193,0.163
-0.0593,0.0192,0.163
-0.0593,0.0192,0.163
-0.0589,0.0191,0.163
-0.0589,0.0191,0.163
-0.0585,0.019,0.163
-0.0585,0.019,0.163
-0.0581,0.0189,0.163
-0.0581,0.0189,0.163
-0.0577,0.0188,0.163
-0.0577,0.0188,0.163
-0.0573,0.0187,0.163
-0.0573,0.0187,0.163
-0.0569,0.0185,0.163
-0.0569,0.0185,0.163
-0.0565,0.0184,0.162
-0.0565,0.0184,0.162
-0.056,0.0183,0.162
-0.056,0.0183,0.162
-0.0556,0.0182,0.162
-0.0556,0.0182,0.162
-0.0552,0.0181,0.162
-0.0552,0.0181,0.162
-0.0548,0.018,0.162
-0.0548,0.018,0.162
-0.0544,0.0179,0.162
-0.0544,0.0179,0.162
-0.0539,0.0178,0.162
-0.0539,0.0178,0.162
-0.0535,0.0177,0.162
-0.0535,0.0177,0.162
-0.0531,0.0176,0.162
-0.0531,0.0176,0.162
-0.0527,0.0174,0.162
-0.0527,0.0174,0.162
-0.0523,0.0173,0.162
-0.0523,0.0173,0.162
-0.0518,0.0172,0.162
-0.0518,0.0172,0.162
-0.0514,0.0171,0.162
-0.0514,0.0171,0.162
-0.051,0.017,0.162
-0.051,0.017,0.162
-0.0506,0.0169,0.162
-0.0506,0.0169,0.162
-0.0501,0.0168,0.162
-0.0501,0.0168,0.162
-0.0497,0.0167,0.162
-0.0497,0.0167,0.162
-0.0493,0.0166,0.162
-0.0493,0.0166,0.162
-0.0489,0.0165,0.162
-0.0489,0.0165,0.162
-0.0484,0.0164,0.162
-0.0484,0.0164,0.162
-0.048,0.0163,0.162
-0.048,0.0163,0.162
-0.0476,0.0162,0.162
-0.0476,0.0162,0.162
-0.0471,0.0161,0.162
-0.0471,0.0161,0.162
-0.0467,0.016,0.162
-0.0467,0.016,0.162
-0.0463,0.0159,0.162
-0.0463,0.0159,0.162
-0.0458,0.0158,0.162
-0.0458,0.0158,0.162
-0.0454,0.0157,0.162
-0.0454,0.0157,0.162
-0.045,0.0157,0.162
-0.045,0.0157,0.162
-0.0445,0.0156,0.162
-0.0445,0.0156,0.162
-0.0441,0.0155,0.162
-0.0441,0.0155,0.162
-0.0437,0.0154,0.162
-0.0437,0.0154,0.162
-0.0432,0.0153,0.162
-0.0432,0.0153,0.162
-0.0428,0.0152,0.162
-0.0428,0.0152,0.162
-0.0423,0.0151,0.162
-0.0423,0.0151,0.162
-0.0419,0.015,0.162
-0.0419,0.015,0.162
-0.0415,0.0149,0.162
-0.0415,0.0149,0.162
-0.041,0.0148,0.162
-0.041,0.0148,0.162
-0.0406,0.0147,0.162
-0.0406,0.0147,0.162
-0.0401,0.0147,0.161
-0.0401,0.0147,0.161
-0.0397,0.0146,0.161
-0.0397,0.0146,0.161
-0.0392,0.0145,0.161
-0.0392,0.0145,0.161
-0.0388,0.0144,0.161
-0.0388,0.0144,0.161
-0.0383,0.0143,0.161
-0.0383,0.0143,0.161
-0.0379,0.0142,0.161
-0.0379,0.0142,0.161
-0.0375,0.0142,0.161
-0.0375,0.0142,0.161
-0.037,0.0141,0.161
-0.037,0.0141,0.161
-0.0366,0.014,0.161
-0.0366,0.014,0.161
-0.0361,0.0139,0.161
-0.0361,0.0139,0.161
-0.0356,0.0138,0.161
-0.0356,0.0138,0.161
-0.0352,0.0138,0.161
-0.0352,0.0138,0.161
-0.0347,0.0137,0.161
-0.0347,0.0137,0.161
-0.0343,0.0136,0.161
-0.0343,0.0136,0.161
-0.0338,0.0135,0.161
-0.0338,0.0135,0.161
-0.0334,0.0135,0.161
-0.0334,0.0135,0.161
-0.0329,0.0134,0.161
-0.0329,0.0134,0.161
-0.0325,0.0133,0.161
-0.0325,0.0133,0.161
-0.032,0.0132,0.161
-0.032,0.0132,0.161
-0.0315,0.0132,0.161
-0.0315,0.0132,0.161
-0.0311,0.0131,0.161
-0.0311,0.0131,0.161
-0.0306,0.013,0.161
-0.0306,0.013,0.161
-0.0302,0.013,0.161
-0.0302,0.013,0.161
-0.0297,0.0129,0.161
-0.0297,0.0129,0.161
-0.0292,0.0128,0.161
-0.0292,0.0128,0.161
-0.0288,0.0127,0.161
-0.0288,0.0127,0.161
-0.0283,0.0127,0.161
-0.0283,0.0127,0.161
-0.0278,0.0126,0.161
-0.0278,0.0126,0.161
-0.0274,0.0126,0.161
-0.0274,0.0126,0.161
-0.0269,0.0125,0.161
-0.0269,0.0125,0.161
-0.0264,0.0124,0.161
-0.0264,0.0124,0.161
-0.026,0.0124,0.161
-0.026,0.0124,0.161
-0.0255,0.0123,0.161
-0.0255,0.0123,0.161
-0.025,0.0122,0.161
-0.025,0.0122,0.161
-0.0245,0.0122,0.161
-0.0245,0.0122,0.161
-0.0241,0.0121,0.161
-0.0241,0.0121,0.161
-0.0236,0.0121,0.161
-0.0236,0.0121,0.161
-0.0231,0.012,0.161
-0.0231,0.012,0.161
-0.0226,0.0119,0.161
-0.0226,0.0119,0.161
-0.0222,0.0119,0.161
-0.0222,0.0119,0.161
-0.0217,0.0118,0.161
-0.0217,0.0118,0.161
-0.0212,0.0118,0.161
-0.0212,0.0118,0.161
-0.0207,0.0117,0.161
-0.0207,0.0117,0.161
-0.0202,0.0117,0.161
-0.0202,0.0117,0.161
-0.0197,0.0116,0.161
-0.0197,0.0116,0.161
-0.0193,0.0116,0.161
-0.0193,0.0116,0.161
-0.0188,0.0115,0.161
-0.0188,0.0115,0.161
-0.0183,0.0115,0.161
-0.0183,0.0115,0.161
-0.0178,0.0114,0.161
-0.0178,0.0114,0.161
-0.0173,0.0114,0.161
-0.0173,0.0114,0.161
-0.0168,0.0113,0.161
-0.0168,0.0113,0.161
-0.0163,0.0113,0.161
-0.0163,0.0113,0.161
-0.0158,0.0112,0.161
-0.0158,0.0112,0.161
-0.0154,0.0112,0.161
-0.0154,0.0112,0.161
-0.0149,0.0111,0.161
-0.0149,0.0111,0.161
-0.0144,0.0111,0.161
-0.0144,0.0111,0.161
-0.0139,0.0111,0.161
-0.0139,0.0111,0.161
-0.0134,0.011,0.161
-0.0134,0.011,0.161
-0.0129,0.011,0.161
-0.0129,0.011,0.161
-0.0124,0.0109,0.161
-0.0124,0.0109,0.161
-0.0119,0.0109,0.161
-0.0119,0.0109,0.161
-0.0114,0.0109,0.161
-0.0114,0.0109,0.161
-0.0109,0.0108,0.161
-0.0109,0.0108,0.161
-0.0104,0.0108,0.161
-0.0104,0.0108,0.161
-0.00987,0.0108,0.161
-0.00987,0.0108,0.161
-0.00937,0.0107,0.161
-0.00937,0.0107,0.161
-0.00886,0.0107,0.161
-0.00886,0.0107,0.161
-0.00836,0.0107,0.161
-0.00836,0.0107,0.161
-0.00785,0.0106,0.161
-0.00785,0.0106,0.161
-0.00734,0.0106,0.161
-0.00734,0.0106,0.161
-0.00683,0.0106,0.161
-0.00683,0.0106,0.161
-0.00632,0.0105,0.161
-0.00632,0.0105,0.161
-0.00581,0.0105,0.161
-0.00581,0.0105,0.161
-0.0053,0.0105,0.161
-0.0053,0.0105,0.161
-0.00478,0.0105,0.161
-0.00478,0.0105,0.161
-0.00427,0.0104,0.161
-0.00427,0.0104,0.161
-0.00375,0.0104,0.161
-0.00375,0.0104,0.161
-0.00323,0.0104,0.161
-0.00323,0.0104,0.161
-0.00272,0.0104,0.161
-0.00272,0.0104,0.161
-0.0022,0.0104,0.161
-0.0022,0.0104,0.161
-0.00168,0.0103,0.161
-0.00168,0.0103,0.161
-0.00115,0.0103,0.161
-0.00115,0.0103,0.161
-0.000631,0.0103,0.161
-0.000631,0.0103,0.161
-0.000107,0.0103,0.161
-0.000107,0.0103,0.161
0.000418,0.0103,0.161
0.000418,0.0103,0.161
0.000944,0.0102,0.161
0.000944,0.0102,0.161
0.00147,0.0102,0.161
0.00147,0.0102,0.161
0.002,0.0102,0.161
0.002,0.0102,0.161
0.00253,0.0102,0.162
0.00253,0.0102,0.162
0.00306,0.0102,0.162
0.00306,0.0102,0.162
0.00359,0.0102,0.162
0.00359,0.0102,0.162
0.00412,0.0102,0.162
0.00412,0.0102,0.162
0.00466,0.0102,0.162
0.00466,0.0102,0.162
0.00519,0.0102,0.162
0.00519,0.0102,0.162
0.00573,0.0102,0.162
0.00573,0.0102,0.162
0.00627,0.0101,0.162
0.00627,0.0101,0.162
0.00681,0.0101,0.162
0.00681,0.0101,0.162
0.00735,0.0101,0.162
0.00735,0.0101,0.162
0.00789,0.0101,0.162
0.00789,0.0101,0.162
0.00843,0.0101,0.162
0.00843,0.0101,0.162
0.00897,0.0101,0.162
0.00897,0.0101,0.162
0.00952,0.0101,0.162
0.00952,0.0101,0.162
0.0101,0.0101,0.162
0.0101,0.0101,0.162
0.0106,0.0101,0.162
0.0106,0.0101,0.162
0.0112,0.0101,0.162
0.0112,0.0101,0.162
0.0117,0.0101,0.162
0.0117,0.0101,0.162
0.0123,0.0102,0.162
0.0123,0.0102,0.162
0.0128,0.0102,0.162
0.0128,0.0102,0.162
0.0134,0.0102,0.162
0.0134,0.0102,0.162
0.0139,0.0102,0.162
0.0139,0.0102,0.162
0.0145,0.0102,0.162
0.0145,0.0102,0.162
0.015,0.0102,0.162
0.015,0.0102,0.162
0.0156,0.0102,0.162
0.0156,0.0102,0.162
0.0161,0.0102,0.162
0.0161,0.0102,0.162
0.0167,0.0102,0.162
0.0167,0.0102,0.162
0.0173,0.0102,0.162
0.0173,0.0102,0.162
0.0178,0.0103,0.162
0.0178,0.0103,0.162
0.0184,0.0103,0.162
0.0184,0.0103,0.162
0.019,0.0103,0.162
0.019,0.0103,0.162
0.0195,0.0103,0.162
0.0195,0.0103,0.162
0.0201,0.0103,0.162
0.0201,0.0103,0.162
0.0207,0.0104,0.162
0.0207,0.0104,0.162
0.0212,0.0104,0.162
0.0212,0.0104,0.162
0.0218,0.0104,0.163
0.0218,0.0104,0.163
0.0224,0.0104,0.163
0.0224,0.0104,0.163
0.0229,0.0104,0.163
0.0229,0.0104,0.163
0.0235,0.0105,0.163
0.0235,0.0105,0.163
0.0241,0.0105,0.163
0.0241,0.0105,0.163
0.0247,0.0105,0.163
0.0247,0.0105,0.163
0.0253,0.0106,0.163
0.0253,0.0106,0.163
0.0258,0.0106,0.163
0.0258,0.0106,0.163
0.0264,0.0106,0.163
0.0264,0.0106,0.163
0.027,0.0106,0.163
0.027,0.0106,0.163
0.0276,0.0107,0.163
0.0276,0.0107,0.163
0.0282,0.0107,0.163
0.0282,0.0107,0.163
0.0288,0.0108,0.163
0.0288,0.0108,0.163
0.0293,0.0108,0.163
0.0293,0.0108,0.163
0.0299,0.0108,0.163
0.0299,0.0108,0.163
0.0305,0.0109,0.163
0.0305,0.0109,0.163
0.0311,0.0109,0.163
0.0311,0.0109,0.163
0.0317,0.0109,0.163
0.0317,0.0109,0.163
0.0323,0.011,0.163
0.0323,0.011,0.163
0.0329,0.011,0.163
0.0329,0.011,0.163
0.0335,0.0111,0.163
0.0335,0.0111,0.163
0.0341,0.0111,0.163
0.0341,0.0111,0.163
0.0347,0.0112,0.163
0.0347,0.0112,0.163
0.0353,0.0112,0.163
0.0353,0.0112,0.163
0.0359,0.0113,0.164
0.0359,0.0113,0.164
0.0365,0.0113,0.164
0.0365,0.0113,0.164
0.0371,0.0114,0.164
0.0371,0.0114,0.164
0.0377,0.0114,0.164
0.0377,0.0114,0.164
0.0383,0.0115,0.164
0.0383,0.0115,0.164
0.0389,0.0115,0.164
0.0389,0.0115,0.164
0.0395,0.0116,0.164
0.0395,0.0116,0.164
0.0401,0.0116,0.164
0.0401,0.0116,0.164
0.0408,0.0117,0.164
0.0408,0.0117,0.164
0.0414,0.0117,0.164
0.0414,0.0117,0.164
0.042,0.0118,0.164
0.042,0.0118,0.164
0.0426,0.0119,0.164
0.0426,0.0119,0.164
0.0432,0.0119,0.164
0.0432,0.0119,0.164
0.0439,0.012,0.164
0.0439,0.012,0.164
0.0445,0.0121,0.164
0.0445,0.0121,0.164
0.0451,0.0121,0.164
0.0451,0.0121,0.164
0.0457,0.0122,0.164
0.0457,0.0122,0.164
0.0463,0.0123,0.164
0.0463,0.0123,0.164
0.047,0.0123,0.164
0.047,0.0123,0.164
0.0476,0.0124,0.165
0.0476,0.0124,0.165
0.0482,0.0125,0.165
0.0482,0.0125,0.165
0.0489,0.0125,0.165
0.0489,0.0125,0.165
0.0495,0.0126,0.165
0.0495,0.0126,0.165
0.0501,0.0127,0.165
0.0501,0.0127,0.165
0.0508,0.0128,0.165
0.0508,0.0128,0.165
0.0514,0.0128,0.165
0.0514,0.0128,0.165
0.052,0.0129,0.165
0.052,0.0129,0.165
0.0527,0.013,0.165
0.0527,0.013,0.165
0.0533,0.0131,0.165
0.0533,0.0131,0.165
0.054,0.0132,0.165
0.054,0.0132,0.165
0.0546,0.0132,0.165
0.0546,0.0132,0.165
0.0553,0.0133,0.165
0.0553,0.0133,0.165
0.0559,0.0134,0.165
0.0559,0.0134,0.165
0.0566,0.0135,0.165
0.0566,0.0135,0.165
0.0572,0.0136,0.165
0.0572,0.0136,0.165
0.0579,0.0137,0.166
0.0579,0.0137,0.166
0.0585,0.0138,0.166
0.0585,0.0138,0.166
0.0592,0.0139,0.166
0.0592,0.0139,0.166
0.0598,0.014,0.166
0.0598,0.014,0.166
0.0605,0.014,0.166
0.0605,0.014,0.166
0.0611,0.0141,0.166
0.0611,0.0141,0.166
0.0618,0.0142,0.166
0.0618,0.0142,0.166
0.0625,0.0143,0.166
0.0625,0.0143,0.166
0.0631,0.0144,0.166
0.0631,0.0144,0.166
0.0638,0.0145,0.166
0.0638,0.0145,0.166
0.0645,0.0146,0.166
0.0645,0.0146,0.166
0.0651,0.0147,0.166
0.0651,0.0147,0.166
0.0658,0.0148,0.166
0.0658,0.0148,0.166
0.0665,0.0149,0.166
0.0665,0.0149,0.166
0.0671,0.015,0.167
0.0671,0.015,0.167
0.0678,0.0152,0.167
0.0678,0.0152,0.167
0.0685,0.0153,0.167
0.0685,0.0153,0.167
0.0692,0.0154,0.167
0.0692,0.0154,0.167
0.0698,0.0155,0.167
0.0698,0.0155,0.167
0.0705,0.0156,0.167
0.0705,0.0156,0.167
0.0712,0.0157,0.167
0.0712,0.0157,0.167
0.0719,0.0158,0.167
0.0719,0.0158,0.167
0.0726,0.0159,0.167
0.0726,0.0159,0.167
0.0733,0.0161,0.167
0.0733,0.0161,0.167
0.0739,0.0162,0.167
0.0739,0.0162,0.167
0.0746,0.0163,0.167
0.0746,0.0163,0.167
0.0753,0.0164,0.167
0.0753,0.0164,0.167
0.076,0.0165,0.168
0.076,0.0165,0.168
0.0767,0.0167,0.168
0.0767,0.0167,0.168
0.0774,0.0168,0.168
0.0774,0.0168,0.168
0.0781,0.0169,0.168
0.0781,0.0169,0.168
0.0788,0.017,0.168
0.0788,0.017,0.168
0.0795,0.0172,0.168
0.0795,0.0172,0.168
0.0802,0.0173,0.168
0.0802,0.0173,0.168
0.0809,0.0174,0.168
0.0809,0.0174,0.168
0.0816,0.0176,0.168
0.0816,0.0176,0.168
0.0823,0.0177,0.168
0.0823,0.0177,0.168
0.083,0.0178,0.168
0.083,0.0178,0.168
0.0837,0.018,0.169
0.0837,0.018,0.169
0.0845,0.0181,0.169
0.0845,0.0181,0.169
0.0852,0.0183,0.169
0.0852,0.0183,0.169
0.0859,0.0184,0.169
0.0859,0.0184,0.169
0.0866,0.0185,0.169
0.0866,0.0185,0.169
0.0873,0.0187,0.169
0.0873,0.0187,0.169
0.088,0.0188,0.169
0.088,0.0188,0.169
0.0888,0.019,0.169
0.0888,0.019,0.169
0.0895,0.0191,0.169
0.0895,0.0191,0.169
0.0902,0.0193,0.169
0.0902,0.0193,0.169
0.0909,0.0194,0.169
0.0909,0.0194,0.169
0.0917,0.0196,0.17
0.0917,0.0196,0.17
0.0924,0.0197,0.17
0.0924,0.0197,0.17
0.0931,0.0199,0.17
0.0931,0.0199,0.17
0.0938,0.02,0.17
0.0938,0.02,0.17
0.0946,0.0202,0.17
0.0946,0.0202,0.17
0.0953,0.0203,0.17
0.0953,0.0203,0.17
0.0961,0.0205,0.17
0.0961,0.0205,0.17
0.0968,0.0207,0.17
0.0968,0.0207,0.17
0.0975,0.0208,0.17
0.0975,0.0208,0.17
0.0983,0.021,0.17
0.0983,0.021,0.17
0.099,0.0211,0.17
0.099,0.0211,0.17
0.0998,0.0213,0.171
0.0998,0.0213,0.171
0.101,0.0215,0.171
0.101,0.0215,0.171
0.101,0.0216,0.171
0.101,0.0216,0.171
0.102,0.0218,0.171
0.102,0.0218,0.171
0.103,0.022,0.171
0.103,0.022,0.171
0.104,0.0222,0.171
0.104,0.0222,0.171
0.104,0.0223,0.171
0.104,0.0223,0.171
0.105,0.0225,0.171
0.105,0.0225,0.171
0.106,0.0227,0.171
0.106,0.0227,0.171
0.107,0.0229,0.172
0.107,0.0229,0.172
0.107,0.023,0.172
0.107,0.023,0.172
0.108,0.0232,0.172
0.108,0.0232,0.172
0.109,0.0234,0.172
0.109,0.0234,0.172
0.11,0.0236,0.172
0.11,0.0236,0.172
0.11,0.0238,0.172
0.11,0.0238,0.172
0.111,0.024,0.172
0.111,0.024,0.172
0.112,0.0242,0.172
0.112,0.0242,0.172
0.113,0.0243,0.172
0.113,0.0243,0.172
0.113,0.0245,0.172
0.113,0.0245,0.172
0.114,0.0247,0.173
0.114,0.0247,0.173
0.115,0.0249,0.173
0.115,0.0249,0.173
0.116,0.0251,0.173
0.116,0.0251,0.173
0.117,0.0253,0.173
0.117,0.0253,0.173
0.117,0.0255,0.173
0.117,0.0255,0.173
0.118,0.0257,0.173
0.118,0.0257,0.173
0.119,0.0259,0.173
0.119,0.0259,0.173
0.12,0.0261,0.173
0.12,0.0261,0.173
0.121,0.0263,0.174
0.121,0.0263,0.174
0.121,0.0265,0.174
0.121,0.0265,0.174
0.122,0.0267,0.174
0.122,0.0267,0.174
0.123,0.0269,0.174
0.123,0.0269,0.174
0.124,0.0271,0.174
0.124,0.0271,0.174
0.125,0.0273,0.174
0.125,0.0273,0.174
0.125,0.0276,0.174
0.125,0.0276,0.174
0.126,0.0278,0.174
0.126,0.0278,0.174
0.127,0.028,0.174
0.127,0.028,0.174
0.128,0.0282,0.175
0.128,0.0282,0.175
0.129,0.0284,0.175
0.129,0.0284,0.175
0.129,0.0286,0.175
0.129,0.0286,0.175
0.13,0.0289,0.175
0.13,0.0289,0.175
0.131,0.0291,0.175
0.131,0.0291,0.175
0.132,0.0293,0.175
0.132,0.0293,0.175
0.133,0.0295,0.175
0.133,0.0295,0.175
0.134,0.0298,0.175
0.134,0.0298,0.175
0.134,0.03,0.176
0.134,0.03,0.176
0.135,0.0302,0.176
0.135,0.0302,0.176
0.136,0.0305,0.176
0.136,0.0305,0.176
0.137,0.0307,0.176
0.137,0.0307,0.176
0.138,0.0309,0.176
0.138,0.0309,0.176
0.138,0.0312,0.176
0.138,0.0312,0.176
0.139,0.0314,0.176
0.139,0.0314,0.176
0.14,0.0316,0.176
0.14,0.0316,0.176
0.141,0.0319,0.177
0.141,0.0319,0.177
0.142,0.0321,0.177
0.142,0.0321,0.177
0.143,0.0324,0.177
0.143,0.0324,0.177
0.144,0.0326,0.177
0.144,0.0326,0.177
0.144,0.0328,0.177
0.144,0.0328,0.177
0.145,0.0331,0.177
0.145,0.0331,0.177
0.146,0.0333,0.177
0.146,0.0333,0.177
0.147,0.0336,0.178
0.147,0.0336,0.178
0.148,0.0338,0.178
0.148,0.0338,0.178
0.149,0.0341,0.178
0.149,0.0341,0.178
0.149,0.0344,0.178
0.149,0.0344,0.178
0.15,0.0346,0.178
0.15,0.0346,0.178
0.151,0.0349,0.178
0.151,0.0349,0.178
0.152,0.0351,0.178
0.152,0.0351,0.178
0.153,0.0354,0.179
0.153,0.0354,0.179
0.154,0.0357,0.179
0.154,0.0357,0.179
0.155,0.0359,0.179
0.155,0.0359,0.179
0.156,0.0362,0.179
0.156,0.0362,0.179
0.156,0.0364,0.179
0.156,0.0364,0.179
0.157,0.0367,0.179
0.157,0.0367,0.179
0.158,0.037,0.179
0.158,0.037,0.179
0.159,0.0373,0.18
0.159,0.0373,0.18
0.16,0.0375,0.18
0.16,0.0375,0.18
0.161,0.0378,0.18
0.161,0.0378,0.18
0.162,0.0381,0.18
0.162,0.0381,0.18
0.163,0.0384,0.18
0.163,0.0384,0.18
0.163,0.0386,0.18
0.163,0.0386,0.18
0.164,0.0389,0.18
0.164,0.0389,0.18
0.165,0.0392,0.181
0.165,0.0392,0.181
0.166,0.0395,0.181
0.166,0.0395,0.181
0.167,0.0398,0.181
0.167,0.0398,0.181
0.168,0.0401,0.181
0.168,0.0401,0.181
0.169,0.0404,0.181
0.169,0.0404,0.181
0.17,0.0406,0.181
0.17,0.0406,0.181
0.171,0.0409,0.181
0.171,0.0409,0.181
0.172,0.0412,0.182
0.172,0.0412,0.182
0.172,0.0415,0.182
0.172,0.0415,0.182
0.173,0.0418,0.182
0.173,0.0418,0.182
0.174,0.0421,0.182
0.174,0.0421,0.182
0.175,0.0424,0.182
0.175,0.0424,0.182
0.176,0.0427,0.182
0.176,0.0427,0.182
0.177,0.043,0.183
0.177,0.043,0.183
0.178,0.0433,0.183
0.178,0.0433,0.183
0.179,0.0436,0.183
0.179,0.0436,0.183
0.18,0.0439,0.183
0.18,0.0439,0.183
0.181,0.0443,0.183
0.181,0.0443,0.183
0.182,0.0446,0.183
0.182,0.0446,0.183
0.183,0.0449,0.184
0.183,0.0449,0.184
0.184,0.0452,0.184
0.184,0.0452,0.184
0.184,0.0455,0.184
0.184,0.0455,0.184
0.185,0.0458,0.184
0.185,0.0458,0.184
0.186,0.0462,0.184
0.186,0.0462,0.184
0.187,0.0465,0.184
0.187,0.0465,0.184
0.188,0.0468,0.185
0.188,0.0468,0.185
0.189,0.0471,0.185
0.189,0.0471,0.185
0.19,0.0474,0.185
0.19,0.0474,0.185
0.191,0.0478,0.185
0.191,0.0478,0.185
0.192,0.0481,0.185
0.192,0.0481,0.185
0.193,0.0484,0.185
0.193,0.0484,0.185
0.194,0.0488,0.186
0.194,0.0488,0.186
0.195,0.0491,0.186
0.195,0.0491,0.186
0.196,0.0494,0.186
0.196,0.0494,0.186
0.197,0.0498,0.186
0.197,0.0498,0.186
0.198,0.0501,0.186
0.198,0.0501,0.186
0.199,0.0505,0.186
0.199,0.0505,0.186
0.2,0.0508,0.187
0.2,0.0508,0.187
0.201,0.0511,0.187
0.201,0.0511,0.187
0.202,0.0515,0.187
0.202,0.0515,0.187
0.203,0.0518,0.187
0.203,0.0518,0.187
0.204,0.0522,0.187
0.204,0.0522,0.187
0.205,0.0525,0.187
0.205,0.0525,0.187
0.206,0.0529,0.188
0.206,0.0529,0.188
0.207,0.0532,0.188
0.207,0.0532,0.188
0.207,0.0536,0.188
0.207,0.0536,0.188
0.208,0.054,0.188
0.208,0.054,0.188
0.209,0.0543,0.188
0.209,0.0543,0.188
